country,quantile,conso_2020,conso_2021,conso_2022,conso_2023,conso_2024,conso_2025,conso_2026,conso_2027,conso_2028,conso_2029,conso_2030,conso_2031,conso_2032,conso_2033,conso_2034,conso_2035,conso_2036,conso_2037,conso_2038,conso_2039,conso_2040,conso_2041,conso_2042,conso_2043,conso_2044,conso_2045,conso_2046,conso_2047,conso_2048,conso_2049,conso_2050,conso_2051,conso_2052,conso_2053,conso_2054,conso_2055,conso_2056,conso_2057,conso_2058,conso_2059,conso_2060,conso_2061,conso_2062,conso_2063,conso_2064,conso_2065,conso_2066,conso_2067,conso_2068,conso_2069,conso_2070,conso_2071,conso_2072,conso_2073,conso_2074,conso_2075,conso_2076,conso_2077,conso_2078,conso_2079,conso_2080,conso_2081,conso_2082,conso_2083,conso_2084,conso_2085,conso_2086,conso_2087,conso_2088,conso_2089,conso_2090,conso_2091,conso_2092,conso_2093,conso_2094,conso_2095,conso_2096,conso_2097,conso_2098,conso_2099,conso_2100,tax_2020,tax_2021,tax_2022,tax_2023,tax_2024,tax_2025,tax_2026,tax_2027,tax_2028,tax_2029,tax_2030,tax_2031,tax_2032,tax_2033,tax_2034,tax_2035,tax_2036,tax_2037,tax_2038,tax_2039,tax_2040,tax_2041,tax_2042,tax_2043,tax_2044,tax_2045,tax_2046,tax_2047,tax_2048,tax_2049,tax_2050,tax_2051,tax_2052,tax_2053,tax_2054,tax_2055,tax_2056,tax_2057,tax_2058,tax_2059,tax_2060,tax_2061,tax_2062,tax_2063,tax_2064,tax_2065,tax_2066,tax_2067,tax_2068,tax_2069,tax_2070,tax_2071,tax_2072,tax_2073,tax_2074,tax_2075,tax_2076,tax_2077,tax_2078,tax_2079,tax_2080,tax_2081,tax_2082,tax_2083,tax_2084,tax_2085,tax_2086,tax_2087,tax_2088,tax_2089,tax_2090,tax_2091,tax_2092,tax_2093,tax_2094,tax_2095,tax_2096,tax_2097,tax_2098,tax_2099,tax_2100
BRA,First,1.0304582617336955,1.0343487280245365,1.0365181506967764,1.0390108316323796,1.042878095447477,1.0481910689554694,1.054287028135772,1.0607055376814918,1.067998564356134,1.0761467682006303,1.08534061580304,1.0949679212814778,1.1049809346950035,1.1166206308053854,1.1285715298826675,1.1412443254065008,1.1542811733510172,1.1678562617794563,1.1825047007577754,1.1981788590333435,1.2150459750936577,1.23235910087554,1.250092070441331,1.268481190746524,1.2874633070131807,1.3068069580519668,1.325950721033701,1.3453758212878557,1.3657377708884078,1.3875251365005894,1.4108780746119445,1.4346967835085238,1.4588781180803307,1.483819755448823,1.5093216352214287,1.535102106311358,1.560449079029362,1.5861253682126941,1.6127683518826086,1.640179803749163,1.668711540272153,1.6978538903389946,1.7275402337170684,1.7579072807072336,1.7888271207261819,1.8202499278206292,1.851105893477062,1.8816251600182823,1.9126971721089792,1.9448480884755117,1.9783498361171181,2.0122777046658604,2.0465442990259874,2.081370917470668,2.1168829366624595,2.15306118260944,2.1888815071868315,2.2245070431422613,2.2601722349716393,2.295880883694419,2.3318543958616975,2.367504761937536,2.4034805663327474,2.440418103190344,2.478194193876902,2.5168251197062554,2.5550465486609797,2.5929414303900873,2.630908537234661,2.6687528356081907,2.706149231185256,2.7419514071983144,2.777213580013912,2.8132862053843986,2.8510559012997585,2.8899752672336643,2.9281063732571315,2.966086743055582,3.004115085632226,3.041970837060654,3.0791837085395355,5.2905781251919546e-6,5.222913666859665e-6,5.144965730798076e-6,5.07277586340855e-6,5.00659730873012e-6,4.946728994207731e-6,4.892444616458853e-6,4.831199022583527e-6,4.777127761252562e-6,4.7302946450852405e-6,4.690804159133086e-6,4.657931060438122e-6,4.622183088011991e-6,4.607255054322039e-6,4.594673635131046e-6,4.584354635810852e-6,4.575653772159037e-6,4.561859292068962e-6,4.550287082553086e-6,4.540822667909234e-6,4.533419326587786e-6,4.527643342622053e-6,4.518464725889132e-6,4.511279888037266e-6,4.505936552368813e-6,4.502432301784866e-6,4.500300639437891e-6,4.495075976186777e-6,4.4916128763208315e-6,4.489785334242744e-6,4.489545328834718e-6,4.490456831761623e-6,4.488246977816839e-6,4.487510964035196e-6,4.488132018992406e-6,4.490045538477716e-6,4.4928334148210865e-6,4.492785058836572e-6,4.493943413701513e-6,4.496200524605614e-6,4.499518627455809e-6,4.503663786203199e-6,4.50536192823587e-6,4.508088780342714e-6,4.511701033424226e-6,4.516156705609698e-6,4.52132720807627e-6,4.523825969868188e-6,4.527133558691457e-6,4.531162350994208e-6,4.535888965299983e-6,4.540692172823815e-6,4.541573228685263e-6,4.543107957140816e-6,4.545149833019099e-6,4.547705662750329e-6,4.550252480970918e-6,4.549005073684999e-6,4.548194489197559e-6,4.547764706966933e-6,4.547652545076235e-6,4.547461302319577e-6,4.54392209793806e-6,4.540706379151347e-6,4.5377290021157985e-6,4.534917271300821e-6,4.531935941551594e-6,4.525672187465565e-6,4.519614047608519e-6,4.513675512350155e-6,4.5078703584577475e-6,4.501460305734344e-6,4.491945655355152e-6,4.482531391452686e-6,4.473174661960118e-6,4.463840882016107e-6,4.453798738927435e-6,4.441037766298297e-6,4.428287243007652e-6,4.415541531020804e-6,4.402808011665034e-6
BRA,Second,2.1853187858607472,2.197524197253125,2.207187595336964,2.2175654872893285,2.2303070079327187,2.245551048744757,2.2620051197555218,2.279162808657876,2.297988657375839,2.318476256559328,2.340941712245948,2.364132507049041,2.3882158203026123,2.415311989765622,2.4432619537875913,2.4727163710924587,2.5027976606994957,2.5340333313987955,2.5673265417645177,2.6026174600706278,2.6401794900460103,2.6785042973478594,2.717837190622682,2.7586039047439317,2.8007155989539276,2.843821871369047,2.886661632109056,2.930294212938247,2.975792776526761,3.0239239545463135,3.0749171161233733,3.1266689220379784,3.17934040962582,3.2336047293737353,3.2891584878385585,3.3455702995466434,3.4013265240486246,3.4579282228422965,3.5164186914657036,3.576498128957307,3.6387196232471575,3.7018792835181995,3.7662033544343387,3.831957220965393,3.8989476707847275,3.967104813184857,4.03433186256416,4.101325496330471,4.169517681520904,4.2397315267889715,4.312399094152746,4.385603970889578,4.459591136693394,4.5347810629190155,4.611373944172895,4.689349152085932,4.7665637010443485,4.843709955145581,4.9212278835450824,4.999127152927764,5.0777606233509,5.155560667863644,5.2340910227850825,5.3144123609981415,5.39634486277745,5.479921410196963,5.562425556291561,5.644640763716517,5.72725634383691,5.809973868314174,5.892294152518003,5.9715842657619875,6.050221448815551,6.130371380492316,6.21342045855552,6.29853471303238,6.381796082272063,6.465014352570153,6.54856454649225,6.632110332888149,6.714924928411177,5.436469550975438e-5,5.378344760304048e-5,5.311227699014783e-5,5.248915406494314e-5,5.191658938935869e-5,5.139751505933414e-5,5.092593282945196e-5,5.039281026460049e-5,4.992118872214815e-5,4.95119758517161e-5,4.916638259984011e-5,4.8878319239508596e-5,4.8564674443552775e-5,4.8433589135646424e-5,4.832304834882783e-5,4.823233828857442e-5,4.8155829958469215e-5,4.803448983905786e-5,4.793264667477144e-5,4.784931806185603e-5,4.778411053542203e-5,4.773323711984333e-5,4.7652348451398205e-5,4.758901170285342e-5,4.754191893260873e-5,4.751100364334838e-5,4.749222031200265e-5,4.744613195141636e-5,4.741558014865e-5,4.739945731999363e-5,4.739733923899732e-5,4.7405377681970806e-5,4.738589170103376e-5,4.737939666693112e-5,4.7384880282918355e-5,4.7401750609440796e-5,4.742633946797685e-5,4.742591548684213e-5,4.74361402532818e-5,4.745605675310719e-5,4.7485314031496076e-5,4.7521876734382035e-5,4.753684463823368e-5,4.756089118568384e-5,4.759272750967421e-5,4.763201491299864e-5,4.767757476683786e-5,4.769959200917384e-5,4.772873685895383e-5,4.77642364322792e-5,4.780587106061436e-5,4.7848158560323e-5,4.785591873704524e-5,4.7869439351946356e-5,4.788741967007079e-5,4.7909919867885013e-5,4.793234074959041e-5,4.792134858305358e-5,4.7914224576550026e-5,4.7910435892949536e-5,4.7909448416602825e-5,4.79077720206005e-5,4.7876609794217705e-5,4.7848279935751656e-5,4.7822072696373115e-5,4.7797308649635476e-5,4.777103638939758e-5,4.771585965140951e-5,4.766248219137625e-5,4.761014439692919e-5,4.75589724564009e-5,4.750243831718158e-5,4.741851358499537e-5,4.7335446666777235e-5,4.7252862805862754e-5,4.717044748921335e-5,4.7081742095059135e-5,4.69689762719623e-5,4.685624506925032e-5,4.674351415979111e-5,4.663082755685817e-5
BRA,Third,3.0651404960492483,3.0847513231432475,3.101445196945149,3.1191292399459294,3.1398252329684917,3.1637177968142884,3.1890518909774315,3.2154622707392777,3.244074275953829,3.2748926490932746,3.3083103199771666,3.342599370531871,3.3782184427694424,3.4176509246599083,3.458360310911558,3.5011507987160493,3.544735112015991,3.5900063706274317,3.6380396799636774,3.688771666241701,3.742545833011393,3.7972832182295093,3.853539075008172,3.9118109370696788,3.9719967150581965,4.033674796000961,4.095040770930324,4.157660760029735,4.22282186197856,4.291467205245987,4.363884816913377,4.437238602707846,4.512003636755519,4.58897805630134,4.6677966355228415,4.7479363227754385,4.827272851681549,4.907913276548818,4.99110854295704,5.076499107428144,5.1647653618578815,5.254154971770687,5.345224788557146,5.438278826879816,5.533087076731416,5.629567667531744,5.724862874156826,5.820115798561528,5.91704990358959,6.01667636761542,6.119529725905959,6.222951881369215,6.327578400430419,6.433888981788483,6.542135160145278,6.652297131456174,6.761387297904465,6.87063266506726,6.980535438344906,7.091112482695097,7.202804319093994,7.313252636102496,7.424823923578126,7.538782960295623,7.654918705627623,7.773278795457808,7.890035770788081,8.006671224677666,8.12399328632517,8.24164217700055,8.359010885834973,8.472317214998887,8.585040015111364,8.699790645900785,8.818270561588921,8.939472861106161,9.058007604299918,9.176706533909906,9.29599855543169,9.415475819331212,9.534253260105055,0.00015640793500550069,0.00015493730212226745,0.00015323668475417633,0.00015165543107921692,0.00015020039507443635,0.00014887961632672174,0.00014767820400989293,0.000146318364388003,0.0001451138882029721,0.00014406767245473724,0.0001431832626726456,0.0001424455051511174,0.00014164160979996518,0.00014130544046332165,0.00014102185378559872,0.00014078910284283697,0.00014059272002092595,0.00014028122276408284,0.000140019703618557,0.00013980565726190788,0.00013963814182793357,0.00013950742687365793,0.00013929956146841398,0.00013913677481674762,0.00013901568629264086,0.00013893621275327356,0.00013888790380172763,0.00013876941027711592,0.00013869084343689724,0.000138649370693373,0.00013864392553042908,0.0001386646000910134,0.0001386144784714839,0.00013859776566221762,0.00013861188207586953,0.0001386552729528691,0.0001387185119228714,0.00013871742860349675,0.00013874370509875955,0.00013879492492991518,0.00013887015618934396,0.0001389641767797404,0.00013900265247795667,0.00013906446539332338,0.00013914632452037158,0.00013924729259262567,0.00013936439028481461,0.00013942097804157036,0.00013949585844833488,0.00013958707448897593,0.00013969404886100592,0.00013980268580489238,0.00013982262931144896,0.00013985734647943085,0.00013990353718718352,0.00013996134157225222,0.00014001892824937266,0.00013999069113175872,0.00013997238865335118,0.00013996267207314257,0.00013996011481885989,0.00013995581106757,0.00013987577173084874,0.00013980300117810308,0.00013973568386948197,0.00013967206194217966,0.00013960455959707255,0.00013946276516537274,0.00013932559243596323,0.00013919107850338165,0.0001390595316445768,0.00013891418294020174,0.00013869837925292426,0.0001384847442308201,0.00013827229049563828,0.00013806020609159978,0.00013783191369259317,0.00013754161232581763,0.0001372513339652553,0.00013696094782674785,0.00013667057297136976
BRA,Fourth,4.287923063654891,4.318237185048827,4.3452321269963,4.373606957992267,4.405840511827362,4.442178032343274,4.480233616927814,4.519889276943026,4.562469521904643,4.607996991697028,4.656955050340261,4.706971467331213,4.758935863311094,4.8157735322613275,4.874496615539218,4.9360985055932485,4.998710879352439,5.0637537469019405,5.132513763505544,5.204927257866117,5.281425940977163,5.359144746334608,5.4391059802761355,5.521895448999262,5.6073986113973975,5.695108608081288,5.782459738597426,5.87172812650749,5.964462032852354,6.061821262063768,6.164167302962087,6.2676722912763445,6.37328970628623,6.481970389240964,6.5932754711792905,6.706573384643047,6.818890551212439,6.933166174112225,7.05090428470958,7.171674486278912,7.296314664945663,7.422293685352261,7.55067299259428,7.68180464583642,7.815415063180788,7.951410764732237,8.085894427785535,8.220654069089905,8.3577680054493,8.498476494209475,8.643441262735653,8.788982879344953,8.936324997021346,9.086021876733376,9.23838780831637,9.393407021709802,9.54692147856513,9.700942305800153,9.856047438980022,10.012265151704971,10.17015485212164,10.326215013995618,10.483951189534434,10.644878442733411,10.808749442720385,10.975633711520068,11.14015579894143,11.30483621640367,11.470626906331393,11.637095765941728,11.803506265689926,11.964459149612654,12.124981065790047,12.288224504763534,12.456277084740345,12.627926334380197,12.795756983807511,12.964073658189323,13.133370768234071,13.30315736349496,13.472356538310114,0.00044816747167216754,0.0004444179868525398,0.00044007710951011466,0.00043603598438338826,0.0004323131699240649,0.0004289302599998923,0.00042585012519179185,0.0004223603968855925,0.00041926630322425273,0.0004165763178913796,0.00041430066194547634,0.0004124011218774151,0.0004103300069291879,0.0004094635043835783,0.0004087323913444593,0.0004081322060930475,0.0004076257219827485,0.00040682216439523206,0.00040614735762553166,0.00040559497722911036,0.00040516257370950133,0.0004048250928997436,0.00040428846008808665,0.0004038680657821505,0.00040355539989630156,0.0004033501204456741,0.00040322535447423155,0.0004029192649004208,0.0004027163098386428,0.0004026091813383885,0.000402595106050195,0.00040264850862738877,0.0004025190230725737,0.00040247584755848803,0.00040251229405496587,0.0004026244293292285,0.00040278779060794954,0.00040278498002680385,0.00040285285909747576,0.00040298515476642723,0.00040317951941092555,0.0004034223206592343,0.00040352168382586665,0.000403681368275858,0.0004038927360363744,0.0004041534699010219,0.00040445584399319913,0.00040460192633843205,0.00040479525712703576,0.00040503074133790536,0.0004053068909168502,0.00040558727107393994,0.00040563871849039283,0.0004057283656094016,0.00040584755200068776,0.0004059967149861145,0.00040614533698759566,0.0004060724657596597,0.0004060252299363472,0.0004060001710220527,0.00040599357497077233,0.0004059824788938592,0.00040577588273202857,0.0004055881128993656,0.00040541432611790963,0.0004052501097543725,0.000405075857707904,0.00040470982351836993,0.0004043556605910781,0.00040400833063834035,0.0004036685896986055,0.00040329323940286465,0.00040273579107092956,0.0004021838219185742,0.0004016348524541822,0.0004010867454704115,0.00040049663464477317,0.0003997460623656773,0.00039899532772648866,0.00039824419972439297,0.00039749288715773003
BRA,Fifth,5.57346061922051,5.615825706119539,5.654630769175828,5.695206462017153,5.740459635855486,5.79069389207132,5.84287132912982,5.897272396371541,5.955302878786632,6.017003947857532,6.082929397509774,6.150057210193172,6.2198256544390444,6.29537021324467,6.373441161796291,6.455212807069602,6.5381985977593455,6.62445239058117,6.715394876235273,6.8109653731475674,6.911682183049576,7.013857405007378,7.119086680731334,7.227987436515755,7.3404354176764635,7.4558465009767865,7.57084880216196,7.688521831482253,7.810606829354675,7.938470143721841,8.07254390452845,8.207980154857468,8.34632056774594,8.488606552978931,8.634331795107801,8.782765346430322,8.930041426000312,9.080017078691897,9.234382400621294,9.392643659358109,9.555787813489808,9.720450234300095,9.88830773403638,10.059709927504514,10.234346980374886,10.41211466086243,10.588035613633744,10.764649587476308,10.944315888810607,11.128491609914072,11.317959710733184,11.507984769791829,11.700509203968243,11.896085417005132,12.095091014187563,12.297514723970153,12.497973700120271,12.69941015629759,12.902397797480075,13.106980311871098,13.313850071338802,13.518260201374632,13.72500213684489,13.935756194449521,14.150247153603772,14.368567276833225,14.58371226503524,14.799419265980358,15.016705408885977,15.23507325094403,15.453666750760185,15.665377055451241,15.87693923071735,16.091941613877246,16.312837379074335,16.53822659816392,16.758590414098382,16.97988124587181,17.202591631459452,17.426152922525205,17.64931183443782,0.0010224182520215165,0.0010148196124136369,0.0010060131185257914,0.0009978056445400288,0.0009902367990943343,0.0009833524455350178,0.000977078741354705,0.0009699644034171847,0.0009636508895455164,0.0009581575795337791,0.000953507155077093,0.0009496231163181127,0.0009453857730223697,0.0009436123204021938,0.0009421155156051243,0.0009408866222167015,0.0009398493429544133,0.0009382034321039676,0.0009368209458707342,0.0009356890521457097,0.0009348029307465258,0.0009341112338532888,0.0009330111718830126,0.0009321493457539355,0.000931508212473199,0.0009310873208898493,0.0009308314683557409,0.0009302037530313012,0.0009297875103077495,0.0009295678020128775,0.0009295389420210763,0.000929648449108965,0.0009293828858698872,0.0009292943768713259,0.0009293690579841428,0.0009295990898663378,0.0009299341067069308,0.0009299283418833673,0.0009300675555313168,0.0009303389384281253,0.0009307374388007966,0.0009312353758138036,0.0009314391461831422,0.0009317665389103555,0.0009321999182117292,0.0009327344212225413,0.0009333543240632722,0.0009336537582493647,0.000934050032582609,0.0009345327137460582,0.0009350986870913907,0.0009356733210399943,0.0009357787057438313,0.0009359624327512875,0.0009362067067171523,0.0009365123169250776,0.0009368167982463378,0.0009366675395827325,0.000936570729260721,0.0009365193410271692,0.000936505849245158,0.0009364830884854328,0.0009360597950744271,0.0009356749687836033,0.0009353188714763949,0.0009349822788489348,0.0009346251915895366,0.0009338749232122899,0.0009331489709467164,0.0009324368868827078,0.0009317403516778916,0.000930970623066356,0.0009298274749711989,0.0009286953198626539,0.0009275691581123633,0.0009264445605466963,0.0009252335952914343,0.0009236930526193535,0.0009221518735374919,0.0009206094726055677,0.0009190665208486275
BRA,Sixth,7.452553259216476,7.513061692498553,7.569798790541516,7.628878775226889,7.693772723175197,7.764866188237184,7.838179724285191,7.914652899914731,7.995757031680249,8.081562441836292,8.172680855091782,8.265204435803204,8.361400491941238,8.464592786804115,8.571264643375642,8.682829817853913,8.795889186493687,8.913458201826643,9.03710817295054,9.166786882490292,9.30313119756909,9.441252121568104,9.583637907770624,9.73092617658604,9.882983909580837,10.039128456420576,10.19480402156399,10.354284297294818,10.519540243405302,10.692214304339602,10.872832166042251,11.055087942874813,11.241433148553613,11.433006176517532,11.629215037862483,11.829200714709934,12.027795855377862,12.230201278845875,12.438328566931569,12.651604159029594,12.871215886385349,13.092553932375296,13.318261114295185,13.548663353447925,13.783407381483498,14.022376589098952,14.259032940185358,14.497054043184958,14.739145589295937,14.987049411395466,15.241710624873585,15.496877949616858,15.755592659769395,16.018375580300578,16.285690589378127,16.55753614823577,16.82674029589178,17.09766998281006,17.370860137792334,17.646383051304316,17.925155846511153,18.20053224519713,18.479225143472362,18.76310406811461,19.05186060291744,19.345621611205797,19.63499850986537,19.925594008220322,20.218480333863464,20.51307784047715,20.80837557863297,21.09474872301789,21.38146346233857,21.672650205490395,21.97124282133813,22.275603813673403,22.573162185091633,22.872346701657428,23.17362079392638,23.476316532016117,23.778949683794572,0.0025556773632678105,0.0025390029122488948,0.0025196578128595286,0.002501608947128185,0.0024849474818812905,0.0024697786694303225,0.0024559435022087537,0.002440240649284261,0.002426292935459324,0.002414147736717428,0.0024038591017863753,0.002395260979769044,0.0023858758607997743,0.002381946084391782,0.0023786288346176712,0.0023759045991964332,0.0023736050180913114,0.002369955282021663,0.0023668889450363093,0.002364378133715021,0.0023624121546076695,0.0023608775549251388,0.002358436330252655,0.002356523559202325,0.0023551004847102053,0.0023541661816676458,0.0023535981541712007,0.0023522047467562156,0.002351280434960459,0.0023507926966535074,0.0023507285481583606,0.002350971739628594,0.0023503821719901316,0.002350185580974741,0.002350351501724184,0.0023508621636655447,0.002351606102286579,0.0023515932840207075,0.0023519023059260444,0.002352504775672599,0.0023533895471118463,0.002354494814074612,0.0023549471970143133,0.0023556738958037354,0.0023566357075176137,0.0023578221098279274,0.0023591978609456433,0.0023598623918883186,0.0023607417282986757,0.002361812698310355,0.002363068387255872,0.00236434328721234,0.0023645770941251257,0.0023649846796927163,0.002365526435219417,0.0023662044106344125,0.002366879840034604,0.002366548742870037,0.0023663340172978492,0.0023662200381197487,0.002366190228076391,0.0023661396288351725,0.0023652005944343347,0.0023643469408446997,0.0023635569849205806,0.0023628101767048174,0.0023620179468698006,0.0023603531197762075,0.002358742145553329,0.0023571617328015785,0.002355615831880642,0.0023539071583310155,0.00235136918158395,0.0023488554116306037,0.0023463543915020436,0.0023438566805636277,0.0023411664989543227,0.002337743564619425,0.002334318580483554,0.0023308900606400845,0.002327459427493688
BRA,Seventh,9.603342246557013,9.685899384251021,9.764725362993673,9.846512739982833,9.935311880291666,10.0315920114271,10.130311176579195,10.233398938110312,10.342170975191259,10.456727325420353,10.577660540439373,10.700175737926093,10.827620597880333,10.96308079245102,11.103102220421675,11.249349968677972,11.39737594676089,11.551437207575054,11.713123031464992,11.882394142862895,12.060017267080465,12.239721869377501,12.42516697697074,12.616897877601,12.814777620387472,13.018024343493153,13.220723846989646,13.42861977533449,13.64380935518025,13.868226966189162,14.102495138200208,14.338679554206724,14.580403504267998,14.828793967263573,15.083171771842732,15.342550988944401,15.600277190226755,15.863176467298386,16.133278495835643,16.409931094171952,16.694537194715586,16.981022653956632,17.27329083235206,17.571541018069126,17.87538326366359,18.184686684767296,18.491143377672227,18.79985974232706,19.11379084420231,19.43497320955535,19.76452254452662,20.09451005605661,20.429376499898982,20.76945711400554,21.115313394785264,21.4669543304754,21.81516634468925,22.166134960798743,22.520190806862406,22.877453597848874,23.239173798724778,23.59640960519136,23.958226528212222,24.32654400551946,24.70102663467443,25.081844887955334,25.456877798485824,25.834067254500415,26.21439120411912,26.597191976316847,26.981298344304076,27.35420606226516,27.728218225751107,28.107874961998494,28.496612702725976,28.892556325267755,29.27968136527308,29.669412065939394,30.062044697521152,30.456813359768187,30.851996523273147,0.005695066072127386,0.005663274518840159,0.0056263508378070785,0.005591861749596354,0.00555998975059515,0.00553094427169391,0.005504428324381361,0.005474305162716921,0.005447523953879313,0.005424184260764384,0.005404398503285495,0.0053878535101046145,0.005369783614648944,0.005362214301500303,0.005355823123153066,0.005350573465369608,0.0053461415468710055,0.005339105997374068,0.0053331937127824545,0.005328351669597768,0.005324559814857259,0.005321599455225532,0.005316889951981424,0.005313199267646389,0.005310453268690436,0.005308650111568183,0.005307553852138643,0.0053048643288517135,0.005303080445443245,0.005302138845174577,0.005302015059015975,0.0053024846197053995,0.005301346450948419,0.0053009668416356594,0.005301287104485073,0.005302272948149709,0.005303708935094197,0.005303684030114735,0.005304280697271597,0.005305443413754051,0.005307151197980294,0.0053092843777796436,0.005310157183900871,0.005311559657662456,0.005313415751707438,0.005315704813136812,0.005318359050647728,0.0053196411661106426,0.005321337547292881,0.00532340342943267,0.0053258255170895155,0.005328284331742131,0.005328735460149768,0.005329521253015595,0.005330566258851548,0.005331873635339787,0.0053331759455537385,0.005332537645430436,0.005332123407683804,0.005331903650461316,0.005331846050233189,0.005331748693337838,0.0053299378776776015,0.0053282915609307825,0.005326767772456293,0.0053253274589279195,0.005323799259491933,0.005320587790900415,0.005317479852772015,0.0053144307696726895,0.005311447478212244,0.005308150200073678,0.005303251577751373,0.005298399085378508,0.005293570295156107,0.005288746980359524,0.005283551188955022,0.00527693894349033,0.005270321007536177,0.005263695097601419,0.005257063391879515
BRA,Eighth,13.428922858591177,13.551657027588181,13.670986106691336,13.794379074322878,13.926808840090803,14.068886756354011,14.213701006235148,14.365085504229217,14.523974775759857,14.6905251774551,14.865013013002994,15.041530742391377,15.225245474074384,15.418590181765998,15.618442628206218,15.826869417804783,16.03754975118225,16.25701370974908,16.486795004729842,16.72688005150552,16.978260788335596,17.232169988152755,17.494488092826966,17.76554052975368,18.045191283026675,18.33251102265889,18.61916758878733,18.91355221945764,19.217883272650603,19.534580023882548,19.864408930259746,20.196644865952596,20.53704823832963,20.88665952686589,21.244658901309624,21.609873092691267,21.97301364374251,22.343802177184987,22.72437449083301,23.113962257892734,23.51433196945728,23.91669154570068,24.327368630390094,24.74628722265017,25.17301734820316,25.607399604449764,26.03802045984128,26.472592052722803,26.914401865015385,27.365946211914252,27.82861611198808,28.291674356982597,28.76202115050149,29.23961276554447,29.72517140761637,30.21872997761463,30.70743198992348,31.200843486091664,31.69884584222149,32.20168791550536,32.71152117071413,33.214909593660884,33.7251834440445,34.24424761851475,34.771734925199155,35.3078927554488,35.83574128053796,36.3675402485434,36.90401969853874,37.444405703448936,37.98727906035007,38.514986885460345,39.04530188380116,39.58331215242511,40.13325724616267,40.69290122477004,41.24012514577746,41.791801263473495,42.34787513927598,42.907429165328224,43.46837235889092,0.016468562329979442,0.016394062036973623,0.016307425706520565,0.01622639495495735,0.016151420385177785,0.016083016932339777,0.0160205060405489,0.015949415265229853,0.01588614266704847,0.015830948965447775,0.015784120508080562,0.01574493535322295,0.015702110148477447,0.01568416170196485,0.015669003641280477,0.015656549665772904,0.01564603351193855,0.01562933594506301,0.015615300763754896,0.015603804237553903,0.015594799162152801,0.015587768267480184,0.015576580873120825,0.01556781237714401,0.01556128745028102,0.01555700256441059,0.015554397683397636,0.015548005626391494,0.015543765142122214,0.015541527157295535,0.015541233076907732,0.01554234910586649,0.015539643697077209,0.015538741316574579,0.01553950265994449,0.015541845658789613,0.015545258983012507,0.015545200359382208,0.015546618403245505,0.015549381776257105,0.015553440645909756,0.015558509848769048,0.01556058408723151,0.015563916872847383,0.015568326976107227,0.015573765467432108,0.015580070962678246,0.015583116638491289,0.015587145927841757,0.015592052833385656,0.01559780481109012,0.015603644435249356,0.015604715441535695,0.015606581330119659,0.015609062380641085,0.015612166679676699,0.015615258955491979,0.015613743111489315,0.015612759897737274,0.015612238266838021,0.01561210178411532,0.01561187042099234,0.015607570682739038,0.015603661401878629,0.015600043033747051,0.015596622466290802,0.015592992925019415,0.015585365526547039,0.01557798251490649,0.015570738419095098,0.015563650057380744,0.015555814754649934,0.015544172146610167,0.015532637239290896,0.015521155992942856,0.015509685773363485,0.015497327812615473,0.01548159665236468,0.015465848227184619,0.015450076653208347,0.015434287180315762
BRA,Ninth,18.684707198058767,18.866832769142693,19.04689530239873,19.23240205819891,19.429425690482798,19.638737303588133,19.850895763139498,20.073160281041076,20.305113859201,20.546971357665985,20.797717730596965,21.051339699826705,21.315531569302124,21.590208153554155,21.873995257866458,22.169446782896614,22.46769895705156,22.77889104090045,23.10393637924617,23.442853045011365,23.79695276302552,24.153888825234556,24.523206591950558,24.90449889227997,25.297645967813313,25.701553339637396,26.104587371677532,26.51913746819018,26.947102477748444,27.39155014396265,27.853382049976773,28.318291339390598,28.79529064527523,29.284873799741064,29.78603528853784,30.2974090790079,30.806122731762883,31.32619646227117,31.859429741634678,32.40492675280946,32.964960683407185,33.52668601557414,34.10045661017553,34.685425274638135,35.281165310985706,35.887454492032724,36.48867246496909,37.096528013886974,37.71430160373227,38.34502231532723,38.99042238622213,39.63645674484777,40.293539973961444,40.96058218917653,41.63852558653873,42.327436608725925,43.009428912614794,43.69943121981219,44.39606985722645,45.09991884446624,45.81536401969228,46.52163829131619,47.238471207240394,47.96716469481213,48.70733862458909,49.45935654478453,50.19957236832672,50.94683826088328,51.70098127526795,52.46110817331943,53.22550234295473,53.969470020872166,54.71879551471252,55.478629696029216,56.25420697529992,57.04288072901344,57.814286820518724,58.59331291914647,59.378929374429546,60.17004478063734,60.964126215029395,0.04697700850510585,0.04682829724841697,0.04665506250495513,0.04649274611829874,0.04634230786740953,0.046204841927161996,0.046079039342396384,0.04593576174555364,0.04580805453322174,0.04569650841913786,0.045601762500386625,0.04552240671236409,0.045435599709798824,0.045399193726844506,0.04536843607731036,0.04534315851540065,0.04532180752293309,0.04528789734548946,0.04525938481909049,0.045236021923987936,0.045217718712689134,0.045203424850951884,0.04518067683188686,0.045162843342030454,0.04514957035142274,0.04514085325343155,0.04513555323748183,0.045122547307389384,0.04511391826311326,0.045109363080111084,0.04510876454900471,0.04511103567241262,0.04510552980208548,0.04510369322668314,0.045105243038580475,0.0451100119897939,0.045116958397472796,0.045116838699521294,0.045119724264859155,0.04512534784816515,0.045133606478742795,0.04514391996170218,0.04514813939152022,0.04515491948728653,0.04516389002570748,0.045174951371991144,0.04518777355753006,0.04519396644198536,0.04520215943067323,0.045212135726403216,0.04522382805169654,0.04523569673261181,0.04523787339227256,0.045241666077010655,0.04524670798317788,0.045253016436750164,0.04525929938087826,0.04525621928110482,0.0452542214533232,0.04525316139182553,0.04525288336292355,0.045252413406354865,0.04524367651579399,0.045235731090382064,0.04522837753661945,0.04522142490132455,0.045214046898830615,0.04519853955716459,0.04518352680450875,0.04516879432722731,0.045154377270660746,0.04513843733893589,0.0451147464392952,0.04509126829393574,0.04506789421018706,0.045044537012863727,0.04501936432774748,0.04498731146172336,0.04495521131101668,0.044923052890524784,0.04489084671683767
BRA,Tenth,47.6690096865838,48.20432599380334,48.75086717065697,49.30994844382025,49.89223547629117,50.49914608922241,51.107584118845615,51.74848481805387,52.40932931461822,53.09056378343944,53.74632310717221,54.43519632225145,55.15366116748772,55.87857491595382,56.626125695945255,57.40046492964654,58.180461479877806,58.99793404634468,59.84718697902104,60.72780469530391,61.644113629535894,62.5563764600134,63.50408963700137,64.47966724633652,65.48316539598937,66.51329461709157,67.54169940287387,68.60350101265941,69.6949504906719,70.82411852241641,71.99037902928492,73.16928033594796,74.38272669751285,75.62617684591207,76.89671146125869,78.19341866650228,79.48515914660581,80.8100381724684,82.16394242281767,83.5455044758549,84.96189922733996,86.36455157786524,87.8001820109881,89.26029692597797,90.74606855017181,92.25553960696277,93.75197581434854,95.26993364083384,96.81099897421772,98.37891282000365,99.97685579902104,101.5961602624291,103.24765835242367,104.92306713200301,106.6244620230614,108.35210485976974,110.05773991191411,111.79407600092748,113.54628999030507,115.32333374538318,117.18902823358692,119.03068601814661,120.90573694712951,122.80878475873467,124.73960522206967,126.6992571548704,128.6280432713867,130.5846221792907,132.56068970639348,134.5550291413833,136.56470699423397,138.52690093570897,140.5136729255918,142.5261251214247,144.57387303050496,146.65278878558325,148.68864482561034,150.7531302971931,152.83715506838402,154.9389814974238,157.05427430602816,0.9266170367971853,0.926902182020862,0.9272339189823467,0.9275443292400883,0.9278316609641454,0.9280939116334588,0.9283336573424622,0.9286064100032374,0.9288492565129349,0.9290611667775558,0.9292410111200068,0.9293915374508926,0.929556086418992,0.9296250620758595,0.9296833208409194,0.9297311891301835,0.9297716131314773,0.9298358022616573,0.9298897608184636,0.929933964207779,0.9299685889795473,0.9299956252373281,0.9300386460061415,0.930072366976033,0.9300974612907486,0.930113940798888,0.9301239598252276,0.9301485443544748,0.9301648538577525,0.9301734626240665,0.9301745939087438,0.9301703014700459,0.930180707351806,0.9301841781364089,0.930181249448849,0.9301722366513049,0.9301591080000134,0.9301593341759018,0.9301538801253031,0.9301432509107489,0.9301276401831953,0.930108143583901,0.9301001664512797,0.9300873487338543,0.9300703881316486,0.9300494728822772,0.9300252251078821,0.930013513280916,0.9299980183473178,0.929979149384112,0.9299570318459727,0.9299345790845325,0.9299304610664054,0.9299232859680121,0.9299137465767019,0.9299018108385849,0.9298899222213275,0.9298957501689744,0.9298995304570417,0.929901536268033,0.9299020619346551,0.92990295123871,0.9299194823479257,0.9299345139367877,0.9299484259890943,0.9299615783202854,0.9299755343885627,0.9300048649618767,0.9300332563620466,0.9300611146352695,0.9300883740460296,0.9301185086039772,0.930163288550224,0.9302076581056941,0.9302518227716821,0.9302959477523697,0.930343492487265,0.9304040186364531,0.9304646178062375,0.9305253116221778,0.9305860796669272
CHN,First,1.3190796463239256,1.3969329921453968,1.4761450882103238,1.5580798937431646,1.6434751869895161,1.732591202530866,1.821886658929727,1.913243113893605,2.00783971603033,2.1057451374821787,2.207266949436841,2.3074801480959204,2.409371413568501,2.522665290040394,2.6399824784602397,2.761861368256569,2.8839511797300923,3.0097221357196116,3.1405207741679395,3.276551367941871,3.418241556208065,3.560135277230243,3.7060635092783634,3.8573123687852537,4.014058816943728,4.176335192579868,4.338605157994088,4.505421242688852,4.678573850631688,4.8589156188974245,5.047251844469058,5.2367967834596225,5.4320468865806255,5.63458789777375,5.84449754917133,6.0617889941097705,6.279087450390518,6.502949493052746,6.735407575570678,6.976623544799778,7.227472464724347,7.47924723100703,7.738872121205901,8.008032107829672,8.287008939963142,8.57620272412443,8.864185237021472,9.159963750404337,9.466478072429934,9.784973760243446,10.11637878205957,10.449526991264165,10.793524875249412,11.150036782089195,11.51981238341672,11.903454663278529,12.289811776089085,12.688840509129683,13.101762000141392,13.52925915745385,13.972460647017515,14.420250067421863,14.884212446266723,15.366111229758229,15.866535521426073,16.386342073118797,16.91179121493144,17.455794158226045,18.019542559640133,18.603570869169264,19.20830804773188,19.816901238216403,20.446696252993124,21.100866853006124,21.782104303851494,22.490658620166368,23.20580801236836,23.946130929842145,24.713720892075994,25.50940571186454,26.333619946142143,0.00010436449867237304,0.00010566083452757872,0.00010703715824828246,0.00010870624993755897,0.0001106688882768354,0.00011292827864961698,0.00011524224449399892,0.00011750478027301492,0.0001200403953877631,0.00012283831816136464,0.00012589100417040398,0.00012887234333955038,0.0001317515758123247,0.0001367845187735955,0.00014225169192590603,0.00014818087775255462,0.00015441726633904737,0.00016092673635048366,0.00016798137869119165,0.000175614710134311,0.00018386879206794805,0.0001925434859385122,0.00020163689292444103,0.00021146669978768876,0.0002220816257041481,0.00023354364790095054,0.0002456960699007557,0.0002585182386005241,0.00027236890712728517,0.0002873257418005781,0.00030355177076240507,0.0003208796732758124,0.000339292213170382,0.00035922194007903204,0.0003807866604027891,0.00040412525634541107,0.00042907544168906885,0.0004556880335959752,0.00048451355196994046,0.0005157457477836517,0.0005495971205514121,0.0005858130288223884,0.0006245434637840407,0.0006665523570833767,0.000712132369616734,0.000761612183202821,0.0008145018017522857,0.0008711876055712476,0.0009327445603166032,0.0009996234704760572,0.0010723160950920933,0.0011506217631093425,0.0012350153249947328,0.0013268297201787485,0.0014267531991897695,0.0015355739297660187,0.0016537598592057676,0.0017819364390726045,0.0019216933978019777,0.0020741552684470773,0.002240529594841313,0.002422178902930748,0.0026200548448291217,0.0028363300535756628,0.003072785196577175,0.003331393549804397,0.0036143499409033897,0.0039236132472927135,0.004262262797908788,0.004633145591886363,0.005039498378621225,0.00548258836090915,0.005967069413610791,0.006497899876212347,0.007079725883036874,0.00771751062804659,0.00840866415161823,0.009163452573096706,0.009990050474137346,0.010895289437580485,0.01188664693642267
CHN,Second,2.3382909043197815,2.475287423576578,2.614747664886386,2.7585478564899573,2.907729532144625,3.0626663346235867,3.2174623998262795,3.3756542016548203,3.5388195813012624,3.707065322065744,3.8807456045069118,4.051993243549019,4.2260344127801215,4.415665502927791,4.611140019228973,4.8131925819114665,5.014463850199127,5.221010407729196,5.4345978133539,5.655490020865203,5.884259007345732,6.1119189585222555,6.345143132690749,6.585569807738577,6.83341741314072,7.0887021873249285,7.34225139528516,7.601797160032424,7.86961824412791,8.146832890559802,8.434447040093433,8.721556773138524,9.015878448815045,9.319352195189476,9.632020464555719,9.953832159620685,10.272997868598699,10.60010321108934,10.937611442348214,11.28564727813588,11.645274853196003,12.002757638477892,12.369360128069774,12.746979567466505,13.13586551067451,13.536409470862845,13.931438617762637,14.334922184018188,14.75027676756296,15.17895972378119,15.622000383719724,16.062396394555385,16.51428939626142,16.979361625917008,17.45836359693244,17.951830215964808,18.442949918976254,18.946673626111092,19.464097876874302,19.995809049278137,20.542940858116463,21.08863641091971,21.64980659823735,22.22814798592475,22.82402810365004,23.43811823470429,24.050291897093416,24.678924585560953,25.324924214050895,25.9884876005416,26.669632476258933,27.345160271386913,28.038149955311575,28.751681832844227,29.488350713721047,30.2477997018114,31.003864380847503,31.779449608818716,32.57597279553491,33.39366024604249,34.23223059454919,0.0006421085405129262,0.0006486375467563782,0.0006555529572588372,0.0006639167777229082,0.0006737206591963085,0.0006849662464538025,0.0006964393013448997,0.0007076152220060534,0.0007200915874356124,0.0007338006566893708,0.0007486903859662405,0.0007631658997206991,0.0007770851114561034,0.0008012776831000356,0.0008273655441130978,0.0008554416702052569,0.0008847406356416064,0.0009150807312120998,0.0009476957771837467,0.0009826894239427183,0.0010201989818122612,0.001059269091904056,0.001099858714531431,0.0011433356707356015,0.0011898433837585055,0.001239575310174336,0.0012917810056652208,0.0013463140767532294,0.0014046233285134482,0.0014669320022584825,0.00153380175780867,0.0016044282497146842,0.0016786425745062188,0.0017580642016678046,0.0018430056380767832,0.0019338423716291908,0.0020297787846037096,0.0021308588782876104,0.002238987057695267,0.0023546575218385004,0.0024784029936176346,0.00260905027166068,0.0027469152410017185,0.002894437149287398,0.0030522987644863954,0.0032212618337588007,0.003399301795100904,0.0035873925145861554,0.0037886846461809773,0.004004144935255051,0.00423480241255833,0.004479466790889135,0.004739074243672128,0.005017075276345305,0.005314786903902441,0.00563371770820011,0.00597434571340062,0.006337543459437953,0.006726770022020706,0.007143966368600942,0.007591132504898516,0.008070503110354616,0.008583062578484093,0.009132765454080477,0.009722260074129418,0.0103544133641275,0.0110323409287438,0.011758302080829225,0.012536859788733472,0.013371605924391758,0.014266594949758132,0.015221237209026761,0.016241950280770617,0.017335091952969197,0.01850569233239303,0.019758771566298048,0.02108438615768779,0.022497129636339975,0.024006249325941465,0.025617476464385412,0.027336784688933476
CHN,Third,2.957392185593111,3.1296787581903356,3.305016916528031,3.4854414717639246,3.672135714768589,3.865516307767081,4.0584066113487545,4.2554139506015645,4.458139982337374,4.6667066300520865,4.881414843204052,5.092984426925792,5.307956751857882,5.539262505377789,5.7769999262604586,6.02197861995746,6.265181408251652,6.514209148523726,6.770862608764392,7.035411632258848,7.308474865860641,7.579179561939873,7.855862823964681,8.140138937018483,8.432222961567959,8.732094117132458,9.028628834750505,9.331396264815943,9.642705698392957,9.963775497956169,10.295627625279254,10.62523501101177,10.962140219947875,11.308234458644431,11.6635082767306,12.027840925235143,12.38722461280473,12.754405537519855,13.131809374122918,13.519497220402753,13.918573054425163,14.31285816924166,14.715892011348167,15.129393123695781,15.55354512100702,15.98867802859461,16.41508937522012,16.84913692427847,17.294129959157054,17.751555151032406,18.222419077534546,18.68708890462118,19.162126635871424,19.648926893107124,20.148171813532578,20.660287816842253,21.165984419199706,21.682471705304035,22.210564634908167,22.750727795134353,23.304015187796974,23.851095625777457,24.411172556920032,24.985704417120573,25.574881120112668,26.179201478455195,26.775990949171426,27.38576967892796,28.00915877212529,28.64613396569483,29.296448794243872,29.934897412795276,30.586361416951114,31.253645447099164,31.93915292728502,32.64219175039456,33.33566503521754,34.04316272314006,34.76554058005781,35.502696438879774,36.2539837106825,0.0013554076191526563,0.0013673793823165351,0.0013800415908520683,0.0013953314475184584,0.0014132201309283929,0.0014336955268896535,0.0014545374296402911,0.0014747942121836471,0.001497355929216433,0.0015220848748734375,0.0015488713868732295,0.001574842017387361,0.001599750476396243,0.0016428966506680026,0.0016892210276498846,0.0017388493821104071,0.0017903977878226068,0.0018435270489084508,0.001900365705736741,0.001961045430124884,0.0020257510235179815,0.00209279291459723,0.002162072916943199,0.0022358803528697334,0.0023143925198514186,0.00239786528879085,0.0024849766167678263,0.0025754339952098635,0.0026715739219551845,0.0027736737727522246,0.002882551460714868,0.002996799339548295,0.0031160635003754395,0.0032428440284243973,0.0033775081088010714,0.0035205092429870916,0.0036704617435662696,0.003827317732792892,0.00399388506699,0.004170738988471855,0.0043584945659912045,0.004555185599633208,0.004761122089557954,0.004979738169187015,0.005211784350169976,0.005458098583027062,0.005715476448297122,0.005985098755918985,0.006271186379988099,0.0065747501101438895,0.006896845692850656,0.007235430759999471,0.007591433118769846,0.007969145782890588,0.008369839021799882,0.008794982585739899,0.009244627246295992,0.009719325263266257,0.010222930370197255,0.010757195416263047,0.011323862866902588,0.011924880296402963,0.012560553213839578,0.01323478004480139,0.013949692370051035,0.014707561679044657,0.015510821679474486,0.016360766787491356,0.017261242884142474,0.018214770563896133,0.01922422088720428,0.020287132042318932,0.021408765387758558,0.02259399554835931,0.02384595145786183,0.025167506024072275,0.026545830898687808,0.027993706835011404,0.02951773705584037,0.0311205446171754,0.03280468396971247
CHN,Fourth,3.8073685240992923,4.028234088812141,4.252996665006255,4.483908085700978,4.722335186639121,4.968755983833277,5.2142211644004615,5.464804941261743,5.7221729978406035,5.9864715380008375,6.257813292597773,6.52515018072268,6.796738366895282,7.085933086160131,7.382466340727174,7.687252429195349,7.988982650632995,8.29737693945385,8.61432213577955,8.94010738905116,9.27543131663898,9.606786282761673,9.944829130704164,10.291195199816995,10.64611417137139,11.009539910803248,11.367587481440383,11.73239822301818,12.106380811618576,12.490908073332585,12.887055880395224,13.278814675352203,13.67828896464682,14.08738469134248,14.506051236222044,14.934110334654177,15.3544063668679,15.782721510717058,16.221526638284764,16.67083946599182,17.13185649729193,17.584826197729942,18.046591836208606,18.518760941825597,19.001477387438992,19.495039782673437,19.976030849873307,20.464276047583542,20.963104155681386,21.474101265925732,21.998310926841906,22.512099553316123,23.035698177187673,23.570289834942187,24.116538778211773,24.674805171182115,25.222142838247688,25.779148167665767,26.346422948964378,26.92436053142329,27.51400683724375,28.092359592832974,28.682145074448464,29.28468549987827,29.900048413575636,30.528629787134726,31.143858868140388,31.76974685971066,32.406717552376115,33.05458762670909,33.71290635559976,34.352963582559816,35.00300940758635,35.66575795207854,36.34359098607205,37.03554996715862,37.712012517802115,38.39881389312389,39.09641454274486,39.804488195264184,40.52211739179129,0.003030004012380067,0.0030535317279124946,0.0030783879801816213,0.0031083634545880897,0.0031433805373886846,0.0031833914232033953,0.0032240432888411314,0.003263482202939449,0.003307326988917566,0.003355285586353021,0.003407121636256982,0.003457268176343604,0.003505263265437179,0.003588172632449321,0.003676874726000282,0.0037715533907417627,0.003869522985893043,0.00397011186475937,0.004077303928228448,0.004191276050655777,0.004312298981160593,0.004437154180338367,0.004565621615995012,0.004701883575373595,0.004846174554474591,0.004998865367478461,0.005157452349735226,0.00532133983870198,0.0054946711128472546,0.005677822591277699,0.0058721224396199164,0.006074928047035147,0.006285506565566197,0.006508139245630068,0.0067432966005081165,0.006991585115225289,0.007250429645617868,0.007519600427090339,0.007803730823319861,0.008103567223862114,0.008419898912316153,0.008749185559662004,0.009091747236021446,0.009453042757121256,0.009833992558279941,0.01023563084433322,0.010652433669590643,0.011086054523687027,0.01154293678993722,0.012024266855168976,0.012531260280128666,0.013060265585228397,0.01361232457321715,0.014193599246473893,0.014805460682277515,0.015449523311301085,0.016125217190221065,0.016832720474625223,0.017577055127581533,0.018359992032502444,0.01918320994704043,0.02004860016057672,0.02095563344147882,0.021908829247797544,0.022910050282236756,0.02396125139283936,0.025064494745907242,0.026220180260544138,0.027432062666160155,0.02870193682351189,0.03003192264057289,0.031417074572755305,0.032862491860321814,0.0343724848300328,0.03594889370560102,0.037593050660510746,0.03928693656586643,0.0410441931101305,0.04287031236813134,0.0447656812447073,0.04673041217360482
CHN,Fifth,4.5979178086475825,4.863522047157449,5.133749470692607,5.41095166556318,5.696640085363949,5.991333022062736,6.284535000475365,6.583729126055919,6.890492357665324,7.2049892417952845,7.526998429188883,7.844265693558938,8.166528542087452,8.506384099262815,8.854088007047205,9.210625286359278,9.562680307381296,9.921924134113853,10.29018348575168,10.66774850887948,11.055375318414207,11.437266766552966,11.826209309309212,12.223709298034434,12.629998240213482,13.04499602253428,13.452391344181118,13.866682975266468,14.290213769034818,14.724473832943959,15.170530377782317,15.609833431194456,16.056796298714964,16.51318813927037,16.978908592001837,17.453717195881893,17.91781375239499,18.389639312708894,18.871541816811472,19.363484790642104,19.866720538273377,20.358511063368443,20.858591379360476,21.368301999944933,21.887737331607298,22.417145750848213,22.93022106878104,23.449646583382965,23.978569052964435,24.51862670108208,25.070866374697783,25.608420419676357,26.15460818375633,26.710275572122956,27.276048268146678,27.85220635090048,28.41296106734516,28.981622768351464,29.55850665740978,30.14392577449687,30.73889242659269,31.31758051802395,31.905470296055437,32.50368118541748,33.112164963622746,33.73121082544246,34.33137106261307,34.939268793479904,35.55511326509982,36.17858336223665,36.80905202692902,37.4155178283986,38.02850462779784,38.65056144771684,39.28400816195644,39.927674828856084,40.55073954333448,41.180189315280494,41.816075338649696,42.45789558000117,43.104528827728565,0.005528469600283733,0.005566094484851933,0.005605801878490811,0.005653630427903299,0.005709426130048813,0.005773077253430539,0.005837638556818469,0.005900170032670403,0.005969568267413156,0.0060453369856334664,0.006127067829854073,0.006205976496024917,0.006281355102574307,0.006411241521748068,0.0065497547384021585,0.0066971018091976035,0.00684904098907945,0.007004498017571803,0.0071695677259308085,0.0073444263967243715,0.007529387149694693,0.007719453826865382,0.007914246716672456,0.008120025781780931,0.008337023357622776,0.008565667972986898,0.008802102119668172,0.00904535943666558,0.00930147791427847,0.009570855845193732,0.00985527003284997,0.010150690617527084,0.010455923825184472,0.010777012423521411,0.011114419443601737,0.011468789252117256,0.01183624166586724,0.012216281386451111,0.012615229969189973,0.01303385456216466,0.013472958348482318,0.013927362929282568,0.014397287721625237,0.014889928859429231,0.015406176014737191,0.01594703737236543,0.01650474367536062,0.017081227625330042,0.01768467711434545,0.01831618284896847,0.01897683324604599,0.01966139833390918,0.020370794486467305,0.02111241250148567,0.021887374292791924,0.022697058023299625,0.023540063132468238,0.024415942439129278,0.025330165574154573,0.026284065601249483,0.02727879059805442,0.0283156789001507,0.029393125307584585,0.030515463838812738,0.03168375423891001,0.03289907426341901,0.03416253471490813,0.03547327232121061,0.03683414885364049,0.038245668886843213,0.03970859771509103,0.04121593415123329,0.042771643186167885,0.04437858014425082,0.04603677308740777,0.0477455941086295,0.049484545785871976,0.05126590637352371,0.05309307954109292,0.05496409401939723,0.05687659749583975
CHN,Sixth,5.725069527815439,6.054475411979137,6.389558113151697,6.7327910095268875,7.085877711589174,7.449393079466686,7.810645792782601,8.179133469903263,8.556302414417539,8.942345474571766,9.336239886401682,9.724588333463783,10.118989545186643,10.530922861438375,10.951442049230371,11.381625543928804,11.805326081444582,12.236980370212859,12.67833344581715,13.129678866075736,13.591871083226186,14.045828294054884,14.50741686551791,14.977971067112335,15.457739151471795,15.946613691679334,16.424729899837047,16.910026336389834,17.40476256851878,17.91060934919343,18.428630253668327,18.936624486743586,19.452340326596246,19.97738407087646,20.511603057621503,21.054695032600552,21.583046906848512,22.118926098307128,22.66454213864616,23.21980814389635,23.786079055790676,24.336166089282113,24.894105396418325,25.460920060928263,26.036662548360177,26.621540579641316,27.185057378715104,27.754036094942027,28.331437861823265,28.919002337551625,29.517816715974536,30.09607981482241,30.681808201107557,31.27546079558091,31.87764524029678,32.48857026477679,33.07831233087765,33.674157304098046,34.27610193257767,34.88439213675982,35.50004173967251,36.093097603887585,36.69311472420292,37.30101795677873,37.916653068882596,38.54022106705397,39.13801725440016,39.74062034366739,40.34802583422767,40.95978725378007,41.57510165218885,42.15935993248399,42.746721129079226,43.33962952502667,43.940420304057625,44.54770971468057,45.12837300919637,45.71164028542434,46.297152553569624,46.884252742628405,47.47162267903375,0.01112627180284902,0.011191652380199979,0.011260579897576171,0.011343506908628787,0.011440114205888556,0.011550149356992345,0.011661570804268438,0.01176931092734952,0.011888679872985131,0.012018766171379765,0.012158811452641458,0.012293749991444851,0.012422407689958262,0.012643547538354952,0.012878618614051006,0.013127841623198981,0.013383946541368735,0.01364506866918972,0.01392135182029394,0.014212935559249249,0.014520181278410798,0.014834671235324897,0.015155710122291065,0.015493492708736152,0.01584821147473329,0.016220367132998577,0.01660351798453927,0.01699598548705625,0.017407345339514407,0.017837999083561762,0.018290525026093588,0.01875826969600164,0.019239164871085877,0.019742495375445694,0.020268673988044578,0.02081837604277187,0.021385294128021766,0.021968429520494496,0.02257717662359897,0.0232123083131863,0.023874624617598674,0.024555952023377698,0.0252563263081831,0.025986081684161322,0.02674603104681752,0.027537129506480133,0.028347575924815873,0.02917982945464521,0.030045216706645055,0.03094467070012731,0.03187908064851313,0.03284044441950903,0.03382950860582461,0.034855915258301694,0.03592041541252828,0.03702405682898688,0.038164084782029074,0.039339064471704877,0.04055542198745365,0.041813895880708045,0.04311491282896801,0.044459076030930106,0.045843148820644414,0.04727148011022312,0.04874407767131078,0.050260890278523464,0.051821837056996126,0.05342433221519272,0.0550702800037856,0.05675858938232165,0.05848839055454203,0.06024968421394872,0.06204538933159255,0.06387685956613953,0.06574203384954863,0.06763801427249398,0.06954023830616213,0.07146039691305532,0.07339990106683165,0.07535419171868755,0.07731824631218703
CHN,Seventh,6.858347173133975,7.251188761287485,7.650664647530308,8.059217065788518,8.478707748750281,8.909744066626635,9.33758704046656,9.77382753376168,10.219550339220918,10.674970557099545,11.137782489425694,11.594528406912314,12.058319168027278,12.537746623103603,13.025998315710607,13.524210385945361,14.01360129508712,14.511348688334733,15.018908077901862,15.536551837554457,16.065221377004207,16.582760763001573,17.10811249093518,17.642217970882324,18.18533066754365,18.737306976657006,19.274872877377444,19.81942081238908,20.37290072725502,20.93714276869829,21.513124664907778,22.075305609438143,22.64468666951909,23.22250310524791,23.80853764404657,24.402419516913856,24.977107397694947,25.558490538540685,26.14841691165941,26.74673689769587,27.35487652039557,27.94161383824694,28.535091790914656,29.135798534475693,29.74373344715571,30.359043830175573,30.94781812687239,31.540519813642316,32.139667066629386,32.7470601959478,33.36379442345148,33.95376613624138,34.5492892140103,35.15025849735385,35.75724754557369,36.37037858203546,36.95635506109493,37.54585189913137,38.138444593492295,38.734304133111756,39.33442690063182,39.90553821177403,40.480572031135075,41.0601751792885,41.644094935869624,42.232445266089734,42.7882601862328,43.34523475089636,43.903123698395724,44.46137896018308,45.01904799007295,45.53917216022016,46.05843594002531,46.57909745962188,47.10346896722117,47.63000305795678,48.12470338380618,48.617869914550745,49.10869787630361,49.59642036611679,50.079587283993135,0.019803714639935792,0.019901028336555746,0.02000350563835679,0.02012664200736952,0.0202698794668181,0.020432749403696136,0.020597374451145668,0.020756278389127993,0.020932013022771898,0.021123146352535337,0.021328473905232074,0.021525889536717524,0.021713731955393677,0.022035733652558526,0.02237683819768948,0.02273717096350257,0.02310607689926059,0.02348079919766135,0.02387575703354266,0.024290922145732332,0.024726572961421316,0.02517060492263507,0.025621950370934142,0.026094769467572887,0.02658905990334753,0.02710523865590796,0.027634143304575087,0.028173309160238195,0.028735666120291256,0.029321434117384488,0.02993375317083866,0.030563298203499886,0.031207051485338005,0.031877130427624877,0.032573664364965366,0.03329710896136045,0.03403878376022752,0.03479709450017745,0.03558386332885561,0.0363995746286045,0.03724471248118406,0.0381083982994208,0.038990323837042325,0.03990301990153083,0.040846870397484594,0.04182240103898073,0.04281453716157945,0.04382589127285245,0.04486963818183988,0.04594614233450128,0.047055667526905216,0.04818800668258912,0.049343428159725894,0.05053242515724621,0.05175493211325084,0.05301117189410866,0.054297034442020706,0.05560997654023097,0.05695614785931948,0.05833519918791221,0.059746377632058055,0.06118906540616908,0.06265851905960138,0.06415802308358921,0.06568612652788196,0.06724125924345425,0.06882174697381119,0.07042336441934828,0.07204633157005325,0.07368777609094945,0.0753449784583205,0.07700660119930183,0.07867365371401691,0.08034540540875205,0.0820178224065682,0.08368606014954734,0.08532673658076713,0.08694827554924965,0.0885495937089921,0.09012440665554386,0.0916660528249748
CHN,Eighth,8.837101990051769,9.340819173289365,9.85288696653665,10.375677916903896,10.911311127847203,11.46045252727565,12.00478209791412,12.55954776068725,13.12522548359716,13.702074424946352,14.284077402918138,14.860234079575452,15.445148220318417,16.04255566638783,16.64929042425793,17.266571578595194,17.87111495721381,18.48482009748594,19.10867528501297,19.742914060698773,20.388695091826804,21.018349909705897,21.65637152312156,22.30306202669454,22.95872140726474,23.623198402975113,24.266839188277096,24.917404803399457,25.57635232516861,26.245845045166295,26.92672279995273,27.5874350874108,28.254813698490466,28.929542586988774,29.61131802849466,30.299708593880418,30.961483471636296,31.62901116022779,32.303603678607466,32.98505172787909,33.67496064391393,34.33434964721461,34.99915831598795,35.66907639829563,36.34406761375531,37.02422068942267,37.66941555388896,38.31665608626926,38.96785466610808,39.62496535769542,40.289157225169035,40.91576776374728,41.54552563961125,42.177516832685356,42.81231166741966,43.449946065465,44.050957166093376,44.65220383402885,45.25267836033021,45.852485793252086,46.45265938774642,47.013809585897484,47.57511424881772,48.13688056154318,48.698759916360714,49.260795199420556,49.779881416409545,50.29564899790477,50.807560117354754,51.314964767605304,51.81673499583507,52.2710305019564,52.71972504271769,53.16492913875396,53.609040261408666,54.05031461974798,54.45205378693743,54.84750555021671,55.23530404774607,55.61457925178068,55.98372839585272,0.044508046397847376,0.044678791703801075,0.044858359012151336,0.045073801240686356,0.04532396808900869,0.04560784906660401,0.045894169684234716,0.046169956240404555,0.04647428918444508,0.04680450340915007,0.04715833559359672,0.04749765570743687,0.0478197312473247,0.04837006171215234,0.04895062085852781,0.04956124125082954,0.05018359108560862,0.05081289834811177,0.05147311600296045,0.05216376322492459,0.05288485266497489,0.05361604185656522,0.05435542886684897,0.05512589982807474,0.05592694768421865,0.056758731144232584,0.05760607851826239,0.058464797036036485,0.0593550859124699,0.06027670006439504,0.06123393313622025,0.0622116358990638,0.06320473946575328,0.06423141088707357,0.06529111655931276,0.0663837937896129,0.06749570988970087,0.06862400889035274,0.06978564509273218,0.07098047023480929,0.07220829889276632,0.07345260177007121,0.07471241109089936,0.0760048618142688,0.0773294844752517,0.07868595526141481,0.08005252359222349,0.08143222049865519,0.08284213090087292,0.08428156059703426,0.08574962485773074,0.0872317614779524,0.08872744528502083,0.09024912397730549,0.09179530028646794,0.09336478202481326,0.09495100115093158,0.09654947458931368,0.09816620469904577,0.09979904913343954,0.10144534079439473,0.10310250849952522,0.10476328799455176,0.10642948939229986,0.10809740022623845,0.109763131158329,0.11142262280612865,0.11306915100355627,0.11470055495513687,0.11631137915418609,0.11789628016293978,0.11944193606660763,0.1209468578205531,0.12240753155619225,0.12381729287670327,0.12516875555732246,0.12644048526935095,0.1276366891854957,0.12875312178820733,0.12978147690798056,0.13071322634326696
CHN,Ninth,11.089211135873224,11.716962501514747,12.354698393284057,13.004270324788616,13.668001998267032,14.346559045831906,15.01801997685924,15.701991800903306,16.39758110419021,17.105082360047653,17.811404302026205,18.514113475276837,19.227307996134222,19.944122412687772,20.669427164448503,21.404432772255646,22.121466568877917,22.847624975526887,23.582794130485723,24.327089724455508,25.08194826817097,25.81398169084736,26.55406718083145,27.301168180340778,28.055628782112475,28.81728915287623,29.549430118930715,30.287288432672288,31.031159082633387,31.783578411762534,32.54501145618175,33.277904725847264,34.01550297968754,34.757340636862544,35.50299328250996,36.251967895762554,36.96504971542686,37.681420761770106,38.40123547659186,39.12420424839305,39.852089796912544,40.53809999984388,41.226630719315324,41.915948657141264,42.60597311041633,43.29670300205651,43.94302559874954,44.58801120351433,45.23229855912997,45.87794289599034,46.5261493477146,47.12422763838157,47.72139957257924,48.31545945712896,48.906969453251236,49.49586786231422,50.03770029361613,50.57479763943157,51.1053013368641,51.629261231887774,52.147746296365234,52.61653524525336,53.080098621073695,53.53822326602797,53.99050360534112,54.43693860421223,54.829988326670914,55.21390030580259,55.587791660113396,55.950986474444356,56.30225497996368,56.597221680617686,56.881003309454016,57.155418627166505,57.42291591572568,57.68166955016882,57.89509012310497,58.09713734898536,58.285799269123125,58.460213061333405,58.61876522502339,0.091965456464024,0.09219185102612137,0.0924294628868366,0.09271390462613222,0.09304331674912919,0.09341598383695672,0.09379063858446848,0.09415035830538661,0.09454600917109118,0.0949737680741545,0.09543035171326743,0.0958665040993253,0.09627895032986057,0.09698025282491511,0.09771540112024808,0.098483479263392,0.09926094441354884,0.10004163794708928,0.1008548300016298,0.10169914884613314,0.1025738107771097,0.1034536227396721,0.1043360921804802,0.10524801622199145,0.10618792844386171,0.10715513349646844,0.10813132087006472,0.10911130366216577,0.11011749854393925,0.11114865364956968,0.11220849268509074,0.11327933293786643,0.11435505448981653,0.11545451785283957,0.11657597732146703,0.11771817759925379,0.11886580361717554,0.12001526346178173,0.12118287104148981,0.12236714397470529,0.12356652829281069,0.12476382228478972,0.12595739033319128,0.1271623683797537,0.12837679279936065,0.12959879046090686,0.13080765488300358,0.13200536977145624,0.13320550970156858,0.13440573632013653,0.13560350605753602,0.13678543989417147,0.1379499561430248,0.13910513135716174,0.1402477668432155,0.14137484156546581,0.1424795556431941,0.1435568874479895,0.14460872481451567,0.14563114475327188,0.14661983342964288,0.14757049739372327,0.14847626216885412,0.1493352517166864,0.15014232199648192,0.15089221265471642,0.1515795256436333,0.15219781813147093,0.15274239119629768,0.15320713567039818,0.1535859352279392,0.15387130724752227,0.15405865574508248,0.15414222890286008,0.1541155429307302,0.15397205990895516,0.1537088966536613,0.153320126132399,0.15279903918528256,0.15213965048507735,0.15133615461749006
CHN,Tenth,21.98306303984111,23.207456527059477,24.44946988500434,25.707485142857628,26.984530077423084,28.28118225570584,29.55897372387559,30.858985590591203,32.1726255719182,33.50040332723444,34.722755150927426,36.00743608011836,37.309346615655414,38.56377378408215,39.82123390761283,41.08204427491252,42.303462042787686,43.53442124667053,44.76912895986084,46.00643638261719,47.251549008749656,48.439180739861044,49.637638272758736,50.83855902141491,52.04321229632337,53.25254711624894,54.38124568664922,55.51326911557417,56.64261282396481,57.77526286745448,58.908912380395655,59.97334013019149,61.036341127500165,62.09236229543875,63.14035625236138,64.18044716994488,65.14159894756597,66.09877923448308,67.04658432842989,67.98484549463957,68.91683560406315,69.7425627950183,70.5620894711497,71.36736305710896,72.15867093570755,72.93587918669076,73.63025715579947,74.31379767864355,74.9818748483091,75.6372915593813,76.28183584528576,76.80690528912102,77.31873887117544,77.81000867979935,78.28164994604421,78.73360447653916,79.09732498504361,79.44171443311652,79.76181192800583,80.0578511073586,80.33148642513638,80.51488278922793,80.67853719039077,80.82063528032332,80.94097139857253,81.03980553472468,81.04709889089297,81.03074243242013,80.98893684397159,80.921272130371,80.82647125277495,80.6444443232805,80.43905527399998,80.21162528081067,79.96537737439664,79.69846989847969,79.36828358217895,79.01764571560832,78.64259689953062,78.24256307638271,77.8160776572864,0.821936156424342,0.8212953725769568,0.8206212710000476,0.8198121968595128,0.8188723051433163,0.8178052096071237,0.8167283456547438,0.8156905296876588,0.8145446255803362,0.8133004695710696,0.8119663850921414,0.8106860757322593,0.8094699732457866,0.80739003126528,0.8051930534813924,0.8028791397690693,0.8005173213954375,0.7981254514391457,0.7956120306258021,0.7929781782123787,0.7902230773898298,0.7874238457461592,0.7845873816023791,0.7816252296930772,0.7785383370524274,0.775325011983061,0.7720429311608212,0.7687076390685722,0.7652396888990635,0.7616386031318063,0.7578859985200009,0.7540397373364672,0.7501185610092036,0.7460491636176935,0.7418315513148199,0.7374636923686967,0.7329984213235301,0.7284454571689756,0.7237340974441584,0.7188619388045738,0.7138264837746815,0.7086926282332796,0.7034619326786934,0.698059968928177,0.6924844372237954,0.6867320829155301,0.680891251048276,0.6749457279772975,0.6688172750183051,0.6625029218281883,0.6560000631826391,0.6493671642926424,0.6426010200592827,0.6356383417226106,0.6284773712445759,0.6211142921283187,0.6135703108402328,0.6058571288752297,0.5979348861479094,0.5898013363576053,0.5814560098031991,0.5728970112992365,0.5641463525701321,0.5551775870581336,0.5459915314161826,0.536588812415742,0.5269697255094936,0.5171491995330638,0.5071138652841413,0.49686799191161535,0.486413581025011,0.4758065049363762,0.4650235232601253,0.45404992221423157,0.44289027147014914,0.4315526771241238,0.42017327963032625,0.408670123691698,0.39702091548554297,0.38523718844946475,0.37333119463756803
COD,First,0.14355622902761384,0.1496319863940897,0.15589986926465912,0.1625953013012164,0.1699162968413277,0.17794983519985036,0.1858903300730651,0.1945167874237634,0.203937921317834,0.214241975303402,0.225553694595799,0.23785376676371142,0.25175457213088354,0.2673309832365498,0.28444912530401845,0.3033607269742731,0.3230107384942801,0.3445963629567443,0.3684147013896946,0.3946683483186708,0.4231625915034207,0.4512025039198955,0.48155603469007147,0.5144854120573182,0.5501671777590343,0.5881481139672425,0.6243641514515759,0.6629004757478876,0.7061954950065721,0.7575906851919344,0.8134430515864329,0.8713031900744579,0.9332974415791784,0.9998572237002592,1.0712106599291118,1.1475445103335586,1.2257727326243772,1.3091238075358074,1.3982854543841612,1.4935565675780689,1.5956250998225447,1.691039361645976,1.7873449633788956,1.8886711979559672,1.995210464352283,2.1141134013283156,2.2412807939688806,2.3788434569920094,2.5238482875885437,2.676342905749166,2.83309561908806,2.986043957336949,3.1465727474629466,3.315089232031209,3.4922183992491407,3.6784529703329025,3.8667447627902893,4.063370427749557,4.26864896340976,4.483085301777716,4.7075938508983635,4.934686048660955,5.1720070537095335,5.420635976699101,5.681063679483555,5.954001010105982,6.2302101277193485,6.517480570445875,6.816483479421801,7.113856757303095,7.412241981458233,7.708593047010444,8.012919498436649,8.327234943149037,8.653685801634769,8.991854864563143,9.328804660743746,9.674957547717483,10.030406474981643,10.395099326379,10.768434854670549,5.7084123779022335e-5,5.696584974974717e-5,5.6840666032303316e-5,5.676963318015316e-5,5.6751616812503606e-5,5.6785809227852824e-5,5.683982214378958e-5,5.687054935753668e-5,5.694891995143056e-5,5.7072519469345745e-5,5.723940338193177e-5,5.830904672767985e-5,5.9816621895545706e-5,6.172160325168018e-5,6.378739114725093e-5,6.602527821757892e-5,6.840832613952713e-5,7.090416456824881e-5,7.36036612433495e-5,7.652184125287778e-5,7.931616967986299e-5,8.107622370345156e-5,8.287473611172806e-5,8.481033323899462e-5,8.689049754165609e-5,8.87704234808349e-5,8.916320279652306e-5,8.952075516557186e-5,9.098506634017645e-5,9.489622647173754e-5,9.909020469321878e-5,0.00010356057559498543,0.0001082937743291878,0.00011336968286236013,0.00011881350323358271,0.00012465299756575035,0.0001308870775605255,0.000137515983772402,0.00014463827024184745,0.0001522936684187364,0.00016052546926826431,0.00016543337317579304,0.00016884072430742964,0.00017239882393546433,0.0001761127662181907,0.00018240766965242131,0.0001914932757587256,0.00020250807775686462,0.00021415721355869024,0.00022616964658784077,0.00023720844009664883,0.00024655078698445477,0.00025636664996623514,0.00026678284183486643,0.00027783908901549484,0.0002895816543682752,0.0003019945627629353,0.0003151107371997354,0.00032905388650399396,0.00034388423758679353,0.0003596637393076962,0.0003763656536851519,0.0003940608190223662,0.00041291032694495944,0.0004329981365368089,0.0004544147887551583,0.00047716401790803283,0.0005013559582515371,0.0005271818420430534,0.0005503818605038328,0.0005718873290984822,0.0005939851976030604,0.0006167288247564414,0.0006401896045167204,0.0006644040074070853,0.0006894070446173471,0.0007150304163773768,0.0007414308986163606,0.0007687142817397084,0.0007969240117319472,0.0008261071239346592
COD,Second,0.26639888824539676,0.27792204539818594,0.289900148348165,0.3026929920294724,0.3166116418578024,0.3318124991495162,0.3468102595888445,0.36308564409293104,0.38083154351480764,0.40021685744834395,0.42146649693969995,0.4441420692016203,0.46955949680884235,0.4978717019921497,0.52894208405144,0.5631824250174415,0.598611325751079,0.6374377907503184,0.6801306263146187,0.7270283136214526,0.7779259259819012,0.8284538294006369,0.8830882773606746,0.9422476459656379,1.006235474765855,1.0744936065855932,1.1406210756780397,1.211019745721354,1.2890931780174841,1.3794688048333805,1.4772222651665199,1.5779249239755768,1.6854642678392806,1.8004828027063047,1.9233443794286458,2.0543562679462464,2.1879604650717113,2.329770848445682,2.4807707691258156,2.6414112614933543,2.812680430266922,2.975163922804366,3.1404415086143347,3.313994330549911,3.4961502034171517,3.6962801157772165,3.906767712536433,4.132267512822194,4.36903057606356,4.6172284090151114,4.87286270133695,5.123076223892211,5.384732640525404,5.658391793391657,5.9449278845175355,6.245031844639627,6.5467299927958935,6.8606373422844875,7.187173087981813,7.527024046082662,7.881429934306604,8.237643938476676,8.608244629301964,8.99463696553653,9.397459665439198,9.817636743132859,10.239865313521037,10.677073752729902,11.130080990491777,11.582984797190338,12.039043012744068,12.49007808166142,12.952171929344042,13.427984352989649,13.92035976841752,14.42877247091456,14.932857743822707,15.449318555456752,15.978260815180285,16.519624891967783,17.072629197244886,0.000391140707968669,0.0003904732569312943,0.0003897665001943896,0.0003893653482396453,0.0003892635887816876,0.0003894567258506481,0.00038976171572379254,0.0003899352324331536,0.0003903776651711329,0.0003910751707950561,0.0003920165973912297,0.00039803842611579925,0.00040649132599121615,0.0004171166804913858,0.0004285707215699166,0.00044090205385461317,0.0004539485619357358,0.0004675226374760752,0.00048210496249546155,0.0004977572040986673,0.0005126413151644782,0.0005219660856267466,0.0005314555697061882,0.0005416255295877963,0.0005525068380319541,0.0005622987713515962,0.0005643397359518561,0.0005661961027612474,0.0005737844327669672,0.0005939417064333404,0.0006153838810610731,0.00063805184828979,0.0006618522135770772,0.0006871582479732996,0.0007140609743007334,0.0007426602787300743,0.0007729119507723758,0.0008047794654572697,0.0008386930119191243,0.0008747898465014549,0.0009132174374511194,0.0009359469431540337,0.0009516504858487525,0.0009679834801038864,0.0009849624487903016,0.0010135832645181537,0.0010545575003869513,0.001103728423718042,0.0011551661855525503,0.0012076371859103658,0.0012553740482689132,0.0012954332089149525,0.001337201262218719,0.0013811791792475991,0.0014274885205255753,0.0014762731108723974,0.0015274157811611068,0.0015810016800569,0.0016374782926040243,0.0016970236671458917,0.0017598146223806955,0.0018256728477539345,0.0018948047636444677,0.0019677561759904815,0.002044756796452521,0.0021260509117422676,0.0022115468364202373,0.002301549107402448,0.002396646048641729,0.0024812526803851967,0.0025590189760485178,0.0026382950685257304,0.002719246048851005,0.0028020963684779604,0.002886941247046388,0.0029738679727099836,0.0030622621873923673,0.003152637548714724,0.0032453190441464165,0.0033404127373800672,0.0034380328524981165
COD,Third,0.3452082250280453,0.3602618721588937,0.37595072050171763,0.39270075503114527,0.4108892964833228,0.43071612695422484,0.45026356636331033,0.47147095735072714,0.4945758970425259,0.5197989524510086,0.5474273941102407,0.5765908619104474,0.6091270258209717,0.6452378050971013,0.684824155331355,0.7283866425713849,0.7733519225548323,0.822571381894084,0.8765927194488707,0.9358258553918107,1.000127428482283,1.0643050797612903,1.133654946719483,1.2086617037011869,1.289696791354669,1.3762314262741884,1.4608187008258917,1.5508882720849664,1.650040755745246,1.7631529538981483,1.8852043745024407,2.01054222639689,2.1441324302910227,2.2866968376386647,2.438654263953251,2.600357305772687,2.7647451364965914,2.9388424821384707,3.1237407977590204,3.3199444382315466,3.5285665749535475,3.7283405021605254,3.9325218208766635,4.146683225893463,4.371217912836551,4.61558854987354,4.8699536167558035,5.140810205104915,5.424542707748762,5.721488394914701,6.02783875307563,6.328388375639094,6.642045427861683,6.969378538206781,7.311352259368146,7.668718789012463,8.026768330047492,8.39849928817811,8.784310633681905,9.184935548958425,9.601731212168788,10.019087087316631,10.452207394293117,10.902564012523348,11.370813981049187,11.857925702915201,12.345388430288507,12.848811137447246,13.368986539911942,13.890816768000626,14.417408658335614,14.93680126503066,15.468167569622437,16.01441916628539,16.578686820906544,17.16037225758045,17.73547374137728,18.3237872981494,18.925372024028867,19.54013916940286,20.167201698336335,0.0008803649531166616,0.0008790551496456053,0.000877667892098702,0.0008768803837785819,0.000876680640352446,0.0008770598506660271,0.0008776585684775711,0.0008779991637760906,0.0008788675525467932,0.0008802363888883751,0.0008820833084203367,0.0008938833985736388,0.000910407077130395,0.0009311124811134598,0.0009533538575409472,0.0009772097736708034,0.0010023518536887669,0.0010284075870896608,0.0010562853852455804,0.0010860824544333013,0.001114299768387028,0.0011319210649351349,0.0011498099212306056,0.0011689335285632856,0.0011893408724366159,0.0012076583840331975,0.0012114708110089458,0.001214936901032539,0.001229089106519726,0.001266559646152671,0.0013062289450822067,0.001347960838196521,0.001391559552176382,0.0014376811701375379,0.0014864572312015105,0.0015380321959912004,0.001592289104081883,0.0016491269535866405,0.0017092715877614095,0.0017729175603566525,0.0018402714339221776,0.0018799229930306785,0.0019072388985522267,0.0019355826260133164,0.001964976182944173,0.0020143633470609303,0.0020847268764114892,0.0021686586977861743,0.0022558944815303365,0.0023443147022762685,0.0024242817405003845,0.00249105168211003,0.002560355090815515,0.0026329898631428992,0.0027091158327151805,0.002788925599461151,0.002872183893793884,0.0029589864333208703,0.0030500090959921225,0.0031454820603059024,0.0032456287046385276,0.0033501049074733252,0.003459178250879099,0.0035736415093466905,0.0036937770504127825,0.0038198823446280524,0.003951730631070299,0.004089705343387095,0.004234610605189759,0.004362801246499931,0.004480043957070836,0.00459900630247358,0.004719920247788992,0.004843102442677451,0.004968671592244195,0.005096733944888401,0.005226366622238891,0.0053583061743083995,0.005493003488984996,0.005630584165410999,0.005771183812855392
COD,Fourth,0.45338522890515903,0.47330127581497555,0.49410714335026473,0.5163152709182753,0.5403896916509474,0.5665895161559834,0.5924035688054582,0.6204021126193741,0.6508856782236252,0.6841462690797373,0.7205556764931951,0.758653870912767,0.8009947234230403,0.8478501021098911,0.899174171232394,0.9555881628796274,1.0137039266105348,1.0772559122893874,1.146901679843582,1.2231512398439375,1.305941905904062,1.388936773222485,1.4785751034432866,1.5754366151799155,1.6799883786058003,1.7917394762858223,1.9017739105019968,2.0189613407775697,2.147198669651974,2.2917427191634285,2.4473932002890932,2.6068192630339286,2.7764795607391166,2.957212388218548,3.149521741355263,3.3538342849433613,3.5610221675085216,3.7800546350021818,4.012180775147761,4.257991794187005,4.518780052921334,4.770458275134905,5.028699706822269,5.299316251035273,5.582797745341806,5.888939954489036,6.204878784090132,6.5396224105856975,6.889633732259148,7.255454079595391,7.6334023241748765,8.00492370757435,8.391997816533342,8.795236644372588,9.21574465298158,9.654378827805749,10.092623791949507,10.546820010359367,11.017375818090589,11.505113995461654,12.01158030286718,12.517144322217698,13.040707806650586,13.583875023602408,14.147364579919202,14.732241830915976,15.315493023553303,15.916550614042693,16.53622702069393,17.159814271039625,17.79036599053128,18.410961799219262,19.045168804170455,19.696256896878147,20.36776212261718,21.059018838418122,21.740817524041574,22.4374177900027,23.1488521608342,23.875019669480555,24.614918741944713,0.0020717999641143266,0.0020690804762183634,0.002066199626210601,0.002064563918430946,0.0020641489490343745,0.0020649366580923305,0.002066180210719356,0.002066887608422462,0.002068691013932278,0.0020715330056896874,0.0020753669499926023,0.002099839052504994,0.0021340400541693776,0.0021767877789125784,0.002222575028551099,0.0022715385506186943,0.0023229806520966116,0.002376122229745668,0.002432793489695758,0.0024931592432753317,0.002550133120637756,0.002585619903445841,0.0026215745146889458,0.0026599327304645034,0.002700778362341781,0.002737366040645462,0.0027449720473286445,0.0027518846406277926,0.0027800828860980505,0.0028545451605809864,0.0029330723300977665,0.0030153554115550955,0.0031009726556891267,0.003191171213479719,0.0032861580393241437,0.0033861600591557034,0.003490896601526836,0.0036001209047449357,0.0037151693916096817,0.0038363429088601867,0.003963958792823441,0.004038800151484062,0.004090237324001965,0.004143507840858405,0.004198642840721769,0.004291037545554398,0.004422160722277669,0.004577805095606943,0.004738729430226859,0.004900992625566637,0.005047037418563698,0.005168483882500809,0.005294075207342465,0.005425211042027119,0.00556212454457699,0.0057051024012295054,0.0058536647011265645,0.0060079243487650225,0.0061690177450108566,0.006337277064756269,0.006513015348047165,0.006695551163389642,0.006885274251300338,0.0070834746700426,0.007290540667427932,0.0075068767673644255,0.007731986090106359,0.007966413908803165,0.008211403675022022,0.008427131310940163,0.008623636259770185,0.008822263733680018,0.009023386882222026,0.009227511155553886,0.009434810414016672,0.009645434516319676,0.009857847594383433,0.010073241767141706,0.010292326171915592,0.010515274496139959,0.010742273652217076
COD,Fifth,0.5569700193431212,0.581564659599019,0.6073000149265397,0.6347624015422245,0.6644951278855139,0.6968133114501117,0.728640101712548,0.7631556545983333,0.8007138942266454,0.8416751182375953,0.8864897931263926,0.9330191680565778,0.984552576765647,1.0414283323498184,1.103679420081724,1.1720335623907199,1.2423249755541308,1.3191291917513885,1.4031878308339236,1.4950963040236438,1.5949165425623244,1.6953870745235382,1.803852051239018,1.9209592057382165,2.047258045225032,2.1823586516929763,2.3162441958600444,2.458853235758361,2.6140832684930877,2.7871728473921715,2.973240145658139,3.163381163903458,3.3654483074749804,3.5803560832439976,3.808670247794444,4.050869076843439,4.295904538161938,4.554530939039017,4.8280990815579505,5.117257528776835,5.423431801254497,5.721072199036383,6.027582307649863,6.348517883169773,6.684447887818875,7.044665337265839,7.413452654045042,7.802362318107379,8.208334493742443,8.632162732659257,9.070695811026328,9.50261958376287,9.951957598704793,10.41931198165379,10.905883324817482,11.41259324681106,11.91755732666199,12.440064364725187,12.980484097051995,13.539689435760867,14.119364278240734,14.69635271604995,15.29276637691362,15.910260530710714,16.54957468462767,17.211821502545437,17.870106331770444,18.547144477031875,19.2437063146623,19.94677344146188,20.659038211823358,21.35862965372718,22.07283496243622,22.805183593351877,23.559516198496137,24.335101467359245,25.098415666076992,25.877431611446195,26.672128401902366,27.482382249130424,28.30708775411116,0.003958950758747928,0.003954378054444443,0.003949533269373579,0.003946782003787529,0.003946084010878392,0.003947408879539961,0.003949500415571053,0.0039506902724879295,0.0039537230232232195,0.003958501890143802,0.0039649471541431825,0.004006051841078616,0.0040633952971956735,0.00413490297595433,0.004211294913268578,0.004292762145185572,0.0043781092886580235,0.0044660194318847015,0.004559488388534533,0.0046587399524946095,0.00475212752207341,0.00481015743980722,0.004868845844347347,0.004931341921899501,0.0049977609208580395,0.005057143870954128,0.005069475751322422,0.005080679270997261,0.005126343040824352,0.0052466355734529764,0.0053730465729070745,0.00550502469239653,0.00564184389825946,0.005785441342830015,0.005936076969305759,0.006094037663661522,0.006258806268841814,0.0064299265123849356,0.006609413512394846,0.0067976422372469794,0.0069950042900167085,0.0071103435237716926,0.007189443711899967,0.007271219932991851,0.007355705986931835,0.0074969453421530885,0.007696668988634515,0.00793268030662654,0.008175525185458436,0.008419225120992597,0.00863759742175055,0.008818510539780392,0.009004965634874454,0.009198982485602535,0.009400835228391403,0.009610870966799816,0.009828311108174252,0.010053249139225676,0.010287260664842755,0.01053073508491221,0.010784026565493807,0.011046055244912971,0.011317288884782672,0.011599462271154687,0.011893005926413144,0.012198363288685798,0.012514703107727832,0.012842662077472708,0.013183833074340229,0.013482968209399492,0.013754425453152986,0.014027847007169946,0.014303733819025291,0.014582760585523482,0.014865140495280373,0.015151052938095044,0.015438397179559775,0.01572877282824531,0.01602310984569376,0.016321610299378737,0.016624490096230442
COD,Sixth,0.7052329234442968,0.73654140811753,0.7693567576672548,0.8043658508171299,0.8422213579096466,0.8833182324864702,0.9237704838784085,0.9676334382847287,1.015337361400832,1.0673406548187585,1.12420322050022,1.1827979474832648,1.2474753025808694,1.3186708883238487,1.396537414670873,1.4819521950694146,1.569635359957881,1.6653664100588512,1.7700043178140545,1.8842664031097018,2.008399251684555,2.133838633072971,2.269201551894102,2.4152314948227893,2.57259629459526,2.7410610802789344,2.909066308986958,3.08804346869594,3.281856551222584,3.4956740672121547,3.725127511072108,3.959069960565588,4.2073511625751285,4.470993955198219,4.750656168612608,5.046895271967737,5.34592357556835,5.661041529934904,5.993742933979842,6.344764175553268,6.715720226229236,7.078984279355154,7.454419415441667,7.847210086402769,8.258042031986513,8.69549363160928,9.13979541063714,9.606152717706305,10.092183405936227,10.59903330804992,11.124285086091422,11.642666964120233,12.181157949860303,12.740360466353636,13.321616802121207,13.925949525419483,14.526664486541211,15.14727762260215,15.788121267824238,16.450152844804453,17.135275632015695,17.815270180939212,18.51684768987622,19.241752894291597,19.990772493013836,20.765103251448885,21.532300135941796,22.319813023959536,23.128380034489346,23.9471245540287,24.778280140463657,25.59301778623361,26.42396959361954,27.275028376279323,28.150462054896185,29.049467291875118,29.93231215064792,30.832338712351792,31.749471614011075,32.683570394794735,33.63340373102039,0.008332795736981195,0.008324445283517442,0.008315596138922673,0.00831057050405329,0.00830929541759033,0.008311715703417872,0.008315536479033393,0.008317709685037249,0.00832324906931763,0.008331976311750295,0.008343744196988965,0.008418730673677545,0.008523155583367916,0.008653077012933719,0.008791514266343585,0.008938748058373403,0.009092559086999078,0.009250533775483929,0.009417999795799244,0.009595277190331201,0.009761575411539007,0.009864667977049463,0.009968744899374177,0.010079369787560459,0.010196712357150462,0.010301428890219259,0.010323152027954948,0.010342880349907019,0.010423225382726817,0.01063437091053208,0.010855480528335225,0.011085497872099823,0.011323080408306504,0.011571501629868919,0.011831099755981095,0.012102248838976924,0.012383945777254908,0.01267530300309589,0.012979628807231082,0.013297409340954728,0.013629148499643622,0.013822341251667168,0.01395455146853392,0.014090994783918672,0.014231707007901157,0.014466377824409557,0.01479703545638889,0.01518602548357436,0.015584358857511723,0.015982194636038064,0.016337111169732597,0.01663004559272449,0.0169309345862349,0.017242949323554076,0.017566423575197148,0.017901800031634642,0.018247724783488715,0.01860424252546358,0.018973731111535656,0.019356667365841032,0.019753461876110753,0.02016228414669497,0.020583728459541508,0.02102033746556328,0.021472598394836874,0.021941007969898355,0.022424107704321183,0.02292268859596299,0.023438967934690247,0.02388967689733335,0.024297132180293023,0.024706069683536978,0.025117230462678643,0.025531599390232487,0.025949469292729205,0.02637107419900654,0.026793303950230253,0.027218498215455442,0.02764798876374386,0.028082032952955516,0.0285209040247366
COD,Seventh,0.8589899903557461,0.8972911856491488,0.9374876661234631,0.9803579976430734,1.0266638101965835,1.0768816994951682,1.1262906698855804,1.1798622982175024,1.2380945426738157,1.301547141248056,1.3708876302955042,1.4417863926045271,1.5197718525056765,1.605379546229215,1.6989304559097063,1.8014437960942733,1.9064899875132006,2.0210899724292917,2.1461917984424197,2.282623179336898,2.4308970638171394,2.581363785118089,2.7436640803195806,2.918604495546789,3.1069611778387527,3.308759237791857,3.5113115658229934,3.7271192669087796,3.959576519582201,4.213197021265351,4.484902878531648,4.761276234875452,5.054180459982888,5.364698480386785,5.693554132675137,6.041358129656788,6.391576937460233,6.760036460415105,7.148309099930289,7.557185231552196,7.988424888019127,8.414071370289689,8.855663848192968,9.317288564709761,9.79973209182585,10.309636632637707,10.823111029470189,11.359351934097065,11.917271793124058,12.498468168456549,13.101868556868203,13.698751686778508,14.317859413713133,14.959721891468936,15.625777673067624,16.31710627559518,17.00244077691549,17.709305961518815,18.437928427109767,19.189307460203775,19.965527539860304,20.733602232391767,21.524528053505374,22.340043116500087,23.18093487364844,24.0484295449868,24.904965892522423,25.782346773665665,26.68119838413716,27.594615911921586,28.523929776878287,29.43289440252351,30.358980502763263,31.306354232876814,32.27962432396233,33.27790841663755,34.255995915632276,35.25198947455205,36.26571800149697,37.29700789068961,38.34450201720024,0.015536869143833608,0.015523762051971647,0.01550986978596195,0.015501978721037717,0.015499976191993952,0.015503776825779128,0.0155097761373038,0.015513188313173287,0.015521884048217686,0.015535582668256723,0.015554050927114657,0.015671620265083834,0.015835037435578722,0.01603785940288784,0.01625337941868458,0.016481930002972527,0.016719972094676662,0.016963705763375025,0.017221267096807196,0.017493017667682655,0.017747110910428573,0.01790423436218502,0.018062554990436692,0.01823050620715113,0.018408287445917833,0.018566622917044095,0.018599431822844452,0.01862921735972419,0.018750412009787873,0.019068094773193746,0.019399521108975717,0.019742971906965653,0.020096327065744636,0.02046432044447047,0.020847285509390835,0.02124559938193508,0.02165761573347623,0.022081883721837194,0.022523041988131976,0.022981578838617886,0.023457993178604284,0.02373439596660194,0.023923113105674694,0.024117505423785685,0.02431759155633241,0.024650416345036064,0.02511756614831701,0.025664470393716356,0.02622160491641932,0.026775175675900705,0.027266661112806085,0.027670669061372343,0.02808412266740001,0.028511262039192412,0.02895239162182311,0.02940796068663664,0.029875977882064617,0.03035636481113254,0.030852160645503834,0.031363818482646286,0.0318916893904195,0.0324331523417624,0.03298882011808954,0.03356183666147675,0.03415260779132348,0.03476153731993623,0.035386490354846645,0.03602825688098401,0.036689423409987015,0.037263856922697416,0.03778097956771015,0.038297929334999585,0.03881564163450472,0.03933534388604486,0.039857377550868794,0.040382009951745686,0.040905362791472555,0.041430336101637794,0.04195854361440756,0.04249026268928328,0.043025784972011163
COD,Eighth,1.1279176278721472,1.178475957676496,1.231620140897392,1.2882814442831243,1.3494055194143912,1.415611271262674,1.4807177479269924,1.5513021000052416,1.6279815761637222,1.7114938543498175,1.8026796331545851,1.8951117327871654,1.9963785876167301,2.107194595320426,2.2281828827112813,2.3606074329248257,2.496026300550594,2.6436323720895722,2.804528279959671,2.9797360178996612,3.17023745586996,3.3644866495918944,3.573911678328075,3.799431001698015,4.042012234496426,4.3021414854131494,4.565161073333258,4.845434588215005,5.145527188377934,5.4688052369412805,5.8144556481980105,6.165104596192196,6.536143210187271,6.928766267388074,7.343822867319777,7.782031945984287,8.22206361440434,8.684159105281434,9.170033573487158,9.680587961651755,10.217843766219042,10.753025871423835,11.31070169833836,11.893131361100133,12.501287614772883,13.138611113232614,13.774058209152882,14.43379222474952,15.118894436909649,15.831724202765406,16.573425632419234,17.309155084979288,18.070965501264954,18.859297328134947,19.675774536681924,20.521597925086027,21.357468946948217,22.21798781531168,23.10323608792712,24.014320736846717,24.953729611800263,25.87999947002729,26.83169833783376,27.810596273390278,28.817519895375444,29.853784554751986,30.87279815953037,31.914114026230557,32.97822313519514,34.06439613829692,35.17255479445679,36.25375546142272,37.35406539337531,38.47813286787769,39.63116151832383,40.81216933620418,41.96616396059425,43.13978378176642,44.332734601320574,45.54481360291714,46.77447868927614,0.03678523400391945,0.03676074015312748,0.03673477331425207,0.036720021643841964,0.03671627713903795,0.03672338309877691,0.036734598447663434,0.03674097681570091,0.036757230148068615,0.036782830655540444,0.03681733551437359,0.037036754889230555,0.03734106397713775,0.03771766306422479,0.03811653724297321,0.03853807997589209,0.03897556709376381,0.03942188425246534,0.03989175620599242,0.0403855745586496,0.04084553217414258,0.04112910839747531,0.041414195615861925,0.041715920035502674,0.04203451954765098,0.04231759678257518,0.04237617589560643,0.0424293322553985,0.04264539381827856,0.04321002026490134,0.04379644221928318,0.044401353698837666,0.04502079366699456,0.045662806781892204,0.04632764696343508,0.04701563337006511,0.04772359514139562,0.048448753961268534,0.04919870669865145,0.04997387591088005,0.05077467981350224,0.05123717305890786,0.051552067897708005,0.051875689362365585,0.05220801277680595,0.05275906424513506,0.05352890080503891,0.05442488707116299,0.055331877136457326,0.05622741416690551,0.057017869210608856,0.05766441216297265,0.05832310237547161,0.059000473626017784,0.05969674584552261,0.06041234641273139,0.061143880197675284,0.06189097642591408,0.06265808498347748,0.06344557194536046,0.06425363867662053,0.06507795158948654,0.06591914307932316,0.06678163017596317,0.06766561693446935,0.06857129417044426,0.0694950849264626,0.07043777113526696,0.07140271839786456,0.0722359919072509,0.07298212949102303,0.073724256745734,0.07446373855490322,0.07520233266770489,0.07594050130988206,0.07667859770706045,0.07741117716426464,0.07814232110686206,0.07887425022404103,0.0796073007915329,0.08034181700885724
COD,Ninth,1.4481836266875705,1.5134170461378011,1.5820792182185723,1.655248534904567,1.7340797327770423,1.8193577566178971,1.9031756609922381,1.9940479059816283,2.09269747861016,2.2000721174029136,2.3171826051562983,2.4345920613209877,2.5625665907426156,2.7020316106494335,2.8541051130011676,3.0203049981469166,3.189815128919652,3.3743935233566016,3.575230160804615,3.7935320277990336,4.031065784992074,4.274809685868709,4.537439322515518,4.819897348784185,5.123337513654323,5.44908427735904,5.781522615170742,6.135824368760606,6.512295551816067,6.911250526025915,7.336804532818157,7.767049482480318,8.221397903008011,8.701033056031896,9.206871961010144,9.739682688665393,10.272719496001633,10.831152664449446,11.416682319779442,12.030243906714484,12.674044894804947,13.32337107680555,14.00393902166701,14.713867231683597,15.454294619936892,16.22160069033687,16.976524087054738,17.75407615419905,18.55954697441349,19.396449297665704,20.270113738800703,21.140201320054487,22.039178890006344,22.96719133489119,23.9259617041706,24.916717526781895,25.891781561634282,26.89312893669773,27.920498118739502,28.97502319032776,30.05960167517234,31.124022538201157,32.21453479789077,33.33271401603536,34.47932449050523,35.655657780153724,36.80615285759685,37.97805842713483,39.17152887304325,40.39739178908779,41.65281800590356,42.873512130379744,44.11387451461265,45.37888927044669,46.67424292501884,47.998814826638686,49.288526532017016,50.59800771389401,51.9267256343187,53.27440505180073,54.63929290461341,0.08123758070871152,0.08120194653411107,0.08116415711300363,0.08114268326213235,0.08113723262681592,0.08114757673937248,0.08116390060132862,0.08117318449232262,0.08119683795461094,0.08123408486653895,0.08128426562349939,0.08160287717649403,0.0820433261798993,0.08258613048507392,0.08315832266994438,0.08376001849125281,0.08438123281781744,0.08501161952245022,0.08567163745964222,0.08636131618224913,0.08700007604467018,0.08739216010863332,0.08778501578057198,0.08819936538676716,0.08863530075836708,0.08902127348776154,0.0891009849749596,0.08917327125051225,0.08946663127309713,0.09022978796240215,0.0910171424394361,0.09182376747775564,0.09264398648509442,0.093487992267938,0.09435553538657895,0.0952464288433971,0.09615599731440753,0.0970801796314674,0.09802809068601065,0.09899956030830845,0.0999943810700243,0.10056490324205317,0.10095167668184833,0.10134776292419385,0.10175302240649076,0.10242173502252731,0.10334914504602882,0.10441862149657047,0.10549049566939508,0.10653834128941225,0.10745464826715356,0.10819818887661523,0.1089502426206931,0.10971791373179565,0.11050100428731077,0.11129952867810781,0.11210926842355735,0.11292941994711031,0.11376441155503492,0.11461411094061835,0.11547818059887797,0.11635147936068199,0.11723422054920984,0.11813048968748888,0.11903986893502531,0.1199618981166615,0.12089232100752621,0.12183133405649187,0.1227816233655185,0.12359337507948286,0.12431327670461258,0.12502277946988433,0.12572327993996252,0.1264164813419981,0.12710283171595949,0.12778265934478558,0.12845100892217917,0.1291116825402011,0.12976668274697986,0.13041626708911622,0.13106068805882887
COD,Tenth,3.0318676956622457,3.170046262344118,3.3159520911532483,3.47125294607861,3.6380656611609274,3.81798469912735,3.994601806418203,4.18609280615575,4.3936238769242735,4.6191824945456466,4.86368621919091,5.102919353201162,5.360371883437847,5.6380604081575365,5.939938548433575,6.268666578408658,6.601790109755502,6.963684204273284,7.35576433049448,7.780059620349179,8.24275654769351,8.724962923521733,9.243812430902258,9.800139170635612,10.395950492789021,11.037344002603367,11.70676990788276,12.420475331807397,13.165038250871866,13.922571200190555,14.725949851964927,15.531713714814746,16.37857817006278,17.267514285824156,18.199709792790564,19.176238022780748,20.144379228003473,21.152979188607297,22.20340976414541,23.296803633315236,24.436308287215642,25.622588096874573,26.88412348698907,28.19634687336457,29.561263769789026,30.937226117621066,32.245937230223994,33.56666846388401,34.927138176457134,36.33661737266,37.8219170144137,39.318314865386284,40.856436176619006,42.43513922892441,44.05665317882603,45.72241986213613,47.34511440036274,49.00205069545451,50.69131511372996,52.41462537384169,54.1791922004973,55.8910086697832,57.632727080961835,59.40510814669917,61.208858364700866,63.04537462059691,64.81700225668463,66.60772374441551,68.41639616886296,70.30797042866662,72.2663799348185,74.15506139329538,76.06780021138756,78.01103459095282,79.99258213799266,82.01094595122369,83.95914572051454,85.92988673747327,87.9217402450272,89.93428241012222,91.9650321641076,0.8507481798988277,0.8508391531902829,0.85093559569395,0.8509903845815179,0.8510042898187025,0.8509778997092768,0.8509362476020352,0.8509125578672887,0.8508521906049602,0.8507571065229274,0.850628950324694,0.8498138952305134,0.8486832664476341,0.8472836285151563,0.8458006644899764,0.8442327856699618,0.8426048702242245,0.8409432806354611,0.8391930635545441,0.8373525537055327,0.8356371875632772,0.8345790884371386,0.8335149281276704,0.8323881945392645,0.8311979023997036,0.8301398404319348,0.8299208337302262,0.8297220811138737,0.8289140529835604,0.826801147775879,0.8246045917701285,0.8223364556783083,0.8200112902798288,0.8175985572185475,0.8150968656672483,0.8125045463705215,0.8098330550306823,0.8070924098623848,0.8042533460460479,0.8013135893798549,0.7982708200147439,0.7965107394961536,0.7953111797016248,0.7940773548018334,0.7928092660268635,0.790704069393953,0.787757745180757,0.7843206149534814,0.7808321909238897,0.7773785349504098,0.7743222111705186,0.7718166542060247,0.769258633904983,0.7666222558675851,0.7639060314549218,0.7611076104581583,0.7582395786661953,0.7553027239518113,0.7522787920194944,0.7491654291508268,0.7459608804781034,0.7426813827441591,0.7393234808242071,0.7358684610560285,0.7323142293671018,0.728658674321884,0.7249148653236106,0.7210782629359772,0.7171335916467029,0.7137125638855069,0.7106374700812202,0.7075675674563928,0.7044970935853072,0.7014185825572701,0.6983298523745657,0.6952291623807713,0.6921392431719015,0.689042772818817,0.685930061818347,0.6827993307670704,0.6796487183978305
DEU,First,14.458982494736171,14.603466409232407,14.736218045903367,14.860940704757875,14.979314668500471,15.091989609218707,15.20484547696034,15.312430229056455,15.415360728823018,15.51399920238048,15.608839898397743,15.70614004554385,15.80016576772192,15.894004371772791,15.983979091995542,16.07081909341468,16.161962972440435,16.251620833728957,16.33961847303802,16.4261455726791,16.51163518804366,16.60414984868843,16.696898528759903,16.788992169213504,16.880544435581463,16.9715657168623,17.070598385679435,17.17079441383424,17.271884954845234,17.374488666795934,17.478919915499386,17.59193185665626,17.706755858108963,17.823361554635447,17.941706952829264,18.061665489902193,18.18888443306139,18.31824951949457,18.45058347926391,18.585813957766046,18.724382184758674,18.870386877610336,19.01906557584871,19.171408359887327,19.327363452330157,19.486975510391286,19.654143812627346,19.82413306967875,19.998513147215547,20.177773275514458,20.36221575122964,20.557884484606227,20.757587573077817,20.962431951467384,21.17253410702334,21.38794273714733,21.616059580043938,21.848145375471912,22.08559981969226,22.328477924478854,22.577035163307304,22.83837776210558,23.10451682439317,23.37745128291323,23.65707205061827,23.943379193956744,24.24254494600127,24.54635429747213,24.85701081091133,25.174339860345018,25.49812228480641,25.835307064597703,26.177539717801718,26.527936939027132,26.887131510589683,27.254729246654392,27.639349079930508,28.030274085121267,28.429574840670607,28.837053927116568,29.25233926785172,0.0024679419465921623,0.002414914688395684,0.002362613984296425,0.0023124336011124584,0.0022644064620585347,0.0022185455268466927,0.0021748285711645277,0.002133021000347901,0.0020933246783285866,0.00205566419446067,0.0020199768929583225,0.001986169599693096,0.0019539813246808612,0.0019249077735245543,0.0018968615866982931,0.0018697990795645773,0.0018437220925828382,0.0018188470864373045,0.0017948841061406306,0.0017717850861223112,0.0017495171205479288,0.0017281149181998965,0.0017079417228058847,0.0016885249284395035,0.0016698098284404007,0.0016517782561682587,0.001634461955675079,0.0016181052980899012,0.0016023728603205686,0.0015872195838647044,0.0015726284490327567,0.0015586009018070815,0.0015451662413686405,0.0015322249599770933,0.0015197523442060498,0.0015077212823649505,0.0014960707974164273,0.0014846625847482653,0.001473643824580564,0.0014629922130713743,0.001452696883211941,0.0014426244414487712,0.0014325239582599024,0.0014227410681022896,0.00141324803553197,0.0014040329851351082,0.0013949692123405074,0.0013858268545725065,0.0013769252611093494,0.0013682509273086306,0.0013598011747852153,0.0013514221721397845,0.0013428733401818294,0.0013345201572570935,0.0013263426066738384,0.0013183389934887388,0.0013103226433046743,0.00130203346534195,0.001293888614067227,0.0012858814612848853,0.0012779982457735745,0.0012700364253803232,0.0012617384910562123,0.0012535533371441576,0.0012454640170518581,0.0012374554832724864,0.0012292837565398827,0.0012206846807334925,0.0012121597856275279,0.0012036938223945644,0.0011952858313872858,0.0011866312770132362,0.0011775288911472898,0.0011684748404275876,0.0011594546442269954,0.0011504641294984607,0.001141202613508377,0.0011315526962496513,0.0011219245267527866,0.0011123098925823732,0.001102704234563209
DEU,Second,21.00684232343091,21.248568572969415,21.474371975622663,21.68846495833728,21.892943672548316,22.08862378497235,22.284058934251803,22.47138207855592,22.65131116732383,22.82434002504148,22.99105912077806,23.160778080419803,23.32512971682182,23.487452816657605,23.64393551933323,23.79554986191455,23.953229207411756,24.108151129589743,24.260254470933937,24.409841123795193,24.557515706601166,24.71523474960885,24.872588346449117,25.028696595791544,25.183767778825196,25.337862388574223,25.503662360034124,25.670617187905325,25.83858057088551,26.008401367252297,26.18052744491639,26.36513686839432,26.55213749784513,26.741575171588057,26.933444441135606,27.12762973401931,27.332679806047913,27.540962876169633,27.75347960735026,27.970182947637603,28.191669673976982,28.42425096701246,28.6611439420365,28.90344243978681,29.15112278806943,29.404272768190115,29.669015874012448,29.938531949674797,30.214654800002254,30.498040146784458,30.78910161412402,31.097218068053873,31.411956592136512,31.734517632605833,32.06508306335798,32.403735576055254,32.76201144797712,33.12713581931784,33.50063050615693,33.88258761950947,34.273362155574176,34.68403303657282,35.10293688601344,35.53231966646492,35.972076640757464,36.42224277957057,36.892693866893794,37.37158962354197,37.861373039041155,38.3618537238351,38.87277299920966,39.40533232403066,39.947251486231046,40.50212106913972,41.070800511726475,41.65282198679263,42.262167832969645,42.882886443903324,43.517274897609155,44.16512560273788,44.82599921540365,0.008189904751692833,0.008051500209996381,0.00791428245804952,0.007781947542377996,0.007654653928033332,0.00753250528181342,0.007415511973959568,0.007303110221461923,0.00719590566348045,0.007093758449001414,0.0069965585404985035,0.00690410959890859,0.0068157470043909785,0.006735643316738325,0.006658104621708762,0.006583032333477978,0.006510456487105053,0.006441004595113358,0.0063738917183575015,0.006309003194614983,0.006246264080399362,0.006185791437382602,0.006128633926012602,0.006073473519241412,0.006020168825832568,0.0059686812600017285,0.0059191153250297375,0.0058721865120098145,0.005826946172017926,0.005783275772115424,0.005741135375919678,0.005700539202517299,0.005661581108414374,0.005623980570317491,0.005587673887965023,0.005552588251821368,0.0055185521579789835,0.005485166029076755,0.005452864051086505,0.005421587136731968,0.005391306820757678,0.0053616353206202725,0.0053318345547262985,0.005302925627870637,0.005274830664642915,0.005247517572061279,0.00522061339074053,0.005193436207111271,0.005166936068501445,0.005141075060163838,0.005115848848092266,0.0050907990275614965,0.005065205432578725,0.005040162508435399,0.00501561213691243,0.004991550980762887,0.004967419077502754,0.004942430771301305,0.004917843312404193,0.004893637890502568,0.004869774089861693,0.0048456387947261636,0.004820449220173041,0.004795565849406643,0.00477093803204489,0.004746520991018633,0.004721570807610138,0.004695275289529826,0.00466916640044819,0.004643197574605236,0.004617366491609304,0.004590735845967054,0.0045626809013298245,0.004534727427399399,0.0045068307343604785,0.0044789778477250545,0.004450235400755431,0.004420232780853735,0.004390241229290797,0.00436023568608867,0.004330201201749707
DEU,Third,23.704806147902023,23.997740305329216,24.27338620814327,24.53582515645864,24.787262692365534,25.028537599349374,25.269293333269214,25.500670486154956,25.723341228124564,25.937834246470384,26.144734481877205,26.354686463260297,26.558220977256155,26.758327628386148,26.951694721835935,27.13938966343416,27.33384156800296,27.52483216990581,27.712420531900015,27.89695886964662,28.07912179584475,28.272542289301082,28.46510140633239,28.656068608170386,28.845702184574993,29.034084548139838,29.23570570180757,29.43827763441343,29.64181718024851,29.847278312371863,30.055167366931233,30.27717739295721,30.501730175696117,30.72893908052264,30.95881939158012,31.19127126667895,31.43616440577289,31.68479002086942,31.938159724693424,32.19624595409752,32.45971345773909,32.7359267565698,33.01731225465377,33.30485444072851,33.59855347998295,33.89852059819184,34.21195250014276,34.53120051242353,34.85805608350225,35.193251053122346,35.537244776812024,35.90101989300587,36.272805117267275,36.65365450420858,37.04378896228295,37.44330773846274,37.86574867705998,38.296653706829524,38.737365070080806,39.1879974839755,39.648956840930076,40.13327595299908,40.627775802978704,41.134538187926964,41.65347636014714,42.18465444327491,42.73983155201737,43.30570197775995,43.88448379553561,44.47599684990196,45.079973840279536,45.70982656725253,46.351630690680615,47.00882290197346,47.68237889249627,48.37181509347468,49.09388780763073,49.830339429363846,50.58324576110266,51.3524136966285,52.137395257570255,0.012073588317363514,0.011901177218718641,0.01172972624376703,0.011563878804856091,0.011403879299894908,0.011249907364660059,0.01110202310031103,0.010959558992842428,0.010823325341133826,0.010693190191901056,0.010569055972956513,0.01045071234673665,0.010337343122973392,0.010234352101011078,0.010134457663803541,0.01003755019489512,0.009943685437365955,0.009853693120925208,0.009766573928041271,0.009682193947277741,0.009600468210137153,0.009521562602228811,0.009446862577796198,0.009374660440622292,0.009304781445197564,0.009237185828051631,0.009172020119753491,0.00911023657995787,0.00905059689679213,0.008992952802185719,0.008937259753096494,0.008883542261229373,0.008831931734943078,0.00878206370427411,0.008733857999384573,0.008687224645266165,0.00864193882548731,0.00859747257306182,0.008554406826922064,0.008512667619678546,0.008472220409381651,0.008432549636613641,0.008392669273854132,0.008353947131995722,0.008316281634287567,0.00827963225077764,0.008243500757480093,0.00820697131096214,0.008171321687783206,0.008136503058025877,0.008102510439488899,0.008068728522947719,0.008034184778194236,0.008000356559221194,0.007967166794952529,0.007934612251531487,0.007901935923358283,0.007868073019974518,0.007834725595925782,0.0078018697816121686,0.007769451089943174,0.007736637442439041,0.007702362010230128,0.007668474008337347,0.0076349057355191196,0.007601596940843943,0.007567531963772458,0.007531598149994447,0.007495887154906048,0.00746033526100787,0.007424939871262156,0.007388415008187178,0.007349899589639635,0.00731148505731698,0.007273110167266291,0.007234757127933759,0.00719513850363012,0.007153738729570435,0.007112308895663468,0.007070813492690814,0.007029231693634003
DEU,Fourth,27.849880479295646,28.21309030627179,28.556710480741025,28.884860772982314,29.199943547432852,29.50286385691986,29.80494882194793,30.09581319172074,30.376125501448662,30.646479767605896,30.907433284069917,31.171709889974395,31.428119086664367,31.679439356602973,31.92273120072408,32.159204588450464,32.40354161317312,32.64348048070919,32.8792117724656,33.11116093868234,33.3401100478093,33.58219883731192,33.822852595106234,34.06147143521868,34.298384028743484,34.53370783752863,34.7846346756523,35.03635035976285,35.28904109521624,35.543805099861814,35.80123292421251,36.07526283895738,36.352135374955346,36.63204180653012,36.91502922864741,37.20101678754488,37.50181716286968,37.80708755821097,38.11789449111075,38.43423522911046,38.75687163132905,39.0946868941371,39.438871973286524,39.79034901370477,40.14914667866165,40.51541088394494,40.89788334570187,41.287628541419096,41.68646162680812,42.09521985870472,42.51442944079661,42.957378134082575,43.41025653538838,43.87401678245543,44.348929904370166,44.83512062782921,45.34899956591841,45.87354689349941,46.409984357103575,46.958454210745934,47.51943192463242,48.108731196830234,48.710853232931115,49.32779797035539,49.95949798148876,50.606051479439294,51.28187299671514,51.9714103828643,52.67674026467547,53.39769122682161,54.133983949007714,54.902120457363175,55.6856760257513,56.48806143190916,57.310401055881805,58.15218852859743,59.034076622694705,59.934384525865255,60.85504681563188,61.79588731895319,62.75644006622509,0.020261535694360126,0.02001461731992442,0.019768453016711908,0.01952973697090254,0.019298874545615616,0.01907618065888368,0.01886179713386547,0.01865480686954456,0.018456437919854553,0.01826655018883692,0.0180850522852587,0.0179116843389481,0.017745292031870412,0.01759386431691213,0.017446744092172662,0.017303790851552675,0.017165105472243376,0.01703193537199618,0.0169028238803187,0.016777588287032213,0.016656120327819976,0.016538680730921653,0.016427351382689363,0.01631960650454223,0.016215198615704987,0.016114079065190627,0.0160164792777037,0.015923839436697666,0.01583431743960955,0.015747698567319415,0.015663924614475352,0.015583041913900695,0.015505256795654917,0.01543002749932612,0.015357239945588791,0.015286763827779397,0.015218266022234724,0.015150951261496173,0.015085703105695882,0.01502241340166573,0.014961035004672774,0.014900789526073118,0.014840178698388768,0.014781284797789914,0.014723954843550713,0.014668132151066443,0.014613058663033808,0.014557340191752905,0.014502924284520328,0.014449740732056366,0.014397784024950714,0.01434611347960469,0.014293243291200058,0.014241432789576916,0.014190565739495002,0.014140640009498398,0.014090494606137574,0.014038492538222336,0.013987248163345083,0.013936724592516691,0.013886840758816478,0.013836315801646107,0.013783502873420186,0.013731250421312421,0.013679455554736038,0.013628025246150973,0.013575390103555416,0.013519827778401706,0.013464568197722062,0.013409512922683609,0.013354659344766219,0.013298012841300184,0.013238230235562774,0.013178556369235877,0.01311889416780592,0.013059217191148435,0.012997519000217308,0.01293299059153303,0.01286835627852741,0.012803561103281763,0.012738571265802098
DEU,Fifth,30.993449999649002,31.41658065729268,31.818611067809755,32.20348776819617,32.57372621726432,32.930251437792585,33.28566058938366,33.6284111564282,33.95911611232399,34.278405938912535,34.58676844487014,34.89858415428731,35.20133165663124,35.497350048345886,35.7843219913041,36.063562231830495,36.35149479553362,36.63421918551599,36.912069303972096,37.185528957634936,37.45545964934661,37.73994032944971,38.022403448764805,38.30243911555722,38.58043482977397,38.856536275165894,39.15004538081111,39.44410118135487,39.73908800798096,40.03622001626202,40.33615386252349,40.65458522818957,40.97603536762921,41.30077686557601,41.62888504936226,41.96029978907532,42.30838455329828,42.66153304712472,43.020815619729945,43.38625294598776,43.75868198634503,44.1482258396695,44.54516911500671,44.95028720563737,45.36363915450244,45.78540091091494,46.22558396651627,46.67429788264269,47.133279778247605,47.603448919393465,48.08538526999648,48.59426823434103,49.11474198678254,49.64756456716968,50.193052098788215,50.751350177316795,51.341236159173164,51.94373965951877,52.55984080335239,53.18970943123708,53.83387853215591,54.51047070161478,55.20223579111952,55.91093615862653,56.63652861824309,57.37914797503761,58.15545093379388,58.94820553037639,59.75916942244633,60.58819166160197,61.43498608048243,62.318692552011655,63.220982479088825,64.1450134586228,65.0920413660094,66.06154854101582,67.07750889615075,68.11555525226196,69.17730920391355,70.26262123651095,71.37102499286273,0.028569466894993407,0.028275127876319334,0.027980980914995367,0.027695054265686525,0.027417892665569394,0.027149930979669515,0.02689140293563734,0.02664125717982158,0.02640103561151554,0.02617062717570375,0.025949976263546587,0.025738819072575768,0.025535797941079307,0.02535072804283238,0.02517063722036363,0.024995378380359812,0.0248250944749101,0.02466134478678508,0.02450235977451326,0.02434793479670458,0.024197952552630405,0.024052755832088286,0.023914939319752825,0.023781398859034106,0.023651840530577648,0.023526219974579415,0.023404836055940483,0.02328949725689829,0.02317792573011151,0.02306986384084879,0.02296525145099142,0.022864152875455405,0.022766837593167364,0.022672637317946002,0.02258141644943195,0.022493019681188053,0.022407034659175634,0.022322466017057178,0.0222404319658682,0.02216080000842372,0.022083516236622643,0.02200760368439975,0.021931176834109625,0.021856862231144383,0.021784470152700075,0.02171393502578173,0.021644300034965203,0.021573802541537762,0.021504907737535276,0.02143752836309615,0.0213716627125993,0.021306119068905675,0.021239009548092776,0.02117320388418954,0.021108555631718075,0.02104506505118778,0.02098125581705928,0.02091504275829859,0.020849751970564132,0.02078533982060429,0.020721703190888712,0.020657207724675084,0.0205897498160286,0.020522963462491526,0.020456718404305727,0.020390897058024212,0.020323489188133387,0.02025228438848514,0.0201814169146785,0.020110763238062816,0.020040318440432345,0.019967518951455175,0.01989063226386834,0.019813825421048346,0.019736975646566665,0.019660046228181138,0.0195804494455094,0.019497131914688128,0.01941360701957061,0.019329803520760695,0.019245676592826316
DEU,Sixth,35.647670576070794,36.155532066291194,36.63996560428324,37.10477088994668,37.552639759704604,37.98454412008897,38.41496354255026,38.83064540524941,39.23215053905194,39.620169780564915,39.995036630658966,40.37367661585127,40.74154853750706,41.100496577504984,41.44893954517998,41.788341095164874,42.13768659359066,42.48069416633588,42.81788569939342,43.14982963945632,43.47750657839022,43.82181524879593,44.1633366998605,44.5018925441261,44.83795740245301,45.17171780743157,45.525566355046024,45.879677776272224,46.23468853166511,46.5919776116079,46.9522931133978,47.33388363090221,47.718785065478265,48.10737871644469,48.49978258323697,48.895965867529206,49.31154617952456,49.73305823816656,50.161588958573105,50.59719615985624,51.0408230626352,51.504380776566066,51.97680262846544,52.45869686770651,52.95016696586397,53.451428096574695,53.974328628762265,54.50755418128435,55.052769901751496,55.611008346433245,56.18292322965185,56.786423661479404,57.403873676517094,58.035801429679786,58.68258639888479,59.344403127598575,60.04343880539634,60.757848393273775,61.48832730769817,62.23508295308263,62.99872874696333,63.800700799295655,64.62115758972823,65.46159076218427,66.32199070288662,67.20254077430042,68.12310568401638,69.06396826011965,70.02651426431666,71.0106163878077,72.0159827334044,73.06551318482447,74.13807147559334,75.23653764163431,76.36234350863812,77.51496102492254,78.72310489050521,79.95849360140224,81.22237822474854,82.51464548908493,83.83482785227727,0.04478624012305504,0.044406734354840736,0.04402651288353606,0.043655987755898525,0.043295940636373854,0.04294701695868484,0.042609596681903304,0.04228238741743653,0.041967477014115614,0.04166479821334475,0.04137435726366063,0.041095874335462135,0.040827624384623534,0.040582663396029915,0.040343901000109296,0.040111169014296046,0.0398846881855227,0.03966656606409456,0.03945447676317046,0.03924817328763337,0.03904752611645537,0.038853012585425124,0.038668146491413265,0.0384887877816211,0.038314566370143265,0.03814543600983799,0.037981821530399584,0.03782618290061012,0.03767546529469274,0.037529339482830756,0.037387732279031416,0.03725075069686001,0.03711876955491131,0.03699089578406246,0.03686695786969665,0.03674675296909902,0.03662972865373834,0.036514540572993054,0.03640271233138311,0.036294074016261356,0.03618856005216894,0.036084841272563555,0.035980342585749,0.03587865601182348,0.03577953091449533,0.03568287876324877,0.035587397395099876,0.03549066408217541,0.03539606777013109,0.03530348903505066,0.03521292972840624,0.03512275621273267,0.03503036762536618,0.0349397137554379,0.03485059711818126,0.034763020083329606,0.034674947545503355,0.034583498622553756,0.03449326301801135,0.034404184348109365,0.03431612256967431,0.03422681449272419,0.03413334186335892,0.03404073632874853,0.03394882052974802,0.03385743167803112,0.033763777061207555,0.03366477664919273,0.03356617434032306,0.033467798045645376,0.03336964183656223,0.03326813104818374,0.033160837768533215,0.03305357094754471,0.032946159202243454,0.03283855189390883,0.032727121575105676,0.03261038437130238,0.032493254551065165,0.03237563211556104,0.032257451169476536
DEU,Seventh,39.352575123422824,39.93728292295702,40.497056935166896,41.035296338367544,41.55478161785792,42.05648145038151,42.55636207992012,43.03980741529942,43.50725956621328,43.959437145372554,44.39646268112019,44.837434368863676,45.266150339375145,45.68365433628484,46.08944251697802,46.485093095731415,46.89167915051726,47.29089193099736,47.683469082864576,48.07004868258156,48.451703974700955,48.851624931990045,49.24793584698333,49.64077779763717,50.030700676923225,50.41792557235215,50.827392647724075,51.23672703934048,51.64686950400101,52.05933841496251,52.47495957684392,52.91408313680285,53.35667913774781,53.803246158479276,54.25394180203061,54.70876640321101,55.18524646397951,55.66840181580336,56.15927756172329,56.65796686723687,57.16549947811745,57.695342055091565,58.23539480504335,58.785987960518206,59.34727087402625,59.91949594343776,60.516114364923965,61.12471717135064,61.746763159052406,62.38338534925902,63.03529811512636,63.722791192007975,64.4264220195926,65.14635528512557,65.8830327830197,66.63665532871563,67.43240048875106,68.24612516850259,69.0780786544835,69.92850196905398,70.79808416785134,71.71119463455884,72.64594212805503,73.60334442005166,74.58343113925554,75.5864396190688,76.63512725335086,77.70784000529643,78.80534829488836,79.92756017250449,81.07418763747222,82.27156036626133,83.49630017226508,84.75072044716553,86.03641698317057,87.35286580595762,88.73309899933825,90.14559204961714,91.59098864700321,93.06922369601574,94.57984864508079,0.06153787605052524,0.061133175973794,0.06072648044766226,0.06032897293703256,0.0599415758101218,0.059565087059566445,0.0592000135651645,0.05884504827378451,0.05850254922592379,0.05817254112223654,0.05785512271224394,0.057550082461418,0.05725560840139981,0.05698614711972151,0.05672299466897963,0.056466004823944926,0.05621545613572774,0.05597372264805028,0.05573826915782358,0.05550885555240848,0.055285363755330205,0.05506836217384506,0.05486180438071217,0.05466110887473263,0.0544658805591664,0.05427609649361813,0.05409225271402191,0.05391714667253634,0.05374736643704661,0.05358255811541248,0.05342266263178037,0.053267812774113424,0.053118454413447105,0.052973590114359044,0.05283304076126799,0.05269658902406131,0.05256362089500703,0.05243261198160588,0.05230530817224389,0.05218152494514695,0.05206119420885436,0.05194281138440349,0.05182343596005695,0.05170717477726787,0.05159374943987538,0.051483064615323315,0.0513736326202449,0.05126268127449592,0.0511540926541005,0.05104773898675708,0.05094362762333656,0.05083988105737903,0.05073350777000934,0.050629051175902634,0.05052628926755822,0.05042522992809187,0.05032352518314523,0.05021784143921991,0.050113483528778084,0.050010385481236354,0.04990839010986329,0.04980487405727083,0.04969644841250868,0.0495889467833035,0.049482162534684224,0.04937590900485297,0.0492669372567617,0.04915165312522869,0.04903673785160919,0.04892198990740429,0.048807405914830425,0.04868880619125733,0.04856334075144096,0.04843779281686862,0.04831196220088083,0.04818578694436394,0.04805500927675466,0.04791786966774415,0.047780134554917496,0.047641682201309286,0.047502432857592085
DEU,Eighth,46.26243637347332,46.98164696814695,47.67286997882605,48.33900399897367,48.98302891373487,49.605938440323214,50.22648501405845,50.827510632685815,51.40930984104839,51.97266872613938,52.517168538112315,53.06622751826831,53.60041166125676,54.11963619664756,54.62497448107893,55.118212962808116,55.62427838814254,56.121190915396014,56.61003221927379,57.091567526329506,57.56704632858034,58.06380843984205,58.55563162798719,59.043136987170456,59.527011413076224,60.00754280664825,60.51434455335638,61.02044249656465,61.527254462689584,62.03654303162308,62.549272043536874,63.08957525775543,63.63371979433975,64.18239906534451,64.73584073504121,65.29410229834663,65.87816968662263,66.4702640234815,67.07139075148397,67.6817075939388,68.30239794642651,68.94971448157983,69.60960698177261,70.2820075784291,70.96714294018183,71.66533283176284,72.39290377637195,73.13537881232199,73.89394514859734,74.6699042345572,75.46407812867994,76.30102395366815,77.15793634232543,78.03445283303117,78.93111844124097,79.84817966171853,80.81616465107473,81.80666712119432,82.81927989722752,83.85430507332725,84.91255655843003,86.02362778891596,87.16180562793987,88.32742136271926,89.5205716746789,90.74158236247563,92.01833104172853,93.32554301133966,94.66308832189549,96.03093438104823,97.42879526130544,98.8890451005643,100.38414619408641,101.91560527890427,103.48528952178475,105.09268456932874,106.77844744790394,108.50513478247164,110.27249383746017,112.08054074581977,113.92885948920765,0.10349922302509484,0.10303879798000086,0.10257401605356578,0.1021177084937673,0.10167109437803638,0.10123524186580823,0.1008109086403526,0.10039671766634391,0.0999955813808551,0.09960768688814196,0.09923331004622277,0.09887234717411225,0.0985227873982834,0.0982019750773946,0.09788780250388392,0.09758015568831072,0.09727943004414892,0.09698854672027919,0.09670452352688577,0.0964271242711293,0.09615625652175033,0.09589266131184067,0.09564121311741292,0.09539639434181803,0.09515776431111705,0.09492533446452722,0.09469975673276794,0.09448450930596551,0.09427544781554664,0.09407216494509997,0.09387461953533738,0.0936830092154684,0.09349790844280095,0.09331811555747903,0.0931434270607371,0.09297359832492573,0.09280788030506894,0.09264439342759723,0.09248532395150742,0.0923304620130798,0.09217973520505218,0.09203127316416773,0.09188139047180013,0.09173524761598596,0.0915925067446828,0.09145306202980431,0.09131504578327802,0.09117495818241429,0.09103770952180609,0.09090314141305646,0.09077127406717542,0.09063973516081102,0.09050472411841787,0.09037201061020578,0.09024131818422292,0.09011266044864646,0.0899830545109965,0.08984824069364328,0.08971498087284027,0.08958319666681158,0.089452688980468,0.08932010398595856,0.08918108755585433,0.08904310945728196,0.08890590967933751,0.08876925060585708,0.08862894857657537,0.0884803558708142,0.08833207209412461,0.08818384230658871,0.08803565607076515,0.08788210234680789,0.08771946829490085,0.08755653146210238,0.08739302551296202,0.08722887154019301,0.08705851827930144,0.08687964790253498,0.08669976014207678,0.08651869234084059,0.08633634134292087
DEU,Ninth,51.68466558546915,52.533050294598866,53.35197484906799,54.143235917083295,54.90984525620181,55.652711465039594,56.392735976402086,57.11076373021519,57.806767716298424,58.48153244894203,59.13394602686197,59.791261548697356,60.431339497752425,61.05215466899605,61.65728441765002,62.24866601895446,62.85437873243821,63.449222939285676,64.03471853082304,64.61173402258589,65.1816590507202,65.77517501364291,66.36218836742698,66.94403925567983,67.52154486519356,68.09504083662843,68.69803602317752,69.29945170997095,69.90135126169216,70.50571894080159,71.113628582145,71.75234229473763,72.39500863065793,73.04255604215493,73.69528158520411,74.3533032539556,75.0406180146785,75.73717180748147,76.44378523989536,77.16068287775751,77.889179874671,78.64805506057172,79.42184767014022,80.2097880714022,81.01219370929974,81.82944791537662,82.68050785220147,83.54937462219236,84.43663485910541,85.34374623879641,86.2716200062043,87.24871203748691,88.24960543592744,89.27304137236247,90.31967823934004,91.38980407481938,92.51887302143375,93.67512472521022,94.85703960911341,96.06498409142698,97.29990110420489,98.59626531278515,99.92541495708664,101.28644510776246,102.67954247153071,104.10514254084495,105.59603975741591,107.12424630942186,108.68806236533551,110.28754507371065,111.9224319972921,113.63101065510878,115.38247764913356,117.17677251534836,119.01604588274351,120.8998263930332,122.87619763997195,124.90276221850526,126.97770561029219,129.10116752268138,131.27280593358415,0.1477912215389669,0.14753480135490873,0.14727229617978638,0.14701105404145126,0.1467520160147833,0.1464960743016679,0.14624394107540936,0.14599505923782952,0.14575143083842756,0.1455134433167796,0.14528153136970734,0.14505588808331776,0.14483547542020006,0.14463155881069595,0.14443036215032687,0.14423191407612826,0.14403657277916743,0.14384635757489275,0.14365942990006123,0.1434757251903651,0.14329527148152835,0.14311864441571248,0.14294922605550728,0.14278340942298698,0.1426209632878575,0.14246196327577026,0.14230692072105153,0.14215831252960817,0.14201335362938414,0.14187182025179315,0.14173372955250868,0.1415992705731097,0.1414688980333793,0.1413418148199752,0.14121791453998137,0.14109705753752114,0.14097874994316723,0.14086166855090548,0.14074740206949257,0.1406358267598159,0.1405269226197765,0.14041935392421578,0.1403104552809573,0.14020398310023394,0.14009971527269485,0.13999759007215035,0.1398962549492882,0.13979314221768785,0.1396918625580409,0.1395923212386892,0.13949454521054963,0.1393967838171759,0.13929620342763896,0.13919710113818473,0.13909928341450242,0.13900276686217747,0.1389053228457163,0.13880372634166702,0.1387030685371524,0.13860329899860804,0.13850427411491964,0.13840344612568078,0.1382974802326901,0.13819206113675447,0.13808699044408748,0.1379820947222998,0.13787414725118757,0.1377595492000894,0.1376449078134138,0.13753002323704602,0.1374148916548813,0.1372952956124525,0.13716829783828713,0.1370407253292208,0.13691236955275832,0.1367831635797002,0.1366487166354349,0.13650715316726947,0.13636437574938864,0.13622025086632666,0.13607468676284815
DEU,Tenth,78.68794752358174,80.1296640275129,81.53333056032307,82.8966566897931,84.22296495965254,85.51293096150741,86.79822699776213,88.04975782865723,89.26630852752156,90.44874119220485,91.58919986628231,92.73996899633796,93.8627026022275,94.94774997886559,96.00880610286063,97.0485196221939,98.11053489058092,99.15417387091391,100.1828428640569,101.19791697932556,102.20153929423182,103.23939493706052,104.2641992618211,105.2802649879131,106.2890341352061,107.29112937322655,108.3390243859164,109.38204964209655,110.42498630603076,111.47083702228655,112.52120911638404,113.61715607739929,114.71801602871696,115.82573926616557,116.94096204832792,118.06410283542414,119.23360677645532,120.41821283053389,121.61803779429951,122.8336297885146,124.0668956891183,125.34859147690828,126.65612030527527,127.98585276364898,129.33851768502757,130.71480293195935,132.14615868269732,133.60890819216198,135.10119389438736,136.6251533298698,138.18210813764557,139.8189996940276,141.49750252032706,143.21265203115485,144.96560672852533,146.75685970537342,148.6451805180699,150.582279637962,152.56200941165406,154.58502899671612,156.65284727675416,158.82292986309054,161.05199373852892,163.33397217344168,165.66946494625134,168.0593910205487,170.55961615842944,173.12866489971339,175.75826156662995,178.4488766902191,181.20037017943505,184.07863975308018,187.03680511962608,190.06821060574433,193.17623439770875,196.3606363102418,199.70431739769816,203.14094937545673,206.66213671525182,210.26858779313977,213.9603314718769,0.5708230016573559,0.5732291530231012,0.5756446378176293,0.5780032255869149,0.5802996662595128,0.5825295100023993,0.5846899763222322,0.5867890331405872,0.588812932326365,0.5907617402595933,0.5926350586529467,0.5944343129888277,0.5961703429704983,0.5977581600451395,0.5993081344919534,0.60082120555747,0.6022957888912259,0.6037179820314261,0.6051027672446876,0.606451616386712,0.6077652598334009,0.6090404139923554,0.6102538810258975,0.6114326353269617,0.6125790262259626,0.6136932253722548,0.6147723355676565,0.6157999835076262,0.6167962077244782,0.6177631066385296,0.6187010563578265,0.6196092795855386,0.6204851960819129,0.6213346496722835,0.6221587191417405,0.6229586844559728,0.6237381577407253,0.6245060670014582,0.6252522037012198,0.6259776518861246,0.6266828125595013,0.6273765176454938,0.6280759923820979,0.6287571776377858,0.6294217122975384,0.6300701545346511,0.6307112271935289,0.6313611771372899,0.6319972524564719,0.6326202111857957,0.6332300161706158,0.6338376614807419,0.63446068066832,0.6350724474215889,0.6356742691057834,0.6362661153912853,0.6368617218472761,0.6374806203497774,0.6380917463869116,0.638695480958714,0.6392927568497911,0.6398989251494989,0.6405338395246798,0.6411633392152195,0.641788635068485,0.6424108182696487,0.6430489240346565,0.6437239948675304,0.644396909447147,0.6450688436845615,0.6457398345435036,0.6464343508773757,0.64716908346529,0.6479043103288353,0.648641218170929,0.6493801635173471,0.6501460892697826,0.650949298178254,0.6517560370527468,0.652567018780558,0.6533827028785869
FRA,First,15.041190341531992,15.214342202984401,15.378335121816553,15.540781245151639,15.70398209652465,15.868453735981939,16.03021409894209,16.189312848967912,16.349447354651687,16.510888440529087,16.674152311083734,16.835215979198306,16.994490356345178,17.158539008784125,17.3242577435449,17.492706062357396,17.661264903188325,17.830053772435452,18.002907569571565,18.180018163984414,18.36199166712484,18.54610872311551,18.731142424940053,18.920596840291086,19.114609544516224,19.31305198313288,19.51299463402794,19.713873033399523,19.920671583327596,20.13449044223236,20.355709109554486,20.579229693241054,20.804407697231092,21.035994900900757,21.273871292849766,21.51776525156204,21.761805185987583,22.00795927821794,22.26154842887602,22.52241801036054,22.79135615758251,23.06095359487252,23.3336285707872,23.613797487413464,23.90138764484162,24.196483421357296,24.489116703802928,24.783373597136016,25.08529042217941,25.395831713598117,25.71558441659028,26.034739457042743,26.35654382829238,26.686259910249102,27.024164830706905,27.37037605311531,27.71521205119309,28.06218069960349,28.416312310012955,28.77775599598863,29.147059313166277,29.51625265992645,29.88885220442861,30.26997212506674,30.659507057800727,31.05754180629684,31.45529279210872,31.857278189730344,32.266471672633955,32.682622659484444,33.10537327018767,33.525772540366695,33.95018144397655,34.382826487425895,34.82506600426554,35.276216569978615,35.7267215697062,36.181516385846784,36.64332797001777,37.11192641000012,37.58674525049979,0.003467337718529501,0.0034536579975776695,0.003436609168016655,0.0034211269051683856,0.0034072897106483817,0.003395177727311295,0.0033848668324464853,0.0033730205289700735,0.003363059595895357,0.0033549897772341426,0.003348823564411529,0.003344562135203083,0.0033387440858100854,0.003336942767294713,0.003336590977481667,0.0033376562671458684,0.0033401237344059327,0.003341225304963524,0.003343703336735412,0.003347531274756818,0.0033526977248246924,0.00335917043285083,0.003364256419602973,0.0033706319757091127,0.003378259909204643,0.0033871484693829695,0.0033972239692978802,0.0034053952070927916,0.003414774347845591,0.0034253312749087583,0.003436994843113802,0.003449713799981046,0.003460360510555377,0.00347212581776295,0.0034850068255367706,0.0034989911601164938,0.0035139032491307465,0.0035266663108761477,0.0035404724034165573,0.0035553076730077244,0.003571176218327738,0.003587824209716874,0.003602426727021782,0.003618006529101893,0.0036345321275598687,0.003652009433999228,0.003670068111902905,0.00368579778226793,0.003702402559432842,0.003719873491910785,0.003738226304042142,0.003756907663596258,0.0037729658076527143,0.0037898246579895446,0.0038074502377746997,0.003825865193245507,0.0038444132376245885,0.0038604984109379134,0.0038772753916038877,0.0038947508287522636,0.00391289819666268,0.003931099025579381,0.003947229446431745,0.003963987609506095,0.003981352549097393,0.003999295309045751,0.004017436626129449,0.004034514710567621,0.0040521669218956235,0.004070353138816381,0.004089089987939352,0.004107887560352342,0.00412571172552742,0.0041440526883079485,0.004162879001619928,0.0041821870818183485,0.004201392795071422,0.0042195440384550946,0.004238130649760476,0.00425714756317327,0.00427660575058358
FRA,Second,21.36924215297259,21.62257353546289,21.865038395506495,22.104891000535023,22.344986919369322,22.58598221618282,22.822202100064587,23.05534768016592,23.289159742617223,23.52401369623188,23.760511130679568,23.992999698931996,24.22373219716225,24.459349411804137,24.696760911284233,24.937331755584854,25.17724429639935,25.418071414481865,25.663826344669378,25.91480084549471,26.17179551176385,26.43097282713345,26.692138721415883,26.958873441410063,27.23139850945463,27.50959170564787,27.789270782885843,28.07130076421772,28.36091217391208,28.659507315280873,28.967611509371647,29.278102891841275,29.59205112879345,29.914322303512243,30.244795180043198,30.58316042112752,30.921169171595515,31.26334000168787,31.61518515821845,31.97653810718337,32.34838415016878,32.72031027245466,33.09765095262705,33.484805990094465,33.88170888053853,34.28846935503185,34.6912999952389,35.09792874755851,35.514625093458804,35.94258295460432,36.3825280979402,36.82096077423556,37.264627984491796,37.7187055714166,38.18354910368214,38.65929764627582,39.13275477888757,39.610789934588304,40.09832997951683,40.59555500801665,41.10314691120373,41.6102024762761,42.1232462133092,42.647437760980274,43.18265791909742,43.72902943164499,44.2744679787987,44.82648118680728,45.388001815486795,45.958742264251335,46.538254988489676,47.11425583387319,47.69648053750892,48.28942511938633,48.894774809959166,49.511704193717925,50.127380737553224,50.74964928548671,51.38113832434851,52.021574703191156,52.67026184086687,0.0106818331272965,0.010649031572415358,0.010608106783257671,0.010570898301061072,0.01053760859872539,0.01050844133089728,0.010483590601477091,0.010455017108440419,0.010430971302859483,0.01041147863756887,0.010396575601090554,0.010386272817772971,0.010372200699225584,0.010367842663559959,0.010366991280620989,0.010369569247070469,0.010375538393936725,0.010378202599572955,0.010384196078997661,0.010393451879398443,0.01040594007676762,0.010421578706810826,0.010433861845220882,0.010449253029910338,0.010467658045185225,0.01048909142222502,0.010513370954765787,0.010533047803879245,0.01055561882813442,0.010581006575408685,0.01060903314173128,0.010639568173635138,0.01066510676975708,0.010693306034363232,0.010724153089308254,0.01075760959349852,0.010793248881925734,0.010823721916924491,0.010856654622815012,0.010892006938808256,0.010929780304368964,0.01096936453206176,0.01100404767701345,0.011041013100886192,0.011080179465173883,0.011121551773370243,0.011164249761508496,0.011201397283808576,0.011240569229800716,0.011281735848102407,0.011324929603280975,0.011368841393071002,0.01140654317449858,0.011446081748073017,0.011487370809911123,0.011530458381895304,0.011573804246551059,0.011611352528818121,0.01165047298261192,0.011691176750597639,0.011733397096588981,0.011775691932706259,0.011813134317047272,0.01185199365966942,0.011892214481544884,0.01193372847120083,0.011975653541556261,0.012015077882394256,0.012055782334133552,0.012097671801975516,0.01214077994380232,0.012183977007369744,0.012224891673538163,0.01226694455911029,0.012310061851255655,0.012354231365688506,0.012398114261770801,0.012439541578382375,0.012481914207585845,0.012525219449752767,0.012569478659425096
FRA,Third,23.804391762568958,24.090762175144544,24.366220539079315,24.638483640381637,24.9105798739348,25.183195283997257,25.44997788709051,25.71382291103457,25.97791467127715,26.24265573978042,26.50864715974125,26.76962582859438,27.029156537235966,27.292909173397135,27.558250204546272,27.826655976506757,28.093836723572807,28.362443855069465,28.636043083890055,28.914963465887887,29.20007476010041,29.487101067850954,29.776782613981215,30.072204639758535,30.373623333960246,30.6809137537619,30.98941611597838,31.301174714398048,31.620874543010682,31.950027039428843,32.28922119107555,32.6305578658757,32.9764403334707,33.33110059171514,33.69441272030997,34.06605365451089,34.43689279321786,34.8130986640941,35.19954902726372,35.596070929273026,36.00371387072999,36.41096412340315,36.82492116248257,37.2492894432921,37.68400434411563,38.12917925565917,38.56965694488086,39.01524592010943,39.471534847734695,39.93979396456645,40.420785234129816,40.8997452282417,41.38548038551885,41.882291266060335,42.39056343541538,42.91043052257693,43.42753614696723,43.95068801511104,44.483967013923284,45.0275551233945,45.58218118943056,46.135999174234776,46.69723134684379,47.27032860627757,47.855169156011556,48.45188818339508,49.04727307753708,49.65030498146413,50.26344335429934,50.886392078978346,51.51866323788635,52.146872476312254,52.78230677440628,53.429117561178145,54.08910208742536,54.76138570005636,55.4321047766538,56.110470477629995,56.79862509695678,57.49627535129271,58.20267374500282,0.015096702756245518,0.015057819357248006,0.015009274282971398,0.014965108408332654,0.014925568067767871,0.014890905741115764,0.014861360048458054,0.014827370771985579,0.014798754230634266,0.014775547095494477,0.014757799275609565,0.0147455263088727,0.014728759582125873,0.014723567228745495,0.014722552463832474,0.014725624646617067,0.014732736963740826,0.014735911234089565,0.014743052279689972,0.014754077969601024,0.014768951470149984,0.01478757215674102,0.014802194548056568,0.014820511851678368,0.014842409650572378,0.014867900919997795,0.014896765447381067,0.014920149814001282,0.014946963185367465,0.01497710946028604,0.015010374124626073,0.015046596690508103,0.015076877834666984,0.015110297759733323,0.015146836269385533,0.015186444289213289,0.01522861064521731,0.015264644203107887,0.015303564785454134,0.01534531982111936,0.015389907390409236,0.015436600656381463,0.015477486227916726,0.01552103664324433,0.015567149041039379,0.01561582624545924,0.015666026564530956,0.015709672080664195,0.015755666740986045,0.015803970789628405,0.015854616495130605,0.01590606780422095,0.01595021278445943,0.015996478644304996,0.016044760838775714,0.016095111032203364,0.016145726518344044,0.016189543210963688,0.016235166138487012,0.016282604222684436,0.016331776408254232,0.01638100163331946,0.01642455119716829,0.016469720730256585,0.016516443972197776,0.016564637284957724,0.016613275011855014,0.016658981760924226,0.016706143113577657,0.01675464515004938,0.01680452441040336,0.01685447279221978,0.016901750674847726,0.016950312489086895,0.01700006856908733,0.017051005156023723,0.017101577054953073,0.017149286542099962,0.017198053673011755,0.01724786047871765,0.017298730358757945
FRA,Fourth,27.683856342257297,28.02103166020994,28.346721095977845,28.668448073238388,28.989527300872183,29.310711001563284,29.62459441772524,29.935491340171843,30.246209463196447,30.557206065265916,30.869064839203215,31.17461501976172,31.47894813160168,31.787069421015957,32.09668537527847,32.40944377036296,32.72031001113381,33.03319407482728,33.35140075909713,33.67532180689539,34.00593958038153,34.33827530774802,34.6741058210013,35.01619137589402,35.3648438870355,35.71994544152377,36.076068516675875,36.43657795887528,36.805846154725955,37.18555355214416,37.5763819986174,37.96918866021053,38.36792777017779,38.77642002559362,39.1945414573893,39.62195202361504,40.04808908922181,40.4811457511718,40.9256102368282,41.381306545991464,41.849389660081314,42.31654050002653,42.792106755177514,43.27930172139688,43.77806900110687,44.288534658592596,44.793277133379625,45.30481414065066,45.828325466349135,46.365206393405764,46.91628645255834,47.464648774808026,48.02174964591914,48.591257478308755,49.17360414580205,49.768928453555404,50.36085440210142,50.96069732589959,51.57192479963273,52.19473234065645,52.82992077785625,53.46396691227056,54.10730336189803,54.76391005365045,55.43366105052327,56.116714166222216,56.797932427265344,57.48835826107986,58.19011806648767,58.9029001694783,59.62616572022306,60.34460380975984,61.071736904184554,61.81156479819239,62.566060489159504,63.33427417725641,64.10049751288285,64.8758996603189,65.66226390331244,66.45927529094871,67.26611147450981,0.024497091453620914,0.024443666860171704,0.024376930588851445,0.02431617944539872,0.024261763386262875,0.024214037815635418,0.024173340151613033,0.02412650389308077,0.024087056693018274,0.02405505428008471,0.024030574647570833,0.024013643078486007,0.0239905083327433,0.023983342194166955,0.023981941605246918,0.023986180861263952,0.023995996711999295,0.024000376287937924,0.024010229523155357,0.02402544086576389,0.024045958159815202,0.024071637787689643,0.02409179989642118,0.024117050646148323,0.024147230295916935,0.02418235208261003,0.024222107086298593,0.024254304260300886,0.024291211233589058,0.024332690658310948,0.024378443082489896,0.024428242324840272,0.02446985531995803,0.02451576400229253,0.02456593599311944,0.02462029566796974,0.02467813788749984,0.024727543670345152,0.024780883121164186,0.024838078672019776,0.02489912241940003,0.024963012742846936,0.025018927024701522,0.02507845440722448,0.02514144947151099,0.025207910357278096,0.025276409276606366,0.025335931512822034,0.025398621449850552,0.02546442345238737,0.025533374184889802,0.025603378269145202,0.0256634078918152,0.025726286885621702,0.025791869206728282,0.025860220639933994,0.02592889081183416,0.02598830383671052,0.026050132725578507,0.026114387593287536,0.026180952725521813,0.02624755234168145,0.026306439854614564,0.026367486524826133,0.026430598197859423,0.026495659590240066,0.02656128592104595,0.026622922380614436,0.026686486526861373,0.0267518204829528,0.026818972400595668,0.026886178373742468,0.026949755248208047,0.02701502377691385,0.027081860006692004,0.027150241114145875,0.02721809284431572,0.0272820701146429,0.027347428296407354,0.027414144384396922,0.027482243314249904
FRA,Fifth,30.526054286035286,30.901728124113212,31.26585568291865,31.625357434698085,31.983735854946396,32.341775980244805,32.691287066111904,33.03794995032395,33.383959352152516,33.72980571389899,34.07602510235495,34.41481737052277,34.75273585981751,35.093709745948324,35.435961228548805,35.78125964568153,36.12401791107144,36.4693751794359,36.820139414025725,37.17674968464168,37.540266109625136,37.90518739220714,38.27436754389964,38.65002194211518,39.032503389128706,39.4216981562467,39.81161866825996,40.206965013410915,40.61150610791888,41.02704287373506,41.454328637155974,41.883307036834644,42.31946613838815,42.76592898850187,43.22256988420565,43.68903856206084,44.153741299402014,44.62674529030068,45.11184109142552,45.60884800401642,46.11899176266396,46.627664300755356,47.14623455699627,47.67715400554791,48.2203732004772,48.776022282485826,49.32508176223595,49.88244497731513,50.45254925641385,51.03687033467998,51.63628103970707,52.232376022236984,52.83896429979194,53.458766331469974,54.09224653594285,54.73953964593545,55.38290196450971,56.03585748736872,56.700959919194034,57.37840780472261,58.06905284730074,58.758249632461336,59.458362749564664,60.172607830761685,60.90085860359747,61.64328708255733,62.38342856580943,63.1340220923156,63.896685284306756,64.67110140012413,65.45668846812947,66.23683063328384,67.02683123652977,67.83032143003624,68.64939905519849,69.48306166595832,70.31437957498521,71.15609557120496,72.00947591163226,72.87418713962286,73.7493532405163,0.0335142443149459,0.03345303826675235,0.03337654421895327,0.033306869988815,0.03324443158164915,0.03318964416205643,0.03314290745225096,0.03308909943443643,0.03304376375039912,0.03300697232959703,0.03297882286377764,0.032959348728216396,0.03293273649553375,0.032924491798014974,0.032922880903498423,0.0329277587177713,0.03293905060675142,0.0329440896304792,0.0329554224243896,0.03297291875010415,0.03299651265482501,0.03302603914916081,0.03304921598790985,0.03307823681280422,0.03311291244478603,0.033153257398517565,0.03319890936493118,0.03323586970821176,0.03327822406104167,0.033325810117649256,0.03337827782897688,0.03343536383535407,0.03348304530523313,0.0335356297509513,0.033593072010701976,0.033655282729135365,0.03372144552624405,0.0337779316463281,0.033838890255663334,0.033904222317111814,0.03397391497879931,0.034046817964445725,0.03411058752275932,0.03417844405481692,0.03425021607139205,0.034325893740573446,0.0344038482105652,0.034471547552654816,0.03454281596865303,0.03461757874702731,0.03469587503073627,0.034775320336650074,0.034843406512501826,0.034914689432413375,0.034988996690572524,0.03506639680486706,0.03514411239802508,0.035211315112331186,0.03528121611856621,0.0353538208762779,0.0354289936406609,0.0355041626867121,0.035570593396183764,0.0356394243044362,0.035710548500668154,0.035783828096799496,0.03585770467939088,0.03592705342510951,0.03599853277346624,0.03607196407673283,0.036147396076975716,0.036222848018137035,0.03629418567089476,0.03636738109981206,0.03644229470630672,0.03651889805444284,0.03659486575270587,0.0366664554642404,0.03673955184712241,0.03681412661681531,0.03689020481736328
FRA,Sixth,34.80002855703775,35.2327503071508,35.65360382130016,36.06891328104596,36.4824600391567,36.8950905720217,37.29744357431408,37.69702869756548,38.095360140298816,38.4929857093836,38.890327317538905,39.27873028253498,39.66665166211014,40.056823825980366,40.448059889816776,40.8423087640252,41.23315606174121,41.62737009009106,42.02722734728068,42.43323720325726,42.846580287943894,43.26095420491745,43.68063189128284,44.107229454156155,44.54116195877874,44.98232636011513,45.423890974853066,45.87229988515623,46.33067471400532,46.80099337093722,47.28411232783975,47.76858833049131,48.261959269889566,48.76657979104138,49.28232814943035,49.80884064532491,50.33296272504904,50.86728987077293,51.41485557674823,51.975478826615024,52.55049006730907,53.12331862915795,53.70810605366087,54.30645278855501,54.91832098901097,55.54385274820583,56.16158584382645,56.78970324949824,57.43183828610853,58.08959180277838,58.7639021232263,59.43406070106896,60.11711973988632,60.81473259709854,61.52741231377085,62.25529502027965,62.9784991279732,63.71359716887154,64.46211470860422,65.22426034954398,66.00096124948308,66.77579950424142,67.56381087579501,68.3673725696978,69.18635569216488,70.02095973584163,70.85265742384549,71.69661062377381,72.55387083608403,73.42411149712679,74.30669457897122,75.18295680416047,76.07077085878676,76.97339785189317,77.89311375875792,78.82884449218324,79.76172929569485,80.70677569012445,81.66467069594736,82.63505460202758,83.6169801518388,0.051022917118002276,0.050947271373563516,0.05085267761644983,0.05076646697397362,0.05068916589750605,0.050621305971132693,0.05056339208981728,0.050496690749244226,0.05044046682817492,0.05039482556878464,0.05035989513529249,0.05033572541120775,0.050302689654860254,0.05029245383794838,0.050290452525824106,0.05029650824885318,0.0503105273397386,0.05031678310750046,0.050330850868293676,0.05035256680104241,0.050381847208130506,0.05041848086196444,0.05044722901676088,0.05048322123690938,0.05052621407466615,0.05057622005828006,0.050632783155503375,0.050678562667070895,0.05073100597580189,0.050789906953498956,0.050854822098711436,0.05092541931110354,0.05098436156863558,0.05104933823536503,0.051120286029234394,0.05119708389290985,0.05127872132699622,0.05134838070571957,0.05142352099445733,0.05150401151575131,0.05158982583428335,0.0516795436323519,0.05175797571534999,0.051841389947610554,0.05192956714993457,0.05202248749936309,0.052118144221321314,0.05220116802449812,0.05228851723533725,0.05238009756326083,0.052475947620276624,0.0525731400208754,0.05265638637872359,0.05274349288736287,0.052834240652208445,0.05292870799961724,0.05302350126398201,0.053105423549939315,0.053190586920259755,0.0532789931102747,0.05337047214510079,0.05346189165709502,0.05354263773817991,0.053626256555285585,0.05371260992166793,0.05380153173879561,0.053891121316020835,0.05397517340028175,0.05406175840658557,0.054150656530881615,0.05424192195968243,0.05433315474614306,0.054419362107968765,0.054507764837394695,0.0545981872445441,0.05469059400073693,0.05478217694950042,0.05486843035774503,0.05495644977046691,0.05504619345710428,0.055137693446346815
FRA,Seventh,38.062272330403346,38.5403179574452,39.006749618300056,39.466794095229346,39.924418137500275,40.380493199620204,40.82474274521823,41.266532190196585,41.70638240610302,42.144872621252745,42.582281356771404,43.009367341929256,43.43651655784851,43.864716858507215,44.29360772267327,44.72526999978957,45.15265164093275,45.584194231067826,46.02134199163715,46.464656147833345,46.91540530942642,47.366659380048816,47.82422699503866,48.28883101439675,48.76093680784831,49.240444503972356,49.71988335367351,50.20754792072388,50.7055390311186,51.2159653794899,51.73977039826961,52.26444352511304,52.79964710757541,53.34659204392904,53.90515604380614,54.47496490006026,55.04169878554603,55.62043663271772,56.213051135765774,56.81936156163294,57.44076864883622,58.059251002844015,58.69159050155325,59.33817342192225,59.998972038450646,60.674131477910166,61.34040689179829,62.01904210525882,62.712434463424785,63.42227093050868,64.14952860299275,64.87186844794256,65.60939173797499,66.36225485956842,67.13100965033189,67.91578251865003,68.69521628907744,69.48872576180071,70.29640371697111,71.11845874327115,71.95587386830657,72.79102816136174,73.64142785408959,74.50823129493176,75.39130774853531,76.29087761682321,77.18695505294629,78.09680209517849,79.02067531065106,79.9582454902267,80.90882590350783,81.85233819835118,82.80881572970358,83.78088293602814,84.77094836764927,85.7778826220892,86.78153292895853,87.79882791583307,88.8296563146627,89.87363910395341,90.92977009280871,0.06801534066906849,0.06793871333137297,0.06784282555064701,0.06775536944628632,0.06767689927414827,0.06760797315925964,0.06754912171218125,0.06748130105429072,0.06742410754842063,0.06737766023594041,0.06734209913530752,0.06731748952957868,0.0672838425859536,0.06727341631649851,0.06727137821049475,0.06727754596142879,0.06729182657666109,0.06729819701896099,0.06731252626412948,0.06733464036006398,0.06736444999570822,0.06740173479447352,0.06743098766479114,0.06746760183277145,0.06751132433408756,0.06756215892939126,0.0676196348782031,0.06766613398528076,0.06771938032210588,0.06777915328593428,0.06784499846274276,0.06791656946888482,0.06797629151051697,0.06804209496099357,0.06811390538315533,0.06819159076893068,0.06827411492599517,0.06834449162637606,0.06842035689184897,0.06850157531827997,0.06858810493216493,0.06867850606998535,0.06875748038870667,0.06884141585728872,0.06893008156870553,0.06902344868913411,0.06911948965636033,0.06920278557015175,0.06929036053554867,0.06938210959734423,0.0694780594519512,0.0695752776509185,0.06965848560709416,0.06974548860285576,0.06983606245308542,0.06993027597148503,0.07002474209375673,0.07010631996892579,0.07019106789914295,0.07027897861197217,0.07036987846283317,0.07046064924198628,0.0705407640263539,0.07062367488227708,0.0707092341055046,0.07079727484412868,0.070885912405055,0.0709690080012056,0.07105454806041334,0.07114230874933052,0.07123233713994762,0.07132226599991943,0.07140717884186912,0.07149418934301761,0.07158312106722443,0.07167393467539455,0.07176386984037397,0.07184850620243248,0.07193481207519874,0.07202274314112937,0.07211232736147426
FRA,Eighth,44.28709181432061,44.849786888404324,45.40084866201097,45.94407779351155,46.48380066180901,47.020957268036966,47.54355122505518,48.06400130482279,48.58144744145753,49.09654332421202,49.60918666962604,50.10924745800827,50.610147358421855,51.11044522562663,51.61096222120453,52.114026828520856,52.61137649583594,53.114180802184585,53.622752493626706,54.13775667676478,54.66063391777203,55.183220408930424,55.713822581780754,56.25193054912379,56.79810608981657,57.35226757469687,57.90571854738096,58.46971824665317,59.04498151731811,59.633863133071536,60.23746027999654,60.84118960711662,61.45821947495862,62.088180173964474,62.73095719017018,63.38616420543986,64.03722982831918,64.70335880418754,65.3848380185254,66.08148974471305,66.79485572335594,67.50408980978536,68.23044831165934,68.97262251729992,69.73060438426174,70.5045539771544,71.26774225221023,72.04665089444752,72.84199145742336,73.65561588004296,74.48858423540695,75.31530739822254,76.16107680818858,77.02395352299138,77.90456022999382,78.80301745583161,79.69498050057464,80.6047186750478,81.53031510618008,82.47198909399614,83.43082439876457,84.3867317137113,85.36144684826039,86.35444517421786,87.36559980235258,88.39516658915147,89.4202506285151,90.4618492545312,91.51911073455177,92.59170066159498,93.67885215518291,94.75761389221735,95.85191335251514,96.96354593342511,98.09516446156842,99.24554309941334,100.39186497931782,101.55451293042562,102.73226025460963,103.9246970565488,105.13071389968601,0.1105801585798566,0.11049964282804194,0.11039877617429215,0.11030666925011222,0.11022394026735045,0.11015120413268194,0.11008904467588235,0.11001736024925013,0.10995685676473053,0.10990768897615528,0.1098700246863102,0.10984395127158099,0.10980828792517151,0.10979723392854958,0.10979507173361024,0.10980161348542072,0.10981675283880414,0.10982350537230086,0.1098386908174307,0.10986212213928638,0.10989369763394576,0.10993317664416237,0.10996413635284207,0.11000287033641401,0.11004910151209735,0.1101028186866937,0.11016351433638476,0.11021258425367836,0.11026873677697388,0.11033173030089988,0.11040106330920184,0.1104763594173165,0.11053913801924299,0.11060825294450412,0.11068360776532532,0.11076504906561317,0.11085147426875656,0.11092510329119643,0.11100439907393629,0.1110892006790535,0.1111794512272629,0.11127362912392635,0.1113558082542036,0.11144306078603056,0.11153512087220176,0.11163194682951985,0.11173141820313245,0.11181758832096206,0.11190807867953736,0.11200276917046172,0.11210166796574506,0.11220174609197547,0.11228729624944563,0.11237664359292236,0.11246954721086708,0.11256606078594343,0.11266270848285159,0.11274607045991202,0.11283256992213546,0.11292219442040936,0.11301474862349971,0.11310705474151646,0.11318842853220963,0.11327254409279862,0.1133592479661722,0.11344835461735026,0.11353795469278712,0.11362185149430609,0.1137081107508462,0.11379650325221122,0.11388706446881909,0.11397740680464204,0.11406260493495925,0.11414979941887707,0.11423880840935068,0.11432958132413402,0.11441935678331638,0.11450373604296321,0.11458967242484959,0.11467711787504631,0.11476608682774768
FRA,Ninth,48.8259823712167,49.454764632124295,50.07312590612557,50.6822513362323,51.28666623002045,51.887306839656006,52.47086624301685,53.05312907502904,53.631048905798934,54.20530374236541,54.77536553546729,55.33063346117854,55.88791685695422,56.441939464799574,56.99531340802133,57.55053833295833,58.09845584974595,58.65329151089781,59.21347330730545,59.77973928627142,60.35364717603262,60.926087764704896,61.50831074285228,62.0978292158522,62.695278661232166,63.30057943351446,63.90415300475441,64.52071028211483,65.14865306756323,65.79051062645489,66.44751092982654,67.10353156688589,67.77568429959679,68.46106806874758,69.15956550090507,69.87077605557447,70.57655847958719,71.30048499708785,72.04025868776189,72.79570091271448,73.56843573625046,74.33567751037644,75.12323043279788,75.9271577040036,76.74747138534697,77.5843254279853,78.40865280602061,79.25210122381385,80.1126279872791,80.99218952005707,81.89188395948953,82.78405742250213,83.69918935625044,84.63214407500054,85.58359680597293,86.55364145562498,87.51613358954822,88.50014183170241,89.50069759759111,90.51800897877055,91.55323380969897,92.58485217296074,93.63873422679909,94.71171698895597,95.8036775221332,96.91490066589823,98.02064614773376,99.14524811858175,100.28616062225899,101.44305631615252,102.61509534492936,103.7775914254326,104.9577937971746,106.15604535243922,107.37516875255571,108.61386743598409,109.84781954950364,111.10038940112231,112.36867462171355,113.65223912726553,114.94989144929309,0.15123833535554948,0.1512048803464146,0.15116276829869732,0.15112411548455204,0.1510892395465663,0.15105844660747175,0.15103204274515178,0.15100148554700585,0.1509756100161099,0.15095451909783839,0.15093833061911704,0.15092710432383014,0.15091172542466494,0.15090695138495258,0.15090602051171292,0.1509088432831661,0.15091537829814275,0.15091829008808177,0.1509248377376379,0.15093493177245482,0.15094851091948397,0.15096546005188044,0.15097872816053204,0.15099529833239853,0.1510150305020562,0.15103790271963038,0.1510636673852738,0.15108443880286226,0.1511081427000394,0.1511346512399713,0.15116372690843152,0.15119517892728207,0.15122130801737318,0.1512499718527846,0.15128110178229742,0.15131459848761525,0.15134998434798666,0.151379997362343,0.15141217922536243,0.15144643931221796,0.15148271760198184,0.1515203729791792,0.15155306412177724,0.15158759968592023,0.15162384596431974,0.15166175407240706,0.1517004672621431,0.1517338158354048,0.15176864439911872,0.15180487782026814,0.1518424949113246,0.1518803194742149,0.15191245885465926,0.15194583546245655,0.15198033108033332,0.15201594463867885,0.15205137347321765,0.15208174679524578,0.15211308229243067,0.15214534772093535,0.15217845831045995,0.15221126336416185,0.15224000394650322,0.15226953079097724,0.15229978053679116,0.15233066348203397,0.15236151161969164,0.15239020472182807,0.1524195156481863,0.1524493479128718,0.15247969459715616,0.15250975465397903,0.15253789993669617,0.15256650499817462,0.1525954919096837,0.15262483097451152,0.15265362914675681,0.15268049441124887,0.15270765097941297,0.15273507689290947,0.1527627623416906
FRA,Tenth,72.24109467872167,73.19967386112562,74.15102937361016,75.08690676964115,76.01288160828632,76.93000621827439,77.81837600535549,78.70814995548629,79.58816313250573,80.45930460600995,81.31686947871881,82.15164560332695,82.99290429881442,83.82109698643966,84.64568080245603,85.47000222279208,86.28037454374419,87.1039253161015,87.93216211988008,88.7662150991126,89.60829965851619,90.44374475546638,91.29675923891415,92.15752452997897,93.02706824599619,93.90539719588064,94.77835750280286,95.67500639154032,96.58523715835905,97.5124471508878,98.45848327221027,99.39863355002116,100.3673757217099,101.35243154227088,102.35372312567556,103.37083425774398,104.37733326327539,105.41561216530778,106.47385024304431,107.5519024955796,108.65183950043985,109.74053450230464,110.86381163705535,112.00797468316561,113.17314545063073,114.35950607636175,115.5254197113992,116.72550563189012,117.94762324072731,119.1942598679057,120.4667485905315,121.72595688537287,123.02530146510793,124.34778673381993,125.69435067212052,127.06501985483212,128.42333201032585,129.81961892294206,131.2376117553514,132.67751929817712,134.14084967504206,135.59763454317726,137.09211006134518,138.611452364987,140.15556500337559,141.72488742894527,143.28438443329154,144.87392834162736,146.48474979203093,148.1165506050576,149.7681950806104,151.40499478449252,153.06993927315705,154.75821229782946,156.47345980420383,158.21408369934875,159.94678614785926,161.70901140806424,163.49172167424723,165.29437612639066,167.11543357054987,0.5318860389068848,0.5323522780664419,0.5329354873178633,0.5334671957963001,0.5339440936693751,0.5343628633524379,0.5347203336907218,0.5351321506632958,0.5354793532697575,0.535761264001302,0.5359770544715127,0.5361263763952514,0.536330505213911,0.536393757880269,0.5364061197876774,0.5363686992812625,0.5362820685358193,0.5362434193561127,0.5361564906695403,0.5360223181875282,0.5358414341563491,0.535615149414266,0.5354375901078624,0.5352153239452563,0.5349498592314276,0.5346411493132713,0.5342920234219604,0.5340095134976217,0.5336859425691006,0.5333226101331319,0.5329222661999745,0.5324869880510944,0.5321236551440606,0.5317232186412494,0.5312860948519357,0.5308130543449977,0.5303103589402476,0.5298815192667833,0.5294190786258818,0.5289238377526304,0.5283959990930017,0.5278443280891043,0.5273621963405497,0.5268495789878761,0.5263078582681622,0.5257371713588957,0.5251498787319289,0.5246402960367658,0.5241043232017347,0.5235425635196087,0.5229548084326228,0.5223590012953321,0.5218488367391496,0.5213151780859998,0.5207593708197434,0.5201809585521302,0.5196007274738131,0.5190994261262156,0.5185784296091838,0.5180377458648086,0.5174784243904179,0.5169196333752417,0.5164262175453077,0.5159153808499669,0.5153879697684964,0.5148450265654476,0.5142981441864678,0.5137852122227684,0.5132569554640342,0.5127147289041779,0.5121582190146783,0.511602054043495,0.5110766591854905,0.5105380267893049,0.5099872272342354,0.5094244962531037,0.5088669245712355,0.5083419352477897,0.5078063360761841,0.5072603701409547,0.5067038671223608
IND,First,1.1489643576901267,1.1702856714089607,1.1909055902239583,1.2125988064593818,1.236511054979194,1.2628811669301028,1.2889290259715815,1.316617067529699,1.3464558551775367,1.3785718672221603,1.4133989367502717,1.448064603368987,1.4847865035093406,1.5248923585021226,1.5658816579542314,1.6082576572984466,1.6493521776981073,1.6911511321801027,1.734596885851281,1.7796700974246429,1.826624554459728,1.8721341659488326,1.917754056563755,1.9642883552811374,2.0116448183237763,2.0594773275028784,2.1044107946013177,2.1489123506147734,2.1943869972479892,2.2415641133703867,2.2907099336352625,2.3374663712158874,2.383645250252234,2.4301933711346293,2.4767771141321613,2.5229087143618436,2.564749492523572,2.605403191254429,2.6463446063057146,2.687237708406808,2.7286147802817955,2.767030843839547,2.8040156522640904,2.8404723118228983,2.8761511718915456,2.910942146573697,2.9403819857644526,2.96637863876949,2.99123219344783,3.015798254926755,3.040502872710921,3.0612413061688297,3.079536718204477,3.096424850499501,3.112091133851228,3.1264704636232383,3.1354699959677754,3.1407609771473837,3.1435651885683207,3.143850654378609,3.141720541707731,3.1343746231238483,3.123945557795369,3.112432391493088,3.099621240717008,3.085525484980817,3.0663886433663894,3.043216854390305,3.0175279802583894,2.9890440851595588,2.957299203760165,2.919383155139117,2.877428947769767,2.8343155058653102,2.7913674840589535,2.7477708923870554,2.6998965694037804,2.648871599111007,2.5958170090431913,2.540493760080306,2.4823437415767478,0.0004523958212145385,0.0004230890437834476,0.0003957156781878265,0.0003709636087588251,0.0003486592448326602,0.0003286261931868779,0.00031062545998841165,0.0002940101449072876,0.00027925211063698846,0.00026620955325378236,0.000254762154057725,0.00024473338440288443,0.0002356299441064385,0.00022830299879931262,0.0002211746745456349,0.00021423831021663312,0.00020741933554974885,0.0002003613344473696,0.00019350827300008272,0.00018685211016094007,0.00018038669442206173,0.0001740335370871947,0.00016748894237333985,0.0001611454972768535,0.00015499451634809632,0.00014903148594685027,0.00014319006510953153,0.0001372592917317837,0.00013152294438056788,0.00012597365642776214,0.00012061002000565544,0.00011537193369531222,0.00011010781758525313,0.00010501497923890917,0.0001000889959163568,9.532671673570661e-5,9.068788995018173e-5,8.606424101006621e-5,8.161234655659064e-5,7.732843754460561e-5,7.320964660565999e-5,6.921852667062489e-5,6.526803525489443e-5,6.148807830914627e-5,5.7873363665477506e-5,5.4420170999933056e-5,5.109136804812887e-5,4.782120770933444e-5,4.4713924622523264e-5,4.176417344614594e-5,3.89672022306609e-5,3.6292837058818775e-5,3.3694336607127906e-5,3.124490772796783e-5,2.8938192285608117e-5,2.676873119883313e-5,2.4709663571419574e-5,2.273027976019649e-5,2.0880655294832686e-5,1.915473745610962e-5,1.7546256567163783e-5,1.6033736189439505e-5,1.4597032990425458e-5,1.3267989591203256e-5,1.2040259699109258e-5,1.0907853291222535e-5,9.855923620911806e-6,8.871189715041793e-6,7.970094127778315e-6,7.14688337395196e-6,6.396287148036929e-6,5.707642707447916e-6,5.0724252935459365e-6,4.498165253159066e-6,3.98005090362291e-6,3.5135987124211453e-6,3.0914426341321507e-6,2.7081093611777354e-6,2.3662605521249346e-6,2.0621423727147816e-6,1.7922835607672694e-6
IND,Second,1.8862438713328815,1.9306246703319054,1.9746510943643552,2.0206463970363346,2.0701827236502526,2.123628817927737,2.176355511558509,2.2319338709682133,2.291031078120998,2.353861202340042,2.421006021751814,2.487690701240347,2.557873167586289,2.633274374900617,2.7107343762240603,2.790977527846726,2.8693570312362295,2.949603156965956,3.0329760178069813,3.1194901158926474,3.20953894749306,3.297435001973695,3.3864288765833135,3.4775850359085716,3.5708085149112576,3.6656515751130656,3.7561766808166515,3.8470148822163965,3.9400775638070544,4.036416068316507,4.13644130025164,4.232711940904846,4.3290681333078,4.426805189200314,4.525476869216395,4.624416130261281,4.71674411880225,4.8081801127877535,4.900774831270973,4.994071240421901,5.08884329369065,5.1786675329764025,5.267114321573123,5.355441678754136,5.443299275366718,5.5305294327485885,5.6091512075120145,5.683265478641616,5.756145481629392,5.829021700584454,5.902516693422252,5.969057936028019,6.032271851676424,6.093664312477419,6.1534896506771375,6.211637401205386,6.26033247130379,6.30348027834253,6.342891075542454,6.378476069566099,6.41036729651457,6.432548466714088,6.4496728959392255,6.46479228216504,6.477558228534928,6.487959821303625,6.488416707914855,6.481934492917917,6.470890685484762,6.454795372276884,6.432864306882119,6.398697665232988,6.356971883536853,6.312251210029854,6.266558123392347,6.218611332357783,6.160887125674996,6.09651108463952,6.027404549928284,5.953119515715666,5.8726889505656645,0.002118421282077055,0.0020068666032924693,0.0019012374588105172,0.0018044376515962764,0.0017160848774525873,0.0016357533683218723,0.0015627282824299243,0.001494568230607855,0.0014333802204657946,0.0013787677280960868,0.0013303957606529701,0.0012876641968593023,0.0012485751932393126,0.0012168978587016092,0.0011858869443703765,0.0011555223248159094,0.0011254832553916783,0.001094186895274901,0.0010635928372989636,0.0010336751779461493,0.0010044157947866935,0.0009754655123923302,0.0009454278894385305,0.0009160961848389921,0.0008874410152406028,0.0008594516989541161,0.000831823665724778,0.0008035509814892297,0.0007759819901009535,0.0007490925143469126,0.0007228874983591533,0.0006970810981488273,0.0006709213768778933,0.0006453865284267214,0.0006204649013642214,0.0005961507436730716,0.0005722463057467566,0.0005481905320066402,0.0005247989293553291,0.0005020638107611609,0.0004799828157663835,0.0004583649126837562,0.0004367382691594048,0.0004158174079728567,0.00039558809179773336,0.0003760444698299385,0.0003569882045613616,0.00033804501349519225,0.0003198249139461729,0.0003023140626861264,0.00028550152732074357,0.00026922031430742744,0.0002531920386599771,0.00023787813605873238,0.00022325808685263736,0.00020931627967956824,0.00019589598467838895,0.00018280586750403347,0.00017038971915964946,0.0001586271069448056,0.0001474952685198478,0.00013686241271368042,0.00012659822342512035,0.00011694463462048227,0.00010787589888625537,9.936764142796418e-5,9.132571954339668e-5,8.36619133547977e-5,7.651956088001014e-5,6.987231018341016e-5,6.369623843790517e-5,5.792016485164533e-5,5.248612271806913e-5,4.7473380578465556e-5,4.2857107457541597e-5,3.8613778022575345e-5,3.4691104445592376e-5,3.105077394554976e-5,2.7731228726284694e-5,2.4710448006942676e-5,2.1967583517638856e-5
IND,Third,2.2751890756152338,2.3348609376506024,2.3945636484503408,2.456791266575925,2.523311708010332,2.5945538066522995,2.6648758878331145,2.7388067497318422,2.816997314033462,2.8996977279886194,2.9875175487899552,3.0746648597469277,3.1661299983650415,3.2636071177974326,3.3639627199869158,3.4680420376269567,3.5700881150677493,3.6749576712196306,3.783959000975672,3.8971382569553126,4.01497577798684,4.130446619144437,4.247961697870275,4.368581918238198,4.492226555936475,4.618411350665446,4.739721637497892,4.862211612357356,4.987917301898877,5.118074524564682,5.253182518092445,5.384024610429733,5.515834166294287,5.649962507028746,5.7859207762880525,5.922965345945351,6.052397710588287,6.181681541686234,6.3130266425873875,6.445929540330461,6.581309363793737,6.710905467938077,6.839799565349144,6.9692665586647085,7.098917086082112,7.228577623320919,7.348110030837291,7.463240482465424,7.577563407827598,7.6925231819347415,7.808862840873233,7.9168367697827104,8.021690384726641,8.124968390690894,8.226970141999114,8.32756294168067,8.416585049333234,8.49969792866763,8.578795390466679,8.65375288000797,8.724738410077752,8.783516222337775,8.836708685791587,8.887723632551088,8.936130065667976,8.981894612920964,9.01477960778186,9.039494228171469,9.058678286890633,9.071691810721994,9.077525249695045,9.067219591306959,9.04749951221402,9.023728220296649,8.998341430071473,8.969745659542077,8.92752049981555,8.876532243890574,8.818986062419103,8.754253077514084,8.681048474396288,0.0038080782518941075,0.0036347468299949377,0.0034692971214114374,0.003316479455222493,0.0031759398171680208,0.0030472356655654605,0.0029294345025433293,0.0028187567189638194,0.002718775131182925,0.002629015687175561,0.0025490846773848653,0.0024781259107052797,0.0024129194999613895,0.0023598627042460494,0.002307730717641854,0.002256496577385662,0.002205622659702443,0.0021524141267270096,0.00210019055132422,0.0020489156767033935,0.0019985659644877665,0.0019485442828677524,0.0018964225198028657,0.0018453009255303817,0.0017951365651420132,0.0017459189482486057,0.0016971168464373612,0.0016469416055088402,0.0015977787027100273,0.0015495937488777672,0.0015024046008972334,0.001455701885337222,0.0014081160208958337,0.0013614203758291696,0.0013156012178379148,0.001270655516808637,0.0012262225977371856,0.0011812524423771616,0.0011372658817348684,0.0010942585409219915,0.0010522355534879006,0.0010108405479354549,0.0009691647108074489,0.0009285844864511496,0.0008890847098962505,0.0008506666290716651,0.0008129493481785675,0.000775189423400291,0.0007386051426218528,0.0007031840447677617,0.0006689197660639196,0.0006354841725191286,0.0006023074785253731,0.000570351449965724,0.0005395915416815341,0.0005100131003621208,0.00048129817999748595,0.0004530428397172535,0.00042599942838556,0.00040014405141802534,0.0003754470622042911,0.0003516327720099533,0.000328418421794318,0.0003063648439430823,0.0002854353420821743,0.0002655953097236911,0.00024664401877505385,0.000228386607240545,0.00021118091423166953,0.00019498584046239055,0.00017976487513163012,0.00016536201160181235,0.0001516477304197512,0.00013883946556198323,0.00012689526086256015,0.00011577504516971939,0.00010536044009873357,9.556518750668699e-5,8.650973990527172e-5,7.815353460073369e-5,7.045764852285306e-5
IND,Fourth,2.8226293539195044,2.9028999826122526,2.983751897774078,3.0679318311591337,3.157466631162864,3.252868385041748,3.3470812171727315,3.4459564147572457,3.5501541997188846,3.6599773030119107,3.7760174645113977,3.8911617879465017,4.011775497986955,4.139574437776911,4.2713852601691675,4.408209578242206,4.542742401217888,4.681375384771368,4.825509296152178,4.975233464412687,5.131145356014517,5.284352322500425,5.440868761347233,5.601782962897034,5.7670369545199325,5.936106401350993,6.099530998366533,6.265305760783436,6.435651009232262,6.612042638878066,6.795092223712907,6.973161472388182,7.153395681086487,7.3372435081463205,7.524167025141363,7.713336166799264,7.893548799385493,8.074644125965916,8.259053732196639,8.446222753961855,8.637262660938521,8.821350905968979,9.005692224674515,9.191605707824342,9.378664240722047,9.566679794274007,9.742575765619902,9.91432982192097,10.085958127402398,10.259174330821484,10.434877456264207,10.600380195932244,10.763166123499198,10.924851452525063,11.085798254881722,11.245854746303499,11.391590900587378,11.531143845908623,11.666521477052493,11.797569636986227,11.92456025569974,12.036117226228514,12.141621732558004,12.244924712414347,12.345500537217555,12.443295324148405,12.524422359963678,12.596058347275893,12.66116331771876,12.718916741959404,12.768038947048632,12.79601762870806,12.812476141353635,12.823742287990239,12.832750018060706,12.837529791547821,12.823679636375338,12.798606952258165,12.764849685409235,12.721549648131136,12.667027114366231,0.0074866697833749635,0.007188916564437429,0.006902832382537934,0.006636889896971972,0.006390805569490144,0.006164119449411643,0.005955477371324986,0.005758400258684601,0.0055794593284026655,0.005418049034125104,0.005273682420986649,0.0051450082166961605,0.005026326293823851,0.004929439711087156,0.004833957184949249,0.0047398369284908926,0.004646096110145755,0.0045477442861432665,0.004450898400486716,0.004355500510283102,0.004261516204612351,0.004167833990061262,0.004069881267802919,0.0039734635982085625,0.0038785105302114593,0.00378501149053082,0.0036919622101132137,0.003595930636293822,0.0035014675276508578,0.003408517880832069,0.0033171264367630867,0.0032263123714797236,0.0031333951652994635,0.00304182395240805,0.0029515804480824397,0.002862667390905149,0.0027743744838171105,0.0026845999541433114,0.002596369820818851,0.0025096866189946573,0.0024245726163172874,0.0023403122716321285,0.002255043175236366,0.002171574808757196,0.002089891965394871,0.0020100129807190544,0.0019311556381369616,0.0018517555800034388,0.0017743724761852188,0.0016990006880645472,0.0016256474834850578,0.0015536250634099634,0.0014817033347845853,0.0014119724159590338,0.001344404104817997,0.0012789917346384908,0.001215051451936657,0.0011516867512955066,0.0010905963497899235,0.0010317563778789829,0.0009751294788933109,0.000920107355567668,0.0008660463585043582,0.0008142705437533614,0.0007647278681206582,0.0007173703768069811,0.0006717475101137609,0.0006274079916988802,0.00058524516301414,0.0005451947802912646,0.0005072027287951321,0.0004709109335860761,0.0004360162698293913,0.00040310025208749724,0.00037209198831063294,0.0003429239709700968,0.00031531803590070025,0.0002890716338552793,0.00026453730087862303,0.0002416409011772446,0.00022031074235634646
IND,Fifth,3.2947255356777805,3.394771435015655,3.4960204725058133,3.6013628615219866,3.713030755946169,3.831601568124248,3.9487743949614744,4.071613030646848,4.2007171421293545,4.336426578223769,4.479235060901404,4.620959866535705,4.769193943287844,4.925504502665631,5.086946912229113,5.254661479987031,5.419967970482192,5.590726054839235,5.768331525770572,5.952920472958781,6.145203725191774,6.334606423750077,6.528726903936615,6.728573651356211,6.934120589432269,7.144823573743569,7.349378807634257,7.557659799227855,7.771937302976235,7.993910582738156,8.224295504533956,8.449284052217472,8.677896744379199,8.911570198736024,9.149738077397835,9.391515235413742,9.623399300126852,9.857552390741612,10.096481336089363,10.339604190712375,10.58822132122362,10.829095520203282,11.071624304628843,11.317023686683232,11.564853901030938,11.814926295686384,12.051431525554518,12.284665696862977,12.518843416537674,12.755926066343928,12.996965948622805,13.226545770758387,13.454465844313658,13.682218983712161,13.910237444146231,14.138366627067455,14.350042670692437,14.556043462080607,14.75825511306714,14.956515912064006,15.151286748561176,15.328025018337614,15.499054675835195,15.668393336784757,15.835438666726686,16.000126112071822,16.14494570218966,16.2798058367738,16.407724201269662,16.527711994970794,16.6382295183858,16.72314345076576,16.79523875154554,16.86150685077866,16.92534519775917,16.984426915440533,17.020246369030605,17.04308358412441,17.05555846870568,17.05657176878042,17.04403511915214,0.012169897583269085,0.011749098087479933,0.011342333999503355,0.010961963638787323,0.01060799350734955,0.010280158163951218,0.009976866675971502,0.009688972236777173,0.009426340780924247,0.009188403296674898,0.008974733317334381,0.008783587139694488,0.008606684276858444,0.00846183172194294,0.008318685199039413,0.008177192866184116,0.008035878988975873,0.00788718593321196,0.007740331211192703,0.007595237881121542,0.00745186339732402,0.007308515019709361,0.00715815664403379,0.00700966887448251,0.006862953404343534,0.0067180051409095895,0.006573269077918076,0.006423374787519017,0.006275398874039825,0.0061292672187595295,0.005985061965681496,0.005841239119140248,0.0056935238881258695,0.005547376508840898,0.005402775096195267,0.00525973162288498,0.005117104105705146,0.004971469181885967,0.004827715666648377,0.0046858587938633425,0.004545947191187228,0.004406808834199854,0.004265342084425878,0.004126192627694491,0.003989351708960918,0.0038548677486252647,0.0037214320055286147,0.0035863744145291226,0.0034540382137315177,0.0033244377189831187,0.0031976097624869,0.003072381158927124,0.0029465995673779114,0.0028239196207358545,0.0027043230155171408,0.002587830757957148,0.002473246256189266,0.002358958195515754,0.0022480392973801546,0.0021404858607336256,0.0020362697327425032,0.0019343006609736457,0.001833391280003493,0.0017360329025221126,0.0016421747226985572,0.0015517733671401971,0.0014640072514532079,0.0013780279622115587,0.0012955991049827967,0.0012166483595763276,0.0011411218623631442,0.0010683534043172665,0.0009977655657315335,0.0009305748906358784,0.0008666937099116476,0.0008060394474394062,0.0007480834751814769,0.0006924387533636886,0.0006398985751291428,0.0005903625391548503,0.0005437328916785598
IND,Sixth,3.9709111549212923,4.098993367460054,4.229201110932808,4.364624418421886,4.50777374919277,4.65931838756428,4.80917752138828,4.966146916942331,5.130750903988095,5.3033822099301124,5.4842545105169584,5.663889400202979,5.851525380333106,6.048530309268494,6.252279884417122,6.464101363318298,6.673352877272195,6.8899831386090655,7.115383375252975,7.349755434451892,7.59397486793077,7.835033395158367,8.082831914317794,8.33826735525887,8.601363807803184,8.871560926330352,9.134930321632524,9.404022633511259,9.68116521856502,9.96837089098216,10.266491295412987,10.558683081649251,10.85663390727493,11.161760569254673,11.473463445282993,11.79080232096265,12.097004877386302,12.407547133452844,12.725016057667089,13.04880610910171,13.380491560679374,13.703316683148024,14.02992418610075,14.361366354428505,14.697208336090121,15.037265737653486,15.361862597737694,15.684658286727831,16.01010110445267,16.340481731288293,16.677068836735547,17.000667070449946,17.32437268916479,17.649481048106267,17.976532999806246,18.305383294083203,18.614990352324096,18.920040142216763,19.22218456514245,19.521295063155236,19.81830077078045,20.093884929566194,20.364700958166722,20.63490948437795,20.903824749913554,21.171382068325574,21.4148729051297,21.648315621365196,21.87472050530476,22.09288822837452,22.300949226815813,22.477525752392967,22.640108804333426,22.796463445168154,22.950602217761556,23.09974165729119,23.219453701587383,23.32438850584644,23.417172571014863,23.49638860181845,23.559406067306796,0.02189742950728588,0.02125112409889884,0.020622556509125065,0.020031264180794647,0.0194778658443208,0.018962538153629336,0.0184833302270179,0.01802619834676296,0.017607215514453566,0.017225964400160707,0.016882217066530928,0.016573573967612446,0.01628695704318316,0.016051557376093914,0.015818292230778182,0.015587087519602628,0.015355534370517416,0.015111186791525283,0.014869140025944754,0.014629280334425215,0.014391550118609318,0.014153142080800804,0.01390228489851651,0.013653738526015733,0.013407352291150514,0.01316312906034116,0.012918448312511162,0.01266416940016055,0.012412249883174171,0.012162575571417015,0.011915301385420836,0.011667778927921412,0.011412594993382614,0.011159134925451028,0.010907365805086203,0.010657314221051756,0.010406978337797768,0.010150290428935222,0.009895824815080882,0.009643618680596528,0.009393769687192254,0.009144182792583938,0.008889238275596643,0.008637269037829551,0.008388278367816662,0.008142374554282985,0.0078971674965653,0.007647696307140587,0.0074019515690383455,0.007159989288926661,0.006921910409881674,0.006685526593808094,0.006446736068349835,0.006212459483380288,0.005982706376658849,0.00575756080187197,0.005534735234863905,0.005311069611891887,0.005092576620555051,0.004879307025677524,0.004671264332736949,0.0044663111001338575,0.004262051755998661,0.004063548057096906,0.003870770448249133,0.0036837041159654936,0.003500706112238467,0.0033200263765698033,0.003145413485151105,0.0029768017689164204,0.0028141650769587115,0.002656141997763662,0.002501520812407735,0.002353028689626836,0.0022105719070074146,0.0020740663728722655,0.0019424086096999779,0.0018147810190462484,0.0016930820645630435,0.0015771877149272412,0.0014669769618837196
IND,Seventh,4.595705339535368,4.7526837893187155,4.912868804827239,5.079430324775987,5.255114223775398,5.440664562572946,5.624315946162853,5.816573085255471,6.017782757813823,6.228371735051519,6.448077201263581,6.6664810757839135,6.894339326098126,7.132568519910389,7.379253963908247,7.635902552526083,7.890008195706332,8.153674368639521,8.428154855493693,8.713725033379026,9.011439222175891,9.305905808971755,9.609494326418389,9.922827661658125,10.245996768057704,10.578449951958945,10.90372356664785,11.237166929308849,11.580982110094068,11.937512557721243,12.307741199398617,12.671936487276291,13.04458377412087,13.42692428914689,13.818348200420806,14.217902358871074,14.605586124213279,15.000390227567518,15.404776704836818,15.81815017572148,16.242396201411008,16.65713071123178,17.07865491354889,17.507617446832672,17.94363553777172,18.38654840632742,18.812813792763922,19.239837690000492,19.672003729031783,20.111940549023593,20.561160798119126,20.996813548038272,21.435601264127577,21.878307567040274,22.32561577407247,22.777425161635712,23.208058992299023,23.63674170207154,24.064478083346255,24.491252717200442,24.918864907298364,25.32259663562077,25.724130709611007,26.127335243328435,26.53147671626456,26.936526021894288,27.314211865802264,27.683475527245673,28.046876807991964,28.403025094317247,28.749728236502474,29.059852901589572,29.356505492084796,29.647792004223618,29.938379001876157,30.22503429720381,30.47673293098678,30.71350483268431,30.937522604604148,31.14702496870517,31.338796289123135,0.03470501109721515,0.03386365669453901,0.03303988699106836,0.03225988783670169,0.03152529996570019,0.03083717157678993,0.030193664181276864,0.029576483781851442,0.029007899255333265,0.02848805115743528,0.028017284092699303,0.027592898903195513,0.02719734191118751,0.02687140219572215,0.026547455717881835,0.02622541104836098,0.02590191193426162,0.0255594701606652,0.02521915736280822,0.024880825488040968,0.024544408105864647,0.024205924233271524,0.02384854987991808,0.023493216780725648,0.02313972277365977,0.02278808296617542,0.022434514993006277,0.022065705940386773,0.021698914760980164,0.02133398732482953,0.020971159961762856,0.02060653792789101,0.02022910081480376,0.019852641460691923,0.019477110943075904,0.019102544093862753,0.018725918588271013,0.01833800071802267,0.017951662003455816,0.017566962416553165,0.017184052551836557,0.016799703592977833,0.016405151630152378,0.0160132101261455,0.015623896913107735,0.015237396307406208,0.01484993540793068,0.014453564241896519,0.014060900340422086,0.013672061631840468,0.013287240629284451,0.012902899846802054,0.012512277046937414,0.0121266363471782,0.011746040680548778,0.011370679007017022,0.010996752696853969,0.01061888032141917,0.01024718580689284,0.009881825745991618,0.009522881075878353,0.009166698477751836,0.00880906341190103,0.008458834902306301,0.00811605827131545,0.007780808550087488,0.007450209029441256,0.007121091513014067,0.006800323640810962,0.006487909859662431,0.006183930896911835,0.005885941452156465,0.005591693138169226,0.005306454695301238,0.0050301992836875465,0.004762919607100352,0.004502584238911772,0.004247654230866077,0.004002037828036496,0.0037656621670431483,0.003538461096869386
IND,Eighth,5.700142020333104,5.907154222730885,6.119296382525096,6.339890679233652,6.572077110675519,6.816730930833595,7.059122591412137,7.312749802343978,7.577684067998967,7.854414701835774,8.141290284132515,8.427180592082468,8.72506924233716,9.035145585771904,9.356665649043792,9.691427552262141,10.023673861520233,10.369242273244417,10.729170005168331,11.103850143859875,11.494668702275423,11.881910278786354,12.282387851186929,12.69626278741201,13.123745863155227,13.564323622137437,13.99712529460148,14.442348730004442,14.901959533764781,15.378897930613828,15.874324813304098,16.36368912270158,16.86621138678367,17.38285257566987,17.91297579411358,18.455660144342723,18.9853138971704,19.52702184419802,20.082985561296674,20.652649526050194,21.23849465578714,21.813472030615387,22.400621993741726,22.99986331366093,23.61096682503741,24.233798723006267,24.838172446453942,25.448067826459926,26.067727567637792,26.70030815267652,27.347746362749163,27.98145699150622,28.62399158421105,29.275260341480024,29.93621616670655,30.606873111431202,31.253444971837634,31.90338176333348,32.55641663275421,33.21294094340825,33.877463170493535,34.514554087458315,35.15487726635175,35.801639785104214,36.45408898969871,37.112304492368054,37.738343365931605,38.360109751998756,38.97922358132756,39.59404768590808,40.20192828660524,40.765653132739835,41.31849660210182,41.86884314318964,42.42244839174828,42.97543452305637,43.48525904938008,43.98188735247668,44.46648542976301,44.936794013019416,45.38870872950214,0.06848745357697297,0.06723390974792619,0.06599621273479947,0.06481467587517581,0.063693238271379,0.06263495098891668,0.06163836944253447,0.060676175016453275,0.059784124875682874,0.058963745642075245,0.0582168196202807,0.05754018000026068,0.05690664575905427,0.056382516605227834,0.05585969566982405,0.05533805480434381,0.054812135978379695,0.05425330427101791,0.05369576420626318,0.053139290058406195,0.05258378261279607,0.05202264115787597,0.05142773490332865,0.05083370358156684,0.05024021369318562,0.049647297678614394,0.049048543411726285,0.048421173742775866,0.047794354893777403,0.04716782249996195,0.04654198832142278,0.04591008980055763,0.04525279515582122,0.04459392140187747,0.04393334658008842,0.04327109841649869,0.042601756602836015,0.04190865559238393,0.04121457923500544,0.040519604889224695,0.03982397623453888,0.03912174845493417,0.038396634107681196,0.037671958099168804,0.03694773904327628,0.036224303652822754,0.03549451116147212,0.03474308729783949,0.033993725399608966,0.03324665582480491,0.03250225840672815,0.03175363054283824,0.030987322085040174,0.030225232918308077,0.029467525609241683,0.028714620484354515,0.02795885654994353,0.02718909192147022,0.026425785597877484,0.0256693421699315,0.024920016986868368,0.02417017766994453,0.02341072608398376,0.02266036459234793,0.02191932891823063,0.02118792380709285,0.02045993538750731,0.01972825557197104,0.01900812928985272,0.018299768859086102,0.017603567001743484,0.016914056418195718,0.016225998437680057,0.015551785308796735,0.01489162712983138,0.014245790326635146,0.013609577037972909,0.01297929239869042,0.012364770424579756,0.011766179652905821,0.011183714243408673
IND,Ninth,6.8044958290174105,7.069751379077905,7.342733804829501,7.626642552707507,7.924963226405516,8.238672972381725,8.54996281485605,8.875628025632727,9.215150278318657,9.569032594135514,9.933122479621762,10.297126593926606,10.67588588774891,11.068068124923718,11.47531428937724,11.899730538338419,12.322203135387712,12.76294647034978,13.222387609132745,13.701063421512425,14.200800583489798,14.697024944124543,15.212128073435252,15.745276559999038,16.296861710943947,16.86648508761782,17.42861000129629,18.009228074034297,18.60950621590905,19.23316757865504,19.88152360606868,20.525237175708497,21.189059338055547,21.873202108830146,22.5770356509505,23.29982893259355,24.009880477366657,24.739731481980012,25.490664212448863,26.262270439670534,27.05792073144267,27.84235442711486,28.647813014941217,29.472619221714545,30.316921569348654,31.180646039393967,32.026230922768654,32.886221151437084,33.76385846541122,34.66291210946132,35.58592272774283,36.499247355618216,37.4321888877267,38.38273470926144,39.35230877730278,40.3412180770337,41.30604824791349,42.285843207677445,43.27739805351535,44.28219029977388,45.311356381322405,46.313305557020094,47.331248093888014,48.36617107838314,49.41751461955555,50.48569753841469,51.520938425289806,52.56415048436891,53.614323614750134,54.66973463056476,55.72736151006768,56.737236599819006,57.747506175462604,58.76527720961225,59.79785357201912,60.84081415905974,61.83667202913876,62.83051979875029,63.82059342997902,64.80419929345908,65.77628362450614,0.11987695215979596,0.11859692752183232,0.11731467187501489,0.11607344754381098,0.11487978314153303,0.11373933729956345,0.11265288136988924,0.11159232756774595,0.11059884810798126,0.10967643739974493,0.1088292666224158,0.10805573103525462,0.10732619971615703,0.10671877139677403,0.1061093391803825,0.10549775848632763,0.10487758426078952,0.10421463485507668,0.1035491201882992,0.10288077379385817,0.10220947001280646,0.10152715196727527,0.10079912562786578,0.100067355690915,0.0993314114081639,0.0985913061908792,0.09783892688612683,0.09704516699998363,0.09624650857125899,0.09544256952924779,0.09463383638965273,0.09381143526635942,0.0929496944025828,0.0920793739775577,0.09120018969618801,0.09031204309989016,0.08940744055985253,0.08846327632910188,0.08751007822869225,0.08654780809323019,0.08557665794201337,0.08458807426321714,0.08355846698780546,0.08252038846997463,0.08147372300631385,0.08041879821229003,0.07934490989784859,0.07822881909610602,0.07710509625895105,0.07597394805643765,0.07483582109944727,0.07367987748630898,0.07248456034491707,0.07128341956874966,0.07007659953749809,0.06886467262209142,0.0676350092218301,0.06636865229360261,0.06509865049799228,0.06382561629744492,0.0625499343794955,0.061258332531839384,0.059934315395835686,0.05860992504176563,0.05728559927522582,0.05596190974473981,0.05462742819024017,0.053268435201005736,0.05191281687813867,0.05056109698750229,0.04921417120916842,0.047861394460905295,0.046491951094413765,0.04513023783403529,0.04377695023676826,0.04243292776431522,0.04108847800642345,0.03973544684249019,0.03839488258086893,0.03706760536794115,0.0357545291105909
IND,Tenth,12.027308715982132,12.569906914312298,13.133658959148033,13.720965706134658,14.336734064955271,14.982381362670486,15.625489785788877,16.298644062919237,16.998392002993544,17.72523528637234,18.441377691804334,19.177004100414194,19.93972881755342,20.72040329453847,21.533163853324716,22.381043668002484,23.230308777084666,24.121562983477606,25.051939557951904,26.022125974076122,27.037151040674154,28.042886590662707,29.094459778965827,30.185064085593027,31.315904616896816,32.48761197197296,33.65423028928572,34.868504923629594,36.12589278662396,37.43577883946212,38.79787426466736,40.17099461548815,41.59842689962862,43.076762660945406,44.60421951251154,46.18270442169841,47.753871808164995,49.38506113491074,51.07035997844857,52.810256773895496,54.61611398562277,56.3944223632955,58.23981941220207,60.13957234236065,62.09816065824875,64.11382114213399,66.11783822709876,68.1833787692712,70.30904607686911,72.49888416239595,74.75839047844511,77.07527121610657,79.4737877549424,81.94356429011535,84.48922299355483,87.11356065456509,89.72263092758791,92.42663107532138,95.19777216436015,98.05872202361567,101.1632325915678,104.27140711952352,107.49371141532113,110.81607617099141,114.24123490927697,117.7736171823274,121.30947095555327,124.96337339514946,128.7166218405131,132.5703202978773,136.5230918220189,140.46560949203013,144.53228171786373,148.71701400956889,153.0378304990932,157.49251784343429,161.95335968803545,166.55916755270226,171.2868877423539,176.13725340400615,181.106579831009,0.7289976909369004,0.7340516648078154,0.7390152552495411,0.7437299903121799,0.748184329760774,0.7523701091406636,0.7562966224870235,0.7600741076972457,0.7635647046749363,0.7667653561012584,0.7696717542676567,0.7722984972453186,0.7747527203624286,0.776779417431405,0.7787977824805868,0.7808084011342716,0.7828323331062863,0.7849795113459104,0.787118296943382,0.7892496489690544,0.7913740410942905,0.7935167482186586,0.7957849274269196,0.7980463103404395,0.8003022638025544,0.8025527653393998,0.8048222045313265,0.8071967266141504,0.809565821851927,0.8119306000552996,0.8142896234200342,0.8166684516694692,0.8191397503646253,0.8216139058896781,0.8240914763161652,0.8265724681776891,0.8290772705282863,0.8316682005801332,0.8342600930726516,0.8368528097183097,0.8394455957610546,0.842060745803165,0.8447589527238802,0.8474535168576968,0.8501445728297703,0.8528311152739523,0.8555398594717296,0.85832764741788,0.8611067717608724,0.8638766445100426,0.8666361237130711,0.8694110619840203,0.8722516076988006,0.8750768851519365,0.8778866128548976,0.8806795464808289,0.8834844447601352,0.8863430819178233,0.8891798960266722,0.8919937406265228,0.8947840154260936,0.897579543282876,0.9004147920355631,0.9032204464920529,0.9059959889954922,0.9087406392337244,0.9114781408570665,0.9142358356732185,0.9169568018688102,0.9196405743509454,0.9222859838233417,0.9249142115139146,0.927545848403337,0.930134007318123,0.9326781333252593,0.9351774300887628,0.9376504076087312,0.9401119910508747,0.9425241839967603,0.9448864355318701,0.9471980574376112
MEX,First,1.7250294746264874,1.767774848654726,1.8120557898540532,1.8598961839296122,1.9124649142994492,1.9698106369453043,2.031080869530646,2.0949910270043643,2.1626219326783636,2.2338600007237304,2.30888875364608,2.386451242238794,2.4660809114856908,2.552320656490356,2.64422545176472,2.742700058849955,2.8472784499461943,2.9583177719368825,3.0775725486765224,3.2054726316702142,3.342791451895631,3.488401156160344,3.6426988894548233,3.8072426520630223,3.9825931704502735,4.169061425299639,4.365611048948029,4.573809682712316,4.796265726257582,5.034775681652888,5.290546052794315,5.561478317456285,5.848727265717154,6.154926453271062,6.480963887324139,6.827594199679825,7.192879511241067,7.580577657234134,7.994384328848956,8.435651921487828,8.906979867713297,9.406513349129686,9.93760630511895,10.503559673379286,11.106417260698866,11.73517101206157,12.371371704669148,13.018716991943089,13.678213212842058,14.35103314945874,15.037797759077826,15.732228618171577,16.43854795533791,17.1558446333747,17.884407856462264,18.624118716833607,19.367211976422645,20.119506237030365,20.880024588774717,21.648792267124378,22.42731368841177,23.20811111923258,23.998778006557753,24.799830775153612,25.611039147636525,26.432602472909338,27.254712264402936,28.0841372911709,28.920568348555957,29.76345743281692,30.611759971694717,31.454694309854556,32.30330270162022,33.16054036408098,34.0296830727308,34.909217824455446,35.7840217622588,36.66558108617769,37.55313809573345,38.44606502580633,39.34280292133579,1.3115477046094105e-5,1.371982541044315e-5,1.4415122433902552e-5,1.5225720014175722e-5,1.6155870023245657e-5,1.721097269348577e-5,1.840615902536756e-5,1.9679308616940352e-5,2.1085479599974032e-5,2.2628654182052442e-5,2.4311978794289907e-5,2.614291719942868e-5,2.8054028897792724e-5,3.0276995591644648e-5,3.280280673792695e-5,3.567224047000207e-5,3.8934634485190336e-5,4.257140315322126e-5,4.6710639306310654e-5,5.1426089698150036e-5,5.680322195295572e-5,6.293822035467944e-5,6.985956446004786e-5,7.778379306538978e-5,8.686826898875577e-5,9.729744768700302e-5,0.00010927313546916787,0.00012292068474612224,0.0001386593285563654,0.0001568365461416483,0.0001778476295712181,0.00020213029027148794,0.00023004043353641305,0.0002624347589778072,0.0003000862951431935,0.00034390318211435913,0.0003948739813057362,0.00045397309185411306,0.0005230226927974974,0.0006037964594379977,0.0006983891214212964,0.0008091283780364867,0.0009384441652961289,0.0010902925085124562,0.0012687327727557438,0.0014715281803955034,0.0016935538304476475,0.0019348945889579561,0.0021954645029637326,0.0024750132245276377,0.0027731337232994547,0.003089274080689869,0.0034227494157729743,0.0037727561309019745,0.00413838802290312,0.004518651132119933,0.004912479135366911,0.005318749553850589,0.005736298231610455,0.006163934071987694,0.00660045104426605,0.007044641876391277,0.007495307155216204,0.007951266603660032,0.008411367536356807,0.008874491143159007,0.009339558938857307,0.009805539426246724,0.010271450106532349,0.010736361600229461,0.01119940003886302,0.011659747748798925,0.01211664440112338,0.012569388703068791,0.01301733368501825,0.013459890904587688,0.013896525950409506,0.01432675871422958,0.01475015941188888,0.015166348346364657,0.01557499300879477
MEX,Second,3.4552802958173063,3.534351644965343,3.6160419073749006,3.703405825753194,3.7981746220293693,3.900402785117374,4.008364798509219,4.120490473094577,4.238427038947489,4.361999136340889,4.491457711799247,4.624430904915715,4.76070932352685,4.90699654093602,5.061847645324572,5.226528167636475,5.399767879889112,5.5824917623612675,5.777150893008324,5.984260630335686,6.204813136170667,6.4364545533275095,6.680181947433307,6.938024411542511,7.210593601538294,7.498127099353508,7.79827388107521,8.11366565065803,8.447602010899312,8.802260369501479,9.178951913039146,9.573682042551905,9.988402249018298,10.426146986505358,10.8876181157789,11.373296204400239,11.879153108484063,12.41052922439297,12.971457866358286,13.562931997463693,14.187518920793691,14.84077194621966,15.527238765814964,16.249848076139095,17.010019360500703,17.79487948400391,18.581972038519076,19.377301576310323,20.182417851595517,20.999011326243153,21.828076904891766,22.661213939320778,23.504699520990656,24.357676575147817,25.220737969839355,26.093967248076787,26.966740023596515,27.84769748391269,28.735796634566164,29.631475053539983,30.538217350356824,31.444533042979124,32.36092574574524,33.28818899654593,34.22621548369453,35.17540231708811,36.12288367796698,37.078129720103355,38.040932046816074,39.01079529902517,39.98663632262728,40.954414767916994,41.92863504353086,42.912864054894484,43.91102610287921,44.921461677449564,45.924980481916315,46.93664553935966,47.955676541177105,48.98143941882123,50.012222924164774,0.00011582630835837129,0.00012024473113413369,0.00012528628964500135,0.0001311105447574424,0.00013772732904332653,0.0001451526575571254,0.0001534677879673121,0.00016222131511607255,0.0001717739823800363,0.00018212845061973149,0.00019328148068027082,0.00020525757115637296,0.00021759949662036022,0.000231767874053857,0.00024764209347420636,0.0002654116888610225,0.0002853044995906413,0.0003071278372637502,0.0003315585081390646,0.0003589144626277312,0.00038955503841018907,0.00042387078222587795,0.0004618523847850184,0.0005044913599620315,0.0005523907790360944,0.0006062395683816116,0.0006667520176657939,0.000734203330268468,0.000810245880118513,0.0008960450161354897,0.0009928697800142515,0.0011020506652765856,0.0012244273806717885,0.0013628634075398798,0.0015195811798064392,0.0016970993177884098,0.0018979661924739557,0.0021243824127906642,0.0023813973619552504,0.002673294073680751,0.0030049318057177596,0.0033813291721869697,0.0038071743462740597,0.004291306867630765,0.004841683815496983,0.005446655609149659,0.00608777414195938,0.006763190754655805,0.007470805527961054,0.008208307646688442,0.008973221435171251,0.009762946109241515,0.010574799561933846,0.011406051387984204,0.012253961770467227,0.013115810670302812,0.013988924637351843,0.014870702234489606,0.015758629491436412,0.016650302925303964,0.017543436910419173,0.018435873409139172,0.019325593473221894,0.020210718082777496,0.021089508701068176,0.021960372282177686,0.022821857236880023,0.023672648180231636,0.02451156708786314,0.02533756560652087,0.02614971746972516,0.026947217972877517,0.027729373112587424,0.028495591321965046,0.029245384907213123,0.029978354047882006,0.030694184426776596,0.031392642562996856,0.03207356418313826,0.03273685208775628,0.03338246903849874
MEX,Third,4.692115965037181,4.793456801527096,4.897724612801508,5.008499649160911,5.127851078288591,5.255841773512289,5.390104788200764,5.52926422087358,5.675112471009738,5.827452330074913,5.986569726825363,6.149368077577439,6.31611850097478,6.494067314643502,6.681578191294974,6.880067589885386,7.087644539056707,7.305772725759804,7.537048546060719,7.781957552037468,8.041531587357866,8.312547369521809,8.596512575478364,8.895443552073093,9.209872352717126,9.539885711153758,9.88222879697688,10.240242741294757,10.617260710746482,11.015506602392648,11.43619283249171,11.874141961805284,12.331812679642647,12.812046253091475,13.315255940889426,13.841589861530846,14.385758382037443,14.953909813969338,15.549765035953715,16.173890841648863,16.828574088619888,17.507834938416654,18.216789674985623,18.957659624001618,19.731280634014173,20.525644462757263,21.31852145288435,22.117096532877053,22.92325733701596,23.738991371189268,24.56552343802907,25.393809832201995,26.23094860562218,27.076192263045474,27.930312666427522,28.793529745183207,29.654247356468208,30.522234831764315,31.396468762285952,32.27761393572421,33.17010044515742,34.060882209662445,34.96145230659319,35.87271626929504,36.794630624303295,37.72767253942161,38.65812001455416,39.59628178418686,40.542001558510506,41.49482290535171,42.45367805541477,43.40370568449704,44.36035611796005,45.32736100765452,46.3088037581689,47.30299659096578,48.289806515218345,49.285176177115076,50.28833055893788,51.29864532050501,52.31438703802178,0.0003037953755226262,0.0003139291026674089,0.00032543426076008604,0.0003386523878738879,0.0003535785356262867,0.0003702197821514841,0.00038872630860776027,0.0004080698625944699,0.0004290267678875,0.000451573633512816,0.0004756747707920699,0.0005013547587812113,0.0005276163749142103,0.0005575267119945065,0.0005907562710695175,0.0006276248142342431,0.0006685166611173291,0.000712947710991005,0.0007621957717880564,0.0008167738342308021,0.0008772528077684649,0.000944237309487919,0.0010175359196684431,0.001098863037873296,0.0011891234147752402,0.001289334813872632,0.001400508427080297,0.001522810286733248,0.0016588449367785358,0.0018102224429806513,0.001978640795510666,0.002165803890494094,0.0023724917748821723,0.0026027802678292742,0.0028594561460816175,0.003145602941560555,0.0034641519359955297,0.0038173015372141815,0.004211434562522666,0.004651351893972823,0.005142357042999092,0.005689592189044358,0.006297342689096949,0.006975315210973703,0.007731257642173947,0.008546124921672551,0.009393389248521565,0.010269794296001397,0.011171966549703087,0.012096473294425626,0.01303986771466682,0.01399873776466725,0.014969739814620795,0.015949637306923465,0.016935323046587545,0.017923844884797428,0.018912418558661156,0.01989844486903478,0.020879511334605045,0.02185340171780521,0.02281809492178032,0.023771762759686694,0.024712763775574777,0.025639642549026218,0.026551118664698826,0.027446080527737997,0.028323570684344917,0.029182784984894378,0.030023053931013673,0.03084383905870428,0.03164471780317945,0.032425378355879185,0.03318560589702753,0.033925275535348215,0.03464434483900893,0.035342843191222016,0.036020862304761106,0.03667855546891301,0.037316122514513245,0.03793381138851631,0.03853190432309978
MEX,Fourth,6.395427567065946,6.527125625046125,6.66219925047595,6.804877580112732,6.9576516619638005,7.12060618408876,7.290507921687938,7.466309990315818,7.649997569000988,7.841358316189021,8.04069210007606,8.243980709561153,8.45215440509631,8.67316841244853,8.905164347203375,9.149760761661234,9.404226635159814,9.670784637448818,9.952245710559728,10.249085660140109,10.562418136673687,10.887858909286814,11.227667724310473,11.583898533767297,11.957028583946165,12.347005236361104,12.749388090362917,13.168525899923631,13.607881378169884,14.069815986808546,14.555493987822912,15.058247477684478,15.581306102854162,16.127419327071753,16.696751770757935,17.28916613702208,17.897773206287116,18.529960285406396,19.189289735691958,19.875983027232444,20.592205369659077,21.32999673593429,22.09557990970852,22.890630244327618,23.715552423474268,24.558865002883856,25.397577743166323,26.240496193836666,27.089915317417393,27.948155090615636,28.816701409498663,29.68557537229097,30.562903575091006,31.448032250718335,32.34192653758821,33.24493756736081,34.14373068652334,35.04986291578077,35.96222662731595,36.881835236577544,37.81507511886639,38.745675684316424,39.68678432201648,40.639438923711985,41.60364948326625,42.579979598264174,43.55299911969241,44.53452284113609,45.524433884884516,46.52228892504679,47.52698970150726,48.52189068502213,49.5242996754575,50.53823563554344,51.56808389541777,52.61207098904841,53.6479046885897,54.69342179336201,55.74782390907539,56.81047168224647,57.87954678460871,0.0008082101596318854,0.0008320771457706193,0.000859064876986462,0.0008899326469695341,0.0009246191582370042,0.000963088301980668,0.0010056301443757988,0.0010498401791250887,0.0010974574936927957,0.001148379302097627,0.0012024768801554711,0.001259758599875862,0.0013179745033080176,0.0013838559505729984,0.0014565505643662601,0.001536629372433983,0.0016247817806369822,0.001719822166486124,0.0018243239994996945,0.0019391719564594103,0.0020653375394007537,0.0022038235477557545,0.002353969800255653,0.0025189874415758907,0.0027003438293617074,0.002899667448519154,0.0031185031751828234,0.0033566908905578075,0.0036187465685004892,0.0039071017963251305,0.004224237352570494,0.0045725243057273875,0.004952528058736505,0.005370730640043046,0.00583099239369034,0.006337489567327756,0.0068939056013820905,0.0075024594380141175,0.008172301950963417,0.008909426529760582,0.009720281433053167,0.010610645807469996,0.011584548267132557,0.012654213894146045,0.013828028599483205,0.015073149145034109,0.01634756828256533,0.017646003317041244,0.01896325347501182,0.020294264355315804,0.02163418145978315,0.022978390805241822,0.024322552166343898,0.025662625040625726,0.026994881821163143,0.028315917285469602,0.029622651275124513,0.030912324245372602,0.03218249256467922,0.033431015656005356,0.034656042267501956,0.03585599576262368,0.03702955549496033,0.038175641591191925,0.039293395874034735,0.04038215917540469,0.041441460016429094,0.042470993065737705,0.043470603841250795,0.0444402699306763,0.04538008819150233,0.04629026028606678,0.04717108055895276,0.04802291861265147,0.048846216696727264,0.0496414701433035,0.050409225233277226,0.051150069443256396,0.051864617744678036,0.05255351660683727,0.05321742720276553
MEX,Fifth,8.125396266592462,8.28507041265883,8.44822251708957,8.6196006180243,8.80209620005493,8.9958291077117,9.19668079635769,9.404235930727735,9.620487857454487,9.845231028890689,10.078738383439482,10.316181487239009,10.559340073301389,10.816195562448694,11.084792639844082,11.366899956681696,11.658925454772227,11.963964837441418,12.28482855565822,12.621942384959995,12.97645174979901,13.34281294577105,13.724126890193713,14.122285611560612,14.537665531918865,14.970039620723181,15.41382855298235,15.874391737501167,16.35508395641587,16.858318847796795,17.3851494981977,17.927565038519155,18.48954883438813,19.073537722905677,19.679403095644908,20.306697529272764,20.947112372139937,21.609146952627174,22.29597238947226,23.00743723556536,23.745526125118158,24.500512403247768,25.279650508258857,26.083926602294834,26.913322737481803,27.7579156570467,28.595365900628646,29.435803700205476,30.28187311233894,31.13615570374589,32.00034814367955,32.86394608431094,33.73572638427759,34.61512978320608,35.50326948020202,36.40059830368981,37.29254507015219,38.19198908194946,39.09774877374003,40.01112616961854,40.940130964751695,41.86596222135761,42.802886303253715,43.75202180527044,44.7134086882812,45.68766240128922,46.65826082819942,47.637994769809694,48.62676939315903,49.62414894800314,50.62901592176951,51.62364165425177,52.626473876769616,53.64169867237779,54.6738678635315,55.721152273743044,56.75999828023926,57.809357646939006,58.86841699641963,59.93652425590386,61.011811839063995,0.0017245892283930097,0.0017695978802741584,0.00182030526106443,0.0018780680935758414,0.0019426893216001474,0.002014015582648449,0.0020924919213853067,0.0021736189417358304,0.0022605338842761435,0.002352971731002434,0.0024506255229553874,0.002553439844928693,0.0026573411705587027,0.002774241408445974,0.0029024320727937323,0.003042724869554176,0.0031961088462715,0.0033603111899032246,0.0035395442037372653,0.003735027836280429,0.003948083264186542,0.004180034377162232,0.0044294048700386675,0.004701109873596118,0.00499705490777572,0.005319327510843136,0.00566979566738281,0.0060475549455469004,0.006459036593603664,0.006907181737553729,0.007394873584874772,0.007924691336087733,0.008496386047353624,0.009118460269457493,0.009795179000879001,0.010531042297055157,0.011329601870015492,0.01219214142906429,0.013129485581816643,0.014147529692130829,0.015252416154170763,0.016448989543744633,0.017739440438881753,0.019136370604757733,0.020646626474546327,0.0222246411691601,0.023816070606033326,0.02541448394499514,0.027013819830827537,0.028608427852862647,0.030193105093345426,0.031763111560178,0.03331418128362794,0.03484251981379287,0.03634479697082896,0.03781813086874204,0.039260066838919305,0.04066855326551613,0.042041916328878756,0.043378833619798655,0.044678298235494206,0.04593959722205438,0.047162281091620066,0.04834612942427564,0.04949113492246963,0.05059747233922438,0.05166547022937596,0.05269559919802824,0.05368844472897194,0.05464469095991069,0.0555651032347114,0.05645051689907831,0.05730181214726509,0.05811991967619691,0.05890579382541023,0.059660412873031546,0.06038476642692199,0.06107984989886258,0.061746660997257154,0.062386189734273324,0.0629994156213602
MEX,Sixth,10.627555881904161,10.826795576466145,11.029605125746187,11.241395555092456,11.465598509102474,11.702398987344031,11.94641333880818,12.198253930856591,12.459881297493588,12.73111758259909,13.012073753769693,13.29698963005471,13.588841192992737,13.895477572786058,14.214865188186762,14.548975620548585,14.892989786797218,15.251297730261182,15.626680718274308,16.01950863833892,16.430991158078655,16.853917054356153,17.292676233898113,17.748931681432236,18.222946957915138,18.714291069619104,19.215800607540668,19.7343078217746,20.27302542334898,20.834486855365686,21.419624509504207,22.01865612911308,22.636659921797328,23.275703859157762,23.935323632605062,24.614736464304475,25.303709796755964,26.012388115201404,26.743504296239962,27.49650961349764,28.27328808271508,29.061581197551323,29.870373556350483,30.6998735540423,31.549669889934723,32.41175806767134,33.26424233086339,34.11908811404992,34.979389618724674,35.84802493292753,36.7269402217222,37.60507601290383,38.49185191214919,39.38682291853164,40.29127246722249,41.205760606380636,42.113735250303186,43.0301005160775,43.953478095673574,44.88565281248545,45.8377143126924,46.78624348567521,47.74721657728635,48.72185396288091,49.71021928241077,50.7129857867393,51.71183664430581,52.72111103821131,53.740728842328764,54.77024521760081,55.808493671817196,56.83589869673942,57.87278509345045,58.92359423583625,59.99315017877369,61.079525983607844,62.15697897958463,63.24636439332224,64.34683426647945,65.45770735867171,66.57702375539101,0.0040401194498037975,0.004132147654331483,0.004235454330335887,0.004352667377891175,0.004483225934159591,0.0046266550261400904,0.004783673064659353,0.0049451593341423685,0.0051172614843593275,0.005299313775545277,0.005490580139119368,0.005690828071202281,0.005892068471027281,0.006117191634665011,0.006362550987104687,0.006629350715129958,0.0069190849824160156,0.007227096026923139,0.007560883617107195,0.007922208328089556,0.008312947616549278,0.008734908562101225,0.009184792972476147,0.00967078675022427,0.010195466146921179,0.010761614649380968,0.01137151086143123,0.01202257029994421,0.012724747740978617,0.013481712779669325,0.014296855342149993,0.015172888224286826,0.01610777098343944,0.01711358656936471,0.01819509713566616,0.019357150012422723,0.02060281980009989,0.02193148376118112,0.023356886922673258,0.024884615322574268,0.026520188372109593,0.028266791820977803,0.03012346257496574,0.03210374272256792,0.034212157007765386,0.036381176193540206,0.03853537772030353,0.040667098371281366,0.04276946513336717,0.044836401253049114,0.046862617159304114,0.04884358540664147,0.05077551416995525,0.05265530232589477,0.05448049380198675,0.056249228744170376,0.0579601840226638,0.05961253029436492,0.061205873167991476,0.06274020170335534,0.06421584320841157,0.06563341809248431,0.06699379014585614,0.06829803315598885,0.0695473948265355,0.07074326110788652,0.0718871296849117,0.07298058314191869,0.07402526575734691,0.07502285964203924,0.07597508046616133,0.07688364264456593,0.07775026546988537,0.07857664542065533,0.07936446378393479,0.08011536640399364,0.0808309632363098,0.08151281753592939,0.08216245952918774,0.08278135721612953,0.0833709385140514
MEX,Seventh,13.391003242595515,13.629070073403653,13.870204774755493,14.120350913265996,14.383520449894432,14.66000183313052,14.943012426860856,15.234786142274997,15.536942059877777,15.849374258519351,16.171828996169584,16.497946994393036,16.832213989804426,17.18123653773279,17.543110608032055,17.919966558478958,18.305647619700572,18.706140854643138,19.123877781171306,19.559119589318684,20.013098723122727,20.47678615931018,20.956147065937547,21.45231150757169,21.965377055377783,22.49466277083274,23.031394417766535,23.584027800887547,24.155308017922085,24.747826637810057,25.362323657562925,25.987376460345136,26.629211121097242,27.28923050968128,27.966579227692066,28.66011923057421,29.357839767080034,30.07151979428432,30.803157781616218,31.551786481902354,32.319164132885774,33.0906248764593,33.87696946474629,34.67743882465468,35.49126379740595,36.313758888082745,37.125188457179505,37.939056442555085,38.75883071415227,39.58758852652291,40.42745179123272,41.26717909776052,42.116416935066084,42.97480730813345,43.84373759221399,44.723822698716745,45.59701976891555,46.47976663663989,47.37048914399204,48.2713584572731,49.19599922235767,50.11723605852561,51.052206542874,52.00217187786745,52.967187294061695,53.94793932248806,54.924944532931406,55.91353774514328,56.91363109309757,57.92475967920715,58.94571171057516,59.95579376677405,60.97646388245094,62.012298956002034,63.068258280742576,64.14233939063384,65.20754377496544,66.28581695141483,67.37627606144864,68.47821439499836,69.58961007800077,0.008417318522490433,0.008580174274209661,0.00876229191343632,0.008968057251865825,0.009196194071607782,0.009445576812343695,0.009717142925997749,0.009994915143151404,0.010289309048234663,0.010598946963805195,0.010922359738240697,0.011258952476739399,0.011595220843150691,0.011969115068846762,0.012373979209919252,0.012811222605288311,0.013282660096074489,0.013780128444668227,0.014315105037378002,0.014889599244217011,0.015505711127459276,0.01616532887855724,0.016862368645064393,0.01760848955883826,0.01840640141838326,0.01925897792591229,0.020168186291158848,0.02112873004389713,0.022153697487943855,0.02324654131560667,0.0244100965367925,0.02564604642343529,0.026949324815279698,0.028334364244737238,0.029804897855548684,0.03136446100873072,0.033013930990370755,0.03474918683047386,0.03658453463117224,0.038522994612689515,0.040567071305858814,0.04271596857609515,0.04496362236222103,0.04732111363371004,0.04978787664552384,0.052280778565465216,0.05471326862800594,0.05707908602435169,0.059373106697688326,0.06159127708530068,0.06373053521924055,0.06578873304119749,0.06776455152817355,0.06965740273854652,0.07146735490209663,0.07319504415394328,0.0748415878664475,0.07640851778320472,0.07789770205776439,0.0793112857503452,0.08065163248899292,0.08192127548371768,0.08312286472246638,0.08425912819843065,0.08533284633041166,0.08634681100836408,0.08730380158737831,0.08820657607975381,0.08905783689101393,0.08986022399914055,0.09061630724825676,0.091328572936033,0.09199941708205549,0.09263114540979726,0.09322596750427001,0.09378599132743605,0.09431322626610966,0.09480959088603008,0.09527690063385454,0.09571687904864397,0.09613115681712164
MEX,Eighth,18.260397979759773,18.565414394590544,18.87254722847314,19.18853609891203,19.51836044779321,19.86252233754462,20.21180885492467,20.57149567394101,20.94253898225259,21.32499461088287,21.71722320812622,22.113147089179577,22.519423350034653,22.940260319652666,23.374088108637434,23.82329963220487,24.27945357469322,24.751381120443344,25.240886782243134,25.748074931713703,26.274289643934534,26.80719422123038,27.355760408199384,27.920216388398995,28.500439280852525,29.095412496632953,29.69366221485923,30.3064962251215,30.935894170978024,31.584683104605084,32.253313018517915,32.927903657171484,33.61655927661383,34.31971182895999,35.03594584946923,35.763710022897854,36.48806032329253,37.223694503192085,37.9715438797177,38.730122522595074,39.50126956183846,40.26578852663091,41.038266820084736,41.816569536228656,42.599622998583186,43.38771412878172,44.16377984254065,44.94391143312025,45.732172207472665,46.53183067343533,47.34523254486134,48.16145192701139,48.98973597414414,49.82987362688878,50.68337562530433,51.55089880717501,52.41132367009511,53.284145214931414,54.16725283007363,55.06372385015344,55.99358338055209,56.92060090032142,57.86421839962366,58.82576143809752,59.80525302136279,60.80339654942682,61.79820730767273,62.80709915166294,63.829954744598226,64.86625657083596,65.91468646997656,66.95202784631854,68.00222547775462,69.07014800783226,70.16106573341798,71.27282351370866,72.37549073225942,73.4935295331251,74.62598830779255,75.77210172132874,76.92970910739854,0.02257096719332988,0.022921094050250126,0.023310904765478473,0.023749183238242794,0.024232515504276412,0.024757815256940357,0.02532632683755816,0.025904148977217257,0.0265126019386349,0.0271483131103248,0.027807795720679155,0.028489412819483938,0.02916568995748538,0.0299123163123054,0.03071466675675721,0.03157428128400103,0.03249336701447634,0.03345479103920213,0.03447942186188059,0.03556943222683196,0.03672699886531217,0.03795373818651677,0.0392365170846836,0.04059481226389479,0.042031143994394046,0.04354809218798812,0.04514640808526788,0.046814137767672556,0.04857111607026331,0.05041982127423216,0.05236138773118296,0.05439479527741829,0.0565079943682282,0.05872032593297336,0.0610330122235699,0.0634465583403874,0.06595704551821802,0.06855297866777062,0.07125005642430728,0.07404619037287082,0.07693806580520064,0.07991733483768507,0.08296839493486868,0.08609852852683413,0.08929831979488215,0.09245465159185456,0.09546006917068484,0.09831272703621459,0.10101230709608477,0.10355982181967012,0.10595743699875598,0.10820829708739252,0.1103163449512976,0.11228618281697267,0.11412292153874598,0.11583205462949966,0.11741934622361098,0.11889072761196917,0.12025222200202125,0.12150985515487095,0.12266961303643201,0.1237373668832906,0.12471886014693744,0.12561965311157372,0.12644510755669083,0.12720037015625438,0.12789034825654938,0.12851972317069682,0.12909291379946083,0.1296141156518321,0.13008726723534575,0.13051607566527773,0.1309040160332188,0.13125433193663788,0.13157006131773652,0.131854031443466,0.13210887034867377,0.132337020161643,0.13254074832079613,0.1327221492249996,0.13288316499779787
MEX,Ninth,24.61851092264576,24.99461638274367,25.369604758159625,25.75069245961867,26.144160164771403,26.55093161257141,26.958643526988027,27.378118512781374,27.808474174883642,28.250131674069547,28.69795610714896,29.14959251859124,29.61422916598589,30.089592714780842,30.57527035535193,31.07385827310526,31.574126056092886,32.089131894015964,32.61898295909348,33.163491796052696,33.72413399545119,34.284198246589426,34.85725325410152,35.44161755892598,36.03685414141805,36.64154229787238,37.24124300963098,37.85099551444989,38.471048258686096,39.10451842681203,39.75140124516337,40.395761596992095,41.047855760055164,41.70634172727337,42.36913716035883,43.03433587094997,43.68425229083265,44.33694753710871,44.99152895540119,45.64603277337191,46.302526146188555,46.937114445645655,47.56909893491029,48.19449941652125,48.81215700283827,49.43115489923677,50.041194538510744,50.66033950742569,51.29296739432269,51.94220508293866,52.61034979456181,53.287237838033825,53.98082756232714,54.69088034744085,55.41880483222847,56.16510547545851,56.90637361074679,57.6641922967321,58.43587175576749,59.22506560447164,60.05639875991009,60.88677492824854,61.736926598663786,62.608101904115976,63.500197049460645,64.41381931346083,65.32560111329602,66.25400067840444,67.19881059083332,68.15941312413538,69.13437449404522,70.09927858671495,71.07918855883122,72.07903700802221,73.10415393891526,74.15224920204847,75.1921760405511,76.24938904367045,77.32285912367347,78.4117538426392,79.51381896672873,0.05845103766250409,0.05907197816767537,0.059759073400888436,0.06052638384176871,0.06136629466008618,0.062271833864018425,0.06324348790368535,0.06422234355345492,0.06524382699553864,0.0663011676949972,0.06738761638474113,0.06849964238940291,0.06959229032741424,0.07078656734601363,0.07205626303305485,0.07340122620035065,0.07482215845059614,0.07629019135823661,0.07783466373693064,0.07945560974548894,0.08115284014080207,0.08292512089149821,0.08475021267965566,0.08665232357973693,0.08863069179874439,0.09068434823879976,0.09280960706022817,0.09498622391472121,0.09723538444537899,0.09955464416619356,0.10193955723658764,0.10438287406264166,0.10686451101568026,0.10940111810777693,0.1119869741603323,0.1146151706246362,0.1172737957709238,0.11994334967374216,0.12263201297757707,0.1253285371872603,0.1280201056767813,0.1306890642808331,0.13331180774197543,0.1358842235183433,0.13838685933582132,0.14072532846322508,0.1428266182326663,0.14470213187123177,0.14636397240766044,0.1478246996618166,0.14909710770831727,0.1501940313553869,0.15112818634320868,0.1519120409454593,0.15255770802973304,0.15307685723234873,0.15348065418611873,0.15377971486903944,0.15398406573420634,0.15410314307582748,0.15414577858730835,0.15412019938995994,0.1540340397543745,0.15389436480812,0.15370767781799455,0.15347995374174556,0.15321666497258446,0.15292280722409163,0.1526029213935895,0.15226113313090558,0.15190117421563032,0.1515264111908024,0.15113987863062195,0.15074429250669752,0.15034208861328882,0.14993542837138155,0.14952624711523932,0.1491162497385601,0.1487069398806147,0.1482996446364238,0.14789551725572453
MEX,Tenth,58.050008488200966,58.73071601278494,59.3866604429491,60.02494805366029,60.658873699805376,61.29269989444103,61.898253072445684,62.52219792483109,63.150623503029905,63.786854147125624,64.34534704600973,64.95422393122107,65.59077929643601,66.20861437171081,66.81717757191859,67.41948328240797,67.99395068691521,68.57610173445566,69.15562562843077,69.73062333200366,70.30629105263559,70.83328796604178,71.36151336625085,71.87794839689975,72.38175935573831,72.87153885079903,73.3220801318849,73.76633675970294,74.19459501026202,74.61532498392184,75.0249290628866,75.41129586595324,75.78609292406662,76.14101041817493,76.47104851743069,76.77579994441011,77.02791801460346,77.26101687004179,77.4657499378232,77.63982889482983,77.79073363417555,77.86165538659257,77.90715210501368,77.915665971222,77.8887494660818,77.87100726590533,77.87762693108505,77.93253761993432,78.04068343652307,78.20171802234073,78.41629008197643,78.69009513863224,79.00971933108892,79.37487468336414,79.78566146172126,80.24116014563059,80.70375316242179,81.20775475352136,81.74544632487084,82.32599006810088,83.01760932221521,83.71782974776593,84.45454273117177,85.22859228457851,86.03922967153035,86.88660715087555,87.7387364957935,88.62056614222666,89.53142426744839,90.47017858039142,91.43475932074575,92.39238503910506,93.37581497810625,94.3905884306565,95.44270241451281,96.52919639172008,97.60956459154221,98.71702542564618,99.8501719155605,101.00783898845953,102.18721889558256,0.9035550206229198,0.9022450371682765,0.900787769778971,0.8991507188970407,0.8973469996153399,0.8953884317435263,0.8932706469467379,0.8911200033848456,0.8888571229253961,0.886494576683913,0.8840452773838422,0.8815152105512298,0.8790061448266233,0.8762371406975104,0.8732623562047224,0.8700758562096766,0.8666690830343354,0.8631050128231725,0.8593055926242332,0.855261836276076,0.8509644703781584,0.8464059992443401,0.8416334860789124,0.836572352341233,0.8312105154416196,0.8255351002086153,0.8195394552791329,0.8132641578359123,0.8066295209478777,0.7996198929251617,0.7922236340107455,0.7844361955243606,0.7762945251221919,0.7677133358013003,0.7586747236092823,0.7491615227079766,0.7391719083392148,0.7287327431578948,0.7177588668942148,0.706232263855622,0.6941361932826876,0.6814711553939266,0.6682657624792878,0.6544448925125238,0.6399984579115512,0.6253959661605031,0.6111263101388121,0.5972105897952691,0.5836658387787321,0.5705053138063433,0.557738793488116,0.5453728927893632,0.5334113807650654,0.5218554814928985,0.5107041700954876,0.49995446039860614,0.48960168725573533,0.4796397352731581,0.47006128908680656,0.4608580263247002,0.4520208092993934,0.4435398691206524,0.4354049442397722,0.42760542247495553,0.42013044776973935,0.41296902851804584,0.4061101383926887,0.39954274552840036,0.3932559424629569,0.387238940420041,0.38148114409662454,0.37597217630062024,0.37070190666726216,0.36566049087698166,0.36083834482739213,0.356226211293696,0.35181512869152104,0.34759644558957886,0.3435618267840712,0.3397032517100552,0.3360130132207855
NGA,First,0.6685283255402298,0.6760935181146951,0.6830027468546088,0.6904619647578013,0.6993560159844765,0.709821617550653,0.7200986785057074,0.7315869655340483,0.7444307907706997,0.7587134623246425,0.774686073276796,0.7927502802208448,0.8135690728072044,0.8372223246503675,0.8630056761886225,0.8914538887237465,0.921046530652375,0.9535679798226947,0.9895056789761465,1.029025852979405,1.071591011220981,1.112893447165812,1.1572897140992675,1.2050489604680104,1.2562548925659478,1.309804524119596,1.359967948637392,1.4128595043256245,1.4721393700017782,1.542542855846476,1.6184905819423663,1.6971109140511476,1.7801810894869832,1.8681603735697456,1.9610033088390573,2.0585275771814278,2.1578215058166066,2.2621360263240637,2.3723999282704775,2.4886168503921415,2.6116594480699105,2.7263711347931534,2.8407507079317975,2.9597758641021623,3.0834177685654165,3.219169994036355,3.363301979450085,3.5164441700944273,3.675728757779117,3.841460338443226,4.010147064506563,4.175095230559165,4.346584770646509,4.52467560597321,4.709963745185837,4.9027359646098345,5.097813324316108,5.299288592965454,5.507093934610056,5.721542540148547,5.94361764518407,6.168871281634894,6.402529825577598,6.645772059315861,6.898760533538629,7.162015040461171,7.429461181271486,7.705070265739812,7.98927369302072,8.269428311194394,8.547579765298028,8.82423504891897,9.106001073237008,9.395868520001615,9.696902471499383,10.007922593944876,10.31986998292937,10.63864007615839,10.963999836299436,11.295481449316727,11.631752118051423,4.938199179780475e-5,4.938515732399961e-5,4.938321538424554e-5,4.942946810041106e-5,4.952275476268837e-5,4.9662223370360165e-5,4.982609038879486e-5,4.997151268987274e-5,5.0158363798035726e-5,5.038463473448167e-5,5.064863746426251e-5,5.145997572521296e-5,5.2524128311449445e-5,5.387326045357246e-5,5.533226268271968e-5,5.69076475089698e-5,5.858035769861771e-5,6.0319723663766575e-5,6.21933566916163e-5,6.420973098479381e-5,6.615494868398908e-5,6.746620506935941e-5,6.880585358327047e-5,7.024470330303842e-5,7.178762436528211e-5,7.32228080984159e-5,7.375732977272888e-5,7.427690957218326e-5,7.543856297879203e-5,7.799130610786588e-5,8.071087455274701e-5,8.358911501851133e-5,8.660653210822332e-5,8.981956520100015e-5,9.324047430316573e-5,9.688265500360444e-5,0.00010073957434214391,0.00010479836043441461,0.00010912449556932227,0.00011373652203742956,0.00011865463218939805,0.00012171813857987882,0.00012395152937840897,0.00012628471814503758,0.00012872083202408814,0.0001324694631124067,0.00013760757675647888,0.00014367076237247893,0.00015001505070694402,0.00015649314453316704,0.00016241300158072888,0.00016741742830986232,0.0001726248684215601,0.00017811269713058505,0.00018389645410538095,0.00018999491922251364,0.00019638801808747767,0.00020307572117737516,0.00021013104449283572,0.0002175772976435023,0.00022543775438281887,0.0002336833757234225,0.0002423283270822498,0.0002514618576687607,0.00026111438099531056,0.0002713184385457609,0.00028205776727782765,0.00029335970236101454,0.00030531977346475223,0.0003160511554547288,0.00032599528295403085,0.00033615427388685365,0.00034653935887807985,0.00035720276121889465,0.00036815899857158165,0.0003794220122031087,0.0003909029267529024,0.00040265799830392504,0.00041475491220851584,0.000427210559036027,0.00044004337754390075
NGA,Second,1.260642998173798,1.2763113357445173,1.291263312498505,1.3072755988911904,1.3256706697670557,1.346700384286908,1.3671220792193655,1.3897486714131746,1.4148493777958535,1.4426112873597061,1.4734610216522377,1.5072469430639515,1.5457346256961804,1.5891007612451595,1.636404320831061,1.6884767651312922,1.742375132163671,1.8014678593616211,1.8665011001284157,1.937762370098947,2.0145510784303755,2.089941924152467,2.1709276792555117,2.257924660436522,2.3510878073657064,2.4489093825723605,2.5424101669110017,2.6410502881442466,2.749977105493378,2.8758217185707284,3.0108252169065706,3.149834909051168,3.2963421870975935,3.4510072026198673,3.6137833075294346,3.784432701270198,3.957617959593729,4.13899085039824,4.32985703499673,4.530236801394665,4.741362894903926,4.941249956228735,5.142142915861957,5.3507817086041385,5.567162145312044,5.801347856608141,6.046452228179259,6.304837345643582,6.572740993001709,6.850666277649846,7.134108297230757,7.4122754757823754,7.7005025664149755,7.998872234685029,8.308223718760061,8.628969840047583,8.952085314152665,9.284867006431169,9.627210054964719,9.979552773337328,10.343267737408686,10.710250211180798,11.089388182236137,11.482260728290411,11.889091082846113,12.310581501549748,12.736295424434521,13.173510364823908,13.62276201141933,14.068222993364584,14.512488503794229,14.953241586667223,15.401481086524683,15.861233270727434,16.336647626393553,16.82617765345747,17.31520711659889,17.81386590571877,18.321829694335566,18.838492076813115,19.362086755355275,0.00034711479527267355,0.00034713310831064215,0.00034712189063448536,0.000347389831149077,0.0003479301769416986,0.000348737659597818,0.0003496858408407739,0.0003505268866673899,0.00035160678270972854,0.0003529135200424108,0.00035443684423285606,0.00035910932497957405,0.0003652173205641469,0.0003729286313238462,0.00038122809194269093,0.000390144667935703,0.0003995625650834412,0.00040930344079659684,0.0004197385021509179,0.00043090403381688887,0.00044161417658954215,0.00044880097688311846,0.0004561166606505044,0.0004639448087953405,0.00047230614533748535,0.0004800536978555877,0.00048293203571408695,0.00048572614321752163,0.0004919600192673527,0.000505596808314637,0.0005200335910545947,0.0005352141756470259,0.0005510242671020759,0.0005677464969252938,0.0005854276857080353,0.0006041193712529216,0.0006237692969082684,0.0006442954077134062,0.0006660088252400547,0.0006889786966486542,0.0007132792231086948,0.0007283193305474211,0.0007392385469544231,0.0007506057357125872,0.000762431764263335,0.0007805465892694597,0.0008052176510188832,0.0008341052561932301,0.0008640829350074862,0.0008944423637353915,0.0009219746222253496,0.0009450984395637902,0.0009690188820939682,0.0009940766554713838,0.0010203240641029501,0.0010478267629155083,0.0010764742923390308,0.0011062480012150762,0.0011374516650182102,0.001170162819213251,0.0012044561456434732,0.001240178503877162,0.0012773654495481829,0.0013163708407868161,0.0013572895390841,0.0014002218613815016,0.0014450613676500045,0.0014918845919514926,0.0015410442433811701,0.001584826331783784,0.0016251312452677347,0.0016660530878089093,0.0017076291145296568,0.0017500590024928167,0.0017933884383967585,0.0018376597746142765,0.0018825145395166666,0.0019281638259278668,0.0019748581560822868,0.0020226480787727402,0.002071588419791936
NGA,Third,1.6459722212270265,1.6670554518551766,1.6874385495935598,1.709192692288753,1.733889021328,1.7618530658580087,1.788895539801666,1.818788047832849,1.851849084863412,1.8883356581841995,1.928778904638526,1.9722956825879845,2.0215718834963825,2.0768252313104796,2.1370926778067574,2.2033697481235555,2.271794708370875,2.3467701335868973,2.429145687648982,2.5192705557201296,2.616485230027755,2.7126331968869977,2.81589132850591,2.9267112108577384,3.045281296909161,3.1700162105437175,3.2905663878980222,3.417770902796134,3.5570953397974585,3.7155892283612597,3.8851944835353116,4.059340140190338,4.24261556712596,4.435735771840356,4.638635192709943,4.851026839455009,5.066072757404707,5.290879835288022,5.526889328442993,5.774105196039633,6.033920757029167,6.2823523493529,6.533273959590564,6.79357297214587,7.063252210505869,7.352592215445464,7.652687809996708,7.967419370772359,8.293141966170825,8.630587589035338,8.975368539200556,9.314682190807677,9.665646460507453,10.028278765312775,10.403518189198772,10.791813961717452,11.181926909267885,11.583017296361664,11.99488600095245,12.418006455284685,12.853930735201946,13.292447090359923,13.744502374794685,14.211780489780622,14.694499765861359,15.193413983729204,15.695659266278243,16.21037790843912,16.738063551724355,17.26317689674586,17.788156561176777,18.308036948347148,18.836205670296806,19.377128396435854,19.935450141347125,20.509437702020186,21.081590365672657,21.664295059293067,22.25711958876215,22.859375361560407,23.469077628133032,0.0007933026137912802,0.0007933390762724492,0.0007933166715790039,0.0007938508687894738,0.0007949278285789496,0.0007965369074494023,0.0007984257021857235,0.0008001004472813582,0.0008022501454220243,0.0008048501792000084,0.0008078794711245648,0.0008171606559410147,0.0008292689919753887,0.0008445172978001831,0.0008608818734636432,0.0008784102151708904,0.0008968662153004338,0.0009158939777881407,0.0009362106566093897,0.0009578748028365453,0.0009785846390149063,0.000992443570608517,0.0010065205283586282,0.0010215498693130617,0.0010375652513070145,0.0010523709130491592,0.0010578631737562787,0.001063190486755883,0.0010750613310863172,0.0011009587354001212,0.0011282727517782135,0.001156883310678915,0.0011865635472903403,0.0012178304388996098,0.0012507544557878595,0.0012854128209955622,0.0013216906586657196,0.0013594193599938706,0.00139915173836219,0.0014409899520436984,0.0014850434481742162,0.0015122051867714596,0.001531876132074778,0.0015523116056956865,0.0015735265967850617,0.001605935134931502,0.0016499061729823403,0.0017011554657133375,0.0017540779661675808,0.0018074140146630622,0.0018555644448926822,0.0018958495733815831,0.0019373771309118884,0.001980724986383006,0.002025966272788747,0.0020731952472272685,0.00212220457686609,0.002172945053903485,0.0022259151251813173,0.002281222945580326,0.0023389701415345906,0.0023988748061686774,0.0024609738847206474,0.0025258318980547834,0.0025935753963647946,0.002664337242884354,0.0027379091052759804,0.0028143842036705818,0.002894301758462607,0.002965165370024553,0.0030301491571819244,0.003095887114860149,0.003162434486205198,0.003230104185111128,0.0032989600111352794,0.0033690603670637857,0.00343983070252877,0.0035115992263300027,0.003584750819853845,0.0036593531371838773,0.0037354802257774
NGA,Fourth,2.1755860050788547,2.2042205816887055,2.2322168759583896,2.2620188634982985,2.295512777651302,2.333125028882975,2.3693686773973432,2.4093412944353463,2.4534363796102308,2.502009574618358,2.5557242410566494,2.6127042195153307,2.676898843779104,2.7485916342486876,2.8267974213993803,2.9127276592078797,3.0012498560625533,3.0981885067020256,3.204536174703368,3.3207302910125023,3.446161548221255,3.5709675866205175,3.70497559128965,3.848693949589596,4.0023609242109615,4.164288460171499,4.3222099356873676,4.488881580423766,4.67022098262752,4.873871769360478,5.091320206520269,5.314060465181743,5.5482085331991104,5.794561575570291,6.053040626747626,6.323310021658862,6.596466074555972,6.88160635275012,7.180357511194795,7.4927180162527245,7.820297408053296,8.13611748623846,8.456406169590181,8.788357435418693,9.131994021955368,9.498053036610967,9.8748902614981,10.268449088927362,10.675150715879736,11.096001216161197,11.526658436279309,11.951478488926158,12.390230552365121,12.842877322186883,13.310499902199265,13.793611752055977,14.27790645185048,14.775148282020023,15.285043763288328,15.808132785171813,16.346239966506257,16.886176152617036,17.441756068533252,18.01483340435011,18.605645471643694,19.21503704928299,19.82676554223352,20.45262337653715,21.093088713996295,21.73253026070321,22.373290825464455,23.00695410406608,23.650245459770534,24.30821953449114,24.986178827392607,25.682171212447372,26.374645889451852,27.079201459880284,27.795298450516047,28.52215885575585,29.257529526431977,0.0018899013136396124,0.0018899780981017108,0.0018899308688893309,0.0018910543001795879,0.0018933186728486676,0.0018967012961546186,0.001900670851108768,0.0019041895578523781,0.001908704824394438,0.0019141639536710269,0.0019205217991935162,0.0019399823975428318,0.0019653301805450762,0.0019971862612660645,0.0020312952926862696,0.0020677412027359484,0.002106018591656501,0.0021453797413496976,0.0021872950478658794,0.002231865684309288,0.002274355753059956,0.002302727250079523,0.0023314941471935594,0.002362152128232954,0.0023947592617573022,0.002424847365865206,0.0024359952047401942,0.0024468013640688638,0.0024708561841749743,0.0025232190193081147,0.002578278391356002,0.0026357715293659884,0.002695224975520507,0.002757653458305836,0.002823171174478511,0.002891904436931588,0.0029635969995628433,0.0030378911535279287,0.0031158464895155156,0.003197627699209027,0.0032834106429155737,0.003336137241636431,0.003374246900892348,0.0034137704209631307,0.003454730708504697,0.003517165357042176,0.003601615156485877,0.00369967537588402,0.003800535088400703,0.0039017815522380257,0.003992848816869993,0.004068802506111539,0.0041468770519853225,0.004228139096615826,0.004312700959995736,0.0044007121417845504,0.004491760710913698,0.004585732056698105,0.0046835214625618226,0.004785296189283223,0.004891208098615432,0.005000707545330245,0.005113830929577513,0.0052315705469384195,0.005354113327943354,0.0054816538790795925,0.005613772465847554,0.0057505931041454085,0.0058930308625557825,0.0060188813191517625,0.0061339263881264065,0.006249961496191548,0.006367079171999554,0.006485822619952435,0.006606293840952121,0.006728583628076634,0.006851682773027006,0.006976156957565441,0.007102663560627654,0.0072313058784049845,0.007362196855396611
NGA,Fifth,2.686509092537649,2.722510843952005,2.757966994365797,2.79563127093827,2.837673064461451,2.884614985374584,2.9297307082248043,2.979423743046248,3.03413538059909,3.094317954529892,3.160746746881632,3.230338348743465,3.308399318695451,3.3952605764290875,3.4900089820407314,3.594046346814152,3.701021573624778,3.8181334964009386,3.946467966676123,4.086535841184997,4.237880119089295,4.389316882501544,4.551896184956898,4.726138429097928,4.91232122991981,5.108783118282791,5.301918521048534,5.505785696643857,5.726296724314201,5.971120817570347,6.23207179864129,6.498826211619528,6.7789555928084635,7.0732877171276085,7.381718498507526,7.703856622096169,8.028862454061334,8.36768603612063,8.722064382873272,9.091975029975563,9.479194262953357,9.855429920626438,10.238437736290017,10.635063553196527,11.045342740851007,11.47952746645073,11.92336914211813,12.385053925765076,12.861517531694611,13.354099528189261,13.858986100264868,14.35821086525118,14.873145602902353,15.403651049734679,15.950912242539568,16.51547996650318,17.08027911184008,17.659442120195134,18.252540524461274,18.860155944881193,19.48435585944558,20.109246161529,20.751203984962615,21.412158962295145,22.092343609304542,22.79265661861668,23.493864935169128,24.210127974873423,24.941849507605827,25.674658432631166,26.410497964693246,27.137192506424846,27.8743934570725,28.6275983309309,29.402632354133484,30.19735834197619,30.986767312907528,31.789241412695738,32.604108281273845,33.43050914823986,34.265965290019,0.0036513494789311347,0.0036514799466810265,0.0036513998374359843,0.0036533106898599113,0.00365716214645336,0.0036629145303564217,0.0036696631293796087,0.0036756440505096243,0.0036833165068006733,0.0036925899260026014,0.0037033857284445412,0.003736401912043434,0.0037793431353875502,0.0038332097618586176,0.003890764249711126,0.003952125912640266,0.004016421911491075,0.0040823820357636835,0.004152451679448835,0.004226770891965739,0.004297442494487495,0.004344536480166161,0.004392210214590688,0.004442934071360164,0.004496789548709677,0.004546399749557686,0.004564760620358416,0.0045825480318760405,0.004622106609270423,0.004708046245338873,0.004798160745506242,0.004891990712643265,0.004988738294549183,0.005090026173251135,0.0051960025449276645,0.005306831989570897,0.005422063162435119,0.005541086866316056,0.005665560802672133,0.005795699119026373,0.005931728358643789,0.006015102354746449,0.006075253017668945,0.006137539417711259,0.006201987460167418,0.006300026278961754,0.006432262382145422,0.006585285768008181,0.0067421042336812745,0.0068989551612894905,0.007039562185303301,0.007156497958460305,0.007276387097216365,0.007400841722486377,0.007530000110037548,0.00766405573010199,0.007802347250162937,0.007944670322616245,0.008092344838746273,0.008245580950884962,0.008404562360125442,0.008568420738858808,0.008737171934021199,0.008912249601857816,0.00909387645079033,0.009282283663201761,0.009476795087514962,0.00967753828211129,0.00988579453174721,0.010069194330929118,0.010236361922155745,0.010404507253226529,0.010573760535706666,0.010744899829524207,0.010918060447239218,0.011093360527716041,0.011269346493389506,0.011446824317098016,0.01162671853678482,0.011809161486491446,0.011994297387888984
NGA,Sixth,3.419108134836999,3.4657753204383903,3.5120672723728052,3.5611471199918645,3.6155649190929173,3.6759807074463997,3.7338964261038394,3.7975996777880683,3.8676014268203387,3.9444947241669337,4.029184379340244,4.116848907750632,4.214752481380239,4.3232987968881496,4.441703401030453,4.571628945606516,4.704974182837898,4.850908453725713,5.010643353708648,5.184795111334398,5.37314153641678,5.562651646878997,5.7660786941120765,5.983957456306752,6.216623368384717,6.462481176207439,6.706078635397221,6.963251250658541,7.239828309026781,7.5434254497023785,7.866440138619433,8.195968842095898,8.541675784443092,8.90442881484078,9.284095011762142,9.680216600550407,10.079188469342347,10.49459491614884,10.928317343266087,11.380312610333961,11.85258699079529,12.315060380251516,12.787634289542874,13.276614369981154,13.782061948233999,14.313481137529289,14.852926392779109,15.411826608818242,15.987867000893303,16.58284637970649,17.19370822473807,17.79919552315368,18.422934498306525,19.064658681424977,19.72570003474357,20.40666868145787,21.086535076423164,21.78283506285179,22.494964191158285,23.223577630443682,23.971145046636575,24.717822260863137,25.483649029614412,26.270667132244878,27.07911709869764,27.909982752068984,28.739759839386682,29.586033946826827,30.44912063209837,31.316338864948868,32.189094038052474,33.049881246939094,33.92253429801042,34.813147955657044,35.728256842969,36.665493415195904,37.59490947264418,38.538899268303574,39.49662787145942,40.46713735417517,41.44765567761815,0.007767878820487698,0.007768120068921296,0.007767972059338939,0.0077715018868893294,0.0077786159715956095,0.0077892385392004816,0.007801698156712661,0.007812737583789198,0.00782689542483552,0.00784400219258178,0.007863909100945792,0.00792473878701343,0.00800373919550795,0.008102658446894324,0.00820813039023044,0.008320331827350633,0.008437630717153147,0.008557684132852378,0.008684911223083947,0.008819514958935097,0.008947194595435916,0.009032107373873876,0.009117929792328125,0.009209093577971063,0.009305719702424982,0.00939457978770267,0.009427430664559746,0.009459237443132956,0.009529910036187788,0.00968313867318382,0.009843370505875587,0.010009738083249583,0.010180785877286075,0.010359334949853482,0.010545585351940417,0.010739760464126885,0.010941006411868917,0.01114820421539795,0.01136417560574047,0.011589211862600922,0.011823619070856297,0.011966887032435864,0.012070060202682602,0.012176733348785362,0.012286934889846985,0.012454238893085457,0.012679271857981575,0.012938794121372678,0.013203789252557368,0.013467887129887777,0.013703840914105009,0.01389951275057566,0.014099608299427177,0.014306777180422524,0.014521197400619155,0.014743135975941348,0.014971443816449536,0.015205737331088298,0.015448135442851526,0.01569891657033667,0.01595831085650839,0.016224837613426187,0.01649846350695163,0.016781443870793163,0.017074054983106216,0.01737658220382538,0.017687853862379487,0.01800799710527062,0.018338961547004932,0.018629463901397973,0.018893486624283147,0.0191583244253832,0.01942418203061957,0.01969227167890953,0.019962792010359328,0.020235912681632086,0.020509362533207117,0.020784389185987753,0.021062413216175392,0.021343618700052133,0.02162820550418241
NGA,Seventh,4.18467882873244,4.2425836559156584,4.300329418993754,4.361439283592549,4.428837041272101,4.503324992995141,4.574572355401726,4.652875322905045,4.7387758312568184,4.833015136700116,4.936584818229874,5.042491888107984,5.160248569842916,5.290306812743643,5.432164267089656,5.587731687285611,5.747095653486273,5.92148890816326,6.112184267101954,6.319889593454881,6.544794609060316,6.772439641768559,7.016778045858637,7.2782912857387725,7.557360060729481,7.852651587326047,8.147580577118227,8.458987481312544,8.7919320524084,9.15313694952855,9.536804389555506,9.927416638444488,10.336786436084509,10.76575039247838,11.214124099325863,11.681366488344436,12.151074777809729,12.639488153912671,13.148540686251211,13.678142892441729,14.230490524612678,14.775983730723844,15.33564709310453,15.914252926717634,16.511881036111085,17.135880865330677,17.76451450037829,18.412972827705435,19.08040617889387,19.769202608744123,20.477809174984202,21.18216414375968,21.90682054421752,22.65130508501731,23.417060184294606,24.204723072722228,24.989422846604928,25.792032880847984,26.61169396759762,27.449114479577826,28.30719728873264,29.162203545295405,30.037695636165395,30.93571375950709,31.856477075811206,32.80101277021767,33.741763788854556,34.69959659748928,35.674654395447945,36.65788256922273,37.64968156905153,38.626426856841896,39.61588727667189,40.62462664720971,41.65978625851258,42.718783586671115,43.76715813835608,44.83102246554423,45.90932869371249,47.00101815631689,48.10304873678189,0.01464479348262486,0.014645177105126488,0.014644941772961207,0.014650550263179381,0.014661852584455591,0.014678725568427895,0.014698511888111934,0.014716037805226642,0.014738508798980044,0.014765649640552077,0.014797220835947787,0.014893605927069871,0.015018589696497258,0.015174779986324022,0.0153409475821787,0.015517304503820923,0.01570122360819927,0.015888993828453105,0.0160874728555917,0.016296897308657014,0.016495021186242263,0.016626502560639626,0.016759166431611964,0.01689984257620074,0.017048673702348038,0.017185297483631973,0.017235747002328976,0.01728456301076028,0.017392922133158507,0.017627363502239247,0.017871799743661744,0.018124830354927155,0.01838417954572608,0.01865405187675766,0.0189346540508275,0.019226223710699222,0.019527380839155,0.019836370955610944,0.020157306310903043,0.020490497684415025,0.02083627297687645,0.021046968822284524,0.021198404333116136,0.02135471806930258,0.021515929173884406,0.021760148341285947,0.02208765035156723,0.022463964259178265,0.02284671408555686,0.023226689397827287,0.02356494684124728,0.02384459364267185,0.024129764362295726,0.02442417798635686,0.02472801032758544,0.025041560008473292,0.025363128129008948,0.025692109966622172,0.026031400456988832,0.026381297311778927,0.026742022085811588,0.027111424274026498,0.027489377183321836,0.027878897401904947,0.028280251463059933,0.028693707424436606,0.029117549895174517,0.0295518409068418,0.029999103175767,0.030390274897476532,0.030744661187881373,0.031099078473512495,0.03145379970832709,0.0318104368176571,0.03216923889178747,0.032530413948856335,0.0328909529975572,0.03325250319705613,0.033616917446251754,0.033984413113708686,0.03435522561556743
NGA,Eighth,5.525386443334462,5.603136407500962,5.681166775094587,5.763577399740604,5.853905672890843,5.953202528722127,6.047934582493651,6.151932403767682,6.265797254398581,6.390533877928188,6.527133681426398,6.665001202423835,6.817507433453117,6.985200813163466,7.168103555180027,7.368542161648792,7.573428582686983,7.797605271951066,8.042446060145794,8.308819381235617,8.597651736240705,8.891988722479796,9.207877686039572,9.545706633863624,9.905939839285702,10.287731686531718,10.67255757386871,11.078950058556561,11.510565784144564,11.972510961383264,12.462206667127768,12.95962480915778,13.480327716786897,14.025102552965162,14.593686381748185,15.185420978399062,15.779021235352397,16.39534315861698,17.0363989241365,17.702038744378715,18.394790351905385,19.085706812678907,19.797880982964372,20.533454416059932,21.29255784713859,22.078861956237937,22.864058407178188,23.66991618886846,24.498083658634506,25.351927301635907,26.232424486799168,27.11066465107343,28.012868647035397,28.93825107751337,29.88845091018629,30.864168560980854,31.833791033354014,32.824090097917754,33.83379007590993,34.86374279415645,35.91786801555617,36.965278650178305,38.035723225628026,39.1312637663448,40.25211077005961,41.399390704935634,42.53843000238963,43.695926523342614,44.87176829434452,46.062742117794365,47.26761919402894,48.452270597635106,49.651389504694485,50.872324118471546,52.12323020499753,53.401201766117104,54.6638207186477,55.94381141160144,57.23980338119274,58.55059138246096,59.87270639925293,0.03510623253001972,0.035106958850299526,0.0351065129688305,0.03511714665220211,0.03513857087284724,0.03517054821852172,0.03520803464397662,0.03524122841836125,0.03528377380051573,0.03533514044290552,0.03539486291871162,0.035576998333422406,0.0358127441262032,0.036106677523143574,0.03641856761696972,0.03674867178637451,0.03709193982345177,0.03744136632106401,0.03780960406297654,0.03819691607412914,0.038562180859958266,0.03880397184979853,0.03904744853209699,0.03930509807699007,0.039577091061047384,0.039826244427675885,0.039918119121490736,0.040006952363250275,0.04020391337837761,0.04062897885350524,0.04107062371112625,0.04152615848343166,0.041991362810331,0.042473636319617945,0.04297315570610175,0.0434901440927711,0.04402196784584059,0.04456536878267963,0.04512739713170224,0.04570835800823273,0.0463085744283925,0.046672991490081035,0.04693430023118634,0.04720349279053485,0.04748055604778597,0.04789920087122585,0.04845858306209578,0.04909851372144018,0.049746335917708405,0.050386459514717014,0.05095382372568217,0.051421136269742866,0.05189607322696292,0.05238472079966008,0.05288722599846969,0.05340393304307827,0.05393190168837769,0.05447001840202644,0.055022879192844536,0.05559079226003387,0.056173936030200565,0.05676866850442667,0.057374643779164805,0.05799652338064717,0.05863452119000295,0.05928884533685691,0.05995657841513783,0.0606376259596642,0.06133572604719956,0.06194357109762272,0.06249209788037875,0.0630386379009628,0.06358362806084193,0.06412954310744436,0.06467674774043976,0.06522553377051483,0.06577133604949092,0.0663166548165932,0.06686427137443897,0.06741447919698854,0.06796759074565498
NGA,Ninth,7.139415037384296,7.241246209492278,7.343970101279504,7.452199013639785,7.570158145566796,7.699193271032222,7.821970987153234,7.956692703451104,8.10389466229489,8.264901011574093,8.44036314452388,8.614589793937597,8.806073676819777,9.015392532877376,9.24365267828867,9.493613451956582,9.748438335888535,10.02732178379119,10.331550404475728,10.662127309803871,11.021381085199756,11.390816276861607,11.78728117587645,12.21083730784964,12.66200464483015,13.141093233903907,13.62962299804956,14.14562168239059,14.689036515854795,15.260592964708536,15.865134147123904,16.477494736928897,17.117580456531023,17.785913629955616,18.482069771062452,19.205211136629526,19.928472929092194,20.677988907921304,21.45559500947827,22.261002564755955,23.097029637392808,23.942091496365713,24.818603828925298,25.722802123577836,26.654856282652844,27.610177611229624,28.55281948044819,29.51350379959228,30.498820521282187,31.513635143454074,32.563916934345535,33.61677648150066,34.696384149716266,35.80137779602417,36.933530377990785,38.093531520381596,39.24249066643354,40.41365576242251,41.60504413759595,42.817651089432445,44.0568516252388,45.28367505164135,46.534452985843245,47.81098053729597,49.11338517455611,50.44280903961401,51.75718786625607,53.089368431948714,54.43872761460391,55.81379305096885,57.21020818547058,58.57994399544531,59.96482191091788,61.37277149471144,62.81286697407628,64.28186072005325,65.72952583694001,67.19520679475673,68.6770319074086,70.17362013950036,71.6810643011447,0.0787695265838891,0.07877060701446087,0.07876994372286417,0.07878573776647071,0.07881755637480387,0.07886503172208527,0.07892065881339154,0.07896989570041006,0.07903297337877709,0.07910908349509833,0.0791975120659259,0.07946678291865937,0.07981439875937098,0.08024637304368326,0.08070300908839739,0.081184382889874,0.08168287210637096,0.08218814111535391,0.08271826893411742,0.0832732906240584,0.08379432664446641,0.08413796674527926,0.0844829889494051,0.08484699415207746,0.08523004521051791,0.08557983628924086,0.08570855849871488,0.08583288635281135,0.08610807419888523,0.08669977331906738,0.08731140243846146,0.08793894186035711,0.088576346130653,0.08923348517787291,0.08991024622235377,0.09060655829111755,0.09131852836603258,0.09204151156511185,0.09278455651610362,0.09354763985965661,0.09433074030386931,0.09480359789832861,0.09514146854685268,0.09548849363766973,0.09584456492638076,0.09638048775968203,0.09709265415464502,0.09790191220163895,0.09871527118345876,0.09951321219565427,0.10021571727627282,0.10079102173943569,0.10137266323099611,0.10196790713141843,0.10257667971078045,0.10319913311319762,0.10383148932344234,0.10447221290135876,0.10512653068666958,0.1057945132973931,0.10647605883911357,0.10716663489280147,0.1078656070138639,0.10857805969691792,0.10930389277763934,0.11004297703224651,0.11079168244913246,0.11154959908648385,0.1123205301830259,0.11298689881097299,0.11358434781506024,0.11417597182578103,0.11476229707675913,0.11534599837129708,0.11592745882675387,0.11650696683131602,0.11707972743969465,0.11764840829236783,0.1182159010012065,0.11878246694163423,0.11934837996495802
NGA,Tenth,15.175207207323323,15.398600839846749,15.626583114964243,15.865477508393955,16.122510514378806,16.400481342480255,16.66332743400051,16.951417700017373,17.26466667018105,17.606021380000985,17.964670305765154,18.312870344595773,18.689137366714874,19.09415917425488,19.535837690108583,20.01868739214274,20.507815494061557,21.043813173093778,21.627027436940693,22.258882370330888,22.950233569419133,23.676554556822666,24.456192510926062,25.28696918237263,26.16961573849442,27.11166699744814,28.1004603753573,29.14535368766758,30.223109217881674,31.30792984179099,32.44889189092215,33.5984309764688,34.795874383822365,36.04023713851871,37.33006169124213,38.66406605790783,39.98885567655278,41.35567576440825,42.76470856796141,44.21508354621347,45.71149188229425,47.27565824638596,48.92411833996471,50.61948038087647,52.36251832189934,54.10222183994704,55.76670264341388,57.43229618982023,59.13292233475219,60.88066606289903,62.70812241827708,64.57035876492561,66.471364066467,68.40738828883666,70.38079771271038,72.39228695197319,74.36787826852327,76.37300344175044,78.4015740447355,80.45684895698747,82.56166795813228,84.62680544327829,86.71975892254598,88.84089065221467,90.99011667908076,93.16876478169102,95.30010716827255,97.44656073521392,99.60519506314223,101.84333246809055,104.14082423012866,106.38213118431084,108.64262036979028,110.93242067658292,113.26442131047244,115.63418071688984,117.95500522200133,120.2977263672177,122.65829750060419,125.03472204095341,127.42140012149639,0.8569805183895461,0.8569778215745019,0.8569794769920822,0.8569400282731799,0.8568605426167122,0.8567419033348361,0.8566028248839035,0.8564796680372122,0.8563218119737667,0.8561312220152116,0.8559096225980092,0.8552337597676029,0.854358844465637,0.8532677957872524,0.8521098435517372,0.850883979346588,0.8496088841035949,0.8483105356829147,0.8469418536814638,0.8455017558903071,0.8441431247020612,0.8432434769876022,0.842337318890181,0.8413781460357562,0.840365262492185,0.8394371474773227,0.839094836348564,0.8387638178945547,0.838029757546613,0.8364449335375347,0.8347973472466271,0.8330968823746808,0.8313591680194335,0.829556415543315,0.8276877623335713,0.8257521621675308,0.8237592568451888,0.821721053333214,0.8196108720841915,0.8174272605961295,0.8151686769149739,0.8137960725045883,0.8128112005591933,0.8117960502554797,0.8107506176003573,0.8091697813114034,0.8070552316343214,0.8046329230681987,0.8021770742867547,0.7997466655254546,0.7975893081718206,0.7958100696917468,0.7939996058496889,0.792134521744055,0.7902139987015149,0.7882364530580576,0.7862128621943522,0.784147250243294,0.7820216900846452,0.7798346403578522,0.7775850376880641,0.7752865697453608,0.7729402379917482,0.7705275909044302,0.7680473104910137,0.7654980729175416,0.7628907395846094,0.7602251770574998,0.7574861878773912,0.7550956727851857,0.7529338424967106,0.7507754241483865,0.7486186504561331,0.7464536616263925,0.7442789007943645,0.742093086458007,0.7399143435448352,0.7377326421827698,0.7355367509763703,0.7333253429077274,0.7310969919032382
RUS,First,5.474321933331433,5.579490591875766,5.684893969566598,5.792262848510815,5.901456379066154,6.012677660470106,6.118868536720263,6.226256123080717,6.3359272685032195,6.4480779383869695,6.562729934104654,6.671623386048556,6.782665599791697,6.8975432989273235,7.0085068792063785,7.117204244956296,7.217566390421053,7.319298216981115,7.422620300421198,7.5276707035582895,7.634551716661192,7.732403969129039,7.831882794123512,7.933216446350661,8.03651865868603,8.141956603169282,8.238946091753988,8.337515728974196,8.437960933012745,8.540273883204861,8.64447882669231,8.74117354217789,8.839175135151027,8.939103494966407,9.041065311960395,9.145176161900647,9.242809853486166,9.341744231377659,9.442379265537944,9.544441268487994,9.644769476149389,9.738218975179276,9.832874014915621,9.92884639913449,10.026178389643828,10.124913323717806,10.216027165155575,10.308462657404263,10.401990510616454,10.49654151357883,10.59210429782041,10.678436286046644,10.765723427031578,10.854005000718438,10.943260186795367,11.033526306184017,11.113758695014587,11.194527096722167,11.27618067385231,11.358742663485407,11.442306227903982,11.516226722998658,11.590328349262057,11.665135511288764,11.740650268464863,11.812904338521607,11.875287446996218,11.937402411764241,11.99984291384532,12.062610667725945,12.125752433869478,12.182010464299074,12.237775149968158,12.293328852413403,12.348519165226893,12.403420306005968,12.452410504535637,12.500736934686163,12.545301518287024,12.585837007867193,12.625798135692289,0.0002627065708976261,0.0002577667224732283,0.0002527304420695219,0.0002480018631880661,0.00024356529750897848,0.0002394066726859781,0.0002355061300076465,0.0002317197515071581,0.000228180427558954,0.000224875904354135,0.00022179566978064344,0.00021893942051082522,0.000216242835888402,0.0002138976281868363,0.00021082812973806855,0.00020730797572204163,0.00020388524770670926,0.00020053939645575374,0.0001972799297113311,0.00019410344953608318,0.00019100755729464854,0.00018799585251122282,0.00018505277542091967,0.0001821846709640429,0.00017938795662903863,0.0001766607609754666,0.00017399910918467274,0.00017137932214579643,0.00016882365525276776,0.0001663287971484345,0.0001638889894179743,0.00016149804005663663,0.0001591207157483096,0.00015679992038496507,0.0001545331112736885,0.00015231735108911575,0.0001501458259719405,0.00014799254643496884,0.00014588417992519642,0.00014379482568869102,0.00014152130325675136,0.00013929308721297303,0.0001371023343050919,0.00013494960878507347,0.00013283219882800058,0.00013074864199833156,0.00012870819069465126,0.00012670830281824103,0.00012473805188659232,0.0001227958420791237,0.0001208809420804665,0.00011899837104454825,0.00011714302456586913,0.00011531232482836836,0.00011350452716900428,0.00011171949360784539,0.00010995229184645992,0.00010819380510422065,0.00010645613618327963,0.00010473885792748152,0.00010304107839835362,0.00010135133504408673,9.965928784716123e-5,9.798630024571027e-5,9.633170220918613e-5,9.455675960917858e-5,9.274944910174295e-5,9.094243659258634e-5,8.915603329522051e-5,8.738956677044004e-5,8.56431782268114e-5,8.39088575511064e-5,8.218167276296688e-5,8.047438115425954e-5,7.878651145350528e-5,7.711796495372088e-5,7.546658570367793e-5,7.383133766072668e-5,7.21336670980286e-5,7.03727594827113e-5,6.86359041652146e-5
RUS,Second,9.110826828081779,9.295606979671222,9.4814306572892,9.670458750019296,9.862541744622963,10.058000140937944,10.244997981464847,10.434243111815322,10.627168099877537,10.824086786100002,11.024841639927315,11.215840935107282,11.410359805868737,11.610595572571944,11.80684291621555,12.001209672733145,12.181753147308845,12.364887827354464,12.550949983821754,12.7401702353453,12.93274220328152,13.110183819598616,13.290604520609909,13.474347373359798,13.661610970919247,13.852668815007783,14.02952779532445,14.209352671510317,14.392557622394962,14.579179827812263,14.769283544926997,14.946831420057107,15.127004930027587,15.310645869206509,15.497927129007522,15.689049637895685,15.869242954353513,16.05202531852582,16.237936952191486,16.426658134506564,16.614122224618878,16.789967401251502,16.968182540237212,17.148938804531888,17.33232605280143,17.51842457864473,17.691519849537055,17.86708339538027,18.044838068225886,18.22470382512865,18.406683384020667,18.572981123313596,18.74124179813015,18.911544821566952,19.08388025281832,19.258317395098423,19.415599874652173,19.574262637925642,19.73477672075196,19.897208246128503,20.061856858418,20.2100785655366,20.359217007008098,20.509971284576558,20.6623539004002,20.811068125532046,20.943467799663594,21.076054558708044,21.20962791259169,21.34419620557305,21.479829329279617,21.603798764230685,21.72750556473434,21.85132641607108,21.975051639079876,22.098788523513832,22.212528923830877,22.3256123617856,22.43383074367766,22.53680062495577,22.639232488689508,0.0013640101568746447,0.0013431327654749316,0.0013217661179262053,0.00130162824422845,0.001282664823811829,0.0012648274269187081,0.0012480414808337705,0.00123169436052861,0.0012163663038502128,0.0012020128042430007,0.0011885962402142514,0.0011761225896970752,0.0011643168397562377,0.0011540259769702952,0.0011405235265403047,0.0011249910983718028,0.00110983895949166,0.001094979123415355,0.0010804563612668338,0.0010662582975964846,0.0010523767254986068,0.0010388306316919432,0.0010255523225547883,0.0010125727902291185,0.0009998780589668393,0.0009874617379925282,0.0009753080868628492,0.0009633102567207635,0.0009515719399147723,0.0009400796871745936,0.0009288088120757508,0.0009177321886599503,0.0009066871017980611,0.000895874149616484,0.000885282707341165,0.0008749010330654097,0.0008646982411951294,0.000854553164761834,0.0008445922078916667,0.0008346938385680353,0.0008238914958104817,0.00081327213038377,0.0008027995934505386,0.0007924776041394199,0.0007822941203864352,0.0007722432338828746,0.0007623705140134178,0.0007526650950624552,0.000743074924452173,0.0007335929616412399,0.0007242163414417437,0.0007149704459061293,0.000705831092063968,0.0006967861637926838,0.0006878275468515005,0.0006789551800326821,0.0006701449439673127,0.000661351559024767,0.0006526356688127606,0.0006439955704674536,0.0006354272177128131,0.0006268729862250185,0.0006182801319137139,0.0006097568538304417,0.0006013003863769422,0.000592198471349305,0.0005828974264318295,0.0005735638220167108,0.0005643024377457202,0.0005551101490070223,0.0005459880196761962,0.0005368945149814931,0.0005278033697504128,0.0005187817609950683,0.0005098276682892602,0.000500940884181488,0.000492110199512863,0.0004833301968120284,0.0004741768607744146,0.00046463998853779934,0.00045519002231046983
RUS,Third,11.129821880924169,11.362699582946464,11.597379494723334,11.835942460010125,12.078237297692075,12.324643731932577,12.560643056193257,12.79957438825709,13.04292072689861,13.291058256902826,13.543571474005688,13.784102030678705,14.028892611857113,14.280185771297445,14.528476521220822,14.775869430914454,15.006421457583603,15.24037370940647,15.478113918274857,15.719925645099103,15.966063446684506,16.19363355415484,16.4250568904269,16.660726211233598,16.900893262669086,17.145895382047502,17.373472251379862,17.604937548552783,17.840730746396872,18.080931380301553,18.32562875048076,18.55497178170032,18.78787587476344,19.025224302875145,19.267229023117206,19.514147244837016,19.747634391262807,19.984619526522476,20.225659838727747,20.470473240632902,20.71501018518487,20.945215821690873,21.17860751589837,21.415385547336225,21.655680184294496,21.89959461771102,22.127419120947575,22.35849032188623,22.592545296016834,22.82950287825327,23.069378733354725,23.289914261194475,23.51314847487262,23.73919930813852,23.968073726598107,24.199861656459234,24.410379495054947,24.622993200030717,24.838192824036167,25.056091972067243,25.27723474541477,25.478059999955615,25.680508339006415,25.88529668534808,26.092446854285374,26.29654643199009,26.480869960561535,26.665965540491392,26.85266210575131,27.040978290196026,27.231001924977313,27.406685657762445,27.58254684445285,27.758955733657388,27.93567782708263,28.112843922059554,28.27773708967168,28.442241053287567,28.60201149806439,28.75665058622051,28.91105153704666,0.0026046734492238635,0.0025701716437951288,0.002534781181791291,0.0025013507284844826,0.0024698021118090448,0.00244006574289231,0.002412027221691807,0.0023846698699903092,0.0023589706444921118,0.0023348636208977186,0.0023122928547606005,0.0022912759102652787,0.0022713550131283618,0.0022539667924168583,0.002231118516538562,0.002204787568451038,0.0021790515656221667,0.0021537636632166113,0.002129002156777529,0.0021047487620469638,0.0020809917765247875,0.0020577661224134313,0.002034958154628361,0.0020126229688567396,0.0019907388327437985,0.0019692968628905643,0.0019482716158942125,0.0019274797832862234,0.0019071024363804343,0.0018871181203590247,0.0018674852566378385,0.001848158178087306,0.0018288537413078635,0.0018099230270822353,0.001791349179734269,0.0017731128739328034,0.0017551615659738187,0.0017372823996194878,0.0017196988084021143,0.0017021970743481406,0.0016830639776881213,0.0016642209508284924,0.0016456048618734753,0.0016272234089325563,0.0016090559687097622,0.0015910930727911611,0.0015734169119435493,0.0015560093009744647,0.0015387779090165613,0.0015217108019994956,0.0015048032101751248,0.0014881017419242863,0.001471563321781045,0.001455166678941388,0.0014388977321588658,0.0014227566071984762,0.0014066998578952273,0.001390644768324224,0.001374702223948538,0.001358869565174473,0.001343139427618675,0.0013274062920422467,0.0013115724470650508,0.00129583717213416,0.0012801953874717288,0.0012633261260833729,0.0012460513303163994,0.0012286780930219222,0.0012114012559024305,0.001194215042820355,0.0011771218131836677,0.001160043404490229,0.0011429302497529598,0.0011259084462319762,0.0011089742466099874,0.001092127518793149,0.0010753470777287448,0.001058622574014808,0.0010411431681074256,0.0010228829118109292,0.001004739187892998
RUS,Fourth,13.926776460048714,14.225281923013775,14.526563032006255,14.832679241563529,15.14348357585742,15.459438556182455,15.762313892631223,16.06905723297404,16.381252157496633,16.699359357671764,17.02235195695122,17.33050003127738,17.64393361757934,17.96501055408254,18.28422175305223,18.60372735873275,18.902224071143365,19.20522166750933,19.513182793284322,19.82645746393742,20.14539570903707,20.440972166025748,20.741592789352012,21.047716489477647,21.359666203787352,21.677868301034643,21.97420285278573,22.275678301612444,22.58277108137783,22.895633420230613,23.214376141585266,23.513960532225177,23.818368274507417,24.128559403593535,24.444790012484905,24.767402012345965,25.07314574759021,25.383621817210802,25.699415686312665,26.02028489256166,26.3421404097088,26.64587044998779,26.953901540454368,27.266466689756157,27.583757783115658,27.905899387962034,28.20771872364942,28.51384263565797,28.824034011002546,29.138202194008066,29.45638377185492,29.750326918696413,30.04797062909175,30.349491007895995,30.65491668885955,30.964367267417135,31.24689596375762,31.53250403516583,31.821694447534373,32.11467569269234,32.412534806331315,32.68474509547551,32.959532598322966,33.237648087316124,33.51912781191113,33.79833704768489,34.05301078419142,34.30924807788728,34.56792423361042,34.82907381341771,35.09280479100642,35.338537162697335,35.58504383270188,35.832697031410326,36.08123501421074,36.330816557268626,36.56502328749909,36.79921430832185,37.02882570693362,37.253443352404666,37.47824484889582,0.005374147342624301,0.005311827224389452,0.0052477844739569094,0.005187177508942388,0.005129881558109435,0.005075786722166604,0.005024699152232735,0.004974775889088494,0.0049278084643669265,0.0048836879775457295,0.004842324437689386,0.004803759531744652,0.0047671617537276365,0.004735182194865089,0.0046931106315121545,0.004644555009683189,0.004597021452482615,0.004550242857104398,0.004504367116003457,0.004459363914464577,0.004415215173521974,0.0043719894174209205,0.004329477859805742,0.004287786704172198,0.0042468781397964365,0.004206738228084983,0.004167322526058409,0.004128289312129401,0.004089980535110091,0.004052358077417945,0.004015346685542251,0.003978861755244483,0.003942369566284113,0.0039065346450448835,0.003871327491667615,0.0038367140703232275,0.0038025959572761847,0.0037685693894057887,0.003735061224871743,0.003701664736947009,0.00366510377607235,0.0036290444313341157,0.003593366889931125,0.0035580880195451112,0.0035231689850006385,0.003488592686337321,0.003454519109507787,0.0034209147820050715,0.0033876029277997853,0.003354560940726588,0.003321780720677668,0.003289353427231142,0.003257196659579848,0.0032252696827482666,0.0031935455089952816,0.003162024989252207,0.003130623768059922,0.0030991798321103672,0.003067910196475622,0.0030368102982442804,0.003005865788241759,0.0029748692838466274,0.002943626819702496,0.002912531128374929,0.00288157254327393,0.0028481305577566216,0.0028138255862001065,0.002779264403768957,0.002744833333947255,0.0027105212436310732,0.0026763323759933537,0.0026421107823999925,0.002607755591756368,0.002573519196512035,0.002539394376848875,0.0025053804736373743,0.002471434842955881,0.0024375360781449485,0.0024020351148859773,0.0023648686548807087,0.002327856811103064
RUS,Fifth,16.406387931625975,16.765638941135663,17.128739731295376,17.49752017145458,17.87183790127977,18.252224623022613,18.617139522252895,18.986824377963195,19.362857833285027,19.745773388993392,20.13366786298219,20.50434500120815,20.881198291352124,21.266527100951542,21.651688693484576,22.038716743262164,22.401071858346803,22.76899404243474,23.14300542789883,23.52351095083766,23.910961245149362,24.27072547307696,24.63667611750215,25.00931565112124,25.389034505370326,25.77634509211094,26.13784090899338,26.50569512974339,26.880381572230522,27.262143045657137,27.651097847451787,28.017580553027273,28.39014805244592,28.769776996152416,29.15675517505753,29.55151408545407,29.926355080795425,30.307166205862103,30.694504601136877,31.088209623472352,31.484544864129933,31.859279419082622,32.239432537837125,32.62525354409424,33.01700846067744,33.41483430934479,33.788536069002646,34.16758305091677,34.55179765451225,34.94107734190788,35.335481262505574,35.701385716006826,36.072009362515,36.447600285627956,36.828213743769595,37.21400043375069,37.567751723249515,37.92565753344297,38.28817871425146,38.65565604899148,39.02996753195032,39.37384231000932,39.72137105838576,40.07327307688043,40.42960360695877,40.78499940388757,41.111763821185626,41.44105630974381,41.77373070621188,42.10984129640532,42.44951868734601,42.76797279615421,43.087984354703956,43.409883161716486,43.73338935503005,44.05869345253118,44.36590316802723,44.67365307029006,44.97756330140644,45.277245943355645,45.5777339266758,0.009123513321439814,0.009031269407208645,0.008936315336156742,0.008846303786122636,0.008761072203511435,0.00868047910518886,0.008604254773919684,0.008529661981770305,0.008459389140490822,0.008393290290546874,0.008331245107796183,0.00827333095008147,0.008218311025148632,0.0081701853227185,0.00810680283097209,0.008033552697580737,0.007961740967238947,0.007890968371349701,0.007821463783354552,0.007753185575874267,0.00768611052639213,0.007620347447093995,0.007555583242653681,0.007491983097337083,0.007429493618710755,0.007368098013827757,0.0073077311608253015,0.0072478729956938544,0.007189049475172666,0.007131206380387166,0.007074230808619689,0.007017995035732522,0.006961677303144578,0.0069063049581037485,0.0068518348341017835,0.00679821751650816,0.006745302497927548,0.006692465597010264,0.006640369609720741,0.0065883842263457434,0.006531400212680862,0.006475122080645031,0.006419365562849952,0.006364158353050701,0.006309441300529459,0.006255188874474607,0.006201654533058487,0.006148787843754217,0.006096312080491136,0.006044192926967046,0.005992418545847736,0.005941134210272424,0.005890210806436363,0.005839584676830397,0.005789213450856151,0.005739099827273073,0.0056891092180181395,0.005638983890995035,0.005589068963125381,0.005539358057705193,0.005489828177585188,0.005440147188215735,0.005390002685535967,0.005340023510420021,0.0052901949109418105,0.0052362892533160225,0.005180905922920848,0.005125018656489355,0.0050692508289003945,0.005013584205914391,0.004958025252795111,0.004902319814546033,0.004846301906585453,0.004790381420205297,0.004734546196380384,0.004678795249304187,0.004623057487587958,0.004567297497379777,0.004508793625743669,0.004447424477387881,0.004386186412562146
RUS,Sixth,19.93751700249028,20.383016095560393,20.833875838629176,21.291626407248632,21.756138130144418,22.228039117567523,22.681075430005432,23.14016956419468,23.606899044815076,24.081899429939035,24.56134729729992,25.02070304493104,25.487482907668916,25.963914557719455,26.442548280003315,26.92524269101651,27.378068563098132,27.837975264110383,28.305569877722373,28.78132251188258,29.26585610779766,29.71641919300823,30.174788707976244,30.64151547623251,31.117085192220667,31.602138509067988,32.05578665998611,32.51751807714515,32.98778878341865,33.46700849386726,33.95526915148703,34.41649324394741,34.88559281714713,35.363577355171714,35.850759969498725,36.34771772595779,36.82045616289666,37.30093513745949,37.789652147015,38.28656187004428,38.78848708204747,39.263693545134515,39.745921592455495,40.23542124921887,40.73258806924398,41.237554832887405,41.713015750921016,42.19529347465192,42.68432474525312,43.17996837687854,43.68231715824358,44.15046267245884,44.62477954495062,45.105641864344776,45.59314554105215,46.087482921513896,46.54251180331054,47.00328132234217,47.47014268601303,47.943712107044114,48.42760685284061,48.87428940764569,49.32618337892804,49.783960161997754,50.24769911605145,50.712477877758204,51.14285349512106,51.577165507037996,52.01622879361199,52.46012843452224,52.90902708794,53.33215436510539,53.757992595669855,54.18681330866521,54.61831504392403,55.05273100057794,55.46523032241278,55.87910489908249,56.290295665131225,56.69846101764618,57.10837063574456,0.01712171065899842,0.016973300138580647,0.016820270449417824,0.016674961547154935,0.016537148363727397,0.016406633720081807,0.016283014460650932,0.0161618683242164,0.016047582488941656,0.01593994533227098,0.015838785144332627,0.015744251051140128,0.01565434226132534,0.015575620259694613,0.01547182881374727,0.015351717167262758,0.01523379418848156,0.015117411713224171,0.015002952585263574,0.014890355482111536,0.014779589620486857,0.014670841759081024,0.014563600018690049,0.014458144861467738,0.014354394043577117,0.01425232446523571,0.01415183603134694,0.014052064694128768,0.013953892988337,0.013857234527566086,0.01376190575015283,0.013667697160557855,0.013573233253624485,0.01348023892020574,0.013388647361426743,0.013298378600310279,0.013209184039384208,0.013120013232146737,0.0130319861008751,0.012944039541570626,0.01284751283767089,0.012752055382470161,0.012657356494121625,0.012563465488372673,0.012470284883773866,0.012377773504634853,0.012286366285094502,0.012195979980250056,0.012106145142946445,0.012016804172410097,0.01192793785625462,0.011839797294064244,0.01175216306653675,0.011664926289112074,0.011578015298855146,0.0114914344704888,0.01140495304281214,0.011318123419287856,0.011231542339068633,0.011145199315508373,0.011059055341708217,0.010972530789151239,0.010885078976039035,0.010797794543106956,0.010710650582855216,0.010616238913363022,0.010519088182378828,0.010420896637148336,0.010322755533563682,0.010224633139824676,0.010126539373264118,0.01002802343278032,0.009928787396152036,0.00982955564708918,0.009730304691499396,0.009631031431164207,0.009531607808833175,0.009431968194784035,0.009327234257440807,0.009217156748205075,0.009107093220582051
RUS,Seventh,23.306742156094472,23.83843588913342,24.377262239901295,24.924142238235817,25.478956862139377,26.042420721156482,26.583750757681432,27.132483079050367,27.690049147853216,28.257177497132744,28.827259343309983,29.375081674706692,29.931474754084586,30.498354871466127,31.070754395175374,31.65008911287187,32.19465820533336,32.74788864024147,33.31045747077509,33.88288238103095,34.465994906172774,35.00893378352058,35.56135306922468,36.12381773537614,36.696909934711506,37.28140991353845,37.82917384306745,38.38682734485274,38.95474053171292,39.53354910573521,40.123276266893285,40.681809875232936,41.25014574383381,41.82924879879114,42.419431325685686,43.02144903562732,43.59516917909943,44.17854627067222,44.77192547453805,45.37544215268352,45.9871033618947,46.56684827622137,47.15535031641281,47.75282592032168,48.359842622213456,48.9765012063318,49.55846110141471,50.148795402577704,50.74762608388042,51.35474961007175,51.97029824050831,52.546617616125054,53.130696132787996,53.723082081107826,54.323922933837075,54.93345785493874,55.49658248590509,56.067324063828586,56.64580721951243,57.23306024377209,57.83537301073529,58.39395058854121,58.95960869517143,59.532876714473,60.113867177625814,60.698852550185954,61.244170016753635,61.79521791216782,62.35267013241273,62.916648429739666,63.48735693097295,64.0280278737313,64.57295100976197,65.1222662234715,65.67566581891435,66.23343115291011,66.76572733234329,67.3005920938049,67.8349138952504,68.36847590252704,68.90512256549013,0.028345481981409248,0.02814221547412442,0.027932236676088313,0.027732485690489504,0.027542706823771315,0.027362679445525347,0.027191890943976046,0.027024262460250106,0.026865890465290365,0.026716521483189058,0.026575953553087502,0.026444428197043207,0.026319189022535012,0.026209413774322673,0.026064507465430015,0.025896570362542497,0.025731437333995997,0.025568208216152032,0.02540743092701949,0.025249029491826096,0.025092970848192477,0.024939528661034886,0.02478798948831283,0.024638758589925872,0.024491728417059523,0.024346876341525575,0.02420406730862883,0.024062079711440858,0.023922174218352094,0.02378423644277252,0.023648012113632853,0.023513205956421656,0.02337785305506686,0.023244425155571718,0.023112835083390917,0.02298297376671291,0.022854490720518532,0.022725872661664762,0.02259873850298018,0.022471554445765325,0.02233177070881417,0.02219333619889419,0.022055805049015914,0.021919251213152927,0.02178353796315757,0.021648607636070318,0.02151509751022022,0.021382893489619578,0.0212513104940151,0.021120266918288184,0.020989735493217674,0.020860089202833824,0.020731005933732664,0.02060232729605763,0.02047394926879259,0.02034587861592212,0.02021777360163698,0.020088968679810863,0.019960348817229356,0.01983189748395064,0.01970355714008965,0.019574462899714134,0.019443791150911167,0.019313175703852457,0.019182575334237173,0.019040860425286906,0.018894789622064555,0.01874690136635685,0.018598833631088777,0.018450533594933094,0.01830201657819429,0.018152593849578517,0.01800180835003881,0.01785075360305794,0.017699392000284395,0.01754771441929578,0.017395523202691467,0.01724271280236447,0.017081773824183993,0.016912272416614176,0.016742427867371144
RUS,Eighth,29.20849053508465,29.89009119344979,30.581844095669954,31.28370263258765,31.995575719335516,32.71832872917256,33.41325124004086,34.11792021560832,34.83354352371511,35.561011502572754,36.286043695457806,36.98709818311898,37.69863669778112,38.4220953683863,39.15658753729478,39.902776519604785,40.60567907871638,41.31995034739654,42.046393682264664,42.7855537719237,43.53874493772358,44.24032201229826,44.95424321225122,45.68103685121268,46.42145134002929,47.17654440444666,47.88565823456917,48.60774359170869,49.34294886140005,50.09247216219581,50.85604838482339,51.58178150510993,52.32060460479135,53.0734659967434,53.84058085489851,54.623107779134855,55.37033975414931,56.13056233370641,56.90376621850332,57.690392828336876,58.49066066654939,59.24909128918079,60.019299405506395,60.80134217312699,61.59618839557121,62.40378023985289,63.167685092576576,63.942580860205695,64.72902669366817,65.5266060096884,66.3355228726476,67.09801630481327,67.87097156714577,68.65535098223538,69.45139209744963,70.25941939931775,71.00857759672478,71.7687908175239,72.53956494725536,73.32305948080334,74.13309866570062,74.88812302227498,75.65349156799881,76.42948433715111,77.21627384342558,78.01221666853117,78.7594017082907,79.51545626125493,80.28080891543539,81.0556522284957,81.84025624098311,82.58745717621478,83.34162183847552,84.1026686781541,84.87028551662837,85.64484060276175,86.38780806212759,87.13546433009213,87.88638651983247,88.6405843178741,89.40026148196108,0.05873794754471554,0.05841541210265592,0.05808147271767101,0.05776308507375788,0.05745994356626437,0.05717179049078088,0.056897895025756484,0.05662856075248359,0.05637363663516174,0.05613279092189245,0.055905765255166884,0.05569302040785819,0.055490150198685716,0.05531209092188659,0.05507671085802641,0.05480343621485207,0.054534211039578936,0.05426759207819984,0.0540044869901747,0.05374479290050649,0.053488474590577005,0.05323599947410839,0.052986212774435285,0.05273979853042885,0.05249659621310675,0.052256585524666846,0.052019556513787125,0.05178349382775695,0.05155050243422728,0.05132040701697832,0.051092794377939725,0.050867188027251695,0.050640295278821745,0.05041626643507387,0.0501949669044119,0.04997622739709797,0.049759466033630184,0.04954213574617854,0.049326974938534496,0.04911139118253793,0.04887405853278215,0.04863860802323676,0.04840429202426438,0.048171241397265356,0.04793922740831601,0.0477081567692305,0.047479129775680265,0.04725195782887455,0.04702547119930184,0.0467995340660587,0.046574100618732704,0.04634981745163896,0.04612613313325311,0.04590277532184475,0.045679562190772446,0.045456509540205935,0.04523301868063577,0.04500792399366056,0.04478276780035057,0.04455751921455591,0.044332075911559014,0.044104914186086974,0.04387457338824432,0.04364392054945713,0.04341288262713567,0.0431617119062946,0.0429023084734445,0.04263913995950863,0.04237510707454568,0.04211011104915985,0.04184416970996207,0.04157604010274926,0.04130488631787857,0.04103265865086413,0.04075928119540747,0.04048473057572639,0.04020863848382676,0.03993079835472984,0.03963750086299393,0.039327837168127,0.039016755509146836
RUS,Ninth,35.41806650287669,36.268443920310155,37.13311461859438,38.010093828419436,38.899310697194686,39.80176864847407,40.670329511083736,41.55144772527297,42.445685086197045,43.35408735315762,44.249135867964,45.12181334065705,46.00676878864499,46.904247689052454,47.821542772199955,48.75769645302425,49.64181902984091,50.5405119269242,51.45468079495772,52.38480416191363,53.33294014655919,54.21626768998339,55.115265412469206,56.03027143948129,56.9622229359248,57.9125487076503,58.807249343224996,59.71855851271764,60.64611479740702,61.59206004390413,62.55553411106558,63.47535149317893,64.41229162677499,65.36711048783582,66.33975448672227,67.33201542480877,68.28182896428707,69.24880361085872,70.23217333891857,71.23290883158012,72.2556859185919,73.22435220517826,74.20855691379322,75.2079833036526,76.22427750478565,77.25702098119451,78.23652160551838,79.23009581474501,80.23911638604422,81.26274206548132,82.30127559322507,83.28883272185226,84.29022331866477,85.30713458733811,86.33994219981462,87.3890793269626,88.36568885542293,89.35826204163082,90.3650238703633,91.39026787270338,92.46225756216072,93.46737784846496,94.48749958304117,95.52234615732307,96.57218165883853,97.63995074091811,98.65034029539783,99.67436392401935,100.71187085984617,101.76316885498836,102.82862520891697,103.84934695180908,104.88133788809425,105.9240619023145,106.97724203432361,108.04137122617323,109.06795056461712,110.10279957642298,111.14832480395948,112.20504755029569,113.27131456474804,0.10942107514426176,0.10905519850524906,0.10867500261030211,0.10831119806122294,0.10796362141754898,0.10763214350238348,0.10731608589945707,0.10700435800524966,0.10670844833074367,0.10642811355643073,0.10616318184807912,0.10591430946015724,0.10567644141281979,0.10546722810602119,0.10519002757127478,0.10486729590744062,0.10454839091086832,0.10423163595849104,0.10391813869573899,0.10360780985047731,0.10330063925825377,0.102997220942687,0.1026962001534295,0.10239842589200622,0.10210373583331533,0.10181213046224058,0.10152338899285979,0.1012350683038554,0.10094975764349212,0.10066726718783603,0.10038711658868002,0.10010873196276952,0.09982805760041054,0.09955022913943591,0.09927510382284697,0.09900249572801631,0.09873169637346425,0.09845952530615233,0.09818942310823972,0.09791813609831655,0.09761872435751905,0.09732090102232441,0.09702373008510236,0.09672738953073327,0.0964315964242193,0.09613623807313533,0.09584273358035915,0.09555085853736256,0.09525911861766875,0.09496734127653429,0.09467547146597242,0.09438435331496096,0.09409327275871683,0.09380187899559077,0.09350993758705767,0.09321746165759548,0.09292366500218922,0.09262700285481137,0.09232949570701089,0.09203109831787157,0.0917316724353642,0.09142917829953418,0.09112164275354831,0.0908128730211064,0.09050276180376911,0.09016468950637295,0.08981450098901786,0.08945815046586467,0.08909953111486656,0.08873849416981948,0.08837504263410939,0.08800745529499883,0.08763454128483289,0.08725895208903953,0.08688056018240013,0.086499311892174,0.08611466817297678,0.08572631277299715,0.0853149509599143,0.08487906569071986,0.08443954931983656
RUS,Tenth,64.78324518105697,66.43948365164982,68.13047512143076,69.84449380242762,71.58161117754936,73.34345009303243,75.04291617399942,76.7687647708261,78.51812734295885,80.29274460150754,81.88698437558895,83.55001349871327,85.22923859903044,86.91921366625695,88.67029461673152,90.4713003148046,92.18084677591149,93.9182270046098,95.68489195487105,97.47858245139597,99.30992085569396,100.98770788280504,102.69430795066461,104.42635705093987,106.18556401427433,107.97665991496477,109.66899070095421,111.39211839224211,113.13949722755476,114.92522190315684,116.7381091883994,118.50684376735511,120.30910717034989,122.14655964907524,124.01362167415057,125.91932655688773,127.75401263170924,129.62551807346478,131.52475635369103,133.45528367975555,135.45411285375826,137.29891405764013,139.17614402623576,141.07881138222743,143.01683250699492,144.98303983356578,146.85256209910148,148.7451744598503,150.6716618696321,152.62387058094671,154.6025584560578,156.58600425944334,158.59561884577317,160.642260759699,162.72709681868452,164.8511986291726,166.83271963379048,168.86213374565273,170.91990915401132,173.0421024967242,175.47811018768184,177.796523985869,180.15423458864146,182.54800407109414,184.97860633773007,187.47415448703194,189.8775439151994,192.32016928396635,194.7987266404824,197.31416980655663,199.86741401369665,202.34565769771126,204.85897461343842,207.4044085336863,209.98202671485208,212.5930010310163,215.14240430565326,217.72068462778356,220.35241527823953,223.04137080305492,225.76366243063228,0.7676447338295548,0.7688997060160485,0.7701976399946201,0.7714338074964087,0.7726095938339372,0.7737261871713761,0.7747865849114739,0.7758284286049154,0.7768137270991035,0.7777438981086292,0.7786200598890928,0.779440562481502,0.7802224896369849,0.7809083890229173,0.7818145416562204,0.7828657859980932,0.7839006283345331,0.784924658622391,0.7859344214546896,0.7869303522755602,0.7879126239232578,0.7888794796919572,0.7898353732100688,0.7907777218946122,0.7917071688860944,0.79262382760256,0.7935285186545519,0.7944289617928421,0.7953171446737608,0.7961937637623598,0.797060410617301,0.7979189316952184,0.7987818523837934,0.7996334036494804,0.800474119503805,0.8013046616629439,0.8021272587446583,0.8029515899566253,0.8037672713185591,0.804584144029912,0.8054829527977051,0.80637414669267,0.8072605771050856,0.8081417553760228,0.8090185607470789,0.8098913575074447,0.810756003589428,0.8116132248392789,0.8124674486524216,0.8133192000932952,0.8141686548055997,0.8150133845401235,0.8158554802033334,0.8166959725702537,0.8175355468884913,0.8183741596184234,0.8192140595929389,0.8200596271968708,0.820905072147795,0.8217505133185946,0.8225963374817221,0.8234482667401397,0.8243117723591927,0.8251761012174718,0.8260415347217293,0.826981998080568,0.8279528830181233,0.828937444159232,0.8299248287561443,0.8309154078381196,0.831909121064595,0.8329106099459241,0.8339230038604896,0.8349390148048506,0.8359589329308267,0.8369828495907696,0.8380121461381828,0.8390475901911121,0.8401402576588575,0.8412934791842338,0.8424515657450296
TUR,First,4.531750459709197,4.617456913990709,4.701487529822762,4.78699813738485,4.875328372877094,4.966697191331437,5.055444201072506,5.146075578971843,5.239120432061525,5.3346450248178465,5.432979419245192,5.527771994081748,5.625017894949031,5.72572905061302,5.823069422007556,5.9190057283566375,6.013363031459655,6.109873398502891,6.208785165924412,6.310125044773298,6.414210816300627,6.51715444141595,6.6220887953851495,6.728955412185175,6.837738014548384,6.948179918033001,7.05655268826269,7.1665759596219845,7.278943508568987,7.394414597590858,7.5132323764720095,7.6310335768211495,7.7503999247991695,7.871892412270163,7.995295504545564,8.12025988179701,8.24303828679115,8.367335093262533,8.493946141475636,8.62232273060942,8.750102932764806,8.87691291826509,9.005518584665507,9.135708565160902,9.267338733108557,9.40038412415796,9.530330422020365,9.66091267248462,9.792732046154816,9.92657100406543,10.062853494264436,10.19689210055053,10.332518270064307,10.469304748065266,10.607462100265108,10.747006631082138,10.88256307387294,11.018473533538586,11.154655912457143,11.291149503542234,11.428266805378675,11.561148889946077,11.694697598427647,11.829687970645702,11.965979333484153,12.099512534407745,12.22711851233404,12.353975955600717,12.480557991016346,12.606614072023111,12.731718382893725,12.850538832869994,12.968190244282047,13.086265353821686,13.20596187651072,13.326559264136725,13.441986256671637,13.55676331485186,13.667071777171087,13.772241140543734,13.875382429888257,0.0003261230232217032,0.000320080467571461,0.0003139181130333959,0.00030813066971267295,0.0003026990578797424,0.0002976063371355216,0.0002928285319007738,0.0002881893522627317,0.0002838519100409256,0.00027980123828397056,0.00027602475981902057,0.0002725221702371177,0.00026921474112471844,0.0002663377662449011,0.00026257159925464115,0.0002582514834726679,0.00025404981666217057,0.00024994158236857166,0.00024593836600347505,0.00024203619685674884,0.00023823205815701412,0.00023453052305565537,0.00023091245448657476,0.00022738574074522845,0.00022394602255368948,0.0002205910161103251,0.00021731594934811384,0.0002140916035070357,0.00021094554523115144,0.00020787361985089345,0.00020486885112504572,0.00020192357598755522,0.00019899446257470686,0.0001961343986559179,0.0001933402085146512,0.00019060842240605747,0.0001879305700050866,0.00018527466487437073,0.00018267359616516425,0.00018009545587399439,0.00017728941025694977,0.00017453865636657805,0.0001718335247807329,0.00016917475137978225,0.0001665589466911792,0.00016398440617241807,0.0001614625080735218,0.00015899019466039113,0.0001565539731696264,0.00015415187452440344,0.00015178300217862973,0.00014945358712878533,0.00014715732462370606,0.00014489106203819844,0.0001426526115082464,0.00014044185934378826,0.0001382526831695167,0.00013607379281098717,0.00013392018557302325,0.0001317913501350706,0.0001296861738818106,0.00012759047789104172,0.00012549142342204342,0.00012341548737019025,0.00012136186852386895,0.00011915832274765129,0.00011691395860444662,0.00011466934046470513,0.00011244968106968864,0.00011025418026559247,0.00010808296672973179,0.000105926146729502,0.00010377757463855684,0.0001016530776516808,9.955211486373313e-5,9.747456381481941e-5,9.54177605642913e-5,9.338038340203393e-5,9.126457418878763e-5,8.906915685290367e-5,8.690296813092995e-5
TUR,Second,7.500724982324267,7.652590435516164,7.802902950410026,7.955748832759264,8.11297763650713,8.274931561719951,8.432236123513565,8.592756460597005,8.757170085357778,8.925611141281712,9.09844071816194,9.265231067856204,9.436041331355922,9.612155189876724,9.785057699975184,9.95729669307693,10.12702433178608,10.300513614786244,10.47813875165294,10.659977332122365,10.846513228314992,11.031193800056922,11.219478609583478,11.41131640182434,11.606724136945685,11.805389182285886,12.000948953061691,12.199690532392088,12.402573003735343,12.61068489820913,12.824400274577192,13.036541974961716,13.251808029340985,13.470960018234466,13.69373433240734,13.919689076705307,14.142451969793974,14.368254348475526,14.598190168068273,14.831571139945966,15.065449093274676,15.297698561367957,15.533332695018009,15.77208922663421,16.013810329587574,16.258489620052856,16.49843320792045,16.74011012654835,16.98439952725697,17.232415704303865,17.484782031691847,17.733437413273737,17.985162279628334,18.2394064665092,18.496496520297683,18.75648685111832,19.01007910809682,19.265035157301693,19.521240122522176,19.778789656538052,20.038265651582766,20.290889123512773,20.545325621895948,20.802645024568278,21.0626850600272,21.32010000874492,21.568284505478,21.816262335244684,22.06467416902961,22.313188378994933,22.561227348499575,22.799304235262024,23.03646785064645,23.274945297096107,23.516449061125023,23.760003291443926,23.995022468445462,24.22978284837989,24.459124780752806,24.68211767891608,24.902931832574602,0.0016256474518439117,0.0016011878783778394,0.0015761480242118039,0.001552541483427669,0.0015303055551342609,0.001509384695901653,0.0014896920206577252,0.0014705097158906125,0.0014525189852920817,0.0014356685015376332,0.0014199146813993772,0.0014052651596837495,0.001391397366801892,0.0013793071921581021,0.0013634408191637234,0.0013451850373843396,0.0013273717952703875,0.0013098980418394877,0.0012928165483421634,0.0012761130609238486,0.0012597782285069519,0.0012438343514250443,0.0012282022109024802,0.001212918237172491,0.0011979663936635553,0.0011833392156925142,0.0011690183688285124,0.0011548780662235434,0.0011410406612389408,0.001127490403008074,0.001114198316060676,0.0011011325283995924,0.0010881013307024923,0.001075341292848456,0.0010628400805952315,0.00105058392053162,0.001038536491597329,0.0010265547373030425,0.001014788099234599,0.0010030930509589853,0.0009903271414663497,0.000977774656604074,0.0009653929408978148,0.0009531864946332612,0.0009411412128341204,0.0009292501731671485,0.0009175673430904602,0.000906079863031283,0.0008947263391584666,0.0008834985667471438,0.0008723929464119936,0.0008614398558063454,0.0008506104760422561,0.0008398907315248109,0.0008292709427446033,0.0008187510899570603,0.0008083025922005066,0.0007978717624087641,0.0007875305553368632,0.0007772769989545565,0.000767106173638163,0.0007569499218642381,0.000746745363422831,0.0007366211384290783,0.0007265739034444846,0.000715757130561742,0.0007047008167737976,0.0006936028229719226,0.0006825877467684291,0.0006716518464840671,0.0006607964153278386,0.000649971986805841,0.0006391473895591708,0.0006284024586223326,0.0006177348592122289,0.0006071443392340509,0.0005966176561889885,0.0005861482527355106,0.0005752302655089552,0.0005638511545558538,0.0005525719519437293
TUR,Third,9.117143302432002,9.308392691394792,9.498468027320177,9.691657647028666,9.890057190434206,10.094070566120292,10.292285259554685,10.494521560647769,10.701431229813155,10.913184004688867,11.130070884505919,11.339528190066162,11.553852409742468,11.774284598310135,11.992479670832562,12.211075948512905,12.426730404183065,12.647147471912039,12.872759079318307,13.103676466010857,13.340476708814373,13.57508849489317,13.81432121919164,14.058123695858363,14.306538238398813,14.55923406656786,14.808357982152808,15.061674629745204,15.32024716412009,15.585341929820371,15.85740853555737,16.127711267728685,16.402216922461164,16.681725190269265,16.96595526223471,17.25443273267967,17.539291785096694,17.828247696661045,18.122496420686296,18.421339032917338,18.721975683150777,19.02070609988554,19.323903161181164,19.631282988947852,19.942696054926035,20.258153236675824,20.56809720914064,20.880594087112513,21.19669902700717,21.51770190819004,21.84433947681617,22.16660358605051,22.49299107936718,22.822907382364082,23.156751394335448,23.49460687769531,23.824871900219165,24.157386122782682,24.4919787121228,24.82879780918436,25.16867172502367,25.50041555128959,25.834988121915377,26.1735383916746,26.515904454514963,26.856689842661666,27.186824244632128,27.51751365209284,27.84940547749163,28.18214030714601,28.51506765980434,28.836221805667478,29.15706337304512,29.48009406507275,29.807307713034273,30.137609787106303,30.457694014131885,30.778163750559152,31.09366866647254,31.403204774888824,31.71096110835787,0.003030979829313487,0.002991573940445167,0.0029511418600608207,0.0029129386125487052,0.0028768763113886007,0.002842876773680355,0.002810811003318283,0.0027795170080531562,0.0027501132679395427,0.0027225249802363483,0.002696690109635536,0.002672629013730859,0.00264981846939507,0.002629904906396746,0.0026037335549723723,0.002573566554011577,0.002544074041987154,0.0025150882833591096,0.0024866993726142448,0.002458886730818994,0.0024316373725723887,0.002404991454101883,0.002378818974272711,0.002353183375575877,0.002328060106126653,0.002303439195522974,0.0022792917658275348,0.0022554073518871957,0.002231994343559473,0.002209027986437554,0.002186461179090643,0.0021642411545072368,0.0021420428264686073,0.0021202697584866087,0.0020989027879867905,0.0020779203008806477,0.0020572613924746117,0.0020366815418389607,0.0020164380247011445,0.0019962849275055273,0.001974248520848667,0.0019525417228526667,0.0019310915958411726,0.0019099073855444657,0.0018889653941505595,0.001868254751436814,0.0018478704082286505,0.0018277915411066422,0.001807911708989796,0.0017882172630735956,0.0017687028503243886,0.0017494222301365223,0.001730325969575622,0.0017113895433220744,0.001692596356280877,0.0016739470155164495,0.0016553912461812295,0.0016368335650519842,0.001618401909054,0.001600093366845727,0.0015818995170374308,0.0015636982505646876,0.001545376481835455,0.0015271646653154877,0.001509057007899771,0.0014895238142149851,0.0014695160170350608,0.0014493891324718988,0.0014293686594428839,0.0014094482234151314,0.0013896301670197335,0.0013698241293657188,0.00134997255818158,0.0013302215388760696,0.0013105667794704508,0.0012910079837657382,0.0012715208550754759,0.001252093279429462,0.0012317827047019579,0.001210558429354128,0.0011894627142465745
TUR,Fourth,11.369251095594127,11.614554373515766,11.859181740085862,12.107752739186601,12.362682573397004,12.624461912741847,12.878844543986913,13.138348916957822,13.403626730434254,13.674900058073547,13.952225443433951,14.220306488969225,14.494433275867264,14.775845417716958,15.05617356619818,15.33822670288164,15.616724986443007,15.90134679033607,16.192606112419302,16.490658160277793,16.796210622121016,17.099063055515515,17.407923777509264,17.722746565913518,18.043609658894436,18.37016600257098,18.69250383642765,19.020412870700103,19.355093883431273,19.69805323439794,20.04982985249706,20.399583038626936,20.754997265019274,21.116943472745586,21.48511876710785,21.859015852627838,22.228712411764835,22.60394078612163,22.986036522985547,23.374280354427484,23.765992194577727,24.155332477603643,24.550607517759094,24.951504310285852,25.357894121895285,25.769807596203446,26.1751435055221,26.58416268105429,26.99814865091257,27.418608887568734,27.84642635643117,28.269005644916376,28.69712830140472,29.130156789434047,29.568585768553472,30.012539033179657,30.4472348216629,30.88539036981047,31.326764808719155,31.771599554550292,32.22120695870372,32.66090034614067,33.10477907567436,33.554110238327134,34.00873734224877,34.46310897108859,34.904820215688204,35.34811774523409,35.79367539184035,36.241099980792804,36.68965656057789,37.123960928686024,37.558775868095125,37.99695806728908,38.44085831391096,38.88923991149621,39.32507521394389,39.76217511813754,40.19489153361416,40.622127376157096,41.04817769828209,0.00613539480033394,0.006065675480350495,0.0059940093647966675,0.005926169988469104,0.005862019603085868,0.0058014385245493275,0.005744211949350941,0.005688276497375926,0.005635641255037537,0.005586186459661372,0.005539812617699614,0.005496568720193848,0.0054555230803339195,0.005419651543009015,0.005372451093715024,0.005317964376631589,0.005264612472035366,0.005212095748046153,0.005160581268882277,0.005110035273456831,0.0050604381410271175,0.005011867552991529,0.004964088882266926,0.0049172223108525995,0.004871225602779229,0.004826083975972844,0.0047817478058652715,0.004737833131773903,0.0046947243435047255,0.004652379511280228,0.004610714151105582,0.004569633380263373,0.004528536459462122,0.0044881716225531896,0.004448506368801887,0.004409502537975244,0.004371049362610198,0.00433269224416132,0.004294912259593165,0.004257250968698985,0.004216012951866727,0.004175332040649443,0.004135073846605985,0.004095257024389023,0.004055838101731724,0.004016798222739306,0.003978317969497511,0.003940359873854746,0.0039027244111708094,0.0038653863187033673,0.0038283364554412566,0.00379167832679685,0.0037553183928898766,0.0037192110318162623,0.003683325616860632,0.0036476634927568013,0.0036121289526825874,0.00357653885673478,0.003541138704285736,0.003505923350519512,0.003470876810505328,0.0034357638040292786,0.0034003648591834717,0.003365124679314174,0.0033300323762777014,0.0032921163537530137,0.0032532126122611603,0.003214008652575809,0.0031749426649221157,0.003136001906289917,0.0030971912269033,0.003058333202897383,0.0030193137313904985,0.002980418974345237,0.002941640710867798,0.0029029782296887807,0.002864383081115101,0.0028258308965702756,0.0027854451338917485,0.0027431520398435035,0.0027010220934732252
TUR,Fifth,13.344736497057779,13.639637452517453,13.934505455904857,14.23405421454411,14.540961253653101,14.855788941272555,15.161794053158475,15.47394486927241,15.792821593690212,16.118690703565406,16.45123397244398,16.77300369274557,17.101847928229322,17.438876308646787,17.776424467656145,18.11730190040905,18.454145385114302,18.798393608513823,19.150626111018,19.511037548961962,19.880457852153583,20.246745023475743,20.62035427918451,21.00123569871972,21.389505386215905,21.784810753749007,22.175402993717455,22.572897302428842,22.978585534344035,23.394191636317668,23.820328580807207,24.24432473425931,24.67542082633733,25.11450449030438,25.56125327259943,26.01514782348929,26.46442447506961,26.92065596820436,27.38525417564098,27.857527422836778,28.335242861828156,28.81020178660662,29.292541066050894,29.781921208980034,30.27825008631157,30.78157375631032,31.277476996816247,31.778212633986854,32.28528904149856,32.800398463690236,33.32455492080383,33.84290126012099,34.36821902205238,34.89985410824557,35.43839269035632,35.984000361163815,36.518982635506696,37.058747689515435,37.60295358546001,38.15196090889905,38.70773050961437,39.25215188163869,39.802247093637725,40.35932874951252,40.923252942793624,41.48882206568465,42.04027747339814,42.59458711621031,43.15238441963525,43.713260026841176,44.27641482054986,44.82331939251692,45.371822508964684,45.925042610479395,46.48564441120575,47.052284227302415,47.604487565926476,48.1590784011399,48.71057060650571,49.25784349332592,49.80485359013929,0.010238492727758331,0.010137244551447112,0.0100329930714941,0.009934141856132268,0.009840515690392269,0.009751962897454051,0.009668191117980885,0.009586193049044124,0.009508927622546853,0.009436236402177306,0.009367989662343198,0.009304275369850934,0.00924373410779201,0.009190770773129388,0.009121004598066446,0.00904036038295891,0.008961281404842,0.008883329178365387,0.00880675671252057,0.008731518414027827,0.008657590005727607,0.00858509201785297,0.008513680206709893,0.008443537010346324,0.008374604490684135,0.008306864615788927,0.00824024649958416,0.008174176114309985,0.008109235123547592,0.008045363729942353,0.007982438061592004,0.00792031727392027,0.007858094147876568,0.007796903447623817,0.007736698326248802,0.007677424598571812,0.007618916284117771,0.007560483061076523,0.00750285922458539,0.0074453464826059555,0.007382291231496252,0.0073200046436986315,0.007258282490490454,0.0071971557572013825,0.007136559784566221,0.007076466490801356,0.007017156369852785,0.006958574132345011,0.006900413374878229,0.006842636561954124,0.006785230537800328,0.006728356311074214,0.006671871291861842,0.006615704783505813,0.006559810288402785,0.006504190452477501,0.006448696181957695,0.0063930409924649306,0.006337608374034897,0.0062823908876978056,0.00622736380947767,0.0061721572717870305,0.006116424001477041,0.006060863527599849,0.006005457973691893,0.005945506571543976,0.0058838970846957234,0.005821712486254722,0.005759645425634892,0.005697675822949312,0.005635811427363246,0.005573768083544767,0.005511361240030148,0.005449047494821858,0.005386812548047249,0.0053246555154296115,0.005262497157841633,0.005200297592070636,0.005135019795402698,0.005066525405941079,0.004998156854409687
TUR,Sixth,16.1635538258038,16.529040150972495,16.89542848920455,17.267565331976407,17.648482163851106,18.038841818800737,18.418341859851747,18.8054425698728,19.200635077836143,19.604250716024534,20.015101868885473,20.41324519718226,20.819920069411662,21.236070051518183,21.65498355429566,22.079470193500754,22.499242912278746,22.928233980810358,23.36711635583325,23.816135722186193,24.276307462039668,24.732646002848373,25.19817016549675,25.672822999280882,26.156775518026265,26.64967889929951,27.137182074167892,27.633478616342472,28.13997334466694,28.65870854967119,29.190376816478636,29.719808050463097,30.258382240130928,30.80701860889779,31.365361756846827,31.932894850875407,32.495249245141444,33.06658965851735,33.64841599446041,34.2400830649363,34.84001266577035,35.436501817081194,36.04243133439915,36.65741559250945,37.281433702368965,37.91454310399267,38.53906098439123,39.1700619421274,39.8093769608814,40.4589303030809,41.119914897247924,41.7744930443972,42.43807143439977,43.11000187360495,43.79099679176154,44.48128478381322,45.15899729350453,45.84342931816691,46.53407236752971,47.231517578170305,47.939075959206576,48.63326731423016,49.33527378900527,50.04646237558367,50.766716601103205,51.491373024795685,52.19988588981177,52.913109851942735,53.63162283599821,54.35500087176211,55.08236291142343,55.790696951673276,56.50224475279957,57.220466148236525,57.94844709870352,58.68471064295461,59.40388874192548,60.127111611181114,60.84918258679766,61.56896780789045,62.28991582054784,0.01889684691107266,0.01873702947565742,0.01857219300068665,0.018415629465735214,0.01826710329880665,0.01812640835769045,0.017993114837578997,0.017862458081717488,0.017739173630971435,0.01762303661824718,0.017513866272352206,0.0174118276678327,0.01731476500282334,0.01722976526082294,0.017117677864030723,0.016987936925813053,0.01686053232924279,0.01673476257393179,0.01661104397561064,0.016489310490148425,0.01636953139776908,0.016251908472055262,0.01613589083930315,0.016021781149013155,0.01590949220653636,0.015799000914522347,0.0156901987824987,0.015582151059342682,0.015475814582448748,0.015371096129066774,0.015267798214512046,0.015165694804910444,0.0150632946625179,0.014962468181914105,0.014863143387035553,0.014765234501582522,0.014668473311732584,0.014571718832310416,0.014476188280590508,0.014380727028622324,0.014275932918001381,0.014172277586973177,0.014069425117777375,0.013967429425048916,0.013866185332467399,0.013765648730922153,0.013666291293460624,0.013568024636486707,0.01347033756367171,0.013373168852182047,0.013276496982824609,0.013180596400513632,0.013085227585908764,0.012990272673241947,0.012895653526005692,0.012801376360616627,0.012707187860850969,0.012612601079542754,0.012518267603745817,0.012424173834615514,0.012330278289875391,0.012235948959692142,0.012140589450093622,0.012045392795599318,0.01195032983698519,0.011847316447727229,0.011741289746797877,0.011634102404602433,0.011526944499292495,0.011419781399810414,0.011312623846598152,0.011204978529051713,0.011096520503204945,0.010988040337493591,0.010879511207632447,0.01077093072237466,0.010662158698695596,0.010553122051142765,0.01043848006886538,0.010317955509941076,0.01019741129188666
TUR,Seventh,18.82025498007755,19.255531353249776,19.69289568169762,20.13703306688588,20.591286079782027,21.056408163308426,21.508721901990896,21.970104020402676,22.44084949908791,22.921348860583127,23.409133897311108,23.882633146435552,24.366021601469345,24.859890081444046,25.359535246729966,25.867541845847253,26.37029116321081,26.88410416304149,27.409731779442236,27.94746463426255,28.498514187152345,29.04505188498923,29.60267510283414,30.171305122079666,30.751171447549936,31.341943478082204,31.9267828710225,32.52238261532551,33.13019910946811,33.752608477742385,34.39035607887243,35.02600723150328,35.672972453306386,36.33213088369336,37.00308849797408,37.68536214015135,38.362082517706966,39.04996241488704,39.75050582331383,40.463179535359906,41.18758829415065,41.90786785522813,42.63978247883866,43.38288789510716,44.13726800671862,44.90297826876293,45.65914065329154,46.42357787820623,47.19848216369218,47.98597820635681,48.787437270571424,49.582408037330545,50.388580381769856,51.205359332215785,52.03358949340131,52.87356830521476,53.69928354085809,54.533987742936944,55.37692295312834,56.22900928881679,57.09553323892316,57.94702827650997,58.80885719691865,59.682346295447644,60.567418370598205,61.460712404769644,62.33649141154753,63.21934190965854,64.10968835760723,65.00710763583159,65.91065982556655,66.79288810434997,67.68047451671947,68.57712376253939,69.48633666337682,70.40652861474165,71.30743724834798,72.21456222758242,73.12368773944647,74.03376892705471,74.9470533534512,0.030749165258755373,0.03053478443377212,0.030313259578059908,0.030102466454746672,0.02990214087312201,0.029712059745482283,0.029531688678353017,0.029354613226656317,0.029187278285188672,0.029029420327506,0.02888083384495642,0.02874177831673803,0.028609345896300188,0.028493245610503537,0.02833996244378228,0.028162278552006644,0.02798751947822605,0.027814734998731015,0.02764450650839292,0.027476755378317723,0.027311446628602427,0.027148874949580168,0.026988283865442282,0.026830103968813867,0.026674224270912567,0.026520621743457373,0.02636915316630281,0.026218525220319446,0.0260700750924619,0.025923683953624266,0.025779080957506716,0.025635956720341586,0.025492222878487254,0.02535050516339644,0.02521071199760253,0.025072729267699267,0.024936183961256925,0.02479946963344906,0.024664307624552663,0.02452906635289454,0.024380398177062834,0.024233133432108676,0.024086799725821565,0.02394147670207072,0.023797018330407874,0.02365336385546234,0.023511192884725068,0.023370384212727312,0.023230208484412356,0.023090579512794474,0.02295147017142136,0.022813275097123345,0.022675652511053076,0.022538435612640146,0.022401510472912233,0.022264887197039146,0.02212819972489193,0.02199073843062018,0.021853447024217702,0.02171630795758195,0.021579259463528955,0.021441377562109138,0.021301783330800666,0.021162219844075188,0.021022643666431085,0.020871155698515914,0.020714976695773695,0.020556817114413733,0.020398427145215926,0.0202397511074219,0.02008080445817286,0.0199208504269656,0.019759397603486207,0.019597616553738848,0.019435466020877656,0.0192729367189429,0.019109815866896668,0.018945989319119384,0.01877340332324348,0.01859158419325726,0.018409344892895654
TUR,Eighth,23.48883363525957,24.045870001252062,24.607055927738152,25.176840384324894,25.7590825008942,26.35469181165169,26.93407105305521,27.525070893981948,28.12768492349977,28.7424094808398,29.36319695513692,29.96790719849831,30.584839909261866,31.21403561462811,31.854048825135344,32.50709254997996,33.153919618536456,33.81498452679753,34.491177381484114,35.182839525828555,35.891580986851025,36.59426833601609,37.311309307044056,38.04256144752756,38.78835676966819,39.548425472524755,40.30164387623069,41.0689992914533,41.85199152481507,42.65364760225508,43.47470697471829,44.294200151885484,45.128732102022276,45.97915453995332,46.84495944657175,47.72579050454767,48.600472807560585,49.4900816731575,50.39607058509178,51.318100314683726,52.25787362902851,53.19172494883778,54.14100224748614,55.10511006163859,56.08438524766987,57.078820296238376,58.06205835320102,59.0566476246735,60.065454810371556,61.0908627926517,62.134539864595965,63.17252486495654,64.22548883571096,65.29301656613107,66.37618386977537,67.47540991531744,68.55732934978212,69.6523126955303,70.75904302321354,71.87929043847014,73.0237355594944,74.15028248396436,75.29155940954323,76.4488198878282,77.6220619493852,78.81016176932721,79.97837054817417,81.15780820638727,82.34864396007569,83.55047271384387,84.76226554428274,85.94881450328998,87.14452532827778,88.35348991073616,89.5798838585873,90.82197202553088,92.0409865138935,93.27005923271305,94.50670724962247,95.75006957002536,97.00032723600587,0.06249905638040955,0.06216749373900995,0.061824094996721486,0.06149658676802447,0.0611846663033193,0.06088808104388625,0.06060609450074406,0.06032872862501027,0.06006613894757642,0.05981798785596273,0.05958402568812492,0.05936473242083785,0.05915557615121269,0.05897196652888017,0.058729200409109825,0.05844728000555513,0.05816946654278989,0.0578942686932004,0.05762263072844083,0.05735444784719628,0.05708968359042641,0.056828827430469735,0.05657068643193113,0.056315970425311335,0.05606451668348126,0.055816303029254874,0.05557111831509197,0.05532687833457527,0.055085763452617835,0.05484759184462352,0.05461193873273067,0.05437831278232038,0.05414330543861766,0.05391121392518057,0.05368189973738799,0.05345519406801606,0.05323049081742636,0.05300515073445551,0.05278201714841629,0.05255839735449054,0.052312165381614435,0.05206783229220049,0.05182461980027579,0.051582670234524494,0.051341743731907336,0.05110174532771181,0.05086381542449424,0.05062776419204453,0.050392373904833775,0.05015750363172879,0.049923108948775385,0.04968986051310555,0.04945718464706911,0.04922479963474712,0.04899251861905354,0.04876035332236133,0.04852768381786575,0.04829329407916616,0.04805879161127555,0.04782414383133819,0.047589242708802375,0.0473525001936525,0.047112393250809737,0.04687190866447715,0.046630969515526824,0.04636897679820319,0.04609833101815744,0.045823688859429064,0.045548075095775034,0.04527138821327113,0.04499364357288237,0.04471354438691924,0.04443021223863672,0.0441456854228309,0.043859882743656146,0.04357277986894029,0.04328398805957505,0.04299329277802234,0.04268633952552578,0.04236216664187128,0.042036412096421304
TUR,Ninth,28.30652601595861,28.998281525202557,29.69716347476029,30.406589359745603,31.13090676734862,31.871172870310676,32.5916213543112,33.326615928414434,34.07551739035914,34.83892346157313,35.60471973063352,36.354050978166455,37.11792803018214,37.89526050113472,38.69113749798471,39.50673628390203,40.315432231783504,41.1420154696557,41.98749302930455,42.852221881342956,43.73834247504879,44.616487546757725,45.512737139937535,46.42680264950899,47.3591379348808,48.30958921342413,49.25258313901205,50.21367867062969,51.194230032995485,52.19812278577498,53.22594494175384,54.25372037414807,55.301046301692566,56.36857201605003,57.45559344609444,58.562017279480315,59.66217159524617,60.78188382289997,61.922274093282844,63.08340195152871,64.27092332276418,65.45001528395629,66.64916803285755,67.86751779892454,69.10583799923843,70.36395492018785,71.60960550608415,72.870384278075,74.15010786664952,75.45131322788605,76.77600337782515,78.09830585621326,79.44031135741875,80.80200176301544,82.1847390763744,83.58910501674386,84.97340206936411,86.37643143384707,87.7958604362925,89.23497326547779,90.71433357864058,92.17369648399261,93.6539286399509,95.15592859741828,96.67981632468278,98.22922282092854,99.75809819963051,101.30445335003125,102.86788129393473,104.44804914421478,106.04388155442385,107.61157643721279,109.19438329037092,110.7965780914971,112.42309809358792,114.07211334795281,115.69527048849083,117.33446913416364,118.99125955138513,120.66530863038217,122.35239099907157,0.11359190099138254,0.11323123655057786,0.11285627878752996,0.1124973230493365,0.11215422019659223,0.11182687685154714,0.11151463487159555,0.11120655070177496,0.11091399804331553,0.11063674327338426,0.11037463996250772,0.11012834648832752,0.10989287970056878,0.10968572130887527,0.10941116872731754,0.10909140616363476,0.1087753195682746,0.10846125021174265,0.10815030028136285,0.10784238615133843,0.10753749966029762,0.10723623631941333,0.10693725263005659,0.10664139568892035,0.10634850999398494,0.1060585982693268,0.10577144427332183,0.10548461882446782,0.10520070177252763,0.1049195085027548,0.10464055919115145,0.10436329033390167,0.10408365728194781,0.10380678044200484,0.10353251881934993,0.10326069195114479,0.10299059266508065,0.10271905121321769,0.10244949975041508,0.10217869499205338,0.10187972673834769,0.10158225896275491,0.10128535426140738,0.10098919290766169,0.10069349405742675,0.10039814602275066,0.10010456566486438,0.0998125365145913,0.09952055932630696,0.09922846310231212,0.09893619409906151,0.09864459653894263,0.09835296076392201,0.0980609289100841,0.09776826955978447,0.09747499608013861,0.09718031801467257,0.09688268640966662,0.09658412597356487,0.09628458994330054,0.09598394262811663,0.09568013095678074,0.09537117126719288,0.09506088823449403,0.09474917218993283,0.09440925191508068,0.094057042089953,0.09369852609685853,0.09333761602772525,0.09297415838507761,0.09260815739668511,0.09223787483066151,0.09186210876095677,0.09148352867221292,0.09110200141614695,0.0907174720704136,0.09032939448408456,0.08993744667418985,0.08952214235294381,0.08908192689799317,0.0886378866318246
TUR,Tenth,51.07165321266626,52.405379229365735,53.76133867999888,55.137404463689336,56.539939281817,57.9706547961637,59.36462240352015,60.787242320866184,62.23475286095515,63.70822874730134,65.11577911736276,66.54141714028341,67.99034365027684,69.45602852476567,70.97707156328917,72.548346119297,74.11006655054638,75.70578663456017,77.33705815610125,79.00315902943667,80.71106535840194,82.38863912626353,84.10032384503639,85.84379419757002,87.61999798555865,89.43015875960707,91.23054765199463,93.0657780647946,94.93442034640248,96.84805691613481,98.80261580833701,100.77747240601234,102.79150268948415,104.84530369086991,106.93505062985496,109.06431016270943,111.18908957827398,113.35509383854863,115.559104604153,117.80322506556172,120.11845716276694,122.38870623590199,124.69994854601484,127.04737157228466,129.4368094544061,131.86445031664877,134.2738700483586,136.7130449857626,139.19341625225644,141.71492910788714,144.28107857388343,146.90572628549822,149.5706374257325,152.28136593974187,155.04074039324118,157.85028117432856,160.62292733957202,163.44753526473758,166.30990360491944,169.23411076243215,172.38370659643857,175.50768202844273,178.6851669545206,181.91498276163048,185.19794380680602,188.5634858133504,191.9111951991472,195.3106783861965,198.75846504993854,202.2547668971859,205.79853260616372,209.3058842210263,212.86171917678703,216.47051105002726,220.14053968362194,223.8699072118681,227.56533131743035,231.31043169293773,235.13006646659883,239.02744241261288,242.97377613605977,0.7529063926259085,0.7542136934827905,0.7555659632034052,0.7568540716518667,0.758079453110279,0.7592433047726729,0.7603487324885199,0.7614349637422143,0.762462358052091,0.7634323943430033,0.764346202401162,0.7652020546725674,0.7660177454836473,0.7667333291099799,0.7676787888905874,0.7687757705185313,0.7698557725506695,0.7709246306884154,0.77197872623783,0.7730185104569149,0.7740441629169134,0.7750538369290544,0.7760521835046283,0.7770365020932487,0.7780074542292775,0.778965158024351,0.7799104650733311,0.7808514402935931,0.781779705082862,0.7826959843194115,0.7836019423451251,0.784499497445448,0.7854017505113449,0.7862922117673361,0.7871714382864767,0.7880401104311919,0.7889005651436984,0.7897629233373131,0.7906163159917461,0.7914710433862958,0.7924116075290387,0.7933443060057913,0.7942721266961018,0.7951945493175463,0.7961124951078169,0.797026342018836,0.7979317601337127,0.798829494839152,0.7997241909134083,0.80061639431598,0.8015062840057605,0.8023913211393722,0.8032736910370537,0.8041544760170795,0.8050343920064469,0.8059133931297927,0.8067938389255273,0.8076803210315329,0.8085667680589115,0.8094533084790112,0.8103403444251362,0.8112338826016292,0.8121396605717622,0.8130464009633255,0.8139544016612863,0.8149412369476515,0.8159601199599478,0.8169934830899571,0.8180299430541532,0.8190698889150149,0.8201132585223176,0.8211649282770588,0.8222281883999155,0.8232953854694066,0.8243668315992254,0.8254426199873955,0.8265242063799627,0.8276123987733177,0.8287608922557275,0.8299732105703898,0.8311908285047677
USA,First,11.829341539877374,11.760489355034101,11.69056435757008,11.626301873338189,11.571023132216474,11.524600311453241,11.482240967554466,11.44883308466776,11.421444340330206,11.399736820053535,11.384245604312447,11.370427598012244,11.35970244776901,11.354360410758435,11.350227123948837,11.34856625118177,11.348307308784523,11.350956433140077,11.35694064702395,11.366041463488422,11.378662605877123,11.392634204904525,11.409059779308423,11.427194538436279,11.446821367241263,11.46726114210459,11.48639048693283,11.507457547129112,11.53088930673024,11.557900868282106,11.58877072965389,11.618981382473654,11.650684190680268,11.684000463205512,11.718412487299139,11.753188076345698,11.784421110253934,11.817103402619693,11.851879810085256,11.888223109245418,11.92688550136657,11.964618673898762,12.003589426692553,12.043752748611062,12.084774568849882,12.126536870282308,12.165270851707637,12.202938172194646,12.241439374136664,12.281820201408344,12.324565829921333,12.367149469826588,12.410248666679347,12.4540530132974,12.498753046175887,12.54429382067201,12.588703503115683,12.632680685457125,12.67624573346016,12.719386436166616,12.762284301136807,12.80433625247032,12.84691276932198,12.890779882997867,12.935659826142937,12.981510292714729,13.025954849256484,13.069606187377772,13.112830575137009,13.15527606058032,13.196432244014856,13.233991031294115,13.270191193767303,13.307072868155165,13.345929101484467,13.38585185643294,13.423397481679196,13.459896061216558,13.49571871579531,13.530530717401904,13.563639070584617,0.00024843466913158083,0.000238049073183621,0.00022846547975518386,0.00021981090086438786,0.00021199139836301534,0.00020492418401343263,0.00019853787217882012,0.00019290605290124674,0.00018782759653484298,0.00018325356734265325,0.00017914174189884714,0.0001754525091037743,0.0001719985331717435,0.0001689624105075002,0.0001661006322313421,0.00016340145380343583,0.00016085462758461507,0.0001584313789364197,0.00015614299164397135,0.00015398057303904074,0.00015193635807253614,0.00015000369063086552,0.0001481908739829298,0.0001464759473465321,0.00014485210699105886,0.00014331478591052206,0.00014185916704742823,0.00014049645289605634,0.00013920607927176768,0.00013798277512570527,0.00013682250420344317,0.00013572154010825838,0.00013466747472273596,0.00013366392409934556,0.00013270787255761796,0.0001317961382229818,0.00013092584128261014,0.00013009254883270842,0.0001292959313460426,0.00012853322107751178,0.00012780301211855676,0.00012710188196198203,0.00012640849395240418,0.00012574182030810412,0.0001250990664017819,0.0001244789536843772,0.0001238786801991938,0.0001232608903701106,0.00012266097964314096,0.00012207705732638014,0.00012150857157872843,0.00012095251765680469,0.00012037365937186514,0.00011980652114645012,0.0001192483501766908,0.00011869937553201026,0.00011815690055407228,0.00011759823371899303,0.00011704454240871339,0.00011649548955241478,0.00011594921400793732,0.00011540467156473059,0.00011483920882119202,0.00011427472868288055,0.00011370983687692421,0.00011314301875862334,0.00011257398796417502,0.00011198124267836715,0.00011138542939924605,0.00011078479478026091,0.0001101798355063341,0.0001095681168868127,0.0001089243761732618,0.00010827474218997849,0.00010761789225119363,0.00010695336996828046,0.0001062792053224693,0.00010556950036348249,0.00010485081147130321,0.00010412316781176255,0.0001033864969228433
USA,Second,19.918116293544855,19.857109044914743,19.793457367554424,19.736205575390844,19.690053445609617,19.65499885725097,19.623266601572762,19.602824582592632,19.589961469467713,19.584323400840113,19.586394362036778,19.58929172729245,19.59625626252181,19.61023688959313,19.625841339080857,19.64485264243023,19.665260475116742,19.689722744279905,19.718848289999077,19.752375469275865,19.79091521878771,19.830824870920075,19.874221784180456,19.920121726064835,19.968249722981692,20.017687826269924,20.064661179386963,20.11445279142678,20.167693575413693,20.226113586564367,20.290116301715834,20.35234077912114,20.416890036065784,20.483940092557805,20.552777824122565,20.62240264015879,20.68599899183536,20.75187213003504,20.820921647848788,20.892425910133706,20.967458441263478,21.040100713535903,21.114757907174116,21.191334902239994,21.26938323315034,21.348736474559885,21.42307279658053,21.496208695905842,21.570740177011697,21.648129046887018,21.72906146363835,21.80937326472114,21.890710325184656,21.973290730274936,22.057388913051348,22.142931559547705,22.2265077308812,22.30973332764889,22.392591603799545,22.475091180415408,22.557705699981184,22.638727289879764,22.720769995987226,22.804868880602463,22.890642138025758,22.97803445475321,23.062862956495316,23.146835693765787,23.23042462087529,23.31313616561991,23.39424779924095,23.469501980138467,23.543061370633147,23.617734403036142,23.69534062141028,23.774624707774173,23.849726007173157,23.923572472409848,23.99663429380876,24.068439359591807,24.138010288707815,0.0013034746495219256,0.0012589911091781536,0.0012176024458282625,0.00117993192431542,0.0011456451010020876,0.0011144435241680576,0.0010860667059361952,0.0010608943930955751,0.0010380725078572143,0.0010174146032788957,0.0009987585715164721,0.0009819490588621998,0.0009661492052140439,0.0009522101281025357,0.000939027027411342,0.0009265527058855638,0.0009147459334133879,0.0009034785439993804,0.0008928076416410112,0.0008826965139238303,0.000873112914326953,0.0008640294673722015,0.0008554888151062445,0.0008473908929498828,0.0008397062473104853,0.0008324157238872467,0.0008254988787019192,0.0008190112523737557,0.0008128568167635884,0.0008070122583712111,0.000801459670289166,0.000796182432313566,0.000791122478731816,0.000786297936437575,0.0007816952712280623,0.0007773001113750407,0.0007730992048215828,0.0007690719528668807,0.000765217386414375,0.000761522589232762,0.0007579813716709685,0.0007545774517407264,0.0007512077135745924,0.0007479643532033352,0.0007448342647357634,0.0007418115912790523,0.0007388828945584,0.0007358659618452777,0.0007329334686401134,0.0007300765808323772,0.0007272927310550417,0.0007245673656852314,0.0007217276730840239,0.0007189429601857632,0.000716199832165909,0.0007134994436120738,0.0007108288391134124,0.0007080759450529058,0.0007053452091807045,0.0007026348267484231,0.0006999358861318994,0.0006972430155629686,0.000694444121615792,0.0006916475217739673,0.000688846302161275,0.0006860328078437415,0.0006832056593871902,0.000680257807634533,0.0006772917642776404,0.0006742986803135209,0.0006712808101059182,0.000668226123473835,0.0006650080068358984,0.0006617568613374897,0.000658465762130622,0.000655132455290784,0.000651746691183593,0.0006481780296616548,0.0006445596199564529,0.0006408913650643103,0.0006371725962254332
USA,Third,24.448202774460057,24.411337079507092,24.370325157722018,24.335011564217183,24.31083442396944,24.297911326855257,24.286825365739343,24.287047172028867,24.29480880175467,24.309793518081207,24.332228091650915,24.35435488358767,24.380705392866687,24.414121944288564,24.44913645145666,24.487805644944554,24.527574919730696,24.571823499099402,24.62122055370906,24.675493693697423,24.735385079904887,24.79636229603406,24.861162368931147,24.928729632217813,24.998772930253505,25.070263972074073,25.138457216763406,25.20976121777884,25.284959799996578,25.3660706224739,25.45355986127213,25.538477408423187,25.626103535248156,25.716635015323686,25.809259217092308,25.902852391511,25.988881840184465,26.077586790957156,26.169991245234755,26.265282588617218,26.36471583999577,26.460713626379768,26.559181420531193,26.65993171400931,26.76247156016263,26.866606659464065,26.964529389692437,27.061308416455777,27.15978527403549,27.261633073779628,27.3676463640019,27.472793955406516,27.579378569873285,27.687518283711967,27.79754134700067,27.909364835181446,28.018715628706463,28.12789175957495,28.2367665106957,28.345384942369467,28.454555175923662,28.561691121566,28.67025417588886,28.781334785455783,28.894504167666575,29.009707577247664,29.12167466900793,29.232914004689675,29.343869163277294,29.453979274823425,29.562413151321614,29.66372451159111,29.763358042835055,29.86441151110804,29.968988117217393,30.075655304966087,30.17712340477952,30.277446211469652,30.377031613473505,30.47533806642833,30.571241137067357,0.0025044188871181892,0.0024303230399730287,0.002361045063711215,0.0022976975708040547,0.002239789628697876,0.002186877767640036,0.0021385734960465263,0.00209557422364017,0.0020564650981720316,0.0020209594995674275,0.0019888072907334057,0.0019597647352637563,0.0019324028933250552,0.0019082111992022362,0.001885285796299266,0.0018635513596846945,0.001842942148292592,0.001823239715178788,0.0018045486664226649,0.0017868091006305446,0.0017699689231783053,0.0017539839187808374,0.0017389324109783177,0.0017246419786445303,0.0017110632770427029,0.001698164986275576,0.0016859131655479504,0.001674408631379148,0.0016634832898599504,0.001653097427892595,0.0016432206272218074,0.0016338248531400697,0.0016248077480289515,0.0016162027714375692,0.001607986651423105,0.0016001346474103259,0.001592624057145252,0.0015854185570526608,0.0015785171298187946,0.0015718972313814685,0.0015655482363937099,0.0015594416323151557,0.001553392584576807,0.0015475669286064372,0.0015419413359069733,0.001536505703618855,0.0015312361575956469,0.0015258047645251057,0.0015205225537714205,0.0015153735582671317,0.0015103536807068523,0.0015054365850073305,0.0015003105842971694,0.0014952810818731502,0.0014903240844955942,0.001485441749712001,0.0014806107052290488,0.0014756282055741145,0.0014706832924416928,0.0014657725389420602,0.0014608798872643395,0.001455995593296517,0.001450916348533449,0.001445838438705807,0.0014407493169824998,0.0014356350071842024,0.0014304928677388602,0.0014251282405340956,0.001419727294209161,0.0014142736125498773,0.0014087716291901868,0.0014031989383341869,0.0013973243576712877,0.0013913854153937769,0.0013853695338987325,0.0013792720997349453,0.0013730745768754553,0.0013665374230993274,0.0013599040296933004,0.0013531740849716252,0.0013463460127760517
USA,Fourth,30.7285138061743,30.720949614289765,30.707547377665307,30.699243359500546,30.702389314955674,30.717241771010322,30.732101848213457,30.758576755884434,30.792754270736513,30.834357263326098,30.88280773486667,30.929872907171774,30.98145062542805,31.040344888312166,31.100892221596297,31.165487828336722,31.23082800448321,31.301253951572093,31.37752225520997,31.459340659728284,31.547632886674233,31.636566298368766,31.729830533214244,31.826259650317233,31.925543958312495,32.026524669251735,32.12312623531267,32.22328038013114,32.327944529761766,32.43951873645592,32.55852822779421,32.673950197625764,32.79262374013005,32.91477984892409,33.03947266721256,33.165435364141416,33.281783046325124,33.401371651807914,33.52536912370545,33.65284953182298,33.78532074058301,33.9127997799803,34.04336728638846,34.176719034538536,34.31232055315309,34.44992788741643,34.57972280750192,34.708467047787956,34.839337997283884,34.9742627195164,35.11416898933402,35.25300816730541,35.39381922473787,35.53662709522603,35.681826246873186,35.82932382541566,35.973642277712955,36.11804683727562,36.26226124161966,36.406421132255325,36.55207054881653,36.69506648228635,36.84001606234479,36.98809278865247,37.13880728794928,37.29210811721695,37.44123036417055,37.58979563083292,37.73822454827515,37.88587329510336,38.03177038282464,38.16882572429742,38.304220649091846,38.44143103277737,38.582910653782314,38.72701087535991,38.864489579720335,39.00095304980012,39.13674803078882,39.27124555914522,39.40313804551768,0.005192744407546334,0.0050580443155764775,0.004931601950304435,0.00481554785932347,0.004709083979189462,0.004611483938099398,0.004522108174093861,0.0044423224804589455,0.0043695661036520575,0.004303354959661022,0.0042432644145519085,0.004188875572117802,0.004137536765703958,0.0040920663322860295,0.00404890603991916,0.004007924510658394,0.003969006399857299,0.003931747294072589,0.003896352291834845,0.0038627147360947166,0.003830741998104855,0.0038003558845315583,0.0037717118568851037,0.0037444858785317782,0.003718588453572792,0.003693964223108149,0.003670551548856996,0.003648546663330547,0.003627631549953106,0.00360773250869394,0.003588793797115169,0.003570763942366571,0.0035534480089236026,0.0035369115384513393,0.0035211120166438905,0.003506002975884504,0.00349154170863848,0.00347765965383273,0.003464355727092144,0.003451587455503752,0.0034393352643903893,0.0034275446430808965,0.00341585923556441,0.003404599830005137,0.0033937221887971134,0.003383206665607182,0.0033730078817722497,0.0033624913343739565,0.0033522588229993495,0.00334228007266597,0.0033325470857135304,0.003323009465936017,0.00331306261259793,0.003303298567793788,0.0032936710516293334,0.0032841846874069043,0.003274793925932622,0.0032651046019316434,0.0032554843417981188,0.0032459261159307477,0.003236399378535654,0.0032268848079362485,0.0032169860145545015,0.003207085433098528,0.0031971581625874703,0.0031871777353082685,0.003177138098300143,0.0031666591563072597,0.0031561041087687027,0.003145440980701344,0.003134677935364837,0.003123771126399458,0.0031122673292181178,0.0031006313725540154,0.003088838138738733,0.003076878465594705,0.0030647151660336013,0.0030518778493072466,0.0030388435808972915,0.0030256113851430746,0.0030121776620731355
USA,Fifth,36.32096466251876,36.35251404662455,36.376367810431624,36.40410721649856,36.4428706479204,36.49306269571489,36.54095815377209,36.59990497509814,36.666110783232796,36.73935667903725,36.81780686389577,36.89376085440578,36.97422200252317,37.06162868545495,37.15056119979366,37.24369995725004,37.337083596976136,37.43594978204697,37.54110142238365,37.65223252394674,37.7704525039164,37.888647247416564,38.011454763017774,38.13764857518847,38.26691286294764,38.39798931388941,38.523604891523526,38.65302304339301,38.78737395912464,38.929420851360184,39.07971720271904,39.22547543697297,39.374909349034866,39.52827641683537,39.684506245633,39.8422341416432,39.9884326758367,40.13833292730096,40.29320771666841,40.45204253621188,40.61659385137091,40.77451680292261,40.9360978169154,41.100868965188255,41.2682828480992,41.43804344668502,41.59851300391951,41.75810088101329,41.920193754810235,42.08691988463343,42.2593242063971,42.43064993495715,42.604509252799154,42.7807745179669,42.95990115655245,43.14178945706638,43.319829784689894,43.49830109304772,43.676703529385186,43.85531590867611,44.036736010249975,44.2149371527885,44.39565437673429,44.58006440745104,44.767634906180575,44.95831742788116,45.14397125899868,45.32933573000939,45.51474856178477,45.699500674102616,45.882499546559856,46.05512962682206,46.226264268554495,46.39961416740315,46.57793944097254,46.759410850733936,46.93299645667589,47.105848196239045,47.27817138620987,47.44926370059547,47.61766294585206,0.008854577488136256,0.008654019191827619,0.008465068595540574,0.008291041018623505,0.008130876295808357,0.007983601372603056,0.007848354477696837,0.007727305396221352,0.007616658026783079,0.007515742568172475,0.007423969546216266,0.007340750065678324,0.00726206078112004,0.007192254241048382,0.007125895358927716,0.007062796285173233,0.007002792577755404,0.006945271341819937,0.006890558345796244,0.006838499368416231,0.006788959664631063,0.006741826344781082,0.006697347599359652,0.006655028558248235,0.0066147360745992,0.006576388760836773,0.0065398962204402025,0.006505569049375372,0.006472915713277291,0.006441825138277123,0.006412213579676024,0.006384002873102216,0.006356891761291972,0.006330984307138747,0.006306215880291292,0.006282515861619935,0.006259818914722357,0.006238019355848244,0.0062171164750455,0.006197045335002424,0.006177775914008159,0.006159223502785402,0.006140828345966426,0.006123095834444341,0.006105956684179935,0.0060893817504938195,0.006073299085591778,0.006056708224673543,0.00604055915214078,0.006024803978147928,0.006009430986311806,0.005994360901096845,0.0059786372508342026,0.005963197165365228,0.005947966408680237,0.005932953594412321,0.00591808615441989,0.005902740271902757,0.005887497173126835,0.005872346979252511,0.005857240461134427,0.005842147281950979,0.005826438450880918,0.005810720012040109,0.00579495325321811,0.005779094843480039,0.0057631362164651334,0.005746471692958402,0.005729678857193546,0.0057127066319152915,0.0056955673065155026,0.005678191107953897,0.005659855061605239,0.005641299055941283,0.005622483025806617,0.005603391579768092,0.005583965231809656,0.0055634509736103965,0.005542610215401842,0.005521440855138672,0.005499936461722411
USA,Sixth,44.29350401686503,44.38018141730805,44.45673865926948,44.53559788169177,44.624934218544354,44.72534466532322,44.82021670392241,44.92538724450626,45.037234396128994,45.15561784324006,45.27576713369269,45.39270167399514,45.51411776109331,45.641954950289474,45.771160497345456,45.90477679906875,46.037946004916286,46.17714008487354,46.323229520009924,46.47586799073635,46.63646460406754,46.79586018943941,46.960263266766376,47.12834679193958,47.29979075295111,47.47322508769167,47.63970515637019,47.810336905033004,47.9864545025915,48.171364352557156,48.36559950350198,48.554126329583084,48.74691912652702,48.94429038844112,49.14497510644208,49.34751448483728,49.53586506089637,49.728577030749314,49.92703059736371,50.13009476816352,50.33992680105685,50.540497133122315,50.74553472885394,50.95431702404242,51.16631947235688,51.38113962347298,51.58460622545667,51.787448758304706,51.99334975073127,52.204670761299816,52.4226105330705,52.63987930177447,52.86046599096934,53.08405951392327,53.3112037195606,53.54178516822202,53.76752905459684,53.994263706167956,54.22111721295116,54.448684362761625,54.68187093693772,54.9110221762774,55.14347881851547,55.38041294235393,55.621233593622975,55.8659020620544,56.10431624574036,56.3428391422295,56.58168641329755,56.820064513771705,57.056721714173506,57.280858280421434,57.503755694377496,57.729419330254494,57.96101387026441,58.19647514377249,58.422236907827084,58.64767911762604,58.872804273090416,59.09681355963835,59.31804280224069,0.01668832887549545,0.01636374140521172,0.016056824892658295,0.015773169933395344,0.015511265370454724,0.0152697090681249,0.015047254885272383,0.01484763587147926,0.01466473626981972,0.014497556500709349,0.01434521554095665,0.014206816759005585,0.014075725196216709,0.013959244927940971,0.013848352867091155,0.013742759125167483,0.013642209275249211,0.013545692296657641,0.013453772962193682,0.013366206207228221,0.013282781290126321,0.013203320740830918,0.01312825693085627,0.013056766102030208,0.012988633564420825,0.012923730721352217,0.012861912573195399,0.012803714197142338,0.012748310315486667,0.01269551723687325,0.012645199588172944,0.012597229367445662,0.012551097746367262,0.012506986093645566,0.012464788268654079,0.012424386616369189,0.012385673567339418,0.012348470105488682,0.012312778802830857,0.012278490264031333,0.012245555370335814,0.012213831522095788,0.01218236163346838,0.012152011768647445,0.012122664854531739,0.01209427180801367,0.01206671097620395,0.012038268085261091,0.012010570479445164,0.01198353811717457,0.011957150711166561,0.011931273238057167,0.011904263860075827,0.011877730069564763,0.011851546567024675,0.011825726690063473,0.01180014784893167,0.011773735619572774,0.011747490102471697,0.01172139371263511,0.011695362906072366,0.011669344699554973,0.011642254583469692,0.011615136944416227,0.011587924387513876,0.011560542734715093,0.011532976280192354,0.011504178340590017,0.011475145621742027,0.011445790027484063,0.011416131955903215,0.011386050343667612,0.011354291879096954,0.01132213628658936,0.011289514396241901,0.011256397861601597,0.011222682626037397,0.011187061046803271,0.011150851950664951,0.011114050628623862,0.011076645405407733
USA,Seventh,51.93448814956807,52.09373285484167,52.24003033947548,52.38613342385845,52.54118010240054,52.705980634223806,52.861152142421666,53.024650214684996,53.19338542455524,53.36732272196548,53.53724881096652,53.7036313488975,53.87405038095595,54.04944547571573,54.22577058170883,54.40638407024936,54.58562630222609,54.77119468313699,54.96397579969319,55.163572998180996,55.3717515002672,55.57702720477633,55.78741915592608,56.00153681026571,56.21907083828911,56.438580362416424,56.649530626791396,56.86472962548628,57.0857198898362,57.3164184658176,57.5572559030304,57.791355008589726,58.03017935825045,58.274100752592126,58.52163311644177,58.77129274209288,59.00409772484272,59.24183350755562,59.485926051260634,59.735147002395294,59.99213326062528,60.236736242693624,60.48662028532673,60.74069433116471,60.9985207654009,61.25955021625646,61.50716960355368,61.75452550303441,62.00547269553761,62.262540195310336,62.52707425370892,62.7919610776056,63.06104819142113,63.33375364955743,63.610715294398844,63.89180805870151,64.16701678771322,64.4439713387066,64.72124708240347,64.9999297130678,65.28842768947356,65.57209078689525,65.85996686237256,66.15311405080107,66.45089473643931,66.75328877686717,67.04823868768867,67.3438608808318,67.64014901953155,67.9362395925434,68.23073301535557,68.51064724515334,68.78980213359144,69.0723328841695,69.36178747994498,69.65589392711924,69.93857112259812,70.2215926263884,70.50462132370173,70.7867719166604,71.06619410871787,0.0277508752533443,0.027303450694924167,0.02687870646727833,0.026484680649110998,0.026119589022009417,0.02578175777794719,0.025469690579631606,0.025188869385627193,0.024930907115570885,0.024694555722234814,0.02447871127828027,0.02428222766018596,0.02409576865689178,0.023929806210249458,0.023771553339393015,0.023620629605135113,0.02347670402416581,0.023338355861353875,0.023206419216391393,0.02308056750748999,0.022960518478145148,0.022846038413289554,0.02273777059662073,0.022634544408316727,0.02253606458014047,0.02244216122567542,0.02235263628452038,0.02226827813746462,0.022187900644882005,0.022111250079432068,0.02203813491327415,0.021968379643529542,0.021901249616174387,0.02183701540944385,0.021775526552618926,0.021716618210432883,0.0216601375994607,0.0216058278408931,0.021553696197631603,0.021503585116161204,0.021455428416671113,0.021409018530099487,0.021362958109905295,0.021318515330934068,0.021275521678168784,0.02123390567769301,0.02119349205360256,0.02115176624495474,0.02111111658710321,0.02107142576503807,0.02103266559698364,0.020994638958164977,0.020954931430084863,0.020915906543436433,0.020877381662842427,0.02083937596960791,0.02080170870128179,0.020762798061821772,0.020724117274530152,0.020685640628130105,0.02064724366501458,0.020608849275260546,0.020568855831098232,0.020528804925449392,0.020488595279972086,0.020448118471562044,0.02040734956804623,0.020364740299640083,0.02032176352929243,0.020278287196969988,0.020234342049724567,0.020189748114197534,0.020142643966499302,0.020094925814201466,0.02004648908942721,0.019997291834050423,0.019947176824139122,0.019894197927389355,0.019840312492369814,0.019785512709897785,0.01972977914096464
USA,Eighth,65.3277655481281,65.60992178708543,65.87465824057794,66.13524666394808,66.40237436486586,66.67718641948548,66.93544110294107,67.19886288592977,67.46523244692169,67.73468579152507,67.98537622976178,68.23570094056541,68.48921720761872,68.74524683525253,69.0014674833867,69.26167128516906,69.5190177327635,69.78317983923485,70.05507684024606,70.33413947768796,70.62293083243404,70.90491237950548,71.19218794022284,71.48317111969335,71.77757670547096,72.07391956629964,72.35907388927642,72.6486247976176,72.94433031903634,73.25137525470858,73.56975761419653,73.88049335582178,74.19671314862933,74.51896220146848,74.845254165469,75.17422248849373,75.48191599338233,75.79557086626953,76.11653211513632,76.44342265108315,76.77996764901809,77.0974120053657,77.42157043583784,77.75059386553792,78.08435399023584,78.4219104553017,78.74258472381175,79.06357392543663,79.38915311995018,79.72195967255664,80.06358214419333,80.40936396186487,80.76079324253989,81.11699731866439,81.47876573724409,81.84596150709952,82.20526082588148,82.56787535063121,82.93114625180495,83.2975524879981,83.68533101830866,84.06685624146773,84.45412793963672,84.84799868244299,85.24776139987327,85.653424739208,86.04953906564619,86.44729653712658,86.84631228728999,87.24561402515509,87.64356082224302,88.02335858800467,88.40322505951022,88.78747249578737,89.18026699924374,89.5790062820197,89.96326143891899,90.34898480953404,90.73526934525425,91.12108835592574,91.50429397849341,0.05779242733422392,0.05707686385286134,0.05639428360631397,0.055758162725385974,0.05516623010567147,0.054616304740471217,0.054106429217849604,0.053646037750538965,0.05322180011500498,0.05283198292063946,0.05247504464566408,0.05214933367111085,0.051839540003749,0.05156322156969188,0.05129923050137507,0.05104699853654899,0.05080603490127297,0.050574016865922944,0.050352386552743114,0.05014064632153611,0.049938367697616455,0.049745194854849024,0.04956225415589548,0.049387606935144636,0.04922078206581541,0.04906151946096394,0.0489095117577616,0.0487661192853808,0.04862935524423069,0.04849880328277375,0.04837415833006859,0.04825513329773448,0.0481404881370326,0.048030698574239965,0.047925517844683165,0.04782467506552718,0.04772791679834047,0.047634812933755405,0.04754538188281115,0.04745936280858981,0.047376643810731256,0.04729688060113056,0.04721766910869858,0.04714119547683736,0.04706717303064813,0.046995485657808964,0.04692583246115228,0.046853878554258106,0.046783743762048136,0.04671522794251679,0.04664828467320635,0.0465825750064382,0.04651392698836018,0.04644642636374451,0.046379753913778084,0.04631394872755746,0.04624869829670194,0.04618125950177587,0.046114185651652574,0.046047431659835276,0.0459807828381193,0.04591410511397082,0.04584461398973298,0.04577498610062137,0.045705046286134046,0.045634604926688464,0.04556361673986735,0.0454893839887742,0.04541446788637222,0.04533863815525116,0.04526194593836935,0.045184075656396254,0.045101772246588845,0.04501834331194645,0.04493360394041687,0.044847477947048034,0.04475968752141468,0.04466681436841481,0.044572286519215784,0.04447608412691374,0.04437816886480409
USA,Ninth,79.50798953805837,79.97614075197171,80.42087104438201,80.8546773661791,81.28982006014633,81.72784635629476,82.13932025566946,82.54913695025624,82.95702736419776,83.36336869504507,83.72360125300301,84.09127280525381,84.45989811909882,84.82555115166183,85.18967890617878,85.55639359830438,85.91802182652816,86.28630589833406,86.66206900307314,87.04441941480138,87.4371696505584,87.81631861693766,88.20008763723612,88.58667330833853,88.9758588355136,89.36626485053205,89.7422701845589,90.12204341184054,90.50749580008927,90.90569978100817,91.31569939377817,91.71832778934105,92.12685150928863,92.54209107765152,92.96128264047219,93.38350752023605,93.77960099680755,94.18257489550197,94.59338517877752,95.01053059357083,95.43949396791703,95.83913705424578,96.24714566780288,96.6603381193363,97.07926635834465,97.50228435011635,97.90455723005381,98.30796337820631,98.71706841578629,99.1343224965824,99.56157721411489,100.00122284666605,100.44836384770288,100.90168718479242,101.36218483922431,101.82970440425603,102.28668929717321,102.74956113889995,103.21342840859069,103.6834152427525,104.19627545525756,104.70134744283597,105.21424011760969,105.73525889098505,106.2636502002375,106.79947847437451,107.32350635727991,107.85072752722488,108.38003905343574,108.9103855466911,109.43987243005628,109.94744066513934,110.45663804049957,110.9715208751341,111.49692207582024,112.02992022446368,112.54524762477422,113.06403022828438,113.58430314690759,114.1049021592278,114.62338232924478,0.1083447792329157,0.10752271225671546,0.10673244649084589,0.1059905761685752,0.10529553604224481,0.10464573400989954,0.10403971350123334,0.10348956450817973,0.10298013239545364,0.10250991992466627,0.10207758201451503,0.10168157458625691,0.10130358959053606,0.10096535206067135,0.10064123239755754,0.10033066289781857,0.10003315384224415,0.0997459335737798,0.09947088156659906,0.09920746901243621,0.09895524453793456,0.09871384467632585,0.09848474911946628,0.0982656029385854,0.09805587245419485,0.09785528654446385,0.09766350159903167,0.09748228863344649,0.09730918001588285,0.09714368870796182,0.09698545621166876,0.09683415399311732,0.09668822686813028,0.09654830343179406,0.09641409387260762,0.09628526988118428,0.0961615254118611,0.0960423273520275,0.09592771504643229,0.09581736612652933,0.09571115128498262,0.09560863579698935,0.09550673832325067,0.09540827705258059,0.09531289097511454,0.095220436720799,0.09513053566669731,0.09503759179125691,0.09494692156022237,0.09485827666208899,0.09477159999738878,0.09468645792506002,0.09459743981630259,0.09450984146653153,0.09442325397237068,0.09433772671079621,0.09425285893431744,0.0941650778504268,0.0940777052841423,0.09399068278840059,0.09390373164605491,0.09381667842204597,0.09372588243020796,0.09363483344398837,0.09354330498332117,0.09345104624852991,0.09335799775091938,0.09326061354282675,0.09316225149184065,0.09306260307600414,0.09296173498783478,0.09285922510310617,0.09275078165102556,0.09264075292937761,0.09252888540865199,0.09241507763221432,0.09229895573675029,0.09217598378124435,0.09205068564817102,0.0919230273492252,0.09179295380254078
USA,Tenth,146.7579078308235,148.15761431869527,149.50851173578081,150.81690862017217,152.1011851416243,153.36440705719423,154.55224030775395,155.70353804875435,156.82828533447628,157.92786485031965,158.6363213528535,159.54341671589003,160.43246769498523,161.28362478874175,162.1203649770767,162.94461138915537,163.75574096029086,164.5689141625176,165.38452410183905,166.1961442592621,167.02222295649764,167.75653997893886,168.48807781997832,169.2098797032984,169.92219413560096,170.62719066423344,171.30658758199706,171.98239769565197,172.65153483171198,173.34189139473344,174.03600259779,174.7660962615665,175.5003397332297,176.24416691204456,176.9848310698937,177.73052151709004,178.435102681518,179.15150850819728,179.87190479117442,180.59441689162102,181.34670839758925,181.95921457286826,182.58868821663756,183.21858059584125,183.86022130012722,184.5016230604868,185.106970037402,185.7129590905048,186.33235557593844,186.95914339917852,187.59645625437568,188.38761112397438,189.19147799378698,190.01206285700383,190.85137060252825,191.70929374192443,192.53414596014662,193.38945679432896,194.24479392096566,195.14515397963945,196.4048505986743,197.6494411648114,198.91120623482112,200.1874164435561,201.4771632139986,202.78077796783145,204.06179381389637,205.35320831193457,206.65016353014786,207.95133363760786,209.25376323666532,210.51674718190276,211.78880847221228,213.07177986211897,214.3732394514143,215.6890484492834,216.97179613841365,218.2674158156482,219.56842152489364,220.8731159531396,222.17788273356842,0.7713199392025663,0.7740938050605485,0.7767339550077639,0.7791893812496017,0.7814699930565588,0.7835851636170332,0.7855432710900608,0.7873088899378575,0.7889338347711516,0.7904252597337277,0.791789504955667,0.7930332553824149,0.7942152283740717,0.7952686709202996,0.7962744160397944,0.7972347235201246,0.7981515562701647,0.7990338331282787,0.7998761297647341,0.8006804106592051,0.8014483681378638,0.8021814020086081,0.802875297640849,0.8035374563602021,0.8041697011759121,0.8047730535675264,0.8053487188048964,0.8058915676972109,0.8064091603303921,0.8069030905845985,0.80737454077831,0.8078246080571423,0.8082580001605965,0.808672936013312,0.8090703557692923,0.8094513004919737,0.8098167368963881,0.8101682996994021,0.8105059254205773,0.8108306098524903,0.8111427773186973,0.8114437444378007,0.8117425764510424,0.8120310316044332,0.8123101959215152,0.8125805154710021,0.8128431241426266,0.8131143641484812,0.8133787126339863,0.8136369202659418,0.8138891659658888,0.8141367280368974,0.8143953261249913,0.8146495692603584,0.8149006541568363,0.8151484430512996,0.8153941096935181,0.8156479817082224,0.8159004471282472,0.8161516752605728,0.8164024741176646,0.8166533471188563,0.8169147690210853,0.8171766724512234,0.8174397121912326,0.8177046042059296,0.8179715128311192,0.8182505856880563,0.8185321840169044,0.8188171768440303,0.8191053675514853,0.8193979453695842,0.8197071311252855,0.8200204942104686,0.8203387328124361,0.8206621267547287,0.8209917164204337,0.8213403291001061,0.8216950951321583,0.82205608432721,0.8224234335565629
