country,quantile,conso_2020,conso_2021,conso_2022,conso_2023,conso_2024,conso_2025,conso_2026,conso_2027,conso_2028,conso_2029,conso_2030,conso_2031,conso_2032,conso_2033,conso_2034,conso_2035,conso_2036,conso_2037,conso_2038,conso_2039,conso_2040,conso_2041,conso_2042,conso_2043,conso_2044,conso_2045,conso_2046,conso_2047,conso_2048,conso_2049,conso_2050,conso_2051,conso_2052,conso_2053,conso_2054,conso_2055,conso_2056,conso_2057,conso_2058,conso_2059,conso_2060,conso_2061,conso_2062,conso_2063,conso_2064,conso_2065,conso_2066,conso_2067,conso_2068,conso_2069,conso_2070,conso_2071,conso_2072,conso_2073,conso_2074,conso_2075,conso_2076,conso_2077,conso_2078,conso_2079,conso_2080,conso_2081,conso_2082,conso_2083,conso_2084,conso_2085,conso_2086,conso_2087,conso_2088,conso_2089,conso_2090,conso_2091,conso_2092,conso_2093,conso_2094,conso_2095,conso_2096,conso_2097,conso_2098,conso_2099,conso_2100,tax_2020,tax_2021,tax_2022,tax_2023,tax_2024,tax_2025,tax_2026,tax_2027,tax_2028,tax_2029,tax_2030,tax_2031,tax_2032,tax_2033,tax_2034,tax_2035,tax_2036,tax_2037,tax_2038,tax_2039,tax_2040,tax_2041,tax_2042,tax_2043,tax_2044,tax_2045,tax_2046,tax_2047,tax_2048,tax_2049,tax_2050,tax_2051,tax_2052,tax_2053,tax_2054,tax_2055,tax_2056,tax_2057,tax_2058,tax_2059,tax_2060,tax_2061,tax_2062,tax_2063,tax_2064,tax_2065,tax_2066,tax_2067,tax_2068,tax_2069,tax_2070,tax_2071,tax_2072,tax_2073,tax_2074,tax_2075,tax_2076,tax_2077,tax_2078,tax_2079,tax_2080,tax_2081,tax_2082,tax_2083,tax_2084,tax_2085,tax_2086,tax_2087,tax_2088,tax_2089,tax_2090,tax_2091,tax_2092,tax_2093,tax_2094,tax_2095,tax_2096,tax_2097,tax_2098,tax_2099,tax_2100
BRA,First,1.0304582617336955,1.034349858892067,1.0365227347722477,1.0390195432365374,1.042889157632532,1.0482017529052285,1.0542944623552584,1.0607071183649923,1.067991884028538,1.0761293684439663,1.0847836293490067,1.0942581752448055,1.1040994362896726,1.1155472049427149,1.1272893702724298,1.1397266440668312,1.1525380601509982,1.1658728850235842,1.1802517868989633,1.1956250756088913,1.2121813436936844,1.2290776753853019,1.2463722893859024,1.2642632497811481,1.282729409187315,1.3015247997294712,1.3200966607870601,1.3389163041991694,1.3586179136372984,1.379743480990062,1.4023534746623256,1.425560717510012,1.4491242685999803,1.4733978705541442,1.4981837070596362,1.5232216253045512,1.5478485080222295,1.5727833356427001,1.598615383560499,1.6251610425456746,1.6528198506568617,1.6808583249812494,1.709378133589476,1.7385312899502516,1.768166924503793,1.798228266253568,1.8276992820750564,1.8567623766952088,1.886311844100505,1.9168697631193607,1.9486660575919157,1.9813443310923364,2.014302055021339,2.047789805960452,2.0819198680776,2.116695280601248,2.151015530519045,2.1851628361240314,2.219274386931845,2.253509467856698,2.2892011184247725,2.3245917321880003,2.360318414355954,2.3970128302279408,2.4345394715028963,2.47293111585165,2.5109395172825395,2.5486254715556966,2.58639846892658,2.624055609087288,2.6612641670108186,2.6969202349518295,2.7320478169154194,2.7679798760450645,2.8056037960821225,2.844377982372067,2.882389831906123,2.920248030123541,2.9582861039999955,2.996393910115495,3.033849292069739,0.006957127589196116,0.006990624450573925,0.007018969771234521,0.007049774252220614,0.007084707530210407,0.007124116620222992,0.007165567439053377,0.007205913642341358,0.007250472334893406,0.007299393041831757,0.007350337631845013,0.007405610996950727,0.007461377868761348,0.00752742537863626,0.007595880240203434,0.007667268762626369,0.0077395159976866666,0.007811892663164218,0.007887611392738766,0.00796661334800754,0.00804923740705006,0.008132266685554494,0.008215803937000105,0.008301941247267379,0.008390774809161143,0.008481963747858673,0.00857284823751838,0.008663992894592354,0.008757940592938544,0.00885548181128628,0.008956452987259505,0.009058373212412528,0.009160578941297537,0.009265128512865787,0.00937176381201739,0.009480208465242569,0.009587849198171126,0.009695547332260666,0.009805469500217618,0.009917409144515566,0.010031916154512384,0.01014584023059114,0.010259900450227408,0.010375716735096236,0.010493016552336419,0.010611722825673086,0.010728973486658635,0.010845091752028675,0.010962497499628096,0.011081734463367538,0.01120298142056713,0.011324609006840692,0.011445192095984895,0.011566966457643978,0.011689980090436997,0.01181428765244645,0.011936324399836235,0.012056877273885519,0.012177767801977903,0.012299353804246866,0.01242434061904855,0.012546862965786517,0.012668419475005004,0.012791230767192633,0.0129151286115788,0.013040148717488863,0.0131622789167605,0.013282751079113853,0.013403520212228176,0.01352436482569383,0.013644988350711925,0.01376120178080072,0.01387557635192272,0.013990774598311355,0.014107605453061122,0.014225593180280906,0.01433970651188102,0.014452466977771205,0.014525259529649932,0.014517392881406618,0.014509515330503599
BRA,Second,2.1853187858607472,2.1975259435588073,2.2071946800337305,2.2175789656055724,2.230324147892335,2.245567638239826,2.262016714083526,2.2791653651765884,2.297978424213997,2.318449392466019,2.3397086533739895,2.3625638467769594,2.3862678210928503,2.4129405894962868,2.4404309122963648,2.4693677764116404,2.4989568663435944,2.529669906990267,2.5623776829860914,2.597017219506003,2.6339095041573164,2.671337897743786,2.7097320785733117,2.749432928208877,2.7904480657782242,2.832393954072507,2.874026358734547,2.916385287398578,2.960499621035891,3.0072544911699244,3.0567061125726855,3.107207841316256,3.158624750478942,3.211534317616361,3.2656402777569067,3.320556652210446,3.37487221841113,3.429996362942958,3.4868731361027647,3.5452350323646273,3.6057359209678803,3.6667098853263633,3.728730507852225,3.792099429329114,3.8565739304192794,3.922072340310279,3.986604989679098,4.050771886829199,4.116018362395482,4.183163867923788,4.252556325460205,4.323418306522385,4.394955622881459,4.467650015723943,4.541675951979164,4.617058389635515,4.691497475824619,4.765922598681307,4.840584088749394,4.915797183370732,4.99408399754342,5.071577622073848,5.149822631464489,5.229874321367306,5.311527969435787,5.394848877704111,5.4771443526112185,5.559156353717362,5.641597900415537,5.724154603753986,5.806311612609046,5.885510828722707,5.964076264323216,6.044145233717877,6.127107922079388,6.2121398671515395,6.295362302627094,6.37853413980487,6.462223008145576,6.546236656619525,6.629500959777472,0.01563701619954315,0.015691553023927347,0.015736981249778674,0.015786637061282072,0.015843325257818102,0.01590761594680381,0.0159753782218598,0.01604092468495997,0.01611360887875121,0.016193654124610487,0.016277140472771026,0.01636785754110019,0.016459085780895125,0.016567823877616523,0.01668033620236524,0.016797458369537294,0.016915734241973658,0.017033724275007486,0.01715692756830648,0.017285204505182963,0.01741906239076202,0.01755324252502411,0.01768772123626135,0.01782605765859704,0.017968371124993575,0.01811407753981022,0.018258903919320047,0.018403582182196298,0.01855232290715801,0.018706332789940952,0.018865304988373365,0.01902528989136959,0.019185081105529016,0.019348058208839718,0.019513789594090697,0.01968181818065007,0.019848082914286965,0.020013780891701822,0.020182392947569863,0.020353572816408955,0.020528130260721224,0.02070125355363087,0.020873911033028804,0.021048688044469917,0.02122514840676636,0.02140316489023275,0.02157844717423059,0.02175137042839194,0.021925682139417885,0.022102170180727798,0.022281076177624558,0.02245996202755411,0.02263658507169028,0.022814411162004007,0.02299349305273304,0.023173899947589182,0.02335045396349651,0.023524165254982812,0.023697853047662087,0.0238720232009739,0.024050531106824542,0.024224983027856223,0.02439740047888721,0.024571093757163417,0.02474581728535098,0.024921604930944655,0.025092813676210586,0.025261074736090263,0.025429282695422616,0.02559712729456809,0.025764202815120044,0.025924694500484707,0.026082092212092026,0.026240217301415705,0.026400172300975685,0.02656129029334734,0.026716669068589684,0.026869693490976867,0.026968072866720823,0.02695681587217772,0.02694554034219109
BRA,Third,3.0651404960492483,3.08475345002211,3.1014538298393104,3.1191456739207553,3.139846148986297,3.163738065764552,3.18906609175109,3.215465463981844,3.2440618676254585,3.2748599287392013,3.3065429161468893,3.3403525579701703,3.3754288195717446,3.414256040610701,3.454309012838958,3.4963611630813682,3.5392453130224912,3.5837742639825594,3.6309766858065906,3.680785539643747,3.73361263988066,3.787083243947948,3.8420150072904815,3.898784174077834,3.9574285672204197,4.017478650622616,4.077152804528993,4.137990794584475,4.20121828233932,4.267947884017112,4.338221956801354,4.409849244417981,4.482886552883903,4.557996536626151,4.634825356911463,4.712913673577509,4.790280092790755,4.868903335638708,4.949896928342796,5.03294742331422,5.1188764116036705,5.205290122421843,5.2932272836603085,5.383045293313086,5.474444227023768,5.5673273586742535,5.658983268303417,5.750421581524016,5.8433866578938165,5.938887234631332,6.037342567167434,6.137654439682048,6.239030302616332,6.34203610911621,6.446888379119151,6.5536303433367005,6.659057178307283,6.764718777889784,6.870861602169231,6.977917358314607,7.089262623657187,7.199416591934167,7.310721078512335,7.424436542056657,7.540317744043932,7.65845630683199,7.775052340616172,7.891531738830505,8.008737116792194,8.126286739234391,8.243551977966977,8.35684712210798,8.469581804564484,8.584332943664116,8.702808366189553,8.824013024696095,8.942604223431713,9.061347590858597,9.180893076317378,9.300987320513515,9.420357560266599,0.02257823401801242,0.022646065668016902,0.022702830856784033,0.022764687725626287,0.022835056765500156,0.022914617035831142,0.022998298062191256,0.023079314475183788,0.02316889984367029,0.023267304326880362,0.023369718665708816,0.023480757699979753,0.02359235437235596,0.023724822371551827,0.02386168043754697,0.024003928749795716,0.02414736826663149,0.024290357691845368,0.024439430336992363,0.02459439407137185,0.024755838583199206,0.024917417272356874,0.025079179438881837,0.025245310468797938,0.025415934353582522,0.02559033723570716,0.025763404775069085,0.025936089194992802,0.02611332629069268,0.026296532060124868,0.026485316841204348,0.026674981704749978,0.026864164115978507,0.02705678529191382,0.0272523233901418,0.02745022580885966,0.027645716858251443,0.027840273904120177,0.028037912237567197,0.028238216982286245,0.028442120069439275,0.028644000879737286,0.028845048920427475,0.029048216500374254,0.029252991989006914,0.02945921755415979,0.02966193235208884,0.029861642627492288,0.030062622691893914,0.030265776949454593,0.03047137296900199,0.03067661336581615,0.030879000866396465,0.03108243308033346,0.031286970966984094,0.031492687687133404,0.03169369435978309,0.03189122600547753,0.03208842574560544,0.03228587060605677,0.03248791805639469,0.032685079088093136,0.03287971087909234,0.03307548910863313,0.03327213487934664,0.03346968317268852,0.03366181051949923,0.03385042065913333,0.034038705894829456,0.03422632226878938,0.03441281917081715,0.03459174149687587,0.03476704491560032,0.034942931038456006,0.03512061982864388,0.035299366184652514,0.03547154694977743,0.035640961250327986,0.03574985279418637,0.03573765607313909,0.03572543695651468
BRA,Fourth,4.287923063654891,4.318239773359937,4.345242637672768,4.373626979044073,4.405866015236858,4.4422027789896195,4.480251001815941,4.519893271264697,4.562454506139557,4.60795719494066,4.65443291602799,4.703767653603785,4.754959282688224,4.810936180859132,4.868726740241573,4.929280866588856,4.990902486576098,5.0548966044590165,5.12248352191729,5.193595531231146,5.268761865215114,5.344699703770709,5.422802874616417,5.503484610446655,5.586832153068377,5.672269676130583,5.7572620138386235,5.844049705351881,5.934096033088307,6.02880182280281,6.128181647177261,6.2293136298030785,6.332563379213327,6.438690504161979,6.547274001395299,6.657771266601524,6.767407129326288,6.8789420792504545,6.9936904093633006,7.111287195147426,7.232767081619082,7.354712680881744,7.47885085034343,7.605611446530818,7.734622478067755,7.865771987056762,7.995361671137839,8.124996346375454,8.256785814214732,8.391970484474644,8.531054569401412,8.672485812637188,8.81553438620155,8.960874769224409,9.10877372888419,9.259302297697866,9.40800304305494,9.557325658073715,9.707504035626663,9.85912724708458,10.016711874681619,10.172534037636476,10.330068213961745,10.490827015447387,10.654516351398128,10.821265239457407,10.985729396136064,11.150355372198282,11.316144342517825,11.482634131714178,11.64905852188145,11.8101422218678,11.97082259511303,12.134210289390928,12.302403069854856,12.474203192165307,12.642251538456675,12.810767443692285,12.9804923754612,13.151092000344025,13.321072157706867,0.03255473413970367,0.03263402254516663,0.03269988590588292,0.032771851556079444,0.03285397470712026,0.03294704879724835,0.03304503338339064,0.033139619437621455,0.033244401034797574,0.03335965119988271,0.033479675052897596,0.03360988465469485,0.03374053784744409,0.033896060940540707,0.03405659312103366,0.03422328527093056,0.034391181251245746,0.034558201752820726,0.03473214828170463,0.034912767143982525,0.03510071321316952,0.035288565999912265,0.035476268583118566,0.0356687942301968,0.03586626597835953,0.03606783174344217,0.03626756512474943,0.03646646418971031,0.036670324111551925,0.03688074323499203,0.03709724085142268,0.03731440130475837,0.03753056352488695,0.0377503120043739,0.03797303121410293,0.03819807880401063,0.03842001462480154,0.03864043911463512,0.03886399482046271,0.039090194270282826,0.03932007392051376,0.039547287385910346,0.03977310735301969,0.04000093222125527,0.04023017225017205,0.04046064591309597,0.040686815973058524,0.04090918443257861,0.041132602313588555,0.04135806348397923,0.04158585300262822,0.04181285247496575,0.042036216749641545,0.04226036660266021,0.04248535734971673,0.04271126711731105,0.04293163019984526,0.04314773134049509,0.0433631247364754,0.04357844150000547,0.04379841956108183,0.04401272110117918,0.04422384833253214,0.04443588786490329,0.04464852700257924,0.044861801983378226,0.04506888700284394,0.04527178385285372,0.04547402373447347,0.045675239229090746,0.04587495120995336,0.04606624929190608,0.04625332817514858,0.04644076446987416,0.04662985631174228,0.046819802003840304,0.0470024859364919,0.04718191567122286,0.0472970009059338,0.04728376225932707,0.04727049702798665
BRA,Fifth,5.57346061922051,5.615828724929922,5.654643033074947,5.695229835550755,5.7404894325033,5.7907228377935,5.842891712241504,5.897277166774202,5.955285452359079,6.016957553820753,6.079605555218389,6.1458373707289145,6.214589304759158,6.289002659824625,6.3658491429767405,6.44624618491557,6.527935112248446,6.612817689003237,6.702226988096475,6.796098349398,6.895078586269312,6.994934145848675,7.097746765507485,7.2039068417313645,7.313558607610166,7.426026248392188,7.5379758716165135,7.652442162943938,7.771057212940664,7.895504209586943,8.025761398311879,8.15816075293058,8.293478326565856,8.432505306671365,8.574760790627419,8.719629117690284,8.863500642940673,9.010000877675235,9.16057621178647,9.314819026523349,9.473970735769074,9.633528209634141,9.79602206249711,9.961906682142397,10.130743391497818,10.302406515961765,10.472171479142068,10.642343371371288,10.815324578123766,10.992576125650102,11.174679846443656,11.359606330892223,11.546806634776821,11.7369892059508,11.930471229179995,12.127352911729355,12.321867221126514,12.517512016083911,12.714428562891635,12.913368988749584,13.120012761426489,13.324277873117493,13.530918293581522,13.741615196337493,13.956033603643887,14.174341157054727,14.389566811440138,14.605355123039798,14.822788687358482,15.04133161584193,15.260089838043676,15.472104902210415,15.684002735888468,15.899323748367106,16.120535388888793,16.34625515233941,16.567027587097048,16.788700943844514,17.01203159491343,17.23659948129995,17.460725136290698,0.04336372320852694,0.04345186965854539,0.04352509482409049,0.043605040023657456,0.04369618747343831,0.04379939582490248,0.043907958249778355,0.04401270041776184,0.04412862373774632,0.04425600494192694,0.044388533192768816,0.044532162007375385,0.044676150057443687,0.044847321189399235,0.045023799741680685,0.04520683395515745,0.04539096685612045,0.04557393344198252,0.04576425231733698,0.04596161886169722,0.04616672135413622,0.04637144715837066,0.04657574528616206,0.046785010052572046,0.04699935189798322,0.047217829333718,0.04743401340223645,0.047649000729319796,0.04786903677286878,0.04809582115762738,0.04832880658519965,0.04856214993830525,0.04879407783691951,0.04902949428990332,0.04926772243477698,0.04950806686665888,0.049744718296354504,0.049979404908082094,0.05021705769935613,0.05045714634525582,0.05070075254530539,0.05094115425434527,0.05117971331820158,0.05142001144644094,0.05166142064474428,0.05190374249934178,0.05214116573646089,0.052374243047428465,0.05260806011806886,0.05284365087814147,0.053081302552679094,0.05331776055168931,0.053550079288033896,0.053782856852351436,0.05401614690748619,0.054250025217954745,0.05447781173523848,0.05470086785380492,0.054922862284923615,0.05514444873057248,0.05537049437587259,0.055590378254126764,0.05580669713614599,0.05602363304549961,0.05624086604723314,0.05645842804556925,0.05666937242630753,0.05687576571835216,0.05708120461249726,0.05728531795167969,0.057487627226191725,0.05768115251375145,0.05787017191900585,0.05805930656427713,0.05824986404458586,0.05844103089983418,0.05862465532825227,0.058804789570615204,0.05892021965296993,0.05890697700903181,0.058893709108749394
BRA,Sixth,7.452553259216476,7.513065273862409,7.569813346417976,7.6289065345059495,7.6938081425058735,7.764900643358088,7.838204056921664,7.914658722042715,7.995736492372481,8.081507454482402,8.168191922331536,8.259508861818743,8.354335085069541,8.456004581934726,8.561029590583185,8.670747689351225,8.782068996837413,8.897802547874676,9.019400502477652,9.14680766606035,9.280834345207083,9.415863281532388,9.555032806109987,9.698673649286809,9.84702073269245,9.999265597824568,10.150899665558127,10.30613980364543,10.466813637507368,10.634990839383493,10.810587558826748,10.988872161227915,11.171276102662743,11.358600602689714,11.550291561225361,11.745642801733224,11.939825658299226,12.137733599357285,12.340957498637197,12.549040363740191,12.763506405767146,12.978252462637634,13.197038840611846,13.420337499607356,13.647620798252422,13.878748084703437,14.107509409335396,14.337275140422568,14.570810416826694,14.809868584039195,15.0551311668141,15.303862472668532,15.555858890621145,15.811848146374892,16.07221527017797,16.33710568677194,16.59884323489374,16.86251381765227,17.128097712338644,17.396580123608157,17.675286825564488,17.95069575271287,18.22947451880558,18.51349924462087,18.80238318023943,19.09635112472541,19.38604835018749,19.676959580526052,19.97024636803916,20.26527864372732,20.560995498764672,20.84795759881818,21.135295610375735,21.42708462153154,21.726279001974863,22.031262194087688,22.329534286622643,22.629394805872472,22.931581578356838,23.235550695344912,23.53940671222912,0.05962599148372587,0.059717791153508594,0.059793159864612415,0.059875837538679436,0.05997060979222834,0.06007838548962143,0.060191964953947026,0.060301074859333365,0.06042223770064391,0.06055572507666558,0.060694813352540594,0.06084576997067106,0.06099679851038117,0.06117723315412528,0.06136310854587566,0.061555708757517064,0.06174923811687538,0.06194102835294337,0.06214032663777626,0.06234677516429484,0.06256105342218642,0.06277463845598429,0.06298726368369949,0.06320477133623455,0.06342724276052684,0.06365367355591639,0.0638773714998866,0.06409929470571003,0.0643260870827306,0.06455946696811428,0.06479882712104146,0.06503812811866563,0.06527537329976031,0.06551576795480872,0.06575859879865449,0.06600313612094658,0.06624346133108575,0.06648118697051357,0.06672147609360018,0.06696377173653965,0.06720914480753011,0.06745081509328008,0.06769003152385744,0.06793052892102426,0.06817166341058786,0.06841323092805188,0.06864944713761803,0.06888074968051607,0.06911233874630168,0.0693452260465893,0.06957968201967445,0.06981247019543277,0.07004054352699828,0.07026861595423359,0.07049672908588998,0.07072495584610303,0.07094677401864916,0.07116338546396228,0.07137854520184776,0.07159288789494041,0.07181110771072638,0.07202293685046664,0.07223077414722967,0.0724387987399068,0.07264669637844222,0.0728544910964198,0.07305555005382289,0.0732517471482595,0.07344666414926102,0.07363994952325395,0.07383116002471836,0.0740136860655334,0.07419150233216645,0.07436910835357538,0.07454772590987181,0.07472658646936757,0.07489803113045743,0.07506579944656519,0.07517296299712563,0.07516009264093486,0.0751471950627853
BRA,Seventh,9.603342246557013,9.685903543055698,9.764742273471551,9.846545009879033,9.935353091280898,10.03163215445624,10.130339605371775,10.2334058840668,10.342147275236135,10.456663526399042,10.571871171900641,10.692833316596834,10.818514123543927,10.952015164090025,11.089919316715322,11.233794096530925,11.379592642311161,11.531303793714518,11.69036111833611,11.856725131695264,12.03138605939405,12.20714642073259,12.388494036686778,12.57557614478027,12.768740265457307,12.967038205101808,13.164610385186416,13.367132350087465,13.576521213477283,13.795263350831991,14.023195372548956,14.254396244564134,14.491188775026203,14.734262150737496,14.982992019957647,15.236586517691967,15.48882150230902,15.746130640624136,16.010138172580444,16.28034386772754,16.558576443255472,16.836886599297227,17.120575351336907,17.41003930806901,17.704659574846726,18.00428138880137,18.301006374696005,18.599553805134565,18.90295603857717,19.21327336440508,19.531287636135563,19.853456226354194,20.180162592501283,20.51200579279446,20.849447720682274,21.192684511195424,21.5318670063445,21.874073416562098,22.218951472141523,22.567750856208068,22.929632887471463,23.287145959323997,23.649302242032043,24.018036852566844,24.392915130962784,24.774230660664614,25.149893626911677,25.527700134106585,25.90874641770611,26.29231088111587,26.67715894133588,27.051007388479853,27.425995961040115,27.806603854064697,28.19629530409088,28.59321975018223,28.981428585703913,29.372190583602965,29.766075242994646,30.16239929051425,30.559076044252826,0.0787778067671,0.07886919366998195,0.07894428621865175,0.07902653238257284,0.07912064852924107,0.07922750062766652,0.0793399492788342,0.07944791337274039,0.07956760893912938,0.07969926351153521,0.0798362292105719,0.07998463769357003,0.08013293002397838,0.08030969537469466,0.08049147665740411,0.0806795004087335,0.08086809415544105,0.0810546910227074,0.08124823309022032,0.081448334415869,0.08165561171366903,0.0818618017136778,0.08206667657720712,0.08227582422065367,0.08248929484904059,0.08270609521469538,0.08291981657667319,0.08313140562292891,0.08334716550447215,0.08356869090925016,0.08379536581628218,0.08402145131190417,0.08424508279783798,0.08447114193860868,0.08469893811070031,0.08492777095785131,0.08515210872847599,0.08537349245262066,0.08559671378799659,0.08582123460222406,0.0860480297968465,0.0862708313157021,0.08649082087534968,0.08671142401741591,0.08693203967227181,0.08715247361301037,0.08736746358439239,0.0875774536400674,0.0877871647831105,0.08799750526766578,0.08820870706387003,0.0884178530037223,0.0886222400408428,0.08882608737577224,0.0890294336691375,0.08923233701740163,0.08942902031624354,0.08962060028410618,0.08981040174496127,0.08999899221054271,0.09019048699972566,0.09037588465815556,0.09055732459295691,0.09073845501931514,0.09091899870075405,0.09109897693320362,0.09127266434972446,0.09144172472433666,0.09160925264164144,0.09177495392310847,0.09193845535323983,0.09209414350374603,0.0922454509874102,0.09239621368718949,0.09254746254402808,0.09269854084347028,0.092843002361547,0.09298403346860455,0.09307394955865562,0.09306318474985244,0.09305239413419002
BRA,Eighth,13.428922858591177,13.551662097314077,13.671006733537153,13.794418469941657,13.926859213799673,14.068935919478248,14.21373596465372,14.365094304705892,14.523946172238356,14.690447541684714,14.857107257624296,15.031508175773403,15.212816847587135,15.403492279069667,15.600461773523225,15.805659766259717,16.013320976724472,16.229602674942598,16.45581687587838,16.691960258662927,16.93932939280856,17.187924616936144,17.444731387686286,17.709518512114013,17.982846189059572,18.26354267099195,18.543331906565562,18.83052734821545,19.127109703142086,19.436261165573338,19.757660528690153,20.083318704277573,20.417248041301903,20.759868495565012,21.110454149758603,21.46809151648374,21.824073980726073,22.187588929426678,22.56022687408705,22.941435291777033,23.33354758025176,23.725311869516908,24.124869901963674,24.532445480697465,24.947273783558725,25.369182778711174,25.78729740445097,26.20881475742642,26.637123361434476,27.074777193661323,27.52271169004799,27.975929996222572,28.436012154253792,28.903269248354647,29.378287901012627,29.861358430241783,30.338777687495124,30.821272814415444,31.307847555522766,31.80021013182745,32.31068142736524,32.81484463264726,33.32596807285995,33.845991434108306,34.3744119416387,34.91164354875021,35.440723846526545,35.973724104336334,36.511545412804395,37.05332648465493,37.597561503269446,38.12687049298014,38.6588217252276,39.19843632128123,39.74999491414303,40.31129184643995,40.86028261275185,41.413645773101464,41.97157313666486,42.53313285576845,43.09600227095438,0.11394885772929787,0.11401615758936372,0.1140690536002281,0.11412811406974124,0.11419715267639498,0.11427686311929472,0.11436140107829249,0.11444135410657535,0.1145311794734556,0.11463102058866417,0.1147355523275584,0.11484952621215012,0.11496270612071266,0.11510017971704042,0.11524131168801907,0.11538699674649135,0.11553269958309839,0.11567568196213221,0.11582365257309848,0.11597623085179251,0.11613380579363891,0.11628997871608655,0.11644402141424277,0.11660074312217841,0.11676010994083909,0.11692132517522628,0.11707955209904404,0.11723501824213751,0.11739289186957115,0.11755426226642522,0.11771859503891657,0.11788164099831003,0.11804159588526679,0.11820245354134903,0.11836367148829893,0.11852471568985853,0.11868166624295987,0.11883523390027481,0.1189891796116244,0.11914308826024736,0.11929758561784953,0.11944838473245031,0.11959596723274642,0.11974300813517393,0.11988907291456748,0.12003401787319962,0.12017440855269836,0.12031023731579195,0.12044494911311125,0.12057910244926424,0.120712816256642,0.12084418309285748,0.12097112762580552,0.12109677939519378,0.12122114093718975,0.12134424288797754,0.12146257087954852,0.12157647486290177,0.1216884162071319,0.12179873324720207,0.12190980244758703,0.12201637239185406,0.12211940230063281,0.12222137089927143,0.12232210761401804,0.12242161261852183,0.12251671832368359,0.12260809358859115,0.1226978137653477,0.12278572651240535,0.12287165348619593,0.12295261378667317,0.12303023108582893,0.12310685262159585,0.12318299348064192,0.12325830528951745,0.12332950033141005,0.12339802833748714,0.12344089587838925,0.1234343148267288,0.12342771395467654
BRA,Ninth,18.684707198058767,18.86683893396008,19.04692040265031,19.23245004571321,19.429487138207953,19.638797406372333,19.850938695659174,20.07317144296407,20.305079466070534,20.546877119957568,20.78758978552165,21.038498252474618,21.29960239286274,21.570855739470773,21.850944548490617,22.142254306056717,22.43665506743055,22.743788830196273,23.06425489418926,23.39811228463196,23.747061900523086,24.097259564544075,24.459599013504224,24.83291201901039,25.218075271237737,25.61363610832301,26.007983655848655,26.41344694808285,26.831631986931402,27.266622638311325,27.717856530490554,28.174576089308413,28.643590475389406,29.124510391299065,29.616504850478243,30.118534756506396,30.618485687203076,31.12967532444997,31.653196618526945,32.1884600851024,32.738446132844004,33.287325613292495,33.84759321807911,34.41887755468563,35.000242767508006,35.59150212319819,36.177708480737586,36.76991762570453,37.37151842437337,37.985679978082665,38.613516678361115,39.24804792430509,39.89314110204616,40.5481581218337,41.213857258989414,41.89065790285096,42.55960011709671,43.237029470386794,43.92051826895254,44.612398303799935,45.32920766740228,46.036992989960645,46.755422988641875,47.48586925228932,48.22776721074909,48.98170501730767,49.724012859714634,50.47331067161496,51.229675052329,51.992093837516315,52.75873258358924,53.50521568225857,54.25708483748821,55.01942464141845,55.79752932946857,56.588789572037456,57.36288965609763,58.1444898896197,58.932737609078295,59.72636091592376,60.52285189770387,0.16404222519701234,0.1640647668562032,0.16408257151812178,0.16410204973759515,0.16412432994421036,0.16414952179447875,0.16417574074277436,0.1642002264716046,0.16422715827899093,0.16425644649684706,0.1642864407205877,0.164318388852544,0.16434939476290644,0.16438599924136407,0.16442248358895928,0.16445897036173157,0.1644942527313019,0.16452767102847626,0.16456098216160406,0.16459395592313603,0.16462652246574042,0.164657278884484,0.1646860643299016,0.16471377614574345,0.1647402960678276,0.16476538689156,0.16478827300714932,0.16480897815733325,0.1648282223230818,0.16484599502029929,0.16486207448362816,0.16487595520461212,0.1648874191715448,0.16489683395927276,0.16490408566592935,0.1649090852466356,0.16491173055150135,0.1649120154935039,0.16491006370110667,0.16490580522036763,0.1648991390945127,0.16489024598529067,0.1648790588333068,0.16486552180394,0.16484962799432498,0.16483136755279043,0.1648112398569815,0.1647892396683439,0.16476503882985766,0.16473849785059064,0.16470953320944123,0.1646785210454407,0.1646458200703607,0.16461096215995077,0.16457392497525244,0.16453468643903235,0.16449443261227895,0.1644529736231421,0.16440981626304949,0.16436485399558673,0.16431704773293027,0.16426865905007731,0.16421916215776716,0.16416773178567015,0.16411443437235598,0.16405925248491898,0.16400401828137212,0.1639482537758273,0.1638911412934986,0.16383280977311096,0.1637734340447161,0.1637151615703298,0.16365679728970173,0.16359704508637107,0.16353547593034104,0.16347233015911436,0.16341034846996763,0.16334823804951018,0.16330768548842295,0.16331202992889818,0.16331637459015522
BRA,Tenth,47.6690096865838,48.204336746287865,48.75091104984299,49.31003261580263,49.89234379128527,50.49925285175156,51.10766161494388,51.748507221724466,52.409271957487036,53.090400866996035,53.75991316826546,54.45208446981677,55.174218462847115,55.903055379017815,56.65463535354415,57.4333098389186,58.217818160031385,59.039927461289146,59.89306357322697,60.777744785853784,61.69774275111044,62.61805856277395,63.57413067306238,64.55722037903357,65.57016283640525,66.61022733066581,67.64726277484898,68.71795241161315,69.81896115210878,70.95880848913954,72.13537304637003,73.32329669825552,74.54778910735638,75.80138371396873,77.08298300239815,78.39124707880977,79.69527771233123,81.03299037896531,82.3999276838099,83.79561046578895,85.22614030591735,86.65015051688817,88.10697717644526,89.59094609177272,91.10042629008896,92.63523839283316,94.15822183455502,95.70445638006409,97.27417457032637,98.87331297493023,100.5036762588226,102.14718543913747,103.82454396091266,105.52674419933155,107.25543936599367,109.01176401120627,110.74804993580487,112.515250329322,114.30001396501454,116.10797894385803,117.97742335835538,119.82239194506525,121.70112005042262,123.60838624561814,125.54353701558088,127.50816397256001,129.44149090246054,131.40261319985672,133.3837991654522,135.3835541128834,137.39866495024808,139.36600499010237,141.3581123886421,143.37596715730575,145.42936023331637,147.5142422990952,149.55545157393465,151.6251816566213,153.7137006664523,155.8178662311516,157.9354865649516,0.4625142836678816,0.46191795538471236,0.4614271661906153,0.46088947565254534,0.46027400732383794,0.4595749347439298,0.4588387085898784,0.45813095853187785,0.45734580977792133,0.4564815366911557,0.45558155937275013,0.4546054043709638,0.45362866465512114,0.4524634387550309,0.4512633297769119,0.45002004861747913,0.4487709487996253,0.44753281780892035,0.4462464356402217,0.44491410571466544,0.4435314336564481,0.442153362588549,0.4407812555135251,0.43937777151775864,0.43794235821768585,0.4364814795620657,0.43503825135835344,0.43360617408107877,0.4321426825449344,0.43063667378193954,0.4290920152866721,0.4275476283149124,0.4260160633209787,0.42446402429806424,0.42289607549128716,0.42131689385928606,0.41976465125411155,0.41822862503228714,0.41667573960049864,0.4151095606218719,0.41352310773276907,0.4119601865690619,0.4104124404598347,0.40885595217480925,0.4072948461652218,0.4057304163504444,0.40420010614581225,0.4027007874073607,0.40119904376502163,0.3996882724302195,0.3981666753278713,0.3966551752356809,0.3951731946642456,0.3936905209598565,0.3922068229651734,0.39072161018705065,0.38927728751508034,0.3878656980372418,0.3864627869663651,0.38506439480987276,0.38363985138980855,0.3822561226124047,0.3808972604997506,0.3795363090124443,0.3781752891083409,0.37681400001686616,0.37549588644977516,0.37420838471744217,0.3729283910008004,0.37165818869829953,0.37040070831833555,0.3691993554898987,0.3680278047311231,0.36685678627893376,0.36567822419610824,0.3644971546765751,0.3633640539116256,0.36225407373691887,0.36154410032794576,0.36162777375850347,0.3617116234922475
CHN,First,1.3190796463239256,1.3969335587424867,1.4761475073874957,1.5580847351734919,1.64348166042907,1.7325977957710763,1.8218915374970885,1.9132443960716552,2.0078354465952035,2.105733135728861,2.2030908083295198,2.30214015517226,2.4027087499625273,2.5145166756858623,2.630236128090167,2.750343105723098,2.8709274464278938,2.9951919194252903,3.124394669979846,3.2587655192938016,3.3989136984122483,3.5392112159136473,3.683831750691553,3.833897697325406,3.989937265215551,4.151966656960776,4.312972140949125,4.478742637417204,4.651039830075719,4.830982187284262,5.019134871569294,5.208398737035799,5.403670100377059,5.606428909207772,5.816813093614099,6.034929234288924,6.2529894830419845,6.477942773403151,6.711777614919273,6.954738139003515,7.20780621266033,7.459905309467186,7.7200512736757085,7.989973586739853,8.269960016911424,8.560442968516444,8.850059857967175,9.14782053007197,9.456705331778956,9.777999472653622,10.112671357020922,10.44593743969892,10.790049477445898,11.146671437635666,11.516553122611022,11.90029775725213,12.286756550050493,12.685883464445247,13.098899549610694,13.526487855614374,13.96977711605761,14.417653161825676,14.881698803981678,15.36367747440747,15.86417845179074,16.384058648698453,16.909580384851452,17.453653055900237,18.01746843531761,18.60156104656081,19.20635993440817,19.81501407922813,20.44486752504617,21.099093930505894,21.78038463846498,22.48898981778167,23.204189193370123,23.94455987456634,24.712195482052195,25.507923852819385,26.332179582656785,0.01517458576288664,0.015508892725057441,0.01584042982754707,0.01617905449860408,0.016526294344346885,0.016882542081547526,0.017227745925029195,0.017568175765693857,0.017915621445001775,0.018269645190798402,0.01861461410066303,0.018954874506574362,0.019288385410434063,0.019690666301341395,0.020101426712218574,0.02052120764444404,0.020934638142037058,0.021350349313752265,0.0217758269599783,0.022211180383771744,0.02265727688075781,0.02309595740912609,0.0235378484748397,0.023989707568478506,0.02445221569389866,0.024925170521480276,0.02539028509001713,0.025859247343838626,0.02633886577521744,0.02683025735020085,0.02733462823993183,0.02783579787044636,0.028342391769615775,0.02886019658343136,0.02938907801169506,0.029929007882569903,0.030464566530906713,0.031006099964060542,0.031559479670446346,0.032124767258845575,0.03270261576410817,0.03327438090978076,0.03385257701080515,0.034442901011699854,0.035045400804267914,0.035660284433287906,0.036269511014191035,0.036884860800221596,0.037512950547406936,0.038154517473500855,0.03881001862423548,0.039461675924352485,0.040122112768658,0.04079596974825998,0.04148355797102078,0.0421556018028881,0.0427294026686622,0.04331587518105311,0.04391825610416273,0.04453695447455746,0.04517228130622948,0.04582469405709722,0.04649286917692507,0.04717922208802313,0.0478841457368261,0.04860810097957399,0.04935163421233854,0.05011421995223597,0.05089759064394953,0.05170219535744992,0.052528737922182246,0.05337370461289465,0.05423991153066822,0.05512964284128611,0.05604376167458591,0.056982951630058065,0.057937203803004184,0.05891469934495304,0.05991894405661516,0.060950752204951594,0.06201100756166469
CHN,Second,2.3382909043197815,2.4752882181298936,2.614751059310977,2.758554656857278,2.9077386408297,3.0626756398573702,3.2174693349039845,3.3756561292520457,3.5388137574039282,3.7070486862695047,3.873357363695548,4.042594798655155,4.214364488845145,4.401473572883628,4.594261102879895,4.793357634977259,4.992161090747869,5.1962644073275985,5.407282304803131,5.625526901095029,5.851876143754551,6.077053616864714,6.308298766212653,6.546970716522859,6.793867739077644,7.048962208600962,7.3006692062846845,7.55874378315715,7.825416384653631,8.10222625819671,8.389783314391961,8.676683137364686,8.971273015915777,9.275318548551038,9.588952254069762,9.912259364850907,10.232806933056343,10.561780217574311,10.901568976476232,11.25241462602581,11.615530595094814,11.973658346329564,12.341188902107346,12.720082857754626,13.110590206598802,13.51314328771281,13.910653613363461,14.317086596619053,14.735907930912783,15.168620503866023,15.616297631823466,16.056901092960892,16.508994307608507,16.974259209605364,17.453446565536552,17.947091675773493,18.438387514294465,18.942280764704844,19.459867991378157,19.99173583364717,20.53901816978161,21.084861434270504,21.646173263652795,22.22465031925118,22.820660428008686,23.434875148763947,24.047170869003565,24.675920500151037,25.32203218786712,25.98570290875888,26.666950565332286,27.342579076301742,28.0356650697052,28.749288812944034,29.486045277318382,30.24557781605283,31.00172392062142,31.777386810241328,32.57398409979399,33.39174218013368,34.23037978698916,0.02862768399370235,0.029081681136379777,0.029528975004829965,0.029983378953144225,0.030446756901602156,0.030919435597964146,0.0313745602302845,0.03182025851494705,0.03227268926553717,0.03273112060039809,0.03317569286770989,0.03361123834285697,0.03403531288130397,0.034547310127253004,0.03506686504061327,0.035594483752667314,0.036110986811486695,0.036626867964421946,0.03715163402724559,0.03768522919058039,0.03822849960900996,0.038759576725387865,0.039290985793196634,0.03983104125402935,0.0403803374125686,0.04093846235425117,0.04148428645495288,0.042031037071512234,0.04258673926798557,0.04315243958546774,0.04372935823525356,0.04429932336320001,0.044871671086638705,0.04545298427624825,0.046042929901611934,0.046641298701754284,0.04723143674292649,0.047824211382052506,0.04842604672700862,0.0490368205370434,0.049657010478505216,0.050267197782281905,0.05088011984262452,0.051501818716790784,0.05213215654203373,0.05277116023885383,0.05340056858424997,0.05403204347559711,0.05467232980018743,0.055321944029597184,0.05598111603287958,0.056632657216760196,0.057288459060485075,0.05795307092734676,0.058626581983442894,0.05928232983746435,0.059846360851441925,0.060419521140001244,0.061004773453877975,0.06160228494790384,0.06221211664825826,0.06283446170296672,0.0634678157977847,0.06411422122095013,0.0647737690270654,0.06544660597559611,0.06613294383445438,0.06683199926534211,0.06754505363730674,0.06827218242396729,0.06901367926397964,0.06976607527802063,0.07053157138812143,0.0713118243623863,0.07210719979607257,0.07291788216921662,0.07373492212987266,0.07456503073051078,0.07541077423188057,0.07627237812466592,0.07715010363582307
CHN,Third,2.957392185593111,3.129679671198473,3.3050208178901137,3.4854492912223214,3.672146196481076,3.8655270300549422,4.0584146289160605,4.255416235376004,4.458133382470395,4.666687631308033,4.872143207534993,5.081217613667078,5.2933778333454695,5.5215809754101635,5.7560279101070915,5.997401231075896,6.2376215046786525,6.483712382854786,6.737287939691544,6.998680718197112,7.268884188733439,7.536670826990046,7.811062704866626,8.093329185117607,8.38439092471146,8.684162364563738,8.978609216198132,9.279743758019404,9.589816328368464,9.910545858055027,10.242472824535085,10.571974955474248,10.909342202951057,11.256253097782933,11.612802736683888,11.979025479437507,12.34015624371227,12.709639633468075,13.089811743275197,13.480864869438212,13.884069029705984,14.27919675846361,14.683391928134265,15.098444869460376,15.524534346863721,15.962033484349773,16.391329555140626,16.828771463094938,17.277718932761186,17.73970395465374,18.21577520835767,18.68070372678557,19.155990575355595,19.643030219386475,20.142505130830553,20.654842218396915,21.160756193203504,21.677452281295373,22.205745584707252,22.746101030766017,23.299572851961493,23.846833669803157,24.407083246421326,24.981780208022247,25.57111484091244,26.175586305069086,26.77252328992905,27.38244307296733,28.005967070063026,28.643071233466507,29.29350932723228,29.93207821702868,30.58365699490883,31.251050323670015,31.936661843901213,32.63979975311236,33.33336916424284,34.04095835391446,34.76342336258981,35.50066215033757,36.25202827073133,0.03716568017141926,0.037655849204852834,0.03813700420105383,0.038623717249542576,0.03911794129618804,0.03961996107789895,0.04010153131919032,0.04057167194565506,0.04104703942299149,0.04152684899993744,0.041990193043877154,0.042442840728090306,0.042882379173371066,0.04340897978435844,0.043941132610050636,0.044479298462848524,0.045003895827995834,0.04552592224144031,0.04605479125908015,0.046590379588679266,0.047133470254887545,0.04766210520490437,0.04818912161569662,0.04872256580928676,0.04926296980439577,0.04980984189762162,0.050342261012883395,0.05087358578969443,0.051411462992419325,0.05195685667047091,0.05251081495573167,0.053055643382026806,0.05360063934888715,0.054151920323080256,0.05470909545474764,0.055271888284587914,0.0558243701081231,0.056377139557763724,0.05693606164850395,0.05750093831217631,0.05807215008157895,0.05863144372930259,0.05919099951994743,0.059756201876069004,0.060326843298831076,0.06090287039415918,0.06146751765384625,0.062031688621321274,0.06260130980143228,0.06317678027374718,0.06375822576280285,0.06433000170117213,0.06490308432758139,0.06548132817307115,0.06606473386337787,0.06662894182961084,0.06710702371125812,0.06759098858611608,0.06808324480551785,0.06858382112417274,0.06909265489645167,0.0696097908290212,0.07013386710303927,0.07066645803587605,0.07120751025056062,0.07175701158317908,0.0723149989185896,0.0728807021310351,0.07345501744402899,0.07403785703764496,0.07462930393357946,0.07522645450615652,0.07583092184977294,0.07644386209469546,0.07706538897063554,0.07769547144208869,0.07832702949989903,0.07896513893610003,0.07961160161085651,0.08026639684732438,0.08092952086016524
CHN,Fourth,3.8073685240992923,4.0282351492606105,4.253001198064197,4.48391717715804,4.722347386132652,4.968768485065015,5.214230549829298,5.464807693242109,5.722165451567095,5.986449606629353,6.246039854456727,6.510242190134865,6.7783068014017465,7.063637216821189,7.35609015830457,7.6564227801885085,7.954503108282115,8.2593225707971,8.572531282287327,8.89450258704672,9.226399718541336,9.55428177588858,9.889640104664538,10.233674915828958,10.587492100287573,10.950948591900751,11.306600810615457,11.669579865394923,12.042221513544003,12.426503441893406,12.822904902227835,13.214703940326892,13.614901827111533,14.025137864349123,14.44548650949454,14.87594801464279,15.298465693298823,15.729644238689003,16.171843171293542,16.625230342532035,17.091188748075446,17.545259535050363,18.008488013693544,18.482565356746015,18.967621960879015,19.464002730731174,19.948386505323075,20.4405828247439,20.94397169810832,21.460183902517453,21.990301582444737,22.50441858347204,23.02833286617468,23.563227472621318,24.109767101748737,24.668312537725406,25.215923784297352,25.773191453446994,26.34071761632485,26.918896070595615,27.50877306141577,28.087350851293728,28.677351379073908,29.280097169259854,29.895656242477294,30.524425016016796,31.139836534879695,31.765898677025408,32.40303564714696,33.05106441835937,33.70953457120654,34.34973904842199,34.99992514314063,35.662807069732494,36.340766887386096,37.03284643419571,37.70942553961073,38.39633766969209,39.09404363373635,39.80221734148489,40.51994152989147,0.04922676520463441,0.04974116830537639,0.05024427548298199,0.0507516373496783,0.051265194875012486,0.05178514532951084,0.05228212631066587,0.052765412881835345,0.05325255234120697,0.05374266225687457,0.05421462085027852,0.054673919183081066,0.05511823674492073,0.055650607472000686,0.056186630731506426,0.0567267002863416,0.05725126943969431,0.05777121861819814,0.058296062314328934,0.05882559576357907,0.05936049608926774,0.059879296593903106,0.06039445717353948,0.06091396172272963,0.06143823462136752,0.06196672860206692,0.06247948330770123,0.0629891552089539,0.06350314369860727,0.06402226470793697,0.06454744848424764,0.06506211257560995,0.06557483618333942,0.06609142319540304,0.06661143499615427,0.06713454836344171,0.06764619944940539,0.06815597700392513,0.06866931370369193,0.06918595843195309,0.06970616946006496,0.0702136388798807,0.07071915714103978,0.0712276177462311,0.0717387658606491,0.07225248769356046,0.0727540932780768,0.07325306554576372,0.0737546516681574,0.07425911708356935,0.07476648833814248,0.07526346486427397,0.0757592860224493,0.07625728452856458,0.07675738974861325,0.07723967538808789,0.07765007116651663,0.07806387524967877,0.07848307233083913,0.07890759520907759,0.0793372997698676,0.07977212831401169,0.08021084785408461,0.08065468252200338,0.08110348381449783,0.08155713746337338,0.08201556446697401,0.08247802572203312,0.0829451429610756,0.08341672653557376,0.08389272183774095,0.08437068706722448,0.08485181181060476,0.08533689443518692,0.0858258907650741,0.08631863630466986,0.08680950441270868,0.08730235950727908,0.08779845921491049,0.08829763721779928,0.08879973586116979
CHN,Fifth,4.5979178086475825,4.8635232331342095,5.133754541774645,5.410961841222935,5.6966537509013095,5.991347044865103,6.284545561912748,6.583732292313002,6.890484027645981,7.204964842000006,7.5130477302092675,7.826631573839647,8.144762131627953,8.480109201150611,8.823069762847126,9.174446490705758,9.52230627687654,9.877459562084976,10.241450747584643,10.614675915199044,10.998430791436203,11.376425988873496,11.76239879257168,12.15734002671556,12.562506291992982,12.977686044577306,13.382480033294074,13.794824042369257,14.2169765440299,14.651116846972057,15.097616323713014,15.537125281341437,15.98506991505148,16.442903958962894,16.910669684011964,17.388321171255566,17.855048289610956,18.330205609317794,18.816011174143732,19.312592158323756,19.82139983650853,20.314519979579114,20.81631826182413,21.328228420090262,21.850321862872843,22.382894931595406,22.89973996741556,23.423517492542018,23.957424046827104,24.503140323038664,25.061746643487314,25.59969124153155,26.146253821393657,26.702280497708692,27.268397511584393,27.84488568663852,28.405963229177413,28.974933998453594,29.552113634991997,30.137815731958543,30.733053011227312,31.312004487862197,31.900145579924004,32.4985961411818,33.107308522883926,33.726572458787764,34.326944470907996,34.935044028635836,35.55108089329214,36.174734316965235,36.80537762472155,37.412012758117775,38.02516058594863,38.647370298601324,39.280962128024946,39.92476658211846,40.547964088082615,41.17753982670371,41.81354543241966,42.45547910449882,43.10221987757022,0.06073546696280758,0.061242657908478465,0.06173690484686005,0.062233419017362714,0.06273405802905806,0.06323895138013193,0.06371974756304859,0.06418569812201326,0.06465362627883205,0.0651226613613875,0.0655726036957563,0.06600904582185775,0.06642991290324377,0.0669316081240282,0.06743465829528313,0.06793938945521277,0.06842757172117372,0.06890952847705775,0.06939400876847525,0.06988076964550337,0.07037037701256899,0.07084319098127538,0.07131076852326484,0.07178028732733067,0.07225208117836919,0.07272559548570082,0.07318291983159553,0.0736355648387505,0.07409004827161357,0.07454703909107152,0.07500726935043743,0.07545614517375727,0.07590131930880585,0.07634777294768416,0.07679507025930504,0.07724288169233044,0.0776786823527566,0.07811083131435673,0.07854388139746186,0.07897756353440381,0.07941204196254271,0.07983360945250914,0.08025145222625935,0.08066956027079798,0.08108767263880357,0.08150564019949229,0.08191144682235879,0.08231296374284433,0.08271437504374478,0.08311584218135333,0.08351732810172449,0.08390817302104564,0.08429586387539742,0.08468295171695857,0.08506932805427318,0.08543924859007805,0.08575054685466413,0.0860627509195797,0.08637728407137989,0.08669401013815003,0.08701273087643138,0.08733331428114509,0.0876547655393815,0.08797789202119739,0.08830248778432252,0.08862836743270949,0.0889553691434228,0.08928286331276754,0.0896111862596208,0.08994008804971197,0.09026941363947909,0.09059737279782416,0.09092468734072003,0.09125178192686934,0.09157849592527971,0.09190458603015213,0.09222624138628296,0.09254592304227374,0.09286431654042976,0.09318116698902047,0.09349622162698563
CHN,Sixth,5.725069527815439,6.054476762806465,6.389563891484842,6.732802612498587,7.085893311168467,7.449409115816925,7.8106579199154105,8.179137204812488,8.556293078472253,8.942317848610816,9.319478862773153,9.703441474408313,10.092933008364776,10.499541038449694,10.914479796522965,11.338613667698,11.75744482605513,12.18437571686191,12.620802922129528,13.067161055047105,13.52493791857173,13.974502753235226,14.432800951844388,14.900538692551386,15.37919530339186,15.868474882503028,16.343769746209208,16.827009997779495,17.320356718077136,17.82627675193036,18.345003371096308,18.8534449991676,19.370499779058264,19.897386263840794,20.4341206223034,20.980611791185847,21.51211356045325,22.05190626528944,22.60204431618073,23.162620714016217,23.735200285063023,24.286916080965025,24.846895551882767,25.41626875343867,25.995048586669064,26.583492774841847,27.151203369176248,27.72497039488134,28.307800013400048,28.901469848802464,29.50709084722492,30.08583233763937,30.672019106266816,31.26611055615053,31.868715046413207,32.48004222907791,33.070176668757234,33.66639670039412,34.26869972024398,34.87733235209517,35.493308965664475,36.086682380584406,36.68700204057149,37.29519339839553,37.91110293450133,38.53493232732826,39.13298175483745,39.73582579385465,40.34346059732127,40.955440166451595,41.57096204079852,42.15542092266072,42.74297255442038,43.33606148792991,43.93702336182309,44.54447497217625,45.12529412627407,45.70870899407038,46.29436113547652,46.88159378419128,47.469089083205276,0.07754619948131763,0.07800987719351683,0.07845954225912267,0.07890952170678281,0.07936138550292125,0.07981513711610257,0.08024511617346079,0.08065950173794541,0.08107389916686782,0.08148744691785093,0.08188267053450603,0.08226387394157587,0.0826294162368355,0.08306576014215124,0.08350097978939099,0.08393527768150816,0.08435312576765855,0.08476317943866782,0.08517310849901522,0.08558261795668827,0.08599208122671367,0.08638530522756463,0.08677169899028589,0.08715738583700783,0.08754253755742814,0.0879266332365512,0.08829551132527982,0.08865816028786568,0.08901991532914108,0.08938119020867547,0.08974250488546087,0.09009267825591333,0.09043741200109313,0.09078064957463337,0.09112198505194351,0.09146110425655041,0.09178885625977111,0.09211123683048782,0.09243169409230217,0.09274995847808404,0.09306606001053797,0.09337044892462984,0.09366943041724429,0.09396591544544068,0.09425965161441224,0.09455046913330377,0.09483035693984078,0.09510449953074333,0.09537577981475404,0.09564421348722844,0.09590968950631075,0.09616561356187445,0.09641652691646181,0.09666409833509569,0.09690818051441584,0.09714001406910532,0.09733702182569394,0.09753243338050661,0.09772705157262661,0.0979206838297373,0.09811309814736298,0.09830410014709963,0.09849299039357842,0.0986801332748249,0.0988652827704154,0.09904820101572318,0.09922866739894104,0.09940620077102849,0.09958084623466877,0.09975232351019221,0.09992039866851954,0.10008402452532261,0.10024343862261371,0.10039869072470159,0.10054953014615266,0.10069566176938745,0.10083526345160275,0.10096930844479896,0.10109790508886454,0.10122074327154279,0.1013375070615675
CHN,Seventh,6.858347173133975,7.2511902650532924,7.650671082261043,8.059229994464243,8.478725147027232,8.909761979783056,9.337600634591857,9.773831817342389,10.219540098649215,10.67493997575152,11.118667530784839,11.57044859697144,12.028691378311152,12.502135071202467,12.984138593707854,13.475599055307105,13.959609510706759,14.452162756040636,14.95429975260751,15.466474526452194,15.990335110366011,16.503159025551927,17.025039511198624,17.556183485979666,18.098266424626047,18.650889162003914,19.185537669870858,19.728018474721175,20.280172544916347,20.84470992202014,21.42165827580696,21.984542998093364,22.55560676459446,23.13562509382624,23.724575465243856,24.322305504045516,24.900565954343485,25.486312820725598,26.081217213670676,26.685320404749092,27.300259545075058,27.88888072760173,28.484655075263376,29.088190337144443,29.699427747159778,30.318566039833744,30.91178890873666,31.50951708651242,32.11430699158339,32.727991880891494,33.35168021273025,33.94221421841934,34.538275165275984,35.13975872171839,35.74723933298169,36.36084032985029,36.947274232958655,37.53720757903103,38.130216759528025,38.7264736243917,39.32697524380848,39.898453601690974,40.47383654510141,41.05377167769948,41.63800713469257,42.22665768916745,42.78276275603863,43.34001290106815,43.89816366192258,44.4566675538447,45.01457263079688,45.53492437828277,46.054403799249414,46.57526940428386,47.09983399499748,47.62655081042013,48.12142619019522,48.61475817210522,49.105742642433874,49.59361307611467,50.07691976037686,0.09485074857067222,0.09522640690968646,0.09558796270310704,0.09594681830915511,0.09630418099519976,0.0966599821227581,0.09699438706660617,0.09731422080100324,0.09763136884607952,0.0979451532383246,0.09824234307626935,0.09852677252783447,0.09879743905887257,0.09911641581078003,0.09943127877640048,0.09974212691319848,0.10003792977220033,0.10032514089166346,0.10060904714974825,0.10088937168094997,0.10116629829238627,0.10142891496387212,0.10168383640581553,0.10193501983949861,0.10218250873910278,0.10242588485781635,0.10265616863598856,0.10287932682244254,0.10309858085132913,0.10331410552283947,0.10352608376520059,0.10372789731415978,0.10392309534903223,0.10411384247815254,0.10429983388536489,0.10448082131922543,0.10465188950533713,0.1048164535243618,0.10497621275900973,0.10513094516648244,0.10528057819740874,0.10542054619774159,0.1055540613252996,0.10568236615726762,0.1058052612612838,0.10592258902334276,0.10603111049412493,0.10613312079601914,0.10622964906166343,0.10632060513513988,0.10640584274910765,0.1064831819513784,0.10655425681917413,0.10661947002414007,0.10667867767811062,0.10672964421298352,0.1067678425612653,0.10680190620062839,0.10683181809926934,0.10685735818128456,0.1068782967300482,0.1068944069333012,0.1069054334671215,0.10691119086224282,0.10691143397831065,0.10690591360829992,0.10689437663323481,0.10687659387245495,0.1068522858851134,0.10682118772572179,0.10678302041021054,0.10673774068924803,0.10668501187890564,0.10662446760313994,0.10655580383751234,0.10647872295307079,0.10639390997143518,0.1063005360810159,0.10619806001061798,0.10608616665024659,0.10596453149416427
CHN,Eighth,8.837101990051769,9.340820921629897,9.852894452284438,10.375692972273516,10.911331419267194,11.460473470947353,12.004798078295988,12.559552967797163,13.12521383930965,13.702039144288626,14.262261491333593,14.832800278329623,15.411449648009805,16.00215530011989,16.60192429213892,17.211711126489735,17.81038379860108,18.418460947558714,19.036395252001277,19.664690939226695,20.30528642775548,20.930035434490804,21.564549569134623,22.20821947547923,22.863081795164277,23.528583955113355,24.16935559737237,24.81798257208858,25.475804253084775,26.14596304919464,26.828166189661783,27.489984157026182,28.15954406925871,28.836932556629595,29.522093355572885,30.214805772500675,30.880616796438403,31.552947579349844,32.23290028980965,32.920467769819965,33.617447335438236,34.27904645464351,34.94643206712089,35.61943740707247,36.297926320174334,36.98204208332831,37.631745369876455,38.28397974004427,38.94067672540876,39.603812240345015,40.274544440283854,40.901863063890964,41.53229698789562,42.16493358236243,42.80034435396334,43.4385666540196,44.040148453285916,44.64193868989981,45.24293095566645,45.843231435141455,46.443874316650195,47.005478018549354,47.56721323477111,48.129388245010986,48.69165554517646,49.25405906576544,49.773500190167134,50.289604179524325,50.80183425387055,51.30954118120665,51.81159779923514,52.2661685469231,52.715123332393205,53.1605732409652,53.60491646629272,54.04641002838653,54.448358501101325,54.844007651939805,55.23199246269527,55.61144340831289,55.98075823021489,0.1258664586608755,0.12602076525442174,0.12616407780049102,0.12630198925973402,0.1264347039315234,0.12656193564045332,0.12667626047030958,0.12677993214731292,0.12687820188409596,0.12697065948173528,0.12705415742202675,0.12712862154832588,0.12719425971262643,0.1272714847846128,0.12734142481551086,0.1274039234119138,0.12745714872093988,0.12750203053386086,0.12753986194286043,0.12757038885300842,0.12759337480022076,0.12760846189006625,0.12761578829522952,0.12761585603633438,0.1276084023817039,0.1275932475422991,0.1275717688341244,0.12754302524346478,0.12750682031175317,0.12746280695745416,0.12741071430991396,0.12735274805268118,0.12728754348767887,0.12721451752683205,0.12713354978525873,0.12704452908546737,0.12695060639782146,0.12684960315789132,0.12674052726514268,0.12662325604983476,0.12649751565517428,0.12636806524596622,0.12623168831056555,0.12608715415200045,0.12593437519820008,0.1257732260589652,0.12560898591919,0.12543823723240605,0.12525922541688056,0.1250716531071213,0.12487530896498984,0.12467614985705837,0.12446994706046016,0.12425532548884301,0.12403214439521072,0.12381134435591958,0.1236245645931393,0.12343073834791518,0.12322872466785435,0.12301829413930722,0.12279925618906784,0.12257137132091432,0.12233503730101933,0.12208933757330521,0.12183406323190801,0.12156898433280217,0.12129384392615768,0.1210087918455462,0.12071314178858024,0.1204066868721287,0.12008912746307454,0.11976180995879458,0.1194236561507903,0.119073775503842,0.11871183147168335,0.11833756450558812,0.11795502149171938,0.1175610009512947,0.11715413850019227,0.11673415589988853,0.11630075577826461
CHN,Ninth,11.089211135873224,11.716964502507373,12.354706965293826,13.004287580406267,13.668025288079651,14.346583139575518,15.0180384548782,15.701998010578533,16.397568077107607,17.105042315915767,17.789374229079456,18.48643362370113,19.193333972663456,19.903471719126944,20.621860393927932,21.34945179941801,22.060810603103274,22.78156476900273,23.510921171106133,24.24939862458855,24.99919140645133,25.726751642869264,26.463748949353423,27.208062547785165,27.96208015492472,28.725035669980652,29.454680664496916,30.190933372217295,30.933979203735863,31.68735823191696,32.450260338892754,33.184532024403445,33.924588460322624,34.66920697344829,35.418280053421334,36.1714879984851,36.88856908317217,37.60957231446733,38.33442091581924,39.06303101260972,39.79731167789972,40.485624988574095,41.1767108928777,41.8690078213226,42.56228598024279,43.2566073731031,43.90692044602961,44.55622365718667,45.205154189045615,45.855784077123765,46.50928757066993,47.10822600374783,47.706217151439226,48.30105752037093,48.89331081769838,49.4829171609835,50.025434532504065,50.56318264862993,51.09430478818506,51.618852265253636,52.137895286889936,52.60722168209192,53.07129403982108,53.52990069054677,53.982637451736075,54.429504608578156,54.82296941036104,55.2072737871379,55.5815361962583,55.94508172213149,56.29668160873743,56.59196554159631,56.87604626856788,57.15074334244698,57.41850595958307,57.677509488571225,57.89116767711987,58.0934383302378,58.282310537071545,58.45692211821157,58.61566021466971,0.16219050104196997,0.16196994871990755,0.16174541173339277,0.16150958680335836,0.1612614826626309,0.16100083291342399,0.16074330548363586,0.1604855725907128,0.16021772646261406,0.15994023824232032,0.15966512943478844,0.15939113513180073,0.1591202830283391,0.15878343388648938,0.15843518353550198,0.15807519197474476,0.15771672056541078,0.15735335323410365,0.15697814946163163,0.15659111210784973,0.15619160727849318,0.1557957217057468,0.15539496866005825,0.15498285164297013,0.1545589197035171,0.1541234446702354,0.1536927016735915,0.1532571877791337,0.15281037252732363,0.15235143481168562,0.15187928095139067,0.15140851709523398,0.15093216710146629,0.1504446299944463,0.14994618292659448,0.14943700374854096,0.14893098176141262,0.14841956765721306,0.1478971460047885,0.14736382701059902,0.14681922797658176,0.14627997569960904,0.14573565479112724,0.14518082470186056,0.1446156274897654,0.144040063160059,0.14347025598937221,0.14289634665946185,0.14231218635478082,0.1417173575127599,0.14111169095964987,0.14051043992104273,0.139903429065461,0.1392864148100744,0.1386593587424818,0.13804557931609188,0.13751005298053434,0.13696492794206389,0.13640739548495368,0.13583730356660068,0.1352546033103783,0.13465912554699766,0.13405232949187657,0.13343228381162728,0.1327989233327282,0.1321521378443542,0.13149175697731802,0.1308185706504172,0.13013138930071005,0.1294301848276209,0.12871472316276042,0.12798840712488602,0.12724917624364346,0.1264954919094544,0.1257270679631682,0.12494379682063786,0.12415440377876687,0.12335247926556775,0.1225356288037021,0.1217037205839476,0.12085659507944928
CHN,Tenth,21.98306303984111,23.207459534715248,24.44948279830725,25.707511232618636,26.984565485536713,28.28121920409037,29.55900258208024,30.85899630502878,32.172607549264825,33.50034471255546,34.77137876266423,36.06735048307357,37.38153647717966,38.64874951979513,39.91897798147986,41.193122311826016,42.425727382750665,43.66710881867848,44.90981095074904,46.15456198887574,47.40484658421959,48.60210975349454,49.807137644855324,51.01012078824606,52.21528097051315,53.421063608089405,54.553208256530375,55.68655371997088,56.8154391306407,57.945350997559515,59.073183896056676,60.13434921018965,61.193367939589585,62.24279026566235,63.28260895229284,64.3123914231106,65.26487685604683,66.2114795926354,67.14670297612403,68.07048271553822,68.98551950633144,69.8083223835991,70.62343304995052,71.42321084885589,72.20738969684744,72.97605112877768,73.66032881541119,74.33215915572272,74.98672270030075,75.62687336269568,76.25425519290098,76.78088862498649,77.29420333218133,77.78687733580426,78.25984922259723,78.71306450891339,79.07799586862227,79.42352915203647,79.74470780082295,80.04176853825146,80.31636853002637,80.50068742534792,80.66521044231928,80.80812652885032,80.92923279963877,81.0287918814523,81.03677623783183,81.02106897676437,80.9798734659989,80.91278177278997,80.81851891303917,80.63700263863399,80.43209190611665,80.20510969214268,79.95928082435012,79.69276548679719,79.36294872549703,79.01265600680505,78.63792986875943,78.23819753060216,77.81199364794293,0.3486159101497145,0.3455427526423225,0.3425554161406136,0.33956087685263786,0.33654800146151703,0.3335160767402086,0.3306352194577692,0.3278495554928811,0.3250572748867733,0.3222635637103729,0.3195879749741246,0.3169976782680026,0.3145043748500528,0.3115337335669848,0.3085604196935237,0.30558240041712054,0.30270671323140286,0.29987240928683384,0.2970275096176364,0.2941733548293898,0.29130651855569384,0.2885414692981532,0.28581052606807356,0.28307132296233417,0.28032179290764825,0.2775649908319771,0.27490461383386566,0.27227370961434355,0.26963405097460985,0.2669816050941973,0.2643118968224318,0.26170913691697134,0.25912892436344265,0.2565420631000888,0.25395083972732446,0.25135691666553156,0.24883241089153943,0.2463288796078875,0.24381963673164414,0.24130596522057768,0.23878663041349735,0.23634069317829817,0.23391485941508702,0.23148563992184207,0.22905424529175306,0.22662120966497573,0.2242561533047493,0.2219131735956216,0.21956754249099247,0.2172179697159826,0.21486429096015688,0.2125686419810417,0.21028703408387167,0.20800408624764596,0.2057200470490532,0.20352762059777033,0.20167711278682415,0.19981698305245696,0.19793837940951858,0.19604169438920852,0.19412766212590435,0.1921966068674451,0.19025404387518913,0.18829457858994963,0.18631890007336535,0.1843275397643884,0.18232084448856917,0.18030203247713938,0.17826834584494594,0.17622056765998853,0.17415887369847377,0.17209372343962828,0.17001981318415962,0.16793356859843792,0.16583502944983558,0.1637247263751303,0.16162650007470816,0.15952352369620598,0.15741017194193055,0.15528688221061288,0.1531540210407459
COD,First,0.14355622902761384,0.14963212650891172,0.155900458148618,0.16259646248511156,0.16991782831558888,0.17795137357182816,0.18589144116589731,0.19451703589892488,0.2039368507803426,0.2142390635201395,0.22553986637492232,0.23783509250308582,0.2517306168555307,0.2673008380739024,0.2844116844649716,0.3033144195913333,0.3229548222662653,0.34452911670101377,0.36833374368921024,0.3945708335729485,0.4230461776387472,0.4510621941904872,0.4813882601329306,0.5142847617924833,0.5499290284538292,0.5878671542992623,0.6240377968076325,0.6625229677026011,0.7057578564720165,0.7570831888366832,0.8128538541732442,0.870634964019774,0.9325431270860217,0.9990064027257007,1.0702519270474864,1.1464672996201013,1.224573757545335,1.3077928885666759,1.3968072712688548,1.4919158738244278,1.5938105821878077,1.6890332632247058,1.7851363278298638,1.8862450357536154,1.9925485535657426,2.111185599007242,2.2380688437122513,2.3753185118694446,2.5199871887508682,2.672122438799243,2.828492148577291,2.9811331953632285,3.1413372095137793,3.3095158533783757,3.4862917344795235,3.6721608698283403,3.8600748571353747,4.0563183694870455,4.26119460009434,4.475235485191708,4.699557038471191,4.926480829879635,5.163637685381747,5.412106712558333,5.672376218386412,5.9451600798310835,6.221235270809065,6.508375300259128,6.807254365177868,7.104523052723605,7.402816709445562,7.699099906687469,8.003365746783688,8.317625438379665,8.644025627739259,8.982149785135244,9.31907410779613,9.665205659644815,10.0206410130685,10.385325877204188,10.758656925653463,0.003319445834997404,0.003408092186174415,0.003498988486744372,0.0035950609405347193,0.0036975422606917636,0.003807089828270809,0.003913755074702964,0.004025626084880029,0.004145280751476467,0.004273303164665029,0.00441005359434564,0.004574560785985052,0.004762178090109331,0.004972150705834969,0.005197243605157087,0.005438701515358157,0.005685199976990523,0.005946048463819981,0.00622455283225443,0.00652142458204006,0.006826178418768296,0.0070977324075244385,0.0073808478467897645,0.00767862032346851,0.007991364990773072,0.008307759356787764,0.008572832805816968,0.00884465479991611,0.009161818001740592,0.009569967586261345,0.009996458475677008,0.010426422940869977,0.01087076605829281,0.011331627831501387,0.011809079257909345,0.012303083469312285,0.012797813915241256,0.013306423380471045,0.013831405631566103,0.014372877676087876,0.014931649940750883,0.015391483491393309,0.01581634862387715,0.016248925998612055,0.016689206127097105,0.01719744467959851,0.017758723334472586,0.018361800989469868,0.01897441321514824,0.019590677950639894,0.020182931759359684,0.020722848180966473,0.021270481166185247,0.021827578015903643,0.022394544328494418,0.022971632405184874,0.02354184691113408,0.024119232292551435,0.024704885223054338,0.02529913953478436,0.02590296401349034,0.0264999912873541,0.027104350766162535,0.02771781309439539,0.02834046908807723,0.028972569193074362,0.0295982669558934,0.03023051860896666,0.03087044959887253,0.031468052195846134,0.032037100590701195,0.032590693988361265,0.03314254059827446,0.03369443679774575,0.03424781776217799,0.03480227442122698,0.035342147085560986,0.035880744285763676,0.036418647151449914,0.036955847258691006,0.037492024312827374
COD,Second,0.26639888824539676,0.2779222459636433,0.2899009915458355,0.30269465550599745,0.31661383766389645,0.3318147081958639,0.34681186083738225,0.3630860137133608,0.3808300258508408,0.4002127005010161,0.42143529487899223,0.44410021232308255,0.46950551273888713,0.49780338242262084,0.5288569217167894,0.5630768856390758,0.5984841696337582,0.6372855132810156,0.6799482010305157,0.7268098744084341,0.7776668965171026,0.828143239790081,0.8827191663746904,0.9418087943617469,1.0057183749346164,1.0738880794564098,1.1399218553871926,1.210215881746688,1.2881679432762367,1.3784064520436266,1.4760008978342387,1.576554115617035,1.6839331197325509,1.7987733952900768,1.9214376833878286,2.0522354986346225,2.185623224466276,2.32720183937601,2.477945206891283,2.6383054886058477,2.8092791425673926,2.971432502788959,3.136361660730316,3.3095439700886797,3.4913012151627294,3.6909889154337607,3.9010129699869376,4.12600914858483,4.3622368440348005,4.609868172609379,4.864901190868844,5.114647092061261,5.375813152393783,5.648967468972706,5.9349805802742654,6.234549662295597,6.535698534156972,6.849057602415788,7.175020333919105,7.514317900549942,7.8685131381233955,8.224547227908213,8.594977550162703,8.981209260376684,9.383876808645574,9.803909060617087,10.226023520334458,10.663125092583625,11.116037592873178,11.568869751170116,12.024871692240609,12.475884179102234,12.937965938667508,13.413773352900987,13.906151370978398,14.414575104580962,14.918697563957481,15.435200766962351,15.964196011826534,16.505620342283738,17.058688988297586,0.009227206526273188,0.009412866292380627,0.009601888488606375,0.009800422239564,0.010010805452547338,0.010234131487349132,0.010449992857902393,0.0106746204008166,0.010913159727966356,0.011166453562110336,0.011434869877530953,0.011757548892945583,0.012122713237661467,0.012527537643548995,0.01295650761868919,0.013411171912415924,0.013869974374967835,0.014349484735967382,0.014855159443665063,0.015387385670537839,0.01592609978801291,0.016398288695231807,0.01688500811570335,0.017391289916234426,0.017917075554816142,0.018442278721142093,0.018874388137438667,0.019313234870261025,0.01982324266835734,0.020477668805719017,0.021152808062198703,0.021825222087389223,0.022511449300473347,0.02321440128663479,0.023933647147091557,0.02466861491093441,0.025396084343224008,0.026134934239153338,0.026888457774150488,0.027656358400749783,0.028439287822907937,0.02907219377042209,0.029648972613856538,0.030231036351020507,0.03081824953183709,0.031493511452472006,0.032235261264184585,0.03302518054385992,0.033818658376248485,0.03460777263332502,0.03535653511825253,0.03603078060005956,0.036708472550821346,0.03739175823720551,0.03808097625907908,0.038776274718169704,0.03945771408057473,0.04014179679553981,0.040829806222087046,0.041522027790537534,0.0422194350017375,0.04290365913040745,0.043590570456935415,0.044282129647233937,0.04497831586342276,0.04567927717542809,0.04636800534333136,0.04705843916893676,0.0477517860073097,0.04839246518300226,0.04899683916179145,0.04958106356323323,0.0501594395435915,0.05073392139298316,0.05130601557644681,0.05187535841459601,0.052426458700490716,0.05297276330990237,0.05351497026024182,0.05405314585691498,0.05458705466627536
COD,Third,0.3452082250280453,0.3602621054645998,0.3759517014935361,0.39270269083841686,0.4108918528517732,0.43071870067291584,0.4502654352734288,0.471471395400692,0.49457414018615214,0.5197941233834962,0.5473830002190538,0.5765315285905587,0.6090505051355677,0.6451409764968561,0.6847035542408529,0.7282373887264724,0.7731725763489524,0.8223572991208957,0.8763371261305561,0.9355209399695016,0.999767249596607,1.0638745177084703,1.133144952294927,1.2080572829417253,1.2889872133346263,1.3754035272608673,1.4598652596251331,1.549795132047107,1.648786751057534,1.7617199743885947,1.8835646697499737,2.0087109384655166,2.142097095874871,2.2844355625521016,2.436144178033514,2.5975788143623846,2.761697497258067,2.9355083694287964,3.1200908156470564,3.3159511928195986,3.5242138618380965,3.7235822452782825,3.927335184631747,4.1410431332139845,4.365091521604935,4.608927898114797,4.862739351124701,5.132999109512166,5.4161003128399114,5.712381202446939,6.018026485395895,6.3180360855787745,6.631128999601598,6.957884344504985,7.299262329982171,7.656023116428071,8.013452809471639,8.384569361869909,8.769740911724657,9.169753905853788,9.586349398540417,10.00354195765202,10.4365113931521,10.886729931769958,11.354849395241223,11.841843956599224,12.329225462374165,12.832575981908587,13.35269407306595,13.874489050019031,14.40106014747363,14.920469600104099,15.451864266336788,15.99815187005191,16.562463885939668,17.144202904956042,17.719386324425866,18.307786940681428,18.909470114274434,19.524343221044955,20.151515523620926,0.014198272544210938,0.014445219475568049,0.014695881380493483,0.014958230025504326,0.015235233092006476,0.015528183838627942,0.015810347724279465,0.01610304173479481,0.016412706146335266,0.016740264085030675,0.017086004717125458,0.01749817747628449,0.01796177935934979,0.018472562082036407,0.01901070845001284,0.019577722525433154,0.020146355603295866,0.020737216917150518,0.021356519669968158,0.022004262161327257,0.022656218647678254,0.023225736925298623,0.02380976333674903,0.024413951156959497,0.025037934309891978,0.025658265481890524,0.02616830746022365,0.026684191882277098,0.027279090326222766,0.028034581498262944,0.028808990365335116,0.02957514812421971,0.030352157965045125,0.031143055137739854,0.03194712744264146,0.032763520666423795,0.03356622897702864,0.034376458057066406,0.03519761598583985,0.03602920318719134,0.03687175582084107,0.03755182831884855,0.03817034588524105,0.038791795758265815,0.03941600323108089,0.0401280518892274,0.040903781319741477,0.041724224231390834,0.042543649692739376,0.043354176966170596,0.04412011918679503,0.044807542584172876,0.04549524236834416,0.04618531412785911,0.046878066523021025,0.04757360610422957,0.04825180640631056,0.0489294926999694,0.04960788370309456,0.05028724336961956,0.05096852068188984,0.05163357848826744,0.052298240976959065,0.05296436094667266,0.05363188993504707,0.05430094430181054,0.054955052386634826,0.05560784305590374,0.05626042727237511,0.056862114665581255,0.05742837763929811,0.05797355729813221,0.058511426667955044,0.05904387822508009,0.05957237465938218,0.060096604596774864,0.06060214699789549,0.06110168925230854,0.06159589649338813,0.062084866509355095,0.06256841627116809
COD,Fourth,0.45338522890515903,0.4733015494663572,0.4941082941740858,0.516317542506576,0.5403926929204186,0.5665925404631038,0.5924057694827236,0.6204026375219034,0.6508836292923019,0.6841406137057698,0.7204912392230529,0.7585680859343077,0.8008841719140425,0.8477103262155207,0.8990003241047577,0.9553734154205438,1.0134466566357327,1.0769498839545142,1.146537610252329,1.2227185710190938,1.3054328313065588,1.3883302173144647,1.4778591745723157,1.5745909654660382,1.6789993971742656,1.7905899571942092,1.9004538936721562,2.0174523407700016,2.1454735682643036,2.2897807515308735,2.4451586614095993,2.6043357513139216,2.7737329348087956,2.954175498401672,3.1461668061582837,3.350138287945836,3.5569871409412555,3.7756609314474927,4.0073930575990335,4.252778072983828,4.5131234705556675,4.764297243919762,5.022005488035143,5.292060468319402,5.574941667057635,5.880430742687025,6.195700689800611,6.529728953163125,6.878987478128583,7.244019266508557,7.621131857013828,7.9920244950400825,8.378444493189622,8.781017294880842,9.200842058937411,9.638786143455578,10.076327601203152,10.529832134618994,10.999670570718969,11.486730432621373,11.993018826809601,12.49844933910552,13.021895470566275,13.564962065243066,14.128361193114609,14.713165270325675,15.296385549287283,15.897423401609757,16.51709843548579,17.14070454572452,17.771287970086853,18.391957734418906,19.0262513390916,19.677434212158545,20.349043387092042,21.040414166214116,21.72235757467675,22.419107342776638,23.13070349609143,23.857040442607918,24.597112191278026,0.022370864154380873,0.022695081869577836,0.02302304292529184,0.02336523684809665,0.02372537459335615,0.02410494219740635,0.024469220091589493,0.024845645611424258,0.025242488709326383,0.02566069197601281,0.026100373095508837,0.02662419274592317,0.02721102224801721,0.027854449699041755,0.028528381628524748,0.02923415631259164,0.02993776908064614,0.030664278120823237,0.03142096109788007,0.03220726306081158,0.03299302315966809,0.03367378091787962,0.03436782262092557,0.0350817376199298,0.03581476291481303,0.0365387608078828,0.03712866609295921,0.03772237021501429,0.0384054331871771,0.03927123606622942,0.040152729885963315,0.04101919573731403,0.04189206980719457,0.04277465029542301,0.04366594398166009,0.044564821200295895,0.04544300115497911,0.04632356084455255,0.047210144137612736,0.048102065711235854,0.048999742214794986,0.04971743522336289,0.05036534869861802,0.0510131442196137,0.05166062140823072,0.052397437855694215,0.05319752161024213,0.05403936284248629,0.05487480880590609,0.055695791315716836,0.0564660318417476,0.05715251226762365,0.057835658127496165,0.05851760533703262,0.059198635571486406,0.05987882890556832,0.060538854845100104,0.06119500860349601,0.06184852157386171,0.062499646402435216,0.06314926709321941,0.06378042560950804,0.06440803668202119,0.065033874197327,0.06565788107898583,0.06628014771193416,0.06688569131162804,0.06748702588670251,0.06808521106849058,0.06863318281068354,0.06914591805807033,0.06963755650934388,0.0701204843097997,0.07059646538520271,0.07106684607118079,0.07153140707412302,0.07197768343384542,0.07241684399822541,0.07284955024805921,0.07327594822323548,0.07369594330950188
COD,Fifth,0.5569700193431212,0.5815649683539799,0.6073013135561266,0.6347649654928832,0.664498516816868,0.6968167288906529,0.7286425927327081,0.7631562572390971,0.8007115934620825,0.8416687456472156,0.8864046390821512,0.932906158397235,0.9844071255897192,1.0412446857465758,1.1034514105403983,1.1717524903996355,1.2419891912155916,1.3187310041710265,1.4027155757459608,1.4945368839767739,1.5942604871129544,1.694607565278251,1.802934666933681,1.9198785736611867,2.0459982003427726,2.180898782455722,2.3145715112761254,2.4569453514648694,2.611908062569145,2.7847085172680623,2.970444073915055,3.160285734675293,3.3620386281808754,3.576600736770574,3.8045377362177106,4.046334127513205,4.290972604239411,4.5491811594272455,4.822291650377499,5.110957415789226,5.416622698754345,5.713677797352987,6.019568388587449,6.339854239089452,6.675091410169694,7.034561786808533,7.4025924441124955,7.790698784435601,8.195829213721693,8.618779665828244,9.056382481240066,9.48761702281527,9.936240556863941,10.402871182432735,10.888703337269293,11.394671179124007,11.898881326142261,12.420652602123628,12.960311952401504,13.518805961366088,14.098338692690211,14.675235081745967,15.27157578819389,15.889016893130782,16.528290201546387,17.19051652341099,17.848827496537158,18.525904362376227,19.22252584835906,19.925669089202216,20.63801986747321,21.337742223152645,22.052091428217622,22.78459202660323,23.539085921124265,24.314842816458903,25.07836006457741,25.85758299667087,26.65249925750944,27.462979833854725,28.287914341165493,0.03155582260714868,0.031944513393524776,0.032336620809519434,0.03274455794080838,0.0331725973958344,0.033622320432948084,0.03405260539504655,0.03449593030317649,0.0349618174275167,0.035451159536934486,0.03596386292686399,0.03657168175834649,0.03724943679212819,0.03798885210973361,0.03875939592235396,0.039562111636557776,0.04035806341439839,0.04117556985090475,0.04202235996871462,0.042897318721737555,0.04376685243008978,0.04451674874911224,0.04527756501293622,0.046056243435752986,0.046851667954833566,0.04763344945801294,0.04826834039367521,0.04890474097859981,0.04963298432228884,0.05054976430353929,0.051477494250652865,0.0523838065162106,0.05329133701742089,0.054203378174243526,0.05511876370156331,0.056036212350386416,0.056926916466201696,0.05781458719384969,0.05870282092149723,0.05959084357415225,0.060478984567095904,0.0611860380578117,0.06182188149414448,0.06245471560630464,0.06308434691939814,0.06379647693912739,0.06456466672996422,0.06536779089947355,0.06615995166544686,0.06693374831676346,0.0676558137359385,0.06829626587899137,0.06893032595533508,0.0695599760564717,0.07018548279154682,0.0708069193913215,0.0714066678575748,0.07199978983363646,0.07258741341481745,0.07316978743082271,0.07374772060607027,0.07430615042667581,0.0748585149046392,0.0754063806089612,0.07594970493857843,0.07648857269297152,0.07701001006005691,0.07752501715788965,0.07803452010412329,0.07849921068834491,0.07893217680183859,0.07934531501483226,0.07974928784137669,0.08014565048295132,0.08053558836621383,0.08091896667154035,0.08128553195353073,0.08164466319291133,0.08199695396341762,0.0823425778243933,0.08268150848753753
COD,Sixth,0.7052329234442968,0.7365417628099571,0.7693582497564858,0.8043687975905034,0.8422252548320015,0.8833221657912683,0.9237733570738996,0.9676341455619769,1.015334734160965,1.067333345911391,1.124086901336555,1.1826441211176435,1.2472776762482132,1.3184218508295757,1.3962289279071216,1.4815728998905884,1.5691837557164923,1.664832822340913,1.7693736773701478,1.8835220927805159,2.00752956557437,2.13280872108112,2.2679936500362303,2.4138131461971093,2.5709487595870724,2.7391587865033444,2.906892303505168,3.0855701821803425,3.2790454748939357,3.492503372583878,3.721545407675743,3.955122002478048,4.2030224054732095,4.466247560647547,4.745456355655382,5.041214565918861,5.339773036913404,5.65439955964431,5.9865644656266666,6.337011172070761,6.707378221524632,7.06995730976618,7.444665955818851,7.836698972354023,8.246725164712297,8.68331759092703,9.126761411513458,9.592216392649114,10.077306563141876,10.58318156110765,11.107399739945839,11.62503161758836,12.162748897713602,12.721173177490806,13.301639365878142,13.905185692500156,14.505105457292728,15.124950844780363,15.765005025971119,16.4263095384381,17.111354353309903,17.791327332373378,18.492906052851428,19.217836443479246,19.966895853302557,20.741290751180262,21.508602953607735,22.296245186653284,23.104965603812325,23.92387330174477,24.755196756709843,25.570149278894693,26.40132887026104,27.252622860849886,28.12830084364355,29.027560617801193,29.910691054080303,30.811005488083616,31.728438614544864,32.66284393033593,33.61298434715398,0.046857172020551965,0.0473167596694513,0.0477787446124724,0.048257938801006844,0.04875914363577453,0.04928394619607286,0.049784228036358354,0.05029759219208235,0.05083515994189472,0.051397641205622104,0.051984594061062483,0.05268103847100067,0.05345469186435603,0.054294654747172204,0.05516453921504277,0.05606485774525582,0.056951996607604034,0.05785688566127767,0.05878775496217592,0.05974275288460547,0.060684113737649176,0.06148785552019459,0.062297954990126185,0.06312178304771737,0.06395781596980214,0.06477320731364505,0.06542755214980889,0.06607964460466172,0.06682468599892932,0.06776203180883343,0.06870300755181694,0.06961525002881444,0.07052135810303839,0.07142462841671963,0.07232378041654901,0.07321745041563717,0.07407821769177292,0.07492885864555426,0.07577287444005881,0.0766094638222253,0.07743885253347116,0.07808998610387957,0.07866925499065985,0.07924193902237395,0.07980788522036907,0.08044648212633043,0.08113276703898059,0.08184524244008261,0.08254153130771502,0.08321513480245418,0.08383677334460977,0.08438215284347621,0.08491776248216547,0.08544539991583816,0.0859653018994788,0.08647754335308527,0.08696810986349582,0.08744921758271458,0.08792188737320628,0.08838635472470388,0.08884326909054867,0.08928119739790967,0.08971054702397156,0.09013260502948849,0.09054735418448787,0.09095487081905268,0.091345813084404,0.0917283033465771,0.09210310501492641,0.09244050763714826,0.09275117714369309,0.09304517075389354,0.09333003312683386,0.09360695962658994,0.09387684270039154,0.09413967661067506,0.09438884930512884,0.09463070060757262,0.09486574185736338,0.0950941775991986,0.09531608478770588
COD,Seventh,0.8589899903557461,0.8972915840149441,0.93748934219192,0.9803613086557228,1.0266681908418602,1.076886124715912,1.1262939086979713,1.1798631079117277,1.2380916081516242,1.301538944511678,1.3707385260544411,1.441589807997039,1.519519802092652,1.6050626218115733,1.6985388320478763,1.800963555466043,1.9059200742925042,2.0204189294338586,2.145401238130343,2.281693238311222,2.429814050354089,2.5800852364679616,2.742169353288861,2.9168543462759584,3.1049350370008817,3.306427391549448,3.5086524571118027,3.7241006981120734,3.9561550261774046,4.209353494556102,4.4805776717454915,4.75652873206048,5.048997256174892,5.359038528319023,5.687379096701725,6.034640002523197,6.384333456097153,6.752246863301876,7.139924979284914,7.548167717240086,7.978762955249503,8.403650872314246,8.844436264902583,9.305224099383365,9.786779536223776,10.295748313604948,10.80830259291365,11.343585511344099,11.900511794864192,12.48068458147223,13.082998133997545,13.679109425749452,14.297424955729811,14.938496564058651,15.603754213668532,16.29429605135315,16.978839030598678,17.684949108317127,18.41279923417023,19.163479559215894,19.93970086421926,20.70783672317319,21.498848994304552,22.314477381831,23.1554984346982,24.023149485840044,24.879895086976063,25.757499455918673,26.65660037509419,27.570268258422544,28.49983052020083,29.409090088167932,30.335482920080647,31.283169254017537,32.256759929420326,33.25537386376759,34.23381982741877,35.23017180329717,36.244270136138084,37.275934501253744,38.323801368332575,0.06523944471590368,0.06574365712574468,0.06624879380856442,0.06677078068924364,0.06731462192972805,0.06788176756557844,0.06842029406242596,0.0689708654397889,0.06954500289678367,0.07014315338312656,0.07076451573510882,0.07149608791591927,0.07230345680347944,0.07317399164620877,0.07406939070514731,0.07498951912723648,0.07588942956484104,0.07680067668689237,0.07773089560204627,0.07867758862908585,0.07960359013881356,0.08038957383967964,0.08117619700849409,0.08197020575586263,0.0827697827565163,0.08354400402400286,0.08416296512541539,0.0847759886532942,0.08546984546795845,0.08633218427186239,0.08718935985550792,0.0880118875269434,0.08882066729311167,0.08961853357609319,0.09040426377132846,0.0911765996949185,0.09191198875698275,0.09263053062082317,0.09333516312101525,0.09402519071088516,0.09470078146916783,0.09522704869003308,0.09569174944469826,0.09614677585145842,0.0965920500525714,0.09708750814956016,0.09761190357438612,0.09814825014290912,0.0986648650641884,0.09915740358805926,0.099605874824662,0.09999450235884147,0.10037097488707358,0.10073659871189981,0.10109158439609102,0.10143602568952242,0.10176061028839518,0.10207386957975549,0.10237652837639846,0.10266880740228147,0.10295117600920131,0.10321667250046783,0.10347201427088686,0.1037180122121727,0.10395469704690831,0.10418215205955708,0.10439524446430433,0.10459877662081996,0.10479321937380345,0.10496432789479258,0.10511833517417037,0.10526041769710949,0.10539464111125345,0.10552172921762482,0.10564222174545433,0.1057562220918668,0.10586101896647603,0.10595961736563905,0.10605234677951653,0.10613940869842946,0.10622095010810884
COD,Eighth,1.1279176278721472,1.178476425458645,1.2316221094605475,1.2882853346720071,1.3494106702283941,1.4156164810525127,1.4807215721601592,1.551303078096783,1.627978159181884,1.7114842507992827,1.802476666032751,1.8948451981080427,1.9960379006338778,2.1067676428322466,2.2276571792394417,2.3599652302321625,2.4952678596902205,2.6427438075365495,2.803485898778049,2.9785152834521167,3.168821916013903,3.3628234774045276,3.571976658704969,3.797174409054171,4.039412898497455,4.299164519444472,4.561776870759851,4.841604869424192,5.141203194518153,5.463976839941155,5.809052780862544,6.159209550231916,6.529748596489835,6.921826042205457,7.33629790259995,7.7738964548197025,8.213348041157138,8.674847000488047,9.160074453339531,9.669945767456282,10.206515783206132,10.7408757604467,11.297671102784122,11.879198319795602,12.48639934282551,13.122737603499246,13.75724386871752,14.416017278324562,15.100131926868508,15.811957676399393,16.552588936513267,17.28759169143324,18.04866478619481,18.836272866664512,19.65202913845739,20.497158264248856,21.332339358186655,22.192219415062446,23.076823074477527,23.987351030985156,24.926920832465278,25.853411896583665,26.805359948066897,27.784537459256054,28.791757492990225,29.82834905836233,30.847739920589046,31.88944600250046,32.95397268894528,34.04054706912643,35.14909191727067,36.2307196161225,37.331465086002176,38.45597007867129,39.60944123599342,40.79089816442485,41.94536214839627,43.11944620832639,44.31287008714028,45.52542315853652,46.75555587455697,0.10312214384467419,0.10362091414954497,0.10411721564782266,0.10462731383647354,0.10515567289729887,0.10570318369544711,0.10621938254812437,0.10674281588304328,0.10728487715856778,0.10784536221608189,0.108422868388568,0.10910647462592625,0.10985571040927893,0.11065577628761783,0.1114676382278939,0.11228995565191262,0.11308297599303202,0.1138731107921322,0.11466660496540836,0.11546022152888905,0.11622039875248519,0.11684807879878364,0.1174652771957732,0.11807747728410925,0.11868267871329259,0.11925546657011166,0.11969610351088322,0.12012458432661134,0.1206079918997683,0.12120891092912048,0.12179030871031196,0.12233341838769247,0.12285174218698632,0.12334730100949011,0.12381922122857501,0.12426669319041984,0.12467762020992358,0.12506309629291493,0.12542496015033874,0.1257628494606643,0.12607679469631797,0.12630095997371713,0.1264846722983194,0.12665536330415184,0.12681310853735586,0.1269836887042852,0.12715648710221655,0.12731998004199863,0.12746101928977036,0.12757869976067673,0.12766841074133384,0.12773102414931564,0.12777979850381033,0.1278152369555186,0.12783745598379548,0.12784655584868912,0.12784351366163113,0.1278283360776183,0.12780129961329792,0.12776254092789402,0.12771208871294662,0.12765236088956008,0.12758193484559074,0.1275008093618152,0.12740907467843043,0.12730679188831653,0.12719745139592134,0.12707876308102592,0.12695072778973304,0.12682248673473998,0.12669332898615884,0.12656281825854093,0.12642779846753846,0.12628806649713686,0.12614342228510214,0.12599417006855268,0.12584519262765467,0.1256928587164546,0.1255372144417576,0.1253784358893086,0.12521679280707154
COD,Ninth,1.4481836266875705,1.513417588359599,1.5820815005800546,1.6552530473098193,1.7340857114162715,1.8193638114383524,1.9031801186887525,1.994049071977031,2.092693551983303,2.200061011068185,2.316930987300126,2.4342628604524426,2.5621473109616613,2.701508222948077,2.8534632741762405,3.019524240582255,3.1888982085503472,3.3733253534632666,3.573982271926831,3.7920769273890347,4.029385356341754,4.272846455490009,4.535168104352861,4.817259780988324,5.12031706018608,5.445644461530293,5.777624521143178,6.13142692006092,6.507351020310207,6.905767039910475,7.330706996357646,7.760441452651186,8.214284752788107,8.693367376823307,9.198620453669424,9.730827393675892,10.263305755101214,10.821173250475173,11.406090757918596,12.019014188063762,12.662186077785528,13.310741811595973,13.990474386948662,14.699562882293773,15.439102141425987,16.205520485714835,16.959634396329996,17.736385200492126,18.5410411752227,19.377134041983645,20.249926853292376,21.119467930900694,22.01790304440041,22.945400180411276,23.903669000026518,24.89396611532582,25.868585692441293,26.86954974956059,27.896543912951355,28.95078353471325,30.03569013010075,31.100488403167013,32.191404100850164,33.31001602857433,34.45707231163654,35.6338807507699,36.78488819198356,37.95731311660446,39.15132708322491,40.37770095295059,41.63360993863207,42.85481425497584,44.09568955321762,45.361213043720376,46.65707534723823,47.982157922998915,49.27238640849337,50.58237266756067,51.911600335594215,53.25978551492192,54.62516688626589,0.1570856818609975,0.15743431140020708,0.15777627689634496,0.15812139125189079,0.15847205849882304,0.15882811432105237,0.1591572938505656,0.15948520188074852,0.15981719190348348,0.16015226923781645,0.16048865838409293,0.1608628113768517,0.16125439092850546,0.1616522101678444,0.16203624407787418,0.16240392947030785,0.16273613378402,0.16304528010873692,0.16333160036403171,0.16359194949861308,0.16381710036237448,0.1639881890810424,0.1641365575422484,0.16426205498641086,0.16436313294334345,0.16443764495616278,0.16448579955727358,0.16451762179060403,0.1645281348062555,0.16450035139467836,0.16443767658031797,0.16434263329909068,0.164214993829702,0.16405410068358728,0.16385999699096418,0.16363288692467517,0.16338068812600098,0.16309918220826505,0.16278732240745436,0.1624454384465351,0.1620734890919157,0.1617633201001329,0.1614725163457261,0.16116790268646844,0.16084977506437093,0.16046578322002852,0.16002403808567675,0.1595354573001654,0.15902920917941085,0.15851172657567983,0.15801025356183518,0.15755100488093687,0.15708026759374985,0.15659668647256475,0.15610025343080625,0.15559106754247715,0.15508374608309886,0.15456711200717438,0.15404036123854567,0.15350350050639,0.15295600380513144,0.15241221864373694,0.1518604940919223,0.15129939014248367,0.15072908143715233,0.15014960854568313,0.14957484933549936,0.14899400076558147,0.1484061822072818,0.14786115791119636,0.14734518321826706,0.14684329781746702,0.14634393931724451,0.14584559853190762,0.14534713673079946,0.1448489662969818,0.14436446542037312,0.14388235186814322,0.14340208861149514,0.1429237138033034,0.1424475181599921
COD,Tenth,3.0318676956622457,3.170047102367645,3.315955629845969,3.4712599526022276,3.638074968256396,3.817994168172663,3.9946088514711415,4.186094793118058,4.3936179847486905,4.61916543008075,4.863894686132252,5.10318962889881,5.36071970529476,5.6384991717739545,5.940479670978973,6.269327699260569,6.602593015528621,6.964646723534114,7.356870515822807,7.781329263484685,8.244194722351862,8.726737125495086,9.24596747044268,9.802668469027017,10.398978774196546,11.040937327863546,11.710891322314195,12.425180295381294,13.170413765050084,13.928749223472792,14.732972011975232,15.539551349903872,16.38739598672604,17.2773212139049,18.210618142911713,19.18833982875316,20.157737343504888,21.167683040399414,22.21953353690715,23.31447735254551,24.455588727734256,25.64397833473713,26.907689004492944,28.222338297880675,29.589755645343864,30.968414608241925,32.279892949031314,33.60357190732662,34.96706940334465,36.37980968789676,37.8685294178872,39.36754718355768,40.908431104639284,42.48996842733639,44.11435905939712,45.78309585468617,47.40881702805173,49.06875551368987,50.76113088933535,52.48735476097416,54.25234079776495,55.96438304962188,57.70629206052334,59.478835882634584,61.28269707051444,63.119304890932966,64.89084113572582,66.68141200622908,68.48990558381597,70.3813204633239,72.33956271131707,74.22793295629606,76.14032821575843,78.08317990519207,80.06431769073126,82.08225166231021,84.02988235828711,86.00001409055675,87.991246031998,90.00314390764508,92.03321641421026,0.5470239458908616,0.5439785844378263,0.5409225469441402,0.537759067426877,0.5344569502439395,0.5310063204372469,0.5277228803590048,0.5243586604692447,0.520842315336649,0.5171697016325997,0.513344199219793,0.5088274259508173,0.5038246202671142,0.49840781491096114,0.49280995054930393,0.4870278741029305,0.4813421016002042,0.475551448662295,0.4696035910938553,0.4635098332623523,0.4575064245644604,0.45237401506525304,0.4472030063302543,0.4419466364735547,0.43661378389191774,0.4314091633103615,0.42721504476650524,0.4230329678787604,0.41826677332130174,0.4122933033354933,0.40629116626221823,0.40046701535145546,0.39467345843873486,0.38888832358856723,0.38311817606171766,0.3773701171769966,0.3718214403586451,0.36632236851734945,0.36084923543046643,0.355405709010273,0.34998866184273664,0.34569970627039875,0.34185890960485915,0.3380484012017307,0.33426875390768884,0.33000361498367614,0.3254148499401349,0.3206327105681638,0.3159318934034264,0.31135486809051416,0.30709725588546594,0.30333136625561585,0.29961101636501886,0.2959238461697062,0.2922676988162008,0.2886415460417521,0.28514713000268477,0.2816961445275442,0.27828141326163647,0.2749009519105313,0.2715495549857646,0.2683137456261127,0.26511529598091116,0.2619446247594498,0.25880153174890996,0.25568506561217186,0.25266961566232654,0.24969131230759636,0.2467443715630841,0.24405649427866477,0.24155156322601085,0.23916010909908614,0.2368204090161323,0.23452329384277779,0.23226173410285098,0.23003635375366244,0.22790650550904412,0.2258177674030789,0.22376659019331074,0.22175187833717003,0.21977370708981145
DEU,First,14.458982494736171,14.603467565132744,14.736222795535248,14.860949855404433,14.979326436415544,15.092001122841303,15.204853654627149,15.312432226199242,15.415353891120002,15.513980821281793,15.603004547742644,15.69922124346378,15.79219920667286,15.885099316165034,15.974324423293762,16.06058576386995,16.15160584382652,16.241445914448303,16.329905361151344,16.417246969899406,16.50403022728018,16.596311342256303,16.688982469558173,16.781101034739557,16.872893263759185,16.96435534181545,17.06404715261823,17.165138423174632,17.267372490954244,17.371414763520583,17.477571494935365,17.59063655421047,17.705512129991977,17.822167689323482,17.940561362933895,18.060566835028634,18.18783104114456,18.317239882002177,18.44961597092093,18.58488713907034,18.723494815632975,18.869537510484623,19.018252877187273,19.170630893275472,19.32661976600457,19.486264288911386,19.653463716909787,19.823482876026496,19.99789157992193,20.177179146052644,20.361647919023778,20.557341702929257,20.75706880145861,20.96193606491905,21.172060030888897,21.387489477232215,21.615626016460983,21.847730580905143,22.085202838148536,22.328097851501205,22.57667115092415,22.838028880493276,23.104182323918522,23.37713042191738,23.656764112270704,23.94308350447899,24.242260763258397,24.54608099052801,24.85674777597219,25.174086488185488,25.49787796371367,25.835071181967205,26.17731176340148,26.527716411961247,26.886917983650438,27.254522289066013,27.639148165668804,28.03007879565489,28.42938479465822,28.836868725491193,29.25215849054348,0.0459829435042608,0.045799358147447414,0.04561514750550407,0.045435355489189366,0.04526036964900908,0.045090517595542605,0.044926002069181036,0.04476620626445853,0.044612168916207416,0.04446387803194368,0.04432135690351288,0.04418449035237277,0.044052450400512706,0.043931695447918306,0.043813827500173305,0.043698774519222064,0.0435866525025481,0.043478517835165424,0.043373230181087415,0.04327067458520012,0.04317079701116407,0.0430738443009433,0.042981579785821115,0.04289195120508722,0.04280478135449831,0.04272005562781801,0.0426379938415379,0.042559840455647605,0.04248407308849442,0.0424105318477942,0.0423391873102212,0.04227009849293246,0.042203462880875155,0.04213883559102554,0.04207613490720066,0.042015263151421345,0.04195594595767677,0.04189750331866181,0.0418407144249639,0.041785493679541576,0.04173181401121522,0.04167900110220197,0.04162574413610556,0.041573874459651904,0.041523268167636934,0.04147388295015853,0.04142505487578687,0.04137554535850833,0.04132708775319613,0.04127962557415724,0.04123315963190702,0.04118685390971464,0.04113937208875184,0.04109274226924083,0.04104686587740694,0.041001745308171134,0.040956332133313456,0.040909138775948824,0.04086253166853593,0.0408164825711436,0.04077092122109043,0.04072467627360778,0.04067623047397594,0.04062819226731771,0.04058046862790963,0.04053297593370873,0.04048426013900092,0.04043271553416058,0.04038132674466749,0.04033000535565843,0.040278747592033544,0.04022568318981979,0.0401695364715017,0.040113340655476414,0.040057005997963295,0.040000505227224245,0.03994192868741369,0.03988048754299592,0.03981876376485423,0.039756699743967915,0.03969426119088879
DEU,Second,21.00684232343091,21.248570019638333,21.474377928111746,21.688476445197363,21.892958475019192,22.088638307544358,22.284069301326944,22.471384696347467,22.651302667127425,22.8243169572812,22.98303890608543,23.151251827000845,23.314142347149676,23.475151902635787,23.630578651448513,23.781370947520553,23.938856251222642,24.094007939988686,24.24672892030076,24.397424371779515,24.54687577805247,24.70425748695641,24.861490196521718,25.017619663177637,25.173012052659523,25.327708518128688,25.494415933470545,25.66260973892654,25.83216132651648,26.003985685860854,26.178520207221112,26.36320805985305,26.5502849147173,26.73979638823292,26.931737184667575,27.125992042225967,27.331109219543674,27.53945721750866,27.75203655300435,27.96880040868236,28.190345815432938,28.422983645439945,28.659931202729602,28.90228220632142,29.15001296412429,29.403211432261187,29.668001040274028,29.93756181705325,30.213727509934266,30.497153954267105,30.78825483846971,31.096408857209745,31.411183399829103,31.733778814446172,32.06437704242112,32.403060882242556,32.761366418075504,33.12651907600822,33.50004064555021,33.882023307705055,34.27282213523885,34.683515924443796,35.102441558604845,35.53184502050866,35.97162160917445,36.42180635495104,36.89227494009531,37.37118724937913,37.860986316427045,38.361481748714894,38.872414868310756,39.40498712085255,39.94691844400493,40.5017994412035,41.07048964990136,41.65252124227824,42.26187642324897,42.88260374176192,43.5170003301119,44.16485857722598,44.825739115028185,0.06298482930750286,0.06281036563522795,0.06263499895826417,0.06246353670242439,0.0622963739293264,0.062133844567903114,0.0619761664965396,0.06182277069347911,0.06167467749196659,0.0615318991190203,0.061394480280878835,0.06126233425287143,0.06113468041717924,0.061017790797112996,0.06090356378759275,0.06079193468724211,0.06068302900480793,0.06057788191267588,0.060475395334829304,0.0603754659748322,0.06027804680758636,0.06018338886337959,0.06009322347828989,0.060005555358150206,0.059920216832311676,0.05983719902026195,0.059756724953344824,0.05968002324315151,0.05960560507049697,0.0595333199580095,0.05946314216560593,0.05939513631235681,0.05932950076716929,0.05926580024963631,0.05920396007344568,0.05914388555445565,0.05908531012052012,0.059027564849870914,0.05897141970589275,0.05891679565161049,0.05886366495627439,0.05881136430960594,0.058758596322031315,0.05870717530066762,0.05865698133337669,0.058607973076396605,0.05855949320372384,0.05851031234445348,0.05846215252142807,0.058414957820077294,0.058368733353578076,0.05832264619539778,0.05827536539481476,0.05822891118532762,0.05818318601292413,0.05813819273130431,0.05809288751037197,0.058045782902955034,0.05799924215630697,0.05795323688624051,0.05790769701606852,0.05786145141933995,0.057812982768472944,0.05776489815039012,0.0577171041058089,0.05766951766136668,0.05762068339341587,0.057568984534056004,0.05751741575843949,0.05746588708678259,0.05741439504065939,0.05736105930154476,0.05730459408084623,0.05724804693428225,0.0571913267636907,0.057134405294105656,0.05707535823504401,0.05701338490566312,0.05695108576042565,0.0568884042789417,0.05682530399468315
DEU,Third,23.704806147902023,23.99774186126874,24.273392614542452,24.535837528772277,24.787278650408687,25.028553273935536,25.269304545041244,25.50067335127497,25.72333209817804,25.93780937922093,26.135839985848694,26.344112788262308,26.546015696695278,26.74465299056163,26.936835275244547,27.12360421746174,27.317828315999968,27.509062941643602,27.697327405236557,27.883090199685064,28.06722391359363,28.26026114324016,28.45267827977199,28.643661782008806,28.833647044078273,29.022695046062434,29.2253239213646,29.429275365160844,29.634586377891022,29.84228538440715,30.052867442409053,30.274966771076173,30.49960640240438,30.726899452786352,30.95686136774544,31.189392638471542,31.434362390720644,31.68306216913832,31.936503430301745,32.19465886322681,32.45819349087654,32.73447147687836,33.01591944348838,33.30352175580128,33.597278555607765,33.897301257897794,34.21078648026188,34.53008576220304,34.856990496975286,35.19223264774652,35.53627164051526,35.90008990939733,36.27191651754933,36.65280542042846,37.04297760034882,37.442532421613855,37.865007502074185,38.2959450960274,38.73668742450593,39.18734928201529,39.648336645608424,40.132682179040536,40.62720715858719,41.1339934105665,41.65295422804571,42.18415380115267,42.73935112574807,43.30524067951068,43.88404059229031,44.47557070668494,45.07956372432693,45.70943142433962,46.35124963682347,47.00845508082998,47.68202355656718,48.37147149600133,49.09355504939126,49.83001678760133,50.58293257662806,51.35210928976526,52.13709892315959,0.06973441608044877,0.06958980795529192,0.06944428214140921,0.0693018316562269,0.06916279441726352,0.06902746233395092,0.0688960282484732,0.0687680310893594,0.06864433286929787,0.06852495798898345,0.06840995613626705,0.06829926725443758,0.06819224689984944,0.06809417196332594,0.06799825589854659,0.06790444979168342,0.06781286503291035,0.06772437714172358,0.06763806783995185,0.06755385582273941,0.06747170416979047,0.06739182923422504,0.06731569857226445,0.0672416318858242,0.06716949066907565,0.06709927249703034,0.06703116864610288,0.06696622273868773,0.06690317761836741,0.06684190911840947,0.06678239971125423,0.06672470450271928,0.06666899471809222,0.06661490460251926,0.06656237063759235,0.06651131730163308,0.06646151725474947,0.06641240391094749,0.06636463216621412,0.06631813812411812,0.06627289913031255,0.0662283507611203,0.06618338839499453,0.06613955849495061,0.06609675980818834,0.06605495766453727,0.0660135928373152,0.06597161600532885,0.06593049766549638,0.06589019104185538,0.06585069900635564,0.06581131285734429,0.06577089348857858,0.06573116848171158,0.06569205475563963,0.06565355483745719,0.0656147759162249,0.06557444542332104,0.06553458453637111,0.06549517039266066,0.06545614185737118,0.06541649697224547,0.06537493336827695,0.06533368477713371,0.06529267216990431,0.06525182486571142,0.0652098929541753,0.06516548568123841,0.06512117533798568,0.06507688366066171,0.06503260818973847,0.06498673086703666,0.0649381442085727,0.0648894681255156,0.06484062430876404,0.0647915883955025,0.06474070112175859,0.06468727032976133,0.06463353638234969,0.06457944879474108,0.0645249763051907
DEU,Fourth,27.849880479295646,28.213092020463154,28.556717543246773,28.884874423070794,29.199961170927693,29.50288119068403,29.804961251399074,30.095816419233635,30.376115481174967,30.646452342750532,30.89728349714647,31.159633176177977,31.414167141034174,31.66379559284479,31.905718930623117,32.141118364722246,32.38518023317829,32.625384190229134,32.86187511622396,33.095213566150484,33.326409467722655,33.56805051508501,33.80853304540726,34.04716158597129,34.284469679473176,34.52055003753197,34.77262691511022,35.02592127015538,35.28064294678606,35.53797635761226,35.79849949663391,36.072635088537965,36.34961044718376,36.62961656326163,36.91270070660524,37.19878239016315,37.49967360803446,37.8050319770022,38.11592384360314,38.43234675337669,38.755062869146116,39.09295496118612,39.43721425228251,39.78876275819403,40.14762911533209,40.513959449646975,40.896495357684216,41.28630157513369,41.68519320375766,42.09400763843768,42.51327116276369,42.95627128686213,43.40919901900549,43.873006394643554,44.3479645265431,44.83419827404693,45.3481179768233,45.87270419555155,46.40917866106369,46.95768371571916,47.518694926273334,48.1080258114513,48.71017792089385,49.32715123227414,49.95887836585408,50.6054576113959,51.28130335928016,51.97086367925277,52.676215266324576,53.39718670530486,54.13349868071135,54.90165318627646,55.68522569674666,56.48762702675347,57.30998167994679,58.15178329044117,59.03368445305789,59.93400456291029,60.85467827312575,61.79552938964419,62.756091916128426,0.07987663329150563,0.07975536174007558,0.07963316990295727,0.07951341367990251,0.07939638726364856,0.0792823479639898,0.07917146906973258,0.0790633715648389,0.07895879403703003,0.07885776797969403,0.07876034728203453,0.07866649219894956,0.0785756651806007,0.0784923583410625,0.07841081924028315,0.07833101162042393,0.07825303396118045,0.078177635947042,0.07810404143480791,0.07803218372454422,0.0779620372543107,0.0778937886926763,0.07782869679831952,0.07776533041908297,0.07770357493100018,0.077643429956211,0.07758506282761868,0.07752937119897987,0.07747528227345832,0.07742269013549748,0.07737158198955194,0.07732200857501564,0.07727411917862019,0.07722760112358681,0.0771824017088054,0.07713845692428929,0.0770955739715182,0.07705326535146949,0.0770120963391152,0.07697201227730321,0.07693299574923183,0.07689456160650619,0.07685575490157935,0.07681791332790083,0.07678094782062209,0.07674483151865681,0.07670907997902279,0.07667278853678826,0.07663722589736205,0.07660235471435037,0.07656817751670351,0.07653407929771208,0.07649907708814327,0.07646466468463087,0.07643077045902515,0.07639739839377806,0.07636377385031876,0.07632879161103776,0.07629420670881781,0.07625999745351113,0.0762261129922185,0.07619168289248178,0.0761555733693319,0.076119725687434,0.07608407210634473,0.0760485502084661,0.07601207243670863,0.0759734290864474,0.07593485590964873,0.07589628422221309,0.07585771346221853,0.07581773354813605,0.0757753747585675,0.07573292306426173,0.07569030717896116,0.07564750768998772,0.07560307451526051,0.07555640145649585,0.07550944250369637,0.07546215449416976,0.07541450883687306
DEU,Fifth,30.993449999649002,31.416582485478298,31.818618603951307,32.203502342831364,32.57374504888803,32.93026997873255,33.28567390870635,33.62841465385715,33.95910544957846,34.278376652767946,34.5757034294817,34.885408892398296,35.186100169992066,35.48026071681861,35.76572599161791,36.04377994256336,36.33139904921836,36.61440058349657,36.89306816614954,37.16803527697343,37.440413637913274,37.72439673493547,38.00666482046851,38.286702877829576,38.56512453014873,38.84204809370145,39.13681112602141,39.432592184990675,39.729801952878,40.02974971474894,40.333078683779675,40.651628409879386,40.97319376533196,41.298047022079395,41.626263690522286,41.957784030516265,42.30597073520853,42.659217985206496,43.01859594864311,43.384125596390604,43.75664421354981,44.14627441623225,44.543301116607545,44.94849957844629,45.36192881415824,45.78376499813359,46.22401947398067,46.672802095312214,47.13184993096522,47.602082395543015,48.08407953953394,48.59302047724485,49.11354984340492,49.64642557608709,50.19196388928181,50.7503105226684,51.34024252013756,51.94278992906407,52.55893286584681,53.18884126752292,53.83304822852845,54.5096761388459,55.20147523283243,55.91020791961928,56.635831066518456,57.37847956290809,58.15480995167326,58.947590514936195,59.75857899111454,60.58762443351377,61.434440681647565,62.318167565728125,63.220476713352696,64.14452576733956,65.09157073789855,66.0610939699684,67.07706917720712,68.11512941226526,69.17689635583145,70.26222047194382,71.37063537576898,0.08741006877218324,0.08732098947408859,0.08723107851997533,0.087142809201073,0.08705640949501488,0.08697207777163721,0.08688995538131994,0.08680977078127336,0.08673208396808166,0.08665692998846762,0.08658435949935205,0.08651435311028907,0.08644652043794884,0.08638423205972601,0.08632319651197731,0.08626339336443226,0.08620489878424036,0.08614828246549258,0.08609296496255765,0.08603890115287575,0.0859860741539838,0.08593463092335284,0.08588552336732294,0.08583767779739433,0.08579100939545672,0.08574552311502757,0.08570134658056915,0.08565916364864383,0.08561816583102272,0.08557827437135858,0.08553948421848326,0.08550183302033268,0.08546543809041648,0.08543006429311155,0.08539567280715969,0.0853622174901457,0.08532955230697213,0.08529730541429158,0.0852659121620347,0.0852353302602313,0.08520554788534153,0.08517619489192685,0.08514654343013459,0.08511761554861741,0.08508934300959865,0.08506170860091922,0.08503434042143272,0.08500654638701843,0.08497929829444699,0.08495256723234712,0.08492635803385899,0.0849001984580214,0.08487333240490785,0.08484690835612653,0.08482087069737315,0.08479522396774654,0.08476937229614533,0.0847424656391941,0.08471585232755784,0.08468951759148016,0.08466342141171115,0.08463689320091729,0.08460906046321623,0.08458141677587933,0.08455391033925115,0.08452649361298058,0.08449832632258836,0.08446847360849218,0.08443866012433877,0.08440883499619856,0.08437899596074777,0.08434805171684014,0.08431525031969764,0.08428235914224148,0.08424932488327057,0.08421612995395998,0.08418165080040337,0.08414541269677386,0.08410893190096283,0.08407217515497545,0.08403511956281225
DEU,Sixth,35.647670576070794,36.155534054904194,36.639973806493984,37.10478676411448,37.552660289158105,37.98456435809845,38.414978115152756,38.83064928887263,39.23213898688534,39.6201379016878,39.98271651786562,40.35899389187701,40.72456027610339,41.08142146436165,41.42816675801681,41.76622626595769,42.115204487891674,42.45850423442966,42.79659007579932,43.13020098511447,43.46059840321742,43.80434078291894,44.14563401134125,44.484181015247124,44.82071269989009,45.1553841041438,45.51062753565324,45.86666362207059,46.22415893639255,46.58459990492141,46.94871983025769,47.33044732957967,47.71548216451496,48.10420528242835,48.49673487765587,48.89304057416188,49.3087390771855,49.73036567537279,50.159007088981845,50.59472145836659,51.038452358256166,51.50211033493215,51.974629074089655,52.45661669417971,52.948176631761676,53.449524306813274,53.97250789893252,54.50581337119429,55.0511058257505,55.6094179824906,56.1814036521823,56.784971598809136,57.40248638970618,58.03447607838505,58.68132024373403,59.343193589470175,60.04228293683617,60.75674374747514,61.48727143866469,62.23407352308069,62.99776353654228,63.799777346380516,64.62027387190574,65.46074482294465,66.3211806468456,67.20176480150504,68.12236180492233,69.06325476988326,70.02582955578303,71.00995885827129,72.01535079035428,73.06490517850355,74.13748601576913,75.23597339616599,76.3617992960398,77.51443567206162,78.72259699624277,79.95800203162719,81.22190194583875,82.51418344599576,83.83437896148173,0.09834944474046245,0.09829680494888807,0.09824346911215347,0.0981909084811066,0.09813927240515426,0.09808869409020804,0.0980392708539327,0.09799085583343134,0.0979437992986736,0.09789813761787194,0.09785391848349093,0.0978111418086528,0.09776958299556422,0.09773132454388139,0.09769374820559187,0.09765684586984986,0.09762067092477285,0.0975855826038823,0.09755122749293076,0.09751758298075155,0.09748464510765853,0.09745250734890527,0.09742177457937526,0.09739177794270698,0.09736247131215721,0.09733385881929063,0.0973060267672295,0.09727941059749848,0.09725350369730966,0.09722826166413986,0.09720368109804693,0.09717979232174363,0.09715667049341677,0.09713416948286517,0.0971122679267382,0.0970909377216332,0.09707008722877315,0.0970494828599929,0.09702940094957423,0.09700981779605956,0.09699072801678991,0.09697189485595147,0.09695285159129344,0.09693425430852885,0.09691606193583738,0.09689826264452363,0.09688062061774748,0.0968626861063476,0.09684508974509663,0.09682781127838412,0.09681085513009306,0.0967939176966397,0.09677650773371914,0.09675936928836416,0.09674246739581302,0.09672580535290644,0.09670899617565644,0.09669148692516312,0.09667415297878805,0.09665698649098836,0.09663996197696793,0.09662264102674857,0.09660445281561876,0.0965863717410118,0.09656836565427937,0.09655040301856577,0.09653193287911405,0.09651233959012803,0.09649275417517635,0.09647314294083141,0.096453504589246,0.09643312056815607,0.09641149147627782,0.09638978141894382,0.09636795532746532,0.09634600195654894,0.09632317508970971,0.09629915869300489,0.0962749547795247,0.09625054192852145,0.09622590310106138
DEU,Seventh,39.352575123422824,39.93728503361987,40.497065645420115,41.035313206453836,41.554803449680264,42.056502994542534,42.556377621667224,43.03981160306242,43.507247334416036,43.95940326759571,44.38320510825681,44.821621923426676,45.247841429949446,45.6630821195506,46.067023941260146,46.461209739278246,46.86738300164753,47.26689440485002,47.66041837235905,48.048780575076584,48.433358747379316,48.83265818263566,49.2287125772112,49.6215334807313,50.01195141054453,50.4001523701143,50.81111921693981,51.22252847001607,51.6353540663413,52.05123153997538,52.47097088312067,52.91024662424092,53.3529908975951,53.79970189428987,54.250537418982525,54.70549825203617,55.182109879160876,55.66539277778942,56.156391846646784,56.65520059067192,57.162849131703865,57.69280349601117,58.23296429204907,58.78366162570616,59.345044809357184,59.91736650296485,60.514077675130636,61.12276974335906,61.74490146664216,62.38160604091614,63.03359794306969,63.721166512208015,64.42486977878109,65.14487233318238,65.88161607836595,66.63530200267782,67.43110725470308,68.24488929587913,69.07689742513257,69.92737278231961,70.79700455137784,71.71016183988613,72.64495389232714,73.60239856185265,74.58252554451258,75.58557227795818,76.63429594118065,77.7070428131153,78.8045834285244,79.92682584434718,81.07348207276424,82.27088171849597,83.49564688303823,84.75009102882903,86.03581011152328,87.35228016778206,88.73253302735364,90.14504447298212,91.59045830895995,93.06870941833809,94.57934922035385,0.1068975116011508,0.10689388109637875,0.10688981632382911,0.10688544015359358,0.10688078646346154,0.10687589634613119,0.10687080460905818,0.10686552266367631,0.10686011379331302,0.1068546100202804,0.1068490440961131,0.10684344236739074,0.1068377983140801,0.10683242843453024,0.10682699392461324,0.10682150484230869,0.1068159784711148,0.10681048219716618,0.10680497242501254,0.10679945590987516,0.10679393920392623,0.10678844838500598,0.10678309689594756,0.10677778128388934,0.1067724991282254,0.10676725954591408,0.10676208380225469,0.10675706344938012,0.10675210974364475,0.10674721954788281,0.10674239923479288,0.10673765828966837,0.10673301837401,0.10672845379268378,0.10672396532537946,0.10671955081391991,0.10671519512148954,0.10671085020240939,0.10670657832244519,0.10670237733392418,0.10669824788026039,0.10669414242982174,0.10668995833073923,0.10668584076385094,0.10668178319977624,0.10667778457821216,0.10667379344690735,0.1066697089898901,0.10666567335733312,0.10666168428204931,0.10665774498012452,0.10665378481322682,0.10664968918879697,0.10664563128550117,0.10664160455622716,0.10663761196848821,0.10663356027189916,0.10662931411042828,0.10662508581188973,0.10662087317052026,0.10661667175500016,0.10661237189637411,0.10660783043264856,0.10660328899511062,0.10659873961056374,0.10659417480091996,0.10658945394679148,0.10658441622901345,0.10657934975048107,0.10657424513670902,0.10656910367787566,0.10656373488300087,0.10655800208108826,0.10655221078950539,0.10654635210251562,0.10654042153404833,0.10653421601281084,0.10652764321929781,0.10652097529205495,0.10651420519285706,0.10650732632899826
DEU,Eighth,46.26243637347332,46.981649294446,47.67287958568741,48.33902261971635,48.98305304111904,49.605962287102365,50.22650226751966,50.827515366967056,51.409296433526,51.972631364985574,52.50239746029338,53.04858791769447,53.57996355379249,54.09663537640185,54.59988202930451,55.091451823839606,55.59702674666225,56.094243612117516,56.58410891308266,57.06760596108949,57.54632697857236,58.04237680342617,58.53389578176603,59.0213563349405,59.50576876848135,59.98737834277093,60.4958450544515,61.004256225343646,61.514067974740954,62.027176014048834,62.5445262747539,63.08500966849516,63.629329847215196,64.17817977606092,64.73178733395562,65.29021050267646,65.87443399786204,66.46667973413,67.06795293302204,67.67841168970965,68.29923981466742,68.94668922073656,69.60671017552166,70.27923468880928,70.96448938167377,71.6627943090364,72.39047569820252,73.13305705013545,73.89172554869678,74.66778283824323,75.46205109460958,76.29908695513132,77.15608575150343,78.03268493172573,78.92942963397364,79.84656654868652,80.81462332676605,81.80519433885867,82.8178724413061,83.85295986254783,84.91127065808467,86.0223979294542,87.16062910985626,88.32629559362216,89.51949414117847,90.74055067153701,92.0173425417544,93.32459542401503,94.66217951198028,96.03006222441098,97.42795765214173,98.8882398362484,100.38337141244898,101.91485920948138,103.48457058014733,105.09199118733075,106.77777775866667,108.50448726867448,110.2718671186809,112.07993342080962,113.92827012701433,0.12251566139473861,0.12258027469236156,0.1226448818011295,0.12270771696857975,0.12276865880198122,0.12282760737940711,0.12288450992731924,0.12293959284522854,0.12299251578554694,0.12304329884075825,0.1230919522416142,0.12313853035053147,0.12318333066814421,0.123224184544628,0.12326395190681985,0.123302664775114,0.1233402897437486,0.12337648147093856,0.12341162953709926,0.12344577896109847,0.12347895316523426,0.12351107692527848,0.123541574813197,0.12357113307168582,0.12359981450862834,0.12362762958942183,0.12365451154695818,0.1236800590796411,0.12370477647113555,0.12372871850836595,0.12375190022017145,0.12377430664842125,0.12379587634012171,0.12381675845097188,0.12383698167559366,0.12385658137085748,0.12387564742668483,0.12389440137950496,0.12391259453870303,0.12393025706328864,0.12394739889560413,0.12396423836282369,0.12398119287748252,0.12399767991323787,0.12401374085317908,0.12402939121797778,0.12404484235949446,0.12406048519728323,0.12407577392845004,0.12409072597519828,0.12410534325835697,0.12411988944150204,0.1241347831341285,0.12414938811104857,0.12416373637148115,0.12417782797426483,0.12419199111279303,0.12420668759536395,0.12422117973149033,0.1242354768658618,0.12424960153583174,0.12426391676580423,0.1242788902403576,0.12429371397568721,0.12430841766353933,0.12432302720584351,0.12433798877394471,0.12435379257031023,0.12436952070003575,0.12438520164519229,0.12440083512379753,0.12441699061082279,0.1244340523755815,0.12445109619067285,0.12446814793128867,0.12448521581381505,0.12450287472883123,0.12452135756653923,0.1245398843553384,0.12455847102958686,0.12457712818125759
DEU,Ninth,51.68466558546915,52.53305278181804,53.35198512796102,54.14325585742676,54.90987112016181,55.652737062835364,56.39275454048962,57.110768892642206,57.80675342074926,58.48149242386904,59.11817068126906,59.77240048368217,60.40945156657548,61.02750883081279,61.630369328655874,62.21993090394008,62.82508859196832,63.42022868785452,64.00678506701156,64.58586942849287,65.1592411150465,65.751975477003,66.33864444306533,66.92042420391383,67.4984897695595,68.07312690997901,68.67789293302347,69.28177962255911,69.8868926592644,70.49536131927854,71.10823980121347,71.7471566093925,72.39002106554238,73.03776111554845,73.69067403375335,74.34887832807702,75.03636957108002,75.73309460938438,76.439873820515,77.15693216333831,77.88558523354423,78.6446109848063,79.4185491970993,80.20663013484622,81.00917118522212,81.82655598963471,82.67774134717882,83.54672888126578,84.4341052214182,85.34132825243638,86.26930934591009,87.24650380816065,88.2474955270819,89.27102559916294,90.31775254929077,91.38796462851299,92.51711539105902,93.6734452243969,94.85543460841988,96.06345010845926,97.29843481707864,98.59486300815003,99.9240735597235,101.28516167997616,102.67831416345352,104.10396663557114,105.59491323644606,107.12316657364929,108.68702699074127,110.28655165061697,111.92147813855063,113.63009384932519,115.3815957686701,117.17592354870206,119.01522802284846,120.89903785336976,122.87543629236944,124.90202632965261,126.97699360765932,129.10047781319713,131.27213689381637,0.13451513184924352,0.13468219608171714,0.13485006387189644,0.1350141336453882,0.13517403089735983,0.13532943904628494,0.13548015377193953,0.1356267226909931,0.1357681752935506,0.13590450339387963,0.13603566855124238,0.13616175928705568,0.1362835238792308,0.13639498453238164,0.1365038746550809,0.13661025522459314,0.1367140099972558,0.13681415542899208,0.13691173904050594,0.13700686052528407,0.13709956658754469,0.13718962015945368,0.1372753766419984,0.13735873732024037,0.13743986188559582,0.1375187597751877,0.13759522128924243,0.1376680817059048,0.13773875627249155,0.13780739046219018,0.13787400756700888,0.1379385496573083,0.1380008288640079,0.13806125942984993,0.13811991400095802,0.1381768810078392,0.13823241663200647,0.13828715525513838,0.13834036676675512,0.13839212707731105,0.13844246290284662,0.13849200343346224,0.13854197834987153,0.1385906681803423,0.1386381891329875,0.1386845788042036,0.13873046048868687,0.13877699777152477,0.13882256072398477,0.1388672028967717,0.13891092102073516,0.13895450215478547,0.1389992038724774,0.1390431168381428,0.13908633420729352,0.1391288516980504,0.13917165829416336,0.13921615591037326,0.13926011388404924,0.13930355886109802,0.139346557212906,0.13939021389820436,0.13943596081370252,0.1394813382414888,0.13952643223746225,0.13957132258865118,0.13961738099936905,0.13966613175855916,0.13971475057391033,0.13976332167146108,0.13981184805210792,0.13986210168262317,0.13991529265439107,0.13996854874977027,0.14002195582389407,0.14007553970384395,0.14013111155073155,0.1401894230506027,0.14024802577356196,0.14030697333455935,0.14036629979381882
DEU,Tenth,78.68794752358174,80.12966723043549,81.53334382388202,82.89668248638972,84.22299853129317,85.51296434297039,86.7982514198866,88.04976498139149,89.26629045214565,90.44868960291645,91.57229257064985,92.71962998252324,93.83896893488058,94.92088265739257,95.97930282608887,97.01684303127954,98.07809471090134,99.12187675605055,100.15143075184288,101.168488235559,102.17560070769908,103.21252612338294,104.23686412177365,105.25269786578139,106.26197004949825,107.26519593993548,108.3148759361391,109.3604586168483,110.40677788692065,111.45700614493553,112.51271674771601,113.60897894667548,114.7101468807535,115.8181700898823,116.93368506896603,118.05711090936921,119.22689052505854,120.41176437810338,121.61184899722532,122.82769298966426,124.06120379360759,125.34313597340967,126.65089355221579,127.98084709243543,129.33372533087513,130.71021652813505,132.14177017651065,133.60471035792244,135.0971795930207,136.62131569645234,138.17844047970178,139.81549435227427,141.49415304580378,143.2094519728526,144.96254981510015,146.75393995896542,148.6423909870249,150.5796145199917,152.5594630753129,154.5825960184033,156.65052245942536,158.82070735663265,161.04986866197797,163.33193991736692,165.66752103340278,168.05753116702678,170.55783558351283,173.12695946966574,175.75662746273036,178.44731012826765,181.19886742190687,184.07719681142248,187.03541859905897,190.0668773351757,193.1749514936096,196.35940093370542,199.70312617726415,203.13979955004535,206.66102578896218,210.2675132559498,213.9592907855327,0.19173335945850342,0.1922709602285229,0.19281309186288131,0.19334485402251567,0.1938649166777807,0.19437211290494502,0.1948656395725039,0.19534715557326135,0.19581333854633226,0.1962640170191007,0.19669891652549407,0.19711818901744887,0.1975242008068897,0.19789682933543298,0.19826176836932102,0.19861916530513038,0.1989685715774208,0.1993066029969215,0.19963673175121732,0.199959240362799,0.20027423653880105,0.20058086516677953,0.20087345506746382,0.20115842371593842,0.2014362799830507,0.20170701205383681,0.20196985974514184,0.2022207638824649,0.20246454993357862,0.20270168438635197,0.20293221648486345,0.20315591217950157,0.20337209029327036,0.20358215298374968,0.2037863309371267,0.2039849086638053,0.20417875397960922,0.2043700674577131,0.20455628462430175,0.20473765073661176,0.20491424057212335,0.20508824824657956,0.205263991665768,0.2054354197022516,0.20560292473879713,0.2057666289444143,0.2059287217698825,0.206093313302857,0.20625464011320582,0.20641287918480924,0.20656800806828704,0.2067228151756559,0.2068817756056817,0.207038099499906,0.20719210966681623,0.2073437877678329,0.2074966524391136,0.20765573110621452,0.20781305019619287,0.20796869971649554,0.20812291302083438,0.20827965565427653,0.2084440852543985,0.20860736938854682,0.2087698174849366,0.208931710103786,0.2090980081548918,0.20927423140759457,0.20945019092531655,0.20962619328429194,0.20980224831157515,0.20998479363201963,0.2101782615734757,0.21037222492933005,0.21056699968218656,0.21076268443096377,0.21096590925803643,0.21117946053886524,0.21139439948723107,0.21161092604767942,0.211829172704416
FRA,First,15.041190341531992,15.214344272192037,15.378343584947809,15.540797476254447,15.704002888533626,15.86847400428879,16.030228408082227,16.18931620760957,16.349435105651633,16.51085581521452,16.66980947428484,16.83008122275792,16.988596610816412,17.151969889747306,17.31715345982623,17.485192263033124,17.653672797181642,17.822605770860637,17.995804129638742,18.173512824363332,18.356429535963414,18.540376724070715,18.725354438916433,18.914826408543156,19.10901190597327,19.307771255920414,19.508187254816878,19.70970908520315,19.91732895408891,20.13218045017752,20.35463686109046,20.578193383991223,20.80340677805227,21.035028220196207,21.272937888789865,21.516864585631133,21.760936906516164,22.007122491981708,22.26074185438224,22.521640680359685,22.790607448202977,23.06023303025875,23.332935249438833,23.613130236427885,23.90074522870053,24.195864833642226,24.488521370319322,24.782800605988736,25.084738681459044,25.395300264111853,25.715072358513083,26.034246147935516,26.356068477708327,26.68580150555453,27.02372242554343,27.369948829438567,27.714799351125514,28.061781744118868,28.415926230668152,28.7773819983732,29.146696680617598,29.51590078613893,29.8885104642486,30.269639884873573,30.659183708429882,31.057226796439878,31.454985639939085,31.856978342628747,32.26617863632432,32.682335910816505,33.10509226639082,33.52549690836159,33.94991075023163,34.38256030081526,34.82480399726377,35.275958399181455,35.726466887317706,36.18126482902748,36.643079248543685,37.11168018843598,37.58650114858152,0.048329007721178666,0.048426531266963516,0.04851073092086226,0.04859595424666645,0.0486835156772394,0.04877390707518824,0.048752286591183455,0.048720498094091916,0.048693701427701776,0.048671946689413714,0.04865529627272719,0.04864377528910785,0.048628027573492494,0.04862314742037981,0.04862219427197098,0.04862508062546161,0.04863176369598723,0.04863474620528354,0.04864145213189455,0.048651803710829125,0.04866576025920339,0.048683222104881296,0.048696924284549255,0.04871407797168517,0.048734568070390144,0.0487583991146183,0.048785353435166635,0.048807167772627856,0.048832156735028685,0.048860219590561235,0.048891145791247696,0.048924777622037466,0.048952855860147124,0.048983805851755054,0.049017597126388125,0.04905417307379343,0.04909305049953324,0.049126223436109,0.049162002157224195,0.04920032733752841,0.049241184317494184,0.04928389668008361,0.049321234488115054,0.0493609414807863,0.04940291410057436,0.0494471430286095,0.049492670449094105,0.0495321848736454,0.04957375556089542,0.0496173389697138,0.049662951257352206,0.049709201927941836,0.04974881576116025,0.049790264202243084,0.049833445095245295,0.049878394351421135,0.04992349942639616,0.04996247861091148,0.05000300050484709,0.050045065090444145,0.05008859259876484,0.0501320914565563,0.0501705119614914,0.05021029883565344,0.050251389551104204,0.05029370175382069,0.05033633297144988,0.05037632976878307,0.05041753383816545,0.050459839244186025,0.05050327294420171,0.05054669299697145,0.05058772272052915,0.050629799446713884,0.05067284020806096,0.05071682610316633,0.050760423621623356,0.05080148602865349,0.05084339252471756,0.05088612227088904,0.05092969132329342
FRA,Second,21.36924215297259,21.622576087739976,21.86504883996233,22.104911046292106,22.34501262466324,22.58600731393552,22.822219878287594,23.055351963388443,23.2891447558324,23.523973516892,23.75473434028757,23.986164833302947,24.21588123334803,24.450593077041223,24.68728524148339,24.927303695137986,25.167105464521,25.408117763312834,25.65432461591954,25.90608944043628,26.164334895806448,26.423283194497564,26.684371364867882,26.951125893619103,27.223878131380385,27.502490657866193,27.78279747106357,28.065681752982677,28.356384840156615,28.656353605320145,28.96610497067656,29.276647878754055,29.5906467492083,29.912966971182637,30.243487537756696,30.58189962962681,30.91995465581118,31.262170434835546,31.614058777745807,31.97545353609876,32.34734043438887,32.719306676267,33.09668614672806,33.483878346595816,33.880816695443755,34.287611207864245,34.69047503029347,35.097135635243305,35.51386231522504,35.94184915835889,36.38182200861281,36.8202814586093,37.26397428419336,37.71807608503107,38.18294251514595,38.65871280166623,39.13219073955995,39.610245583947474,40.09780411509709,40.59504652282101,41.10265479824175,41.6097258773861,42.122784229295085,42.646989500801745,43.18222252655737,43.728606126115096,44.27405607724574,44.82607990865444,45.387610463012905,45.958360108627666,46.53788128104613,47.11389004300466,47.69612204997976,48.28907333433746,48.89442925698389,49.5113643869209,50.12704619248642,50.74931949382318,51.38081287467719,52.02125313201987,52.66994363280459,0.0652450650029704,0.06532365094273122,0.0653901930407985,0.06545790155347408,0.06552789564707143,0.06560059973178443,0.06558006941421289,0.06555066051594854,0.06552586201692887,0.0655057263794056,0.06549031127078857,0.06547964458518626,0.06546506168696743,0.0654605420664319,0.0654596590325822,0.06546233294954301,0.06546852192067826,0.06547128338677183,0.06547749349669227,0.06548707827307884,0.06549999963445659,0.06551616354516247,0.06552884561300289,0.06554472015211815,0.06556367891648966,0.06558572386492342,0.0656106535040718,0.06563082346636866,0.06565392362943402,0.06567986009728752,0.06570843520876943,0.06573950003179059,0.06576542777028586,0.06579399968636668,0.06582518656333358,0.06585893146928537,0.06589478696125776,0.06592537079143257,0.0659583468295534,0.06599365825973504,0.06603128771757216,0.06607061154576578,0.06610497485288949,0.06614150520106264,0.06618010598149869,0.06622076381356341,0.06626260014102724,0.06629889544069868,0.06633706641086962,0.06637706818264236,0.06641891693836662,0.066461332608513,0.06649764722943846,0.06653562983127369,0.06657518401862583,0.06661634235131872,0.06665762587334202,0.06669328967020116,0.06673035040367468,0.06676880753515999,0.06680858697807808,0.06684832401810442,0.06688340886026313,0.06691972950315798,0.0669572241818205,0.06699582073457716,0.06703469260879492,0.0670711490240934,0.06710869083171007,0.06714722232819423,0.06718676608369127,0.0672262812105707,0.06726360783499431,0.06730187089643444,0.06734099664217451,0.06738096616956978,0.06742056579439483,0.06745784945548322,0.06749588355033706,0.06753465080870091,0.06757416440668688
FRA,Third,23.804391762568958,24.09076489760982,24.366231682500263,24.638505033867723,24.910607318140904,25.183222094846258,25.44999690078642,25.713827531660225,25.977898725237655,26.242612892239325,26.50235381357047,26.762177858292375,27.020598933053723,27.283362465592937,27.54791691257499,27.815717940517725,28.082775610701606,28.351582023628325,28.625671018684667,28.905450275452033,29.191922600795763,29.478698477868264,29.768294278422243,30.063736619309875,30.365401958076056,30.673148505520636,30.982334032902482,31.295022575225868,31.61591113156106,31.94655968571649,32.28754793599519,32.62894227679431,32.974881355112814,33.32959647462825,33.69296195672808,34.06465528668511,34.43554615525323,34.81180223654928,35.19830086495182,35.59486949687226,36.00255808317666,36.409853139337166,36.82385346725993,37.24826323478701,37.68301773908701,38.128230673258386,38.56874541571533,39.01436993644981,39.470692727542605,39.93898420408148,40.42000641307382,40.89899629714954,41.38476002990266,41.881597936443654,42.38989567445161,42.909787047199806,43.42691590784015,43.95008975639252,44.483389406481486,45.02699694137983,45.58164131499877,46.1354766511659,46.69672516454481,47.26983777598114,47.854692727714266,48.451425289116415,49.04682295673051,49.64986676403111,50.2630162654929,50.88597531252526,51.518255968030175,52.14647411043944,52.78191662914446,53.42873497212054,54.08872653004962,54.761016634827826,55.43174166722253,56.11011275932006,56.79827231295255,57.4959269906929,58.202329242927426,0.07155185515115384,0.07162446889724813,0.0716869529091358,0.07175016249153242,0.07181507410263661,0.07188205068588513,0.07186571727718714,0.07184177191123499,0.07182157702081331,0.07180517676236345,0.07179262043105965,0.07178393027950396,0.07177204857314094,0.07176836715420581,0.07176764746091983,0.07176982625529875,0.07177486820024545,0.07177711792338465,0.07178217786311689,0.07178998600921128,0.07180051174641039,0.07181367722091284,0.07182400656048547,0.0718369342563906,0.07185237219925306,0.07187031999366351,0.07189061320801367,0.07190703040030352,0.07192582933967423,0.07194693246688154,0.07197017903622546,0.07199544509245608,0.07201652971244869,0.07203976002854305,0.07206511076571141,0.0720925358546754,0.07212166893839268,0.07214651356524569,0.07217329564625403,0.0722019674311898,0.07223251515822555,0.07226442927153558,0.07229231026928838,0.07232194373422486,0.0723532476394533,0.07238621206049924,0.07242012170197237,0.07244953287740594,0.07248045654139074,0.0725128547609833,0.07254673838897469,0.07258107264838567,0.07261046048445766,0.07264119035646051,0.07267318380671026,0.07270646579928615,0.07273983929055314,0.0727686626802977,0.0727986080480296,0.0728296734099977,0.07286179841114512,0.07289388069892837,0.07292219996566798,0.07295150947778795,0.07298175991936717,0.0730128909789397,0.07304423560685877,0.0730736250483664,0.07310388267520306,0.0731349296139931,0.07316678368784005,0.07319860662695828,0.07322865943224069,0.07325945876717699,0.07329094266119672,0.07332309819929908,0.07335494831009125,0.07338492709342306,0.0734155023225642,0.07344665822764403,0.07347840601793855
FRA,Fourth,27.683856342257297,28.02103463987957,28.346733295276646,28.668471502183703,28.9895573714839,29.31074040112342,29.62461530159029,29.935496478739985,30.2461920823663,30.557159208696987,30.861998114124024,31.16624863526918,31.469331545662385,31.77633758708314,32.08506529802288,32.39713942026976,32.70786315490989,33.0209666173993,33.33971831096979,33.66459948193879,33.99674207357984,34.328794579016176,34.66452662023426,35.00663223134597,35.35555975815225,35.711171769714255,36.068060198265286,36.429612302838194,36.80021423782904,37.18160107750864,37.574444058976134,37.967318046100566,38.366123192246974,38.77467947357579,39.19286318228352,39.62033487567132,40.046532256857546,40.47964743242819,40.92416819716224,41.379918998037596,41.848055308738566,42.315258336930505,42.79087498997826,43.27811827626555,43.77693170989074,44.28744168656166,44.792227332662634,45.30380573685089,45.827356518574284,46.36427515736133,46.915391277551734,47.46378842931229,48.02092258070179,48.59046190897829,49.172838390820935,49.768191024413,50.36014407567365,50.960012634677945,51.57126421281088,52.194094442871155,52.829304274338085,53.463370692012866,54.106726243050225,54.76335089076591,55.43311874325633,56.11618770644094,56.79742093102203,57.487860718204885,58.18963357825273,58.90242780522527,59.625704530461064,60.34415310448121,61.07129588974665,61.81113270763261,62.565636710200216,63.33385808353855,64.10008848526626,64.87549704546751,65.6618671705849,66.45888385258779,67.2657246856137,0.08141363919141408,0.08146818371707953,0.08151452237009503,0.08156156053876674,0.08161005803333861,0.08166029930641684,0.08164662323155761,0.08162691879288904,0.08161029824827196,0.08159679729054743,0.08158646003779853,0.081579304808819,0.08156952130208217,0.08156648923568506,0.08156589642454058,0.08156769025888973,0.08157184307339016,0.08157369513542773,0.08157786177877081,0.0815842907726479,0.08159295735956218,0.08160379511837423,0.08161229799268307,0.08162293787252446,0.08163564288665767,0.08165041117809972,0.08166710588466944,0.08168061016506908,0.08169607125285176,0.08171342403556583,0.08173253599342813,0.08175330371564511,0.08177063043172982,0.08178971700440864,0.08181054224111647,0.08183306501823899,0.08185698494637811,0.08187737908947548,0.08189935843332664,0.0819228827935681,0.08194794024479814,0.08197411072258395,0.08199696832375637,0.0820212559706467,0.08204690588296056,0.08207390890844356,0.08210167755642978,0.0821257566446605,0.08215106556922963,0.08217757526412492,0.08220529204127165,0.08223336853930653,0.08225739400396012,0.08228250928102433,0.08230864992522242,0.08233583571022297,0.08236308791010816,0.08238661812806691,0.08241105736637916,0.08243640479581525,0.08246260892053696,0.08248877164522947,0.08251185854652185,0.08253574687116591,0.08256039478500495,0.0825857533521531,0.08261128021884306,0.0826352072578804,0.08265983485838327,0.0826850971560184,0.08271100968503402,0.08273688923102461,0.08276132226443092,0.08278635616005402,0.08281193942265089,0.08283805991642361,0.08286392453982537,0.08288826416050465,0.0829130801301037,0.08293836176021557,0.08296411469979689
FRA,Fifth,30.526054286035286,30.901731283187896,31.265868619234883,31.625382285583477,31.983767762138154,32.34180719240792,32.691309262602736,33.0379554577133,33.383940974771036,33.729756058562046,34.06842725267153,34.405819638415586,34.742390588527165,35.08216175167997,35.42345425398564,35.76801282234435,36.11061456277754,36.456204291531286,36.80755042503142,37.165189402476564,37.530342300424316,37.894957598631315,38.26403022939603,38.639703983273456,39.022479649147826,39.41222191116828,39.80296383613106,40.199429833009205,40.60540387463679,41.02274569499427,41.45219701360601,41.881249898574396,42.31748200639264,42.76401566369816,43.22072544173974,43.68726170982112,44.15203111621772,44.62509975220629,45.11025775320953,45.607324893230555,46.11752742803298,46.626257608220484,47.14488350218399,47.67585630906548,48.219126489397055,48.77482453543666,49.323931697409094,49.881340614929755,50.45148846620982,51.0358511958496,51.63530173219974,52.231435178602545,52.83806019049081,53.45789700081101,54.09141013865053,54.73873454300223,55.38212680393395,56.035110641229025,56.70023970994678,57.37771267894633,58.06838138106394,58.75760060068879,59.45773484155989,60.17199978702637,60.90026921432413,61.64271523742719,62.38287329040417,63.13348227282337,63.89615993187496,64.67058949389734,65.45618896915906,66.2363427801921,67.02635415434784,67.82985427765786,68.64894115652473,69.48261233167543,70.31393812567865,71.15566128840555,72.009048211294,72.87376537871896,73.7489367168997,0.08851232113692155,0.08855419592925326,0.08859006803569673,0.0886263475708446,0.08866360176780694,0.08870203503302375,0.08869238202923406,0.08867829345061674,0.08866640695912574,0.08865674890347687,0.08864935305700217,0.08864423251935058,0.08863723109252715,0.08863506083931484,0.08863463686035385,0.08863592112370455,0.08863889293574026,0.08864021894618711,0.08864319992835797,0.08864780084432425,0.08865400135111605,0.08866175532168113,0.0886678374075309,0.08867544692958136,0.08868453086417255,0.08869508934477417,0.08870702198637641,0.08871667133844356,0.08872771657512084,0.0887401104316629,0.08875375670918159,0.08876858135501,0.08878094506951198,0.08879456126071279,0.08880941234837172,0.08882546992643958,0.08884251655358755,0.08885704526747829,0.08887269949124939,0.08888944661316175,0.08890727885847009,0.08892589534941403,0.0889421494644415,0.08895941404074988,0.08897764000517525,0.08899681882218889,0.08901653362096233,0.08903362062202147,0.08905157540290198,0.08907037274033731,0.08909001810315537,0.08910990956459083,0.08912692283213686,0.0891447021586364,0.08916319991149392,0.08918242861977298,0.08920169555650391,0.08921832440773521,0.0892355898550336,0.08925348961417229,0.08927198593793344,0.0892904450011488,0.08930672803907291,0.08932356938537396,0.089340940609843,0.0893588038720636,0.08937677908563824,0.08939362117030855,0.08941094899920705,0.08942871678634183,0.08944693382160673,0.0894651207935339,0.08948228345869348,0.08949986034927875,0.08951781612610193,0.08953614175672553,0.08955428020067507,0.0895713416317868,0.08958873002843093,0.0896064377321587,0.08962446769281675
FRA,Sixth,34.80002855703775,35.232753723802,35.65361781567637,36.068940173440616,36.48249458402711,36.8951243893093,37.29746766084313,37.69703474310336,38.095340344061704,38.49293205068021,38.88199592679047,39.2688596926401,39.65529803432149,40.04414533640258,40.4343231577507,40.82775367090523,41.21842371846437,41.61288681311033,42.013374781601364,42.420506021039884,42.83563792760087,43.249673614042585,43.66923042705872,44.09584503002951,44.53009736159899,44.971859510031294,45.41432189941299,45.86395592798185,46.323900095526675,46.79619702898649,47.28169013962794,47.76625133687721,48.259705718421884,48.76440719897643,49.280234326846866,49.80682408343879,50.331022336340354,50.86542330929206,51.41306008208762,51.97375214801037,52.548830517052046,53.12172488405121,53.706575796995295,54.304983439259814,54.916909865256166,55.542497548857376,56.16028508652875,56.78845465397417,57.43063943861893,58.08844051772324,58.76279632640509,59.43299882197215,60.11609978456159,60.81375235323889,61.52646969068712,62.2543881528882,62.97762647172547,63.712756859740246,64.46130484884718,65.22347917831267,66.00020714856645,66.77507107779634,67.56310662244255,68.36669105802045,69.18569554740766,70.0203196935079,70.85203637355085,71.69600729721806,72.55328410827248,73.42354021122674,74.30613756130059,75.18241318589699,76.0702396434498,76.97287808632767,77.89260467004488,78.82834529564423,79.76123922133812,80.70629392220667,81.66419656934217,82.63458739007933,83.6165190659977,0.09901303339709737,0.09903026095612788,0.09904430723328717,0.09905869888714519,0.09907369822470244,0.09908940451331054,0.09908377623828768,0.09907595749517349,0.09906935550281673,0.09906398879759769,0.09905987727036594,0.09905702956288778,0.0990531346510145,0.09905192721517261,0.0990516907090403,0.09905240520192066,0.09905405877550612,0.09905479666620369,0.09905645473936343,0.09905901353208045,0.09906246149374638,0.09906677124371605,0.09907014997302561,0.09907437697046406,0.09907942001904477,0.09908527867510084,0.09909189541292299,0.09909724337431444,0.09910336152920446,0.09911022321115484,0.09911777235655879,0.0991259670991777,0.09913279665165041,0.09914031308643162,0.09914850512440251,0.09915735462426237,0.09916674238377336,0.09917473508347491,0.09918334103498375,0.09919253963052733,0.09920232475442595,0.09921253112206863,0.09922143312853982,0.09923087992590274,0.09924084303597333,0.09925131631316013,0.0992620711768581,0.09927138286339404,0.09928115728229082,0.09929138085291109,0.0993020547652136,0.09931284942648613,0.09932207255532978,0.0993317022022082,0.09934171031199632,0.09935210298022776,0.09936250489301617,0.09937147352720563,0.0993807761447578,0.09939041074798119,0.09940035602186816,0.09941027102214048,0.0994190085418372,0.09942803732170338,0.09943733990259852,0.09944689730678476,0.09945650329609222,0.09946549537128022,0.09947473727748089,0.09948420428903745,0.09949390032601474,0.09950356946312498,0.09951268438042077,0.099522010298441,0.09953152645252925,0.09954122865097058,0.09955082078368568,0.09955983361581006,0.09956901027437348,0.09957834451925143,0.09958783907424604
FRA,Seventh,38.062272330403346,38.54032156233419,39.00676438655009,39.4668224821755,39.92445461543973,40.38052892874364,40.824768222126195,41.26653863703674,41.70636157659437,42.14481603213614,42.5734428660258,42.998892348783166,43.42446359886025,43.8512532270843,44.27901568996302,44.70980369418829,45.13699261831752,45.56879448163312,46.006604802383265,46.45110265544478,46.90374439639426,47.354637479732204,47.81207442287565,48.27669287887999,48.74913564882123,49.22927528284713,49.70966393741087,50.19862576218489,50.698279833779594,51.210803691709145,51.737126554783224,52.26189316609709,52.79718824662331,53.344221984467325,53.90287239468812,54.47276598559686,55.03958338801091,55.6184021390157,56.211094546186914,56.817480412297655,57.43896106903802,58.057515520873565,58.689924545292754,59.33657418016195,59.9974365936431,60.67265731428206,61.338992369790276,62.01768470097629,62.71113154678856,63.421020113195276,64.1483276159868,64.87071556226148,65.60828474611334,66.36119135409834,67.12998735362216,67.91479939296474,68.69427064067078,69.4878155387942,70.29552685464446,71.11761332330944,71.95505812472727,72.79024056695843,73.64066675719542,74.50749513384974,75.39059502350658,76.29018694634182,77.18628522271827,78.09615171747899,79.02004315753243,79.95763030225737,80.90822640561711,81.85175343970711,82.80824462026453,83.78032443840775,84.77040163577487,85.77734679943441,86.78100717683166,87.7983113438943,88.82914819689078,89.87313865119384,90.92927645227451,0.10690350485912756,0.1069036798520183,0.10690387587216342,0.10690396696524675,0.10690394402448787,0.10690379781120776,0.10690413431308274,0.10690454502877009,0.10690488354501274,0.10690515293782618,0.10690535511287333,0.10690549375734482,0.1069056805654423,0.10690573830802706,0.10690574937634682,0.10690571499340154,0.10690563641099932,0.10690560080055163,0.10690552149635892,0.10690539776511766,0.10690522878828077,0.10690501379615173,0.10690484309385807,0.1069046271022268,0.1069043645973491,0.10690405374733394,0.10690369452434807,0.1069033983713776,0.10690305282583144,0.10690265631077277,0.10690221013828186,0.1069017141723113,0.10690128996491625,0.10690081327643675,0.10690028117430979,0.10689969168191396,0.10689904916776025,0.10689848881438437,0.10689787127977364,0.10689719543161438,0.10689645746458666,0.10689566802194618,0.10689496183521582,0.10689419504974207,0.10689336673549488,0.1068924746104916,0.10689153522641238,0.10689070212084,0.10688980871118056,0.10688885321004982,0.10688783192264988,0.10688677468407111,0.1068858521317363,0.10688486978550689,0.1068838278099783,0.10688272296725186,0.10688159414242891,0.10688060157904365,0.10687955397383472,0.10687844876001393,0.10687728664327693,0.10687610636451943,0.10687504795520152,0.10687393753454315,0.10687277281625876,0.10687155674586778,0.10687031380709888,0.10686913070632456,0.10686789570239857,0.10686661044936635,0.10686527213361144,0.10686391623300856,0.1068626180764022,0.10686126977113611,0.106859872426873,0.1068584264141404,0.10685697467771899,0.10685558985091698,0.10685416017415167,0.10685268476259713,0.10685116292056558
FRA,Eighth,44.28709181432061,44.849790835285475,45.40086483599126,45.944108895375145,46.48384065236398,47.0209964738949,47.54357923565339,48.06400849374132,48.58142475375349,49.09648143630215,49.59952890607174,50.09779350144306,50.596959114771764,51.09570403424733,51.59497498192104,52.097070177392624,52.594198553478904,53.09727478286132,53.606554530256794,54.1228373667142,54.64776959266333,55.16995627051705,55.70040972016436,56.238524229733414,56.78506206234901,57.33990833679929,57.89439023882888,58.459801271950745,59.03687688882085,59.62804770421703,60.234394551352295,60.83823305841081,61.45536969912639,62.085434066090045,62.728311973963585,63.38361788292552,64.0347809318123,64.70100423560648,65.38257432365867,66.07931405341097,66.79276581383581,67.50208392797965,68.22852341779713,68.97077536329257,69.72883160606054,70.5028526512413,71.2661104415462,72.04508562747613,72.84048969324331,73.65417484480577,74.48720128942196,75.31398051319583,76.1598033830283,77.02273077929048,77.9033855346152,78.80188844203788,79.69389519256212,80.60367467263889,81.529310026488,82.47102071830724,83.4298906789667,84.38583087344365,85.36057695518946,86.35360441719985,87.36478644227388,88.39437902031588,89.41948743850007,90.46110883028251,91.5183916504693,92.59100146161613,93.67817137007982,94.75695041447533,95.85126591502811,96.96291333688893,98.09454571876543,99.24493721537532,100.39127098425305,101.55392979279921,102.73168713072798,103.92413303683041,105.13015800785331,0.12170031818605351,0.121658472794813,0.12162171072838046,0.12158470059910012,0.12154690908360703,0.12150814050132783,0.121515852702849,0.12152757632409923,0.12153745440919045,0.12154547117071858,0.1215516047297765,0.12155584871520013,0.12156164794441501,0.12156344495295589,0.12156379563286816,0.12156273300361092,0.12156027232885722,0.1215591740124916,0.12155670413421704,0.12155289142215597,0.12154774993363827,0.12154131620191179,0.12153626605971822,0.1215299428247101,0.12152238776000793,0.12151359777209236,0.12150365252068941,0.12149560087544764,0.12148637409855784,0.12147600893894307,0.12146458054461678,0.12145214781681642,0.12144176342213345,0.12143031242884864,0.12141780366691876,0.12140425792351586,0.12138985249455163,0.12137755485694052,0.12136428469247605,0.1213500627912883,0.12133489352517518,0.12131902667710327,0.12130514780110926,0.12129038195430358,0.12127476404891853,0.12125829817019933,0.12124133790425957,0.1212266100003278,0.1212111066313966,0.12119484444305516,0.12117781411593978,0.1211605359844466,0.12114572906717276,0.12113022782919575,0.1211140704767139,0.12109724122750855,0.12108034467715487,0.12106573473286399,0.12105053873026285,0.12103475685148289,0.12101841676906244,0.12100207851294222,0.12098764046437614,0.12097268156368324,0.12095722537914262,0.12094130088605452,0.12092524834913128,0.12091018004636747,0.1208946489814677,0.1208786954552773,0.12086230756695779,0.12084591594777291,0.12083041917848214,0.1208145192477072,0.12079824726770892,0.12078160908200013,0.12076510918002512,0.1207495604952179,0.12073368521677871,0.12071749028412578,0.12070096832320916
FRA,Ninth,48.8259823712167,49.45476881653063,50.07314305777689,50.68228432904894,51.28670867107671,51.88734847570565,52.470896030219286,53.05313679287158,53.63102493091123,54.205238159441166,54.765239681486385,55.31861724348811,55.87407342085899,56.426457641022154,56.97851355797352,57.532709534209495,58.080385796462274,58.6354965811899,59.19640616806823,59.763999157830604,60.3400495009732,60.91206639505255,61.49412836100254,62.083645362473085,62.681469544243186,63.28748329116536,63.892131459356776,64.51016273121861,65.14000116307732,65.78425609180269,66.4441374911694,67.10027903656677,67.77254990193653,68.45804840666023,69.15665751970475,69.86797752022007,70.57386773344895,71.29789853550604,72.03777272677134,72.7933122841974,73.56614195756288,74.33347661233395,75.1211189924995,75.92513215415879,76.7455280351323,77.58246105349146,78.40686524365756,79.25038714021976,80.11098404126538,80.99061265476553,81.89037126263698,82.78260663924026,83.69779756964039,84.63080823704453,85.58231402457406,86.55240912365542,87.5149495199895,88.49900335133071,89.49960209352915,90.51695401491344,91.55221713323304,92.58387182317837,93.63778805502747,94.71080300433515,95.80279381306423,96.91404546482252,98.01981789743722,99.1444450377933,100.28538114357922,101.44229884280175,102.61435826922136,103.7768735256592,104.95709367504776,106.1553616935543,107.37450046880166,108.61321343376638,109.84717876431785,111.09976069745551,112.3680570725441,113.65163173826409,114.94929315783749,0.13230112559637114,0.1322349895470125,0.13218007205636426,0.13212376685666716,0.13206507672743756,0.13200360906602648,0.13202376838987573,0.13205205714682855,0.1320759098765951,0.13209527709982077,0.13211010326306227,0.13212036300857333,0.13213438860784948,0.13213873460664544,0.13213958453168567,0.13213701280691847,0.13213106067916167,0.1321284045911939,0.1321224319867292,0.13211321389505024,0.132100785638223,0.13208523905924596,0.13207304059249564,0.13205777153742781,0.13203953498869297,0.1320183297384546,0.13199434932956527,0.13197494600335874,0.13195272333608887,0.13192777195067312,0.13190028081052696,0.13187039271801596,0.13184544692613112,0.13181795586944675,0.1317879481952483,0.13175547662434905,0.1317209734059906,0.13169154179889933,0.131659805929651,0.131625822468458,0.13158960508890327,0.1315517556909336,0.13151867968799225,0.1314835155088171,0.13144635746624764,0.13140721645122438,0.13136693980101147,0.1313319959026387,0.13129524448487667,0.13125672761489535,0.13121643212582354,0.1311755881555779,0.13114061728154264,0.1311040387320596,0.13106594436542338,0.13102630400138304,0.13098654102019194,0.13095218965078415,0.13091649131779448,0.13087944562738024,0.13084112569326473,0.13080284433767717,0.13076904378476062,0.13073405077179992,0.13069792538224886,0.1306607371937784,0.13062328201318515,0.1305881530707487,0.1305519766228952,0.1305148456623947,0.13047673716490957,0.13043865504991645,0.1304026807303072,0.13036580209432597,0.13032809154948044,0.13028956562367333,0.1302513948059509,0.1302154554877186,0.13017879041586272,0.13014141792826958,0.13010332503483188
FRA,Tenth,72.24109467872167,73.19967915155581,74.15105107713298,75.08694856939778,76.01293547352164,76.93005920681958,77.81841413334482,78.70816023904759,79.58813330066896,80.45922198172967,81.30658176901682,82.1393761390614,82.97870501860612,83.8051445074191,84.62828517316665,85.45144554607317,86.26148942065245,87.08522898314975,87.91406119889206,88.74932465440813,89.59346007412792,90.42842963746706,91.28123069466886,92.14190816357635,93.01177931637558,93.89077920994625,94.76476312380302,95.66285006403778,96.57496039992473,97.50458003011379,98.45352957858938,99.39386052198284,100.36277883860221,101.34800589918757,102.34946422465823,103.36673861442222,104.37339823500093,105.41183230107794,106.4702200731266,107.54841731657501,108.64849547019976,109.73732854612514,110.86073847635069,112.00502911914481,113.17032212859883,114.35680023414734,115.52282803086337,116.72302301897206,117.94524481828263,119.19198112744104,120.464565220388,121.72386548023758,123.02329756376528,124.34586590711183,125.69250870032673,127.06325289373898,128.42163679935197,129.81799144320973,131.23604821120463,132.67601613314108,134.13940357955653,135.59624261500647,137.09076907345207,138.61015939416924,140.15431724352223,141.72368227173519,143.28321957546547,144.87280115024765,146.48365796078684,148.11549180636086,149.76716698889038,151.40399558764102,153.0689669053116,154.75726484379118,156.47253564552452,158.21318122531576,159.94590380559384,161.70814753308406,163.49087490048498,165.29354501545996,167.1146166094117,0.18503012975771185,0.1847755660967525,0.18455756683321642,0.1843369402905565,0.18411022671167207,0.18387615627582896,0.18393538981252977,0.18402172124034732,0.1840945509935434,0.18415371396882957,0.18419901855454585,0.1842303774740262,0.18427325800306854,0.18428654820118173,0.18428914569969176,0.1842812827812509,0.1842630819794344,0.18425496233250427,0.1842367024444989,0.1842085237755041,0.1841705437953631,0.18412304638796245,0.18408578842265094,0.1840391643828714,0.1839834996979422,0.183918796570939,0.18384566019417622,0.18378650823268888,0.1837187906782078,0.18364279296649721,0.1835591034111634,0.1834681703767394,0.18339231419104515,0.18330876150705014,0.18321761279419946,0.1831190438035259,0.18301437464877496,0.1829251472965598,0.18282899450550782,0.18272609724292901,0.18261651287034872,0.18250207491856515,0.18240214014865205,0.18229596713376428,0.18218385510370355,0.18206584782162005,0.1819445124219726,0.18183931865436737,0.181728763404968,0.18161298396128694,0.1814919503412528,0.18136936646068036,0.1812644886530652,0.1811548656213915,0.18104078427859033,0.1809221619916067,0.1808032672103048,0.18070062701289025,0.18059403365538615,0.18048349756755233,0.18036924202606933,0.18025518694275344,0.18015455188080737,0.180050438735131,0.1799430274726115,0.17983253717596043,0.17972133204290752,0.1796171085358472,0.17950985021308877,0.1793998390151905,0.17928701658613275,0.1791743524471183,0.17906800192349917,0.17895905296873163,0.17884772724322345,0.17873407808403116,0.17862155808600932,0.17851569218048519,0.17840776536267988,0.1782978317061477,0.1781858605066149
IND,First,1.1489643576901267,1.1702867285662624,1.1909099711379088,1.212607328892295,1.2365221532120563,1.2628921925211931,1.2889369756146678,1.3166190383253145,1.3464489617224515,1.3785529794657916,1.4121870943428287,1.4464736423299582,1.482747175757407,1.5223301012756856,1.562727893124062,1.6044150677101958,1.6448217057053236,1.6858662869672245,1.7284488665443478,1.772538595306017,1.8184433656053032,1.8625747315785812,1.906710582923985,1.951535958850039,1.9970770549106922,2.042942582714893,2.0858094056262275,2.1280951880272907,2.171129290859258,2.2158089408674164,2.2621404368627704,2.306509794490492,2.3502557971646723,2.3941743801430375,2.4379361004350435,2.4811250481268736,2.5201329787615983,2.5578745834117655,2.5956487969327333,2.6331682949757322,2.671132239876663,2.705377824377303,2.737983041889133,2.769891955619233,2.8007779448707253,2.830506991164626,2.8549142186056304,2.875683322725802,2.895112537622416,2.9140427477593014,2.9327551111293944,2.9492889752024016,2.963260348914293,2.9757896248119167,2.9870189217728433,2.9969628158628785,3.0014117037134382,3.002364033867898,3.000679530442191,2.9968622537294864,2.9947694016680724,2.9877339991512666,2.97774761357276,2.966746458123592,2.9544750217586033,2.940996486662554,2.9227368274870824,2.9005436103744726,2.8759275059319744,2.8485848812057397,2.8180271701637882,2.781580813398908,2.7412063184824484,2.699685545570263,2.6591746647357337,2.618653090239337,2.573965318191648,2.5261531857360633,2.476338910503285,2.4242573601662256,2.3693288665705086,0.016807876294849696,0.016672427126540667,0.016541127929113806,0.016428043142949558,0.016336655708741852,0.01626775274816488,0.01620738773464347,0.016159952695414367,0.016134600260643582,0.016131665346598885,0.016144650302309868,0.01617331629156608,0.016216189195042367,0.016291164453422033,0.0163680909834703,0.016447827959325544,0.016518655175669732,0.016582973208155202,0.016650287044813628,0.0167204449980953,0.01679412242049635,0.016856909621585786,0.016911539252538695,0.016967030173260407,0.017023777986090678,0.017081054275258373,0.017126252931677008,0.017163466290833377,0.017201599121348318,0.017242390340519862,0.01728531939800322,0.017319068742409443,0.017345618687948487,0.017371565959601064,0.01739652461770388,0.017420143175074104,0.017430835652449368,0.017433671496195378,0.017435712345287253,0.017436771692590305,0.01743811237321738,0.017426235165830185,0.017405894607247906,0.017384279187642977,0.017360913067046718,0.01733577038410269,0.017297014419340725,0.017247559151304086,0.017196231073355637,0.01714408267095332,0.017091355912345174,0.01703106861298065,0.016961951353104163,0.016891243860177027,0.016819100223087545,0.01674576324121669,0.016658759581027686,0.016562675256134803,0.016463778328295528,0.01636326154299259,0.016268887350267262,0.01616177108783132,0.016046360284041612,0.015930077745122256,0.015812671241754568,0.01569431099123089,0.01556373716903262,0.015424713777315312,0.01528354364038815,0.015139934304635535,0.014993483422795445,0.014834085988651708,0.01466678225199195,0.014498363526175364,0.014236596696572052,0.013906060079849774,0.013573947837011323,0.013238087868440475,0.012903567820600642,0.012570487990099858,0.012238980665625556
IND,Second,1.8862438713328815,1.930626083254945,1.9746569674889503,2.0206578615413004,2.070197712779192,2.1236437839142237,2.1763663935497357,2.231936708278105,2.29102189975105,2.3538356747568403,2.4187565951062546,2.484740144875155,2.5540919909923914,2.62852660108291,2.704894246513088,2.7838666684585776,2.860981428314164,2.939841816855949,3.0216278949577324,3.1063364371225304,3.1944623307467293,3.2798374296175967,3.366119028297501,3.454148178212922,3.544061779963431,3.635322852640388,3.7220774438027857,3.808871598695091,3.8974836770950407,3.9892828262772606,4.0841939986806635,4.176139751371358,4.268092583239496,4.361064638016102,4.454623058626538,4.548230258333131,4.635415586462709,4.721556645382807,4.808389489257404,4.895548871319781,4.984116307818989,5.066348247342881,5.146803506264885,5.226835461043976,5.3059405535387825,5.383921727985396,5.45330952242506,5.517797409695932,5.5806738894496135,5.64315522782169,5.705595391495419,5.764309592065959,5.819443219151701,5.872675021417666,5.9241793796112745,5.973995219743932,6.014081508996259,6.048956021284506,6.07978551281646,6.107466180343254,6.139046012143349,6.161367964005518,6.178850591027956,6.194463255109501,6.207777572379795,6.218877635834862,6.220470369982846,6.215283160731453,6.205708696356021,6.19120716797952,6.170948532693808,6.138934970607909,6.099547692632151,6.057202516360695,6.015063305867093,5.97158719847683,5.91857953927754,5.858993745903314,5.7947758957264845,5.725427799025481,5.649938967268303,0.03134956237274822,0.031142021959838805,0.030940092135183228,0.030763305981126685,0.030616479800902617,0.0305008372197626,0.030397925317010195,0.030312965217209872,0.03025895290673658,0.03023638298638475,0.030236644654491548,0.03025931493643715,0.030301769004607196,0.03038912384878119,0.030478911669525342,0.03057224843031463,0.03065356861340148,0.03072542899651542,0.030801118642812608,0.030880415006626537,0.03096417961963163,0.031033422686338623,0.031091123092718224,0.03114986073987969,0.03121013762697964,0.0312709996852476,0.03131593153786636,0.031349763562098246,0.031384731222090886,0.03142307136256482,0.03146411274362997,0.03149305977094067,0.03151204292679675,0.03153014554924468,0.03154686654000417,0.03156174979646257,0.03155973800713547,0.031546976770198285,0.03153310679396091,0.031517878809138235,0.031502925349595465,0.0314707109819198,0.03142695446572967,0.031381464825706626,0.03133362269952616,0.03128339397032301,0.031215321122558374,0.031132743229284,0.031047610553670113,0.030961279737555504,0.03087406155760342,0.030776719108106875,0.030667213311117582,0.030555459192718428,0.030441645495842575,0.030326083715867983,0.03019228113722381,0.030045823441987526,0.02989539666603795,0.029742542239361375,0.02959744641779078,0.02943506098515614,0.02926086855503752,0.0290851337671847,0.028907506352470542,0.028728202348605007,0.028532016551310678,0.028323602413756557,0.028111759060297087,0.027896061088220413,0.027675942293040857,0.027437520797305444,0.02718724499301334,0.02693464243283116,0.0265537751794875,0.026076363276927906,0.025593356242344486,0.025101435975366793,0.024607923580374603,0.024112921608283967,0.023616577912051337
IND,Third,2.2751890756152338,2.334862515933241,2.3945702199911216,2.456804118025657,2.5233285454228764,2.594570660565912,2.664888191792863,2.7388100284324652,2.8169870598296405,2.89966900608293,2.9846722974814597,3.070931310710496,3.1613429025814006,3.257594723633982,3.356565098266742,3.459032632887704,3.559475037059579,3.662586391121841,3.769572197034059,3.88045775535946,3.995852288590995,4.10812319873958,4.222192919568688,4.338836189731106,4.458274128261913,4.579905078988427,4.696413268165948,4.813746629857981,4.933775283170249,5.058143823519065,5.186726852766321,5.3120442137882256,5.438223974754764,5.566252870852726,5.695661844704715,5.825870649140431,5.948694502029649,6.071160518427674,6.195080889492241,6.320070136491599,6.44744106181065,6.567238211002371,6.685795143030872,6.804522544701817,6.922825930671338,7.040482671210042,7.147991674978222,7.250552373749821,7.35179096463272,7.453139236201281,7.5549899250564945,7.652592751970408,7.746706455245186,7.839113606027891,7.93000902141345,8.019455046567176,8.096913609717655,8.16884195946396,8.23631652315355,8.30049325531978,8.370559513356099,8.428972708875248,8.482059594835633,8.5331471043173,8.581698141133543,8.627805947464681,8.661578948753746,8.687367123478573,8.70785362759851,8.722331940519055,8.729730390292659,8.72159630790061,8.704276896545704,8.68296378271258,8.661361508997294,8.637601626404685,8.600557708286642,8.554857562877626,8.502758742691904,8.443565348817533,8.375933234747476,0.03972524421939086,0.03952551423129297,0.03933087392918222,0.039161585939338425,0.03902288505018007,0.038916180481084334,0.038821851810907484,0.03874599440972866,0.038702048428718605,0.03869059492904941,0.03870241934628993,0.03873714117733236,0.038792370193823554,0.03889402445825448,0.038998183803201844,0.0391060412570679,0.039201014358880994,0.03928629138771888,0.03937557664441069,0.03946863165481445,0.03956637303897307,0.03964862029605282,0.039718987582678764,0.039790395957421065,0.03986338509010741,0.0399369378827861,0.039993548718325,0.0400387071599246,0.04008503247858112,0.04013490909140372,0.04018761545330225,0.0402274978540471,0.04025710768161383,0.0402857752163879,0.040312969466243034,0.040338205163142585,0.040345538630396464,0.040341744551228374,0.0403367574021957,0.04033031519630881,0.040324150012890254,0.04029967482715598,0.040263192533745724,0.040224823672925486,0.04018390639013547,0.04014039905852064,0.040077903197934715,0.04000016793371176,0.03991960839847587,0.039837666423059234,0.039754670566133334,0.03966082561701353,0.039554109198222664,0.039444823738674015,0.03933316616969147,0.03921946078697288,0.03908607137312574,0.038939108378355666,0.038787608568045966,0.038633218847321814,0.038486936923523896,0.03832179666769917,0.03814379602815911,0.03796376191056179,0.037781306233508075,0.03759664972039233,0.037393302716897864,0.03717635983059042,0.036955161995534655,0.03672922191591674,0.03649788485029814,0.036245940477744334,0.03598045082563632,0.0357116729787512,0.0353001399090782,0.03477976914418646,0.034250923116409406,0.03370982212659662,0.03316440037397631,0.032614704553881116,0.032060829304566246
IND,Fourth,2.8226293539195044,2.902901774766259,2.9837593708255947,3.067946470267808,3.1574858490466595,3.252887671163335,3.3470953585418015,3.4459602796183972,3.5501425971112828,3.659944533033534,3.7723540557620034,3.8863539131201317,4.005609190751253,4.131829476849137,4.261855449216466,4.39660309011834,4.529071856911363,4.665441351452779,4.806977130502852,4.953744911988352,5.106508699305234,5.255598878475933,5.407681576603434,5.563471231385316,5.723312570411363,5.886523302382123,6.0437595629541905,6.202884169747334,6.36590784812473,6.534841153482743,6.709479624751862,6.880427156478184,7.053404657324335,7.229381455765637,7.40785122491708,7.588192896557508,7.759859101972244,7.93212531004555,8.106913655681856,8.283824429924485,8.464478183303237,8.635859522107728,8.80677223141916,8.978730719254076,9.151029034585118,9.323419861702021,9.483626990607208,9.638944134492403,9.793441677280242,9.948826776197057,10.10553778767955,10.257345751982893,10.405917399880298,10.55319407811642,10.699400311373807,10.844641317519962,10.974957064431845,11.099526264386714,11.219311329699178,11.335827713075526,11.461132144167077,11.571685261166062,11.676497812520166,11.77934474397303,11.879559129443638,11.977255985075868,12.058963463655783,12.13139629432769,12.19759776095416,12.25665823456715,12.307213536419612,12.337387909455115,12.356324297812844,12.37015210803234,12.383161157441508,12.39310782796251,12.384897342225038,12.365609779872544,12.337874476804945,12.300743924884978,12.252457721509831,0.052191960398481285,0.05197007519657063,0.05175341533145243,0.0515633954456524,0.05140555499703604,0.05128147790960054,0.05117095763443564,0.05107994967324371,0.051022844978029704,0.05100028645800886,0.051002773091483156,0.051029859879872894,0.051078695314889795,0.051176860523560165,0.05127755032142421,0.05138198228283078,0.051473008348557225,0.05155356635347099,0.051638209803238105,0.05172668053369411,0.0518199099893364,0.05189709897578635,0.051961624175202135,0.05202718869475033,0.052094340377326694,0.052162033128215726,0.05221227686594535,0.05225041129441314,0.05228972565540867,0.05233265234036538,0.05237845147696448,0.05241104678957564,0.05243280396827415,0.052453557971776234,0.05247276507472371,0.05248993099001103,0.05248871234417135,0.05247580693133775,0.052461644662030696,0.0524459559214262,0.05243051021202515,0.05239624808121431,0.05234937745942735,0.05230052779550588,0.05224902014691452,0.05219480906859443,0.05212101737491113,0.05203123849781933,0.051938473974258825,0.0518441970397558,0.051748742567671514,0.05164195008696228,0.05152151975366393,0.0513983130169587,0.05127252210657719,0.05114447377115928,0.05099585816733032,0.05083274273158611,0.05066471384237414,0.050493458702475416,0.05033035949741723,0.050147341790009445,0.049950402880730604,0.04975103727805931,0.049548827787869655,0.04934399236721022,0.04911916785036616,0.04887945657788235,0.048634833698376734,0.04838475927608152,0.04812851846119291,0.04784991486376595,0.047556168017479854,0.04725828055812246,0.046808026452182565,0.046240114739169724,0.04566061384820843,0.04506522277573615,0.0444625347280307,0.04385251367714597,0.04323518040123706
IND,Fifth,3.2947255356777805,3.3947733989561497,3.4960286723827547,3.601378947593428,3.7130519089095677,3.8316228412304336,3.948790048339677,4.071617392395638,4.200704454049234,4.336390501490954,4.474872209999605,4.61523107862035,4.761842425107265,4.916267844097294,5.075577828188911,5.240810472635782,5.40365117672101,5.571703385378017,5.746197701348483,5.927245473824105,6.11575645804356,6.300235341136179,6.489049134655817,6.682752560253713,6.881817033151793,7.085501240094225,7.282628469526695,7.482918536453673,7.688395112356143,7.9014061294800735,8.12167560733039,8.338090304360662,8.55796376300367,8.782145181661846,9.01011326733073,9.241231710893018,9.462778596005814,9.68623520854789,9.913498323770066,10.144175810853154,10.380180527556364,10.6056332235183,10.831831906664286,11.060251295120253,11.290097875559393,11.521116219511601,11.73844112076816,11.951536041759592,12.164693393952533,12.379876963973496,12.59757098559133,12.810170235019491,13.020423863774866,13.230237812427319,13.439874233616237,13.649495208540841,13.841850767484969,14.028989253759768,14.211544236728972,14.391391823186138,14.583413228828041,14.758191534006842,14.92760966655659,15.095626151879479,15.261462741303655,15.425266158064854,15.56999750758487,15.705003239653562,15.833434566642895,15.954191256656724,16.065626689618565,16.152364001372533,16.226608111207938,16.295135823934377,16.362716854502192,16.426768286920808,16.468155008292072,16.496736957521833,16.515274074530584,16.522555461196458,16.516390343907766,0.06350329907958562,0.06329624846928135,0.06309371079275464,0.06291632292833704,0.06276958041132528,0.06265512875247495,0.06255334716567025,0.062470264588856794,0.062419779545993176,0.06240256795321762,0.062409359839270075,0.06243974655468925,0.062491096806832035,0.0625899521914878,0.06269117115582894,0.06279594040434953,0.06288757193830019,0.0629691112807913,0.06305454765427851,0.06314362535909206,0.06323724263837227,0.06331522528160337,0.06338102367845035,0.06344777012310561,0.06351599453568431,0.06358468309363825,0.06363643207556788,0.06367655147786247,0.06371777026929816,0.06376244577433739,0.06380985703973102,0.06384447864993183,0.06386870010962513,0.06389192627120903,0.06391363096689272,0.06393333660944599,0.0639352654433973,0.06392597147333677,0.06391543336894026,0.06390338867982293,0.06389154916023317,0.06386150080990516,0.06381930786601084,0.06377514915439739,0.06372836307865072,0.06367890216135959,0.06361043439242155,0.06352647731072175,0.06343952191099987,0.06335099255201176,0.06326120801578294,0.06316031445766357,0.0630460970133615,0.06292901737483382,0.06280925283245821,0.06268711736250512,0.06254474298390932,0.062388039511812036,0.06222626921107592,0.062061067329989394,0.06190359216571906,0.06172630853014417,0.061535067568439517,0.061341077844083575,0.06114391376320395,0.06094377750128163,0.06072348891104807,0.06048802784260016,0.06024717982709088,0.06000038162521677,0.059746885315034325,0.05947049793509464,0.05917831601510564,0.05888124681037805,0.058430258703328186,0.05785896100833929,0.05727351856980556,0.05666939993356907,0.056055161974284465,0.055430662251357114,0.05479580972393656
IND,Sixth,3.9709111549212923,4.098995560703512,4.229210280396318,4.364642434432465,4.5077974842385125,4.659342315584037,4.809195202818948,4.966151962309627,5.130736801046563,5.303341769818815,5.4789772412521165,5.656954896325433,5.842620093798687,6.037336220854471,6.238494914533307,6.44729940193508,6.653556260909513,6.866897568746195,7.088505649863892,7.318559501645937,7.558175876074557,7.793247540054247,8.034588670801623,8.282529678494841,8.537732281317252,8.799380021806815,9.053677044518501,9.31299755138721,9.579373571217847,9.855623953697238,10.141363181721363,10.423051569919965,10.71029963505236,11.00377853202846,11.302959545159528,11.607203359881339,11.900686126956284,12.198044109166021,12.501117802892379,12.80954214279874,13.1256400833223,13.429428570126131,13.735829257309762,14.04625387810985,14.359799196570929,14.676210904129448,14.976943347956793,15.274623077398994,15.573806890479196,15.876809161577425,16.184178008963432,16.48633168705297,16.78767220727017,17.090030098246245,17.39372976986371,17.69902731741469,17.98397201176697,18.264828499883436,18.541724040520815,18.817060336593986,19.10971610444654,19.381870868268628,19.64964728188276,19.917179072331546,20.183555601111788,20.44898359278279,20.691288347889053,20.9237935032544,21.14972079528332,21.36772786635725,21.575806234040442,21.753489067300865,21.917556095550182,22.075543266921677,22.23276415424402,22.386225622287267,22.51102410596055,22.62125935425444,22.719772374774948,22.805002930071236,22.874187301189895,0.08050039382547984,0.08029279913795201,0.08008914503777105,0.0799085145433914,0.0797559885561463,0.07963322466747799,0.07952286521805424,0.07942975991106899,0.07936704685542187,0.07933540678921856,0.07932663688620069,0.07934030570358165,0.07937351055884177,0.079451138219193,0.07953082267574677,0.07961360447480842,0.07968456922311787,0.07974588513329611,0.07981063092838883,0.07987856555172607,0.07995047103177384,0.08000839372123526,0.08005485884716913,0.08010214460520083,0.08015070968712,0.08019965587799294,0.08023353606687095,0.08025659637230434,0.08028061552888531,0.08030765575288966,0.08033708756933568,0.08035512801973081,0.08036350366764619,0.08037094601280516,0.08037698588525162,0.08038120200133961,0.08036962483179727,0.08034766783420501,0.08032454580385612,0.08030002329581136,0.08027560533070575,0.0802349633166827,0.08018307484904559,0.08012935476574864,0.0800732108824257,0.08001459804220366,0.07993893086226142,0.07984894002178555,0.07975612653060848,0.0796617400055527,0.07956606135960143,0.07946017194259787,0.07934175433187143,0.0792205455642426,0.0790966921212131,0.07897046220968122,0.07882566327184791,0.07866722531495582,0.07850386168896224,0.07833701962821733,0.0781767456998665,0.07799798834512492,0.07780568504758292,0.07761038356398807,0.0774116779440023,0.0772097299927538,0.07698862961030536,0.0767525856868304,0.07651088859838526,0.0762629752334205,0.0760081131093636,0.07573106151024332,0.07543804275667652,0.07513945988602014,0.07469573158329809,0.07413656992622768,0.07356055575994587,0.07296299335797354,0.07235213184530156,0.07172768529495399,0.0710894074568986
IND,Seventh,4.595705339535368,4.752686181489455,4.91287881906292,5.079450029854858,5.2551402295557255,5.440690838207825,5.624335434863864,5.816578757654128,6.01776742259883,6.228327432787574,6.442057830709462,6.658562352000094,6.884158987318175,7.119761233823523,7.363469380537446,7.616647779039681,7.867310943923644,8.127191354798295,8.397290538702569,8.67786713088279,8.97025103788451,9.257816843558413,9.553953014971228,9.858608257475183,10.1726531281975,10.495217689980645,10.80996147546379,11.132044301581601,11.46333301668149,11.807123000570297,12.162925372367978,12.514860009433503,12.875016602027308,13.243728061584068,13.620489778713779,14.004693392767525,14.377438654617091,14.75672591724481,15.144144339677803,15.539390343452343,15.94521762129404,16.337503337447973,16.735126795817976,17.139216021357612,17.548788414789822,17.963619497001883,18.361459643366768,18.758486699938505,19.159220950311102,19.566347820030348,19.980498168130417,20.39011936869951,20.80168058842058,21.216627294994918,21.635375958761685,22.058315030334747,22.458620615712533,22.857385225050074,23.253841365592713,23.65097772093367,24.071976088197523,24.470109582271153,24.86644300301788,25.26487355030239,25.6643905562131,26.065302071819815,26.43991270082762,26.806332539103693,27.167436936426203,27.521658390469796,27.8666310715217,28.176278625641128,28.472861184677203,28.764259560918596,29.056261381293808,29.345497757061743,29.600701553285706,29.841206949716568,30.069501381502505,30.283646798034997,30.48026026581629,0.09695040932236716,0.09680342481491776,0.09665858719872886,0.09653055803105179,0.09642350137362235,0.09633888003652621,0.09626305113478947,0.09620027720387321,0.09616068884547957,0.09614489863183531,0.09614639243457083,0.09616488327102209,0.09619836373899601,0.09626588191456026,0.09633485819450896,0.09640610917741552,0.09646788053813755,0.09652222220639262,0.09657912673063275,0.09663839309644774,0.09670063004387935,0.09675177867840934,0.09679413834033922,0.09683702060716558,0.09688078783682112,0.09692473345672888,0.09695684162432609,0.09698066759330837,0.09700515167883579,0.09703190474784401,0.0970604248901565,0.09708003303534525,0.09709225487923462,0.09710368244060864,0.09711395594656082,0.09712274596071041,0.09711923420205712,0.09710776654934745,0.09709531802484153,0.0970817055466236,0.09706809462988437,0.09704182141662995,0.097006863370848,0.09697036347261258,0.09693185487008789,0.09689129628723425,0.09683733046795913,0.09677215379775643,0.09670456528992669,0.09663553472024011,0.09656527400339511,0.09648679895018239,0.09639832500833244,0.0963073477458058,0.09621396828868643,0.09611838282113569,0.09600775345454012,0.09588596724745715,0.0957597846594305,0.09563032980883211,0.09550564729412288,0.09536564568435314,0.09521422967097198,0.09505974867958299,0.09490184698229281,0.09474063116435041,0.0945630996490862,0.09437256839402956,0.09417649586313609,0.09397436387979194,0.09376550950040718,0.09353720485052021,0.09329443478833703,0.09304573014841923,0.09267337858854963,0.09220044392807895,0.09170926708049436,0.09119550920693996,0.09066596557486194,0.09012016941925023,0.08955768497665786
IND,Eighth,5.700142020333104,5.9071569410035325,6.119307780188199,6.339913149120088,6.5721068343852,6.816761055619373,7.059145056235187,7.3127565368297835,7.577666775813301,7.854364168778092,8.134416571618456,8.418116014152448,8.713389810504092,9.020426277470687,9.338491861541616,9.669219259819045,9.997471618070307,10.338637160126575,10.693423459780343,11.06223211212242,11.446763605575818,11.825963732524686,12.217739837496039,12.621402722315747,13.038202569770187,13.467189769904097,13.887559149067675,14.319332553385898,14.764094408724748,15.225957626400985,15.70423916423783,16.179001175897834,16.666683883471684,17.167041439159394,17.67963192586376,18.20393182530326,18.715663786949765,19.238701043687367,19.774184682334266,20.321944913068393,20.885479148741826,21.433404623568617,21.991599349397923,22.560713129861053,23.139652094539905,23.728267420109177,24.297869508143837,24.870930858388018,25.451851552453096,26.043944246192428,26.647985903338036,27.248963369303546,27.857129202422193,28.473244505615924,29.09790679949622,29.731769851651613,30.339514349413946,30.950857400287124,31.563437167073992,32.181296171762376,32.83504121590409,33.462446474012296,34.09344967780729,34.731407058580416,35.375199151297494,36.02535630482901,36.644521083449554,37.25956990627403,37.87263880470394,38.4818556301308,39.08433317624926,39.64411006507614,40.1934200700442,40.740454563566054,41.29159494239079,41.84299177243542,42.352363960122446,42.848749605948356,43.33382174324643,43.80508736481716,44.25821687600211,0.12756961348120588,0.12747789494988238,0.12738607636889904,0.1273002981608662,0.1272224054629149,0.1271533929031602,0.1270891851759331,0.12703018646323824,0.12698130979264508,0.12694300551408577,0.1269133120743649,0.1268920368591992,0.12687740512223697,0.12687824937291728,0.12687943319144904,0.1268811962982632,0.1268795728350802,0.12687412228504708,0.1268693909019073,0.1268652850200072,0.12686196454205254,0.12685485773130112,0.12684358577384328,0.12683239739388913,0.12682137863203255,0.1268103118745407,0.12679537333447904,0.1267767130120587,0.1267581739654494,0.1267402097173017,0.12672268070361514,0.12670217319827476,0.12667832942972007,0.12665406026876105,0.1266292456502293,0.12660378170060382,0.1265742586935642,0.12654119814907067,0.1265075910804505,0.1264733719564462,0.12643888304339398,0.12640004918738165,0.12635725234591458,0.12631362166321297,0.1262689897644913,0.12622332840691286,0.12617270683824394,0.12611694171156482,0.12605981302345445,0.12600160381934616,0.1259423693319875,0.12587939349863944,0.12581125149620287,0.12574143686281616,0.12566993959388892,0.12559679786007374,0.12551690968465923,0.12543079551134403,0.125341840935132,0.12525039902142565,0.12515952231555208,0.12506092686053574,0.12495527314068652,0.12484679790264117,0.12473529138302811,0.1246207320029663,0.12449703041740508,0.12436473038850446,0.12422783567881866,0.12408598753717295,0.12393875465822946,0.12377953928006714,0.12360976876188035,0.12343417118689291,0.12319354336855051,0.12289517192793067,0.12257829303694036,0.12223950245539497,0.12188273765855716,0.12150728543580315,0.121112435694913
IND,Ninth,6.8044958290174105,7.069754400573117,7.342746497572331,7.626667628898125,7.924996480724213,8.238706782373031,8.54998816085848,8.875635827036328,9.21513115041316,9.568976074584226,9.926186751098063,10.287942826087363,10.664009331013643,11.053053551927876,11.45671690646991,11.876933601079,12.295265905087692,12.731427735809815,13.185431105981412,13.657874434710688,14.150898856024465,14.638730346983879,15.144726176410384,15.667034235983754,16.207386358491497,16.764803029514372,17.313670447905935,17.879887742533537,18.464235072653647,19.071782322423577,19.70166071605699,20.329601220161727,20.977493838762307,21.64397953109571,22.32878290874267,23.03157975962432,23.722123747332077,24.431577023200784,25.160012261323633,25.907521941932572,26.67853510118355,27.43340783218163,28.206954671363913,28.998611422074585,29.807271879518257,30.632984007858408,31.439758887465395,32.258432389951956,33.092355726974255,33.945663795209086,34.819403932122356,35.69474988780861,36.58760772814443,37.496965756935786,38.42377728512006,39.36916639667537,40.28778635623766,41.22117807822285,42.163891513921186,43.1214268172269,44.13384519457393,45.119979956391745,46.12227142823346,47.14205927566015,48.17830304087318,49.23201715025785,50.25386789008617,51.28357443136286,52.32095355190398,53.36397218210067,54.409296371001815,55.408319043280144,56.40797596143111,57.41528436597937,58.437239526818864,59.469714561204285,60.45624391665295,61.44073703563057,62.422253947889956,63.397793337609734,64.36199880139365,0.1599231327257584,0.16008914117947648,0.16024961155017994,0.1603928532438331,0.1605166472788999,0.16062064406644666,0.16071460617021754,0.1607972128460861,0.1608606182430091,0.16090470711877888,0.16093387569537715,0.16094853117005672,0.16095105847693594,0.1609260454071953,0.1608991597688103,0.1608698076326764,0.16084630675801623,0.16082843175170744,0.16080799666081005,0.1607851009834162,0.1607592584080263,0.16074087843566962,0.16072938393676411,0.16071686401545174,0.16070305169109741,0.16068846066470863,0.16068236958748786,0.1606828908961446,0.1606824048288011,0.16067967211876658,0.16067504116098338,0.1606769464606267,0.16068477606396173,0.16069278826492,0.1607012686597714,0.1607104716791,0.16072901386881355,0.16075386938423275,0.16077901362865799,0.1608045782766264,0.1608296322808661,0.1608641797570577,0.16090533747367947,0.16094701120753335,0.16098953601172938,0.16103290780683469,0.1610858792764932,0.16114678521655404,0.16120841603988934,0.1612699855635919,0.16133129214031797,0.16139748234948134,0.16146976493985893,0.1615422666062925,0.16161483470851964,0.16168725262959566,0.16176832434083938,0.16185496656948542,0.16194217224442645,0.16202904091848688,0.16211028108419867,0.16219870821009455,0.1622912702423594,0.16238247076586976,0.16247239015697248,0.16256082012022208,0.16265487924554875,0.16275189342141896,0.16284743141109762,0.16294150109570735,0.16303415278203992,0.16313108581579935,0.1632287894241861,0.1633229450023741,0.16346318640634097,0.16363090528488666,0.16378753276054797,0.16393290846308084,0.1640637144790604,0.16417903172246456,0.16427787987843354
IND,Tenth,12.027308715982132,12.569911157917051,13.133676872996055,13.72100130640771,14.336781623298744,14.982430193481147,15.62552703193875,16.298656574731535,16.998365983905366,17.725155187537386,18.454508467122565,19.193911303641265,19.961057579286198,20.746727537115667,21.564956151567912,22.419039906448237,23.274912091880207,24.173333173171024,25.11061021680043,26.088391293124833,27.111003545848277,28.130120861511287,29.19618760996376,30.301277086074673,31.449704419929308,32.64058034322989,33.82539186029497,35.059106594646686,36.3378924294057,37.67146934535445,39.05805666408702,40.45330297934975,41.90662319130823,43.41058999902467,44.96617363823348,46.57454855616364,48.17697544423435,49.84128444503273,51.5613011348083,53.33896634989536,55.183490648829725,57.01522871878686,58.91532246082838,60.87615994908525,62.897261741748025,64.98031040232999,67.05464106528392,69.19560719052801,71.39907314997797,73.6736100016023,76.02221533287702,78.40823159417744,80.88058630437635,83.42722241598693,86.05190580983316,88.75929871859361,91.45577865219684,94.24823584440837,97.11273567930263,100.06350920966574,103.18874547760022,106.31466080035842,109.55500139793979,112.89625801679777,116.34014262938885,119.89241658857789,123.44507926916287,127.11506665825915,130.88531121852625,134.75622310480423,138.72568389814097,142.68216007064396,146.7623808099912,150.9600808062286,155.28538758051207,159.73820208721003,164.19379469102407,168.79262466060663,173.51351119785346,178.356456719721,183.3170051181036,0.33147850828013314,0.3327304529342468,0.33395735972673474,0.33503512258345336,0.3359303013602307,0.33663248121530176,0.33725882263833856,0.33777343699128004,0.33809211014332274,0.33821048427282185,0.3381839356756419,0.3380148641562425,0.33771954158779427,0.3371375596106286,0.33654181823603424,0.3359252420829481,0.33538785221083844,0.3349119673969049,0.3344131149887074,0.33389285779608024,0.3333458482674582,0.33289281457201764,0.33251373532029604,0.33212932768987563,0.3317364365367402,0.33134113006088295,0.3310474372574545,0.3308242323410521,0.33059479525130103,0.33034508875400687,0.33007940956427845,0.32989056747911777,0.329764862585179,0.32964555204468615,0.32953578719261933,0.32943843292411,0.3294477783262178,0.3295253268608476,0.3296108768897791,0.329706010625206,0.32980053760718836,0.33000461645622264,0.330282745028351,0.330573404254714,0.3308805830889921,0.331204594813914,0.3316434620478758,0.33217699312949844,0.3327296332053606,0.3332929174679336,0.33386496454516146,0.33450527537637215,0.33522801359426435,0.33596954603748086,0.33672887846003496,0.33750420560179173,0.33840363600549644,0.33939265603688146,0.3404145738562193,0.34145966196089744,0.34246058125154155,0.3435844518390514,0.3447970465819909,0.3460295105429064,0.3472845681548975,0.3485611537909873,0.3499646478789991,0.35146606166707184,0.3530048702268749,0.3545848140438363,0.3562107556075982,0.3579831484808078,0.35986000216569286,0.36177348747003546,0.3646453631126122,0.3682756406844029,0.37201199174829214,0.3758851178369016,0.3798418619649521,0.3838845380467599,0.38801521398568023
MEX,First,1.7250294746264874,1.767776162896252,1.812061190506953,1.8599065939283346,1.912478327057035,1.9698237879010665,2.03109017357312,2.094993078607058,2.1626134316801124,2.2338374431424297,2.3071628223233964,2.3842057906178318,2.4632261769243224,2.5487613437732977,2.639871405183887,2.737420668673802,2.8410715449106805,2.951088978495717,3.0691642808503024,3.1957114434090332,3.331578985555376,3.4752444087226593,3.627423176473411,3.7894909634337792,3.962184204541322,4.1457315979131,4.339110993715352,4.543838412693064,4.762402959099039,4.99685618498092,5.247980644917819,5.514762525143397,5.797660947595829,6.099043372526886,6.419791720376069,6.760754780858773,7.120263570723106,7.501819455019504,7.908806022184051,8.342637935847662,8.806204854363324,9.296170122991946,9.816898188141606,10.371795920743663,10.962694042454658,11.578644863005994,12.20169239808391,12.835181969931257,13.480202954268455,14.137959946899151,14.808825868421685,15.491897060736065,16.18647024432462,16.89192344437914,17.608451609424428,18.33615304092852,19.066546839803888,19.806452665401533,20.554152274860787,21.310946305037962,22.08734957596682,22.866283067577996,23.655328203991708,24.455028367124864,25.265020561557257,26.085653504651535,26.90706980671685,27.735910435644456,28.572022412401807,29.414765662868987,30.262999064086994,31.10614256181873,31.955104321953634,32.812770994379385,33.68246314810815,34.56268859867901,35.43832431925475,36.320716090050716,37.20928140360388,38.10329638457247,39.00110244688346,0.010444804098392957,0.010670892888029955,0.010910009381600786,0.011167050555015628,0.011442535294621426,0.0117356684863482,0.012043871377021863,0.012358190813573065,0.012685593088757063,0.013024989351614936,0.013370571283487603,0.013726996111508304,0.014084483038146477,0.014468170604490361,0.014872899333988724,0.01529974191853765,0.015746921863007843,0.016211528097417403,0.01670044188161553,0.01721425588811886,0.01775408158951996,0.018315872335569174,0.018898699896011457,0.01950828683491875,0.020145662956948727,0.02081104098968984,0.02150108913876837,0.02221547231348342,0.022960858207526132,0.02373929674727936,0.0245507776734044,0.025392340211174216,0.02626207124664786,0.027166134232816174,0.02810510417275065,0.02907947397364648,0.030085027342889845,0.031123136576050404,0.03220020428559892,0.03331698945713753,0.034475221302783646,0.035669108037934646,0.03690068730649017,0.03817562450875193,0.039494511584077546,0.04082169525517976,0.042116207396197765,0.043380934666500226,0.044616125521091864,0.04582211742554793,0.04698304393462361,0.0479316982263905,0.048853362597598524,0.04974829922360475,0.05061681929512244,0.051459274410790845,0.052276051237318086,0.05306756842604747,0.05383427161511134,0.05457663015675654,0.055295131130574285,0.05599027949405863,0.05666259097078974,0.057312592535175344,0.05794081935309047,0.05854781063889844,0.05913410850005117,0.05970025786805162,0.06024680220634516,0.060774283146495536,0.0612832396085933,0.061774205241208184,0.06224770824421657,0.06270427243729343,0.06314441034634787,0.06356862980968087,0.0639774288035139,0.06437129698940937,0.06475071322719674,0.06511614703257039,0.06546805770459221
MEX,Second,3.4552802958173063,3.534353614378459,3.6160499908697803,3.7034213906134448,3.798194660898592,3.900422429751471,4.0083787254735865,4.1204936509814605,4.238414614224367,4.361965978369752,4.4881520638839705,4.620157949731481,4.755308775237666,4.900304608725225,5.0537143326814045,5.216732717298725,5.388333758568842,5.569272726543009,5.7618895921120545,5.966680073905234,6.184778955436716,6.41314148553617,6.653342647689134,6.907100421488821,7.175354923225037,7.458209112869365,7.753343879902928,8.063318929178443,8.391254776834268,8.739776263797776,9.109505853565013,9.49823444425329,9.906779630293348,10.337761841441079,10.791904450974608,11.269859846370492,11.768032299786993,12.291381507966737,12.843500731285431,13.425520584362909,14.040471255974545,14.681811500684018,15.35560758997038,16.065021147541053,16.811208494409556,17.5813734819337,18.353674954012263,19.133653075862746,19.922971628017645,20.72339984754028,21.535567754826744,22.357522258275626,23.189567485664917,24.031206368443993,24.88289834509849,25.745009530629968,26.60603029341038,27.475813267538825,28.352416946504306,29.237761135056058,30.145592077021384,31.0532197493859,31.971143388780014,32.900188047427385,33.840074040325256,34.791387991665225,35.74117869153282,36.69877185360637,37.6641569103261,38.63672253396078,39.61526543479531,40.585974250512514,41.563209120381956,42.55045433507114,43.55169314988066,44.56529434460722,45.57204074084171,46.586851031150495,47.60916381702121,48.638229586389166,49.672217970943194,0.02135828408215927,0.021707710899210232,0.022075480674816867,0.022468740644191316,0.0228876700088702,0.02333050679584671,0.0237930407015708,0.024261112261344905,0.0247450844913293,0.02524297963394719,0.025746261830587758,0.026261247349383687,0.026773488290737377,0.027319367725748903,0.027890715883986197,0.028488384424580793,0.02910939102070116,0.029748863606596242,0.030415814984178932,0.031110312816764598,0.0318330497343449,0.03257812456378508,0.03334339871998047,0.03413583005644314,0.034955910288868706,0.03580309008476916,0.03667252995321317,0.03756283068971326,0.038481579767365194,0.039430249417730594,0.04040782675705324,0.041409947096141944,0.04243333837337283,0.04348446833624536,0.044562995208481025,0.04566846493589366,0.04679536254109946,0.04794407170676239,0.049120737796246206,0.05032505891813939,0.051557664897564165,0.0528116452606065,0.054087838881669396,0.05539107360279962,0.05672073808033926,0.0580399618626993,0.05930896825522678,0.06053210920170566,0.06171115144467167,0.06284781724061404,0.06392989054341262,0.06481810345653206,0.06567352354308525,0.0664971741066992,0.06729006922716439,0.06805320813241501,0.06878757321299872,0.06949412986800467,0.07017382058029074,0.07082757123324612,0.07145628414042608,0.07206083750476351,0.07264208993747938,0.07320087604594042,0.07373800480554447,0.07425426430159618,0.07475041943940285,0.07522720903447301,0.07568535162607062,0.07612554239643636,0.07654845233519725,0.07695473269705093,0.07734501215265255,0.07771989613187635,0.07807997282333143,0.07842580757857018,0.07875794628721446,0.07907691677121056,0.07938322641631836,0.07967736494821341,0.07995980444623102
MEX,Third,4.692115965037181,4.793459156549256,4.897734271889556,5.0085182349948045,5.12787499311744,5.255865212128964,5.390121419863653,5.52926808135818,5.675097823984921,5.827413129062552,5.982199431812941,6.143739023550911,6.309027548911254,6.485311504359636,6.670975291954281,6.867346368657542,7.0728547756593985,7.288744310298595,7.517471156616013,7.759501804130987,8.016054897109147,8.28303873163999,8.562700845947893,8.856671197041633,9.165908750124734,9.490335980442833,9.82674150070452,10.178386494361153,10.54839710223399,10.939557868901069,11.352247053462023,11.783455483935668,12.23426900642138,12.707037036349185,13.202216674395356,13.720171270853244,14.256126684727903,14.815787852414571,15.402379529458152,16.0166496928815,16.661428157842657,17.328390178842245,18.024388579171664,18.751945785593442,19.511606017657034,20.29142647509245,21.069807671604195,21.853422094745376,22.64427104723763,23.444439878228838,24.25473317494602,25.072809043559683,25.899515457538897,26.734478370605355,27.578316719556298,28.431551683153963,29.281654650241244,30.139649604953057,31.003577129928168,31.875611263997826,32.770560115456966,33.66394837404358,34.567273912370176,35.481478553196986,36.406338145186325,37.34253465285302,38.276250091667045,39.21765088475385,40.16679338636908,41.123101749627935,42.08538506735308,43.03901790765015,43.99930970050471,44.969908870752235,45.95496401559266,46.952819919672116,47.94330968654737,48.94223636832443,49.94905590638668,50.963026102770556,51.982292164445155,0.029314886016227996,0.029713944360368297,0.030132252179419658,0.03057768295435723,0.03105019117058459,0.03154750735541106,0.03206456011421676,0.03258559774420568,0.03312193363058221,0.033671215485287474,0.03422383052193705,0.03478676729693259,0.035344324405918705,0.03593555298310896,0.03655126501563512,0.03719203800517548,0.03785425680454996,0.03853259304939784,0.03923620414415796,0.03996475152929888,0.04071855644260221,0.041490957162603315,0.042279587203095055,0.04309118117886395,0.043925822018173355,0.04478250430106567,0.04565584896556943,0.04654428594587178,0.04745495148537197,0.04838886786206923,0.04934454313139094,0.05031719102450628,0.051303378037306634,0.052308874450723276,0.053332884468910824,0.05437450971152815,0.0554280299680323,0.05649364636522892,0.05757659875750038,0.058676121290687853,0.059792337847998846,0.060918349376449715,0.062054764320598116,0.06320540491684579,0.06436924277849072,0.0655142558248998,0.06660680385919635,0.067651913612404,0.06865211487628167,0.0696098051737724,0.07051481732420836,0.0712437945596882,0.07194177650859883,0.0726100778529401,0.0732499593675763,0.07386263395098726,0.07444926402157936,0.07501096733793841,0.07554881290036722,0.07606382689297403,0.07655699280079842,0.07702925220452302,0.07748150475229117,0.07791461395208112,0.0783294052879392,0.07872666969539237,0.07910716117124474,0.07947160382420572,0.07982068800799703,0.08015507556019656,0.0804753978632223,0.08078226003949855,0.08107623960647511,0.08135788903281484,0.08162773719275038,0.08188628961707536,0.08213402822645943,0.08237141594340783,0.08259889336139142,0.08281688383254168,0.08302578998469824
MEX,Fourth,6.395427567065946,6.527128449124465,6.662210827343883,6.804899846494858,6.957680305500543,7.120634261113943,7.290527873967993,7.466314712860702,7.649980241706945,7.841311764229828,8.03489308265931,8.236535644247702,8.442804191939043,8.661659726774976,8.89127415500493,9.133153141009794,9.384989740563235,9.648719529525767,9.926973831393463,10.220211657109115,10.529791904435072,10.85023307010517,11.184745517855921,11.534896300217056,11.901724241879732,12.284971738853345,12.680254059127886,13.091832457791332,13.522927680504754,13.976611323765685,14.453021234772834,14.948152963070662,15.463559618480394,16.00139150478576,16.56189129415938,17.14519256736829,17.745029549440137,18.36826570145277,19.01789538786578,19.694381820923816,20.400533024873642,21.125758127971732,21.878267818235543,22.660142966202585,23.471450215287,24.30076746828066,25.12574840901873,25.954632117897308,26.789820156112203,27.633773590371355,28.48747771441715,29.347847905001206,30.216538391810207,31.093281115880792,31.97886129849666,32.8739650207357,33.76427614694525,34.66264272960085,35.56699187626605,36.47984073967609,37.41776144617648,38.35309043693931,39.29899950988356,40.25657037158615,41.225615821605516,42.20693064560932,43.18496198574708,44.17138848042749,45.166332149777084,46.16922144447217,47.17882625207356,48.178742741730886,49.18614686109914,50.20497018451424,51.23967357840979,52.28852273613968,53.32916786386075,54.37931826368159,55.43843100223601,56.505740890545894,57.579300080424346,0.04042369193895582,0.04087472398333584,0.041346196288919466,0.04184672598969442,0.04237586884687243,0.04293072959844977,0.043505452867395294,0.04408211803687489,0.044673260995495234,0.04527608991744967,0.04588006608047135,0.046492596481411096,0.047096458324390765,0.04773416430249203,0.04839532077810517,0.04908017382352655,0.04978459034028113,0.05050246615443821,0.05124326467880229,0.05200623824217666,0.05279131012981614,0.05359131370971551,0.05440336642094737,0.05523416146965439,0.056083386216095994,0.056949643559982104,0.057827253039864066,0.058714223645403456,0.05961739485915429,0.060537327169980934,0.06147213809318119,0.06241685226906582,0.06336776728925408,0.06433018849692267,0.06530298765175813,0.06628495409879452,0.06727049699108922,0.06825941422785135,0.06925629533964744,0.07026006772953822,0.07127044283228261,0.07228102766129686,0.07329197351703806,0.07430641380653576,0.07532310533461196,0.07631391465212324,0.07725049740432466,0.07813819552657054,0.07898014529263234,0.07977925758168071,0.08052851982520358,0.0811335065375236,0.08170918482516938,0.0822570808239272,0.08277863602165741,0.08327521281780478,0.08374809984420654,0.08419851374657983,0.0846276062263229,0.08503646503495634,0.08542611841573854,0.08579753870895945,0.08615164468683337,0.08648930607570313,0.08681134568741024,0.08711853986076587,0.08741162534908833,0.0876912981698894,0.0879582181512094,0.08821300870216629,0.0884562605650756,0.0886885332238586,0.08891035755275878,0.08912223483148804,0.08932464210764296,0.08951802985233,0.08970282648183625,0.08987943858555812,0.09004825008697005,0.09020962783983139,0.09036391814033974
MEX,Fifth,8.125396266592462,8.285073663089452,8.448235835334643,8.61962622330122,8.802129130394105,8.99586138904569,9.196703763706191,9.404241455354745,9.620468150923235,9.845177912718448,10.071574687250083,10.30701052578189,10.547853151516646,10.80209691256694,11.067826653101376,11.346676969589788,11.635577857302199,11.937274628300102,12.254361559980206,12.587252940166083,12.937393723316195,13.297944859490986,13.673145680541293,14.064311310280306,14.472508745672666,14.897268562708456,15.333075382138771,15.785199161382726,16.256727422562726,16.750915384647293,17.267624505191684,17.80191837860848,18.355855561377787,18.931179024924198,19.527874518755485,20.1458100819429,20.777385010498687,21.430508772362746,22.10773083715734,22.809192936143905,23.53759022039793,24.280398151674547,25.047004986604204,25.838890784100908,26.655646916785297,27.487393856805248,28.31241575934491,29.140240161340284,29.973597356166074,30.815247654291955,31.666321359182167,32.52316538198393,33.38809137485327,34.260921704711826,35.142568914814156,36.03384343011528,36.91917746513683,37.81273344206953,38.71236829977848,39.62083852996059,40.555888407161426,41.48770725310863,42.43060671212411,43.38575772295536,44.352995858553186,45.333187941394996,46.30967128048966,47.295111172406834,48.289670714390084,49.2927828369598,50.30319517615895,51.3034227623592,52.31179249711371,53.332402478416086,54.36988790139745,55.42246413523282,56.466504057786274,57.52084394463548,58.58494108108908,59.658013976829544,60.738061920310294,0.05184773717722606,0.052319864952285446,0.05281173226105294,0.053332068534259196,0.05388011515352382,0.054452568714524544,0.05504310015074621,0.055633226600326234,0.05623565283200804,0.05684737880145044,0.057457609468821426,0.05807380831477532,0.058678688271157076,0.05931457394955819,0.059970733108598594,0.06064708377713261,0.06133921109297203,0.0620409159832481,0.06276114596575827,0.06349881793566597,0.0642534986106218,0.06501794496474522,0.06578921593104134,0.06657336355824077,0.06736975170896993,0.06817672500458655,0.0689886746884648,0.06980358649593954,0.0706274525029676,0.07146043572205649,0.07230047071568953,0.07314275392001288,0.07398379383133447,0.07482801147740756,0.07567410168363826,0.07652071323358187,0.0773627487293831,0.07819991930082329,0.07903585241429292,0.07986934777936844,0.08069987940240743,0.08152188656624165,0.08233539534113603,0.08314268769574498,0.0839424995894064,0.08471291913060346,0.08543282853195479,0.08610756301572989,0.08674056000679144,0.08733496032516283,0.087886255143816,0.08832412387469782,0.08873708339931055,0.08912670170669428,0.08949444054018858,0.08984166257235925,0.09016963872962942,0.09047955335550728,0.09077251233083318,0.09104954835021635,0.091311623277885,0.09155963687506127,0.09179443035474735,0.09201678702330152,0.09222744151145836,0.09242708052566825,0.0926163444114674,0.09279583388236198,0.09296611095348145,0.09312770169134035,0.09328109881223201,0.09342676532402648,0.09356513192461195,0.09369660661319129,0.09382156897891317,0.0939403768551731,0.09405336562125603,0.09416084993643976,0.09426312692961629,0.09436047494381247,0.09445315576954494
MEX,Sixth,10.627555881904161,10.82679938333978,11.029620717555902,11.241425522521899,11.465637045916777,11.702436776881315,11.946440271377934,12.198260538419792,12.45985852168061,12.731055925841693,13.00307129602812,13.285501007667438,13.57449421301592,13.877924055665456,14.193810922347437,14.523965185503375,14.86422303859294,15.21853827764894,15.589424702567266,15.977252573863822,16.383602536781808,16.79972626222926,17.2313877483717,17.679551205210927,18.145355694616356,18.62807374068765,19.1206085998689,19.62970949046857,20.15829501158743,20.709913640709004,21.28408858385987,21.874624496295546,22.484380942062316,23.11459621777685,23.764981677197216,24.43512402797057,25.115603597277595,25.815893614637638,26.53804284394304,27.281869452585248,28.050037550569254,28.827391382407225,29.62513977738778,30.44412579505714,31.28345685980428,32.135160844239465,32.97791008476785,33.82303910657754,34.67368206082021,35.53297146077821,36.40219258767039,37.276750683400046,38.15992755586153,39.05163511668982,39.95292733862326,40.86475771387147,41.76959445393692,42.68355477284442,43.60435174274162,44.535066772105544,45.49522573409686,46.451641116163024,47.42037397177038,48.40271044079924,49.39849819342794,50.40869346690976,51.41480238984703,52.43106164804091,53.45767909003377,54.49407282058033,55.538935607727645,56.57293051333465,57.616285557944074,58.67335207435747,59.74904972598177,60.841504376206046,61.9248644842165,63.01989588445668,64.12604658334084,65.24249890707954,66.36715255806385,0.06857076423528251,0.06904903837529774,0.06954575710116244,0.07006942357958101,0.07061875531291766,0.07119000159130022,0.07177664986373683,0.0723597463569172,0.07295194144749237,0.07355005701066404,0.0741436240998522,0.0747395907251273,0.07532105913166008,0.07592916458932059,0.07655304515916819,0.07719219121153692,0.07784216349204948,0.07849659607526181,0.07916363160387938,0.07984184328159681,0.08053038205356772,0.08122245848943163,0.08191490601656691,0.08261296130057683,0.08331564517010305,0.08402112903128442,0.0847243242186123,0.08542303475413207,0.08612216066392153,0.0868213807774824,0.08751856675225218,0.08820949817674177,0.08889096153912295,0.0895663518528147,0.09023430080557815,0.09089343023091156,0.0915396639002981,0.09217241890217244,0.09279423781062814,0.09340391133345353,0.09400069653325664,0.0945805620894005,0.09514317643234492,0.09568993111750328,0.09621969473766809,0.09671791733438083,0.09717209959481678,0.09758711212148759,0.09796650254707653,0.09831346277010444,0.09862734402429733,0.09887751957637951,0.09910854734927302,0.09932195276874117,0.09951913554071573,0.09970138127031566,0.09986986881756271,0.10002568250192544,0.10016981854969603,0.10030319089851003,0.10042664057078299,0.10054094161609008,0.10064680411938574,0.10074488166773342,0.10083577580422713,0.10092003942978546,0.10099818222116726,0.10107067252659978,0.10113794218343461,0.10120038716137342,0.1012583755347114,0.10131224262520985,0.10136230042363885,0.10140883378865993,0.10145210759595001,0.10149236501274526,0.1015298306424039,0.10156470963350403,0.10159719562825474,0.101627462759843,0.1016556751118419
MEX,Seventh,13.391003242595515,13.629074435512148,13.870222632648526,14.120385224130223,14.383564564996915,14.660045102321543,14.943043311472579,15.234793856325089,15.536916301360073,15.849304244545815,16.161064553771286,16.484253483253106,16.815165273878353,17.16044423769808,17.51825455926753,17.890542151112122,18.271934720499846,18.66789997536706,19.08055024560805,19.510166892845554,19.958418251832832,20.414552646789176,20.886102100118478,21.373383321648728,21.877560263954074,22.39759830245511,22.924778804762795,23.467493624149697,24.02817988729073,24.610595383476582,25.21387862784281,25.830593320963846,26.46453583024441,27.116143560616347,27.784805909415034,28.469788921677424,29.15996786337804,29.866382713227416,30.590301435618215,31.33118429125475,32.091590170311356,32.85401881880445,33.63142191293035,34.423797008398225,35.22977755311781,36.04469705516402,36.84930399798239,37.6564644271842,38.469623961488644,39.29218860378963,40.12553883831693,40.964299043613075,41.812536414116586,42.67021223897759,43.53846483915303,44.418330987055896,45.29083347169919,46.17352288413257,47.06399447671584,47.96554037808083,48.89887398234058,49.82846045264221,50.77156055515315,51.72951510138785,52.702160288579975,53.69049017174027,54.67481935899808,55.67040352971221,56.6774644366505,57.695398933184286,58.722853141666214,59.739366640955836,60.76632152590851,61.80820502918868,62.870080526946516,63.95000416816595,65.02084523602737,66.10448007306226,67.20033647421022,68.30756783946636,69.42400837048268,0.08726167049015664,0.08769403564885847,0.08814050617165241,0.08860834896914233,0.0890959814604167,0.0895996346737416,0.0901131453829096,0.090619866385873,0.09113062843889759,0.09164248657485578,0.09214635325575894,0.09264814398255705,0.09313374237871805,0.09363710500602755,0.09414871564437817,0.09466769543938873,0.0951899662155548,0.0957101575403151,0.09623432625980191,0.09676084932720456,0.09728857149638466,0.09781179996349398,0.09832791669317525,0.09884042074069091,0.09934813140400554,0.099849258783737,0.10033976701748083,0.10081793542507088,0.10128674006411674,0.10174549290210552,0.10219230138156084,0.10262402733862439,0.10303844264795045,0.10343727190386284,0.10381928896963458,0.10418330706138024,0.10452673516309408,0.10484914670815892,0.10515150835443206,0.10543281281269136,0.10569230427424878,0.10592784870646123,0.10613919456733241,0.10632654213307867,0.10648909579986816,0.10662287501516579,0.1067266171417471,0.1068042341777215,0.10685890861314432,0.10689344557083931,0.10691010981369657,0.10691124785112849,0.10690275436880897,0.10688586457654159,0.10686168747012705,0.10683121712176083,0.10679534278374894,0.10675486103523397,0.10671048351526677,0.10666284546709458,0.1066125142463935,0.10655999654910828,0.10650574229679918,0.10645015047185867,0.10639357696177007,0.1063363356039596,0.10627870316560664,0.10622092548219499,0.10616321702537396,0.10610576515955103,0.10604873444570743,0.10599226720177832,0.10593648606080343,0.10588149726373129,0.10582739099361413,0.10577424274529118,0.10572211540859822,0.1056710622617465,0.10562112504545475,0.10557233713367639,0.10552472394347161
MEX,Eighth,18.260397979759773,18.565419633164638,18.872568665666144,19.188577277022638,19.518413395879545,19.86257430443459,20.21184604402908,20.571505209690848,20.94250858352502,21.324911442696454,21.70411560410993,22.096549954661604,22.498850882744502,22.91528797040177,23.344379902746322,23.78830930548746,24.239603598546967,24.70645520622878,25.190260867346986,25.69119857910197,26.211127453857163,26.735865052648272,27.276117278462955,27.831123824665497,28.40216302286326,28.987755881452927,29.57642001355423,30.179472427054257,30.79859355678468,31.43797903303272,32.09620772605219,32.76379267493946,33.44628557962725,34.142901491596916,34.852625887022,35.574332290675784,36.29403522042447,37.02561906796586,37.7692457339891,38.52396130410755,39.29234718275072,40.05294133680744,40.821948840502955,41.59825045366836,42.37991646355628,43.16728154240403,43.94355855057558,44.72426020383383,45.51326808000328,46.31437536561565,47.12904453261696,47.950282654921445,48.7836123542107,49.62902253882753,50.487742811374886,51.360910441433,52.22665365976561,53.10524520702944,53.99400659060048,54.89659730175598,55.83607441176087,56.772142113016436,57.724455807141524,58.69444599657209,59.681907093791914,60.687897586024164,61.69015934782178,62.70608687837408,63.73591521048505,64.77898297975295,65.83382356403669,66.87742277546683,67.93370597151797,69.00744994557041,70.10404549918742,71.22140705756283,72.32940143613253,73.45247859255085,74.5900299961182,75.74114044457359,76.90349495158377,0.12064205947477186,0.12094259068791585,0.12124972661239876,0.12156779009786033,0.12189456312126508,0.122226564819786,0.12255935054536272,0.12288078892948492,0.12319804357622514,0.12350881344439009,0.12380782933153064,0.12409792734274658,0.12437059464394117,0.1246459749882839,0.1249175164823239,0.12518380009713398,0.12544213838068166,0.125688682026822,0.1259258650339978,0.12615199484293396,0.12636554907643627,0.1265637944782003,0.12674464327697704,0.12690885750919256,0.12705508750170227,0.12718192649164287,0.12728787046577342,0.127371559619316,0.12743290819349862,0.12747066060581602,0.12748360712865672,0.12747096377874054,0.1274319677953224,0.12736588812543825,0.12727194500519387,0.12714946086593307,0.12699881582575828,0.12681934224556468,0.12660973178100524,0.12636946015175018,0.1260977906525168,0.12579628332918272,0.12546428649105185,0.1251003823766107,0.12470443008803325,0.12428767908928601,0.12386519129878357,0.12343854357359788,0.12300987022684091,0.12258095262917561,0.12215985891520732,0.12181674045798126,0.12147854186836038,0.12114592205385427,0.12081942541508672,0.12049949659809929,0.12018649426573012,0.11988069908080717,0.11958232780880768,0.11929153578801087,0.1190084307783122,0.11873307282539824,0.11846548755773191,0.11820566532162725,0.11795356805336198,0.11770913412211026,0.1174722796297341,0.11724290513769334,0.11702089252383305,0.11680611573341736,0.11659843499813376,0.11639770340246666,0.11620376742595638,0.1160164667386013,0.11583563892731,0.11566111830857101,0.1154927368673042,0.11533032542273809,0.11517371561759418,0.11502273795407142,0.11487722530798099
MEX,Ninth,24.61851092264576,24.994622631940135,25.369630315712623,25.750741531421248,26.144223255111747,26.550993564039825,26.9586879727695,27.378130216768422,27.808438636388072,28.250033774195348,28.683772665730967,29.131739428785725,29.592224961109036,30.063041405217415,30.543876462746493,31.03711683588853,31.53262563400173,32.0427348446705,32.56703727893454,33.10552378091695,33.66019969366551,34.21279468901153,34.77842805161272,35.35426879448119,35.94166694177326,36.53858104566074,37.130389775227975,37.73229799451899,38.34431289913899,38.9710111589797,39.61032427337677,40.25061226873178,40.89988200911418,41.55525489089588,42.215256411422466,42.87833358493764,43.527719640135636,44.180636066451626,44.83541333024766,45.4906832411724,46.149021363127005,46.78540458032332,47.41960115942536,48.048875642233305,48.67084533021163,49.29475580939245,49.91039109009879,50.535364940794885,51.17368469191401,51.82922140519091,52.50327578288183,53.18739135080701,53.88809867849544,54.60522969696609,55.33990600208444,56.093168525355296,56.84106261196137,57.605614465400706,58.383837022292035,59.179494793084125,60.016902693928934,60.85276279303581,61.70809071902836,62.584255712654894,63.48092102128871,64.39907471846546,65.31502902074162,66.24726325685019,67.1959420768703,68.16029850954314,69.13874492127162,70.10704453772114,71.09027200592216,72.09326418604022,73.1214755510889,74.1726866339854,75.21551141385872,76.27541872956027,77.3517316071218,78.4434603872062,79.54818948745444,0.16489366387518536,0.16484931762614544,0.164793261100928,0.16472301897986716,0.16463692859407145,0.1645337981014761,0.16441326174982362,0.164278675215832,0.16412668665655322,0.16395733174567992,0.16377325756103073,0.16357222862620172,0.1633602693063365,0.16312140908676434,0.16285781293877208,0.16256793773041833,0.16225210958977662,0.1619123169405085,0.1615428931374566,0.16114278898451842,0.1607106686295715,0.16024915213993374,0.15975940633250438,0.15923637607948313,0.15867911887758757,0.15808742795600542,0.1574641816445724,0.15681053730111466,0.15612063528883657,0.15539307205430247,0.15462830597284763,0.15382950485241095,0.15299955068446916,0.15213317063684556,0.1512306483021212,0.15029243324899724,0.14932323730966554,0.14832336817804698,0.14728767939984203,0.14621666045938136,0.14511007012015362,0.14397418128008735,0.1428090115134912,0.1416105120426984,0.14037963695923775,0.13915164048827408,0.13796487976601965,0.13681672564607925,0.13570655457145858,0.13463359301446803,0.13360917054756824,0.1327563254127745,0.13193386837260404,0.1311410726453323,0.130377177130933,0.12964139569997865,0.12893292729031464,0.12825096093471844,0.12759468125035867,0.1269632750321345,0.12635593482687763,0.12577186102867366,0.1252102651502033,0.12467037338026286,0.12415142531061053,0.12365267777397315,0.12317340634606512,0.12271290410081524,0.12227048279270299,0.12184547427120224,0.12143722985497914,0.12104512016140698,0.12066853688961167,0.12030688998489614,0.11995960966811602,0.11962614350497613,0.11930596106311363,0.11899854779495704,0.11870340769360319,0.11842006352682688,0.11814805392453379
MEX,Tenth,58.050008488200966,58.73072639845862,59.38670287329904,60.025029496969964,60.65897850243404,61.29280312866162,61.89832790052512,62.52221945855766,63.15056812469888,63.78669732716906,64.38876669037987,65.00895883234935,65.65830586264777,66.29011242314996,66.91344959401937,67.5320163104819,68.1227052959142,68.72178270547772,69.31774886801878,69.91046096244676,70.50331033758545,71.0589408894328,71.61684103808682,72.16308505116892,72.70035262200894,73.22501644127048,73.70834336899335,74.18632272315925,74.65043680407611,75.10797728431666,75.55510043800886,75.97137587004791,76.37862335750317,76.7645163082729,77.12692888384207,77.4638805952209,77.74696754675556,78.01055049756494,78.24559283514186,78.45053227626413,78.62950640900357,78.74240134722157,78.82722955738768,78.87573339666415,78.88523966615341,78.90353717917229,78.94490909453783,79.03500724924655,79.17654648444412,79.37215825853406,79.62100617533036,79.90567505861594,80.23724537922956,80.61392429949495,81.03552295900617,81.50196128337838,81.97749152062411,82.4929268459764,83.04325559577936,83.63245159128803,84.29164004352495,84.96030720928928,85.66708310927825,86.41288287387694,87.19656585987728,88.01869707258481,88.84637978355805,89.70490603761709,90.59400837371174,91.51228751141619,92.45740579092762,93.39636917424413,94.36225010489262,95.36040895758549,96.39694727007557,97.46894297138601,98.53518576409793,99.62921052629446,100.75000600770836,101.89616647787496,103.064641570616,0.40524243861164155,0.4021778805785527,0.3989950782280487,0.3956391496960315,0.39211739103685667,0.3884530198631158,0.38468756724721637,0.3809406776555681,0.3771311748426598,0.37327865803466054,0.3694505965665221,0.3656006937693563,0.36183689220899384,0.35789451676420514,0.35384197565504394,0.3496809535725689,0.3454392512004255,0.34115588052599466,0.3367764123103513,0.33230814715172124,0.32775433223713485,0.323158582192522,0.3185388595097007,0.31385856127193545,0.30912148385754484,0.3043372537972371,0.2995384608676813,0.29473653380995485,0.2898953189672413,0.28501321674117697,0.2801014623939634,0.27518692133258127,0.27028872855521907,0.2653796404869236,0.2604657437319333,0.25555325263933326,0.25066988222868997,0.24581553578934062,0.24096715406080677,0.23612957006785207,0.23130359213678744,0.2265191076923389,0.2217736716288477,0.21705142779943093,0.21235704504826697,0.2078171413473878,0.20355590675173266,0.19954266845820354,0.1957580669000106,0.19218458826863485,0.18885098992796642,0.1861869400469043,0.18366135716719115,0.18126585424166516,0.1789926499914283,0.17683451742548842,0.17478473979691134,0.1728370637132374,0.17098566522294562,0.16922511114610053,0.1675503298122112,0.1659565831933639,0.1644394401737389,0.16299475352631632,0.1616186372245874,0.1603074480478505,0.1590577697661723,0.15786638997371502,0.15673029452955153,0.15564664617782062,0.15461277598214787,0.15362617008349538,0.15268445971927458,0.15178541317744731,0.15092692136602395,0.15010699671558692,0.14932376059829996,0.14857543666102865,0.14786034599360018,0.147176900028613,0.14652359566676545
NGA,First,0.6685283255402298,0.6760943909628309,0.683006306216295,0.6904687700965144,0.699364711661999,0.709830068861249,0.7201045772047038,0.7315881851961397,0.7444253003110289,0.7586991134137314,0.774478120178062,0.7924826592349997,0.8132342688083616,0.8368109184292979,0.8625083562190028,0.8908565220148811,0.9203487911101421,0.952758311493231,0.9885661468289424,1.0279357088659473,1.0703379440838023,1.1114288095482296,1.1555928921419734,1.2030818227703286,1.2539937855142336,1.30722079102234,1.3570499241003469,1.4095769138500076,1.4684419042642833,1.538390513624826,1.6138182366257132,1.691969484581973,1.7745460756413234,1.8619842556328803,1.9542366815549028,2.051131995809036,2.149797493074491,2.2534492688268735,2.3629855904716224,2.4784163756949877,2.600643737838476,2.714425187563408,2.827835645771607,2.9458423540349754,3.068401454557328,3.202965682558439,3.345855273326282,3.4976610212640606,3.655539610433928,3.8197963710236675,3.986930499708065,4.150715854543582,4.320991262767916,4.497842322180473,4.681855243307276,4.873334338950151,5.067064436682797,5.267208966941198,5.473628540453038,5.686760487797187,5.908479137313578,6.133429089776683,6.366806479653794,6.609789441974731,6.8625298857371995,7.125560004791027,7.3928325059731845,7.668284234966529,7.952358599048665,8.232447089500884,8.51057518994782,8.787323933038515,9.069440721670391,9.359663612323047,9.661058847781382,9.972448587388541,10.284791554867963,10.603958023155519,10.929727444707973,11.261624658282043,11.59831022541235,0.007147582575640016,0.007226969418238306,0.00730574301265287,0.007389199709496621,0.007479616860985375,0.007577597455400799,0.007673193434811465,0.0077733063832818245,0.007881177543655795,0.00799725516558095,0.008120390259172239,0.00827203963650539,0.00844449365567612,0.008639263532755641,0.00884728871769225,0.00906992696897273,0.009298004982961013,0.009538738715666868,0.009795631436267733,0.010069011649380889,0.010349158044736956,0.010600483498386317,0.010862409865647557,0.011137710611666178,0.011426438221214868,0.011718143451299807,0.011967617128027597,0.012223680382151039,0.012516989307941671,0.012882416815437319,0.013262715336713611,0.013647512939082508,0.014042716845018522,0.014450219147643167,0.014869606508858433,0.015300326179315628,0.015732120534300665,0.016173133648553373,0.016625836298832592,0.0170899511237821,0.017566382522380408,0.017968416254702194,0.018343278205173744,0.018723867355320223,0.019109910299838568,0.01954244531571662,0.02001142831725881,0.02050707423524253,0.0210080723423218,0.021510636089533866,0.021994843007880113,0.022443011644234352,0.022895870925013325,0.02335484291503834,0.023820293695549735,0.024292366060793887,0.024760563309359915,0.025232683231729308,0.025709556697573573,0.026191545888656246,0.026680511768719748,0.027165989296017143,0.027655983998603143,0.02815236288613901,0.028655053458898332,0.029164255225718933,0.029670416281519462,0.03018011514899357,0.030694442278748554,0.031178532562034973,0.03164178006584848,0.03204364758724262,0.032219366931681565,0.03239536186861073,0.0325717639146532,0.03274868073616347,0.032924650085718016,0.03310049368510225,0.03327712095802706,0.033454638434063384,0.03363316081024898
NGA,Second,1.260642998173798,1.276312591040291,1.291268431947049,1.3072853890174063,1.32568318429247,1.3467125567510314,1.3671305925458892,1.3897504672337055,1.4148415301292885,1.442590696123706,1.4730068676552095,1.5066653553770608,1.545008208654363,1.5882098092759667,1.6353300996000972,1.6871906362094915,1.7408800848463972,1.7997425120147423,1.864510156273168,1.9354662190582883,2.0119284645879256,2.0868944485958636,2.167418953004636,2.253880988394831,2.346470727408448,2.4436682549186384,2.5365224134589326,2.6344627215058067,2.742602158366895,2.86760394865479,3.0016499875069305,3.1398194775694512,3.285454574822472,3.4391689499940292,3.60091577155651,3.770479502064707,3.9425956716244763,4.122852404079594,4.312500054470711,4.511573720477291,4.72136260517504,4.9196997254142545,5.118980175795067,5.325939293683038,5.54054456714197,5.772807911707493,6.015932879232505,6.272211125648634,6.537916276129973,6.813554936014724,7.094596531042898,7.371030669644039,7.657459286604571,7.954009520615263,8.261504759801207,8.580388467706774,8.901569571994418,9.232465543482698,9.572855067841067,9.923377251566977,10.286824484466683,10.653621999453428,11.032613903288079,11.425379112453994,11.832123062822015,12.253567650447987,12.679311970159327,13.116582419880926,13.565933863081906,14.011569819472987,14.456059529473718,14.897178708282068,15.346054175132613,15.806448237505913,16.28251262510159,16.77270429230835,17.262432138915116,17.761788215528593,18.27046759379608,18.787852569148537,19.3121665574257,0.016371519968048073,0.01650633144692986,0.01663965550073329,0.016780662911160104,0.016933103354204213,0.017097865378671726,0.017258148049079356,0.01742526968256301,0.017604777918298772,0.01779726010187957,0.01800066730886108,0.018252133769069204,0.018537095333505383,0.018857526055309062,0.019197477810479684,0.01955873501834111,0.01992631382693518,0.020311235470568643,0.020718825465182805,0.021149095767485186,0.02158582878766101,0.02197285559183602,0.022373116398710376,0.022790738779217723,0.023225431227488637,0.02366067437141852,0.02402762416975299,0.024401663262679812,0.024829206127330337,0.025361533330121533,0.02591058131631009,0.026461364241612988,0.027021953673708833,0.02759487512907685,0.028179258932757675,0.02877408376554311,0.029365330196885565,0.029963824206705375,0.030572783310291275,0.031191595871300975,0.031821181896544266,0.03234474001424192,0.03282752238650503,0.033314336639845496,0.033804763667791365,0.03435276467535062,0.03494472955488694,0.03556632658695818,0.03618939026959425,0.036808980226927406,0.037399970439721125,0.037941496808483514,0.03848483290445842,0.0390317373371845,0.039582559560839434,0.04013739078293082,0.04068414020361391,0.04123175554451162,0.04178125892407225,0.04233301954927227,0.042889047035904515,0.0434376855045401,0.043987797318401044,0.044541477816825284,0.04509857802940247,0.045659241245143534,0.04621320048276024,0.04676750800945124,0.04732337833677023,0.04784202921156263,0.04833455213818025,0.04876115375907235,0.048954304310139064,0.04914735771078608,0.04934045685661293,0.04953371755497282,0.04972554947540282,0.04991685102183531,0.05010861161773709,0.050300945476420424,0.050493972158377386
NGA,Third,1.6459722212270265,1.6670569161669244,1.6874445217704344,1.7092041142438683,1.7339036246110662,1.7618672754945937,1.7889054879822603,1.8187901670404913,1.8518399593413286,1.8883116660989296,1.9281492448158317,1.9714912014116583,2.0205684682794876,2.075596497161278,2.1356139281283717,2.201602986262644,2.269746288109579,2.344412851645566,2.4264332544010774,2.516151759467095,2.612933944108724,2.708517910964308,2.811166670904201,2.921281164628697,3.039100069735906,3.163020396367241,3.282725355200126,3.4090180573334723,3.5473226635080377,3.7047389292263446,3.8731234670823462,4.046212339137635,4.228397959153375,4.420333567857976,4.621955287071,4.83300578295664,5.0467409735199125,5.270186391244869,5.504713133574008,5.750345895772964,6.008551089388469,6.25509585114901,6.504052986500858,6.76231416060941,7.02984547135482,7.316877249292354,7.61461806335289,7.926858203368116,8.249991371654705,8.584754536037218,8.926720216035513,9.264038658241637,9.612938433014719,9.973492255433676,10.346619934328402,10.732808871268851,11.120736904685474,11.519712462009048,11.929396068594373,12.350502474151527,12.786278466723264,13.224744006510354,13.676795517563072,14.144117297398754,14.626905870337346,15.125938477849292,15.62838998459949,16.143343409040334,16.671315543032716,17.1967879241555,17.722172690052425,18.24260682404354,18.771590161271376,19.313333036057827,19.872483320009945,20.447311743028038,21.020345820158287,21.603928670151536,22.19765118373201,22.800811470568487,23.41141265821513,0.023262024021049148,0.02342529288605889,0.02358654173169321,0.02375670821287419,0.023940269508550403,0.02413823355924922,0.024330410986859084,0.024530511296011682,0.024744975319298763,0.02497442847740544,0.025216345699862155,0.025513441555465338,0.025848822515810378,0.026224424937683156,0.02662156459317822,0.027042113816402192,0.027468379319857482,0.027913227410538782,0.02838248608126075,0.02887589263976295,0.029375019637461357,0.0298166998680422,0.03027194395477875,0.0307451543416064,0.031235808340617854,0.0317255289420213,0.03213854699397483,0.03255830510720832,0.0330352459269341,0.03362431164574374,0.034229118779921686,0.03483294173888503,0.035444742591760364,0.03606709021347069,0.03669890272283222,0.0373389457176246,0.037972003395470647,0.03860986721978459,0.039255832309395826,0.03990913643452189,0.04057066003802245,0.04112043613242046,0.04162667556931158,0.04213534124094157,0.042645970588182064,0.04321292892569798,0.04382142130249942,0.044456964939279114,0.04509123632397966,0.04571941330002736,0.04631683688563167,0.04686301745342847,0.047409012232860516,0.04795651476657789,0.0485058595291591,0.04905711075810729,0.04959817482563987,0.05013810660541217,0.05067786681810079,0.051217815860767395,0.05175993631332061,0.052292765794323334,0.052825108553802756,0.05335894983977666,0.053894123523642715,0.054430749852958725,0.05495889356432813,0.0554854558981343,0.05601156247122663,0.05650159192377486,0.05696603256332587,0.05736614350085229,0.05754233007006863,0.057718189705755554,0.05789385184050674,0.05806942404224014,0.05824346266985895,0.05841678819357194,0.05859029746350989,0.05876409144193863,0.05893827816942848
NGA,Fourth,2.1755860050788547,2.204222303087947,2.2322238970763464,2.2620322932120946,2.2955299520127617,2.3331417481795387,2.3693803966725078,2.4093438193429595,2.453425690283776,2.5019814042593618,2.5548416470291064,2.61157911350921,2.675497583266145,2.7468785363285377,2.824739600442936,2.9102741565508152,2.998412494280129,3.094932351687761,3.200799664265963,3.3164464278667722,3.4412980082309623,3.565347097639269,3.698541199767964,3.8413189083337596,3.993990969568784,4.1548436017552355,4.311648505892335,4.477119583693302,4.657123816665492,4.859381480881269,5.075255830262076,5.29665239544919,5.529424458720232,5.774285388993621,6.031161163577028,6.299755921237756,6.571288238644063,6.854750257363026,7.151678137671166,7.4620996067316225,7.787719743131541,8.101219620988852,8.419091130335799,8.748546318381312,9.08955885451804,9.452819425627624,9.826828493615206,10.21741327483218,10.62103638272717,11.038711691823353,11.466037420580676,11.888546063750809,12.324914036227336,12.775173389235693,13.240381224586066,13.721099450597952,14.202915353246425,14.69777757387202,15.205221368396444,15.726079640874493,16.2642199404727,16.80430428447689,17.360089404779384,17.933430233358727,18.524536833749966,19.134282669344493,19.746466785387454,20.372812376109046,21.01382619321106,21.653883741398694,22.29530084061272,22.92977371176239,23.574111298802027,24.233136612470595,24.912155886811036,25.60922158845959,26.302814658419653,27.00848241733146,27.725713507185777,28.45371392494371,29.190215903333918,0.033641128378560904,0.033834367218964025,0.03402488994143209,0.03422576319396824,0.034442197760446054,0.03467529351698187,0.034901228871964486,0.03513595514895899,0.035387117519023376,0.03565533677991012,0.035937563033192586,0.036284698060445854,0.03667580316519595,0.03711275939877542,0.03757314135956476,0.03805883713483889,0.03854935607510143,0.03905913465706269,0.039594681302625084,0.040155379098976686,0.04071974531267171,0.0412160234057542,0.041725459186286375,0.04225292598474381,0.04279762309981719,0.04333870242827225,0.0437917149877796,0.04425042442389786,0.044770906506499085,0.04541326486596553,0.04606956991339888,0.04672171127319027,0.0473792001924305,0.048044748166946316,0.04871707846198926,0.049394782781058126,0.050061892257038824,0.050730709498346814,0.05140466682930335,0.052082883425883145,0.052766167873714395,0.053329548689932615,0.053845179654713866,0.054361268524838635,0.054877336146801084,0.05544929048115058,0.056061672840459154,0.05669881862260611,0.05733159912110848,0.05795513623879847,0.05854474304094489,0.059080690806376186,0.05961422838469883,0.0601470661149601,0.06067951387830283,0.06121161889956748,0.06173186850704923,0.06224892404487876,0.06276376055553057,0.06327672555617952,0.0637896668902352,0.06429189152483533,0.06479163680410559,0.06529079182251749,0.06578919048121591,0.06628692857978925,0.06677494300326227,0.06725956754832133,0.06774187626797201,0.06818873261989443,0.06861025930394332,0.06897294487034271,0.06913576226246572,0.06929806142043339,0.06945996363141314,0.0696215679276668,0.06978154876409971,0.06994066405008335,0.07009973861811777,0.07025886389123305,0.07041813710992151
NGA,Fifth,2.686509092537649,2.7225127900997013,2.7579749325612863,2.795646456322554,2.8376924878621224,2.884633901492997,2.929743980555089,2.9794266292631244,3.03412333198128,3.094286138880901,3.1596140088578575,3.2288969061522956,3.3066064621533355,3.3930720047254606,3.4873843339297634,3.590922649037244,3.6974169275197806,3.8140062453846437,3.9417423345718583,4.081130612335639,4.23175787413748,4.382257358931828,4.54383268028214,4.716915808795353,4.901879553343028,5.097028113697912,5.288796870723515,5.491198247122448,5.7100871181830035,5.95323755935968,6.212301038134392,6.477463231678379,6.7559720155887195,7.048549907736989,7.3551017801858025,7.675285564205328,7.998409702854315,8.335296831997933,8.687575120992198,9.055259822528269,9.440242838876134,9.813802901150838,10.194019645749703,10.587774475633562,10.99504145932686,11.426036559348267,11.86668326286257,12.325027195247864,12.798044273968157,13.287084806738386,13.788253963684161,14.284947137674344,14.79727786571716,15.325188249090237,15.869835046518535,16.431826704703127,16.993961424639267,17.57058620510294,18.161076172957,18.766347391258375,19.39078495986917,20.01604083942798,20.658428796261575,21.319880692732568,22.00059698047836,22.701509550275144,23.40342789749557,24.120434683556173,24.85296711991902,25.586643276802675,26.32338085908047,27.051125154833276,27.7895814945141,28.544045385779473,29.320346598722175,30.11635312423743,30.90708967780111,31.710881671077846,32.5270892514657,33.354835397091506,34.191624688944174,0.044506666509898936,0.04471931412007216,0.04492869506727039,0.04514909862275213,0.045386187420821095,0.04564108679672523,0.04588772929968374,0.046143579303763005,0.04641684798651446,0.04670812090499336,0.04701399177181043,0.04738892948366395,0.04781014106987139,0.04827924179301215,0.04877193344480268,0.04929000153625965,0.049811397203324455,0.050351418288348514,0.05091668224929438,0.05150624812147436,0.052097481893638546,0.05261585025892872,0.05314615297519529,0.05369325478477611,0.05425613463105688,0.05481329863124205,0.05527873245492494,0.055748575673316904,0.05627947316593662,0.056931251673866,0.057594185797912464,0.05824988336803493,0.05890795739632898,0.059571013739476326,0.06023768088545275,0.06090647729938835,0.061561641375806685,0.062215381924487986,0.06287098867585611,0.0635275395918174,0.06418575318806705,0.06472670575871997,0.06522026720721986,0.0657124184920073,0.06620269533453112,0.06674340057821569,0.06731930720575292,0.06791549629212819,0.06850478475333399,0.06908276572275585,0.06962702048383748,0.07011990066799365,0.07060854346805136,0.07109450508577222,0.07157806786453236,0.07205927177975985,0.07252772571860797,0.07299135383861677,0.07345103425418915,0.07390709345128214,0.07436118677435197,0.07480385510861427,0.07524247307681642,0.07567869469261237,0.07611237043532938,0.07654358314202946,0.07696448399349777,0.0773806380901395,0.07779297895045284,0.07817365877506677,0.07853151377668803,0.07883797795947944,0.07897374947224939,0.0791088696158924,0.07924343966940371,0.07937754258514365,0.07951008149377473,0.07964169134435507,0.0797730527039781,0.07990424180444859,0.08003533870778569
NGA,Sixth,3.419108134836999,3.4657775605275343,3.5120764100942603,3.5611646022680286,3.6155872860978584,3.67600250115309,3.7339117366787016,3.7976030456777163,3.8675876098622672,3.944458147291983,4.027693587498788,4.114955443273392,4.212400991576011,4.320433168601286,4.438273140426439,4.567554624955878,4.7002839405788714,4.845551916790104,5.004524816476493,5.1778142394654925,5.365254524459171,5.553580073101734,5.755743723147545,5.972164658902098,6.2033081390707325,6.447531134481394,6.689423129539694,6.944771681475185,7.219341390716655,7.5208949438609025,7.8416088763766805,8.169224269684458,8.512999086653316,8.87366383875134,9.25110187419356,9.644917495209189,10.041688722955564,10.454842528582983,10.886126314355737,11.335547277154204,11.80525376235623,12.264617079575705,12.733940343721654,13.219593918349313,13.721558588490952,14.24932210294471,14.785146767287966,15.340288273403138,15.912466801986811,16.503497778844775,17.11021141371276,17.712942978608446,18.333858005350205,18.972786470836397,19.631025961323523,20.309257263289247,20.98629701061721,21.679933599799735,22.389335425371552,23.11554138976767,23.86365891021909,24.611028056542114,25.377620200509327,26.165480972490986,26.97481212058965,27.80663704135429,28.637492765879756,29.4848798128694,30.34915411756885,31.217596250870397,32.091589264512336,32.95375769635078,33.827941835714675,34.72008775403798,35.63673583550255,36.57552457843652,37.506540477403256,38.45211508147467,39.41145219362987,40.383572545859856,41.365684541783715,0.061342168988690784,0.06156740825401024,0.06178875730155297,0.06202158282523809,0.062271770759082544,0.06254038653913181,0.06279989038903269,0.06306836717458915,0.06335462861831,0.06365914350781293,0.06397822278315096,0.06437068460650941,0.06481076175761676,0.06529967829240822,0.06581108473796432,0.06634647729891799,0.06688307197739947,0.06743606300301977,0.06801208604454641,0.06860980736939913,0.0692054871409484,0.06972337181840363,0.070250535079123,0.07079181601434376,0.07134596397077371,0.07189115141847838,0.07234186011215347,0.07279472005791719,0.07330602502263436,0.07393402609091755,0.07456881460468315,0.07519291287604601,0.07581525525392387,0.07643831698556332,0.07706071357965068,0.07768098937206147,0.0782847900003063,0.07888320218010618,0.0794792718478541,0.0800721036212409,0.08066225714046978,0.0811413446224849,0.08157438973056293,0.08200379577842991,0.08242916071364327,0.08289740219629534,0.08339471064522884,0.08390672771244263,0.08440909610987118,0.08489799043684626,0.08535411470649153,0.0857633066458336,0.08616631038302326,0.08656450955769335,0.08695813493412496,0.08734722356674438,0.08772360399275135,0.08809358108226452,0.0884579519564775,0.08881699486712177,0.08917198314620488,0.08951574079848441,0.08985391662812382,0.09018783782624208,0.09051739236115257,0.09084264140905543,0.09115787695586534,0.0914672188323845,0.09177142360179776,0.09204929498643079,0.09230802203856601,0.09252911581216103,0.09263123142815323,0.09273258544423241,0.09283325624993966,0.09293330796506148,0.093031927057198,0.09312959011795512,0.09322680522742381,0.09332362818945268,0.09342011667250748
NGA,Seventh,4.18467882873244,4.242586176946173,4.300339703302708,4.361458961812605,4.428862223565084,4.503349540897115,4.574589620527745,4.652879160206223,4.738760334811387,4.832974019324044,4.934735650795478,5.040147091400173,5.157340788514389,5.286769035313732,5.427936779382293,5.58271979245152,5.741339211581497,5.914930205565612,6.1047082804840365,6.311378807865747,6.535200048974254,6.761429483222629,7.004263879620096,7.264041230798967,7.541310022181443,7.834674170754489,8.127585049860523,8.436838558280222,8.767426433432757,9.12626505633415,9.507271388594313,9.895701383458896,10.302885767605561,10.729489687154391,11.175354759275045,11.640013834389375,12.107279670481175,12.593206201841003,13.099570141993473,13.626345747713914,14.175893794049763,14.717952170693072,15.274014620878399,15.848955473938373,16.442752322978695,17.06276888453403,17.687506327539328,18.33195132500231,18.995276993103914,19.679895635048215,20.384104819217654,21.08561320994623,21.807364281200833,22.548993259397022,23.311902140582006,24.096811296437526,24.87867233353433,25.67864093247225,26.495607805857613,27.330699620019086,28.18967096068035,29.04571480089003,29.922323483910336,30.821542941097018,31.74354718744666,32.68940896004351,33.6316079475419,34.59092053260438,35.567536964328426,36.55233260558324,37.54569097085443,38.524123355378045,39.51535703506792,40.5258670064122,41.56280156684553,42.6235851219594,43.67379048183894,44.73946424375182,45.819603125020826,46.91312438787211,48.01696383446476,0.08031459544331801,0.08053492799735504,0.08075103841483261,0.08097777713603545,0.08122079347460893,0.08148100728584823,0.08173172693906638,0.08199055163885888,0.08226574917376218,0.0825576339993211,0.0828625369540332,0.08323519239250911,0.0836511007452612,0.08411079463631438,0.08458927729166733,0.08508761244234168,0.08558429394570906,0.08609340413522355,0.08662062634621848,0.08716433409265267,0.08770298847098923,0.088169266394111,0.08864121175651506,0.0891228394452881,0.08961276927161596,0.09009189413605335,0.09048677958736101,0.0908814165289337,0.09132340376148662,0.09186063547033324,0.09239916490061598,0.09292403411444995,0.09344290475136403,0.09395770755464737,0.09446718929167269,0.09497007563449704,0.09545474698638934,0.09593036629367849,0.09639929257766228,0.0968607587753602,0.09731515264924359,0.09768147244054148,0.09801029032781429,0.09833348481177129,0.09865076531685704,0.0989958149735049,0.09935751649590079,0.09972517101635305,0.10008144415925133,0.10042387160596783,0.10073970533411705,0.10102006964625564,0.10129294145297016,0.1015592634303443,0.10181920891956575,0.10207281580959053,0.10231481798374303,0.10254948340879448,0.10277734499617555,0.10299862131938349,0.10321412890838634,0.10341955819937929,0.10361847357414637,0.10381166867675827,0.1039990899214821,0.10418078170861843,0.10435360031567434,0.10451997655455568,0.10468035744150204,0.1048242546291704,0.10495585581160649,0.10506593544088214,0.10511459655015197,0.10516248279217144,0.10520963405481046,0.10525608316054877,0.10530145868683914,0.10534598992604098,0.10538991121663613,0.10543324734912254,0.10547602317219784
NGA,Eighth,5.525386443334462,5.6031393745818825,5.681178880051891,5.76360056583949,5.853935329239336,5.953231458140978,6.047954964638963,6.151937004118831,6.265779109666078,6.390485563551992,6.5247418954980265,6.661974590772093,6.81376143958509,6.980653157347237,7.162681699692618,7.362129853261182,7.566087260608585,7.789268227318935,8.032967352314158,8.29805788731622,8.585551785236742,8.878150869209698,9.192203638718702,9.527906972865491,9.885964083823184,10.265435531121392,10.647812903677332,11.05160114241494,11.480390190888278,11.939560465590711,12.426135483356257,12.921051725488681,13.439288965055287,13.981398890400017,14.547168056184374,15.136028289103335,15.72695693966428,16.34058411412835,16.978729509633727,17.64133169839656,18.331111488107787,19.018311001076626,19.72656297733728,20.458188453243434,21.213170428594502,21.99526167596582,22.77643272780121,23.57820552781957,24.402218518798772,25.251883693221266,26.127962707690298,27.003487727712002,27.902945749525536,28.82567202389476,29.773254417342915,30.746497983200214,31.713580403172926,32.701586402005375,33.708970203106816,34.737024164923014,35.792619213577005,36.84164735680088,37.91379333751959,39.01112872868203,40.133808175588534,41.28301422445205,42.42409362042029,43.58365359471941,44.76164106709787,45.95471492744683,47.16164050341797,48.34842598327396,49.54963446859563,50.772648029118564,52.02563188262793,53.30568874576367,54.570425213543714,55.85250024036239,57.15059827967619,58.46348552045513,59.78766667394374,0.11645692722575891,0.11662754535860768,0.1167940052080478,0.11696839934425321,0.11715486531161623,0.11735386188000355,0.11754480968718986,0.11774040826355435,0.11794742523578015,0.11816579272876865,0.11839250992409328,0.11867323409231571,0.11898505479165679,0.11932741589678297,0.11967938345314338,0.12004102294120582,0.12039680213306285,0.12075559685552063,0.1211211951213506,0.12149172061591744,0.12185075239428081,0.12215190193870601,0.1224510251571199,0.12275075012996263,0.12304972614122563,0.12333483119413025,0.12355933697063756,0.12377905273658404,0.12402433307876927,0.124323132621447,0.12461382006884776,0.12488867327725588,0.1251512873970974,0.1254027177260383,0.12564218170198635,0.1258689699239626,0.12607847784910553,0.1262743891640607,0.12645779753010106,0.1266283114334068,0.1267859193777502,0.12689933871135778,0.12699156376728693,0.127076062721017,0.12715279285857392,0.12723287392330876,0.1273119540612486,0.12738431015696575,0.12744436830147135,0.12749170704290744,0.12752425300736106,0.12754302533584613,0.12755357803103426,0.12755619653256617,0.1275509075595996,0.1275377431329656,0.12751755388782937,0.1274900071532467,0.12745529177508227,0.12741346631675546,0.12736435013611663,0.12730947261865858,0.12724788724479155,0.12717948980340038,0.12710432799704136,0.12702240049011082,0.1269356801044517,0.1268430339673246,0.12674442304035602,0.12664566746854078,0.1265462901950623,0.1264586480523122,0.1264265425321394,0.1263937491589083,0.12636024993481645,0.12632602807195778,0.12629137970882956,0.1262561558519124,0.12622018122411097,0.12618343509831537,0.12614589249899016
NGA,Ninth,7.139415037384296,7.241249658766403,7.343984174693555,7.4522259518314575,7.570192643182687,7.699226946699138,7.821994755062194,7.956698151398282,8.103873681519136,8.264844942812514,8.437561912284124,8.611051447432756,8.801702923240523,9.010098175649281,9.237354634278217,9.486182235122534,9.739961103331108,10.017729328016532,10.3206671842738,10.649798885090247,11.007547910638626,11.375059909971846,11.769505359633468,12.190703253918999,12.639502912550434,13.116078428737735,13.60191774462673,14.115063645091038,14.655413237833546,15.224053472907912,15.825303475624514,16.43510320718437,17.07273109649283,17.73839210342497,18.43175094803923,19.1520680277243,19.87277386769672,20.619746662943424,21.394601638692773,22.197167880169584,23.030462701036974,23.872031274950793,24.744810174354267,25.64532246333448,26.573524153696336,27.525006607836108,28.46411581728173,29.42130050311866,30.40308411844995,31.414416251271284,32.46097555972434,33.511748177435074,34.58928356951802,35.692335891744705,36.82261461054865,37.98093631851099,39.128184403917885,40.29791320061398,41.487883565120704,42.699486642628315,43.94067177535335,45.169599132436566,46.42255881464256,47.701359801748126,49.00606292917991,50.33787760700902,51.65472896909568,52.989386337753764,54.34129774902866,55.7188120139743,57.11757788708576,58.489684790221624,59.87673395318847,61.286833555062465,62.72907023969039,64.20020733803182,65.65002460312934,67.11781158504341,68.60176184309553,70.10046167228364,71.60997378535163,0.16418269279052258,0.16422934435583808,0.1642733659467497,0.16431731552339776,0.16436194629986167,0.16440695579111664,0.1644476489582958,0.16448725929745753,0.16452627331668093,0.16456418726429026,0.16459997097803658,0.16463537769282865,0.164667227174489,0.164693075325645,0.16471030534134357,0.1647175869834335,0.164713529427961,0.16469790551508678,0.16466893120678167,0.1646250507084617,0.16456795918228745,0.1645090488567253,0.16443808651150166,0.1643532803195208,0.1642537998171162,0.16414401502579506,0.16404684898117297,0.16394053674110878,0.16380738084800098,0.1636237381725384,0.1634202947373812,0.16320231150765,0.16296715775371196,0.1627134969495504,0.16244153114674995,0.16215162936234498,0.16185075920009118,0.1615342810316904,0.16120044271672523,0.16084956019566032,0.16048113609040152,0.1601703624126491,0.15987952644582157,0.15958013849768643,0.15927253471044664,0.15891921445578674,0.15852715832844888,0.15810609167454398,0.15767604801500096,0.15724111342717273,0.15682082304261244,0.15643167206148748,0.15603606318872154,0.1556327279955458,0.1552215114187541,0.15480243298850535,0.15438465237961618,0.15396183998019994,0.15353325433077142,0.15309873012814235,0.152656820740259,0.152216769333359,0.15177191042595858,0.15132058484856875,0.1508629826463944,0.1503990585766091,0.1499372574695875,0.14947207128618065,0.14900253502728544,0.14856305919101273,0.1481443232526294,0.14777852759211438,0.1476059827167846,0.1474332217106134,0.1472601236223885,0.14708658625397253,0.14691404840106476,0.14674170846113702,0.14656868123962177,0.1463948663026903,0.14622015574957864
NGA,Tenth,15.175207207323323,15.398606221106979,15.626605077991586,15.86551957694454,16.12256446049,16.400534140043057,16.663364936117294,16.951426765043312,17.26463456020417,17.605934411733962,17.968502861620983,18.317658113096723,18.695011487866395,19.10121594478862,19.544136834390414,20.028355570019535,20.51892943303269,21.056453783514065,21.641015529379523,22.274333977753372,22.967095287125627,23.696214939798868,24.478842971232766,25.312471618517247,26.1986873052469,27.144593391960345,28.136877905743304,29.185478914254794,30.267340775124417,31.35681027498753,32.502510199985,33.656276811718485,34.85872252996713,36.107953002051744,37.40310400786924,38.74272815635231,40.07333755290574,41.44625650587368,42.86160592081202,44.31878506877853,45.822037314913615,47.39571946962072,49.053756051112934,50.75966560186926,52.513315909931464,54.26429440661671,55.94028585090678,57.618006939663516,59.3308679877533,61.09166645570688,62.932616318772595,64.80439921887631,66.71543820056267,68.66163924105597,70.64523724943673,72.66714846259855,74.65354379612812,76.66921367445103,78.70868068641573,80.77384274952261,82.87751598837671,84.94105254093016,87.03235905808363,89.15182597089901,91.29926847020229,93.47614590111688,95.60530231071033,97.74943434270287,99.90573467615117,102.14160229650393,104.43679989184209,106.67527255992752,108.9318877622454,111.2177874955137,113.54589463021829,115.91179683324987,118.2285359953356,120.56713553727202,122.92365587892462,125.29605406045762,127.67868639297248,0.45277469409851256,0.4513284989439256,0.44990730787503497,0.4484134925208242,0.44680924924982346,0.44508771179687096,0.4434252133840171,0.44170479181096145,0.43987102736867556,0.43792084107003754,0.4358778012877876,0.43337426871068724,0.43056949979091713,0.4274558201313142,0.4241985432501638,0.4207876858592865,0.4173688511076881,0.41384327594896375,0.41016885474647213,0.406353459936489,0.40254557913532457,0.3992244983691067,0.3958400591151222,0.39236152958887455,0.3887963052790731,0.3852817604012889,0.38236093861421505,0.3794216250862024,0.376107036254467,0.37204568931362975,0.3679317345442152,0.36387865466379243,0.35982682414465555,0.3557598143875872,0.35168585676805,0.34761371996420404,0.3436382382046053,0.33968484483258604,0.3357330879039782,0.33178815952702634,0.32784538922340634,0.3246176349629495,0.32168130670559014,0.31875928593814207,0.3158540703633349,0.3126538644749728,0.30925010124831565,0.3057330187634804,0.302263960604067,0.29886838590906284,0.2956776900514027,0.29279380893006085,0.2899386190291685,0.28710263626431737,0.2842839426395721,0.28148202622103474,0.2787568991917892,0.27606226511034565,0.27339267969202674,0.27074598706243924,0.26811236828650103,0.2655462718217885,0.2630048123752506,0.2604781417871598,0.2579668911454407,0.25547035976996646,0.25303364782905335,0.2506244146645146,0.24823702258388847,0.24603317863251173,0.2439613708541498,0.24218590542554086,0.24139613372616647,0.24061012057259634,0.23982726022545525,0.23904706170227252,0.2382758936572142,0.2375100673480066,0.23674559973083747,0.23598204201231487,0.23521892495096397
RUS,First,5.474321933331433,5.579490201644468,5.684892441475525,5.792260049964338,5.9014529308702155,6.01267440229834,6.1188662960246125,6.226255610919352,6.335929112330973,6.448082746102673,6.550607516616833,6.656008741789056,6.76297561027868,6.873232722048673,6.979127953943392,7.082086967445594,7.17700522601874,7.272941717891793,7.369756278379399,7.467583370726668,7.567053368126188,7.655213577955618,7.744589301178925,7.8344542759547595,7.926106355154836,8.019309710898197,8.103892012352441,8.19019855526124,8.277543904863988,8.367291677300903,8.457593023804815,8.54397076171323,8.632006671505232,8.721286063208286,8.81207398869731,8.904942602324741,8.992369543894812,9.08113634868793,9.17075714035189,9.26133869045433,9.350763174402651,9.429908655590614,9.509817300891974,9.591066388744359,9.673219557251075,9.756311740426138,9.832349205312672,9.909309194221882,9.987181730475408,10.066002532809598,10.145148043579892,10.222981633736412,10.301526271705917,10.381339850898081,10.462229831808544,10.544582794699638,10.616495606713448,10.689846635774652,10.763794142687294,10.840275103269756,10.932275146698396,11.01495935387242,11.097850818218317,11.181497144951123,11.265740525648509,11.346930544622891,11.418515435979085,11.489712919675698,11.561279453551597,11.63311605009602,11.705173360572413,11.77052037976973,11.835310266557657,11.899761837926956,11.963779258625806,12.027453510697198,12.085210784352856,12.142133006134749,12.195341207858204,12.244487739374748,12.29287252809362,0.025434198935775417,0.025565617249188342,0.02569269826268151,0.02582379437232303,0.02595878377255664,0.026097851926238078,0.026229689350695702,0.026362355866778934,0.026499278712275115,0.026640592296710383,0.026770558483584055,0.02690407552273859,0.027040153540872712,0.027183934620213436,0.027309279405040274,0.027422228790803832,0.027523153246700904,0.027624996465832104,0.027727817073155255,0.027831772408581475,0.027937592635516068,0.028028260589802484,0.02812032517803014,0.028213169426472933,0.02830815388054871,0.028405018165497235,0.028465644899152678,0.028388033609201082,0.028311373364085866,0.02823560872254311,0.02816060397766478,0.02808620263350616,0.028011319328969317,0.027937320667886387,0.02786416650963479,0.02779179865514196,0.0277200281591056,0.027648009975030304,0.027576651141237783,0.027505090918560474,0.027426241665682343,0.027347942375296908,0.027269945043220754,0.02719229256340707,0.027114910092316202,0.027037763658206305,0.026961223314948102,0.026885225846972154,0.02680937939208426,0.026733637523568807,0.02665798571200863,0.026582639717674668,0.026507413329125623,0.026432215078220876,0.026356983235269794,0.026281720701439547,0.026206224424136882,0.026130098176675585,0.02605386192084546,0.025977502544975065,0.025900986216469465,0.025823789426538298,0.025745413591998223,0.025666831506587596,0.025588013846848414,0.025502208541049152,0.02541345863844755,0.02532328159945436,0.025232663792573964,0.02514156780074227,0.025049997273214886,0.024957517008236896,0.024863831566455382,0.024769609932116816,0.02467481926056448,0.02457944684817414,0.024483358544016877,0.024386478191175835,0.02428400090328716,0.024175574926618638,0.02406640579888691
RUS,Second,9.110826828081779,9.295606448903532,9.481428576514931,9.670454933845642,9.86253703381258,10.057995677899763,10.24499489616312,10.434242379341931,10.62717058463842,10.824093328687768,11.005611909148756,11.191101305423647,11.37920252186531,11.572178590469335,11.760469481187215,11.945834063078038,12.117850142756305,12.291919608400523,12.467808861085603,12.645749922444244,12.826767119686705,12.989095107330154,13.153782408428084,13.319674331735728,13.488839159083554,13.66091661784824,13.81846878607259,13.978894568479365,14.141355263443856,14.308031341272276,14.476052225882407,14.637087888340973,14.801273278259252,14.967822993320334,15.137161743412367,15.310204362318384,15.473918683541612,15.64025471020668,15.808360190778156,15.978510001396572,16.14824214581848,16.300979136621166,16.455340731528192,16.612240733810705,16.771003693450538,16.93169904561392,17.080248389630952,17.23059307950016,17.382795900079206,17.536947857841504,17.69207419321444,17.844057124640976,17.99759906285083,18.153602194242136,18.311782125128193,18.472767940671066,18.615938809058687,18.76190691749016,18.909249017168307,19.06108821831936,19.23835376341351,19.39976327735524,19.56216800048331,19.726311963231993,19.891948473143643,20.054236474091418,20.200663465571743,20.347118241983445,20.49467039168768,20.643164407681365,20.792513278528695,20.930516803346364,21.068185764984957,21.205797176053345,21.34323160921153,21.48062307810493,21.60804265542123,21.734556594936276,21.85628305947262,21.972707204609257,22.08831944726823,0.04156079824250715,0.04170081325357008,0.0418354064001551,0.04197459737710443,0.04211821610587036,0.0422664388858251,0.04240664696362762,0.042547602212603834,0.04269333282285591,0.04284395171104272,0.04298206383345098,0.043124159136434755,0.043269023168711174,0.043422637490162376,0.04355438251648695,0.04367143322905569,0.043775259899671105,0.04387999552528385,0.043985721473414036,0.04409260223989493,0.04420142347414266,0.044293747778121034,0.0443875246348401,0.04448209906871094,0.04457893267303608,0.04467773455898401,0.044737439222196425,0.044648158864439715,0.04455988682408253,0.044472560415971,0.04438602686611362,0.04430010735255908,0.044213546100615,0.0441279280788514,0.04404320411602697,0.04395931417491399,0.04387603708863698,0.043792395075109916,0.04370944182354577,0.04362617772885646,0.043534341577222094,0.04344305256616613,0.0433520231916271,0.043261303632676634,0.043170806481513425,0.04308049481864667,0.042990800547411716,0.04290165332232264,0.04281259390066006,0.042723567734284845,0.04263455796155248,0.042545818775899795,0.04245713243394988,0.042368390085032834,0.042279517645892765,0.04219051953489588,0.04210115440525689,0.04201095238349068,0.04192052706653393,0.04182986174985601,0.0417389158904217,0.0416470663594691,0.0415537159732704,0.04146001741420507,0.04136593889648922,0.04126340551580477,0.041157225106411496,0.04104920469475146,0.0409405217567182,0.04083112834620091,0.04072102529417494,0.04060968831114768,0.04049675313670824,0.040383022275816485,0.04026845467296051,0.040153030783331725,0.04003658403687036,0.039919016375807484,0.039794485041944945,0.039662523882689905,0.03952945520278841
RUS,Third,11.129821880924169,11.362698983953335,11.597377145057678,11.835938147513035,12.078231969256182,12.324638677263636,12.56063955340461,12.799573542650633,13.042923520604823,13.291065646791537,13.520610306281453,13.75456952772932,13.991709970671744,14.234355309775694,14.473166318947767,14.709831394206835,14.930223817647844,15.153378020967779,15.378997459784381,15.607372671122196,15.839747957704782,16.04932585628797,16.262023323807604,16.476441650510807,16.695076960392377,16.917504902043454,17.122079421475654,17.33027339887127,17.54116625141597,17.757394854143502,17.97553934819279,18.184947582298673,18.398527710464784,18.61520897607703,18.835510245954993,19.06053975059867,19.274035635856244,19.491047972609465,19.71046642002416,19.93271975879582,20.155651684939343,20.357804421955745,20.562213665602158,20.76998121019862,20.980306739921062,21.19328505639032,21.39117526680428,21.591474523462868,21.794321030680745,21.999846166113116,22.20688195886608,22.409638368132942,22.61459398881296,22.822856001915422,23.034098775238697,23.24909155099053,23.44200513768699,23.638706419406596,23.837402997349635,24.04189975405373,24.277673234153255,24.493846362534576,24.711759157680593,24.93218928796414,25.15484233692044,25.37481772482333,25.575579786073696,25.776939963600647,25.980062271594797,26.184764980474842,26.39094366425676,26.58319372563314,26.77555373120733,26.96827519293114,27.16123320563007,27.354591002858676,27.535728176981294,27.716192300235832,27.89201513107718,28.062637352944463,28.2327079272858,0.05040098724641,0.05054560565807691,0.050684866355374815,0.050828333648764996,0.050975834030432016,0.051127536830480345,0.05127092220752825,0.051414848560215096,0.051563153071204286,0.05171594385106787,0.05185601238882117,0.05199967784853002,0.05214579838005484,0.05230004070337823,0.052433453916781156,0.052552856827645114,0.052659094855638015,0.05276611353490331,0.052873976206249215,0.0529828464027397,0.05309349317712818,0.05318782228042906,0.053283476796104776,0.0533798013266094,0.05347822948375911,0.05357847388212699,0.05364036785547541,0.053556473618598784,0.05347347355817533,0.05339131104647928,0.05330984173058608,0.05322889978376724,0.05314730341849231,0.05306654507185673,0.052986580942357246,0.05290735416429521,0.05282866008226353,0.05274957251820092,0.05267108782344999,0.052592261363184976,0.05250526420143887,0.05241872761787637,0.05233237910041208,0.05224626756027329,0.05216030969016236,0.05207447257480634,0.05198916491416157,0.05190432130381446,0.05181950602497669,0.05173466781136189,0.051649788743881486,0.05156511241593422,0.051480430214420995,0.051395638945341285,0.05131066899171628,0.05122552252570346,0.05113996910967607,0.05105355613503402,0.05096687133348863,0.050879898996897314,0.0507925972332128,0.050704368889393205,0.05061463660743606,0.050524508114439974,0.050433949706448766,0.0503351805488477,0.05023281973222117,0.05012860022356825,0.050023657298132886,0.04991794126744352,0.049811453114347336,0.04970368032311501,0.04959426954852311,0.04948399417527436,0.04937281103698695,0.049260700094251784,0.04914749684801977,0.04903310290793046,0.04891182198566904,0.0487831805696,0.04865332911017162
RUS,Fourth,13.926776460048714,14.225281237257162,14.526560340459682,14.83267429796522,15.143477461693092,15.459432747969931,15.762309856405732,16.06905623928215,16.381255337963996,16.699367816938423,16.99460511743885,17.294822879215168,17.599029236811354,17.909683117631282,18.217467086398887,18.524039412949428,18.810295513009827,19.10028731403052,19.393639813664805,19.69072341713802,19.993080628375342,20.267007396219746,20.545103530218192,20.825650675745713,21.111716851550558,21.402793267623693,21.671429822995826,21.944676680752128,22.2215467645111,22.5052848346161,22.791744591765045,23.06700067666883,23.347811066996556,23.63274419488081,23.92244406258838,24.21827745546841,24.499522383636105,24.78549949124772,25.074770360520276,25.367957483776696,25.663230146458353,25.93258194918796,26.205061551418172,26.48202212821552,26.76249763209379,27.046615981537357,27.31159963832791,27.579839935291766,27.85157284867948,28.126983765680944,28.40465301257418,28.676354710820643,28.95113812369107,29.230379592321466,29.513698302420224,29.802050868403395,30.06248433621222,30.328040243654947,30.596444112540905,30.872401273718776,31.18739051246293,31.47764014720443,31.770638574365968,32.06721818902703,32.36702352317473,32.66500384668209,32.939154601348704,33.21467937638909,33.49287430003533,33.77352525880505,34.05650134541292,34.32201283817753,34.588239910901706,34.85541094999082,35.12339901898213,35.39240280104315,35.646121260924836,35.8994962822369,36.14840426477267,36.39222990576133,36.635875993528636,0.062548585869054,0.06268066002317457,0.06280742349720293,0.06293819119749967,0.06307278160635318,0.06321133791253786,0.06334213309464402,0.06347334770262629,0.06360867656793112,0.06374819938662354,0.06387588958252656,0.06400695649116837,0.06414027535314867,0.06428127339344464,0.06440212879222969,0.06450944692089468,0.06460454255553559,0.0647003165642038,0.06479683517104233,0.06489424598564406,0.06499325563402705,0.06507720094120886,0.06516233852721962,0.06524807287356424,0.06533571700462955,0.0654250012111647,0.06547905680089726,0.06539926252202656,0.0653202703693204,0.06524202642765864,0.06516439719504008,0.06508722376276922,0.06500937945248281,0.06493228762928055,0.06485590826932133,0.06478019021689552,0.06470493665433912,0.0646292614919563,0.06455412138919582,0.06447861039931979,0.06439521981861641,0.0643122184155154,0.06422934292761338,0.06414664423581402,0.0640640402389585,0.06398149937701599,0.06389941645036029,0.0638177287595841,0.06373601805527834,0.06365423306666641,0.06357235800492912,0.063490627082293,0.06340884021368444,0.06332689712278108,0.06324472949279407,0.06316233930184159,0.0630795037280936,0.0629957829221107,0.06291174486452637,0.06282737498612963,0.06274263074719132,0.06265693303742417,0.0625697165338677,0.062482056741938755,0.06239392056643059,0.06229772674002387,0.062197960349808123,0.06209630663013474,0.06199386799902734,0.06189059577760897,0.06178648626232193,0.06168104016589697,0.0615739056910386,0.06146583674392129,0.061356790749146475,0.061246743625090645,0.061135533167247555,0.06102305913360666,0.060903709681787654,0.06077700306844381,0.0606489821801903
RUS,Fifth,16.406387931625975,16.76563818409149,17.128736758505788,17.497514707941857,17.871831138668885,18.252218191450012,18.617135042870537,18.986823258272384,19.36286132935029,19.745782728874993,20.10205210965326,20.46369570710813,20.830040177851007,21.203502385745836,21.575648156493006,21.94793915281887,22.29635192000451,22.6494602937671,23.006813833248568,23.36885614365936,23.73739438346101,24.072509279549816,24.412816726481456,24.75631062099103,25.106565957632476,25.463003579779006,25.792910051449496,26.12838846611256,26.468392522020277,26.816708295814497,27.16855831556542,27.50698928694313,27.85234111537907,28.20280943746152,28.55915113836604,28.922965195797666,29.269457812576963,29.621897120644896,29.978513037151174,30.340144437260374,30.705603917422245,31.040560211887673,31.37953616674122,31.724106034383748,32.073164360742624,32.42687260179572,32.75779188848177,33.09282159109768,33.43230824615659,33.77649308113164,34.12373556481626,34.46343695194314,34.80713424438634,35.156451861637315,35.510966836768254,35.871807939643695,36.19945115295805,36.53358230962436,36.871466248776535,37.218620603778454,37.61192397471077,37.975871326944755,38.3437000894932,38.71623260630722,39.09306431505279,39.469463556848176,39.818062552329515,40.168992633829234,40.52360825145882,40.88167135120577,41.24303138215047,41.583816918485304,41.92611635999312,42.27009441601436,42.61562875733277,42.96295650466238,43.292318614485765,43.621861246742235,43.94769329595944,44.26918939776676,44.59109069426023,0.07323914697646887,0.07335938112363423,0.07347477570820109,0.07359354628180075,0.07371552111787237,0.07384082109940517,0.07395897392195946,0.0740773441361568,0.07419917108288483,0.07432451707897858,0.07443913289908893,0.07455654988217938,0.07467578424495891,0.0748015615402807,0.07490964847355958,0.07500583870724258,0.07509112445174196,0.07517692078812091,0.07526328235323504,0.075350337347738,0.07543870522317571,0.07551372748451318,0.07558972632411347,0.07566617229678904,0.0757442178061001,0.07582362434646077,0.07587208171755068,0.07580319597444897,0.07573495133175692,0.07566730489518304,0.07560014182290084,0.07553332528736573,0.07546587974697927,0.07539904007928501,0.07533277107917795,0.07526703086284722,0.07520164793909519,0.07513585508198352,0.07507048105704332,0.0750047401082268,0.07493208760503162,0.07485971867126609,0.07478740623017774,0.07471519430612253,0.07464301118400624,0.0745708289973334,0.07449899501770615,0.0744274548024289,0.07435584163484596,0.07428411111342224,0.07421224929811279,0.07414046195005711,0.07406857333158366,0.07399649503541507,0.07392416576638221,0.07385158926375526,0.07377856605440944,0.07370470914700009,0.07363051666433922,0.07355597688383315,0.07348105000874976,0.07340522357380729,0.07332799546715468,0.0732503146822386,0.07317215311815826,0.0730867758456494,0.07299815306998134,0.0729077739811624,0.07281661673760308,0.07272463610512522,0.07263182607386232,0.0725377396659291,0.07244205977277242,0.07234545539228962,0.07224788619326347,0.07214933000152082,0.07204963663322238,0.07194871565941502,0.07184151872055158,0.07172759394088309,0.07161236359154341
RUS,Sixth,19.93751700249028,20.38301524406877,20.833872493183097,21.291620254561636,21.75613050731671,22.228031857878484,22.681070359932345,23.140168272755872,23.606902953243324,24.08190993032797,24.525013197342556,24.973984204818535,25.428683761487502,25.891476861352952,26.355139254778695,26.820871301961386,27.257661942328394,27.7005289701775,28.148918923354696,28.603380349856444,29.066092022343412,29.488317379750672,29.917207999654412,30.35036283890195,30.792061637087706,31.241628340067017,31.658852054463956,32.08299896796055,32.51297896171488,32.953327046816156,33.398397741286544,33.82685207672054,34.2641752561412,34.708047855929955,35.159385928792716,35.620108722547364,36.05961374641297,36.506802520763216,36.95944995490786,37.418695506617304,37.88425995676199,38.31287508379822,38.74680030671745,39.1879166822864,39.63492903987945,40.08804756336119,40.51318071753925,40.94365796198002,41.3799845806506,41.822481249426616,42.26920501521519,42.706030727660064,43.14817716641629,43.59761170008173,44.0538568474465,44.51827748160955,44.94201836690047,45.37419646160463,45.81144072887804,46.26038978616657,46.765376283073145,47.234457137896655,47.70906213085972,48.189996422051856,48.67678549459366,49.16519414946645,49.620194314551895,50.07893115327756,50.542831425773436,51.01162743931243,51.48514222298268,51.93369069297135,52.38493471672401,52.838952121947564,53.295630126050106,53.755257697010975,54.19315219627916,54.63202538810416,55.06836779822411,55.50155020930325,55.93603344829668,0.08835830469685568,0.08844534669414239,0.08852832323411623,0.08861401198871412,0.08870226012546661,0.08879313572949717,0.08887863166931592,0.08896421129063405,0.08905250019368759,0.0891435208717856,0.08922647595697364,0.0893116300689029,0.08939815341407699,0.089489836607245,0.08956710765427121,0.08963470525555679,0.08969410823795396,0.08975385487641081,0.0898139984707768,0.0898746302075869,0.0899362079027129,0.08998784635073834,0.0900401893517076,0.09009285381151434,0.09014668800952852,0.09020150819309572,0.09023345866696882,0.09017872555907654,0.09012444251134949,0.09007057522841395,0.09001703419464135,0.08996371159741251,0.08990982870620892,0.0898563722683752,0.08980331678661427,0.0897506282393544,0.08969817147043163,0.08964533152439894,0.0895927733458731,0.08953986595849107,0.08948133171997347,0.08942296149963846,0.08936457069312675,0.08930619506938454,0.08924777776829636,0.08918929678873157,0.08913103389329331,0.08907294445190499,0.08901473325292321,0.08895636333684978,0.08889782280124013,0.08883927911102171,0.0887805903437326,0.0887216829809953,0.08866250722725086,0.0886030639460744,0.08854319158577054,0.08848257017485038,0.08842160622993377,0.0883602901016904,0.08829858902910327,0.08823607776315046,0.08817234066019249,0.088108158650812,0.08804350536436863,0.08797280183032649,0.08789931940779716,0.0878242851618831,0.08774850610908193,0.08767194492858325,0.08759459271436003,0.08751607405374197,0.08743611866192022,0.0873552841863435,0.08727353248070865,0.08719084192326298,0.08710708333150052,0.08702217665893142,0.08693186329640691,0.08683573709963699,0.0867383592538311
RUS,Seventh,23.306742156094472,23.83843495351634,24.377258562069866,24.92413546986695,25.478948469337876,26.042412718334557,26.583745155166735,27.132481629122474,27.690053421005473,28.257189034237957,28.787412597506954,29.323829366527942,29.866950057854034,30.41884261654867,30.974769286947613,31.535421080124472,32.06234233777134,32.59681092863065,33.13816415908878,33.687054989598664,34.24601921187232,34.757759862949335,35.27771807604158,35.80310778833835,36.33888395715715,36.884284026750194,37.39176484489265,37.90760299315796,38.430655276284064,38.96617819471747,39.50771398265702,40.02955941964703,40.56236279166337,41.1032237044394,41.65321585343705,42.21457178696462,42.75096786758425,43.29692532668046,43.84972252212986,44.410855102708005,44.981480240507146,45.5089685226309,46.0431936086522,46.58633111260042,47.136914773356565,47.695208131048275,48.220467540283366,48.752421296026895,49.29176378474561,49.83890329941537,50.3916110597501,50.93209024849498,51.47937360231601,52.03577402482895,52.600772984512744,53.175970517205,53.70320575277812,54.241044577844214,54.78545538124406,55.34417309840692,55.96880614554664,56.55121219981265,57.14110485642081,57.73918109418849,58.344907577852695,58.95527250092467,59.527105897095424,60.104477820776616,60.688786736478214,61.27974247589085,61.87715203924402,62.44547999756912,63.01808412798357,63.594884895643936,64.17579376299808,64.76115695642001,65.32129154575826,65.88357487641119,66.44548975165442,67.0064816745842,67.57008631062106,0.10268779348978531,0.10274542477517096,0.10280033448615312,0.102856615505487,0.10291415833400391,0.10297299219234327,0.10302812632741183,0.10308305192053482,0.10313932047400727,0.10319692998485344,0.103249259109691,0.10330261967380798,0.10335652082471758,0.10341315112533309,0.10346120342808783,0.10350348617358038,0.1035406841101457,0.10357793876004207,0.10361527611118124,0.10365274817130062,0.10369062269381402,0.1037224869808637,0.10375464459955265,0.10378686470915931,0.10381964105454586,0.10385286167356965,0.10387268464006577,0.10384212573948931,0.10381172894658154,0.1037814781695711,0.1037513262461972,0.10372121198792536,0.10369069760178265,0.10366033998558784,0.10363012861937948,0.10360004529042356,0.10357001608579865,0.10353968708356764,0.10350944111214853,0.10347891495737326,0.10344505064046974,0.10341118586765735,0.10337721425155182,0.10334315612286021,0.10330898052461467,0.10327467436401648,0.103240402410142,0.10320614208370804,0.10317171813251563,0.1031371091898294,0.10310230700189,0.10306741323487927,0.10303234160149961,0.10299704803555304,0.1029615030169977,0.10292570565772742,0.10288955744567586,0.1028528623441005,0.10281586559894365,0.10277855956479677,0.10274092331586679,0.10270269613638751,0.10266361676959108,0.10262416339044504,0.10258431742933466,0.10254062451615976,0.1024950831786438,0.10244844515528315,0.10240120724717258,0.10235333968698236,0.10230483637565028,0.10225545497876465,0.10220502152814795,0.10215388051763633,0.10210200487128133,0.10204937464193031,0.10199590501412678,0.10194153909341702,0.10188353026233483,0.10182158621708717,0.10175862466356639
RUS,Eighth,29.20849053508465,29.890090121441887,30.581839878908617,31.28369486553385,31.995566076462875,32.71831951782472,33.41324476818301,34.11791850019707,34.8335483776087,35.56102470858409,36.24305321835218,36.93174086373625,37.6288684821082,38.33603365252833,39.052562652419326,39.77832819676476,40.46198444671869,41.155767761708084,41.85883403903021,42.57201972732902,43.29847428355557,43.96599122021075,44.64445346822785,45.33042696841989,46.0300177714784,46.742319840373966,47.40696575680228,48.082432957840325,48.76755352528235,49.4688094095793,50.1783725568622,50.86278824091319,51.56178979045019,52.271506877930626,52.993280419139445,53.729876209537615,54.434952010195474,55.15286382026949,55.880056679810124,56.61862915577171,57.37215653289554,58.07186169059369,58.78081612708777,59.501696333534014,60.23274807054738,60.97432896702389,61.6740661552202,62.382873781500784,63.101773344299644,63.831326047857864,64.56882574807766,65.28981001652014,66.02021104445703,66.7629257417804,67.51736826169905,68.2855403961017,68.99308326418851,69.7149948695235,70.44612903861263,71.19607252879904,72.0287019812544,72.8080934448682,73.59841567344431,74.40017604050557,75.21274566064562,76.03522334196651,76.81026327832319,77.5940163845246,78.38782832897346,79.1913797003217,80.00444641603103,80.78129372176349,81.56521702130622,82.35587387308526,83.15322229504075,83.95771052928873,84.73093570386438,85.50841286074653,86.28937516016633,87.0734100046316,87.86242741702557,0.12760196141093558,0.12757690495053584,0.12755164042929396,0.1275260156647169,0.1274999981223291,0.12747351775208834,0.12744800986649302,0.12742215868537676,0.127395780408156,0.1273688056806716,0.1273434621908256,0.12731766793111615,0.1272914086030542,0.12726430740674444,0.12723800096965293,0.1272122638226982,0.1271883467085453,0.12716417652971967,0.1271397642893234,0.1271150765334165,0.12708998361364524,0.12706739298470868,0.12704450132360587,0.12702142968155436,0.1269979305331566,0.12697403959048154,0.12695656004904415,0.12696366821392924,0.12697051709929247,0.12697711686502278,0.12698348308461174,0.12698963401726376,0.12699565701222346,0.12700144280876555,0.12700699952992828,0.12701233560487232,0.12701746825207094,0.12702245871397336,0.12702724398329837,0.12703188224827414,0.1270368055403357,0.12704149828976968,0.12704597814118646,0.12705024243998056,0.12705429666218013,0.12705814312117153,0.12706176519386375,0.12706516821457253,0.12706837121904285,0.12707137699472965,0.12707418385563143,0.12707678440356412,0.12707918559797277,0.12708138917577758,0.12708339479195213,0.1270852024644135,0.12708681333118074,0.12708823087397428,0.12708944119371282,0.12709044172826106,0.1270912294455062,0.1270918061700106,0.12709216505952461,0.12709229364287186,0.12709218885238294,0.12709180517628596,0.1270911119386537,0.1270900949226791,0.12708875345156403,0.1270870790213267,0.12708506272906822,0.12708268395062652,0.12707992254448658,0.12707678263798008,0.12707325398016694,0.12706932558012884,0.1270649815645613,0.12706020314994387,0.1270547111992285,0.12704840412577006,0.12704153332288678
RUS,Ninth,35.41806650287669,36.268442716059084,37.13310987819884,38.010085088699405,38.89929983334493,39.80175825238013,40.67032218165571,41.55144573991507,42.44569049792194,43.35410218579354,44.208038847221175,45.068764845122985,45.93974829914265,46.82137849194108,47.72110332607572,48.63719223286973,49.50250071473748,50.381113020256535,51.27195960980016,52.17608253436941,53.09728821918984,53.947244949451616,54.811462568553885,55.68579517635193,56.57757864359698,57.485766128403434,58.335997756219996,59.200107588342306,60.0768483588393,60.974018091830025,61.882379387355634,62.75984397195646,63.65641924166871,64.5669418643545,65.49305325857222,66.43810631526358,67.34470794655546,68.26827181624051,69.20417065676149,70.15535118906219,71.12965404164277,72.03880249047911,72.96045429252989,73.89782634361762,74.84888753347829,75.81411768295966,76.72802396980046,77.65404981509451,78.59368314339028,79.54767838541622,80.51283385033679,81.45683235802179,82.41369539596641,83.38699351896803,84.37610525353888,85.38348311202542,86.31654309775185,87.26891795936865,88.23411194499432,89.22375996751084,90.31522860289445,91.34173444083571,92.38405686760795,93.4422165922014,94.51550550744145,95.60761052557348,96.64373201515413,97.69340141694724,98.75760242720848,99.83602078900367,100.928422402025,101.9774559555235,103.03800227577447,104.10922163469561,105.19116441600787,106.2844210878309,107.34050831624441,108.40444490851263,109.47934151180411,110.56520112104991,111.66011752727158,0.1536054373076797,0.15350843744613765,0.1534154133472821,0.1533180988125364,0.1532166193501862,0.1531108317043817,0.1530104075018053,0.15290892135782613,0.15280303389679326,0.1526926507107895,0.1525912336206662,0.15248605779001737,0.15237815954189268,0.15226252029480494,0.1521649387370195,0.15207943759290096,0.15200397491585396,0.1519275230852166,0.151849996991424,0.15177126806206026,0.15169071362708209,0.15162294327269513,0.15155379271760533,0.15148376541455452,0.1514116995376976,0.15133782053221553,0.15129496411571033,0.1513710864464215,0.15144625837708814,0.15152053501319,0.15159404961849457,0.1516669547765529,0.1517403150566031,0.15181278788390262,0.15188441593479307,0.15195525381955222,0.15202548783131473,0.15209594306867716,0.15216573353858018,0.15223569795118855,0.15231276461649515,0.15238926568119215,0.15246544366826661,0.15254125545916256,0.15261677528931636,0.15269203314395555,0.15276667027330473,0.15284074692069924,0.152914643868635,0.1529884064654514,0.15306204832596795,0.15313535929903108,0.15320851796401164,0.15328161367939133,0.1533547065788978,0.15342779116105912,0.15350106373137365,0.15357490761502748,0.1536488176244243,0.15372280361985563,0.1537968994123501,0.1538716072393182,0.1539474083869556,0.15402336090388094,0.15409948899472342,0.15418230682209025,0.15426790047336456,0.1543547992062621,0.15444204774796003,0.1545296805226822,0.15461768994853498,0.15470648975984724,0.154796359606583,0.15488665314065522,0.15497739661975604,0.15506859905585377,0.15516038414990058,0.1552528197110342,0.15535047455384404,0.1554536633648544,0.15555741201635473
RUS,Tenth,64.78324518105697,66.43948191875951,68.13046828570597,69.84448116322271,71.581595403543,73.34343490801591,75.04290533995452,76.76876161232897,78.5181348846416,80.29276584746887,81.97231624487465,83.65782599168664,85.36246589326342,87.08018325393513,88.86058226117673,90.69382171334988,92.43573269451899,94.2068548958893,96.00510170035993,97.83251240106773,99.69591934625285,101.4307797034424,103.19651019372418,104.98578765183274,106.81151766707035,108.672092388529,110.4263352251642,112.20947594766402,114.02033080587651,115.87263988196239,117.75102302782301,119.57083333551219,121.43226195828932,123.32394831905198,125.2489322023585,127.21324382443018,129.1064301762633,131.03731551856234,132.99617270679417,134.99017818245187,137.04969295661016,138.99190595137387,140.96342973208525,142.96992122095594,145.0082243515793,147.079449017193,149.05470991461863,151.05784695757418,153.09273078937287,155.16109649932898,157.25762099840438,159.30928802418535,161.39178411318434,163.51180123918434,165.66867804474234,167.86696731325702,169.92674388038756,172.03111056800864,174.16726022167026,176.3560779852828,178.73546311788903,180.99521975089885,183.29672533521955,185.63715908130422,188.01556126577995,190.46202356156334,192.81504112451793,195.20813633210022,197.63993469143946,200.11028459356243,202.61901950577362,205.05268554610626,207.5228011823455,210.0258097681152,212.56237455471125,215.13385280955168,217.64283691295012,220.18080442987244,222.77397570845056,225.4252029331816,228.10975432248864,0.27456278582452825,0.27387180882636913,0.2732091182795391,0.27252679515105255,0.2718258274349296,0.27110553596720305,0.27042645909651897,0.2697461582672474,0.26904575277020454,0.2683248884274767,0.26766591193437184,0.26699060565510446,0.2663047229285122,0.2655807368183932,0.26495985610687095,0.26440830267962184,0.26391971101821343,0.26342816387026696,0.2629333318601987,0.2624344726410376,0.26192800201875605,0.2614985713369194,0.2610634805472206,0.2606257713910707,0.26017879001699784,0.259723917846404,0.25944774203293847,0.25984926945236836,0.26024709761826725,0.26064148321596725,0.26103309526374974,0.2614227288008782,0.2618160735756432,0.2622059355262087,0.2625925082127665,0.26297604897170357,0.26335754643694376,0.2637414854671021,0.2641230247856271,0.26450675836652443,0.26493089261473457,0.2653534290156214,0.2657756967528172,0.2661974486103186,0.2666190920686358,0.26704079315611634,0.26746052798480846,0.267878614293993,0.268297194519038,0.2687165267638355,0.2691366982947859,0.2695565040096452,0.2699769749700188,0.27039862986149155,0.27082182325284626,0.2712465454430898,0.2716739561844263,0.2721063302277363,0.27254074750325197,0.27297728982370517,0.27341617870112855,0.2738604314045014,0.2743129909500091,0.2747682949525801,0.27522652322481506,0.2757271644637627,0.27624696810467114,0.27677720842482134,0.2773121578601659,0.2778520865433046,0.278397030214465,0.2789496317826939,0.2795117579433645,0.2800794809979663,0.28065305013516517,0.281232607446455,0.281819036710534,0.28241288911873796,0.28304388435494515,0.2837147328044159,0.2843935348597804
TUR,First,4.531750459709197,4.61745821699509,4.701492909529932,4.787008556799357,4.8753418599608604,4.9667104866332,5.055453701861871,5.14607788261503,5.239112257053999,5.334622915032677,5.428192724624845,5.521558264019206,5.617128760058292,5.715923633555585,5.811141412936955,5.904653999310764,5.996655679071,6.090628644072635,6.186671121618283,6.284798049265047,6.385544642274371,6.484077566354075,6.584352412714189,6.685899276927485,6.789194551037105,6.893812011483862,6.996099261029909,7.099690403474836,7.205082413920435,7.313647743286856,7.424764643501419,7.5363582888306295,7.649546198284184,7.764826419137755,7.881949838249208,8.000548937728214,8.117371039621052,8.235686041759898,8.355841654350321,8.477475657863675,8.598764344531558,8.717172227507355,8.83708599060605,8.958528063267902,9.081120447343523,9.204826635500305,9.325593738271905,9.446738193268372,9.568982883473083,9.693155454090114,9.819352541243097,9.947530110620017,10.077162055372149,10.20811678366763,10.340513862595094,10.474565303233772,10.60427132539593,10.734870161488661,10.865608822393737,10.997633357338502,11.1387543801427,11.275787486561503,11.413589096551357,11.552941652082366,11.693610404026824,11.831712079982468,11.964031384096076,12.09561249253573,12.22701879485512,12.357939099065991,12.487890300978265,12.611688819647526,12.734343277860964,12.857399320761779,12.982077700436088,13.107668478922108,13.22811915480267,13.34786240776211,13.463204971680444,13.573427579021503,13.681551363831886,0.02565067810747794,0.02574752973715325,0.02583870405010098,0.02593457548614092,0.0260364762273833,0.02614456653035792,0.026248299410704595,0.026354416947900014,0.026466005062964232,0.026583059963406524,0.026698366708534472,0.02681386312199247,0.026933463945846364,0.027061953018729216,0.027172267657903246,0.027271200616390115,0.027366969188963138,0.027464995593041795,0.027565548212011598,0.027668645929412254,0.02777485374592994,0.0278770852742289,0.02798135460909724,0.028087311214108054,0.028195560355167418,0.028305716611126085,0.02841219600043235,0.028519855790540817,0.028629571350275954,0.02874257600471246,0.02885797994948955,0.028972411188297905,0.02908766016999652,0.029085590609489884,0.02901061561524806,0.028936447290174073,0.0288628884743011,0.02878907479490882,0.028715934913058672,0.028642587978534126,0.028561767287545153,0.028481509191776097,0.028401559071674232,0.02832196151031158,0.02824263713923638,0.02816355460327869,0.028085090079799917,0.028007181140403233,0.027929425962071767,0.027851776278646278,0.0277742168994008,0.027696969274114146,0.027619842274728346,0.027542743124656467,0.027465606737571934,0.027388438132853004,0.027311028130314385,0.027232970343977494,0.02715479764688588,0.027076497121626575,0.026998033102049082,0.026918870379585264,0.026838497077459375,0.02675790935729738,0.026677078423917623,0.026589079624784465,0.026498057520361353,0.026405569679712203,0.026312626865249537,0.026219192098310303,0.02612526575188543,0.026030405075580017,0.025934306184222912,0.0258376524680014,0.02574041263128363,0.025642572940151456,0.025543996495705077,0.025444602647721856,0.025339465472104538,0.025228218648973347,0.02511620661029222
TUR,Second,7.500724982324267,7.652592194364715,7.802910221428561,7.95576293832265,8.112995934541784,8.27494965563498,8.432249132356384,8.592759753881264,8.757159177283901,8.925581291479418,9.090849626991629,9.255385970553897,9.423552793861763,9.596648585564973,9.766209333584484,9.934633858425755,10.100661510018211,10.270170905801397,10.443297160792559,10.620103874615436,10.80141809897389,10.97921093888163,11.160231310113707,11.343778466240055,11.530655515543303,11.72028024012741,11.906399585735835,12.095177079793721,12.28726859842584,12.48472595179996,12.686570314673098,12.889181502039294,13.094988026957857,13.304440698502935,13.517275768017193,13.733141036375471,13.94643547552522,14.16271344464479,14.382370738230785,14.605008310226744,14.82849631102038,15.047371470521972,15.269150589532266,15.493944630223798,15.721220186147631,15.950956157540222,16.176182447344637,16.402711844608145,16.631609168060926,16.86406613959228,17.100186476270387,17.339208126715054,17.58107904859884,17.825712216988144,18.07328961945919,18.32417770982524,18.568091860569627,18.81420432702391,19.06134367661124,19.31135397095578,19.576679645103493,19.835406339753526,20.09612520148667,20.35992322038763,20.62648657792764,20.8907182029263,21.145959637944667,21.40102551301717,21.65670629071231,21.912572485060736,22.167953421886715,22.413600331396125,22.658389963431063,22.904477297143995,23.153612784563812,23.404836789954015,23.647593162398426,23.890014521542877,24.127125928428327,24.35791751200381,24.586433294998194,0.041894459152645794,0.04199500061592146,0.04208875916891351,0.04218801419591159,0.042294223288260706,0.04240752969953257,0.04251615320624689,0.04262736663782789,0.04274481565412421,0.04286846344430731,0.04299030185586417,0.04311249144491116,0.04323923011693477,0.04337612345372384,0.04349140904876417,0.04359310514793012,0.04369129014588414,0.04379186383034515,0.04389513524162366,0.044001106987974395,0.04411038529293168,0.04421526779981227,0.044322270819435905,0.044431020021794894,0.04454216004242493,0.04465526273374679,0.044764295516798336,0.04487445685415185,0.0449867317230929,0.04510243258730703,0.0452205783113711,0.04533754116793831,0.04545515571967928,0.04544743666138081,0.04536186710370802,0.045277137772322416,0.04519302616816863,0.04510854406167865,0.045024756497779206,0.04494065385183672,0.04484789027676729,0.04475567743245713,0.044663724787750984,0.04457208306669327,0.04448066476040365,0.044389432257288024,0.044298821948659604,0.044208761075200234,0.04411878764789792,0.044028847313558134,0.043938919716392466,0.04384926500795123,0.043759660198071086,0.04366999813086373,0.04358020288346163,0.043490278729305866,0.04339998191483722,0.04330883763856104,0.04321746593452082,0.04312585032620556,0.04303394755984073,0.04294113143995907,0.042846795094109436,0.04275210577596282,0.04265703023783169,0.04255340748694687,0.042446096271684136,0.04233692253127505,0.04222707707431642,0.04211651035286395,0.04200522349633212,0.04189268573439302,0.04177853060655702,0.04166356713328289,0.04154775473577767,0.041431073002474166,0.04131335511922765,0.0411945002717567,0.04106860081129067,0.040935186924346265,0.04080064945508096
TUR,Third,9.117143302432002,9.308394667502347,9.49847620191149,9.691673518534376,9.890077800977657,10.094090976678363,10.292299974870275,10.4945253558278,10.701419031858446,10.913150443789126,11.121042841492732,11.327820944134046,11.539003636290804,11.755850846596392,11.97007475909536,12.184136527831434,12.395394521136355,12.611083451679,12.831347876270822,13.056285530765166,13.2868812733302,13.513318647467587,13.743932627912043,13.977895411994956,14.216194673190923,14.458174727769736,14.696105051793882,14.937610201428107,15.183395333834287,15.43587489297669,15.693886369857442,15.952914398270954,16.21624054472467,16.484191572135604,16.756513528582776,17.032892904234455,17.30638172145345,17.58388952306715,17.86578151766699,18.151702724818694,18.439810768582245,18.72246291791324,19.008988573866898,19.299556505238534,19.593560046561716,19.890996380429296,20.183172209603452,20.477370541159267,20.774863070758048,21.07703820041498,21.384006139609287,21.694479588215287,22.008804475377776,22.326938469084737,22.649106070606347,22.975767983122243,23.294139624002923,23.615747623426884,23.939157328202608,24.26661170387163,24.613162743749267,24.951898927353295,25.293688796077085,25.63970612391931,25.989605113214534,26.338265898405826,26.676568729969247,27.015472358202217,27.35580981979296,27.697102790435018,28.038587460268953,28.36858578075876,28.698349305088986,29.030294733520698,29.366462551646162,29.705777675733895,30.03496848533472,30.364463094237912,30.689122574971282,31.00784606701633,31.324683701648983,0.05067379469958728,0.05077919963608052,0.05087796801088836,0.050981873172067184,0.051092360246758874,0.051209561022617166,0.051321796008117614,0.051436440002722,0.0515569406602213,0.05168325341198396,0.051807454293162705,0.05193167500306765,0.05206013226585399,0.05219810731239108,0.052315580325132,0.052420180063616414,0.05252118477782913,0.05262443032183112,0.05273020155454591,0.052838499587042814,0.052949914832993404,0.05305687425240352,0.0531657962618377,0.05327630001525322,0.05338901600610345,0.053503522522392544,0.05361391614051511,0.05372531914299878,0.05383866012876053,0.05395521840638462,0.0540740374486744,0.05419158152924868,0.05430969313283533,0.05430560958123843,0.05422561377226519,0.05414635602667824,0.05406762805893556,0.05398850549761065,0.053909984821867804,0.05383112166462536,0.053744080498886876,0.05365749973486405,0.053571104354420265,0.05348494487702673,0.05339893772621158,0.05331304921281771,0.05322768926023878,0.05314279191681916,0.05305792099552465,0.05297302521544472,0.05288808730290909,0.052803350061282006,0.052718606448756866,0.052633752611483856,0.05254871612672794,0.052463501995631996,0.052377879015837646,0.052291394978009366,0.05220463601537996,0.052117587618025325,0.05203020818858458,0.05194189956345956,0.051852083979022356,0.051761869325813205,0.0516712225144938,0.05157235480915515,0.051469889044141195,0.051365560565712516,0.05126050459398597,0.05115467383233741,0.05104806566881053,0.0509401695062004,0.05083063128394086,0.05072022412717969,0.0506089053246971,0.050496652997732976,0.05038330518114977,0.05026876281140981,0.05014731948550499,0.05001850394596838,0.049888471234300145
TUR,Fourth,11.369251095594127,11.614556627815784,11.859191071486563,12.107770871995548,12.362706147105465,12.624485296073829,12.87886145725795,13.138353375664975,13.403612910571981,13.674861784220756,13.941365575194668,14.206225644114973,14.476576419188303,14.753681626934192,15.02923695344579,15.305838460687905,15.579055703689786,15.85799959551617,16.14283135024609,16.433696640577597,16.731792877056844,17.024842969202258,17.32337324377109,17.626392839247643,17.935140841140868,18.248869090382403,18.557798683707322,18.871564076167218,19.190939292127137,19.51881828829246,19.85378973426187,20.190080552664696,20.53216853734188,20.880210047128166,21.233975467528115,21.59322165001611,21.94913293016839,22.31047024232015,22.6775671105387,23.050121104832357,23.426583336859,23.796422305446004,24.171455100940726,24.551932624142243,24.9371546029206,25.327145047527722,25.710845354336755,26.097571938094383,26.48885962404596,26.88634847112293,27.29015294533283,27.69819535378146,28.11144531170584,28.529929256521097,28.953927682059806,29.384027287620025,29.804013167315464,30.228639306631504,30.65613871731417,31.08928351773154,31.546576338114303,31.994350204819522,32.44659543564852,32.904614331434374,33.36802364432859,33.831584195492496,34.282845220396666,34.73575798452311,35.19122954110091,35.648720001182326,36.10735422395106,36.55209948240647,36.997462248859975,37.44619745144182,37.90071408380944,38.35979914056624,38.80646514825577,39.25430741923134,39.697923547853115,40.13609638407864,40.57296638081997,0.06285122466546339,0.06294601472278798,0.06303437158310515,0.06312767524613078,0.06322725853969796,0.06333322953385026,0.06343465017393922,0.06353829191063602,0.06364748596201399,0.06376217229741128,0.06387495601877008,0.063987831400847,0.06410465590565832,0.06423050477883732,0.06433651007201295,0.0644300323347995,0.06452020714301368,0.06461241954823539,0.06470693929230625,0.06480375905864516,0.06490341756323474,0.06499893632877271,0.06509621732229942,0.06519491755160002,0.0652956081239078,0.06539789683221928,0.06549636020521626,0.06559568080693988,0.06569672909281606,0.0658006717477473,0.06590662032145943,0.06601133421067051,0.06611645701228369,0.06611003243367454,0.0660343220914709,0.06595926528094052,0.06588466709897474,0.06580965020915552,0.06573516155427142,0.06566030345117481,0.06557763262774878,0.06549534494237229,0.06541318181716867,0.06533119103373498,0.06524929198757005,0.06516745418912318,0.06508606860701537,0.06500507280715678,0.0649240522279884,0.06484295633705067,0.06476176910897379,0.06468072426140087,0.06459962114581731,0.06451836137333822,0.06443687680953206,0.0643551702359521,0.06427301964852902,0.0641899896810613,0.0641066429420081,0.06402296505764642,0.06393891465316828,0.06385391557101457,0.06376740891232525,0.06368046054022543,0.06359303799130012,0.0634976196915047,0.06339865536966707,0.06329781584154202,0.06319619562832625,0.06309374539794366,0.06299046198430443,0.06288584814526756,0.06277955762228708,0.06267233667949328,0.06256414314786399,0.062454953117512535,0.062344605626696595,0.06223300172326683,0.06211457125996696,0.06198883536643165,0.06186179172998637
TUR,Fifth,13.344736497057779,13.63963993320521,13.934515729974507,14.234074193060836,14.540987250826303,14.855814762517142,15.161812777649489,15.473949888978677,15.792806465534873,16.118648586008273,16.438938912146877,16.757060613959464,17.081628010954475,17.41377897274545,17.745918359409135,18.0806142395977,18.411473286272606,18.74928707522248,19.094225083727196,19.446479471054563,19.807434162321695,20.162620679957158,20.524533022406686,20.892033875011425,21.266588743658364,21.647375079092292,22.0227763603882,22.404247346320535,22.79259873919762,23.191140416313825,23.598250896043226,24.007015909132065,24.423057882215666,24.84631833506851,25.276598881798567,25.71373841633295,26.1472367033966,26.587557314858447,27.034967246882253,27.4892547137162,27.949450844504135,28.402082301890996,28.861220094004672,29.327193377793844,29.799230040784707,30.277382735851855,30.74842618791166,31.223536055202953,31.704493976821414,32.19316239436905,32.68966111886866,33.191121846109574,33.69916328777269,34.21388566930612,34.735625583973544,35.26508761830523,35.782934674863085,36.3068994333926,36.834898167445594,37.37017915739096,37.93432182899095,38.487579899337945,39.04685242726724,39.613498243829746,40.18710861022571,40.762819944458066,41.324834628149034,41.88978746833823,42.45858937974026,43.03065953905926,43.60503469408734,44.16359129827423,44.723881680100526,45.288908611004224,45.86140560333021,46.44005658460515,47.00443012963757,47.571100281587285,48.13485171471098,48.69442277090827,49.253607839348675,0.07349059458883461,0.07357733113680681,0.07365829637716148,0.07374352970825129,0.07383421537877351,0.0739304381695631,0.07402243279984405,0.0741162974089377,0.07421494196780373,0.07431830116627362,0.07441979133199149,0.07452118705312456,0.07462593497732896,0.07473844231427747,0.07483356244977994,0.07491774859850821,0.07499888064806559,0.07508173056988844,0.07516652842117476,0.07525326228384165,0.07534240223159076,0.07542779595398186,0.07551465276592567,0.07560266095313457,0.07569232151952218,0.07578328592858738,0.07587079667277358,0.07595897373605065,0.07604856767308842,0.07614059467975974,0.07623427438360371,0.07632677542826131,0.07641955013229662,0.0764150159323493,0.07635003761097073,0.07628557527672192,0.07622146165808756,0.07615694323503591,0.07609283514275329,0.07602836395320714,0.07595711252360708,0.07588613767363393,0.07581521527917194,0.07574438833809642,0.07567358822482304,0.07560278709902232,0.07553232487225989,0.07546214808747967,0.07539189730657886,0.07532152952919285,0.07525103066284944,0.07518060182464904,0.07511007193317165,0.07503935310273305,0.07496838695242064,0.07489717519748958,0.07482552328047987,0.07475305030901391,0.07468024593976678,0.07460709769071924,0.07453356864552563,0.07445915345636829,0.07438335957736368,0.07430712082501631,0.07423040505753316,0.07414660620500861,0.07405961770940431,0.07397090279124964,0.07388141965972007,0.07379112419484699,0.07370001289288393,0.07360764333073094,0.07351370574676847,0.07341885799625626,0.07332305821111472,0.07322628527249084,0.07312839172084389,0.07302928825777547,0.07292401828233726,0.07281213662169507,0.07269896682686834
TUR,Sixth,16.1635538258038,16.529042932496512,16.89544001618913,17.26758776493206,17.648511386892924,18.03887089068923,18.41836300869791,18.805448358653333,19.200618239118125,19.604203520176686,20.001124392946693,20.39511522744641,20.796920577370717,21.207516819990147,21.620264404660013,22.03769755652823,22.45064934709491,22.872304978135688,23.30284705797778,23.74253633959576,24.19301723030781,24.63671129863934,25.088913435223713,25.54828882512697,26.01662170972211,26.492992776102238,26.963163454010633,27.441176587431666,27.927892001042068,28.427190742738393,28.937160009769535,29.449239032648457,29.970709719688333,30.50119537551881,31.040553617450875,31.58875622757288,32.13289729052055,32.685857301270744,33.24780814944444,33.81867157614673,34.39828426992489,34.96901300880491,35.54812786200844,36.13607166368452,36.73197762189165,37.335943418512734,37.93165854027141,38.532956874967134,39.14195572341936,39.760817813127005,40.389667936721345,41.024439960932355,41.66775693017675,42.319831966798596,42.98107857219811,43.652369055596445,44.30993015481532,44.975731904804164,45.64726129805939,46.32842519849651,47.04505233312458,47.74886240027325,48.46090204715888,49.18260094181456,49.913525295879346,50.64936966504404,51.369556533804186,52.09456312797483,52.82530709952611,53.56115901650807,54.301040828659545,55.02241582659261,55.74717924153398,56.47865695346388,57.22001859813235,57.96982043067925,58.70273686793542,59.439605455017166,60.17553130954387,60.90921084299814,61.643924449243976,0.08861634499293175,0.08867704115199822,0.08873305297393723,0.0887925346853067,0.08885637227736534,0.08892460345380293,0.08898977365579346,0.08905635279447963,0.08912671144274413,0.08920077430010562,0.08927354464374622,0.08934637304622643,0.08942177738302072,0.08950330930118496,0.08957066493376645,0.08962907536984636,0.08968519629728375,0.08974257262820964,0.08980138733839071,0.08986162226559417,0.08992362132527155,0.08998281196825034,0.09004305111209111,0.09010411340962797,0.09016636247519699,0.09022953410009361,0.09029011339575173,0.0903511083903876,0.0904131051715004,0.0904768393180707,0.09054172358634156,0.09060567357782756,0.09066969687662065,0.09066266597814372,0.09061150385413695,0.090560691309258,0.09051010038206894,0.09045913494473945,0.09040843860954388,0.09035740147739152,0.09030093414374267,0.09024461938304748,0.09018828092178975,0.09013195281945331,0.09007558095777793,0.09001914413346236,0.08996291278377017,0.08990684568850249,0.0898506562959247,0.08979431049536317,0.08973779545852173,0.08968127466685932,0.08962460943780759,0.08956772895861054,0.08951058532394467,0.08945318101008758,0.0893953567953927,0.08933680458228745,0.08927791982503225,0.08921868943369048,0.08915908327936983,0.0890986904425164,0.08903710925147454,0.08897509365405816,0.08891261879238645,0.08884429243526713,0.08877327466073293,0.0887007520876176,0.0886275038316865,0.08855349348541414,0.08847871291076104,0.08840279781459406,0.08832548851479406,0.08824732326409074,0.08816826325022646,0.08808828962412556,0.08800727717871755,0.08792514683636966,0.08783777892684605,0.08774477999261962,0.0876505613616751
TUR,Seventh,18.82025498007755,19.255534399765736,19.69290831399461,20.13705766902283,20.591318160040483,21.056440122694216,21.508745215201476,21.970110513080744,22.440831167213855,22.921297178353555,23.394029037227316,23.86302955491082,24.3411393900034,24.828984698715054,25.32193186744615,25.82226612052334,26.317604978891943,26.823444044081995,27.33996794768327,27.867508973795086,28.407957714205992,28.940754611097816,29.483898825631492,30.03586575745679,30.598747677799263,31.17154231869492,31.737478966878715,32.313131677996644,32.89936759425667,33.500608552762415,34.11467680317038,34.73140635079664,35.35978337397536,35.99903136731709,36.649076289286015,37.3100402573289,37.96668054802446,38.63428165449059,39.31286651423069,40.002550618685696,40.70444785298664,41.39635584001746,42.09867553365117,42.81196415586095,43.53527897984918,44.268769329152825,44.99307291563443,45.724644272537475,46.46594922870847,47.21943927622582,47.98525076682726,48.75805040988912,49.541547581663735,50.33608539695424,51.14216154892402,51.96081719072216,52.76392297556085,53.577674977362435,54.39910972235949,55.2327802705834,56.108621355458276,56.97005313527118,57.84230082359649,58.72677194576851,59.623021714047184,60.52805636091488,61.41611386362717,62.3113734133469,63.214662135825186,64.12531895586703,65.04217537852037,65.93830873881305,66.84001385170426,67.75084554893961,68.67440328142456,69.60914159691407,70.52483301579701,71.44664993153393,72.37070020679352,73.29574120080352,74.22385644290829,0.10282244157167554,0.10286333772859607,0.10290124544384863,0.10294108415016168,0.10298339283512575,0.10302817820587769,0.10307079383740196,0.10311410217698472,0.1031594827395341,0.10320687135913113,0.10325318912173923,0.1032992664763953,0.10334666898441228,0.10339742817811033,0.10343981670613557,0.10347692490998753,0.10351250217759708,0.1035486926923271,0.10358559298705944,0.10362318567229394,0.10366166415948269,0.10369831805829709,0.1037354379303512,0.1037728831260095,0.10381086260383278,0.1038492149406208,0.10388589261431641,0.1039226661882036,0.10395985584089851,0.1039978815439681,0.10403639581432164,0.10407420559171508,0.10411190703765724,0.10410914786761698,0.10408126138784396,0.10405348399400279,0.10402574730669391,0.1039977255705829,0.10396977203740022,0.10394155037351725,0.10391023341087025,0.10387890452187452,0.1038474670403199,0.1038159398546896,0.1037842934908009,0.10375251549269633,0.1037207602409237,0.10368900557661927,0.10365708935777164,0.10362499177821013,0.10359270726190122,0.10356032647439399,0.10352777096814636,0.10349500134811314,0.10346198721489037,0.10342873010092204,0.1033951372976013,0.10336102707077234,0.10332662641062743,0.10329192866314066,0.103256913525045,0.10322133823064801,0.10318496088440905,0.10314822425613543,0.10311111209739966,0.10307040424363409,0.1030279629799097,0.10298448572669933,0.10294043488761899,0.10289578314396486,0.10285052436436226,0.10280443302104728,0.10275734403991149,0.10270957987265031,0.10266111438783534,0.10261192936703874,0.10256194406986932,0.1025111049262609,0.10245684294147676,0.1023988799265125,0.10233994520281836
TUR,Eighth,23.48883363525957,24.045873479319198,24.607070360388885,25.176868521684714,25.759119242904234,26.354728491661692,26.934097920839864,27.525078574286162,28.127664210543124,28.742350548077614,29.347497853233836,29.94749634341411,30.558890302517685,31.18175414006505,31.814697427552705,32.45961634854675,33.09862306672697,33.75125906123918,34.417716971914835,35.09845638007557,35.79579132542821,36.48395981359757,37.18569440191979,37.89915451698887,38.626964937754664,39.3679922772797,40.10102631683364,40.8470583648971,41.60697162050295,42.38609619856613,43.181805586435694,43.981084107814,44.795938789596946,45.62488911674537,46.46799390268776,47.3256668586113,48.178562727171744,49.046150475518154,49.928204111301355,50.82517259254056,51.740295279900785,52.643515001721106,53.560678797495825,54.49255067524658,55.438066195197145,56.39746971471032,57.34606989736279,58.304918280791625,59.27705898655048,60.265422568524784,61.270159890911074,62.28360062027593,63.311490519189924,64.35440404219227,65.41298692460651,66.48856922149268,67.54543104083001,68.61713218506264,69.69996669561772,70.79958085001847,71.9528458608943,73.0889038244294,74.24027452591211,75.40832714740696,76.59260822013908,77.7923645780619,78.97281262070989,80.1646475028191,81.36855033455919,82.58382415134965,83.80915912912036,85.00995473187368,86.22018671014064,87.44377276159717,88.68501356798127,89.9422241583665,91.1766367718589,92.42102072850899,93.67324599284952,94.9322070763074,96.19793835333614,0.1276915137662606,0.127669350232516,0.12764737906337112,0.12762512522557143,0.12760237004977482,0.12757903815653637,0.127556511469742,0.12753357847567565,0.1275100873395613,0.12748598323457497,0.12746227843335997,0.1274387083434484,0.12741454052864953,0.12738944482524817,0.1273651777323554,0.127341376383134,0.1273180350268984,0.12729424231858877,0.127269969510139,0.1272451966999668,0.12721981116555467,0.12719502514264355,0.12716978515382668,0.12714416339279488,0.12711803794792745,0.12709146326928947,0.12706543764380182,0.1270390359184183,0.12701215055211837,0.12698453325661735,0.12695632234174545,0.1269281386697128,0.1268995497918349,0.12689364285127097,0.1269018204333489,0.1269097592827338,0.12691748202200825,0.12692508022546534,0.12693245937794784,0.12693970678009642,0.12694751601262724,0.12695508594964422,0.1269624413886803,0.12696958110542694,0.1269765115832795,0.12698323638246253,0.12698972423769253,0.1269959846982239,0.12700205002368062,0.12700792398689828,0.1270136076517968,0.12701908398574974,0.12702436679014376,0.12702946144232408,0.12703437253889222,0.12703909565228585,0.12704364308286853,0.12704803234848097,0.12705223069885493,0.1270562364823339,0.12706004698655676,0.12706368512588598,0.12706716476821733,0.12707043477489996,0.12707349344145985,0.127076569322969,0.12707947058284091,0.127082122199767,0.12708448433704245,0.1270865513526733,0.12708831365673373,0.12708977081216208,0.12709091257841754,0.12709171842409994,0.12709217960527383,0.12709228661196115,0.12709202737270786,0.12709139016674104,0.1270903007309167,0.12708867943941946,0.1270865535564338
TUR,Ninth,28.30652601595861,28.99828541440221,29.697179626549353,30.406620881896835,31.130947987077185,31.8712141033692,32.59165167439745,33.32662479923252,34.07549443640108,34.838857584088004,35.590753641324476,36.33582360296093,37.09467126277694,37.866227881918505,38.65560697112804,39.46369371165477,40.265214369217915,41.08403794497127,41.92033682574144,42.77471949426196,43.64994790828491,44.514735461873265,45.39688938848533,46.29422353215404,47.20993709710868,48.142780041386125,49.06679311005053,50.0077897531134,50.966565438745434,51.94940542346013,52.95324727721951,53.96199205252252,54.991151359454854,56.03824143819806,57.10349500488538,58.18768426853461,59.26704248530642,60.36572675410406,61.483080997949614,62.62010266601966,63.78377747888924,64.93401283025601,66.10261932780047,67.2905923567993,68.49677999691144,69.72155388213748,70.93429964588941,72.16114411712735,73.40583867156303,74.67183861386845,75.9593287189464,77.25786586009737,78.57566545120152,79.9136047994655,81.2725229155189,82.65408760419261,84.01422780769714,85.39479677349236,86.79117690529235,88.21021987269688,89.69631703798382,91.16308523191981,92.65137996090574,94.16225613030568,95.69529373295154,97.25449215986885,98.79370205832026,100.35055217561371,101.92526982753623,103.51717395654929,105.1248532512425,106.70514131908546,108.30086418857339,109.91610044712019,111.55594397901393,113.21862964052445,114.85572097601671,116.50876364643756,118.17968739328775,119.8678640720148,121.56895098947237,0.15325132726775412,0.1531848231514407,0.15312350607946515,0.15305733064785224,0.15298518360892413,0.15290694321615342,0.1528315999149001,0.15275388973636828,0.15267074101130046,0.15258217089246826,0.1524943391919868,0.1524055854121201,0.1523127831930913,0.15221117988691718,0.15212755016735205,0.15205522427957252,0.1519853185169704,0.15191327105537356,0.15183880876351175,0.15176192419822204,0.15168213270277978,0.15160548743911761,0.1515268904369844,0.15144661451932512,0.15136414910578447,0.15127982579213986,0.15119845230766304,0.1511159448914239,0.15103146660844424,0.1509439645668777,0.1508542219743297,0.15076516008007715,0.15067537823397095,0.15068639331335482,0.15076003532491336,0.15083287548500088,0.15090510589382522,0.1509775752942169,0.15104937077776714,0.15112135753510475,0.15120066372120247,0.15127940224293224,0.1513578215672734,0.15143587710754372,0.15151364594944772,0.15159115821588628,0.15166804455512506,0.15174436799352578,0.1518205194931846,0.1518965455449293,0.151972460948457,0.15204804839036182,0.15212349447370313,0.15219888775612572,0.15227429293342185,0.15234970340144263,0.1524253222363811,0.1525015456764209,0.1525778518178516,0.1526542513078726,0.1527307803163709,0.15280795661248633,0.15288627819642447,0.15296477324534816,0.1530434671850834,0.15312909487331644,0.15321761409645732,0.15330750597827345,0.15339778364248255,0.1534884813370654,0.1535795942077095,0.153671550013246,0.15376463917031138,0.15385819470161974,0.15395224390942572,0.1540467969293166,0.15414198217476013,0.154237871972432,0.15433920901792655,0.15444632577435316,0.15455406323215581
TUR,Tenth,51.07165321266626,52.40538476685237,53.76136173279464,55.13744960431379,56.539998583598674,57.97071452449631,59.364666920295754,60.78725640757783,62.234721394839134,63.70813544183818,65.1615878253171,66.59992473203467,68.06346713817467,69.54540011689096,71.08396474803658,72.67482564618412,74.25645614863272,75.87329297542237,77.52541473132355,79.21417735196553,80.94439056719466,82.65876860289694,84.40918385095091,86.19194702128418,88.01293316270102,89.87048883948005,91.71604148045228,93.59837443118207,95.517724728837,97.48460729977221,99.49408607732015,101.51501111216646,103.58029475991441,105.68226695862874,107.82215443352156,110.00270858298414,112.17901812314814,114.39769639001479,116.65587958050737,118.95743749423308,121.3287633518054,123.68058957524916,126.07297438300475,128.50807072682838,130.98448505601903,133.50327622308666,136.00544469439254,138.54155786736823,141.1186509090701,143.7424997822553,146.41348547334215,149.1064581720396,151.84303106483782,154.62567797641802,157.45620242992692,160.3378982199219,163.186977788497,166.08510222735242,169.02348853754305,172.0144904582149,175.13616389457547,178.23028302030693,181.3780809514272,184.57863436393473,187.83187041403565,191.1684752797375,194.48564325822346,197.85407711424625,201.27140732560957,204.73729236827182,208.2501371806792,211.72555626694617,215.24942914506826,218.82589739103958,222.46359296615793,226.16080043162867,229.82261997699726,233.53358565646977,237.31960289651687,241.1834109541083,245.0957266694684,0.27305762118736915,0.27256037188669896,0.27209671724920836,0.2716082574826063,0.2710881475479356,0.2705359120117086,0.27000798952331,0.2694692639084681,0.2689027881597326,0.2683089499303373,0.2677257784008448,0.2671430186978669,0.2665408126992037,0.26589350693058045,0.26534746090679817,0.2648651322962153,0.2644004160774946,0.26392578144215895,0.2634398886792369,0.26294279731700676,0.2624317969802306,0.26194239778249223,0.26144454358815067,0.26094001579635173,0.2604259218201326,0.2599042772697842,0.25940253950273134,0.25889695828088466,0.2583831618590046,0.25785528788855505,0.25731784586866335,0.25678717855625066,0.2562549518928247,0.25628446477148065,0.2566629228060939,0.2570384082821673,0.2574118929369362,0.25778776616660576,0.2581612862676104,0.25853695293451184,0.2589521694970022,0.259365818927398,0.25977920377175057,0.2601920802870235,0.2606048481804492,0.2610176684139627,0.261428563414515,0.2618378410160694,0.26224760068937686,0.26265809352070635,0.2630694049887976,0.26348035605323794,0.2638919563296539,0.2643047121517513,0.2647189724791368,0.2651347255440293,0.2655531085977581,0.2659763473714152,0.26640158276907233,0.2668288962987394,0.26725850374348925,0.2676933591780766,0.2681363422591945,0.2685820082452433,0.26903053425859424,0.2695205713074135,0.2700293617648011,0.2705483625981511,0.27107196947957135,0.27160044480457984,0.27213382506621697,0.2726746965467785,0.2732248842527891,0.27378054533332585,0.2743419247965016,0.274909160137196,0.27548311506032214,0.2760643303862659,0.2766818930716295,0.2773384533596805,0.27800279079038887
USA,First,11.829341539877374,11.760493333063264,11.690580409363434,11.62633225727214,11.571061571758005,11.524637336307043,11.48226678902092,11.448839018177933,11.421422533711743,11.399679439303567,11.383519391066706,11.369686940847112,11.358975132430619,11.35367530008383,11.349618299542808,11.348060740644307,11.347972944589362,11.350835176096954,11.357076778313573,11.366468116139645,11.379448723947982,11.393700430242385,11.410491243501514,11.429058939176032,11.449188736986086,11.470207025389936,11.490017992114126,11.51184140099893,11.536091843035322,11.564041824168225,11.59592960113975,11.627404658367201,11.660409723843665,11.695077582198184,11.730860996249293,11.767044137540163,11.79973284325776,11.833907309560256,11.870196548152602,11.908071326444588,11.948346208605045,11.987534920789683,12.02806302602045,12.069850370977978,12.112582850614372,12.15611086746555,12.196667198061192,12.236183453337059,12.276609812138625,12.318985721731071,12.363811604045102,12.408892271628124,12.45443753932132,12.500656073212687,12.547742232995857,12.595637493925478,12.642308795897689,12.688534568451217,12.734264762358476,12.77957837380704,12.825237881744206,12.869748169493073,12.914507384165004,12.960307575928608,13.006880811692946,13.054200179602113,13.09988957210451,13.144560076606702,13.18859209077538,13.231640764008592,13.273198104202073,13.31096549878858,13.347212365086042,13.384023559094262,13.422729030907611,13.462408666830527,13.499597862658252,13.535633927478038,13.570893648877846,13.605044615765284,13.637389869064235,0.030348509877181594,0.03011642168664812,0.029894747703785463,0.02968788913804813,0.02949514505471839,0.029315842188788722,0.02914938113803134,0.028998886283245942,0.028860042776476955,0.02873231715306305,0.028615235880142937,0.02850828736748254,0.02840646559863662,0.028315559980969997,0.02822863313559129,0.028145505939414686,0.028066026113291054,0.027989433346756982,0.02791621082607998,0.027846200907910578,0.027779268090262463,0.027715300612057715,0.027654679162497833,0.027596765053769668,0.027541409076720334,0.027488528601169578,0.027438025207450218,0.027390355868433646,0.0273448640840492,0.027301413999808496,0.02725990804048847,0.027220254382670752,0.027182039806287306,0.027145426633572577,0.027110334728521715,0.027076674317579853,0.027044364068012715,0.027013260948702475,0.026983372403120064,0.02695461331240922,0.026926947284170114,0.026900260064886782,0.02687374737622428,0.02684814291115272,0.02682335073296522,0.026799331779445063,0.026775986957547983,0.02675186300826139,0.02672834170248583,0.02670535576773917,0.026682889932361845,0.026660831225840034,0.026637778650666015,0.026615103861096494,0.026592700928181882,0.026570582567757375,0.026548642547510614,0.026525960906291737,0.026503392768090904,0.02648092698875896,0.02645848725761796,0.026436032040589474,0.02641262116106778,0.026389155666925887,0.026365576945763188,0.026341820326385816,0.026317872060593495,0.026292818903220373,0.026267525196511887,0.026241913487355176,0.02621600134544957,0.02618967959405904,0.0261618486343415,0.026133624547797604,0.026104944285708764,0.026075781290391883,0.02604604184230118,0.026014565654430027,0.025982512182641734,0.025949873572764525,0.025916637707672528
USA,Second,19.918116293544855,19.857114470602866,19.79347930307612,19.736247187073406,19.690106225947623,19.65504986647141,19.623302389043477,19.60283314404697,19.58993189022347,19.584244745168647,19.585696378740288,19.588707974447544,19.595847454737143,19.610065830176005,19.62597663222819,19.645358321928168,19.66624453276803,19.691264217906088,19.721029703111206,19.755269172424846,19.79463434645755,19.835331022017474,19.879668590380657,19.92664370088414,19.97598597039397,20.026783370507466,20.07528880134447,20.12675267127261,20.181794531078733,20.242213290169584,20.308366725612252,20.373074304415738,20.44018051902874,20.50987443129635,20.581407467052095,20.65379652103244,20.72023058764734,20.789005017094734,20.861002894512925,20.935501174604553,21.013648212488867,21.089251632719332,21.167043654768992,21.246885313950216,21.328349694644576,21.411230718471828,21.489196885527473,21.56602995642313,21.644389871047398,21.725733723572034,21.810769268548523,21.895695470286597,21.981561341347156,22.06860854742392,22.157115831137222,22.24700401237459,22.33478395400763,22.42217106762028,22.50905993310364,22.595565191403967,22.682802240976947,22.767909816081424,22.853551171296104,22.94080520900079,23.029309945875855,23.11903733007238,23.20580340716269,23.291324987574125,23.376099598294946,23.459648241980847,23.54125620317175,23.61667516082905,23.69012190487614,23.764472264069248,23.841601130257775,23.920239794226312,23.994493571645062,24.067310779243275,24.13917323234567,24.20961476375601,24.277654943272797,0.046876862990300056,0.04661584740408672,0.04636584837919459,0.046131940426645965,0.04591344876422362,0.0457097235001336,0.04552017803713115,0.04534847165405707,0.04518977012097697,0.04504353089530009,0.044909270792409854,0.04478645484797015,0.04466936975108966,0.04456470982659544,0.04446451623153999,0.04436859775842776,0.044276791776318894,0.04418823182960244,0.04410348625535017,0.04402238495106859,0.043944779289815016,0.043870549199867916,0.043800144739317905,0.04373283306415357,0.043668446670218575,0.043606895201321126,0.04354807162603453,0.04349251456530126,0.0434394618684682,0.04338876177222417,0.043340303109191805,0.0432939806017291,0.04324931848649148,0.04320650642003634,0.0431654533977761,0.043126057947889845,0.04308822512696988,0.04305179099403798,0.043016766089193935,0.04298305101804825,0.04295060603926316,0.04291929643400098,0.042888182248273385,0.04285812176863635,0.04282900531035003,0.042800788670877346,0.04277335544726504,0.04274499838770906,0.04271733930654369,0.042690302511733405,0.042663869617566984,0.04263790811873179,0.04261076836794681,0.042584065329417005,0.04255767459185088,0.04253161023548858,0.04250575054717772,0.0424790067328481,0.04245238995812955,0.0424258845958354,0.042399403974751844,0.04237289587724916,0.042345250851002166,0.04231753322070476,0.04228967375932808,0.04226159408159181,0.042233279205922555,0.04220364814488356,0.042173723155291026,0.042143411687111804,0.042112732035431984,0.04208155791078443,0.042048583812956446,0.04201513260692571,0.04198112624876134,0.041946535677613764,0.041911245952054775,0.04187387958940448,0.041835812363621945,0.04179703343503331,0.04175752618525133
USA,Third,24.448202774460057,24.411343212605328,24.37034997973675,24.335058706859627,24.310894300530794,24.297969292475393,24.286866150935477,24.287057106264676,24.29477541877558,24.309704299892985,24.331809715771485,24.35419129188621,24.380884112736172,24.414731999950785,24.45027083883207,24.489558068229762,24.530071887291847,24.57516848978339,24.62552098558896,24.680851959082656,24.74193740088216,24.80414276605801,24.87036741183288,24.939540573726735,25.01137704235659,25.084851946344216,25.155237782580137,25.22891674595188,25.3066677071145,25.39057084862943,25.4810557539451,25.5693072562632,25.66036608794282,25.754439609128035,25.85068301143122,25.947984179079157,26.037802513600298,26.13037544235588,26.226716526017785,26.326012232427583,26.429585463874798,26.529631595637824,26.632362983646654,26.737550281480164,26.844715984323248,26.95362832221469,27.056455279107745,27.158235982758406,27.261876500901064,27.36905238067534,27.480582967421782,27.591716525995253,27.704184449589622,27.818124370437506,27.93386884184444,28.051327677532306,28.166152551027437,28.280732646552703,28.394856012484713,28.508657179399385,28.623446452394678,28.73552559038854,28.848418923429513,28.963271125275124,29.079679402910738,29.197623363074133,29.31182970506752,29.424823982763876,29.537082090635163,29.64806237128024,29.75694500579076,29.85829118271048,29.957614951843603,30.058093773591203,30.161896412599777,30.26757682399228,30.36780297597568,30.46665868146947,30.564566863025046,30.660994256208284,30.75481426285353,0.05563467750609225,0.05539300106169303,0.0551611024947951,0.0549437526397668,0.05474040059568847,0.05455050308007607,0.054373573865348086,0.054213087510986656,0.05406457957576793,0.0539275827768347,0.05380168146499538,0.053686403507893304,0.053576410044926935,0.053478009771745556,0.053383739177567585,0.05329342674494292,0.05320692711539986,0.05312343142571633,0.053043482119266454,0.05296692341582543,0.052893622869690925,0.05282347298172814,0.052756900966821806,0.05269322293608933,0.05263228324015315,0.05257399990534113,0.0525182744408411,0.052465621473022826,0.05241532242472578,0.0523672359251866,0.0523212579153272,0.052277291824069656,0.05223488698880606,0.052194226276721344,0.05215522377107275,0.052117784721299514,0.05208182159981726,0.05204717805733619,0.0520138657848841,0.0519817910951335,0.051950916480847785,0.051921116155230394,0.05189149499274347,0.05186287112891101,0.05183513944660205,0.05180825923654924,0.05178212009424017,0.051755094572306024,0.05172872977670618,0.05170295159134001,0.05167774561165699,0.051652983408771086,0.05162709299334373,0.05160161376276527,0.05157642787466836,0.05155154849205279,0.05152685934145117,0.0515013213034125,0.05147590062581756,0.05145058067082567,0.05142527905534056,0.05139994575812914,0.05137352155759755,0.05134702245118254,0.051320382437539974,0.051293525999043195,0.05126643813066953,0.05123808655618898,0.0512094475776683,0.051180430433305404,0.05115105629298531,0.05112120076409427,0.05108961433162214,0.05105756206679355,0.051024970808253814,0.050991809485875936,0.050957971280154515,0.05092213159206491,0.0508856088464587,0.05084839301093957,0.05081046660309648
USA,Fourth,30.7285138061743,30.72095664491503,30.707575859178473,30.699297511689583,30.702458185809114,30.71730856151978,30.732148992834812,30.758588481334616,30.792716152211185,30.834254784697915,30.88320859546189,30.930831207459992,30.9831034545081,31.042827719419325,31.10433813798088,31.1700441425927,31.236637788557143,31.308458080286076,31.38626569861336,31.46977798005221,31.559926497592325,31.65092975330395,31.746522332659964,31.84553679465127,31.947671117107454,32.051761596768785,32.15172082763177,32.25547741143377,32.36400234185778,32.47972794017011,32.6031759857991,32.72330686856525,32.84682668931663,32.97396804861187,33.103768583354686,33.23495391589425,33.35660068084336,33.48158643965805,33.61108812026991,33.7441796101336,33.88240353325895,34.01572739071094,34.152408654421386,34.29211609092149,34.4343102824574,34.578724372030614,34.715481595474735,34.8513336035613,34.98951129042084,35.131965041619424,35.27965116016103,35.426513899158266,35.575226345971224,35.7258169122505,35.87868402536809,36.03372565198025,36.185415049357594,36.337062184172716,36.48833485039108,36.63939284919636,36.79179601122028,36.940679089566984,37.090731512211875,37.24319619624468,37.39761841871826,37.55399088399621,37.70554157319702,37.855921906223564,38.00559508333129,38.153943032232476,38.30001082465346,38.43671134665184,38.571316867964086,38.707400115952254,38.84749373370321,38.989936111889,39.125430146615024,39.259626505975156,39.392892786207696,39.52461168316379,39.65347498620823,0.0673613343106478,0.06713472002864117,0.0669168888306107,0.06671238295385919,0.06652074684826118,0.06634152807153129,0.06617432051528238,0.06602246286381856,0.06588177738661918,0.06575185981389695,0.0656323475354662,0.06552282231971329,0.06541822973371404,0.06532458869088477,0.06523481369131194,0.0651487504608823,0.0650662653955152,0.06498659488850542,0.06491026316816723,0.06483712636850947,0.06476706252921731,0.06469997370272657,0.06463627711831228,0.06457531853595926,0.06451695371237234,0.06446110972418453,0.06440769371693818,0.0643572023244173,0.0643089505001504,0.06426280382546981,0.06421866542874669,0.06417644538549139,0.06413571128822335,0.06409663909800514,0.06405915076977725,0.06402315534486164,0.0639885687038957,0.06395524279227059,0.06392318930539526,0.06389231926552154,0.06386259780037366,0.06383390348746203,0.06380537532721452,0.063777801812766,0.06375108356437781,0.06372517891552551,0.06369998365191766,0.06367392995106833,0.06364850732976585,0.06362364608638815,0.06359933095801514,0.0635754400579551,0.06355045726607488,0.06352586562934165,0.06350155220453654,0.06347753102689321,0.0634536886846907,0.06342902183590722,0.06340446447246274,0.06337999829104173,0.06335554700073717,0.0633310604431774,0.06330551404634954,0.06327989057648314,0.06325412410324262,0.0632281457040759,0.06320193672881738,0.06317449964703803,0.0631467783822264,0.0631186860468852,0.06309024140926978,0.06306132450685685,0.06303072362598983,0.0629996650748408,0.06296807645122492,0.0629359281339685,0.06290311368416977,0.06286835015998793,0.06283291502514846,0.0627967981799731,0.0627599815565051
USA,Fifth,36.32096466251876,36.35252181721339,36.37639931552676,36.40416717361423,36.44294698673606,36.49313683673661,36.541010622255065,36.59991823884976,36.66606877038313,36.739243186435935,36.81949663769256,36.89642181998105,36.97805335993854,37.066822104789026,37.157295520962585,37.252188588263586,37.34747445841389,37.44842372884325,37.5558429471322,37.66945872975208,37.790343731051095,37.91168436732499,38.03795846581393,38.16796091896598,38.30138502935413,38.43695360175953,38.56733307506899,38.701823837854214,38.84159935753267,38.9893997719418,39.14583221110773,39.297837580671846,39.453698245586004,39.613657693389506,39.77665776549721,39.94129404020438,40.09445497431413,40.25143092170358,40.4135360120466,40.57975624052725,40.751821854128465,40.91765005185195,41.08745166427396,41.26076061895921,41.43699011607354,41.61584973151745,41.78559337322059,41.95465523814164,42.126449312405356,42.303161208924244,42.48586721157497,42.66731483896015,42.8511632011025,43.03725818982595,43.226058518813666,43.41745344031957,43.6048368208562,43.79244449494703,43.97977880332872,44.167026561210484,44.35596519072739,44.54064312199925,44.726897202538275,44.91598781732785,45.10742543334445,45.3012147445623,45.48920197655593,45.676170590888724,45.862510634594585,46.04754491063247,46.23020245054021,46.401863936471564,46.57151567649693,46.74298067529555,46.91910973779797,47.098061574634386,47.268735859610814,47.438344460350876,47.60711916324462,47.77437253184405,47.93864338900867,0.07748225111121482,0.07728991178594635,0.07710463370025404,0.07693033975778649,0.0767667074815783,0.07661341103127892,0.07647015448223876,0.07633985497332602,0.07621897719253473,0.07610721043256051,0.07600427526696477,0.07590984266192116,0.07581957387358337,0.07573868353408732,0.07566106672609199,0.07558659852266214,0.0755151716751652,0.07544613123835908,0.07537993549340835,0.07531646803072711,0.07525562775849012,0.07519733520633298,0.07514195546713748,0.07508892718348044,0.07503812867920716,0.07498949805582125,0.07494295933825885,0.07489894770458791,0.0748568689944854,0.07481660929189951,0.07477808640912066,0.07474122192079437,0.07470564363424982,0.07467150436999744,0.0746387370603469,0.07460726427361719,0.07457701328674936,0.07454785688017337,0.07451980493407312,0.0744927820015214,0.07446675705701605,0.07444162431741472,0.0744166313133725,0.07439246872718115,0.07436904879760303,0.0743463386736666,0.07432424428255532,0.07430139111919896,0.07427908754434075,0.07425727088638277,0.07423592952672932,0.0742149565280363,0.07419301794029927,0.0741714203452734,0.074150060603921,0.07412895463915307,0.07410800066869941,0.07408631808492006,0.07406472533080578,0.07404320978812291,0.07402170186204343,0.0740001581593261,0.07397767751397794,0.0739551229785691,0.07393243914555439,0.07390956155839536,0.07388647728899632,0.07386230432573238,0.07383787555321132,0.07381311421653722,0.07378803520321196,0.0737625335105278,0.07373553966001271,0.07370813430528245,0.07368025431386245,0.07365187205931296,0.07362289432789214,0.07359218526588879,0.07356087320520045,0.07352894885593196,0.07349639533428114
USA,Sixth,44.29350401686503,44.38019016727412,44.45677416588447,44.535665523087346,44.625020449716914,44.725428556542255,44.82027625843036,44.92540260413552,45.037187307921364,45.15548986742067,45.28043026651463,45.399214830455385,45.52280389374853,45.65311444800874,45.785056091839245,45.92175147553063,46.058132358871624,46.20078740343479,46.350588774907045,46.507275776339334,46.6721133656276,46.836827586167196,47.00696899952386,47.18128621225877,47.35947001242926,47.540098034367865,47.714050915882204,47.89256821758808,48.077096491689275,48.270782250001766,48.47434977145574,48.67188774630411,48.87394452688555,49.080780973195886,49.29121544429391,49.5036727081692,49.70192315024214,49.90466414146484,50.113393983131836,50.32698305878143,50.54741138012817,50.75966813562996,50.97676600139683,51.19805771038548,51.422896974680896,51.65095927654949,51.867855037145354,52.084423320514254,52.304303790455094,52.52999553783607,52.762731504190626,52.993555246267434,53.22756243563458,53.464341491835455,53.7044380620773,53.94772478147076,54.1860661683799,54.42502587839891,54.66388357028287,54.90285804005483,55.14402345232234,55.37986419255822,55.617853259859096,55.85926835439451,56.103573137631194,56.3507949554414,56.59080564658306,56.8300367065363,57.06877159323486,57.30625753845196,57.54127186465803,57.76299627759788,57.982859864694746,58.20500333536637,58.432698307011655,58.663870521727894,58.88486238727472,59.105139330549896,59.3247400362511,59.54288537829038,59.75791486689857,0.09149485446548647,0.09134602218473702,0.09120217313570235,0.09106642404709718,0.0909386044417563,0.09081853091303455,0.09070603740215524,0.0906034807944752,0.09050813882231526,0.09041981094748376,0.0903383184417027,0.09026343523678149,0.09019174529713955,0.09012741309451199,0.09006560381704067,0.09000622983602072,0.08994921441470555,0.08989404006988444,0.08984108339102252,0.08979025529809213,0.08974148355385951,0.089694709438926,0.08965023310753302,0.08960760854379793,0.0895667431678389,0.08952759116513422,0.08949009491082718,0.08945460992400874,0.08942066159191815,0.08938815854088704,0.0893570394952499,0.08932724292713183,0.08929846925713876,0.0892708444347043,0.0892443167214915,0.08921882390737845,0.08919431000484294,0.08917067096866015,0.08914791833533034,0.08912599096388943,0.08910486477907335,0.08908445542542875,0.08906415095146313,0.08904451379949092,0.08902547348658743,0.08900700343843078,0.08898902829361627,0.08897043040917772,0.08895227233947237,0.08893450562096006,0.08891711962239399,0.08890002824204822,0.08888214574865527,0.08886453375087701,0.08884711127639869,0.08882988853892887,0.08881278580851282,0.08879508274500539,0.08877744741414717,0.08875986832621913,0.08874229086819968,0.08872467801246874,0.0887062935569309,0.08868784259817551,0.0886692789974592,0.088650551084124,0.08863164708872125,0.0886118448416347,0.08859182536495451,0.08857152667685693,0.08855095969915049,0.08853003843560962,0.08850788422885103,0.08848538259073753,0.08846248317848755,0.08843916084529614,0.08841533859859554,0.0883900837141723,0.08836432058083732,0.08833804090819944,0.08831123107022838
USA,Seventh,51.93448814956807,52.093742480606295,52.240069433181716,52.3862079716361,52.54127525015172,52.70607334426503,52.86121814068439,53.024667528760354,53.19333380729296,53.36718167975289,53.546413094267535,53.71591928096068,53.88995926660205,54.06942556261098,54.25019682561081,54.435780377087575,54.620082212475516,54.811046490866076,55.009557595044754,55.21538559298651,55.42998328634803,55.64365670608137,55.86298278639221,56.086731469451486,56.31460544088175,56.54505903683666,56.76720514509375,56.99413744288784,57.22761823276152,57.47118573826974,57.725679178551395,57.97239066442219,58.22417412303035,58.481289765986766,58.742449063251996,59.00593087317083,59.25241185613016,59.50396178967779,59.76224566382112,60.02603722927804,60.2975527039441,60.558870756864316,60.82589418917254,61.09772624305141,61.37367708706405,61.65339357482468,61.91987759749963,62.18652332054513,62.45702270981897,62.73416886212046,63.01934362416027,63.30190319148551,63.58855134901832,63.87848291349563,64.17233532700841,64.46996627114065,64.76172468787064,65.05461510968365,65.34760908612735,65.64095837948454,65.93702284106827,66.22671803813662,66.51926057670246,66.81583634820656,67.11587438218932,67.41943361836567,67.71441078305027,68.00902257422446,68.30334610415187,68.59656769553436,68.88732461908471,69.16259408675478,69.43638543090985,69.71299164453916,69.9960834385293,70.28338136729401,70.55868407756347,70.83388313692457,71.1086874279685,71.38223631208764,71.65268609629666,0.10455080701792113,0.10447351687540678,0.104398096286213,0.10432628767895577,0.10425811696354094,0.10419359367789906,0.10413272391363067,0.10407688068612307,0.10402467051877264,0.10397604929526964,0.10393097760935496,0.1038893830593938,0.10384940240031704,0.1038133947006803,0.10377868284833061,0.10374523132353639,0.10371301097206832,0.10368173978536031,0.10365164245541804,0.10362267892757804,0.10359481625859694,0.1035680309946311,0.10354250408972857,0.10351798667933888,0.10349443185917301,0.1034718214305603,0.10345012660890708,0.10342955974427989,0.10340984922045197,0.10339094944339322,0.1033728252472998,0.10335544705648111,0.10333864210754275,0.10332248712454813,0.10330695310259522,0.10329200741205662,0.10327761900500948,0.1032637285789927,0.10325034481833713,0.10323743186566929,0.10322497984012603,0.103212938022774,0.10320094764668454,0.10318934053455504,0.10317807690592706,0.10316714027474701,0.10315648819795734,0.10314545774330143,0.10313467998004991,0.10312412565681695,0.10311378935801653,0.10310362075131563,0.10309297227169319,0.10308247643326439,0.10307208670250399,0.10306180795453307,0.10305159218046486,0.1030410098750621,0.1030304604726891,0.10301993698623454,0.10300940563375773,0.10299884483091518,0.10298781279650857,0.1029767328311955,0.10296557518515743,0.1029543104933602,0.10294292978748006,0.10293099894158114,0.10291892708929322,0.10290667551589489,0.10289425149181777,0.10288160318133709,0.10286819658182085,0.10285456690120444,0.1028406826476277,0.10282652882968857,0.102812056565032,0.10279669895499896,0.10278101483165575,0.10276499950471377,0.1027486432940247
USA,Eighth,65.3277655481281,65.60993283061161,65.87470313974038,66.13533239106356,66.40248395604354,66.67729343712227,66.93551759766378,67.19888346970673,67.46517364625478,67.73452378579317,68.00725925551616,68.26418687269917,68.52526677229937,68.78970115020648,69.05498508168964,69.3252522363451,69.59258680437097,69.86728163241831,70.15024094488516,70.4412921863992,70.74220075418995,71.04080476904655,71.34549671550474,71.65509426986297,71.96932467125418,72.28644619762026,72.59247168069582,72.90371146952303,73.22245052583024,73.55285604717909,73.89596423327745,74.22821245692427,74.56651701627916,74.91113748126259,75.26061863540257,75.61300673152166,75.9435718324727,76.28022814407726,76.62490890726767,76.9762398239319,77.33681287673198,77.68361739688594,78.03762015955716,78.39751706784212,78.76254960845121,79.13232312977381,79.4853057034351,79.8393452402705,80.19819340792412,80.56511747937556,80.94173983761327,81.31446871781647,81.69284205849694,82.07540163798735,82.46293056707798,82.85526768956325,83.2401217411259,83.62701425818108,84.01440770257312,84.4026078172157,84.79444631542934,85.17807568543704,85.5657442089456,85.95847512052502,86.35564983710634,86.75737923066319,87.14811296432488,87.53921827660366,87.93042499431019,88.32082699208436,88.70883470615277,89.07755212031212,89.44547854605887,89.81712638104591,90.19681142756372,90.58193000019375,90.95186395687405,91.32275791674688,91.69377222389062,92.063913978552,92.43104768092932,0.12673365809467516,0.126766101546992,0.12679584138979924,0.12682247098154062,0.12684629073842443,0.12686757297871398,0.12688656380171404,0.1269030865246266,0.12691777806520627,0.12693081918785848,0.12694237016020302,0.12695258078068877,0.12696199579584122,0.12697014720585031,0.12697771599382154,0.12698474493091286,0.12699127314384576,0.1269973857214217,0.12700306307361878,0.12700833880535647,0.12701324308141965,0.12701780076752253,0.12702200316483148,0.12702591155604442,0.12702954827263174,0.12703293236016672,0.12703608256242807,0.12703898028148566,0.12704167873635402,0.12704419395760252,0.1270465403476021,0.12704872963742395,0.12705079067829497,0.1270527213058856,0.12705452997067612,0.12705622742247086,0.12705782152731585,0.12705932370426407,0.1270607368929417,0.12706206883666776,0.12706332327739955,0.1270645106419977,0.12706566567721808,0.12706675875047857,0.12706779595414658,0.12706878169144828,0.12706972087743695,0.12707067135008504,0.12707157976976213,0.1270724492321025,0.12707328139227073,0.12707408163462466,0.12707490018492906,0.12707568818467874,0.12707644822593042,0.12707718218320443,0.12707789364668295,0.1270786113356983,0.12707930835601114,0.12707998420499955,0.1270806419031631,0.12708128203871155,0.12708193048664718,0.12708256146902003,0.1270831756229968,0.12708377564718765,0.12708435918095334,0.1270849488134331,0.12708552102092346,0.12708607737648064,0.12708661604237834,0.12708713939141214,0.1270876652102843,0.12708816964707828,0.1270886534569662,0.12708911493982422,0.12708955330297186,0.12708998212579198,0.12709038225786332,0.1270907512109066,0.1270910862497673
USA,Ninth,79.50798953805837,79.97615317871924,80.42092162894821,80.85477408483476,81.28994391351601,81.72796757379565,82.13940724787493,82.54916091252245,82.95696156768356,83.3631859407818,83.76833308665165,84.14879175754514,84.53199390188739,84.91375589847092,85.29515319479565,85.68098841554558,86.0613399384335,86.44925365259559,86.84551126012023,87.250039029228,87.66495324185875,88.07540586656297,88.49169172838539,88.91286434404199,89.33871754543534,89.76733173606237,90.18127587321757,90.60026147629726,91.0273010882485,91.46724432311663,91.92135572088462,92.36072728845114,92.80695396901132,93.26023990459504,93.71898480800353,94.18102276205344,94.61559658274763,95.05713581419381,95.50784389854753,95.96622246241446,96.43526153211795,96.88626245320808,97.34614901219557,97.81294921348946,98.28586667959685,98.76447307855142,99.22220640437247,99.6823857865943,100.1483341405794,100.62382878471004,101.11074545372323,101.59221356289832,102.08146220471167,102.57587143663531,103.07641684192139,103.58291039149456,104.08012881840185,104.58075739172219,105.08241826922423,105.58548030425393,106.09329914282559,106.59090102200811,107.09428080633968,107.6039555789309,108.11928691816783,108.64046916837889,109.14806111312792,109.6573674453462,110.16742876695754,110.67727584094906,111.18508279843674,111.66957594817544,112.15474241090674,112.64487714139464,113.14499350510073,113.65217788104435,114.14085797645224,114.63248553785952,115.12517963118025,115.61782081013055,116.10798387611925,0.14944488486283125,0.14967312706550231,0.14989110805915884,0.15009448929807842,0.15028395827755747,0.1504601744506218,0.15062372903477858,0.15077155599227246,0.15090790040263052,0.15103329110817562,0.15114819861187084,0.15125313316209996,0.15135300945003247,0.15144215333647087,0.15152737295525667,0.1516088455666713,0.15168672321894072,0.15176175173129755,0.15183345998448483,0.15190200390210643,0.15196751796065297,0.15203011334786973,0.15208941959247574,0.15214606320842747,0.15220019158005735,0.15225188848178559,0.15230124959195399,0.15234782950161832,0.15239227247297218,0.15243471187541605,0.15247524361612733,0.15251396052130253,0.1525512628474168,0.15258699603525896,0.15262123875394665,0.15265407840982043,0.15268559535887527,0.15271592969045356,0.15274507466323803,0.15277311414265957,0.15280008340632628,0.15282609543095108,0.1528519318840679,0.1528768806511475,0.15290103439902009,0.15292443103187117,0.1529471683855371,0.15297066081263547,0.15299356304225528,0.15301594136786278,0.15303780979055165,0.1530592794742187,0.15308171287053987,0.15310377586411741,0.1531255714608159,0.15314708719650574,0.1531684261242233,0.153190483795436,0.15321242696405996,0.15323426861704847,0.15325608011161937,0.15327790508437356,0.15330065521333733,0.15332345379834705,0.153346358832376,0.1533694336765326,0.15339269123759328,0.15341701670541363,0.153441571434637,0.15346643035524984,0.15349157734217206,0.15351711605296936,0.1535441145293831,0.15357148876955867,0.15359929880329284,0.15362757115713543,0.15365639648675053,0.15368689814617217,0.15371795160016394,0.153749563168717,0.15378174663872693
USA,Tenth,146.7579078308235,148.15763227022995,149.5085850515355,150.81704937220465,152.10136632091778,153.36458566466692,154.5523702247454,155.70357674578085,156.82819291743053,157.92760038450317,159.00293334388533,160.009169879272,161.01086226880253,161.98583620200498,162.95460181253532,163.92474503995197,164.87652051581765,165.83624361774383,166.803837697164,167.77977212109658,168.7676975984455,169.74006506336212,170.716251193077,171.69679297070763,172.68188502485708,173.6689689367321,174.62399100578614,175.5825000516318,176.55100401480524,177.53721251877042,178.54342788805508,179.51543036570126,180.49779468625445,181.490361682009,182.49102847533132,183.49687470756746,184.4481780184143,185.41029991900265,186.3865144515132,187.37493439962066,188.38018207808742,189.34615364662594,190.32907695061806,191.32357339835934,192.32880049139575,193.34423010675368,194.31937512844308,195.30468407417283,196.30029332886153,197.31207615261863,198.3429608669552,199.3603391637164,200.39633304054266,201.44219849480197,202.4998008657099,203.56884924473476,204.62010038735357,205.68212683680358,206.74821956990607,207.81903271540597,208.90020085373607,209.96150797012464,211.03753323137235,212.1257492695098,213.22554719186726,214.33757240297638,215.42361775679296,216.51896883313918,217.61886495123858,218.72220827557206,219.82621706427457,220.8883387180202,221.95969177975982,223.04229810654465,224.14409810975815,225.26105194375958,226.34393199309667,227.44091364997513,228.54446248917995,229.65299482708758,230.76296577095442,0.25007215976364944,0.2511913303603464,0.2522695600204868,0.2532840230782214,0.25423658083425094,0.2551291201079221,0.2559633378096899,0.2567222327170684,0.2574263651386995,0.2580775283895572,0.2586773242368892,0.25922765705605555,0.25975379805471904,0.26022533985820345,0.26067785542344774,0.261112068916529,0.26152859617474944,0.26193125996309585,0.26231737323318377,0.26268761939282576,0.2630425786079951,0.26338271374833727,0.2637058825913439,0.2640153632389389,0.26431186374162735,0.26459573507451567,0.2648674219963609,0.26512437861284444,0.2653700701064247,0.2656051613681125,0.26583013039084596,0.26604542574290524,0.2662532349055486,0.26645264830127013,0.2666440617237957,0.2668279262430256,0.26700466131851164,0.26717501738510874,0.26733892677348625,0.2674968374984802,0.2676489240354041,0.2677958000198535,0.2679418725827382,0.26808309991568063,0.26821999140242075,0.268352746287439,0.26848190381192616,0.26861550264625667,0.268745899208618,0.2688734512786742,0.2689982341904369,0.2691208705584585,0.26924915370585173,0.2693754568391687,0.26950036613119227,0.26962380716548284,0.2697463604505865,0.2698731833854185,0.26999948363778614,0.2701253415309138,0.2702511623327691,0.27037719775505953,0.27050872281658117,0.2706406844093964,0.2707734149705824,0.2709072814293035,0.27104236929025277,0.2711838331208741,0.27132680522528296,0.27147173420432297,0.27161852913813267,0.27176780665234945,0.271925829384738,0.27208627348978104,0.2722495098058144,0.2724156975808926,0.2725853879600776,0.27276522479708853,0.2729486091064084,0.27313559815282085,0.27332628536044606
