country,quantile,conso_npv,tax_npv,conso_2030,conso_2040,conso_2050,conso_2080,tax_2030,tax_2040,tax_2050,tax_2080
ABW,First,497.0,0.00862,5.977848254783307,6.77813045924553,8.350610999951424,16.98720878024535,5.512838857766053e-5,6.937128027301597e-5,9.928622632107311e-5,0.00036777686460078663
ABW,Second,860.0,0.0452,11.111955720777742,12.460303433571168,15.038955488183069,28.215528516653112,0.0003800707896681121,0.0004591964364434415,0.0006163818534702933,0.001791881546895229
ABW,Third,1070.0,0.0878,14.414636767699017,16.04981039902487,19.137179476159947,34.268533211727465,0.0008586028207801369,0.0010124375632726331,0.0013080705580694092,0.0032965695979201644
ABW,Fourth,1360.0,0.184,18.947467913054417,20.980211094811846,24.774692795808672,42.733161973629166,0.002026549854075475,0.0023435709952926314,0.0029367104993933925,0.006602117252545527
ABW,Fifth,1620.0,0.32,23.29414648065255,25.661353475978995,30.03912936113865,50.109437212933884,0.0038827643913280927,0.004412201735934414,0.0053788923685520375,0.01091206494723877
ABW,Sixth,2000.0,0.615,29.51621626131206,32.355265109547304,37.55492941982429,60.63468598864684,0.008193483597410605,0.009153877697264192,0.010865686146705696,0.01995343866662281
ABW,Seventh,2370.0,1.05,35.97869431910755,39.231972634582306,45.13619086875211,70.46241318784143,0.015317895076073968,0.016814668510159968,0.01941478798695221,0.03215685009240927
ABW,Eighth,3020.0,2.26,47.28071182781804,51.25019563514281,58.373016653132524,87.69260873340953,0.036375347958077835,0.039149165730230265,0.043823392195568515,0.06465788786198537
ABW,Ninth,3730.0,4.45,60.76861650225104,65.35359828368198,73.47740894491179,105.14163662475603,0.08063983847646658,0.08462682837899574,0.09105319881564468,0.11590747813381666
ABW,Tenth,7100.0,36.8,127.43678771944113,134.18166416473198,145.74138385151602,184.55864131645274,0.8522703186475414,0.8419586816721337,0.8245035933493227,0.7443539350359655
AFG,First,107.0,0.161,0.528226734287268,0.7558474532494421,1.1377615759353457,4.348973306693627,0.001357268908607813,0.0016334687181272366,0.002307997214261386,0.006403809170352883
AFG,Second,148.0,0.475,0.800891585664888,1.1327327552083655,1.6660655504760526,5.91563740276761,0.005108282071805608,0.005916268931612239,0.007770215512521419,0.01714314720627545
AFG,Third,163.0,0.661,0.9251996042176276,1.299670840394012,1.8865364150997264,6.428124910522246,0.008092308764294454,0.009168274802403422,0.011549151564626658,0.022387035621176977
AFG,Fourth,187.0,1.07,1.1079260700529865,1.5479388883550291,2.223148899005254,7.326024143052174,0.014382184070610067,0.01601086640546463,0.019508510524079318,0.034110069753854035
AFG,Fifth,204.0,1.45,1.2538979801083983,1.7432845931872885,2.4799153755098495,7.932300400548213,0.021351878617883374,0.023397851155720555,0.027669597999329297,0.04410063781032469
AFG,Sixth,231.0,2.21,1.4661202744871893,2.028548314818508,2.8587553170947775,8.878966284701105,0.03518571762111047,0.03797240150965001,0.04362295440161482,0.06356177087973891
AFG,Seventh,250.0,2.96,1.6457753968956064,2.2657159829453217,3.1622220812309036,9.531201389883746,0.05091232707887425,0.05408166081415746,0.060293475647138474,0.08005986669162134
AFG,Eighth,288.0,4.86,1.9716498440351016,2.698745652768468,3.724805793180505,10.844499817800614,0.09073160323736183,0.09468674891249529,0.10207686439982494,0.12216160157362053
AFG,Ninth,313.0,6.76,2.255097621788653,3.064197381150233,4.170599114548753,11.637101422549023,0.13946508668924223,0.14229795707706103,0.14698749901028738,0.15413558505416222
AFG,Tenth,448.0,25.2,3.6154476366866124,4.825270113592906,6.350692610535116,16.06245931997087,0.6334133429402099,0.6148345016733081,0.5782137337263163,0.45593647623887296
AGO,First,67.6,0.00721,0.6998533906494271,0.7760865380590929,0.8900092370938726,2.2434883788084865,5.327520354123179e-5,7.131257312110519e-5,8.786472397005861e-5,0.00027382528271294523
AGO,Second,117.0,0.0394,1.3098148093755884,1.4318579700210128,1.6235070233345572,3.813142069139817,0.00036951468079370476,0.0004697353003049003,0.0005575861735105342,0.0014107197713323833
AGO,Third,146.0,0.0781,1.7039293361033723,1.8459145250978084,2.0786481748856938,4.688124611694136,0.0008377718114880071,0.0010326451382355543,0.0011988481252211954,0.002681592054392815
AGO,Fourth,186.0,0.167,2.2453215042097208,2.4152823262281853,2.705097068508628,5.9065990298107485,0.0019831026848465706,0.0023847488260058227,0.0027197770757293204,0.005512684047773393
AGO,Fifth,222.0,0.294,2.7656440162116067,2.9556701382227804,3.2940758927088294,6.988297867008573,0.003809408894082937,0.0044802658486513165,0.005028609739353223,0.009328027207824208
AGO,Sixth,274.0,0.573,3.5110873707065564,3.7289450494300063,4.136207586860734,8.533506908250928,0.008058976083588973,0.009276091604840107,0.010251134325657302,0.01744987996083591
AGO,Seventh,325.0,0.991,4.2870387779032795,4.522921666608258,4.991998288030879,10.007827402751618,0.015105848502785962,0.017003067799498704,0.018490612154330285,0.028793655357830603
AGO,Eighth,415.0,2.17,5.645067292255439,5.911879676055669,6.48870441267346,12.59691263799617,0.03597704799829043,0.039493809595125044,0.04218178193253274,0.05944658174094577
AGO,Ninth,513.0,4.34,7.270732193425372,7.540781807540623,8.21678565840874,15.314800762501175,0.08005606094310172,0.08511289029698531,0.08883625100009417,0.11022034359654793
AGO,Tenth,986.0,37.2,15.331458754548692,15.524919760730093,16.611668492126146,28.137579530071136,0.8537489931974805,0.840675433017232,0.8306475347496012,0.7648826909798041
ALB,First,382.0,0.121,5.257683608489763,6.008557406440934,6.990573723218474,11.817324166758622,0.0026969764979869193,0.002595700131533523,0.002534495521498811,0.0026902008179763405
ALB,Second,555.0,0.396,7.622465469606762,8.738562308818262,10.184087083704497,17.13539739679362,0.008779783059238426,0.008520490087020195,0.00836261515897822,0.008762509820067271
ALB,Third,625.0,0.579,8.581741408360044,9.85410334577878,11.494364966803676,19.289451769776022,0.01280270537859496,0.012483321699839515,0.01228800968061542,0.012781482371233307
ALB,Fourth,733.0,0.966,10.069162931340538,11.577064169906075,13.512525400825634,22.6219889729018,0.02129900539921137,0.020845872960846553,0.020567758513990043,0.021268957457747078
ALB,Fifth,815.0,1.35,11.188176098955836,12.877806626706803,15.038707339261094,25.12338803997269,0.029798583387589665,0.0292632396833865,0.02893352509584528,0.029763155106077546
ALB,Sixth,936.0,2.11,12.851720667750945,14.80771512607541,17.299098954225155,28.829571283109683,0.046360714498256156,0.04567697476864111,0.04525431253793778,0.04631556087399648
ALB,Seventh,1030.0,2.88,14.16277681461886,16.33484684721834,19.090932444187814,31.73956681320855,0.06320385345522002,0.06248294973942844,0.06203533970842748,0.06315636789325361
ALB,Eighth,1210.0,4.81,16.621933405127,19.190337892376494,22.43148328900454,37.16388759342956,0.1053726011078749,0.10456630977386014,0.10406233210614506,0.10531969598671584
ALB,Ninth,1350.0,6.81,18.51785476139148,21.406710918392108,25.03141253104867,41.313605844745936,0.14879630737401323,0.14837136815510799,0.14809985588789473,0.14876878602516608
ALB,Tenth,2020.0,25.8,28.033772483423128,32.44744581214993,37.85776341237132,61.52000349709623,0.5608894698420145,0.565193773000336,0.567861755788667,0.5611732836477665
ARE,First,765.0,0.0376,9.060811279370059,11.302620602742243,13.927085940177365,24.778303592481794,0.0002975052144573595,0.0003482333318820826,0.00047188284495548955,0.0015435289501843621
ARE,Second,1210.0,0.15,15.346407047773141,19.004553685697942,22.981279543797278,37.722236874537806,0.0015089685169941516,0.0017143868098514726,0.0021917752714690326,0.005656828041755795
ARE,Third,1430.0,0.248,18.822504447496275,23.19619770454552,27.744179806793742,43.520666888268195,0.002842199785352347,0.0031732286280504963,0.003921308762878128,0.008825630828728979
ARE,Fourth,1750.0,0.457,23.67267984772255,29.064900918843374,34.45995464092905,52.11396240386482,0.005800231250244981,0.006386043328310075,0.007680141522390783,0.015495755321454186
ARE,Fifth,2010.0,0.706,27.96054822071711,34.20762052328731,40.23731038403461,58.90282558624372,0.00975019688284243,0.010601124058406946,0.01244197187643006,0.02275494495799204
ARE,Sixth,2400.0,1.21,34.09035261342964,41.56355689630474,48.51071183467777,68.78457510931372,0.01812360018526711,0.019467095662078018,0.0223132277081631,0.03710263165549733
ARE,Seventh,2730.0,1.84,39.9122786288113,48.478340011342866,56.12407001619635,77.02198452578392,0.02970826247290524,0.031510959248331284,0.035243325457236636,0.053100181246567096
ARE,Eighth,3340.0,3.46,50.152169243689606,60.65055293163836,69.55544346101253,91.9479722337059,0.06088215160287517,0.06367125963919083,0.069283969595499,0.09347524285490502
ARE,Ninth,3910.0,5.75,60.82988638297607,73.13085285263735,82.86231273265187,104.55460607378684,0.11182031924496019,0.11485623687570377,0.12068058267668616,0.14145290243599357
ARE,Tenth,6570.0,32.0,111.39194518017362,131.64483208845544,144.3122139973431,162.99092449667313,0.7592665648441009,0.7482714324181949,0.7257718142842916,0.6205923537069217
ARG,First,438.0,0.0277,4.727503976226209,5.699736861021228,7.190435425017807,15.448463303033245,0.00020964672666589664,0.0002335278457041968,0.0003109410487576461,0.0011820877783034344
ARG,Second,697.0,0.116,8.068279465469884,9.676529721615301,12.002576512742916,23.694648963552428,0.0011353162786005768,0.0012395070123646268,0.0015640156951927395,0.004576738148654285
ARG,Third,829.0,0.199,9.973179918228924,11.920925466937865,14.640236111932508,27.530490200516198,0.002222296798517593,0.002397750907179064,0.0029315181836063542,0.0073692030383151535
ARG,Fourth,1020.0,0.377,12.608763226822004,15.031717231138144,18.31449063385808,33.12051431342993,0.004676851448566631,0.0049986567011920295,0.005959177811211174,0.013268198712253251
ARG,Fifth,1180.0,0.596,14.978029206531017,17.812507426287315,21.547565346514453,37.62801943831547,0.008082286323271359,0.00856535641610544,0.009982259134593115,0.0199291820557454
ARG,Sixth,1400.0,1.05,18.355822866274053,21.77764355066582,26.160447800269232,44.1484840780095,0.015431647161930979,0.016219861000874577,0.018491871009361057,0.03321464324728971
ARG,Seventh,1610.0,1.63,21.62662410509207,25.592558535057535,30.52009428447952,49.722442776556754,0.026008355882056227,0.027104538233326873,0.030205163619081193,0.04862627377866024
ARG,Eighth,1980.0,3.16,27.354076893135275,32.2755724501754,38.17069372837518,59.74002363106092,0.05498539785214359,0.056757605211337776,0.061656239473207045,0.08780107044496496
ARG,Ninth,2330.0,5.46,33.51172033147908,39.387093068416384,46.08709851213594,68.57353196973622,0.10508229739109198,0.10715383130038722,0.11267246875287705,0.13723206257857434
ARG,Tenth,4010.0,33.2,62.78240280179039,72.99809378710174,83.10613146927992,109.61937527924267,0.7821659041371553,0.7753293653715282,0.7562263452721126,0.6468005402172392
ARM,First,447.0,0.0846,5.637794431339997,6.5545718699573925,8.08204979401465,14.461750038939632,0.0019013019896729378,0.0018270596829976762,0.0018105706727857191,0.0018345941086569775
ARM,Second,662.0,0.299,8.338007878700791,9.72091414547182,11.993053889734552,21.434131043078022,0.006670398400751452,0.006463958590993282,0.006417847929686208,0.006484996276385106
ARM,Third,755.0,0.456,9.503490894102786,11.096557106820315,13.694201474227603,24.457541048374058,0.010150309357945107,0.00988345401286886,0.009823651191054055,0.009910714474299653
ARM,Fourth,895.0,0.787,11.255230221285627,13.157621083392366,16.24034443599288,28.98320694056309,0.017470105797049176,0.01707599710340797,0.016987434346258302,0.017116338310859704
ARM,Fifth,1000.0,1.14,12.615631378493683,14.763369709491373,18.224644903915387,32.50235474909116,0.02519925380442205,0.024715550753671045,0.02460657235918242,0.02476515637587534
ARM,Sixth,1160.0,1.83,14.611173035849356,17.115101693691788,21.128251657311875,37.646659660028284,0.04038186672753578,0.039738806413589886,0.03959353330905874,0.039804885095285236
ARM,Seventh,1290.0,2.58,16.245341816773895,19.04802201413797,23.51515415410928,41.86229439511541,0.05676487129324843,0.0560538308977793,0.0558926908056919,0.056127063465958194
ARM,Eighth,1530.0,4.46,19.250935597706974,22.594040482524356,27.88707545331248,49.56734722905983,0.09793785577801108,0.09708502281961301,0.09689087670283053,0.09717315080910649
ARM,Ninth,1730.0,6.6,21.725560073032486,25.530944618396756,31.507662443011206,55.90946998970029,0.14446251597598997,0.14390958375628285,0.14378221025475943,0.1439672180863019
ARM,Tenth,2680.0,27.6,33.803966842570055,39.779214103963966,48.954967860433904,86.05374029097713,0.5990615208753739,0.6032467359687961,0.6041946124286928,0.6028158829972714
AUS,First,711.0,0.0431,12.453716524941655,13.376699693443038,14.466579589498005,18.690825827437248,0.0009795603156698095,0.0009437072872847801,0.0009564006072350163,0.0008996736595132471
AUS,Second,1110.0,0.175,19.353740416391727,20.85928526514285,22.546056567175533,29.237231216333253,0.003939846859207841,0.0038242267454667205,0.003865268016115437,0.0036809118051417482
AUS,Third,1300.0,0.289,22.65414549896747,24.456850599682525,26.42230856297802,34.33532566566791,0.006484438993085421,0.006321447109253955,0.0063793923503318506,0.006118321106176119
AUS,Fourth,1580.0,0.531,27.42534117874807,29.64804613555555,32.016698605958645,41.667258859366186,0.011881432541169348,0.011622872117998072,0.011714908732820417,0.011299214147104716
AUS,Fifth,1810.0,0.813,31.33313707359741,33.91012388518878,36.60271178199018,47.69768879655705,0.018129228033635196,0.01778984962563596,0.0179107948305383,0.017363265424061664
AUS,Sixth,2130.0,1.38,36.97882366297721,40.06110833220785,43.21720515267332,56.37491618380676,0.030679037074883488,0.030195446054553595,0.0303679916669572,0.029585017761016345
AUS,Seventh,2420.0,2.06,41.89796956575082,45.4337909564448,48.98192570247311,63.961790751460065,0.04562909465269705,0.04505002526298383,0.04525691703714305,0.04431557952805318
AUS,Eighth,2930.0,3.8,50.72915912691032,55.05899644534443,59.29459381062983,77.4728789266483,0.08385917227992376,0.08308437319766687,0.0833616903211431,0.08209546025923478
AUS,Ninth,3400.0,6.11,58.77700528995794,63.85971912059719,68.68149085301249,89.81693494093213,0.13405617927381486,0.13340927218925053,0.1336416587918363,0.13257293842206758
AUS,Tenth,5580.0,30.6,96.9997415244759,105.33462354561924,112.43535714196577,146.24269382418925,0.6643620099759132,0.6677587804099058,0.6665449776458794,0.6720696178876306
AUT,First,1200.0,0.149,19.467057783015466,21.2688483607943,23.39668739458415,33.35280669095918,0.003576301045759797,0.00326043658083389,0.003100079110215532,0.0031489545486692774
AUT,Second,1710.0,0.466,27.576779034424064,30.327708033584745,33.48119588935634,47.677643399250414,0.010941970786946347,0.01018220542757887,0.009789579052974848,0.009909765034142488
AUT,Third,1910.0,0.664,30.675391536930647,33.85924068535838,37.45462982693875,53.30352996919306,0.015404290384016035,0.014501975603267464,0.014030821534349966,0.01417540961995982
AUT,Fourth,2220.0,1.08,35.62964756623853,39.443704476113,43.70257215897152,62.16527850516659,0.024918806057198095,0.02367710223551151,0.023023072923481363,0.02322420501007578
AUT,Fifth,2460.0,1.49,39.24622681854105,43.561645096753544,48.33466644278925,68.72444934323457,0.033996380604794506,0.032571679862893985,0.03181496968842242,0.032048149666077434
AUT,Sixth,2810.0,2.28,44.692525603261885,49.733735166845825,55.26105042798186,78.53972689137332,0.051617477904544316,0.04985377182148242,0.04890857854481108,0.04920046821078101
AUT,Seventh,3070.0,3.06,48.831456059322505,54.482380714820096,60.62522004486808,86.12607641918397,0.06861597498637759,0.06682572681884197,0.06585570658273228,0.06615605547626631
AUT,Eighth,3580.0,5.01,56.746081072418725,63.50018058576366,70.7769057032992,100.49899884584494,0.11120849684277814,0.10932120962022998,0.10828060418416992,0.10860414748787167
AUT,Ninth,3960.0,6.91,62.472849055581115,70.16904628360167,78.37175414406477,111.21434038147635,0.15149435115557064,0.15069894676604204,0.15022760981529898,0.15037656080281395
AUT,Tenth,5900.0,24.7,92.10791971363729,104.29493266243657,117.04032587465976,165.8647873087686,0.5282259502320146,0.5391069452633179,0.5449689785635436,0.5431562841433423
AZE,First,629.0,0.948,9.528900443111834,10.52368597433851,11.544589801646628,17.783245737152793,0.020545907299630725,0.020146814371642976,0.020050264552885496,0.021268246092915825
AZE,Second,778.0,1.88,11.81600520522142,13.070661213508624,14.33798769072087,21.94266211171431,0.04084072957898872,0.04026628575196115,0.04012672985532524,0.04187075189420986
AZE,Third,802.0,2.08,12.199682274230975,13.507253094922177,14.818834584686801,22.609351321897996,0.04523126932253626,0.044728282260046257,0.04460577399216118,0.046128027911686055
AZE,Fourth,877.0,2.78,13.358428318983739,14.799407748979618,16.234201654213102,24.692721973372343,0.060450053230296855,0.059919712693020696,0.059790235900155426,0.06139059194893412
AZE,Fifth,915.0,3.19,13.953049435154739,15.467286006781046,16.96646418842807,25.7431868787029,0.06948190462318395,0.06901895960569798,0.06890563670184131,0.07029804739267481
AZE,Sixth,989.0,4.1,15.095068563150846,16.741170238262438,18.35964541766945,27.776546015893086,0.08936111010761508,0.0889486915540049,0.08884735755263364,0.09008208313000789
AZE,Seventh,1020.0,4.59,15.637088516166159,17.352231004578556,19.02904802764234,28.71827140869379,0.10003815753541702,0.09978885330454647,0.09972710383024777,0.10046597323145895
AZE,Eighth,1120.0,6.13,17.124001441687035,19.010858995786606,20.83929892050914,31.335266482619094,0.13379009896774002,0.13377496916307816,0.13377006287814341,0.13379739849300656
AZE,Ninth,1140.0,6.54,17.475932010719188,19.418337195443122,21.287455802280963,31.908512488786243,0.14279401862873603,0.14320984151682914,0.1433103870963814,0.14204093972419662
AZE,Tenth,1430.0,13.6,21.974191390962822,24.433754280746225,26.735535255739318,39.63034770458242,0.29746675070585527,0.3001975897791723,0.3008664476402252,0.2926579401809091
BDI,First,78.1,0.0588,0.2333425922698683,0.37349071908768305,0.696733920918843,3.576415370144224,0.0004432359568750101,0.000542525019077654,0.000791680666747071,0.0024339619504953683
BDI,Second,116.0,0.214,0.38286228376705245,0.6061059319340538,1.1041774290214272,5.25352556998223,0.0020837182168723296,0.0024526846435505615,0.003322792750138517,0.008101297582147423
BDI,Third,133.0,0.337,0.4618712065309159,0.7262589779040495,1.3050601815376557,5.948583424322735,0.0037543065295569332,0.0043195918237762115,0.005605138327934353,0.011963269703913055
BDI,Fourth,158.0,0.597,0.5729745977198263,0.896244605367972,1.5930818747923619,7.01681022324228,0.007394508135081852,0.008354518983103614,0.01047410178090391,0.020103615119229746
BDI,Fifth,177.0,0.888,0.668873604549151,1.041200166869456,1.8327228662553325,7.829067345677714,0.012039922901064516,0.013382414050369182,0.016266562336977045,0.028381298676652303
BDI,Sixth,205.0,1.47,0.8061686117914793,1.2491219339242716,2.178001850598563,9.032189023719607,0.021698222701103345,0.023738373423012778,0.028002103500173386,0.04454373598921352
BDI,Seventh,229.0,2.15,0.9331690742866854,1.438804403941022,2.4842332333823025,9.992120541276126,0.034446289089345265,0.03707130357553747,0.04239250273430494,0.061279415470439774
BDI,Eighth,272.0,3.88,1.157525164636272,1.775008921585269,3.03120527304779,11.781805345378165,0.06810310713042382,0.07195719682435629,0.07947280455536244,0.10320541421035945
BDI,Ninth,307.0,6.11,1.3822670830361792,2.104489337394219,3.5437580763962027,13.1900810659027,0.11948647697219122,0.12332269644011495,0.1302975683359515,0.14762801282066693
BDI,Tenth,483.0,30.1,2.4441575059080884,3.6597380323697752,5.967471564074406,20.179114534965684,0.7305502123674857,0.7148586952171012,0.6833747450115067,0.5723599784768825
BEL,First,1280.0,0.201,19.362337351598647,21.832796798207013,24.758746866347337,37.145206749845954,0.004038285988251483,0.004034861414052121,0.004141730727578641,0.004872567889897147
BEL,Second,1790.0,0.587,27.208950828368902,30.688300133363043,34.7416436124472,51.52289677345872,0.012023777899985249,0.012015877130369884,0.012261624088389697,0.013901292647707208
BEL,Third,1970.0,0.806,30.125210315720068,33.980413991376025,38.4304568322235,56.62389806697405,0.016669064573488268,0.016659908408817384,0.016944169601689832,0.01881376001109311
BEL,Fourth,2270.0,1.28,34.86272662230939,39.32809936824089,44.445071501127224,65.14737270713846,0.02663651441940802,0.026624171198954934,0.027006769288016395,0.02949286734599139
BEL,Fifth,2490.0,1.71,38.27356395264476,43.1787589944617,48.763258420249144,71.14530214385594,0.03594234177815823,0.03592845861259658,0.03635812748004539,0.03911752860074645
BEL,Sixth,2810.0,2.55,43.445148974698796,49.017113370504426,55.321824610351584,80.35147457854515,0.053993697388038484,0.053976876413623656,0.054496589767829166,0.05779192941608605
BEL,Seventh,3060.0,3.33,47.308776466937815,53.37954769781095,60.20476298346475,87.03699528182382,0.07098731344841847,0.0709706912185821,0.07148319543725465,0.07468074929583389
BEL,Eighth,3530.0,5.28,54.770400979583954,61.80416741754926,69.65874943108996,100.1807806034115,0.11364031901026368,0.11362354705902133,0.11413878918506846,0.11726612568111351
BEL,Ninth,3850.0,7.01,60.00629625633018,67.71732443754088,76.25126319544749,108.9377158752566,0.15239649589602824,0.1523907849155319,0.15256290260419889,0.15344520498120756
BEL,Tenth,5570.0,23.1,87.54094773867483,98.81214428654893,111.09487187974707,156.47533629584592,0.5136721895979599,0.5137748236284501,0.5106061018199289,0.49061797413032376
BEN,First,98.0,0.00448,0.46510596176612623,0.6773966489673737,1.0428836680343603,4.078705595489057,4.603624231799611e-5,5.739159834577199e-5,6.871515489381747e-5,0.0001553191300647505
BEN,Second,176.0,0.0273,0.8917279591736996,1.2879245103506827,1.9646394405933698,7.285571308150074,0.00032760591802265184,0.0003928746675108935,0.0004556221642857727,0.0008889586404732859
BEN,Third,223.0,0.0574,1.172057583119009,1.6825944031721158,2.5519467562135363,9.184341133355424,0.0007542615540132629,0.0008837661739525442,0.0010055700029641137,0.0017977989854062167
BEN,Fourth,288.0,0.128,1.5582152199010406,2.2267169211030904,3.3620733876538025,11.814505974965709,0.0018075451972046667,0.0020788595356211297,0.00232955332782916,0.003883558764542393
BEN,Fifth,349.0,0.235,1.9325305020638264,2.7494222321496897,4.13418723282969,14.224542953517,0.003510856124330037,0.003970817326699237,0.004388996363474709,0.00687076597103333
BEN,Sixth,435.0,0.475,2.4702702162577856,3.499705916036945,5.241483674339497,17.67047249882913,0.007507622038014571,0.00835446003322434,0.009112148365148969,0.013420492486258734
BEN,Seventh,520.0,0.851,3.0347534613828264,4.279495933662424,6.382354537349545,21.07217201722318,0.014230019458923208,0.015570863161387616,0.016750236751050997,0.023158607268358
BEN,Eighth,671.0,1.93,4.024744002772859,5.646425682843453,8.380969059587983,27.030230245768287,0.03431708831354078,0.036848736935285904,0.03903107523579667,0.050271982987482484
BEN,Ninth,839.0,4.05,5.223558949304093,7.276693328429278,10.73296328608508,33.60626025120655,0.07759132739752521,0.08132991558952148,0.08445981793846463,0.09937092986478137
BEN,Tenth,1650.0,38.1,11.213870577428805,15.33549776841189,22.237076017549857,64.84143569848865,0.8599076377561076,0.8505123149784511,0.8423982646960911,0.8001815859015994
BFA,First,102.0,0.018,0.39688043396216227,0.6089634991692712,0.9779982096384866,4.381062686479819,0.00011028059341666446,0.0001467971155629151,0.00018511552789744295,0.0007254509317545898
BFA,Second,167.0,0.0814,0.7267825929029802,1.1008661667606179,1.7449829538223849,7.114355787927206,0.0006717836547058757,0.0008489087775548688,0.0010258358866910198,0.0030980172356363574
BFA,Third,201.0,0.145,0.9286100824977297,1.3944846143154643,2.1930062089761475,8.485225606957904,0.0014096885744801632,0.0017273220639332744,0.002035445605043179,0.005278637215156949
BFA,Fourth,249.0,0.286,1.207643660591941,1.8016564292239552,2.815948625095121,10.450191625538302,0.0031364720443443554,0.0037495940620550726,0.0043303871510407925,0.009943275910305817
BFA,Fifth,290.0,0.467,1.4678804659830345,2.1763605370728594,3.382572965769882,12.098883266262883,0.005698424689879252,0.006662971866540136,0.007556969208570219,0.015553683523226197
BFA,Sixth,349.0,0.849,1.84056572357556,2.712935475401014,4.193907443769436,14.476265660437953,0.011421077335794274,0.013070190646506687,0.014565896580394354,0.026962294429373077
BFA,Seventh,403.0,1.37,2.2157252426929688,3.2450960443612367,4.988193697892843,16.60248560155732,0.020241671705552928,0.022653935538212953,0.02479123698115573,0.04111425467518919
BFA,Eighth,500.0,2.76,2.8734661007937556,4.17893090799742,6.383041922497459,20.39732600556626,0.04527473962747011,0.04942043207081194,0.05299157083953417,0.07770255031084465
BFA,Ninth,595.0,5.04,3.6218219985809554,5.217472995988199,7.903609492362303,23.994326373676547,0.09297856846092906,0.09830682348051913,0.10270266524870604,0.12871505901479205
BFA,Tenth,1050.0,34.8,7.258261137160622,10.216918449989889,15.16164095074029,40.941034631104955,0.8190572933134274,0.803413024378303,0.7898148769709671,0.690906776753721
BGD,First,281.0,0.0761,1.3948640949276256,2.100235573547749,3.3434977456249673,11.987825525666361,0.0005904746997195222,0.0007197066685278725,0.0010418507270359,0.003123008943682943
BGD,Second,416.0,0.264,2.260662474138364,3.3679342267280172,5.234407778541734,17.35881586714661,0.002625742738571631,0.0030783211564122874,0.004138564081130798,0.009846021315356054
BGD,Third,472.0,0.402,2.704007306028454,4.001769436837123,6.134244657515792,19.475469752455833,0.004580206902385041,0.005249854877981056,0.006762807318503989,0.01409876419632929
BGD,Fourth,559.0,0.695,3.3334043388678674,4.908043249311996,7.441017998518145,22.805918100357324,0.008790924867357452,0.00989625141277118,0.01232073189279212,0.023117632777438862
BGD,Fifth,626.0,1.01,3.8676301083244597,5.667506582872618,8.5077273513952,25.270490148009397,0.013984771647914042,0.015490242847875752,0.018703051762292457,0.03192465022693051
BGD,Sixth,724.0,1.64,4.635034627564942,6.760959450625162,10.051492324416111,28.949109588171396,0.024641741914972246,0.026869330271917014,0.03149265126073878,0.04904594311422557
BGD,Seventh,804.0,2.34,5.331277438059081,7.738346757455236,11.389835202566358,31.786147378865593,0.03821674506414968,0.040999381623501,0.04659789656310955,0.06599714007566933
BGD,Eighth,951.0,4.13,6.568009372164318,9.480754149240367,13.795442687878209,37.12805113143473,0.07360795647610767,0.0775423902924847,0.08514582642386447,0.10843310771286539
BGD,Ninth,1070.0,6.31,7.769279980821066,11.13286337207634,15.965907601523805,41.08574028133849,0.12491202247137598,0.12857004252608392,0.13511411686691557,0.150298087446093
BGD,Tenth,1650.0,29.0,13.449741235345776,18.924099350438546,26.189609204669765,60.61799216558692,0.7080494132174467,0.6915844783224452,0.6586825031036164,0.544115644191409
BGR,First,293.0,0.00459,5.463613358804587,6.015212135697247,6.516205516765111,7.097178436619504,0.00023215710928304467,0.00013412004317290172,7.919684502280565e-5,1.5699642464650636e-5
BGR,Second,539.0,0.0267,9.227727463446652,10.49936709138453,11.728947074111561,13.984340089688319,0.0012335852830379966,0.0007884915751012763,0.0005120077892382241,0.00013449048158158081
BGR,Third,700.0,0.055,11.349268629775196,13.162116254519988,14.970506891313443,18.834480124105287,0.0023878369889908154,0.0016201162549215847,0.0011131010082766645,0.0003462885905596326
BGR,Fourth,920.0,0.121,14.286524680918417,16.824277601529413,19.413826871278832,25.49776249536978,0.004980559479256297,0.003544433483038152,0.00254771633686691,0.0009077002944154687
BGR,Fifth,1130.0,0.22,16.910942394347,20.189110364733324,23.599126492660886,32.21210122343295,0.008538308933487625,0.006342770729017017,0.004748171694214698,0.001911206733527469
BGR,Sixth,1440.0,0.442,20.650802103186273,24.9834147629457,29.571242392807367,41.89878825755903,0.016175920855436832,0.012527057930302043,0.009754540668856155,0.0044196936183698325
BGR,Seventh,1760.0,0.79,24.248633659254317,29.739920963115974,35.659200821920535,52.51172651356489,0.027043719266907535,0.021866248897278923,0.017736378651400132,0.009085315197562633
BGR,Eighth,2330.0,1.79,30.54943593213336,38.04693524408155,46.28722443109772,71.17206668756826,0.056659849374193626,0.04808067525655282,0.04082613948717449,0.023997943815620437
BGR,Ninth,3020.0,3.81,37.25817949609966,47.31354333910866,58.634879440901166,95.26583339308681,0.10704061756787658,0.09661201935965544,0.08697321422809759,0.060959480534643125
BGR,Tenth,6550.0,38.6,69.04816831107198,91.75013470645423,118.86425304375922,220.71626259842137,0.7757074451415297,0.8084840664709597,0.8357095332908523,0.8982221810912552
BHR,First,678.0,0.0376,7.0433735660583165,9.076617946418864,11.678802476837621,23.541618721136906,0.0002975052144573595,0.0003482333318820826,0.00047188284495548955,0.0015435289501843621
BHR,Second,1070.0,0.15,11.931171605558232,15.265137605670184,19.27767532873588,35.85980543719466,0.0015089685169941516,0.0017143868098514726,0.0021917752714690326,0.005656828041755795
BHR,Third,1260.0,0.248,14.634440799117328,18.63371151096553,23.27642293585546,41.38334270451231,0.002842199785352347,0.0031732286280504963,0.003921308762878128,0.008825630828728979
BHR,Fourth,1540.0,0.457,18.406499572105876,23.350803120699325,28.91673389928932,49.57704393248134,0.005800231250244981,0.006386043328310075,0.007680141522390783,0.015495755321454186
BHR,Fifth,1770.0,0.706,21.741446892412522,27.48520985240869,33.771121881772984,56.05797625519898,0.00975019688284243,0.010601124058406946,0.01244197187643006,0.02275494495799204
BHR,Sixth,2110.0,1.21,26.50934434708749,33.40050442609894,40.72709737655033,65.50610929220439,0.01812360018526711,0.019467095662078018,0.0223132277081631,0.03710263165549733
BHR,Seventh,2400.0,1.84,31.038204892066936,38.96307923177681,47.13346066894742,73.3975600278559,0.02970826247290524,0.031510959248331284,0.035243325457236636,0.053100181246567096
BHR,Eighth,2930.0,3.46,39.00500299110864,48.76084497735912,58.45083362542201,87.74021009798503,0.06088215160287517,0.06367125963919083,0.069283969595499,0.09347524285490502
BHR,Ninth,3430.0,5.75,47.31442191278309,58.81620740494264,69.68728626796359,99.90704060672032,0.11182031924496019,0.11485623687570377,0.12068058267668616,0.14145290243599357
BHR,Tenth,5760.0,32.0,86.70379330207372,106.16545175351203,122.07151486273118,157.28001072977636,0.7592665648441009,0.7482714324181949,0.7257718142842916,0.6205923537069217
BHS,First,471.0,0.0303,6.458845135366815,7.0922921156950585,8.268096723489247,15.015202274671815,0.00022562011525502584,0.00025980095423550965,0.00035814846930265156,0.00128901511241414
BHS,Second,752.0,0.125,11.012955075855352,12.008475537778388,13.732462075449455,22.960169303474483,0.001205249012858093,0.0013517395546779687,0.0017538093679454404,0.004903114902860231
BHS,Third,895.0,0.212,13.594218909180702,14.757121499813929,16.686699222729597,26.612439734757373,0.0023403025307527237,0.0025844045243748107,0.003236073959075762,0.007814736565815885
BHS,Fourth,1100.0,0.399,17.171941092247607,18.576320263471242,20.81719142351484,31.96303227389564,0.004893647581724581,0.00533754954914551,0.006496281399310235,0.01395651434977354
BHS,Fifth,1270.0,0.627,20.377590942734592,21.97296324254829,24.424841788602883,36.250649864559506,0.008408218398030807,0.009069361038636259,0.01075995124213183,0.020810574262263362
BHS,Sixth,1520.0,1.09,24.950597621192486,26.82008056481169,29.57827484446516,42.466687767059575,0.01596426654071548,0.017034615330186232,0.019715815429149828,0.03443908947313241
BHS,Seventh,1740.0,1.69,29.361822236837025,31.4561830128263,34.40743311033864,47.740929771596065,0.026750290493212436,0.028226238129379213,0.03184170604781854,0.0500507936376509
BHS,Eighth,2140.0,3.25,37.09364829818853,39.588584896255284,42.89915310914995,57.250436020684006,0.05618727465537291,0.05854882405977644,0.0641773129256779,0.08963486255888206
BHS,Ninth,2530.0,5.55,45.356057846990275,48.16285173082648,51.5689794588657,65.53287753907635,0.10649159807240453,0.10920669653219243,0.11539690216612133,0.13864244184651534
BHS,Tenth,4360.0,32.9,84.61046649454308,88.65144332290356,92.086386469214,104.15549208451573,0.7775335325996734,0.7683807703273956,0.7462639989934664,0.6384588572906922
BIH,First,345.0,0.0604,5.1643693789640075,5.7146540494907585,6.783674868092658,10.145781411825219,0.001399548551336116,0.0013410460717873161,0.0013450193081538833,0.0012383670785549878
BIH,Second,523.0,0.229,7.79594328819803,8.651203421265826,10.264401442155108,15.41772861248235,0.0052342108156352525,0.005059730344141448,0.005071633453472796,0.004749302097755483
BIH,Third,605.0,0.363,8.988972944983217,9.990346897349111,11.84913791459923,17.840901903406074,0.008261765995845364,0.00802679130618868,0.008042863327817564,0.0076053923356401406
BIH,Fourth,724.0,0.648,10.744882052389112,11.955013006126165,14.171682484479811,21.36534802213507,0.014640903900870365,0.014281922530791136,0.014306529779670901,0.013633887609286268
BIH,Fifth,819.0,0.964,12.143435837695995,13.523775609559511,16.022849513257206,24.182033386720136,0.021679513144282403,0.02122463429106795,0.02125587843048501,0.02039840123785732
BIH,Sixth,957.0,1.59,14.177106141760826,15.800046481496112,18.703466969106927,28.233120585945542,0.0356356894367732,0.03501056964411969,0.03505359547239336,0.03386785429047763
BIH,Seventh,1070.0,2.31,15.892825868624831,17.72518470124191,20.96384357961609,31.652583650438874,0.05142899140289747,0.050710701931414345,0.05076025906712739,0.04938803165067814
BIH,Eighth,1280.0,4.13,19.006227018985207,21.205025479075076,25.032812169979145,37.727173580566266,0.09138488182029948,0.09047575967935166,0.09053869155161302,0.08878484939146022
BIH,Ninth,1460.0,6.37,21.699257142318103,24.224432391022475,28.54010927958522,42.94653755606703,0.13994756278762688,0.13927459483866678,0.139321532437078,0.13799407879731496
BIH,Tenth,2280.0,29.2,34.60411185153025,38.479312668743496,44.697311992216996,65.38328448374529,0.6303869321444334,0.634594249362471,0.6343039971721881,0.6423398355109748
BLR,First,253.0,0.00456,4.92749986053176,5.4033644048805,5.737386529776694,5.863531600214803,0.00023295626966472974,0.00013811269845993626,7.994452928660424e-5,1.2636045690816233e-5
BLR,Second,464.0,0.0264,8.278510644595718,9.355320468033923,10.243880057780531,11.565935455251717,0.0012370385712112812,0.0008076334693473512,0.0005159747036782738,0.00011229587408126621
BLR,Third,601.0,0.0544,10.163037237146545,11.690021381736203,13.035588261509211,15.626517202015538,0.002393619211917079,0.0016542017605138625,0.0011206039521489376,0.00029566293540436717
BLR,Fourth,789.0,0.12,12.769525366968026,14.897104581903381,16.85508097150014,21.19860573175879,0.004991115662720129,0.0036098492411611224,0.002562836971689366,0.0007889891064876374
BLR,Fifth,971.0,0.217,15.095900142045082,17.83565023497215,20.44467217913085,26.847029302163197,0.008554087439945034,0.006445133243774794,0.004772913477226875,0.0016882257626174096
BLR,Sixth,1230.0,0.436,18.40843593870439,22.016858820653248,25.55646805634871,34.99224974417936,0.016201557015535332,0.012701136688691921,0.009798523882958677,0.003965534160200618
BLR,Seventh,1510.0,0.778,21.592168125376475,26.152674350372152,30.75286689648993,43.967165330894254,0.027079206567280616,0.022119411696339474,0.017803458861471874,0.008284891562209568
BLR,Eighth,1990.0,1.77,27.163424269572115,33.36253940554254,39.79283753000354,59.697734968314876,0.056716896758324385,0.04851271009232497,0.04094730273798247,0.022285162368434207
BLR,Ninth,2590.0,3.76,33.088326633236704,41.364597357175256,50.23003534163271,80.08583812298947,0.10710670082915073,0.09716132864186132,0.08714093813416311,0.057941465014172314
BLR,Tenth,5520.0,38.7,61.10162078077414,79.28162032620651,99.7368949723085,181.2307786390554,0.7754868216742506,0.8068504824675253,0.8352575027493939,0.9046251371707019
BLZ,First,71.4,0.00112,0.7667267583474555,0.872287864918363,1.1310047919218091,2.5346959671651326,1.8590688392093606e-5,2.0519316864575422e-5,2.3467041729614482e-5,2.9603134723541524e-5
BLZ,Second,141.0,0.00885,1.5336288330391934,1.7425160437364957,2.24525584276665,4.958886909851203,0.00015474298532162692,0.00016794181980027732,0.0001877010613479301,0.00022749328615294872
BLZ,Third,188.0,0.0218,2.0716802985954077,2.349525608606752,3.0151456584969973,6.603987904919877,0.0003915528839395525,0.0004206381950366433,0.0004636389287753366,0.0005485285192742109
BLZ,Fourth,253.0,0.055,2.813566862523951,3.1866688176747493,4.076430792400144,8.868641707625208,0.0010121062546572961,0.0010784313575934684,0.0011755032744922784,0.0013640821599103393
BLZ,Fifth,318.0,0.112,3.558910912591453,4.024878001321537,5.133439643730841,11.101574776576626,0.0021044026659026477,0.002225862311440168,0.0024020033444956696,0.002739228824353261
BLZ,Sixth,411.0,0.251,4.6358021095613,5.235338333836076,6.658006119095168,14.31335830324099,0.004807434088252388,0.005048717022100978,0.005395480843102319,0.0060499054924672575
BLZ,Seventh,511.0,0.499,5.8105772538422675,6.550685662560719,8.304895507021818,17.743722941818685,0.00975810995648165,0.010172257778798143,0.01076179473320574,0.011857610329358628
BLZ,Eighth,686.0,1.27,7.878786012731537,8.864756289946875,11.19784081672861,23.74658498144198,0.02541177782552489,0.026271159005190167,0.027480948793488252,0.029690229893975364
BLZ,Ninth,905.0,3.08,10.528751406603366,11.810731254097032,14.845477034029582,31.17151335484175,0.06338879258990278,0.06483960949678434,0.0668504712801421,0.07043262752245968
BLZ,Tenth,2000.0,40.5,24.25328232946891,26.91831571492247,33.2543097842081,67.18697844190298,0.892952490061625,0.8897548636963913,0.8852589906992209,0.8770606908373247
BOL,First,498.0,0.185,1.3639194030646251,2.3945815652930675,4.677350391628622,23.36698341150131,4.242701041756716e-5,0.00012297805310152303,0.0004928811684561037,0.010457196221151726
BOL,Second,686.0,0.453,2.5783909091751642,4.259126539340568,7.637031636474684,30.713752601017227,0.0003062679799501821,0.0007344837554385395,0.002270124319460978,0.024842880219772188
BOL,Third,755.0,0.576,3.3765985420209517,5.380334012934338,9.182457246796302,32.710924273719506,0.0007112051871548766,0.0015233153836857589,0.004041624415905814,0.030353044082537084
BOL,Fourth,872.0,0.874,4.472429953737869,6.925199587351854,11.361649969945153,36.71288032177192,0.0017161088151365687,0.003357669519410508,0.007884851645444233,0.04386124783646663
BOL,Fifth,958.0,1.14,5.535458078934634,8.353526287183431,13.229834400358635,39.1941248774071,0.003353917292884129,0.006049099278264935,0.01272872614675305,0.05407449122718916
BOL,Sixth,1090.0,1.69,7.059844844096913,10.392279799936704,15.904800636040429,43.29177959854621,0.007215142659527153,0.012025219499788803,0.022749735146332533,0.07442902115090642
BOL,Seventh,1190.0,2.24,8.66271717429353,12.427018677868096,18.358566251701397,45.81973877841633,0.013760892043931815,0.02113261768132892,0.03580599879818695,0.0893838351147841
BOL,Eighth,1390.0,3.72,11.468842905025717,15.983690581363756,22.691881453449927,51.34435078619381,0.033417771466690775,0.04682084546369135,0.07011197810491715,0.129306968493587
BOL,Ninth,1550.0,5.5,14.878390974584482,19.98119748485169,26.969731012918423,54.00348811844063,0.0762340054877062,0.09499489526077859,0.12150800136660772,0.15246890060554516
BOL,Tenth,2390.0,29.5,31.902668530739632,39.14303660873767,46.87650602100143,71.7020514880572,0.8632422620566007,0.8132388761045111,0.7224060788879354,0.39082241504806053
BRA,First,76.3,0.000209,1.0853333954990956,1.215038730439957,1.41086826454975,2.332515428806734,4.690804159133086e-6,4.533419326587786e-6,4.489545328834718e-6,4.547652545076235e-6
BRA,Second,166.0,0.0022,2.3409307648748126,2.640178907051856,3.074941039423304,5.079160780067844,4.916638259984011e-5,4.778411053542203e-5,4.739733923899732e-5,4.7909448416602825e-5
BRA,Third,235.0,0.00643,3.308297434659917,3.742553301341209,4.363943347622441,7.204771255450673,0.0001431832626726456,0.00013963814182793357,0.00013864392553042908,0.00013996011481885989
BRA,Fourth,332.0,0.0186,4.656940712716623,5.281448368457127,6.164284861926738,10.172909266095136,0.00041430066194547634,0.00040516257370950133,0.000402595106050195,0.00040599357497077233
BRA,Fifth,434.0,0.043,6.0829153313081346,6.911725716921957,8.072739002507175,13.317435553128986,0.000953507155077093,0.0009348029307465258,0.0009295389420210763,0.000936505849245158
BRA,Sixth,585.0,0.109,8.172671399651835,9.30321779205655,10.873175264989259,17.929956479257164,0.0024038591017863753,0.0023624121546076695,0.0023507285481583606,0.002366190228076391
BRA,Seventh,758.0,0.245,10.577664436552642,12.060176494804535,14.103073795953351,23.245370868279963,0.005404398503285495,0.005324559814857259,0.005302015059015975,0.005331846050233189
BRA,Eighth,1070.0,0.716,14.86507020241308,16.978633694129268,19.865644805108317,32.72020068786767,0.015784120508080562,0.015594799162152801,0.015541233076907732,0.01561210178411532
BRA,Ninth,1500.0,2.08,20.79793793679667,23.797877042075452,27.856248379194405,45.82746865956005,0.045601762500386625,0.045217718712689134,0.04510876454900471,0.04525288336292355
BRA,Tenth,3850.0,42.6,53.75155725365288,61.65991496696156,72.03563684501682,117.21971092391033,0.9292410111200068,0.9299685889795473,0.9301745939087438,0.9299020619346551
BRB,First,230.0,0.014,2.9778973198639256,3.1981960994441136,3.678199174275894,7.736096110974946,9.08895916520283e-5,0.0001101986167415927,0.00014141455733226944,0.0005840708254917957
BRB,Second,386.0,0.0664,5.37600108277995,5.720367014153581,6.485711231234431,12.477431176429764,0.0005732903767093012,0.0006713746063809209,0.0008233835216970313,0.002602804772600845
BRB,Third,473.0,0.122,6.855532379905687,7.25143213353095,8.152116006239483,14.900265403628538,0.0012281684776334193,0.0014089426242733572,0.001682163439220033,0.004545817424272617
BRB,Fourth,594.0,0.245,8.889146451560103,9.35887164900696,10.45019128868014,18.32893449307497,0.002778249576466162,0.0031350126998374054,0.0036633814453868865,0.008733549491014956
BRB,Fifth,701.0,0.409,10.795810703734075,11.317227750213707,12.559530918257197,21.23153487020977,0.005123376255340622,0.005696100470852873,0.006528713956965399,0.013905846286481857
BRB,Sixth,855.0,0.758,13.518955776603487,14.112625556649633,15.567774331109696,25.383231348799036,0.010418008826383059,0.011417054277336115,0.012842959578291405,0.0245237810962575
BRB,Seventh,1000.0,1.25,16.279269219253642,16.917935767861433,18.5450396352046,29.132837062930214,0.018742548205238768,0.02023570958949864,0.02232517179902206,0.038067745435350256
BRB,Eighth,1260.0,2.57,21.103336392694445,21.81894944170834,23.74284839500262,35.7363811798093,0.04263138560489926,0.045264333518865246,0.048862843592321376,0.07339426884714635
BRB,Ninth,1530.0,4.82,26.65620955038686,27.37212886447459,29.503949876877755,42.07741680760686,0.08944763406250729,0.09296487666519457,0.09760455690586187,0.12470810335453444
BRB,Tenth,2800.0,35.6,53.624877975443646,54.00863255427084,56.63073924057531,70.47475791834584,0.8289664490231701,0.8190963969310192,0.8055254112039018,0.7089340124668493
BRN,First,685.0,0.0196,7.756411325865402,9.720951762934192,12.0668039245868,22.796695085771827,0.00014185898946970801,0.00017607535618944706,0.0002416002228778085,0.0007918541184577377
BRN,Second,1130.0,0.0886,13.708600330124122,16.99917227152756,20.70611844646574,36.19304421869593,0.0008254980943150369,0.0009847917206295854,0.0012742436929421067,0.0033233758438166614
BRN,Third,1360.0,0.157,17.244473580136848,21.239106963595805,25.584871889414163,42.786878081303335,0.0016859117737977227,0.0019646810268574297,0.002455770747412711,0.005605981053930812
BRN,Fourth,1700.0,0.308,22.1248685484284,27.106290494326693,32.36362553662861,52.219704308286616,0.0036705487076129878,0.004198089610835072,0.0051043676425438726,0.010475465411960387
BRN,Fifth,1980.0,0.501,26.60783955093476,32.438214447055756,38.42004896715641,60.04274377176555,0.006539891642175558,0.0073548592383069445,0.008723075127341226,0.016268386066683387
BRN,Sixth,2400.0,0.905,33.00841328223635,40.04948207690709,47.06230437149186,71.26292810492266,0.012861904978085153,0.014230298174737935,0.016475639558938,0.02800475273608376
BRN,Seventh,2780.0,1.45,39.35128001463475,47.500741721896176,55.360611661778094,81.15200727790497,0.02235262546416594,0.02431559035166871,0.027457899466287804,0.04239574430061702
BRN,Eighth,3450.0,2.89,50.451254002672705,60.54239331052273,69.88608320143605,98.63455802722004,0.04890949224494424,0.05220469213698316,0.057324273754778006,0.07947726483269466
BRN,Ninth,4130.0,5.19,62.79921404213761,74.77179720063653,85.25151561187187,114.75785834839712,0.09766347796613431,0.10174898038564298,0.10780768359000945,0.13030150798605777
BRN,Tenth,7280.0,34.3,122.07179032260822,142.1708811412217,156.47681499653612,185.9034024540827,0.8053487901392993,0.7928219419981487,0.7731354461968691,0.6833556676496978
BTN,First,408.0,0.0233,2.5629727355217335,3.8462564781769775,5.726124788008801,16.63887056183612,0.00016859586165333222,0.00019212969567300616,0.00024617997699265156,0.0009802376510826818
BTN,Second,649.0,0.101,4.419593346482348,6.587990039874996,9.667500247043076,25.776274402241,0.0009505241117618139,0.001057413199641437,0.0012938489815988797,0.003942022635439741
BTN,Third,771.0,0.175,5.499538220104829,8.163534186576205,11.877904214776493,30.135120746062967,0.0019052816526639643,0.0020896162665712146,0.002488416721904553,0.006487498719769758
BTN,Fourth,945.0,0.337,6.988727756902483,10.339850203688275,14.941956749773402,36.42220267531592,0.004086554898265583,0.0044312504673582045,0.005163699621333595,0.011886276847069483
BTN,Fifth,1090.0,0.54,8.341882620822963,12.304255147890073,17.67119493193229,41.55706903154738,0.007183785636605906,0.007710483272043277,0.008811394880163095,0.01813557452739698
BTN,Sixth,1300.0,0.962,10.269982999545348,15.103201180635315,21.559889241897714,48.94960420180166,0.013945101903931445,0.014819855784552706,0.016618543111607934,0.03068806321860733
BTN,Seventh,1490.0,1.52,12.159522251733692,17.82548586277786,25.285557172562285,55.361738995091855,0.023909636531437538,0.025149729385131273,0.027654831943686294,0.04563987951993954
BTN,Eighth,1830.0,3.0,15.46297009642885,22.58572753840483,31.804198067019005,66.79420636792437,0.05152960412803217,0.053581750835612466,0.057639122905494146,0.08387356125610813
BTN,Ninth,2160.0,5.29,19.08014863096081,27.735643725844124,38.690280536448746,77.10658424004848,0.10092412903499712,0.10341252164635188,0.10816920598226815,0.13406812114480085
BTN,Tenth,3700.0,33.9,36.33668016247596,52.11253683909111,70.84148832370118,124.12676908250667,0.7953967862406511,0.7875552494470646,0.7719147558749506,0.6642987644797854
BWA,First,43.1,2.64e-5,0.5421947541398353,0.6451957973768578,0.7923284325379053,1.3759024573786007,4.052421354400258e-7,4.5953220248833676e-7,5.44961625683895e-7,7.311073261441627e-7
BWA,Second,110.0,0.000385,1.4009666278650068,1.6786225428643349,2.0503185829104305,3.4858140788274903,6.285416435640577e-6,6.988917857924338e-6,8.069811260721138e-6,1.0337114270302335e-5
BWA,Third,170.0,0.00138,2.1786511398218456,2.6113378132995266,3.175905918317086,5.339371756140001,2.3349012985691925e-5,2.564445105980918e-5,2.9119071975186492e-5,3.62369850222295e-5
BWA,Fourth,256.0,0.00472,3.308161588705537,3.965962429422444,4.807157255349603,8.0116189569499,8.21667119614595e-5,8.935371817178991e-5,0.00010010254823986969,0.00012170555889606895
BWA,Fifth,354.0,0.0126,4.610730404583455,5.52423070298374,6.674312811446088,11.040205340054152,0.00022557748480135507,0.00024312459485186438,0.00026908332848653727,0.0003203615863407185
BWA,Sixth,503.0,0.0369,6.592272777474585,7.893088919102019,9.506553342948141,15.612848538231834,0.0006749039043023704,0.000721113382081806,0.0007887495023241563,0.0009201205539957467
BWA,Seventh,687.0,0.0966,9.07976058983151,10.857729506927894,13.032614643493385,21.249428322225395,0.0018123141665667601,0.0019190256873342143,0.002073482030328153,0.0023682299533696965
BWA,Eighth,1030.0,0.335,13.675506882055334,16.329261806847395,19.524674884879644,31.578145285528606,0.00646167077211941,0.006773209961639702,0.007218417054130683,0.008051028749716974
BWA,Ninth,1540.0,1.21,20.850887257870948,24.829108045300234,29.53090951815053,47.273163857122796,0.024115652863210307,0.024951555241446915,0.02612593961647136,0.028263932964284484
BWA,Tenth,4790.0,44.1,67.2562162671459,79.19530120638937,92.49199969900002,143.54356230651842,0.9665976744254816,0.9652695245133535,0.9633864920751576,0.9599073154267777
CAF,First,14.2,9.64e-5,0.07019197731575204,0.09491826507486073,0.14698457476387258,0.605061339137923,1.5280454032524877e-6,1.714784106526356e-6,2.0053946679554148e-6,2.6277565965827444e-6
CAF,Second,32.7,0.00115,0.16484018385942562,0.2234753593252216,0.3440580588525205,1.3916726645447086,1.9214777030595292e-5,2.1167606412851668e-5,2.4138857128353792e-5,3.027711130168653e-5
CAF,Third,47.7,0.00362,0.24363471883627918,0.3300336111297291,0.5059851610679245,2.026776798856191,6.261521648148802e-5,6.819159344566609e-5,7.655875133589311e-5,9.346576817376578e-5
CAF,Fourth,68.8,0.0112,0.35544024198496543,0.4812125122404777,0.7353461480054282,2.922929294114013,0.00019830503573344406,0.00021398163221569405,0.00023724078182777748,0.00028340777042347995
CAF,Fifth,91.8,0.0272,0.47866374470659767,0.6473661091757072,0.9861866676154754,3.89374632421998,0.0004950861884024643,0.0005298002792427969,0.0005807831002871071,0.000680356427747311
CAF,Sixth,126.0,0.0725,0.6622704164189079,0.8947734281522455,1.3590283642704817,5.331379297757833,0.0013507341197954478,0.0014338218554629943,0.0015546379017902419,0.0017869008339255346
CAF,Seventh,166.0,0.173,0.8825794241902439,1.1906870788606108,1.8026700204543638,7.025562198005291,0.00329605398152467,0.003469621403003328,0.0037193732707724754,0.004191610411160744
CAF,Eighth,238.0,0.54,1.2814917945022875,1.726064794255017,2.603878328404284,10.07429885992757,0.010554013691434824,0.011005783072119359,0.011648091750444765,0.012839717859234878
CAF,Ninth,342.0,1.7,1.8665880139910436,2.5074527767863963,3.764516814575715,14.430802201055126,0.03430952832112289,0.035348974182366856,0.036803153815816815,0.039432863344467245
CAF,Tenth,941.0,43.3,5.345419354456039,7.123351702569421,10.553432351300977,39.4824838947757,0.949712920623071,0.947906943591624,0.9453540163759286,0.9406587727169687
CAN,First,846.0,0.0869,16.903522909936758,17.450899520086804,18.00756927049342,20.05380912948495,0.0029310438677064526,0.0024625343345855513,0.0020383426458496345,0.0009552398822267074
CAN,Second,1260.0,0.3,24.255288290038454,25.337451164734116,26.47320832205651,30.94995122459898,0.009370275867017204,0.00817582373272941,0.00704663030960796,0.003861520121821073
CAN,Third,1450.0,0.453,27.18377092272536,28.585685566747852,30.07846335407752,36.15673337394794,0.013523804086853388,0.012056070556716836,0.010633039750255856,0.006374105079855735
CAN,Fourth,1720.0,0.777,31.759090163518536,33.57170024884431,35.519601463397336,43.65099701233182,0.022314753876284794,0.02023647678250009,0.018178648598091665,0.011706515550318077
CAN,Fifth,1940.0,1.12,35.16955460657202,37.350690863469374,39.712683858913124,49.77885071940561,0.030990410480040274,0.028539627479297267,0.026063814324502537,0.017899772043396586
CAN,Sixth,2250.0,1.79,40.254003589767926,42.93957143772748,45.86523793132369,58.592583005126116,0.047871868559071676,0.044747810463138527,0.041524273011856676,0.03035227538986092
CAN,Seventh,2520.0,2.53,44.21776131449008,47.38420939175743,50.854876864863826,66.25132673813532,0.06478322637241105,0.06149695075954165,0.05801905534746311,0.04523808529541753
CAN,Eighth,3000.0,4.38,51.68629672103312,55.65786860729022,60.03006921473137,79.89500355773156,0.1071155876266522,0.10345275710501224,0.09942681723047411,0.08333647193108341
CAN,Ninth,3410.0,6.51,57.338963770087574,62.137602965601374,67.45510468718014,92.24716551873989,0.149673817426949,0.1477655087331573,0.14540167331201062,0.13362056712872897
CAN,Tenth,5350.0,27.9,85.88560025934895,94.12993744909691,103.20869202092828,148.68234298170685,0.5514252118370139,0.5710664400533212,0.5916677054698878,0.6666554475772911
CHE,First,1110.0,0.0812,17.366582768819676,19.66502685395187,21.910073366587326,30.980405389005654,0.0017958999249410626,0.0017442997811340114,0.0017760387735782912,0.001758788876458831
CHE,Second,1650.0,0.289,25.768144271793762,29.235588583260817,32.5290627245507,45.996791779233895,0.006376741021876534,0.0062315379459978,0.006320966563940717,0.006272409198827207
CHE,Third,1890.0,0.444,29.428440111762747,33.42391413436503,37.15940754393315,52.544533173150214,0.00977027623484443,0.009581265518318094,0.009697762353215386,0.009634542005690415
CHE,Fourth,2240.0,0.769,34.905786481664826,39.67606490312897,44.075784346508556,62.30241390356542,0.016908314141015762,0.016627554434767336,0.016800708091452017,0.01670678490305233
CHE,Fifth,2520.0,1.12,39.17987086736992,44.56465213710374,49.47090362712514,69.90489187184284,0.024509124846010803,0.024162652033753805,0.024376458638867827,0.024260535260403646
CHE,Sixth,2920.0,1.8,45.43749228335908,51.711505321577135,57.35385323914388,80.98063125991548,0.03946350765320932,0.0390002590222873,0.039286302649906873,0.03913128191106413
CHE,Seventh,3250.0,2.54,50.59116311510211,57.6103894505869,63.839483900621815,90.07160840120224,0.055748304574706795,0.0552326647477004,0.055551284347456625,0.05537870028297833
CHE,Eighth,3850.0,4.42,60.04280095473486,68.40184068616901,75.68864908726833,106.58793691272541,0.09671664077226981,0.09609229524582842,0.096478476621089,0.09626945278355344
CHE,Ninth,4350.0,6.58,67.89944508136861,77.40152097818135,85.51093587460338,120.20137371601244,0.1436674278032593,0.1432525042560713,0.14350981809208033,0.14337081265659815
CHE,Tenth,6720.0,27.8,106.08522733672501,120.79785950195709,132.38631962443253,183.3092535575911,0.6050437630278662,0.6080749670141415,0.606202183868413,0.6072166921213735
CHL,First,268.0,0.00219,2.400470949401847,3.050493034215464,3.9768072425984524,9.682831359464489,1.080958114652462e-5,1.2864550253354667e-5,1.7411821679253815e-5,7.86710493351349e-5
CHL,Second,493.0,0.0141,4.804607043515992,6.054718115221926,7.768099851163737,17.394423923858746,9.862223667867615e-5,0.00011398140959965482,0.00014655692173368048,0.0005092138447502748
CHL,Third,639.0,0.0312,6.539321095529803,8.197335154281106,10.415409201490846,22.18655165644537,0.0002638471240686328,0.00029954961489240287,0.00037335454520952065,0.0011078119877406952
CHL,Fourth,840.0,0.0731,8.926253138293959,11.142415443997933,14.047630391623361,28.748118492894225,0.0007131781214842712,0.0007981829160517232,0.000970311723055703,0.0025370497449454465
CHL,Fifth,1030.0,0.14,11.364017356945851,14.13086813249612,17.69060024127093,34.92264040713998,0.0015437369683090874,0.0017056321373377756,0.002027369744263109,0.004730706402017529
CHL,Sixth,1310.0,0.299,14.891360570261776,18.447787547356633,22.937517422728824,43.71829518670731,0.0036670056723568044,0.004001262998792769,0.0046534320478919065,0.009723472756799209
CHL,Seventh,1600.0,0.567,18.811768774063015,23.212592083473336,28.656773461667008,52.66583422595204,0.007750751973222145,0.008348378123123324,0.009491993473863996,0.01768896240423487
CHL,Eighth,2120.0,1.38,25.721616302970798,31.596492039954033,38.69076582346317,68.22060928037007,0.021122019685279207,0.02242230356795841,0.024855243149761293,0.0407404229950068
CHL,Ninth,2740.0,3.21,34.83070088909711,42.53330349028379,51.535011160110415,86.16701540548219,0.05584180616452319,0.05818628484881123,0.06243896205887531,0.08685441247781467
CHL,Tenth,5820.0,40.1,83.00100059534377,99.60436136711367,117.05743292415808,170.1853730326938,0.9089882224729315,0.9041115598331794,0.8950253645136662,0.8360292763373554
CHN,First,359.0,0.0617,2.207252069494485,3.4183558185907765,5.047553893915548,13.972921637133117,0.00012589100417040398,0.00018386879206794805,0.00030355177076240507,0.002240529594841313
CHN,Second,544.0,0.196,3.8807342798516564,5.884496316948158,8.435016486121187,20.5435980238518,0.0007486903859662405,0.0010201989818122612,0.00153380175780867,0.007591132504898516
CHN,Third,631.0,0.291,4.881413239965637,7.308803409365696,10.296375201395412,23.304753816940643,0.0015488713868732295,0.0020257510235179815,0.002882551460714868,0.011323862866902588
CHN,Fourth,759.0,0.502,6.257837943731206,9.27591927565314,12.888101702001059,27.514868863637684,0.003407121636256982,0.004312298981160593,0.0058721224396199164,0.01918320994704043
CHN,Fifth,864.0,0.736,7.527064154362104,11.056049725128844,15.171899382111393,30.7398484244738,0.006127067829854073,0.007529387149694693,0.00985527003284997,0.02727879059805442
CHN,Sixth,1020.0,1.22,9.336399965409809,13.592898974425283,18.430582879716493,35.50113575613374,0.012158811452641458,0.014520181278410798,0.018290525026093588,0.04311491282896801
CHN,Seventh,1150.0,1.79,11.13808886232749,16.066717126125514,21.515792108859543,39.33563154300306,0.021328473905232074,0.024726572961421316,0.02993375317083866,0.059746377632058055
CHN,Eighth,1390.0,3.31,14.28480119264134,20.391382563007575,26.931125882328686,46.45406837114709,0.04715833559359672,0.05288485266497489,0.06123393313622025,0.10144534079439473
CHN,Ninth,1620.0,5.47,17.812914135607144,25.08662127223691,32.55203340765829,52.14931796414864,0.09543035171326743,0.1025738107771097,0.11220849268509074,0.14661983342964288
CHN,Tenth,2720.0,32.3,34.73601073874203,47.28196542337681,58.94617361530283,80.33385575011657,0.8119663850921414,0.7902230773898298,0.7578859985200009,0.5814560098031991
CIV,First,237.0,0.00531,0.960936354500044,1.6986315944580952,2.846996543071256,10.208107514816987,4.853667210398993e-5,6.209489209730805e-5,7.512714334792624e-5,0.00019108487423469552
CIV,Second,422.0,0.0311,1.8340773362550722,3.209224832208108,5.325744804491494,17.971147055925574,0.00034220920535408086,0.00041919156487974277,0.0004902905802013747,0.0010527239376520912
CIV,Third,532.0,0.0641,2.405139653450968,4.1789507746875865,6.8925344337242995,22.47566619856143,0.0007835135817946026,0.0009351475036879448,0.0010718844055562014,0.0020815865379325794
CIV,Fourth,683.0,0.141,3.191590502531796,5.515698145885255,9.053792395797664,28.728907799490717,0.0018692994874502653,0.002185104513927089,0.0024644216921941783,0.004416321385047326
CIV,Fifth,822.0,0.255,3.952048926637581,6.795129531822587,11.105050227092397,34.39825464172521,0.0036162784932031074,0.004148793897919151,0.004611529989213077,0.007687792287370697
CIV,Sixth,1020.0,0.509,5.044006761641285,8.630617967841106,14.045413755923153,42.504697862817245,0.007703047276165761,0.008678277766119293,0.009511023373383477,0.014782368671149784
CIV,Seventh,1220.0,0.899,6.187343615980782,10.531030789909618,17.061871967484535,50.41633795467773,0.01454170107050393,0.01607713716318419,0.017363978265779855,0.025096889103212006
CIV,Eighth,1560.0,2.01,8.1919783868994,13.861827022229958,22.346685849425704,64.29373530663491,0.03491060405192801,0.03779045612272658,0.04015133405390257,0.05349491518633063
CIV,Ninth,1950.0,4.16,10.610666941122497,17.81314092468771,28.52923216259275,79.35951779577422,0.07847855579395654,0.08269076215314444,0.0860346759459914,0.10330836772452298
CIV,Tenth,3790.0,37.8,22.675950142467336,37.324393273445416,58.78965159173876,151.00708585752037,0.8577062543675398,0.8470130344223143,0.83822573455043,0.7878879502925472
CMR,First,120.0,0.00674,0.5880060847795348,0.8913370138049143,1.379950406287135,5.044911829088418,5.220961040621289e-5,6.920589082621784e-5,8.493474275095483e-5,0.0002534127332432809
CMR,Second,209.0,0.0374,1.106627389334078,1.6552137331336214,2.5343940612154974,8.648218352359777,0.00036341442635802907,0.0004582960821756878,0.0005422777549371572,0.0013246657041290498
CMR,Third,260.0,0.0748,1.4427645329258414,2.1394971920657992,3.2539568528487073,10.675291356016949,0.0008256978234619385,0.0010107082780895,0.0011701582131955692,0.002539588808998405
CMR,Fourth,330.0,0.161,1.9048810764657043,2.805950717410598,4.245052397943011,13.496247764079227,0.0019578589495870664,0.002340042451793386,0.0026623864459513506,0.0052564913532258915
CMR,Fifth,394.0,0.285,2.349691302839881,3.4397719649003378,5.17896647488234,16.012467248438718,0.003766693632360732,0.0044063621440873675,0.004935335731936216,0.00894923416533324
CMR,Sixth,486.0,0.559,2.987373394776801,4.3473946679248625,6.515220457864696,19.607647488810144,0.007980480928123297,0.009143379599000535,0.010086432274508537,0.016841106297679136
CMR,Seventh,575.0,0.971,3.6521013950047534,5.281145129887267,7.876120636717489,23.05524233593218,0.01498181613253627,0.016798463889166226,0.018241216778938314,0.027960849810208476
CMR,Eighth,732.0,2.13,4.816096488477763,6.91548246735271,10.257319666021997,29.107415456399238,0.03574343199169491,0.039119477129794834,0.041735137543133245,0.05812702208062947
CMR,Ninth,902.0,4.3,6.212075257940301,8.837154162518118,13.014634642364891,35.507608288605766,0.07971230266806366,0.08458486397540045,0.08822570628273914,0.10872694383647875
CMR,Tenth,1720.0,37.3,13.144094036440249,18.27054883157191,26.425325787280773,65.72355700272917,0.8546160938374079,0.8420692005596657,0.8323164142319095,0.7700206852100743
COD,First,103.0,0.0092,0.2255533428901715,0.42316312533051875,0.8134475384983495,4.707883992783145,5.723940338193177e-5,7.931616967986299e-5,9.909020469321878e-5,0.0003596637393076962
COD,Second,172.0,0.0474,0.4214660507072933,0.7779278818190537,1.4772345357811625,7.881888019616166,0.0003920165973912297,0.0005126413151644782,0.0006153838810610731,0.0017598146223806955
COD,Third,210.0,0.0911,0.5474269535925206,1.0001305781378353,1.8852227176101843,9.602278297418739,0.0008820833084203367,0.001114299768387028,0.0013062289450822067,0.0032456287046385276
COD,Fourth,264.0,0.19,0.7205553515986893,1.3059471833832652,2.447421957944145,12.012250492597795,0.0020753669499926023,0.002550133120637756,0.0029330723300977665,0.006513015348047165
COD,Fifth,311.0,0.328,0.8864897256992162,1.5949244725837972,2.9732813065582286,14.120140999680947,0.0039649471541431825,0.00475212752207341,0.0053730465729070745,0.010784026565493807
COD,Sixth,378.0,0.629,1.1242038411720545,2.008412350450147,3.7251920394851608,17.136203371715418,0.008343744196988965,0.009761575411539007,0.010855480528335225,0.019753461876110753
COD,Seventh,442.0,1.07,1.3708894666177363,2.4309175320806484,4.484999392944885,19.966595811120598,0.015554050927114657,0.017747110910428573,0.019399521108975717,0.0318916893904195
COD,Eighth,554.0,2.29,1.8026852077843567,3.170277404312827,5.814634229559478,24.955043423105952,0.03681733551437359,0.04084553217414258,0.04379644221928318,0.06425363867662053
COD,Ninth,671.0,4.48,2.3171961802567944,4.0311422402990384,7.337130090122707,30.061164653066488,0.08128426562349939,0.08700007604467018,0.0910171424394361,0.11547818059887797
COD,Tenth,1230.0,36.7,4.863840770951325,8.24338527229756,14.728369138799811,54.18191423347321,0.850628950324694,0.8356371875632772,0.8246045917701285,0.7459608804781034
COG,First,124.0,0.0166,0.7693355998729726,1.0960095528390628,1.5645938424744907,5.0231597529039815,9.572872409235182e-5,0.00013427893938478864,0.00016842237632744934,0.0006563709650132594
COG,Second,204.0,0.0759,1.3947848395246796,1.9522500666954474,2.7511975005179385,8.090984487931212,0.0005982119392457268,0.0007892553733802651,0.0009497257190896415,0.0028588674490137183
COG,Third,247.0,0.136,1.7798892139303693,2.4641999546947444,3.4459934433112767,9.641082086789192,0.0012744752078545883,0.0016214785705709208,0.0019038941515273594,0.004927186706350656
COG,Fourth,307.0,0.27,2.3100898909129053,3.1709880006467497,4.407380118936069,11.848154032718229,0.0028702390322577287,0.0035470515726012458,0.004083944362184575,0.009366409746848197
COG,Fifth,358.0,0.445,2.80654792552464,3.82232359655234,5.283310214252684,13.707048486705514,0.005271935656979552,0.006346872279257515,0.00717977385068544,0.014772074560445738
COG,Sixth,433.0,0.814,3.516161630883585,4.752675149025649,6.533941938889303,16.376898952808546,0.01067868739935719,0.012534041172596906,0.013938401393614918,0.025811912011358792
COG,Seventh,502.0,1.32,4.234192384134836,5.677552029954679,7.761430268035975,18.775982596559526,0.0191346226544254,0.02187641729936888,0.02390007917559232,0.03968575846762934
COG,Eighth,624.0,2.69,5.490179522311094,7.295744297372833,9.909196190678044,23.033324052934667,0.043327947915780145,0.04809805584914479,0.051513670555901184,0.07569823802963035
COG,Ninth,748.0,4.95,6.9315506863895795,9.103028122977786,12.260403416080832,27.09872223199236,0.09038855110725753,0.09663416775978444,0.10090458776082295,0.1268782861410334
COG,Tenth,1330.0,35.1,13.93224728005734,17.75365673560549,23.371989025096948,45.94319081769905,0.8263596003627498,0.8084183811839103,0.7954575006542541,0.6993448959226766
COL,First,105.0,0.000375,1.377756408548857,1.599222698835774,1.9135954908391675,3.305857193094033,9.705860699304455e-6,9.09624156532724e-6,8.549194085295128e-6,6.670962316329901e-6
COL,Second,220.0,0.00358,2.83930020907938,3.3222288229850503,3.997549965962984,7.0078271136784345,9.01667020392599e-5,8.542579771276931e-5,8.112469264781793e-5,6.596999465947615e-5
COL,Third,306.0,0.00983,3.9102941009122816,4.592253000712393,5.5411557570214525,9.796586042881385,0.0002438956860080051,0.00023260672697286225,0.00022229654101498327,0.0001853891423459883
COL,Fourth,426.0,0.0272,5.391788383284276,6.3513750721867686,7.681094163156666,13.671726529415674,0.0006650980473625067,0.0006376923302387849,0.0006125276654020669,0.0005212825923140718
COL,Fifth,550.0,0.0601,6.916243511661852,8.166949223360195,9.89532263571816,17.71796956856393,0.001451157236795685,0.0013980329171020011,0.0013490138998089017,0.0011691869181051548
COL,Sixth,731.0,0.146,9.130992590201684,10.807650349656772,13.118474362180491,23.62313975935989,0.003473793358386107,0.0033621944907564123,0.0032587248426318863,0.0028747581939580244
COL,Seventh,936.0,0.314,11.609347112589397,13.771175772086403,16.744561206678497,30.32776150508403,0.007401360172926619,0.0071981514565758005,0.007008789755132867,0.0062974960403788
COL,Eighth,1300.0,0.876,15.99301583695766,19.01744142062289,23.166799853937448,42.222887594826325,0.02035178306490706,0.019900211897575064,0.01947694174878622,0.017864491947354618
COL,Ninth,1790.0,2.39,21.822073035915302,26.01893399734521,31.76318511482121,58.335460781780725,0.05442768750132842,0.05358945667950644,0.05279741996211658,0.049721165298422305
COL,Tenth,4410.0,42.0,52.9622981984813,63.452769649255146,77.64369403069023,144.21237711555804,0.911885352369547,0.9135871314619946,0.9151846116983734,0.9212935889101452
COM,First,30.3,0.000106,0.23557557573010415,0.3054486569502875,0.43827573509427065,1.1845754731088907,1.677183233196617e-6,1.8808633763190375e-6,2.197606321473125e-6,2.875157839463893e-6
COM,Second,68.2,0.00124,0.5396317647365849,0.6994325083888061,0.9970220922612115,2.6514859277242318,2.0777333304864165e-5,2.2874990822733273e-5,2.606453672079856e-5,3.264707840844895e-5
COM,Third,98.6,0.00387,0.789797108351472,1.021928974540621,1.4503084552927634,3.821253653163827,6.708233635602122e-5,7.301591518194773e-5,8.191383331173299e-5,9.987689659241681e-5
COM,Fourth,141.0,0.0118,1.1431578031657552,1.4772215583948474,2.089166574672295,5.464013334277401,0.00021087493961657243,0.0002274288469316334,0.0002519765307471367,0.000300660453978713
COM,Fifth,188.0,0.0287,1.530436019443446,1.9746742571942837,2.7836881512102996,7.233226208879989,0.0005229444140155328,0.0005593483737036819,0.00061278683763655,0.0007170765437680472
COM,Sixth,256.0,0.076,2.1056057316370795,2.712800925596436,3.812328184499186,9.844146606103912,0.0014174673907835307,0.0015040112310196192,0.0016297966985806011,0.0018714444426651746
COM,Seventh,336.0,0.18,2.7923557988596337,3.5910997810359206,5.029884830951561,12.904958238057947,0.0034355780451041655,0.0036150824168437734,0.0038732734408409857,0.004361160291645447
COM,Eighth,481.0,0.558,4.0322421679591605,5.1751884646532345,7.2216994288844125,18.395527922380694,0.010917532031063472,0.011380953621973899,0.012039596092216196,0.013260841934025207
COM,Ninth,687.0,1.74,5.839652318730817,7.472276616254857,10.375624089179562,26.187943468955595,0.035147032302037605,0.036201634283620554,0.03767656891794923,0.04034251917634783
COM,Tenth,1870.0,43.2,16.493648851465096,20.90815480903144,28.616996986694552,70.44133497218158,0.9482590340244851,0.9464137694565259,0.9438058255056754,0.9390108980247291
CPV,First,104.0,0.00114,0.9172136322015101,1.1862218431358604,1.610393220064007,3.870088926762254,1.8929000606733255e-5,2.0890447584318592e-5,2.3887967925392333e-5,3.0126521517271543e-5
CPV,Second,201.0,0.00898,1.801050462524852,2.321424359991504,3.1304917352926287,7.423898502976278,0.00015707511317628712,0.00017045595809072603,0.00019048546228549954,0.0002308148357939467
CPV,Third,267.0,0.022,2.416692625660182,3.1070884372466034,4.172510963133236,9.817895313216722,0.0003967145432484779,0.00042614437311136314,0.00046965006329175005,0.0005555223569502092
CPV,Fourth,358.0,0.0556,3.2627354029647404,4.18667483666856,5.603697690061322,13.103132352960952,0.0010239182671133193,0.0010909250449679666,0.001188985146417235,0.001379454745318825
CPV,Fifth,447.0,0.113,4.109959445460957,5.263876586067513,7.024206857632808,16.332992696152246,0.002126102913826077,0.002248638000181217,0.0024263224618655006,0.0027664538907345706
CPV,Sixth,575.0,0.253,5.331244109497467,6.81567248149858,9.068299051408008,20.97161304286174,0.004850678061853873,0.005093759794544904,0.005443079032559822,0.00610223604496758
CPV,Seventh,713.0,0.502,6.66005998345593,8.497396805807245,11.270908482760554,25.91924030725718,0.009832582220100921,0.010249205612528657,0.010842217390413494,0.011944348848866035
CPV,Eighth,954.0,1.28,8.99491562055827,11.450438495951849,15.134502929478765,34.583107147859,0.025566909690316397,0.02642995059780107,0.027644796872282246,0.029863030771815707
CPV,Ninth,1250.0,3.09,11.978133521257034,15.200411532730518,19.998282151124936,45.325075626591634,0.06365210053454858,0.06510561873765258,0.06712006070666678,0.07070811458874966
CPV,Tenth,2770.0,40.5,27.38108987519242,34.43018863512215,44.70400797057505,99.13251244651109,0.8923749896552093,0.8891644114335373,0.8846505148962923,0.8764198973952863
CRI,First,642.0,0.278,4.511647962660358,6.275981083045252,9.35081665053158,25.40813706052126,0.0003785010069086842,0.0007981248747665864,0.002039381954093838,0.014416185250275191
CRI,Second,874.0,0.661,7.471642055339802,9.92699173949604,13.897020182415249,32.54985759114787,0.0018340498204315308,0.0033444444853821557,0.007049460541832017,0.031536985482983
CRI,Third,954.0,0.826,9.063059508400638,11.72429959443148,15.841643002449254,34.17780319817445,0.0033633536635407236,0.005636403562431453,0.010636654358773402,0.03681400447123915
CRI,Fourth,1090.0,1.23,11.291883607821534,14.30140033967189,18.784787099018633,37.94195920680183,0.0067186415614512015,0.01052468670886905,0.018183932611964604,0.05130216878401083
CRI,Fifth,1190.0,1.58,13.233436350471164,16.443939299814335,21.05890294142959,40.10869074948275,0.011079126336332054,0.016334189888400092,0.026070238019812723,0.06122208489305851
CRI,Sixth,1350.0,2.29,16.009799891119197,19.530695517548043,24.404966880490363,43.89740825479094,0.020213763480633706,0.02810029168397278,0.04153272872251472,0.0816517617764992
CRI,Seventh,1460.0,2.94,18.604716376219976,22.266140281360272,27.126286872170137,46.01238546124048,0.03250116384863413,0.04251258468118179,0.058028295472180406,0.09490999961955347
CRI,Eighth,1690.0,4.66,23.178189834533338,27.152073077306714,32.149088280201134,51.04313738800375,0.06518116545167695,0.07963799207286194,0.09943771468355539,0.13238172390624414
CRI,Ninth,1840.0,6.35,27.833747547481657,31.725064973483143,36.23182192087149,52.95785521239935,0.11646024939435694,0.1304433256482502,0.14540841968943077,0.14903025490928343
CRI,Tenth,2720.0,25.0,49.83499922442129,53.344681804983594,56.169778654188555,68.7029682670718,0.7422699854360342,0.682667956393884,0.5916131739458421,0.34673483090685303
CUB,First,407.0,0.483,3.6377971185714597,4.612604207799003,6.163003862441007,14.999876901705539,0.004675215163093164,0.005510499510527701,0.007480344497117676,0.018251852997977266
CUB,Second,526.0,1.11,5.089062609205599,6.378775592083972,8.325986410825353,18.800883399988347,0.013465183065713697,0.015280675759826242,0.019296296772775966,0.037483774682862084
CUB,Third,556.0,1.34,5.610430410195951,6.985632591032975,9.000509374514136,19.518706585723507,0.018320926924187474,0.020352858716798743,0.024681928422280303,0.042262046198098306
CUB,Fourth,621.0,1.92,6.476700173907566,8.021790290318917,10.227513792727352,21.45792317848291,0.028842484397512597,0.03150222845430182,0.036991261243647225,0.05728993268572726
CUB,Fifth,660.0,2.37,7.089991324857041,8.739366547643815,11.03843549680684,22.49386077553469,0.03840100180338531,0.04130806828529645,0.04712255122513576,0.06669427473164471
CUB,Sixth,726.0,3.26,8.029290852486534,9.850821027708463,12.327631143360485,24.40548012021188,0.05694322031725177,0.06035665641381299,0.06694980158621497,0.0868410067705441
CUB,Seventh,766.0,3.94,8.716263479073346,10.641505053729913,13.191833607358182,25.367623299856927,0.07386584805525158,0.07710667689197295,0.08308426912505684,0.09846628532122477
CUB,Eighth,855.0,5.75,10.061980030079804,12.215647645211272,14.978531677335907,27.850699205360417,0.11648370166549736,0.11953359554233832,0.12468779046345477,0.1335813735256272
CUB,Ninth,896.0,6.91,10.969778634579173,13.22419856878418,15.999178632821499,28.565842842513526,0.15325224484995376,0.15388539247887692,0.15403777477843192,0.14517618178695538
CUB,Tenth,1190.0,18.8,15.862415052864225,18.807613427472063,22.059634474212984,36.005144291744124,0.4957501737581533,0.475163347946248,0.4356679818858846,0.31395327129933903
CYP,First,530.0,0.0707,9.00961292255391,9.265735505908323,10.035832493276123,14.846272736137557,0.0015567000130187502,0.001515006151986308,0.0015520581319896287,0.0015291259865884352
CYP,Second,800.0,0.259,13.577366526325306,14.001789068516862,15.147969401376766,22.431723852404247,0.005695031443188277,0.005573840148158432,0.005681576099151068,0.005614966323104012
CYP,Third,922.0,0.404,15.618414385421925,16.12779661411496,17.434582079592893,25.832622027344534,0.008876249507683957,0.008715477365465097,0.008858427789918282,0.008770099539790409
CYP,Fourth,1100.0,0.71,18.64631589494638,19.276751005157955,20.82721727438849,30.87365640934297,0.015572055019719235,0.015329469232716298,0.015545199890989738,0.01541196883763809
CYP,Fifth,1240.0,1.04,21.04005716926807,21.77209643979997,23.510779596647282,34.86595538099103,0.02285041218179724,0.02254659257388016,0.02281682071845416,0.022650012575988338
CYP,Sixth,1450.0,1.7,24.533951330618674,25.41219266547116,27.428561105937497,40.692116891608286,0.03723212328027752,0.03681961467630664,0.037186572284482675,0.036960167386743174
CYP,Seventh,1620.0,2.43,27.45509505901806,28.463893316255085,30.706058394481577,45.57309531233092,0.053246741951414295,0.05277931586698317,0.05319520436641686,0.05293875504834796
CYP,Eighth,1940.0,4.28,32.784713468475374,34.02632419057678,36.68740298934134,54.47540030466603,0.09365691234770117,0.09307658719191038,0.09359305989182716,0.0932748410757428
CYP,Ninth,2210.0,6.48,37.32518783165817,38.78622897552978,41.787871351700275,62.084676491829526,0.1415809186381487,0.14117039636657544,0.14153597432640477,0.14131116077330505
CYP,Tenth,3520.0,28.5,59.27590325391397,61.7732771657514,66.47595812528319,98.89019976757305,0.6197328556170508,0.6224737004260181,0.6200351065003656,0.6215389024527517
CZE,First,1070.0,0.0937,15.25075447117087,17.745765956605208,20.593723471896254,32.01270425364738,0.0027978998670547227,0.0022825011489704602,0.0019475770546494705,0.0015483407324139282
CZE,Second,1590.0,0.322,21.975734931898963,25.930008857214325,30.41476311647558,47.99619734830934,0.00903584850893775,0.007702687443097955,0.006798126062727312,0.005670793393150288
CZE,Third,1810.0,0.485,24.68067408552894,29.351447891921143,34.637084848694876,55.1306552458492,0.013116452584844103,0.011464308448839118,0.010314705612573615,0.008844141447171558
CZE,Fourth,2140.0,0.828,28.887435884444034,34.57132793462535,40.99572818422489,65.70003505085307,0.021742183040657302,0.019386133098942316,0.017712029518835815,0.015523665359772277
CZE,Fifth,2410.0,1.19,32.03873455827479,38.559169027818136,45.924082530870656,74.05214861970771,0.03031996645304519,0.027522725717743647,0.025495170885233964,0.02278987656691919
CZE,Sixth,2790.0,1.89,36.72828707448857,44.44558527051927,53.15996768863851,86.23211347770855,0.04702365434223221,0.04343222673313111,0.040773885272827874,0.037150026396194226
CZE,Seventh,3100.0,2.64,40.406007128873334,49.17251435024394,59.07170330748847,96.41422520755204,0.06389907477460219,0.06008834494342912,0.05719653905136026,0.05315384067761544
CZE,Eighth,3680.0,4.53,47.31670957928784,57.94825851066075,69.95994541274965,114.97614528742231,0.10614383166418746,0.1018405193157675,0.09845254006512455,0.09354178743100847
CZE,Ninth,4160.0,6.64,52.60120119457861,64.93781987327034,78.88993966665298,130.79512411691235,0.14919164170589622,0.14685066890885035,0.1447909547279721,0.14149984554543094
CZE,Tenth,6500.0,27.2,79.19208350862378,99.49251483090647,122.59372334711763,207.21837928391898,0.5567294470585429,0.5794298842412284,0.596518471748695,0.6202776824503237
DEU,First,870.0,0.0728,15.608692827215302,16.51074575588573,17.477938187856793,22.576857264464493,0.0020199768929583225,0.0017495171205479288,0.0015726284490327567,0.0012779982457735745
DEU,Second,1310.0,0.264,22.99047322659855,24.555805816177223,26.179057177593553,34.27308071479837,0.0069965585404985035,0.006246264080399362,0.005741135375919678,0.004869774089861693
DEU,Third,1500.0,0.411,26.143830578233082,28.076908803705226,30.05347957397383,39.6486271630738,0.010569055972956513,0.009600468210137153,0.008937259753096494,0.007769451089943174
DEU,Fourth,1790.0,0.719,30.905857955577748,33.33693336385853,35.79922255089668,47.51903109540445,0.0180850522852587,0.016656120327819976,0.015663924614475352,0.013886840758816478
DEU,Fifth,2020.0,1.05,34.58448895038408,37.45131945078006,40.33388890773404,53.83342025171836,0.025949976263546587,0.024197952552630405,0.02296525145099142,0.020721703190888712
DEU,Sixth,2360.0,1.71,39.99137409769423,43.47156129650977,46.94965674940105,62.99818661302191,0.04137435726366063,0.03904752611645537,0.037387732279031416,0.03431612256967431
DEU,Seventh,2640.0,2.45,44.39132089598675,48.44385621040178,52.47201319363811,70.79747031138228,0.05785512271224394,0.055285363755330205,0.05342266263178037,0.04990839010986329
DEU,Eighth,3150.0,4.3,52.508309797934274,57.554561053878,62.54576014213205,84.91181222129666,0.09923331004622277,0.09615625652175033,0.09387461953533738,0.089452688980468
DEU,Ninth,3580.0,6.49,59.12094847337084,65.16395383870933,71.10963593280704,97.29904165997375,0.14528153136970734,0.14329527148152835,0.14173372955250868,0.13850427411491964
DEU,Tenth,5690.0,28.4,91.53596595250752,102.13409386981535,112.51489219569511,156.65143107687092,0.5926350586529467,0.6077652598334009,0.6187010563578265,0.6392927568497911
DJI,First,94.3,0.00219,0.9166881356593307,1.1412395401358817,1.5563808727568833,3.3766131247905595,3.615450220915288e-5,3.9981291991936674e-5,4.5593030310081676e-5,5.861609027235975e-5
DJI,Second,180.0,0.0154,1.7797224383294508,2.2142437451130683,3.0020142566108228,6.4091296690786805,0.00026837238544190833,0.00029162166830149584,0.0003250024693152599,0.0003997632010252977
DJI,Third,236.0,0.0354,2.357390162384225,2.92802103004633,3.954280744729209,8.36580262416029,0.0006337356995726556,0.0006814227471264857,0.0007490285888253407,0.0008972587860053503
DJI,Fourth,313.0,0.0845,3.153138737608329,3.911983808435394,5.267241798503686,11.06325232517997,0.0015498462856876113,0.0016524659105534069,0.0017964672046095452,0.0021068317522189065
DJI,Fifth,387.0,0.164,3.9322632855392965,4.8719867001700345,6.541358390129344,13.651905066805465,0.0030657910213474438,0.0032440609905172203,0.0034918966146175955,0.004017786055498914
DJI,Sixth,494.0,0.349,5.053150802372856,6.252927274326018,8.372875423418781,17.366876663640877,0.006673050036888457,0.007009259146170677,0.007472387788494131,0.008440116343536313
DJI,Seventh,606.0,0.659,6.242567925674947,7.7123833656884795,10.297176852155776,21.223697229473526,0.01288254990794945,0.013428688908249876,0.014173676146646132,0.015705116640559194
DJI,Eighth,801.0,1.58,8.330393407059548,10.274149602089505,13.673245017198933,27.9831376768958,0.03171384564398041,0.032776468727887594,0.034209461329334404,0.03709919525935973
DJI,Ninth,1040.0,3.57,10.899328829017122,13.406412455334385,17.764610872981653,36.03096862421658,0.07361812244816911,0.07525636223521137,0.07742971554375971,0.08169338494441591
DJI,Tenth,2200.0,39.4,23.86464031528724,29.143050527075253,38.18300141848906,75.73463082876255,0.8695585320687539,0.86561966837399,0.8603067712840878,0.849581930927108
DNK,First,1340.0,0.292,21.370365259703828,23.223294277324698,25.384380125169024,37.42265022049127,0.006064963738585684,0.005748929500779542,0.005719812436371967,0.007073537589115293
DNK,Second,1810.0,0.781,29.143681995642044,31.796711403830507,34.77063714554592,50.46543451595084,0.01644545708828546,0.015785217501068358,0.015723905262801045,0.018493383532747248
DNK,Third,1970.0,1.02,31.736203153999657,34.70167101096428,37.95595752448094,54.6089136921644,0.02163063967546834,0.020908711637366996,0.020841359544998415,0.02383287739154553
DNK,Fourth,2240.0,1.56,36.240131020658374,39.696584909110676,43.42808055212307,62.048354106222945,0.033146498666525595,0.03222010360593692,0.03213333498234514,0.035932526077425295
DNK,Fifth,2420.0,2.01,39.315680857366694,43.13351320216254,47.196341397194786,67.01221243267366,0.043075294215635426,0.04208237878211967,0.04198901698478481,0.046019657910693325
DNK,Sixth,2720.0,2.9,44.11488099148943,48.47310454308558,53.048843521939126,74.8674226773501,0.06239328296628266,0.061252548916999626,0.06114482098291422,0.06572290972874203
DNK,Seventh,2920.0,3.66,47.47111037796412,52.243368066950985,57.18541076668805,80.20133048448795,0.07899343654216905,0.07794100303772927,0.07784104000850967,0.08200083024490397
DNK,Eighth,3320.0,5.59,54.22995748614273,59.7876978516195,65.45904993322868,91.16386579093886,0.12123010275181559,0.12029125586230721,0.12020109432855376,0.12380323865501788
DNK,Ninth,3570.0,7.06,58.42504798017006,64.55703581885174,70.69927912933179,97.58923760329432,0.15408288520981653,0.15398881232277783,0.15397775272069594,0.15411639181318823
DNK,Tenth,5000.0,21.0,82.22152871527894,91.28754762615213,100.05360221853938,135.5155273289321,0.46293743914541563,0.46978103883291455,0.4704278627480251,0.4430046470566212
DOM,First,112.0,0.000376,1.9112907949976043,2.1277202954645955,2.3687390010262215,2.9719947383383745,1.5151059269887558e-5,1.1504385643833689e-5,8.423467577187657e-6,2.4409750238033897e-6
DOM,Second,241.0,0.00348,3.842458909662089,4.364840736487271,4.959420258030066,6.700028445868924,0.0001305764313052313,0.0001038678110566715,8.012957792339042e-5,2.846320686917453e-5
DOM,Third,340.0,0.00945,5.214421382454676,5.987697410258773,6.881155286301136,9.701587472643475,0.0003374433752552814,0.00027611479156749454,0.00021990145005187914,8.851740450187021e-5
DOM,Fourth,478.0,0.0259,7.106180716236074,8.231537816402879,9.54627851104878,13.923675801942018,0.0008871153051721511,0.0007425295207883757,0.0006066626969590576,0.0002700006307825507
DOM,Fifth,624.0,0.0569,9.020212698348248,10.527245733485273,12.305909476607937,18.494692462476245,0.0018728061762746599,0.0015998860367000076,0.0013375553747180461,0.0006516447426551813
DOM,Sixth,839.0,0.137,11.788726031289283,13.858359506010212,16.324115018484733,25.251487980170978,0.0043420100632157585,0.0037834377489834306,0.0032344676628281214,0.0017203954283222104
DOM,Seventh,1090.0,0.296,14.832347595750388,17.562517700962104,20.8475815302308,33.21374822319359,0.008949386021973987,0.007959876007233135,0.00696425955013772,0.004057386996355809
DOM,Eighth,1530.0,0.828,20.195521002442245,24.1059482367965,28.860378474869652,47.509552341652245,0.023709506809133193,0.021579425381892343,0.019377052354983274,0.012503898595118083
DOM,Ninth,2140.0,2.28,27.14723239079462,32.72304838905889,39.593018842441936,67.91853159921487,0.06045714364147314,0.0566725306995011,0.052609592416364565,0.03870029777632263
DOM,Tenth,5530.0,42.2,63.47841726163032,78.21565628705252,96.8063956728478,182.54190471346544,0.8992988611169267,0.9072708276166336,0.9155619554484568,0.9419769542440486
DZA,First,248.0,0.0426,2.296437531256193,2.807757985053084,3.6290170049321766,9.196247196727894,0.000333012210624818,0.00037562457006121207,0.0005042056638472088,0.0017941670630108309
DZA,Second,383.0,0.165,3.8249560221452965,4.6488853614878956,5.901359554421111,13.751755725034783,0.0016534233023299356,0.0018227633560471022,0.0023120912596490345,0.006371880314527067
DZA,Third,447.0,0.268,4.657489743679979,5.639081633703401,7.083367713145856,15.737669629065117,0.0030756238137710085,0.003345501093426442,0.004105813139312624,0.009763960736626488
DZA,Fourth,540.0,0.489,5.819597167679613,7.02499804810897,8.749804059252119,18.70654956977807,0.006214231112604939,0.0066875244272198795,0.007993707678828113,0.016898947933484013
DZA,Fifth,615.0,0.747,6.838926310304576,8.232137834933349,10.175167479800109,21.019240148043338,0.010352779397790775,0.011034555740180418,0.012880749225620446,0.024497583302964036
DZA,Sixth,725.0,1.27,8.294899206655199,9.956948743429384,12.21441658823234,24.39517020633477,0.01907692724097784,0.02014437666589717,0.022980444252256697,0.03944810008306822
DZA,Seventh,821.0,1.91,9.66635360198728,11.568237523693538,14.079811394183297,27.16418484250118,0.030990261847403174,0.03240948622453121,0.03610239037657276,0.0557311856570994
DZA,Eighth,992.0,3.56,12.078435869938694,14.403248406339335,17.369340262690166,32.206756911205,0.0628710500996511,0.06504201767861009,0.0705462800822105,0.09669596633071716
DZA,Ninth,1150.0,5.83,14.563398761188994,17.28402116151456,20.600149912288277,36.35559944113115,0.1139949464975214,0.11631358046496659,0.12193874579667424,0.14365378093325057
DZA,Tenth,1880.0,31.6,26.289591373917723,30.745105681514904,35.47074749697688,55.68497803793384,0.751437744477325,0.7428245697790599,0.7206355725250283,0.6051444276452522
ECU,First,432.0,0.169,2.7680605186442335,3.7638454679105013,5.348301494890187,17.814510073102287,0.0005549255509040864,0.0007511122365999745,0.0011664600235967262,0.008256336078801654
ECU,Second,603.0,0.452,4.468526296997764,5.967897968336984,8.242928636741622,23.842365224324766,0.0024977350262488855,0.0031856068968887058,0.004528500169817915,0.020794955677540455
ECU,Third,666.0,0.607,5.343369071879847,7.060714975881295,9.594623493719453,25.651118838148815,0.004387696561334213,0.005406291429076322,0.007302922258181965,0.026246563306867535
ECU,Fourth,771.0,0.959,6.581010525060358,8.623235908052541,11.56578064347575,29.018859122034776,0.008468920661543576,0.01015138258048999,0.013165247930248347,0.038920924412209776
ECU,Fifth,847.0,1.3,7.634277604321665,9.9270640906529,13.159155467707844,31.202358959174173,0.013540778016989169,0.01583387025571633,0.019796688280555773,0.049110626556213614
ECU,Sixth,964.0,1.97,9.144604449241521,11.803000039474059,15.467307529914175,34.700757623344856,0.023976571586689026,0.027372026670235944,0.03302962572160289,0.06913352607366499
ECU,Seventh,1050.0,2.65,10.51958511834963,13.472396893084893,17.446577474902913,36.98869569694436,0.03737431116278757,0.04161938979130557,0.04840975120015362,0.08497877485931604
ECU,Eighth,1220.0,4.42,12.956512196752596,16.447654117587206,21.012171980521074,41.77143839390563,0.07239568119740158,0.07840471634873353,0.08752011095351794,0.12617575710189508
ECU,Ninth,1350.0,6.36,15.337603572920871,19.250432765436685,24.174500424782032,44.374299452730014,0.12374800197195074,0.1293472361803269,0.13701216311366202,0.15377528573762747
ECU,Tenth,2010.0,27.0,26.56977444081576,32.43795462465669,39.07502037956654,60.07011676555163,0.7130553782641512,0.6879283676106268,0.6480685303486629,0.4226072501958634
EGY,First,475.0,0.0953,3.477145463477951,4.916130454687546,7.154484137936066,18.54588233669835,0.0007586352738844101,0.000921220034818015,0.0013240919205730812,0.0038802310586852668
EGY,Second,695.0,0.315,5.519575190135667,7.718113778009539,10.969006163569993,26.351429028288013,0.003211163500428913,0.0037512232062576647,0.005008849245194106,0.011657360143983157
EGY,Third,786.0,0.468,6.5317772780578425,9.072216286670633,12.719182705411695,29.282105352963757,0.0054434349334541825,0.006218130312201732,0.007958019209429752,0.01624319509568714
EGY,Fourth,926.0,0.792,7.980399085896213,11.026114397688316,15.290959772579651,34.01571486799616,0.010211797157453214,0.011458449725027997,0.014176540637794628,0.026061010653242008
EGY,Fifth,1030.0,1.13,9.189073765451356,12.634587840457685,17.350734637573964,37.43616751523808,0.015915037959669972,0.017573385929100648,0.021090724236073062,0.03529351077031201
EGY,Sixth,1190.0,1.8,10.929471562223469,14.957038052827997,20.344010004922428,42.60122840771008,0.027490466146159662,0.02988605600375182,0.03482600542022745,0.05320556039874929
EGY,Seventh,1320.0,2.52,12.478238939522146,16.991392120701946,22.882754607897418,46.47240096847988,0.04176505499995073,0.0446782682231707,0.05049792046616698,0.07020596217925335
EGY,Eighth,1550.0,4.35,15.242170486370693,20.63719192885695,27.477876128961544,53.89232677722162,0.07860656727721481,0.0825846837810579,0.09020521365439545,0.1128477630866895
EGY,Ninth,1740.0,6.46,17.846696373476817,23.98512947486819,31.47997106490055,59.12228684245212,0.12952787634853682,0.13298817043499425,0.13907222198982883,0.15211856492107273
EGY,Tenth,2670.0,27.9,30.17509382866454,39.80339949272253,50.437260605799004,85.86999538480424,0.6870699664032475,0.6699404123496192,0.6358404132203167,0.5184868416923255
ERI,First,18.6,0.00433,0.07685796827697165,0.10645925764731926,0.16582631027302897,0.769630016131315,4.205457571945184e-5,5.0806506002362245e-5,6.42985803409522e-5,0.0001590075201552879
ERI,Second,33.1,0.0264,0.14658759914441605,0.20154282700932985,0.30991646238958254,1.3589125009315421,0.00030404774991772443,0.00035534709335090074,0.0004313945131288349,0.0009061605009837647
ERI,Third,41.8,0.0558,0.19257760505553848,0.26338883186225354,0.4018759779730038,1.7058438565939107,0.0007067027532135238,0.0008096887511031803,0.0009588247251360096,0.0018279324913503905
ERI,Fourth,53.7,0.125,0.2558133776661027,0.3484705264969184,0.5284264117153005,2.18553296007692,0.0017065085904886376,0.0019243176407057164,0.002233817210750687,0.003940626654852979
ERI,Fifth,64.7,0.229,0.31725413986957246,0.430501077521834,0.6491754871325791,2.623744902578773,0.003337379439623395,0.0037098290078842106,0.004230020438706449,0.006958985969116802
ERI,Sixth,80.4,0.465,0.4054558406055794,0.5481516398047179,0.8221063317961599,3.249157123453837,0.007184210434636964,0.00787578630406423,0.008825392882207983,0.013568715808257215
ERI,Seventh,96.0,0.835,0.4983188807432862,0.6709574423494881,1.0005538925598048,3.8645405456776256,0.013711087056841,0.014816050898907748,0.016306029168014914,0.023371375919443063
ERI,Eighth,123.0,1.9,0.6610389763489726,0.8859616129753881,1.3125647074211513,4.939684481831316,0.0333218643994656,0.03543046717675264,0.0382137764107779,0.05062942744260691
ERI,Ninth,154.0,4.01,0.8590243584421446,1.1440627641354169,1.6804979617762335,6.119714791168107,0.07608831808955888,0.07925020005873794,0.08329739190895165,0.09981459622647884
ERI,Tenth,298.0,38.2,1.8487808400200922,2.417610579065044,3.4653455748089974,11.638052494487882,0.8635978269105349,0.8557775065624912,0.8454390541619846,0.7988231714667547
ESP,First,729.0,0.0855,11.897363522724495,12.737357113730807,13.806035314463607,20.460100287616115,0.0017427958393904262,0.001741518219552045,0.0017665951199351511,0.0020493039253301525
ESP,Second,1080.0,0.301,17.765892210428007,19.03480608723534,20.619374188168088,30.25425947126181,0.006227291607996464,0.006223683248101292,0.006294396767059356,0.007076464535153566
ESP,Third,1240.0,0.459,20.339485304074568,21.79752545112787,23.60190779491044,34.43514305839631,0.009575726353024136,0.009571019480533237,0.009663179539462477,0.010671125585250893
ESP,Fourth,1470.0,0.791,24.185868173119292,25.926917372276773,28.064952694534774,40.76251999564135,0.016619312906898956,0.016612308467342882,0.01674934323279589,0.01823431593528639
ESP,Fifth,1650.0,1.14,27.19744466797262,29.160663569834295,31.55618332241773,45.64850022948806,0.024152466031270275,0.02414380798322414,0.024313076839850067,0.02613146924099885
ESP,Sixth,1910.0,1.83,31.60605560772011,33.8948893535783,36.670233018072345,52.83930851847059,0.0389866169723929,0.038975021501060074,0.039201564993658324,0.041613296940213235
ESP,Seventh,2120.0,2.58,35.25055409544133,37.80921066931555,40.89318698138038,58.68650611323137,0.05521744984988979,0.05520451620938119,0.05545697254774403,0.05811630839688992
ESP,Eighth,2520.0,4.47,41.93080059666987,44.9844581308554,48.64083345572956,69.49040286670508,0.09607382339121143,0.09605811773967599,0.09636429746719424,0.09954145898363778
ESP,Ninth,2850.0,6.61,47.516776740342586,50.98560044095807,55.10700585663673,78.27705603440972,0.14324014386061262,0.14322962864657804,0.14343396494027577,0.14547257386343126
ESP,Tenth,4450.0,27.6,74.67603861751086,80.165977980227,86.6047316026111,121.47831553755948,0.6081643731873129,0.6082403785045511,0.6067566085520246,0.5910936825938079
EST,First,1120.0,0.101,11.812797654574721,14.998587094877276,19.03149519084852,38.45715327695612,0.0010258652534492578,0.0011654485365322066,0.001426647897576767,0.003515207423929685
EST,Second,1630.0,0.331,18.137576719579943,22.844993537563685,28.618204312638532,54.470457319380884,0.004087821118828014,0.0045253731758940945,0.005314475785393889,0.010796363691574447
EST,Third,1840.0,0.488,21.133869142051836,26.49614991925654,32.94824779644828,60.6095548024895,0.006691933002519807,0.007298621557242912,0.008369422210495157,0.01523229465964695
EST,Fourth,2160.0,0.823,25.467231168372255,31.81139362686657,39.32654162091342,70.4021375973244,0.012209152609171235,0.013158562893243981,0.014804826376382352,0.024683190246048394
EST,Fifth,2410.0,1.17,28.999195276149855,36.10329558232892,44.397924119744324,77.56298925156467,0.018557631810543113,0.019788078748338052,0.021886574225587794,0.03372722327579139
EST,Sixth,2770.0,1.86,34.09937610638109,42.316692521254666,51.7752081900069,88.33533843894394,0.03128693743841446,0.03301759519506548,0.03591932024556407,0.051285847019782976
EST,Seventh,3060.0,2.59,38.52079850239293,47.64478904556063,57.98828663955299,96.54005720734469,0.04635358639297828,0.04839566103524535,0.05175367974919983,0.06828131732588036
EST,Eighth,3610.0,4.44,46.459485599571074,57.25019687165488,69.2739512545131,112.20726297323502,0.08482249047738043,0.08750180514635791,0.09179372522202292,0.11085901288638694
EST,Ninth,4040.0,6.53,53.64066133954207,65.78666370582754,79.0125326842136,123.59031895138021,0.1348501836555796,0.13699780177079554,0.14024662115325115,0.15135306141881694
EST,Tenth,6210.0,27.5,87.72267718126179,106.45994776101368,125.85322050332486,182.37851441736487,0.6601143982411358,0.6481510519412845,0.6284847071345261,0.5302664820521419
ETH,First,216.0,0.0609,0.7750935271026147,1.218139154098097,2.1087214817919384,9.593500894401613,0.00046125449278906967,0.0005642513811290693,0.0008224754155158184,0.002519846493047578
ETH,Second,321.0,0.221,1.2673282216716382,1.969771753196896,3.3301841426792667,14.047541064916848,0.002151846342951836,0.0025314775049039943,0.0034259252064369403,0.008324694196173595
ETH,Third,366.0,0.345,1.5261740696923056,2.356068036403866,3.9292112175115097,15.880978829113847,0.003859745213543338,0.0044385844232242505,0.005753779879019137,0.01224099793061026
ETH,Fourth,435.0,0.61,1.8904867890152142,2.903134816602911,4.789259468199233,18.70743570022216,0.007575050723500728,0.008554233724175605,0.010714220660853391,0.020500701148779624
ETH,Fifth,488.0,0.905,2.2041430050508963,3.368422017489953,5.502861440698985,20.84922589574959,0.012294315159517509,0.01365866069292083,0.01658711549365738,0.028853894228530113
ETH,Sixth,567.0,1.49,2.6532706864048374,4.035984390268164,6.531467575920912,24.025650460704767,0.02208776985748721,0.024153556951765517,0.028466831811387698,0.04515205546906299
ETH,Seventh,631.0,2.17,3.0675510221594613,4.64320873468539,7.440906966664755,26.549687994059056,0.03495172223562495,0.037598995360481106,0.04295991888880998,0.06192681964521494
ETH,Eighth,750.0,3.92,3.7997606898696894,5.720113320135245,9.066625441372578,31.264605408663574,0.06885303045979937,0.07271998064622037,0.0802516784462524,0.10393976212652789
ETH,Ninth,848.0,6.14,4.530061130009619,6.770730121418049,10.58260476253199,34.94909899045848,0.12024673014347555,0.12406109681531446,0.13098195583075553,0.14803314776937063
ETH,Tenth,1330.0,30.0,7.979669527491689,11.729719464422434,17.754765266486025,53.28781005395246,0.7275185353713104,0.7117191624998648,0.6800360983673117,0.5685080809926824
FIN,First,1130.0,0.179,19.06423863060696,20.44827590535447,22.21791957315727,30.670450883123813,0.004497573129703065,0.004029374116236372,0.0037664716022118632,0.0035450885825856994
FIN,Second,1590.0,0.536,26.524042822977123,28.66723226702761,31.294221174104013,43.380433402386046,0.01306853890796838,0.012003215493100019,0.011391300314910691,0.010867658948989868
FIN,Third,1760.0,0.746,29.22273997550838,31.720819940086578,34.719587526253655,48.24260292534857,0.017869959278048055,0.016645231738012037,0.01593236862242655,0.015316565220493692
FIN,Fourth,2040.0,1.2,33.673466515956505,36.67766230062471,40.23037629342051,56.00515167689802,0.028244283408991794,0.026604383865672144,0.025639146569722146,0.02479869410081713
FIN,Fifth,2240.0,1.62,36.83540686196969,40.2458961892442,44.228620755269674,61.67540736776139,0.03773864528635605,0.035906198841168364,0.034815894069565624,0.03385923739308585
FIN,Sixth,2540.0,2.44,41.66015371411916,45.65358321845249,50.26512109944872,70.2080972293406,0.05615433713540345,0.05394990240926806,0.05262275393707563,0.051448593732576396
FIN,Seventh,2770.0,3.22,45.206361270684866,49.69370214989304,54.818942012992736,76.69878656871693,0.07310301470463729,0.07094402943634488,0.06962487487288482,0.06844566395181637
FIN,Eighth,3210.0,5.17,52.12001897661733,57.492480415459504,63.56124685562724,89.09953698157649,0.11574212371912428,0.11359664325520646,0.11225275041081693,0.1110308320679715
FIN,Ninth,3530.0,6.97,56.83099103643121,62.96679955187536,69.80583426834392,98.08993644006488,0.15305164474908853,0.15238160312004648,0.15189950281027215,0.1514228756492865
FIN,Tenth,5170.0,23.8,82.01762988765414,91.73836376955724,102.34016408199969,144.55984281119146,0.5005298796806791,0.5139394177249452,0.5220549367901137,0.529264790352377
FJI,First,253.0,0.00693,2.0787175181919664,2.843081023488721,3.835709456158635,9.445533627722325,5.2633426816054866e-5,7.004146705583501e-5,8.609557623459694e-5,0.00026140136550996385
FJI,Second,439.0,0.0382,3.8701617168050553,5.217243956286542,6.959482055648393,16.015273766440725,0.0003658433759328181,0.0004628408496175333,0.0005483544665083399,0.0013585014860436973
FJI,Third,547.0,0.0761,5.026453955286459,6.7152561064844685,8.896787103738088,19.68698171235697,0.0008305085685979978,0.0010194324731067667,0.001181559785133638,0.0025955773106656464
FJI,Fourth,697.0,0.163,6.613047381712875,8.772530286234158,11.559547210678849,24.788511851707955,0.0019679224326005994,0.0023578363464397366,0.00268521494240658,0.005357727853579433
FJI,Fifth,833.0,0.289,8.137323676487751,10.72470984214917,14.06263296270925,29.322192357346687,0.0037837305037941894,0.004435798787599581,0.0049724689621466235,0.009099224673113063
FJI,Sixth,1030.0,0.565,10.319553994916344,13.515970994305052,17.638212824897874,35.786946667355494,0.008011803998173202,0.00919627875344961,0.010152056124336452,0.017082657095295894
FJI,Seventh,1220.0,0.979,12.59081431740001,16.382119065248943,21.271815993820912,41.9602752610876,0.015031335721483942,0.016880082967515194,0.018340675193728093,0.028292028655452446
FJI,Eighth,1550.0,2.15,16.563198870991524,21.39172387013118,27.61890548366164,52.76496987067178,0.03583675964913581,0.039268941118424654,0.041913447450319836,0.05865319846405751
FJI,Ninth,1920.0,4.32,21.319010805651576,27.268409499996014,34.94656089831502,64.10513567783538,0.0798497527708171,0.08479598034269993,0.08846983022577097,0.10932506569732951
FJI,Tenth,3680.0,37.3,44.87769556044046,56.009164624490325,70.35348966141193,116.5973398561138,0.8542697095526482,0.841512766894091,0.8316502972734149,0.7679746173989528
FRA,First,1040.0,0.165,16.67397457246258,18.361203931281906,20.354877670586898,29.146957993435027,0.003348823564411529,0.0033526977248246924,0.003436994843113802,0.00391289819666268
FRA,Second,1470.0,0.503,23.759862102662503,26.170234247138627,28.96642862028708,41.102986589443276,0.010396575601090554,0.01040594007676762,0.01060903314173128,0.011733397096588981
FRA,Third,1640.0,0.707,26.507703261304837,29.198089745206033,32.287902760261076,45.58199808989304,0.014757799275609565,0.014768951470149984,0.015010374124626073,0.016331776408254232
FRA,Fourth,1900.0,1.14,30.86749130039699,34.003103435737174,37.57484783061017,52.82970022678072,0.024030574647570833,0.024045958159815202,0.024378443082489896,0.026180952725521813
FRA,Fifth,2100.0,1.56,34.07384222865689,37.53664256655269,41.45263624069336,58.068804834945794,0.03297882286377764,0.03299651265482501,0.03337827782897688,0.0354289936406609
FRA,Sixth,2390.0,2.37,38.886958548148364,42.84147523516599,47.28218207341465,66.000671138879,0.05035989513529249,0.050381847208130506,0.050854822098711436,0.05337047214510079
FRA,Seventh,2610.0,3.15,42.57775231434858,46.908887415067795,51.73765835755152,71.95555179418609,0.06734209913530752,0.06736444999570822,0.06784499846274276,0.07036987846283317
FRA,Eighth,3030.0,5.1,49.60174867712199,54.65065340730691,60.2350015557016,83.4304400010538,0.1098700246863102,0.10989369763394576,0.11040106330920184,0.11301474862349971
FRA,Ninth,3330.0,6.94,54.76511611754309,60.340379353677484,66.44479886120666,91.55280479791632,0.15093833061911704,0.15094851091948397,0.15116372690843152,0.15217845831045995
FRA,Tenth,4910.0,24.2,81.28023254744802,89.56496324090604,98.45446538230287,134.14018172653192,0.5359770544715127,0.5358414341563491,0.5329222661999745,0.5174784243904179
GAB,First,203.0,0.0104,1.7391300762505213,2.325836042677169,2.9780803003945397,7.399871907834664,5.9390615880125957e-5,8.376607992364463e-5,0.00010539197548525595,0.00041314857956350814
GAB,Second,346.0,0.0522,3.2405762159240177,4.258454772308737,5.383525714804584,12.270957525046034,0.0004041067396486846,0.0005361442480666755,0.0006472846735512297,0.0019686739045881828
GAB,Third,427.0,0.0987,4.202799188945958,5.46294737196055,6.85347622684013,14.870046643604136,0.0009057504195954499,0.0011586327075854398,0.0013649001039156752,0.003575077187106519
GAB,Fourth,539.0,0.204,5.5252306789998915,7.120726653061799,8.879261428857264,18.521343301754936,0.0021244093409149745,0.0026392810311661116,0.003048661597221078,0.007085955238794886
GAB,Fifth,640.0,0.348,6.790510489798185,8.683017445351682,10.76807808722036,21.68773145287293,0.004047260026391533,0.004897709636060692,0.005558309500728571,0.011602986205122411
GAB,Sixth,784.0,0.659,8.602574218765875,10.917508638467128,13.46746626016606,26.219393761787398,0.008493794045680087,0.010019862592005206,0.011178129825648161,0.021025778788424807
GAB,Seventh,924.0,1.11,10.47953253487991,13.193988993782462,16.18542089115439,30.430275647903414,0.015789124961772694,0.018140204491980588,0.019880909510485108,0.0335689604928722
GAB,Eighth,1170.0,2.35,13.764176149091897,17.176086096156446,20.9387156745195,37.855677331826385,0.03725564633650441,0.041553782837039095,0.04464351026056706,0.06679232152348274
GAB,Ninth,1430.0,4.56,17.667148266911727,21.791176153898967,26.349603030100134,45.33534771422008,0.08191986200874797,0.0879768892836833,0.09214510576182305,0.11814154397496511
GAB,Tenth,2690.0,36.5,36.942212060586606,44.26478180487442,52.41742202215386,80.33444282004487,0.849000655504864,0.8329937270924892,0.8214277967905748,0.7358255541050797
GBR,First,880.0,0.0693,13.670151294825661,15.023527522897348,16.77352262988612,25.314902861531206,0.001222761740194874,0.0012412075232246388,0.001319817327843717,0.001872338874283272
GBR,Second,1320.0,0.254,20.793147531396418,22.831590514890745,25.389462233564807,37.44411321049265,0.004701630400778974,0.004757964900944373,0.004995997752594176,0.0065900886738721
GBR,Third,1510.0,0.396,24.086885405594554,26.433680540684872,29.32711803420329,42.6845126663339,0.007540285799446132,0.007617212074246146,0.007940630864905918,0.010046666851547
GBR,Fourth,1800.0,0.697,28.896137735303714,31.696587924978154,35.098642319935166,50.539727386376754,0.013533264914253305,0.013652139932142595,0.014149872082039012,0.017317249016116705
GBR,Fifth,2030.0,1.02,32.76669618153547,35.926377372006385,39.71332760411814,56.636580908895056,0.020269509036442344,0.02042176400657163,0.02105680898103305,0.025011889595030444
GBR,Sixth,2360.0,1.67,38.37753466790305,42.05789280855577,46.40823620062274,65.55390360281447,0.03368873169573421,0.03390029701351962,0.0347792234340049,0.04013311110966779
GBR,Seventh,2630.0,2.4,43.169982570306495,47.2857534021534,52.08071144221546,72.84575361109384,0.04917955703721417,0.04942575639526328,0.050443934313431645,0.05649025417471376
GBR,Eighth,3140.0,4.24,51.82639843960322,56.72677443903223,62.33491140850868,86.18547947326678,0.08851633715784428,0.08883338037839147,0.09013648160414786,0.09760921954545204
GBR,Ninth,3560.0,6.45,59.469216342867526,65.03552917752968,71.2627743222005,97.12713695634807,0.13778732634620175,0.13803134828064745,0.13902065399365404,0.14425072161475186
GBR,Tenth,5600.0,28.6,95.97353650106439,104.57860609268303,113.56979251320327,149.21012449192568,0.64356059587189,0.6421189294950488,0.6361565796463456,0.600678460544565
GEO,First,327.0,0.00641,3.6025254259253137,4.714003670255767,6.03806451007396,10.91065150305255,0.0001968192049005858,0.0001692951668492668,0.00014508117348554893,9.087720411085513e-5
GEO,Second,576.0,0.0371,6.144121982707112,8.117093184382025,10.494351378819967,19.480947182244307,0.00107839979478772,0.0009537401629978094,0.0008407911688597761,0.0005732262824994134
GEO,Third,726.0,0.0757,7.599895563759822,10.094769370121355,13.121382216147635,24.745834706465672,0.002125491884872923,0.0019108691317338302,0.0017129814121386677,0.0012280490799582424
GEO,Fourth,933.0,0.165,9.610492956669685,12.821023344458062,16.736271980654408,31.96257254832466,0.00449785775359242,0.004097065731886298,0.003722248456875794,0.0027780119537987136
GEO,Fifth,1120.0,0.293,11.42249772722813,15.296788766183996,20.043635683882044,38.7110828229224,0.0078115940476826415,0.007199934483211748,0.0066204328848571,0.005122991682110425
GEO,Sixth,1400.0,0.578,14.003923048915494,18.82294326633061,24.752759421398263,48.32199202611756,0.014986686177123938,0.013972069022596312,0.01299827010180954,0.01041733198075348
GEO,Seventh,1670.0,1.01,16.511150607595788,22.275902521681783,29.4007093130227,58.0311973818534,0.025384561873927184,0.023948091475362098,0.022549999795758276,0.018741528661931028
GEO,Eighth,2140.0,2.2,20.896987535318942,28.307687853133253,37.50646165173676,74.91352686503132,0.053967023981548644,0.051593692509978965,0.04924440098743407,0.04262956806360747
GEO,Ninth,2680.0,4.42,25.635111061547505,34.901213927738766,46.464540289733975,94.18988802057108,0.10387342454955832,0.1010027009170126,0.09808559017745583,0.08944516828276834
GEO,Tenth,5210.0,37.1,48.152670975365986,66.15888594420102,88.67241538443423,184.12762995655584,0.7860781407320057,0.795152541398371,0.8040802038413254,0.828973246808462
GHA,First,124.0,0.00697,0.8541299211081909,1.1757354342920996,1.6790364930785124,4.8888392641106675,5.273988389007978e-5,7.02518232008069e-5,8.638810542111127e-5,0.000263434850142371
GHA,Second,217.0,0.0384,1.6182500703487634,2.198594251877062,3.105114930190407,8.411487139635657,0.00036645291278232614,0.00046398347755355985,0.0005498833217728583,0.0013670814726933556
GHA,Third,271.0,0.0764,2.114282715107022,2.8479062187296904,3.994972123050689,10.389307325864774,0.0008317151090874933,0.0010216240211890183,0.0011844256215432702,0.0026097426594267987
GHA,Fourth,346.0,0.164,2.797120763379931,3.7427514232931647,5.222438050845446,13.146526151044068,0.0019704454014737773,0.0023623031836223197,0.002690948654319273,0.005383294324563315
GHA,Fifth,415.0,0.289,3.4547855485908068,4.594159051372797,6.379482789168133,15.602909457532418,0.003787999981967733,0.004443184006446742,0.004981788907691795,0.009137039264752168
GHA,Sixth,513.0,0.566,4.398399805896492,5.814434215171194,8.036469357897529,19.115620276801994,0.008019650063962295,0.009209542346796898,0.01016851572343234,0.01714345165094074
GHA,Seventh,609.0,0.981,5.3823434798615475,7.069974101038163,9.724002498586875,22.478491690307003,0.01504373515202301,0.01690053407683864,0.01836560196019513,0.028375227848665616
GHA,Eighth,778.0,2.15,7.106612516597824,9.269320044304823,12.679154285878395,28.38769910058888,0.0358601156179237,0.03930636310344859,0.04195809682422244,0.05878508870046567
GHA,Ninth,963.0,4.32,9.174687421633802,11.85464422968002,16.099482482437956,34.61817696650677,0.07988412598097483,0.08484877873991181,0.08853088039447503,0.10947444107497925
GHA,Tenth,1850.0,37.2,19.45359571604195,24.55570164894073,32.7451394926071,64.03860538295865,0.8541830198959148,0.8413734352209916,0.8314834704869268,0.7674611981533708
GIN,First,153.0,0.0452,0.6355420618680304,0.993255875345679,1.7505632582620758,6.820835406070838,0.0003427716791720472,0.00040504006402043306,0.0005711734682464085,0.0018968953229478369
GIN,Second,234.0,0.173,1.0657669202723625,1.6522998157077886,2.8504899895335662,10.236678992203741,0.0016925747291276494,0.0019373808234664318,0.002556447448195492,0.006658197898622878
GIN,Third,271.0,0.281,1.3000738566403032,2.005010005344608,3.4163200973110985,11.718067333228154,0.0031383660081059136,0.003526059372053727,0.004476175968179249,0.010134577562798494
GIN,Fourth,326.0,0.51,1.6278870411346387,2.5005449149690095,4.218887817234376,13.948792094834406,0.00632476045880648,0.007001192925496926,0.008617164979134865,0.017446921638960725
GIN,Fifth,370.0,0.774,1.9153622114432953,2.931022281588885,4.901530614942,15.684119590251951,0.010512656199286704,0.011482464018121015,0.01374550168567508,0.025170854873816945
GIN,Sixth,435.0,1.31,2.3265609499829703,3.5474360382159316,5.881577710882,18.231791024294907,0.019328284783480795,0.0208395290034286,0.024283760309977243,0.04034418969153149
GIN,Seventh,489.0,1.96,2.7136365270492298,4.121422820940304,6.7724679286133815,20.319439910835982,0.03132596933996932,0.033324862768601984,0.037764041560451406,0.05672331294503906
GIN,Eighth,588.0,3.62,3.3955203045404794,5.134490490352536,8.352471195912171,24.15736295337929,0.06338746364165693,0.06642555204117,0.07295774872247261,0.0978881824848727
GIN,Ninth,676.0,5.9,4.097009154358173,6.158815720391315,9.890420235483605,27.314359929927015,0.11455166999024641,0.11776154431980812,0.12428985831944389,0.14443060556901258
GIN,Tenth,1090.0,31.3,7.4177431702790555,10.986720925329882,17.104433776969405,42.587333304414386,0.7493954831701478,0.7372963746638328,0.7107381275382237,0.5993062620123972
GMB,First,43.6,0.0011,0.27100986023229606,0.3852120665975146,0.587204736108629,1.7588374795702535,1.8258058731372857e-5,2.0154380562874708e-5,2.3053089164550358e-5,2.908829999172992e-5
GMB,Second,86.4,0.00872,0.5463335584689604,0.7763099801508451,1.1764314194303374,3.4725995888663714,0.0001524427067793361,0.00016546176686226474,0.00018495408709575878,0.00022421565088568418
GMB,Third,116.0,0.0215,0.74017809741566,1.0501560102150025,1.5851770183075384,4.64044556981753,0.0003864519155844058,0.00041519628856430407,0.0004576973153243912,0.0005416140865468867
GMB,Fourth,156.0,0.0543,1.007809504249952,1.4283859177945968,2.1495283806492975,6.251071083327537,0.001000415043948369,0.0010660644060143509,0.001162156600002357,0.001348860791337223
GMB,Fifth,196.0,0.111,1.2771367683934907,1.8077943543519708,2.712726564428252,7.842980052007609,0.002082893774034888,0.002203285691466923,0.0023778942684093245,0.0027122341294647957
GMB,Sixth,254.0,0.249,1.666647767536567,2.3563330442902797,3.526155175089396,10.137367860267398,0.004764512002923381,0.005004006364250846,0.005348229044125494,0.005997947070282688
GMB,Seventh,316.0,0.495,2.0921936502464407,2.953423752016349,4.40663185141148,12.595524179435584,0.009684082780606857,0.010095765039318352,0.010681840177751546,0.011771362666928175
GMB,Eighth,426.0,1.26,2.842042423449783,4.005184537207148,5.956083831420494,16.913627528654263,0.025257309427853376,0.026113036233483822,0.027317776695889313,0.029518114032017182
GMB,Ninth,563.0,3.07,3.804651757816751,5.3475674398254425,7.916893151480024,22.295692479508098,0.06312598538396881,0.06457408734224485,0.06658134966278327,0.07015757042523205
GMB,Tenth,1260.0,40.6,8.805165919075556,12.278650295772428,17.95074436377562,49.46123479451573,0.8935276489055692,0.8903429424872314,0.8858650490594541,0.8776989928473136
GNB,First,49.2,0.000461,0.1986761984771967,0.32071252732932315,0.5451881880904811,2.1192641630809654,7.551116105293557e-6,8.38140860035949e-6,9.658317266015453e-6,1.2342478850346913e-5
GNB,Second,103.0,0.00425,0.42268322016767396,0.6826524428114142,1.153664009392224,4.415714086625796,7.315194229538025e-5,7.979612416099334e-5,8.979885600435033e-5,0.00011012262333472346
GNB,Third,142.0,0.0114,0.590615439236236,0.952618215267228,1.6034420129506803,6.083811129405204,0.0002029992581463415,0.00021909804695318728,0.00024302249411905242,0.0002906406587518173
GNB,Fourth,196.0,0.0311,0.8241532649013202,1.3280997189879977,2.2284736493884423,8.39681409505693,0.0005650580310161865,0.0006046937063375569,0.0006629835671981251,0.0007770880678291481
GNB,Fifth,251.0,0.0675,1.067296628168955,1.7178439354286694,2.8740035953276646,10.763166526063126,0.0012558869418425834,0.0013337056560493137,0.0014470678815250103,0.0016656575981902598
GNB,Sixth,332.0,0.161,1.4222081444864492,2.2864797730492405,3.8145977970921257,14.201830113493031,0.003060774650073457,0.003226311614393729,0.0034652222142845133,0.003919137001427372
GNB,Seventh,421.0,0.343,1.8239437784454806,2.927921514593768,4.869948297403815,18.022051877337713,0.006643837611709531,0.006949275631365377,0.0073857898783893285,0.008202311392507327
GNB,Eighth,580.0,0.94,2.5374750662590615,4.066607278381891,6.741033933827738,24.778481507173076,0.01865420026074201,0.01934340973134454,0.02031727869535042,0.02210643069647212
GNB,Ninth,789.0,2.51,3.501232727760868,5.596382881101166,9.234773748908477,33.65484118717335,0.05123974734704268,0.05254625259819765,0.05436388027412343,0.05762154431392296
GNB,Tenth,1900.0,41.8,8.733235409166705,13.850929756639703,22.569243218580496,80.424656299155,0.9182967928410265,0.9156890754825973,0.9120152978217397,0.9052947251687139
GNQ,First,179.0,0.00433,2.156997119038339,2.575009988347114,3.1381175255865137,5.906794240185448,4.205457571945184e-5,5.0806506002362245e-5,6.42985803409522e-5,0.0001590075201552879
GNQ,Second,324.0,0.0264,4.100387337693568,4.857122033557271,5.843675975726909,10.39960643958641,0.00030404774991772443,0.00035534709335090074,0.0004313945131288349,0.0009061605009837647
GNQ,Third,414.0,0.0558,5.380749473296061,6.339767470385625,7.5684688745589,13.042676840155195,0.0007067027532135238,0.0008096887511031803,0.0009588247251360096,0.0018279324913503905
GNQ,Fourth,536.0,0.125,7.140193238463474,8.378210098752255,9.940773641426134,16.696190477848784,0.0017065085904886376,0.0019243176407057164,0.002233817210750687,0.003940626654852979
GNQ,Fifth,651.0,0.229,8.848906513408286,10.342679649555985,12.203543034987554,20.03363751252392,0.003337379439623395,0.0037098290078842106,0.004230020438706449,0.006958985969116802
GNQ,Sixth,816.0,0.465,11.300944134491337,13.159292742433225,15.443634335475654,24.79778606461746,0.007184210434636964,0.00787578630406423,0.008825392882207983,0.013568715808257215
GNQ,Seventh,982.0,0.835,13.881774827175054,16.098768088859455,18.787209204292964,29.487929942333484,0.013711087056841,0.014816050898907748,0.016306029168014914,0.023371375919443063
GNQ,Eighth,1270.0,1.9,18.402887155485736,21.24505209373518,24.635709730797213,37.69153568658886,0.0333218643994656,0.03543046717675264,0.0382137764107779,0.05062942744260691
GNQ,Ninth,1610.0,4.01,23.90293231223184,27.424961776306752,31.539932788290287,46.715586050861255,0.07608831808955888,0.07925020005873794,0.08329739190895165,0.09981459622647884
GNQ,Tenth,3230.0,38.2,51.41395103658647,58.02986397298894,65.29755775488066,89.45495133938184,0.8635978269105349,0.8557775065624912,0.8454390541619846,0.7988231714667547
GRC,First,622.0,0.0494,9.940733219725324,10.868498322847794,12.026751088129512,17.7829963766805,0.0012973913242937142,0.0012079289027837944,0.0011176082746299594,0.0008715426701021338
GRC,Second,964.0,0.194,15.150501191505182,16.65740807936041,18.534911458063604,27.851996132430465,0.004928421736904621,0.004656193595831944,0.0043767781557632396,0.0035885622297951287
GRC,Third,1130.0,0.316,17.54364397576459,19.345543090244153,21.591686479392155,32.74539020687881,0.007849076276225215,0.007478130966745669,0.007093695710505124,0.0059867683333865405
GRC,Fourth,1360.0,0.574,21.053700550421887,23.273177740654344,26.040204748969447,39.783221034601816,0.01400930426784009,0.0134370766432311,0.012839298865268347,0.011088730691724932
GRC,Fifth,1560.0,0.868,23.868668491061875,26.440796510003587,29.649489806441036,45.596177886991704,0.020877859041717194,0.020146142542336185,0.01937603485520817,0.017084773901253087
GRC,Sixth,1840.0,1.46,27.958295545253637,31.036088338387497,34.878054923730915,53.97950701431722,0.034532116455831804,0.03351706771624187,0.032440532579747626,0.02918493160439598
GRC,Seventh,2080.0,2.15,31.435675591548534,34.96897389772869,39.384420997736825,61.355861620957064,0.05015842699953304,0.04897947081614457,0.04771809342202612,0.04383206856712172
GRC,Eighth,2520.0,3.92,37.73493185947457,42.076594309472746,47.51025948176359,74.56119542606649,0.08977238697795074,0.08825811643497398,0.08661865364925335,0.08144060636270155
GRC,Ninth,2910.0,6.2,43.252920379318,48.368884946163504,54.78708435601554,86.78808410895812,0.13874646066112392,0.13758762244272535,0.13629986905499034,0.13201257847852318
GRC,Tenth,4800.0,30.1,69.703491702821,78.4591428677535,89.55211926558914,144.84258831723844,0.6378285562585797,0.6447322499389856,0.6521194354326079,0.6749094371609957
GTM,First,336.0,0.0909,0.9978974337709091,1.4852847735793244,2.579816382039218,15.965024741056439,1.961797875223974e-5,3.950737022328666e-5,0.00010791049952934175,0.0047614992448383065
GTM,Second,490.0,0.248,1.9845025095485842,2.843615021881292,4.651103697022192,22.35306207491971,0.00016180197149185234,0.00028876507207685644,0.0006599323816387183,0.013656429547285227
GTM,Third,556.0,0.337,2.673379792115465,3.743931109700637,5.913608896353861,24.63410433044374,0.000407146351044577,0.0006755912589206816,0.0013880508781140418,0.018537429926479883
GTM,Fourth,661.0,0.54,3.622497706601088,4.981938366572073,7.653227604419259,28.429222729717285,0.0010477352085908568,0.0016399650730161827,0.003094095189087459,0.029128627407688283
GTM,Fifth,744.0,0.745,4.573659191052879,6.187958732792822,9.27291424711727,31.10438477144338,0.0021697658557025515,0.003222420646909454,0.005630872117216335,0.038716705162671915
GTM,Sixth,869.0,1.17,5.9468396602909435,7.919873384958361,11.586743038322584,35.195851090167444,0.004937508086687412,0.006968588077702539,0.011304060765533796,0.05731776180489293
GTM,Seventh,976.0,1.64,7.441095693830861,9.748270516864698,13.912687391186891,38.169978249076614,0.009981788538198958,0.013362865561740047,0.020068090140281696,0.0742262107316416
GTM,Eighth,1170.0,2.94,10.070138793453504,12.952153458328274,17.97797870322361,43.97837407484779,0.025876924885256742,0.032648950626590935,0.04497140142481881,0.11683095810711859
GTM,Ninth,1360.0,4.83,13.42718855929513,16.864734199644687,22.592641346877986,47.851733546984576,0.06417641946296448,0.07506098515823632,0.09257879802587354,0.153340312923635
GTM,Tenth,2300.0,33.3,30.774546299152917,36.41418716653746,44.70172864499591,68.34525730315215,0.8912212916613104,0.8660923611545838,0.8201967885779062,0.4934840651437483
GUY,First,283.0,0.0233,2.567877779507754,3.2649488279731336,4.382193651673971,10.492285324561234,0.0001679040919658383,0.0001916270414800351,0.0002454982222298305,0.000977378137683054
GUY,Second,460.0,0.101,4.495914843690529,5.685738902077798,7.521141569902554,16.445474078216396,0.0009473399242338307,0.0010551578847451545,0.0012909350823763226,0.003932836513878909
GUY,Third,551.0,0.175,5.6236983120924,7.085096197461915,9.291850737696167,19.297314423974164,0.0018997470980849115,0.0020857548947998228,0.0024835692222256517,0.0064745782218263185
GUY,Fourth,681.0,0.336,7.183277803903098,9.024008429995057,11.753771326687758,23.418368396471894,0.00407613955302906,0.004424072287787366,0.005154896326865718,0.011865818813196507
GUY,Fifth,791.0,0.539,8.604040887586342,10.778814553131838,13.952432199890525,26.790292163684853,0.007167777917912735,0.007699574389162232,0.008798299845848283,0.018108768974326027
GUY,Sixth,950.0,0.961,10.632580588804148,13.284508621866017,17.09162474719989,31.65068371986532,0.01391836139988955,0.01480183573404273,0.01659736916709461,0.03064993520489017
GUY,Seventh,1100.0,1.52,12.624593108402372,15.72654914264983,20.105074185335383,35.871698132544125,0.023871490573257288,0.025124332576871685,0.027625675287985006,0.04559431605673776
GUY,Eighth,1350.0,2.99,16.113428083259365,20.004557061698637,25.38624879809798,43.40249637028495,0.051466000115415814,0.053540020779242366,0.05759255091643409,0.08381275862452921
GUY,Ninth,1610.0,5.28,19.94163515734525,24.641650383568745,30.974358002198596,50.20029410570662,0.10084609649398257,0.10336248195523967,0.10811580885215817,0.13401763284622958
GUY,Tenth,2800.0,33.9,38.257146699658364,46.63441687377283,57.08141314170879,81.12174003484256,0.7956391428322284,0.7877151424566289,0.7720953970767823,0.6645659766067026
HKG,First,327.0,0.000772,5.830299400953777,6.170248635318485,6.71132507437082,8.570700144109939,1.2770790521720775e-5,1.4128096105336037e-5,1.6207905230029047e-5,2.055478330927058e-5
HKG,Second,652.0,0.00652,11.765154049644758,12.417220081723757,13.416438624717816,16.896954717889205,0.00011329043522968252,0.00012321035140887965,0.0001380954914513907,0.00016818241140290448
HKG,Third,880.0,0.0166,16.024126708412822,16.872784332099478,18.15385096196921,22.678245290412843,0.0002979571741433696,0.00032070413294801886,0.00035440627105894014,0.00042116557368273915
HKG,Fourth,1190.0,0.0433,21.89699351860406,23.01560348747935,24.680428568583785,30.630848769517307,0.0007944177976857898,0.0008479831719455381,0.0009265376549339883,0.0010796288496050415
HKG,Fifth,1510.0,0.0908,27.87296247750132,29.244390265970186,31.263605533624204,38.57569810694317,0.0016985066276181185,0.0017995073859771382,0.001946254804330876,0.002228046730870254
HKG,Sixth,1970.0,0.209,36.52470153603179,38.255489577594304,40.77453141691591,50.02473412599807,0.003986642923670656,0.004193129875567631,0.004490412299611965,0.005053039897116418
HKG,Seventh,2470.0,0.427,46.09570530662204,48.18484155907753,51.19427631089129,62.437208037480566,0.008322410791686066,0.008687766658057235,0.009208719603778818,0.010179647216366437
HKG,Eighth,3350.0,1.12,62.97289155682365,65.67799306497412,69.52250753894259,84.20778836297623,0.022366237899889944,0.023151606118305985,0.024258974306333794,0.026286419972971077
HKG,Ninth,4480.0,2.83,85.05180172609809,88.4177965577665,93.12996766801378,111.79015413944532,0.058086266639285296,0.05947881993086107,0.06141208702347401,0.06486520241542984
HKG,Tenth,10300.0,41.1,201.18862854278873,206.82741352540148,214.23627477252793,249.68598058657733,0.9043214989202694,0.9013831442788232,0.8972483046397962,0.8896981121492461
HND,First,66.7,0.000378,0.4834918490028546,0.6372923054858409,0.916207169670999,2.6191360206754695,6.1643430065164275e-6,6.851156562434353e-6,7.908920143365017e-6,1.0137455311400526e-5
HND,Second,140.0,0.0036,1.0331271238274689,1.3612143307394935,1.9447922553926724,5.473995609006179,6.176321549190803e-5,6.74529145864749e-5,7.602977979773703e-5,9.349195574130418e-5
HND,Third,194.0,0.00988,1.4498620960756123,1.9072020159438625,2.7135444596004623,7.570737939936569,0.00017496371126228882,0.00018904413727660873,0.00020999385981766878,0.00025176893814766684
HND,Fourth,269.0,0.0273,2.0298161811788495,2.666963730368288,3.7821653032752933,10.478086564734307,0.0004951433162370429,0.0005304062271849763,0.0005823219474898813,0.0006841241366974386
HND,Fifth,347.0,0.0602,2.637531364019836,3.4606005900629806,4.892777876486814,13.47076429194432,0.0011170114448522403,0.0011873252552501061,0.0012898587254372527,0.001487884795012057
HND,Sixth,460.0,0.146,3.525907225122943,4.6200216751530006,6.512855459659356,17.822571122582733,0.00276195593721923,0.0029138185872707796,0.0031332001193947663,0.0035506323545893754
HND,Seventh,587.0,0.315,4.538541300103508,5.936912897607846,8.342900053722381,22.68781063292486,0.0060857735796633035,0.0063705059043193445,0.006777784019010174,0.007540671372407283
HND,Eighth,811.0,0.877,6.339519510325248,8.277180860835932,11.589771521277616,31.288373264201475,0.017377229677975784,0.018031713213582108,0.018957258240777604,0.020659818123062956
HND,Ninth,1110.0,2.39,8.797153977115384,11.452664430948852,15.958121413166124,42.67143827218943,0.04877221492797456,0.05004470028677573,0.051816355985362064,0.05499555877994108
HND,Tenth,2690.0,42.0,22.25843016167495,28.697033435464746,39.358650279221706,101.77407941744521,0.9231477798463172,0.9206581823171914,0.9171492884027694,0.9107259120890895
HRV,First,561.0,0.0803,8.87600234838715,9.910840584809634,11.185897134770569,15.78451350689592,0.0017659287559093546,0.0017206173657060937,0.0017659972300076495,0.0017370429717820958
HRV,Second,838.0,0.287,13.224728952868936,14.80046141307685,16.68074200883736,23.564617997245847,0.006292520415969727,0.006164566550498291,0.006292713451273184,0.006211039077461721
HRV,Third,959.0,0.44,15.126718477736558,16.948581744923946,19.084919739326622,26.9779506366596,0.009660736629446297,0.009493837157633378,0.009660987612733731,0.009554521656800685
HRV,Fourth,1140.0,0.764,17.971188613476233,20.155530396936303,22.681340806281394,32.07794169594123,0.01674571315813633,0.016497376326567142,0.016746086213306668,0.016587754606130423
HRV,Fifth,1280.0,1.11,20.19519923403467,22.668704969246267,25.49398798309971,36.07208673790694,0.02430859627467349,0.024001645033465312,0.024309056168206833,0.024113451456733395
HRV,Sixth,1490.0,1.79,23.451315042444655,26.345651619986363,29.613027766082027,41.918552636240406,0.03919557307509082,0.03878448002248212,0.03919618886792281,0.03893435571736781
HRV,Seventh,1660.0,2.53,26.138806342475416,29.388610129026272,33.01374050808272,46.75347378622826,0.055450300831229364,0.054991824719585816,0.05545098698226767,0.05515915126556031
HRV,Eighth,1970.0,4.41,31.066283197129767,34.96172140130309,39.25137941770162,55.615205106465034,0.09635621729468923,0.09579955315258593,0.09635704749957236,0.09600301530988417
HRV,Ninth,2240.0,6.57,35.17604125471343,39.630522296588566,44.456463681600155,63.0305650683097,0.14342858923967702,0.14305601574786023,0.14342914046857155,0.1431927105710634
HRV,Tenth,3510.0,27.9,55.153720375800205,62.29386384075012,69.80048240533397,99.10294485727316,0.6067958243251783,0.6094900839236157,0.6067917955061375,0.608506957367216
HTI,First,33.3,0.000152,0.16226505533378488,0.24226840634437638,0.3806273566440555,1.4279602563606433,2.434554031416626e-6,2.7229166367451336e-6,3.170064822535252e-6,4.12227861136853e-6
HTI,Second,72.9,0.00168,0.3625236002178524,0.5406758277278538,0.8437973873259802,3.1158571661142775,2.8400449731962658e-5,3.119291880488973e-5,3.542814137005402e-5,4.41339066141287e-5
HTI,Third,104.0,0.00506,0.5233205932519683,0.7790006081476318,1.2103830413246464,4.428980328021746,8.83455326528028e-5,9.595022096154853e-5,0.00010732784410072391,0.0001302141196828503
HTI,Fourth,147.0,0.0151,0.7491721220280096,1.1135736868221673,1.7242132265841927,6.263441201682138,0.00026953346320033786,0.0002901088546355944,0.00032055578590573744,0.0003807400800212562
HTI,Fifth,193.0,0.0355,0.9934562088268829,1.4743016149406494,2.2754112593746982,8.21272502739963,0.0006506413633631809,0.0006946483798930845,0.0007591229902329101,0.0008845698456106864
HTI,Sixth,261.0,0.0917,1.3543157774217673,2.006686942883668,3.0874414106397667,11.074104419823161,0.001718064744218263,0.0018198730851782241,0.001967583744053798,0.002250567342949952
HTI,Seventh,339.0,0.212,1.7794643232562806,2.6317006956446125,4.035632179577928,14.381903802448425,0.004052669184115517,0.004257876234354576,0.004552566455346168,0.005108027529624772
HTI,Eighth,479.0,0.636,2.5431117155504848,3.753136722956137,5.733582577948909,20.28112625008494,0.012492054633885915,0.013004709579069552,0.013732292895812124,0.015078349632024219
HTI,Ninth,674.0,1.91,3.6356509294292407,5.348689302630833,8.129598458535137,28.47616463866165,0.03867434175061054,0.03979043080879088,0.04134943298293675,0.04416178172766425
HTI,Tenth,1750.0,42.9,9.929217952746312,14.453409874698112,21.602619337742798,73.07247533584984,0.94202351432419,0.9400124870016748,0.9371725190954192,0.9319574935371965
HUN,First,1010.0,0.128,13.76321566014043,15.996223775838882,18.741871051269104,31.19668939260551,0.003513224796897372,0.003011324024710391,0.0026649345659376096,0.0023423739256133256
HUN,Second,1470.0,0.413,19.55462586504955,22.980918498518484,27.158489242578124,45.605541561460505,0.01079162792737061,0.009570131888945173,0.008698004878587719,0.007860986128208746
HUN,Third,1650.0,0.599,21.777441792360904,25.75117308653661,30.579326827791476,51.60598892784119,0.01522669408378798,0.013765974993300525,0.012702160765337747,0.011662992305194093
HUN,Fourth,1940.0,0.992,25.324696672448145,30.094696203857808,35.87639789409552,60.78609141193617,0.024675508837576417,0.022653665243542346,0.021156574463362006,0.019672469333208997
HUN,Fifth,2160.0,1.38,27.91994406727525,33.325407589608055,39.86568323768756,67.78587181559878,0.03371843994222137,0.031385601869858865,0.02963055861446114,0.02786609598361723
HUN,Sixth,2480.0,2.15,31.82534837033789,38.15061088031338,45.79284010949411,78.13289861224705,0.051275012538431725,0.048369623708449785,0.04614644720872523,0.04387774612309687
HUN,Seventh,2730.0,2.92,34.800964254661345,41.90171770242918,50.470647162350666,86.42158733393566,0.06827036830666322,0.06529927284625979,0.06297836224236683,0.060567023091194105
HUN,Eighth,3210.0,4.85,40.484125398008686,48.98701407164398,59.23876997020041,101.84049804898373,0.11084755319337788,0.10767805062855508,0.10512111880379253,0.10239120907807181
HUN,Ninth,3580.0,6.83,44.614445975845946,54.321888482173485,66.01627435811992,114.06820273968594,0.1513483829781811,0.14994455424520267,0.1486650310435854,0.14716805279995943
HUN,Tenth,5430.0,25.6,65.94072108314799,81.38635223204922,100.02331077580503,174.7464304943219,0.5303331873954923,0.5483218005511753,0.5622368074138437,0.5765910512318354
IDN,First,433.0,0.0414,2.666268042299648,3.935376189740756,5.875640928204207,17.750397777420186,0.0003281698989585373,0.0003614997280376221,0.000473146068728644,0.0017441096821614412
IDN,Second,667.0,0.161,4.459961139413095,6.555812472486363,9.62887739424782,26.663894275050257,0.001633912321026161,0.0017670840561212022,0.002196508559070756,0.00623100144891596
IDN,Third,778.0,0.262,5.439623549016726,7.972994980331679,11.598582726322814,30.571962819736328,0.0030442755208921726,0.0032571885968929134,0.003928595614009017,0.009580565185893822
IDN,Fourth,939.0,0.479,6.807619352563793,9.95648649397251,14.373339562362986,36.40632065578808,0.006158889943295767,0.006533252300816836,0.0076925648226272144,0.016626512610342134
IDN,Fifth,1070.0,0.734,8.009244139686368,11.689304318018031,16.758314179040728,40.96500897611359,0.010272575270529567,0.010813129208958197,0.01245940661425312,0.02416136554995879
IDN,Sixth,1260.0,1.25,9.726405280625002,14.166633771966271,20.172347001246123,47.61817593362373,0.018950585363913718,0.019798950784623535,0.022339816973592455,0.03899853512034995
IDN,Seventh,1420.0,1.88,11.34622883684688,16.48863118741792,23.31300146598409,53.09451830748327,0.030821163439740056,0.031952056634131754,0.03527767249414371,0.05523074253999913
IDN,Eighth,1720.0,3.52,14.196373982720923,20.576726876837494,28.855538864588194,63.063094854842,0.06261024294002195,0.06434576901687415,0.06933464722960613,0.09608996236333664
IDN,Ninth,1990.0,5.8,17.13888805519322,24.753081632864006,34.35043499984227,71.31258324631457,0.11371254572148962,0.11557619244314611,0.12073145574330305,0.14325094127914267
IDN,Tenth,3240.0,31.7,31.0540829427449,44.38233518820598,59.893233371553976,109.80675299732263,0.7524676395801324,0.7455948772303976,0.725566185880666,0.6080862642198994
IND,First,106.0,0.00565,1.4134422592935119,1.8267037717353145,2.2906556064504624,3.1390671011930227,0.000254762154057725,0.00018038669442206173,0.00012061002000565544,1.7546256567163783e-5
IND,Second,202.0,0.0319,2.42104852787593,3.209445728099407,4.135560567637627,6.401081338373712,0.0013303957606529701,0.0010044157947866935,0.0007228874983591533,0.0001474952685198478
IND,Third,265.0,0.0644,2.9875480250687914,4.014705515318948,5.251568220522397,8.710000837513295,0.0025490846773848653,0.0019985659644877665,0.0015024046008972334,0.0003754470622042911
IND,Fourth,353.0,0.14,3.776013003081472,5.1305093725570545,6.792099339905933,11.901242779829046,0.005273682420986649,0.004261516204612351,0.0033171264367630867,0.0009751294788933109
IND,Fifth,439.0,0.249,4.479177454407749,6.144086159855195,8.219558107793864,15.117891440508524,0.008974733317334381,0.00745186339732402,0.005985061965681496,0.0020362697327425032
IND,Sixth,563.0,0.492,5.484076281149859,7.5918617359632385,10.25828427561214,19.767176869278835,0.016882217066530928,0.014391550118609318,0.011915301385420836,0.004671264332736949
IND,Seventh,695.0,0.864,6.447723146591944,9.007922257151492,12.294643147601441,24.842954881141267,0.028017284092699303,0.024544408105864647,0.020971159961762856,0.009522881075878353
IND,Eighth,928.0,1.92,8.140448144020441,11.487391456229924,15.84828753836016,33.7396329239845,0.0582168196202807,0.05258378261279607,0.04654198832142278,0.024920016986868368
IND,Ninth,1210.0,3.97,9.931450574700124,14.187015969603056,19.832268426767268,45.047064309609006,0.1088292666224158,0.10220947001280646,0.09463383638965273,0.0625499343794955
IND,Tenth,2610.0,38.1,18.428724973990306,26.93537836304309,38.419175328681746,98.58686302553451,0.7696717542676567,0.7913740410942905,0.8142896234200342,0.8947840154260936
IRL,First,1710.0,0.0733,23.292628501301625,30.0795763352151,35.68350757318962,49.46779656549174,0.0017151144497971342,0.001637350132289974,0.0015990244339772828,0.0015208307325720667
IRL,Second,2560.0,0.267,34.64874994438016,44.88358168795789,53.32980483229365,74.17137722539216,0.006148974333045308,0.005927390936248717,0.005817304421135642,0.0055908153327104086
IRL,Third,2940.0,0.414,39.63326879345023,51.43048638887348,61.16341914718358,85.22474191340612,0.009473459257275232,0.009182906577672132,0.009037876147869491,0.008738031634660979
IRL,Fourth,3500.0,0.725,47.06743093793787,61.16352420438669,72.79091390890862,101.57702501154995,0.016467006197700355,0.01603279161411248,0.015815210174951258,0.015363544297266616
IRL,Fifth,3940.0,1.06,52.8912331347247,68.81789327563052,81.95325727532949,114.51519304282593,0.023964048136762655,0.023425133512725956,0.02315409804840631,0.022589319957591374
IRL,Sixth,4580.0,1.72,61.40666968995941,79.99522868306404,95.32423087868088,133.37084253931204,0.03873404818653291,0.03800919399196724,0.03764325746661532,0.036877701117511985
IRL,Seventh,5120.0,2.46,68.45309667115878,89.28691532268613,106.4655938153488,149.15824549481687,0.054935473922474325,0.05412302552563181,0.053711057215806435,0.0528452289637442
IRL,Eighth,6100.0,4.32,81.35184036851923,106.26161564741311,126.80012381604503,177.91290688078473,0.09573095407165645,0.09473754593387358,0.09423069038851081,0.0931585850719416
IRL,Ninth,6930.0,6.51,92.16047265071944,120.59495979985978,144.0378604326949,202.4842366151039,0.14300979561771923,0.14233294119020737,0.14198224004572987,0.14122867935592634
IRL,Tenth,11000.0,28.3,144.62513306454588,189.99708692028472,227.42449733245533,321.05350646448653,0.6098211258270363,0.6145917205852708,0.6170092416569976,0.6220872635360744
IRN,First,242.0,0.0183,2.1410594601954624,2.792666647009141,3.6089327378871636,8.936294560010252,0.0001132297131430479,0.000149262463496155,0.00018841260738768713,0.0007391282104851206
IRN,Second,394.0,0.0825,3.7950369887106445,4.876961097917296,6.217838742967167,14.134385433415105,0.000686463334211557,0.000860539732104483,0.0010407075229927987,0.0031447822928412773
IRN,Third,474.0,0.147,4.794124396921298,6.10523214569561,7.721499100245766,16.70786606931667,0.001436417781004398,0.0017478363149158376,0.0020609867988045146,0.00534686202356323
IRN,Fourth,588.0,0.288,6.167718406331557,7.797932348774207,9.79831129980183,20.372770039732504,0.003188705702241755,0.0037886605580676426,0.004377987312404417,0.010054590303800775
IRN,Fifth,686.0,0.471,7.4411548404603725,9.345962406797891,11.674124266074365,23.421284081017497,0.005781523203626531,0.006723671236169636,0.0076294780561679066,0.015703667995497078
IRN,Sixth,826.0,0.856,9.257277771593841,11.551787381947843,14.344123192437772,27.782168304981912,0.011564736011641933,0.013172691147517214,0.014685948977633674,0.027181795720182853
IRN,Seventh,956.0,1.38,11.07613851348584,13.727007046431495,16.939134522685304,31.63948206733356,0.020454318100189935,0.02280187401319678,0.02496085817666994,0.041385100896918
IRN,Eighth,1180.0,2.78,14.252590753393745,17.522886303251656,21.459880182431814,38.43201207824381,0.045645396684652104,0.04967060027190153,0.053271122080252364,0.07807946593446313
IRN,Ninth,1410.0,5.05,17.844048420146958,21.70955150585825,26.3263807555728,44.73043494173322,0.09346518510366093,0.09862048483761184,0.10303948252481954,0.12905513652592407
IRN,Tenth,2470.0,34.8,35.11139452636302,41.40159182872952,48.556195893871035,72.16925765078538,0.8176640243656278,0.8024643794250189,0.7887450159428672,0.6893094700963245
IRQ,First,259.0,0.0928,2.597480746761145,3.125493146052872,3.9503705416905954,9.10054598865467,0.000735988857260958,0.0008941273558914632,0.001286268013331435,0.0037798212876193047
IRQ,Second,381.0,0.308,4.142154105323412,4.93011051852679,6.083279338156087,12.970205647952751,0.003134064902175564,0.0036627539681365613,0.004894807257115228,0.011422626639855141
IRQ,Third,433.0,0.459,4.911294207842928,5.8063588751063495,7.066423813355444,14.430098558248606,0.00533124042001805,0.006092496675740411,0.007803457454310435,0.015969036815364795
IRQ,Fourth,512.0,0.78,6.0112514373789905,7.069407526450123,8.508472138090177,16.776836680376707,0.010029121051458124,0.01125795004147922,0.013939166919131578,0.025688995358487572
IRQ,Fifth,572.0,1.12,6.931199781348757,8.111470295477353,9.665569133396376,18.474634619839,0.015669374065068985,0.01730873594650339,0.02078845434134134,0.03487241868668901
IRQ,Sixth,662.0,1.78,8.255655158481812,9.615255063396372,11.344745272541918,21.028684870234326,0.027131642116439796,0.029506778568418414,0.034408494072456754,0.05269184562364899
IRQ,Seventh,734.0,2.5,9.437256264552584,10.935369508770437,12.771153891962173,22.944467607848765,0.041323263511939996,0.044221160677032835,0.0500153746393042,0.06969390893885372
IRQ,Eighth,868.0,4.33,11.544708681526755,13.297853855839112,15.345461652862273,26.592538941386834,0.07799349885455503,0.08196781842326648,0.08958957523177057,0.11232368664916077
IRQ,Ninth,976.0,6.44,13.537981435954554,15.473425855612986,17.59072259885682,29.165879141054198,0.12897771923073822,0.132464122805783,0.13860813456544274,0.15192607610939177
IRQ,Tenth,1500.0,28.0,22.961419357805347,25.69195486995206,28.084710311480386,42.00154289251029,0.6896740869903452,0.6726240555377482,0.6386662675057957,0.5216315838909289
ISL,First,1640.0,0.186,24.406735328054534,27.635783283068697,31.547941919148546,48.23116405884042,0.0040154961932301865,0.003918951772589942,0.003895674540374756,0.004191562925281142
ISL,Second,2300.0,0.552,34.224515406197234,38.807042837655914,44.30338302440256,67.33687648968503,0.011971171575350171,0.011747469490314213,0.011693326886062477,0.012375660297036437
ISL,Third,2540.0,0.765,37.87491248534769,42.982394123975574,49.073708870083806,74.34660740699988,0.01660807677924304,0.016348158949770646,0.0162851091101448,0.01707570542699028
ISL,Fourth,2940.0,1.22,43.79750332635291,49.73164796534453,56.77325099795661,85.75634174158598,0.026554273746123038,0.02620312160709654,0.02611777950791429,0.027183385573531244
ISL,Fifth,3220.0,1.65,48.062449098577034,54.60326095446165,62.329917338270526,93.90371323698439,0.035849813113895776,0.03545401867069623,0.035357651829787055,0.036556013192720116
ISL,Sixth,3650.0,2.48,54.52429905004767,61.96945324208068,70.72041662561847,106.22897740683875,0.05388155453269614,0.05340091513828299,0.05328365673212405,0.05473534475375057
ISL,Seventh,3970.0,3.26,59.35404167902466,67.49047390070754,77.00673617460656,115.33904313014247,0.07087644941880278,0.07040011270991056,0.07028361580717901,0.07171788850283146
ISL,Eighth,4580.0,5.21,68.67330001912853,78.11078232734933,89.07142596262837,132.85826872502514,0.11352839228645967,0.1130455073070001,0.11292691781698638,0.11437346923196409
ISL,Ninth,5010.0,6.99,75.21990337284791,85.60861654043237,97.58220610361613,144.91596385798383,0.1523582289909502,0.15218941529857244,0.15214704381701152,0.15263893680803411
ISL,Tenth,7220.0,23.5,109.59386863566286,124.66712266801744,141.52819728609782,206.6576926426295,0.514356543363249,0.5172923290557663,0.5180092239524158,0.5091520332878605
ISR,First,710.0,0.0366,10.049264712369876,11.350189897249068,13.055964114082048,21.507156014087297,0.0006059769366481018,0.0006084667294499021,0.0006506171861017492,0.00104212151095182
ISR,Second,1120.0,0.152,16.140926793297382,18.252683345656873,20.91746125600307,33.406256870451905,0.0026810564104840853,0.0026899122496459545,0.0028387149686333215,0.004139422110358785
ISR,Third,1320.0,0.256,19.24264147213756,21.766744910075044,24.88682418614271,39.050410033779166,0.004662947116751013,0.004676170085722303,0.004897368329274171,0.006764004633821304
ISR,Fourth,1600.0,0.477,23.64358180761695,26.753890951983507,30.53187599974348,47.23018878133649,0.008928714557050296,0.008950701764467692,0.009317192933250977,0.012322615463629477
ISR,Fifth,1840.0,0.739,27.368452352995053,30.97371564711108,35.286225398672755,53.89342183885388,0.014173989745811954,0.014204141143341124,0.014705044187021916,0.018705504121476042
ISR,Sixth,2180.0,1.27,32.71507733219569,37.03011468310696,42.111555630659666,63.515620066706155,0.02492405090144985,0.024968973153202074,0.02571273783385747,0.03149611726089233
ISR,Seventh,2480.0,1.93,37.55220395981979,42.506053670412115,48.24800935411977,71.83705643415384,0.038572654069414916,0.03862919916121025,0.039561888576784575,0.04660200992073848
ISR,Eighth,3020.0,3.61,46.140150992190065,52.22292666545949,59.138436663190255,86.7451610868678,0.07411712812368149,0.07419785989768142,0.07552312845172132,0.0851512650879204
ISR,Ninth,3520.0,5.94,54.44886007016668,61.60939187187517,69.55724512678515,100.1364092682558,0.125395745364308,0.12547216243040454,0.1267155527272257,0.13511854385292515
ISR,Tenth,5870.0,31.4,93.66815635653035,105.69399058804522,118.1114052073112,162.23117557667214,0.7059377367744003,0.7056024133848747,0.7000777548061289,0.6586583960372862
ITA,First,767.0,0.0745,12.535757960089095,13.62159357011976,14.902071087062414,21.362727797100998,0.0018552057980969505,0.0017359004739363351,0.0016314227209607787,0.0014423409350595546
ITA,Second,1150.0,0.27,18.631192058513605,20.34822970328863,22.360427119164086,32.31730561956777,0.006542446291531588,0.006207809669577852,0.005910404024714509,0.005360799489387088
ITA,Third,1330.0,0.418,21.276202188718596,23.300161687314503,25.667101422298078,37.2689089498166,0.009985080789416016,0.009550307726059883,0.009160556958042803,0.008431431611174585
ITA,Fourth,1580.0,0.731,25.24698329547906,27.71082462043883,30.58707673247943,44.57755905261288,0.01722629398664086,0.016581481719128426,0.01599929932130324,0.014899090700511366
ITA,Fifth,1780.0,1.07,28.33909247294255,31.16541808930065,34.461123657839074,50.39041414111324,0.02490025579920782,0.02410569453417746,0.023383455250924036,0.022005462202476067
ITA,Sixth,2080.0,1.73,32.87375826315314,36.22201931895497,40.12241147140351,58.85734907552668,0.03998469733016341,0.03892396273486321,0.03795298360518428,0.03608191419233925
ITA,Seventh,2320.0,2.47,36.59848197196812,40.40388573283863,44.833947199476405,65.98751231598003,0.05632614893501411,0.05514755392282075,0.05405982485751142,0.05193946867791911
ITA,Eighth,2770.0,4.33,43.44476096618552,48.067778694787116,53.447102303165344,78.95717997914694,0.09741238833051309,0.09598892684005028,0.09465992348819659,0.09202707976720133
ITA,Ninth,3160.0,6.51,49.10865399469858,54.48051006908186,60.730382551817556,90.14082745287094,0.14412310485702118,0.1431832631951478,0.1422794693423818,0.14041630965386867
ITA,Tenth,5000.0,28.2,76.74327408734877,85.65133453614544,96.0488812271511,144.05387557779727,0.601644377882395,0.6085750991842379,0.6149626604307805,0.627396102770063
JAM,First,72.5,0.000489,0.6078013471026682,0.6840615583147316,0.8655931000285568,2.6942370738092274,1.741338028949162e-6,1.9836499707566166e-6,2.6538415591912926e-6,1.551678485531423e-5
JAM,Second,148.0,0.00392,1.381386974477074,1.5513154864378622,1.9337805581792138,5.421301096876416,2.14423612807387e-5,2.391912709355898e-5,3.0528684656289944e-5,0.00013318851172297442
JAM,Third,204.0,0.00995,2.0152256401770248,2.257375808990416,2.7881368664087556,7.356304479496448,6.897103916794187e-5,7.594446551768177e-5,9.414915959585714e-5,0.0003433500475680562
JAM,Fourth,281.0,0.0262,2.9091717764250613,3.252306602377999,3.9877537612038267,10.023885239166853,0.0002161612205237191,0.00023554321047892382,0.00028525298722155705,0.0009008685223333083
JAM,Fifth,360.0,0.0558,3.8869369233394258,4.336426168604401,5.282082620165778,12.71921628303268,0.0005346035249810034,0.0005770819796741499,0.0006842957388700413,0.0018984740145283894
JAM,Sixth,476.0,0.132,5.337414234850438,5.942652770606734,7.19248439967751,16.61303052774685,0.0014452641190528465,0.0015459130624234034,0.0017959975607991048,0.004393958992773606
JAM,Seventh,607.0,0.281,7.066057122406747,7.84893535289988,9.43639017512677,20.88160284083909,0.0034934053728263768,0.0037014367851076493,0.004209910892196358,0.00904032863838158
JAM,Eighth,838.0,0.78,10.18364898853115,11.281592099609016,13.460351207596712,28.37191550446883,0.011067336447311877,0.011602255230246925,0.012885335170215468,0.023902590629866462
JAM,Ninth,1150.0,2.15,14.716881009991567,16.23968510230974,19.181861303116854,37.985503662262865,0.03548951202966414,0.03670026801969785,0.03953187785038518,0.06079367314619173
JAM,Tenth,2800.0,42.4,41.3115993196036,44.91048567625435,51.306824215467934,85.12023929767945,0.9476615625471624,0.9455356544697892,0.940479998114501,0.8985780507117785
JOR,First,441.0,0.0555,3.0653653444881126,4.19507158453723,6.2050978542165565,17.80154466610349,0.0004161109647071853,0.0005097926698089216,0.0007452162407987658,0.0023037419336575243
JOR,Second,667.0,0.205,5.038562256140593,6.818144373202768,9.8472372661588,26.178876430941358,0.001980075211245955,0.002332724175324875,0.0031655391727439235,0.007758957339053762
JOR,Third,769.0,0.324,6.08779103039122,8.181482744935956,11.654180101177399,29.675751440576615,0.003592907741602252,0.004137306469499284,0.005377093097312003,0.011535015616829939
JOR,Fourth,920.0,0.578,7.560118531499781,10.10520278489108,14.23557929987116,35.0097169569037,0.007116747495735846,0.008047027602473082,0.01010384737949813,0.019488132179233335
JOR,Fifth,1040.0,0.863,8.83517327385226,11.75068931583487,16.389091791800592,39.07378000482679,0.011646716336300808,0.012955098390436156,0.015769952280489673,0.02764515252658062
JOR,Sixth,1210.0,1.44,10.658995802370741,14.107436626531344,19.483855830542982,45.05764471159343,0.0210932738753523,0.02309309983331569,0.02727867630673162,0.04359122620086305
JOR,Seventh,1360.0,2.11,12.352452211661525,16.264530362559814,22.235486173580778,49.83891405188203,0.03365730169617426,0.03624686835108734,0.041504470517581965,0.06025937467015947
JOR,Eighth,1630.0,3.83,15.33961542753661,20.077675859043612,27.1267662331851,58.6626095191085,0.06692483362076145,0.07075752441964328,0.07824527301154761,0.10203761149509144
JOR,Ninth,1860.0,6.07,18.349401696395407,23.831488487883142,31.721740390327074,65.61253766119655,0.11827843973476948,0.12214745150419372,0.12920420082102127,0.14696483800539034
JOR,Tenth,2960.0,30.4,32.53670404445746,41.38257967103904,52.99853209922649,98.75599148509465,0.7352935933233504,0.7197731065842177,0.6886057311722751,0.5784159500331406
JPN,First,691.0,0.0689,11.626781613139945,12.529494457264706,13.549716195854447,18.854062194069588,0.0015746295296926198,0.001495258511859898,0.0014404968786307672,0.0014951266603754967
JPN,Second,1040.0,0.254,17.454542012799568,18.881986562688226,20.47097595001607,28.4045121269002,0.005746920137823548,0.0055161767870445496,0.005355362061511951,0.005515791575623826
JPN,Third,1200.0,0.397,20.050969291055306,21.734950943412716,23.596198683365913,32.68796461255013,0.008944908942141418,0.008638776687686624,0.00842415773691561,0.008638263609549305
JPN,Fourth,1430.0,0.699,23.90321890477886,25.952756147316748,28.203733871992483,39.01169464081611,0.01567543554814176,0.015213481008529907,0.014888039313431863,0.01521270458695254
JPN,Fifth,1610.0,1.03,26.94405087303458,29.295186684543033,31.863926059380223,44.013973851131325,0.02297963135762664,0.022401024752681284,0.021991530643633263,0.022400049679947617
JPN,Sixth,1880.0,1.68,31.381445852567214,34.163970473355995,37.18657710646425,51.28330282952141,0.037407207074996916,0.03662154618985958,0.03606287072952965,0.03662021879963665
JPN,Seventh,2100.0,2.41,35.08544194005585,38.245920895638655,41.6604744207046,57.35935642004139,0.053444662355957406,0.052554317521807725,0.051917721552392576,0.05255280909687494
JPN,Eighth,2510.0,4.26,41.84266594209101,45.67023918378562,49.77351504978447,68.35828110449904,0.09390181983671467,0.0927962780114243,0.09199978720344239,0.09279439677694669
JPN,Ninth,2860.0,6.46,47.585225014052035,52.02320371723594,56.74104801533436,77.70626412803082,0.1417527740480425,0.14097045272281847,0.14039650227383146,0.1409691073566649
JPN,Tenth,4500.0,28.6,75.32029752404887,82.46971612390948,89.79309945343988,121.33165581988351,0.6185720111688625,0.6237926878062877,0.6275235316066805,0.6238015318574281
KAZ,First,798.0,0.173,11.937388656609732,14.10819921635369,16.166066167509452,22.672196464003584,0.003749880709220481,0.003657425923676543,0.0036333023475530156,0.003909057973297975
KAZ,Second,1120.0,0.523,16.834445385463738,19.92682587538121,22.836057280962493,31.835621093249472,0.011352330269893105,0.011134364277298534,0.011077266229806522,0.011724466771629279
KAZ,Third,1250.0,0.731,18.68477080097055,22.13657836905981,25.37055452294153,35.25245090970605,0.015886726321751584,0.01563089332608471,0.015563719900023002,0.016321378154911515
KAZ,Fourth,1440.0,1.18,21.66002125152425,25.67669556526286,29.424149316689117,40.75837196347776,0.02557706755498626,0.025228473732926165,0.025136766936867398,0.026166880342335486
KAZ,Fifth,1590.0,1.6,23.819705851212788,28.25207513708808,32.372225025641974,44.719850553684374,0.03474546648946035,0.03434930014564854,0.03424488158238094,0.03541310476566787
KAZ,Sixth,1800.0,2.41,27.079319870497653,32.13085098789657,36.805091093161806,50.68291223102607,0.052536624240135936,0.052051216384924145,0.05192301648155384,0.053351142259103826
KAZ,Seventh,1960.0,3.19,29.53948952745757,35.06580018963691,40.15721451707964,55.1302725705975,0.06953876325049553,0.06905230041756326,0.0689234977806425,0.07035067680388328
KAZ,Eighth,2270.0,5.15,34.25955713406462,40.67804177764491,46.54941877110459,63.61670387402654,0.11216417274651395,0.11166184186143813,0.11152828718275981,0.11299520501145362
KAZ,Ninth,2490.0,6.96,37.6335196815638,44.70763571598293,51.133000942040155,69.55086482346346,0.15186614504226228,0.15167341313450475,0.15162116295970224,0.15217148384598417
KAZ,Tenth,3600.0,23.9,55.17485618694491,65.46425591011736,74.48259533257576,99.35557882408213,0.5225828233752804,0.5255607707959353,0.5263480985987107,0.5175966040717329
KEN,First,63.4,0.000811,0.4893969577119067,0.6676566465415842,0.9704433515947499,2.4287119094107834,1.3426163691049442e-5,1.4848525797228996e-5,1.702727663036555e-5,2.157849034466101e-5
KEN,Second,126.0,0.00679,0.9870483041042335,1.3433810468071108,1.9399739704482475,4.788241231493527,0.00011810208969417654,0.00012840729193018983,0.00014386574856162812,0.0001750961709094079
KEN,Third,169.0,0.0173,1.3431987413062068,1.8240724504549675,2.6232361416553704,6.422457651378332,0.00030902095970545103,0.00033252691263751497,0.00036734361334297196,0.0004362794886428742
KEN,Fourth,229.0,0.0447,1.8343507976140891,2.4869230201351953,3.564824109422451,8.671484062101555,0.0008205289849009615,0.0008756460332153793,0.0009564544353410347,0.0011138717317490633
KEN,Fifth,289.0,0.0933,2.3333436928643123,3.1580556353789317,4.513255284954878,10.915537880740363,0.0017478398408089047,0.0018513641662573387,0.0020017406159724624,0.0022903867301152583
KEN,Sixth,375.0,0.214,3.0556279865694975,4.128913328562871,5.8836157757151915,14.15067714634501,0.00408769903961482,0.00429854027088698,0.004602020881137277,0.00517616431102319
KEN,Seventh,469.0,0.436,3.8532801988668255,5.1970162272289215,7.382857493865435,17.654709670510055,0.00850159039111745,0.008873151410869088,0.00940283584264663,0.010389688650196025
KEN,Eighth,634.0,1.14,5.259695921254043,7.0791156298192,10.021646670258741,23.809897381599626,0.022752329036347413,0.023547314196083604,0.024668007594186966,0.026719160067951657
KEN,Ninth,845.0,2.86,7.094995384246016,9.520834384380995,13.416416875617347,31.611851600314395,0.05877312978638154,0.060173642774313446,0.06211755056560418,0.06558848030930015
KEN,Tenth,1930.0,41.0,16.74013389429724,22.269102967053314,30.976610411107117,71.40055199139809,0.9028763337077382,0.8999045584180093,0.8957231534265764,0.8880892940497677
KGZ,First,322.0,0.154,2.6444667230210164,3.558381064526673,5.058370530504657,12.13938506905599,0.0034698541256744523,0.003316595134976401,0.003205723411141603,0.00336357343447421
KGZ,Second,456.0,0.476,3.7495609733041313,5.059335392696893,7.204294325166925,17.205123099947652,0.01068786298758824,0.010318573668921931,0.010048788181384126,0.010432212142968456
KGZ,Third,508.0,0.676,4.174341313876305,5.641349095528702,8.041021393989434,19.152377428834445,0.015103848249910094,0.014664827632800064,0.014342256819834497,0.014800231456490877
KGZ,Fourth,590.0,1.1,4.850686595181854,6.562222688062972,9.357692251114205,22.222338584041328,0.02450690648125474,0.023902247761615262,0.023455833999849268,0.02408909224764821
KGZ,Fifth,650.0,1.51,5.3458206002159,7.238904831708551,10.326871850882217,24.46021841722716,0.033525485809369836,0.03283115810460733,0.03231616675480028,0.03304610354143258
KGZ,Sixth,740.0,2.31,6.089871582614832,8.251989890097244,11.771968836603655,27.785895830823176,0.05103680569047847,0.05017652673627419,0.04953527456061921,0.0504433701854358
KGZ,Seventh,808.0,3.09,6.657289348222192,9.027876792474464,12.880381006075348,30.30310074954084,0.06802940585254431,0.06715526487835023,0.06649969186797433,0.06742706159703778
KGZ,Eighth,936.0,5.04,7.738927291762858,10.498171198705881,14.966543067896794,35.00783589567007,0.11059492932871173,0.1096718658260589,0.10897284997328777,0.1099599812285508
KGZ,Ninth,1030.0,6.92,8.526474829753278,11.576492270061847,16.499600958261976,38.37943145440761,0.15124445478468637,0.15085264533970028,0.15054367011802045,0.15097694814974172
KGZ,Tenth,1480.0,24.6,12.573464026833916,17.023142916661673,24.05336450288913,54.23268174756001,0.5318004466897818,0.5371102949166954,0.5410797443130886,0.5354614260162196
KHM,First,234.0,0.0801,1.2492519203734709,1.8548456536156226,2.880531755060379,9.785000649573618,0.0006253993330549673,0.0007616256075918454,0.0011007445772163685,0.0032826131161203345
KHM,Second,344.0,0.275,2.0157525541379706,2.96044611408507,4.486657119966283,14.072134632033926,0.002749941196637525,0.003221307118823867,0.004324066481961963,0.010236124778567526
KHM,Third,390.0,0.416,2.405394467297588,3.508838602530846,5.243804877243126,15.733607479070075,0.004765624205272035,0.0054581643790617895,0.0070207333803306736,0.014566414745976058
KHM,Fourth,461.0,0.716,2.9594776788279877,4.29411244988558,6.344635816523322,18.3479460769799,0.009099212269537887,0.01023573776767749,0.012725281209173565,0.023766245111548262
KHM,Fifth,514.0,1.04,3.4279327708866365,4.9491490278915355,7.237845682161518,20.259144592405512,0.014407496643093837,0.015947181472358875,0.019228464357000877,0.0326744785701545
KHM,Sixth,593.0,1.68,4.1010860554577935,5.891984928219363,8.528583420079922,23.094235902250006,0.025271495304599753,0.027537338244829148,0.0322332582686746,0.04998172193060659
KHM,Seventh,657.0,2.38,4.709050612811708,6.72996527678198,9.638693252604012,25.244002597593795,0.039009360001825,0.0418226583632585,0.0474739090559501,0.06695646800277835
KHM,Eighth,773.0,4.18,5.7896233581312675,8.22267149378888,11.627278690860662,29.242832300991967,0.0747394841032998,0.07868631135479308,0.08629895896545267,0.10946050565302692
KHM,Ninth,866.0,6.34,6.831519968894417,9.623914450145847,13.394670479734312,32.11063207702122,0.1259828351297391,0.1295991067262399,0.13604479312503534,0.15076031627159314
KHM,Tenth,1300.0,28.7,11.745412368964919,16.153513894336417,21.485973932006946,45.245840917512574,0.7033491518129401,0.6867305689653654,0.6535497905792037,0.5383151118196284
KOR,First,882.0,0.0672,8.778756189317928,11.504413275820792,15.205585175361353,31.060408256664292,0.0005141023600584353,0.0006279010042020745,0.0009124925826800707,0.00276910104064235
KOR,Second,1320.0,0.239,14.13350483395451,18.303274723635095,23.630093657363542,44.79369250435166,0.0023486079395084857,0.002758780779164901,0.0037227865695621176,0.008963010835619028
KOR,Third,1510.0,0.369,16.90569753736963,21.740184346831207,27.688025871117723,50.30435649368393,0.004161522603028745,0.004778771645048013,0.006177799637822663,0.013027372799022947
KOR,Fourth,1800.0,0.646,20.81247031620774,26.613743545647793,33.523536902414136,58.82755860478854,0.008087987338061028,0.009121004449936616,0.011394153337156945,0.02161654931184631
KOR,Fifth,2030.0,0.95,24.148706023832446,30.722125966832458,38.31639198446935,65.1825932398842,0.013012160838371362,0.014437293839202135,0.01748860166269937,0.03017238250006827
KOR,Sixth,2360.0,1.56,28.9236398007743,36.61110505161958,45.21374225534123,74.56651989512726,0.023179484991057698,0.0253157566374665,0.02976467046464676,0.04683629484118153
KOR,Seventh,2640.0,2.25,33.28943209774402,41.914800524259945,51.23876618278225,81.86792733854543,0.03635754544790568,0.03906488874615082,0.04453213974367525,0.0637029666556402
KOR,Eighth,3150.0,4.01,41.00764224440346,51.31338709503577,61.98091976513129,95.38982171709269,0.07091914319184692,0.0748184305819212,0.08238777693690948,0.10592691490409072
KOR,Ninth,3580.0,6.22,48.60347493187867,60.337926827929664,71.79283875488154,105.55770833061683,0.12230677178271568,0.12605697893350945,0.13282139481218114,0.14908156659527713
KOR,Tenth,5600.0,29.5,84.32536892768938,102.4228718593024,117.047297043975,153.18362783349266,0.7191126735074459,0.7030201933833983,0.670798184252666,0.5579038405166116
KWT,First,631.0,0.0376,8.200808057197449,9.608846483795665,11.474620914892315,20.0218906157203,0.0002975052144573595,0.0003482333318820826,0.00047188284495548955,0.0015435289501843621
KWT,Second,1000.0,0.15,13.92374556517174,16.19992702474654,18.982645649002546,30.528584936426412,0.0015089685169941516,0.0017143868098514726,0.0021917752714690326,0.005656828041755795
KWT,Third,1190.0,0.248,17.091203641756174,19.78988191847206,22.934657214276346,35.234340480936766,0.002842199785352347,0.0031732286280504963,0.003921308762878128,0.008825630828728979
KWT,Fourth,1450.0,0.457,21.512621984589135,24.81808079796903,28.50818114940396,42.205008674994964,0.005800231250244981,0.006386043328310075,0.007680141522390783,0.015495755321454186
KWT,Fifth,1680.0,0.706,25.422767806736932,29.22540138302321,33.3030247271948,47.7078987363215,0.00975019688284243,0.010601124058406946,0.01244197187643006,0.02275494495799204
KWT,Sixth,2000.0,1.21,31.014116728939825,35.530313631872716,40.16823407373209,55.709066113882955,0.01812360018526711,0.019467095662078018,0.0223132277081631,0.03710263165549733
KWT,Seventh,2280.0,1.84,36.325797141377834,41.457194573971364,46.4832104335084,62.36884908261836,0.02970826247290524,0.031510959248331284,0.035243325457236636,0.053100181246567096
KWT,Eighth,2790.0,3.46,45.66989069130562,51.88846899724527,57.61441618937003,74.40662390215235,0.06088215160287517,0.06367125963919083,0.069283969595499,0.09347524285490502
KWT,Ninth,3260.0,5.75,55.41446082383619,62.57839012688695,68.62525754031051,84.5366516203019,0.11182031924496019,0.11485623687570377,0.12068058267668616,0.14145290243599357
KWT,Tenth,5480.0,32.0,101.53972939272161,112.5363238779236,119.0711788232902,130.78087054695055,0.7592665648441009,0.7482714324181949,0.7257718142842916,0.6205923537069217
LAO,First,271.0,0.0274,1.6407027297579717,2.2785530363556177,3.3928608281359516,11.292607158568352,0.00020775951690757963,0.00023047791732059243,0.00030556089459332614,0.0011695331130728872
LAO,Second,430.0,0.115,2.8333638635065976,3.919700889598892,5.738201870241071,17.464451041920707,0.0011269862833566712,0.001226321521634129,0.0015420312229468638,0.0045379972601563255
LAO,Third,509.0,0.197,3.5166636454912292,4.850967004451592,7.030898817457264,20.340896255108422,0.0022081729263249924,0.0023756669624651924,0.0028959024401761244,0.00731598043651796
LAO,Fourth,622.0,0.374,4.463957571521601,6.144267867146104,8.83416385595309,24.52600555476582,0.004650801777203824,0.004958330188183156,0.00589587846200059,0.013185542355209079
LAO,Fifth,716.0,0.592,5.317407519370036,7.3031176343184905,10.424276191568422,27.896443106575088,0.008042982429505697,0.00850506624579798,0.009889950298809775,0.019822820212594586
LAO,Sixth,851.0,1.04,6.535902864263728,8.957582840348325,12.694093641911504,32.754564827351125,0.015367189581181395,0.01612188609426249,0.01834555410641685,0.03306613771577989
LAO,Seventh,972.0,1.62,7.717903534336671,10.5520646310601,14.841483524953956,36.89109891256489,0.02591821848289207,0.026968882725386466,0.030007994400896108,0.04845250579981035
LAO,Eighth,1190.0,3.15,9.790027277581572,13.346455262386868,18.60490743967604,44.26074784004916,0.054838691391178286,0.05653946941250705,0.061349570517619835,0.08757563701502263
LAO,Ninth,1390.0,5.45,12.02184718967434,16.32293946844211,22.494425836368997,50.68488235031751,0.10490898632379675,0.10690103712151205,0.11233575805559137,0.13705570189945313
LAO,Tenth,2310.0,33.3,22.63946487498125,30.313391829746468,40.358471134389205,78.85811942104142,0.7827302112876527,0.7761728618109309,0.7574317996009492,0.6478181441923831
LBN,First,342.0,0.0303,3.5824779037161774,4.350803727446545,5.554752828142857,12.24923981328432,0.00022562011525502584,0.00025980095423550965,0.00035814846930265156,0.00128901511241414
LBN,Second,540.0,0.125,6.085044610862615,7.336186388454979,9.188578088504217,18.6753636951157,0.001205249012858093,0.0013517395546779687,0.0017538093679454404,0.004903114902860231
LBN,Third,640.0,0.212,7.501551484288403,9.002793291631267,11.15010453860141,21.626002492534774,0.0023403025307527237,0.0025844045243748107,0.003236073959075762,0.007814736565815885
LBN,Fourth,782.0,0.399,9.463363839371704,11.31647516301996,13.890010592599436,25.945647029505558,0.004893647581724581,0.00533754954914551,0.006496281399310235,0.01395651434977354
LBN,Fifth,901.0,0.627,11.220013650725175,13.372580349970159,16.280964551928626,29.404800473376632,0.008408218398030807,0.009069361038636259,0.01075995124213183,0.020810574262263362
LBN,Sixth,1070.0,1.09,13.724514963082362,16.30456745817441,19.69328934522977,34.41638408607317,0.01596426654071548,0.017034615330186232,0.019715815429149828,0.03443908947313241
LBN,Seventh,1230.0,1.69,16.139119654326024,19.106853597949833,22.887756356420812,38.66565357978367,0.026750290493212436,0.028226238129379213,0.03184170604781854,0.0500507936376509
LBN,Eighth,1500.0,3.25,20.368885932462387,24.018062683788,28.49759704458696,46.320190028125126,0.05618727465537291,0.05854882405977644,0.0641773129256779,0.08963486255888206
LBN,Ninth,1760.0,5.55,24.886031683358862,29.190234643704375,34.21474745885533,52.97947283669978,0.10649159807240453,0.10920669653219243,0.11539690216612133,0.13864244184651534
LBN,Tenth,3000.0,32.9,46.3131128488645,53.520168554835884,60.74966393737623,83.91863540937618,0.7775335325996734,0.7683807703273956,0.7462639989934664,0.6384588572906922
LBR,First,106.0,0.0329,0.32168761310195426,0.4868528900925865,0.8989784175171958,4.903692564413131,0.00024117564049472008,0.0002861475464980559,0.00040694632588877207,0.0013942206530131605
LBR,Second,164.0,0.134,0.5518475851064678,0.8286286865216353,1.4974501644464264,7.521805256355405,0.0012724224167932113,0.0014620475369249693,0.0019447490743525083,0.005218389567748324
LBR,Third,192.0,0.225,0.6818909255337033,1.018558668868301,1.8177299966141205,8.71555985256606,0.0024527345377799727,0.002765692966584993,0.0035376114824086035,0.008240512885066852
LBR,Fourth,232.0,0.421,0.8626731427359259,1.2834857248501694,2.2678551617032863,10.476817196615473,0.005098843971843143,0.005663539768043902,0.007021183978138246,0.014608502790886248
LBR,Fifth,265.0,0.657,1.0243401646707517,1.518282555186184,2.658833699225735,11.883081790619793,0.00871484548229062,0.009549894025568781,0.011510908373993631,0.021638537549046186
LBR,Sixth,313.0,1.14,1.2553186103005152,1.8539816684452846,3.2187443395839392,13.931217630260667,0.016462311624682195,0.017804559933378313,0.020883516438787643,0.03557949242848573
LBR,Seventh,354.0,1.75,1.4775294394509508,2.1736534976844513,3.739950498042888,15.661985635610218,0.027439515476591046,0.029276057935289278,0.03338255554533976,0.05136456978360714
LBR,Eighth,429.0,3.33,1.8677116738649846,2.735782799964595,4.6597930698295835,18.80516642656785,0.057294845524070076,0.060205515478078724,0.06651232019671925,0.09130360760231225
LBR,Ninth,496.0,5.63,2.2827195761453467,3.3241478925641252,5.589089018198004,21.52648240420096,0.10777382851389501,0.11106938359081449,0.1178515881304164,0.1398878462048763
LBR,Tenth,818.0,32.5,4.257081913531059,6.110002837167491,9.95989109626985,34.52559308735558,0.77324947681156,0.7619171612188186,0.7369486204539551,0.6307643205349578
LBY,First,394.0,0.0376,4.667246448154926,5.39922098641152,6.623006117981775,13.320087454776301,0.0002975052144573595,0.0003482333318820826,0.00047188284495548955,0.0015435289501843621
LBY,Second,619.0,0.15,7.843688183140543,9.000877435869223,10.836407527047246,20.145218402873972,0.0015089685169941516,0.0017143868098514726,0.0021917752714690326,0.005656828041755795
LBY,Third,729.0,0.248,9.595625229209475,10.955092596678217,13.0458236023382,23.192801150886737,0.002842199785352347,0.0031732286280504963,0.003921308762878128,0.008825630828728979
LBY,Fourth,887.0,0.457,12.036408130975536,13.68637850610601,16.15506721576084,27.69900841704956,0.005800231250244981,0.006386043328310075,0.007680141522390783,0.015495755321454186
LBY,Fifth,1020.0,0.706,14.191476332436766,16.07609192095969,18.824941042336903,31.250258010058204,0.00975019688284243,0.010601124058406946,0.01244197187643006,0.02275494495799204
LBY,Sixth,1210.0,1.21,17.268824636200705,19.48925680895885,22.64116031671621,36.40500273095175,0.01812360018526711,0.019467095662078018,0.0223132277081631,0.03710263165549733
LBY,Seventh,1370.0,1.84,20.188542993588914,22.693029411411537,26.14579452840756,40.68802807309613,0.02970826247290524,0.031510959248331284,0.035243325457236636,0.053100181246567096
LBY,Eighth,1670.0,3.46,25.31803824120936,28.3226444478457,32.311784971381215,48.412564317341676,0.06088215160287517,0.06367125963919083,0.069283969595499,0.09347524285490502
LBY,Ninth,1950.0,5.75,30.660217569969536,34.08191201086625,38.39796807540195,54.89515172580763,0.11182031924496019,0.11485623687570377,0.12068058267668616,0.14145290243599357
LBY,Tenth,3240.0,32.0,55.88087744180334,60.88724369654392,66.1115618004288,84.22647376167248,0.7592665648441009,0.7482714324181949,0.7257718142842916,0.6205923537069217
LCA,First,404.0,0.0324,3.5186821655148104,4.154163741488347,5.577308657954114,15.674908579704432,0.00023810865422788286,0.0002808952255730419,0.0003971073645702176,0.0013733979598576636
LCA,Second,635.0,0.133,5.992714960675002,7.016174073620946,9.224322893025708,23.905970428598753,0.0012592474137461816,0.0014402241244327897,0.0019066427617475488,0.005156424328164048
LCA,Third,748.0,0.223,7.38852580638865,8.604850106991556,11.175387781975987,27.65558313878929,0.002430751079087629,0.002729988223343944,0.0034777962467733873,0.008157172374178371
LCA,Fourth,911.0,0.417,9.325582504321657,10.816307327862411,13.910938808746284,33.17033505683664,0.005058823896925029,0.005599571916517557,0.006917574179281333,0.01448131633085812
LCA,Fifth,1050.0,0.651,11.056815157105655,12.775426858322744,16.28672166471147,37.56829792123393,0.008655182149209205,0.00945591995848573,0.011363354696262352,0.02147753749546624
LCA,Sixth,1240.0,1.13,13.52748968073321,15.572684528319888,19.683439892891364,43.954215684720765,0.01636562675844329,0.017654499054510497,0.020655133825198194,0.03535846894892341
LCA,Seventh,1420.0,1.73,15.903820403763369,18.236209152575928,22.845767786781455,49.34140356862939,0.027306054395468484,0.029072206586612283,0.033082716513371135,0.051110909127808433
LCA,Eighth,1730.0,3.32,20.071730417140444,22.91287969787935,28.414841002100662,59.076366638873715,0.057081039265041496,0.0598852890369289,0.06606081837903527,0.09098308758499755
LCA,Ninth,2020.0,5.61,24.50529956133293,27.80913639169981,34.042650533181586,67.47373123735264,0.10752752872464207,0.11071201318021605,0.11738205606307213,0.1396514870892957
LCA,Tenth,3390.0,32.6,45.55853930187865,50.91074074794037,60.324622690322144,106.69817238142043,0.7740776376632087,0.7631693926933791,0.7387567999706883,0.6322501987604505
LKA,First,395.0,0.0268,2.7913752109761867,3.864860408512634,5.547272137232714,15.808570539858687,0.00020385669210290164,0.00022420768570034793,0.0002945679952521608,0.0011436240444744315
LKA,Second,630.0,0.113,4.814446052360354,6.64245134318192,9.380769273046997,24.46644382071733,0.001109712312630376,0.0011991054375187194,0.0014968690642627109,0.004457755289114497
LKA,Third,748.0,0.194,5.974735380238078,8.221759588035132,11.500969134762947,28.52200964008944,0.0021788363380932877,0.002329975520058324,0.002822504453393485,0.007205507673636986
LKA,Fourth,916.0,0.368,7.582218896643964,10.4134770544455,14.456703836050368,34.428551667672814,0.004596623591190839,0.004874734819162187,0.005765091101487926,0.013013672755560155
LKA,Fifth,1060.0,0.584,9.031435601092968,12.379979591884828,17.06932265261833,39.20739781278696,0.00796113936589768,0.008379866573214876,0.009698768930623285,0.01960129507819792
LKA,Sixth,1260.0,1.03,11.09999819679758,15.187553428893743,20.800945888210098,46.120275272445554,0.015232806065537929,0.015918069531700427,0.018041790797835418,0.03275631266047133
LKA,Seventh,1440.0,1.61,13.108483887192213,17.898485702984285,24.343619058163764,52.04961959754899,0.025730051379739015,0.02668613894551466,0.029597589205394948,0.04808927988409578
LKA,Eighth,1770.0,3.13,16.628832532358217,22.651890732491875,30.564083203099255,62.697057265081874,0.05453195036856033,0.05608375099465114,0.060709185036815785,0.08710318101297003
LKA,Ninth,2080.0,5.43,20.427141886590217,27.73464495081202,37.04070031822662,72.12931801938237,0.10454570892474069,0.10637094323290762,0.11162889881616948,0.13668400158380972
LKA,Tenth,3560.0,33.4,38.52849066639482,51.82282355417486,67.38420660885586,115.79718179413018,0.783909314961507,0.7779332072595716,0.7599447345987648,0.6499453700176693
LSO,First,49.2,0.000175,0.2558819781035516,0.3570437434554481,0.5606662086753937,2.08696759745072,2.80863715938584e-6,3.1381598780723445e-6,3.6485831454873445e-6,4.733702221247624e-6
LSO,Second,105.0,0.00189,0.5565821718630538,0.7742625603439777,1.2073214573152047,4.429564083644132,3.201331433087037e-5,3.512942876355329e-5,3.9850961855762355e-5,4.9541779949269346e-5
LSO,Third,148.0,0.00561,0.7943763536640415,1.1022398163899263,1.7110254373799847,6.223867505280393,9.816823504075841e-5,0.00010653108929445546,0.00011903214620679151,0.00014414390644399338
LSO,Fourth,207.0,0.0165,1.1266383979679135,1.5601495460938066,2.4131809706265077,8.717722901236852,0.00029607486435595986,0.0003184359295346168,0.0003514988412302564,0.00041677242064489813
LSO,Fifth,270.0,0.0385,1.4833158062193104,2.0500159055058083,3.160487384724404,11.347390147541413,0.0007073408046550807,0.0007546575507097923,0.0008239304108418645,0.0009585581628652584
LSO,Sixth,362.0,0.0986,2.0080919236776436,2.769945504085398,4.2567437831976624,15.192220275381121,0.00184908351525751,0.001957406107188065,0.0021144626073744746,0.002415033731035894
LSO,Seventh,467.0,0.225,2.6220667886307942,3.609056079630206,5.527459171754303,19.605496135969332,0.004316430505069137,0.004532371702147431,0.004842287847484401,0.005425887426782245
LSO,Eighth,656.0,0.669,3.7208645057611145,5.108726506809594,7.793703963136588,27.448580537337595,0.013150069737993054,0.013682743805192901,0.014438327175004944,0.015834978177328155
LSO,Ninth,916.0,1.98,5.278652481150605,7.221961747966016,10.959681195939156,38.24465965144942,0.04010419487593305,0.04124416198331666,0.04283574816669028,0.045704656377998594
LSO,Tenth,2340.0,42.8,14.139882771181941,19.091077086804834,28.432818694250166,96.38659132977905,0.9394438155102053,0.9373654242439744,0.9344312132601658,0.9290456943147305
LTU,First,513.0,0.00905,9.921631956113208,10.292068200345014,10.874562759380995,12.603598577315363,0.0003635859740242558,0.0002544599824914995,0.0001880752064221481,7.747446282703638e-5
LTU,Second,884.0,0.0482,16.241572817578163,17.207001204858145,18.50315149585094,22.54751516143953,0.0017753351865618461,0.0013291132545436846,0.001039188055495881,0.0005028425966373563
LTU,Third,1100.0,0.0939,19.637089839620963,21.062269736772407,22.883786356533975,28.725948387253375,0.00327030119597983,0.0025469596873468315,0.0020583796012483497,0.0010957360613995449
LTU,Fourth,1400.0,0.197,24.37482066941246,26.402862336868008,28.92430844458864,37.181455801937865,0.006556194868427148,0.005269836311677377,0.004373131973520683,0.0025126716601769675
LTU,Fifth,1680.0,0.341,28.50172478024404,31.147626899608845,34.37657225214766,45.14416986583718,0.010846106673961055,0.008969029326535346,0.007622086858805229,0.004690754400617014
LTU,Sixth,2070.0,0.654,34.38953969912287,37.906087611106955,42.138586684231186,56.49544162234515,0.019850471619948896,0.016873022830759504,0.014673719993948297,0.009652340850043907
LTU,Seventh,2460.0,1.11,39.89663409658126,44.368759493387664,49.69287473367025,68.06855315293836,0.03202039322735229,0.028004664565379967,0.024943592361195973,0.01758029643072536
LTU,Eighth,3140.0,2.37,49.5791366654932,55.68843261509709,62.89770127776469,88.25336464688326,0.06444999045985295,0.05819674613446551,0.05324269202285351,0.04054375847239772
LTU,Ninth,3890.0,4.6,59.456072862193494,67.63470671928206,77.21455732765472,111.71958982790184,0.11568694624559954,0.10880640037547207,0.10300527465429293,0.08658138466144044
LTU,Tenth,7530.0,36.4,105.97795785346811,124.121269297756,145.35452385869152,226.07671911035055,0.7451806745482922,0.7697497675313282,0.788853859272217,0.8367627404037348
LUX,First,1870.0,0.202,31.55605150656347,35.88129069791191,38.83970087225585,48.45424814561767,0.003961843883196289,0.003980800083383405,0.00411938110450196,0.005014218382793718
LUX,Second,2610.0,0.59,44.40083750217637,50.4793891186612,54.51565044465146,67.06479410082274,0.011847024745636859,0.011890936036793738,0.012210364764877994,0.014211478803962443
LUX,Third,2880.0,0.808,49.19637082443154,55.92380415376578,60.3154124718355,73.61752166489525,0.016463946774156055,0.016514959083139505,0.016884967810084594,0.019162426823118528
LUX,Fourth,3320.0,1.28,56.96689920852437,64.7517977076264,69.7645877974946,84.61807859784174,0.026359684917329828,0.02642859287129007,0.026927191666335486,0.029950919902925047
LUX,Fifth,3630.0,1.71,62.5742448199002,71.11890863400616,76.55284630199279,92.33034725084956,0.03563063003284,0.03570828801278568,0.0362688706611753,0.03961994017191626
LUX,Sixth,4110.0,2.55,71.06742311359768,80.7658396463264,86.85950249751494,104.19153235969483,0.0536155756031559,0.053709867464669055,0.05438877640257688,0.058384133088875335
LUX,Seventh,4460.0,3.33,77.43071831752248,87.988807855657,94.53891631341484,112.76521533991765,0.07061308558245999,0.07070651894538067,0.07137706035919902,0.07524580578066983
LUX,Eighth,5150.0,5.28,89.70169236263948,101.9236313496447,109.39995383123454,129.67030261919953,0.11326180848188044,0.11335649595685302,0.1140323980909889,0.11780263303833258
LUX,Ninth,5620.0,7.01,98.35697319842899,111.74066057169674,119.77767612845649,140.83670130269127,0.15226577364997063,0.15229882243254667,0.1525279424564099,0.15356587559673415
LUX,Tenth,8140.0,23.1,143.78069994615194,163.2994386811233,174.58146761555324,201.77132821086025,0.5159806263293739,0.5154047191131582,0.5112630466838499,0.4870425684106721
LVA,First,594.0,0.0214,9.399033993878856,10.739942424655114,12.048422730873039,16.62812147426828,0.0006425563907159568,0.0005593800016492931,0.0004852888847537928,0.00031543495823743587
LVA,Second,965.0,0.099,14.862845836542848,17.127837700311623,19.380781189204246,27.44093663933642,0.002810418881803287,0.0025138666504973704,0.002241876744845048,0.0015823204639360785
LVA,Third,1160.0,0.177,17.61333701019412,20.3973782151026,23.196228919791864,33.33774507163718,0.004855444995673809,0.004412037817276648,0.003998319626675345,0.0029611172747845862
LVA,Fourth,1440.0,0.346,21.51450499179593,25.013210943566268,28.55984801642012,41.53956433555731,0.009247922087185894,0.008509746430155663,0.007811272124787774,0.006011703315546676
LVA,Fifth,1680.0,0.561,24.79738646366917,28.931741728644422,33.15341990344061,48.741280328255954,0.014610607210322459,0.013597212267339604,0.01262578845208488,0.010058748669543288
LVA,Sixth,2020.0,1.01,29.504530888882318,34.54157473815737,39.72131071639464,59.008182179818846,0.025572873650679503,0.024061334849560027,0.02259324124414836,0.018612942535191433
LVA,Seventh,2330.0,1.59,33.73821293425604,39.63795465193997,45.748332263518506,68.69838479370075,0.03938699899353147,0.03748196759770974,0.03560456002689476,0.030368062674709425
LVA,Eighth,2890.0,3.13,41.25155223051985,48.65761926950657,56.3909066857105,85.70891311825548,0.07527553875082486,0.07255115633220516,0.06981607998978458,0.06190912211663367
LVA,Ninth,3450.0,5.48,48.460145901452385,57.44927324066109,66.93073675849624,103.3073264137797,0.12648483803354285,0.12389825953359304,0.12121324707061096,0.11294925685246389
LVA,Tenth,6100.0,33.4,82.40997306698412,98.81574033179722,116.58119227108156,186.39250571390315,0.7011128010057198,0.7124150385200134,0.7236103258354146,0.7552312911389534
MAC,First,1040.0,0.0246,12.351643673543926,16.318502270288416,20.086451176246502,32.6392698312659,0.0001734307080617562,0.00021045421875170956,0.00029468212900699475,0.001007321483816057
MAC,Second,1680.0,0.106,21.380817014262764,27.965359238160513,33.744253930077136,50.72684150056528,0.0009727078925126966,0.0011388760274920909,0.0014973395403368856,0.004028740499668944
MAC,Third,2020.0,0.183,26.629231124088832,34.61417352141067,41.28252093111205,59.35111507418708,0.0019437686542530448,0.002228328139352467,0.0028232708215214244,0.00660923464436576
MAC,Fourth,2490.0,0.351,33.87704753380452,43.82188323418548,51.78174691441978,71.84005239100476,0.004158873755010037,0.004687968618865132,0.0057664587472159206,0.012078727224254474
MAC,Fifth,2900.0,0.561,40.45957343484804,52.10358198597791,61.05647846514461,82.05186263598118,0.007294781324572986,0.008099050323212923,0.00970077173654799,0.018387368739651827
MAC,Sixth,3480.0,0.995,49.84686833612173,63.91828613624913,74.30034990421885,96.81700857178053,0.014130262347161525,0.015459125489141096,0.01804497837951118,0.031045672240046285
MAC,Seventh,4020.0,1.56,59.03920928132039,75.36312740851088,86.87469126397144,109.65578272552449,0.02417338200318508,0.026046758368514878,0.029601902604742485,0.04606650215347963
MAC,Eighth,4980.0,3.06,75.12626575775357,95.41769651393213,108.96989810132385,132.7308746428526,0.05196857414848576,0.055047853149326975,0.06071592976182851,0.08444157482606046
MAC,Ninth,5930.0,5.36,92.71670016515675,116.98686157918213,132.01441502760113,153.68744741587997,0.10146118366116605,0.10515599365364685,0.11163637149790352,0.13453758570340402
MAC,Tenth,10500.0,33.6,176.80888203827803,219.69399493282444,241.13254776288335,253.36988589438937,0.793723035505591,0.7819255920116959,0.7599182947813852,0.6617972724852527
MAR,First,271.0,0.0149,1.4915347384421493,2.25501796185648,3.4329095783965076,11.35407002219861,0.00010070564583770042,0.00011738093586292496,0.00015125812527613634,0.0006276231351044137
MAR,Second,443.0,0.0698,2.661375919215258,3.993827349900494,5.992591343328153,18.15590445789663,0.000623597080893164,0.0007070046055658377,0.0008699277962215189,0.0027577993756339476
MAR,Third,535.0,0.127,3.375314028092921,5.041236916717146,7.499390843343868,21.598572337546532,0.0013213734428942502,0.001473688513204896,0.0017643665210037398,0.004777312256460855
MAR,Fourth,663.0,0.255,4.35610887230885,6.4819315947792555,9.576437661462323,26.481533495225577,0.0029629712155453385,0.003261331272812502,0.003820096369287779,0.009118585997494929
MAR,Fifth,775.0,0.423,5.270476581206819,7.8154373206555885,11.47491975635996,30.597352276527058,0.005421058964117084,0.005896762233667245,0.0067724523317273504,0.014433986949751008
MAR,Sixth,935.0,0.781,6.575000720097387,9.717159074451494,14.180424681061254,36.49314188918681,0.010939255290155884,0.011763443758390479,0.013254961948153298,0.02531084551172569
MAR,Seventh,1080.0,1.28,7.8895916903934005,11.618084458247758,16.846872566739464,41.796687330888204,0.01952476454466454,0.020747632471373234,0.02292045435153424,0.03905872972438694
MAR,Eighth,1350.0,2.63,10.185653335591487,14.937380401083267,21.501316480880547,51.172381688753624,0.04401735740648097,0.04615496555768792,0.049870793896208174,0.07480967481775044
MAR,Ninth,1610.0,4.88,12.806533257721524,18.6779654859494,26.63131706456969,60.138292830430764,0.09131237376397669,0.09413083351344093,0.09887086030301336,0.12604876020371536
MAR,Tenth,2860.0,35.4,25.48453026515492,36.5872545274025,50.79786202978362,101.13233831927604,0.8237765426454343,0.815746957137994,0.8017048283575745,0.7030566820279763
MDA,First,456.0,0.0898,4.148031838689563,5.404976620588565,7.410393110307671,16.775619422845907,0.0020576398323758948,0.001950957765528925,0.0018677159301251113,0.0019499945388109818
MDA,Second,673.0,0.313,6.108524863101386,7.989928916414618,10.986352746315909,24.790808525126614,0.007099127586694839,0.006807429275586192,0.006577243601944533,0.006804779403478261
MDA,Third,766.0,0.474,6.943621040146871,9.10105017205432,12.534325065870494,28.231974816406407,0.01070003869748514,0.010326658826135067,0.010030069815747424,0.010323254219352138
MDA,Fourth,907.0,0.814,8.206837592901008,10.774446217846457,14.857055536157674,33.407747104981134,0.01827655308527727,0.017729594490651427,0.017292746418752756,0.017724591870014288
MDA,Fifth,1020.0,1.17,9.181203797682334,12.070995663778106,16.662729135354663,37.41165623113092,0.026182775250185197,0.025516627357428972,0.02498182647628057,0.025510516639147034
MDA,Sixth,1180.0,1.87,10.614395390886287,13.974107975109305,19.307878815171854,43.27640766133721,0.04168077281630204,0.04080226761460685,0.04009315855942891,0.040794185058740176
MDA,Seventh,1310.0,2.63,11.77850173195284,15.5279573168728,21.47569956947647,48.05256313020515,0.058189976932413505,0.05722774030658733,0.056446096559497866,0.057218855355123034
MDA,Eighth,1540.0,4.52,13.92819703932942,18.387859848248027,25.45258119043748,56.807865463906914,0.0996282180527215,0.09848965186179397,0.09755628904128634,0.09847908406267816
MDA,Ninth,1740.0,6.64,15.673749914330363,20.730010403018355,28.728872433620136,63.9387541309677,0.1455260983939633,0.14481448245991252,0.14421645905901406,0.1448077877061366
MDA,Tenth,2680.0,27.3,24.24018719263782,32.1421160863787,44.54873102833371,97.96078142710734,0.5906587993525814,0.5963345900417688,0.6009383945379224,0.5963869511465194
MDG,First,96.9,0.0152,0.3176318313684924,0.4905956246548831,0.8404335298739336,4.3226993636673665,0.00010406589488765317,0.00011978102120658598,0.00015455573625287132,0.0006422478579278319
MDG,Second,157.0,0.071,0.5708049718629368,0.8765927599867889,1.4800227066230678,6.954202133459201,0.0006406024119920586,0.000718817673748615,0.0008853885885515064,0.0028093342496077153
MDG,Third,189.0,0.129,0.7253559505869371,1.1095025780095529,1.8571355664345044,8.286711688521482,0.0013526437350351278,0.0014950546829830837,0.0017915349680757105,0.0048538371265395095
MDG,Fourth,234.0,0.258,0.9380920803449369,1.4305552821099214,2.3781900576233035,10.182424889626294,0.0030245682177574354,0.003302858962544062,0.0038716800949520616,0.00924526318566312
MDG,Fifth,272.0,0.428,1.136399113414305,1.7279309099022755,2.8548313439561097,11.781607127549137,0.005519771496370336,0.005962501814045857,0.006852380670486698,0.014606980252864664
MDG,Sixth,327.0,0.789,1.4196509948493352,2.1526467505416353,3.535308351650117,14.078887113361876,0.011111147611774607,0.011876534969693634,0.01338956562639573,0.02556749832243349
MDG,Seventh,377.0,1.29,1.704933797738683,2.5773553212273708,4.2064351043461965,16.148107634836666,0.019781188474537706,0.020914148661012367,0.02311415550494247,0.039380272736525876
MDG,Eighth,467.0,2.64,2.2038206623596253,3.320243313785647,5.380866282058722,19.823758993203537,0.04446848969122896,0.04644338413778968,0.050197188581768706,0.07526600913448077
MDG,Ninth,556.0,4.9,2.7725779997897186,4.157808711491515,6.677268280013071,23.351186903250287,0.09191294559172589,0.09450589251819717,0.09927786950744476,0.12647594233272622
MDG,Tenth,979.0,35.3,5.529087503398607,8.192370639899224,12.860713164671273,39.88318414914532,0.8220845768746902,0.814661025558779,0.8004656807211296,0.7011526148012308
MDV,First,387.0,0.0314,3.032204783561956,4.183858008534284,5.811876744481633,14.909011900857045,0.00023208344305898008,0.00027065890336525127,0.00037808896097430946,0.0013326042582845312
MDV,Second,612.0,0.129,5.184006695783642,7.1001651582265,9.664972378775758,22.81787462181806,0.0012332669065145427,0.001397456884557771,0.0018324340646309475,0.0050344134311168616
MDV,Third,722.0,0.218,6.402079028266545,8.726516416846875,11.73894911510341,26.437180948020764,0.0023873036893534067,0.002659789411049848,0.003360798961890897,0.007992586926233055
MDV,Fourth,881.0,0.408,8.09252117180125,10.98989838453202,14.644454577555328,31.74932235045554,0.004979585831696164,0.00547347097717114,0.006714190240093699,0.014229527873813926
MDV,Fifth,1010.0,0.639,9.605938670894242,12.999788308413708,17.17564613878659,35.99364018128779,0.008536853322837363,0.009270214385515516,0.011072752023066457,0.021158077192290747
MDV,Sixth,1200.0,1.11,11.766289887674073,15.869951498776517,20.793854559818506,42.147286076598256,0.01617355554963781,0.017357232637557254,0.020203843646784507,0.03491886704844951
MDV,Seventh,1370.0,1.71,13.84783990682151,18.609645887148986,24.17320192627414,47.34718111080135,0.027040444357927115,0.02866730829765744,0.0324880612881398,0.050605018627028986
MDV,Eighth,1680.0,3.28,17.49894271560823,23.419071343463678,30.119360368075817,56.71585273733304,0.05665458285480366,0.05924715514061566,0.06516128681557837,0.09034145982676976
MDV,Ninth,1960.0,5.58,21.39264314150815,28.471887072251594,36.15492327386272,64.81106587116506,0.1070345164594839,0.10999604703533929,0.11643930983137578,0.13917425420221607
MDV,Tenth,3300.0,32.7,39.894970661881395,52.303829474725724,64.25321892348576,102.12603326217658,0.7757278075846872,0.7656606663271709,0.7423492341674651,0.6352131906137966
MEX,First,501.0,0.119,2.3088753105953352,3.342806245465984,5.290708021451403,22.435937977166844,2.4311978794289907e-5,5.680322195295572e-5,0.0001778476295712181,0.00660045104426605
MEX,Second,728.0,0.312,4.491439713134293,6.20487166272349,9.179362745324733,30.54993028953392,0.00019328148068027082,0.00038955503841018907,0.0009928697800142515,0.017543436910419173
MEX,Third,828.0,0.413,5.986551236962522,8.04162956501038,11.43680335147565,33.18281474912134,0.0004756747707920699,0.0008772528077684649,0.001978640795510666,0.02281809492178032
MEX,Fourth,984.0,0.647,8.040677335188352,10.562589321531998,14.55647045102388,37.82955591924481,0.0012024768801554711,0.0020653375394007537,0.004224237352570494,0.034656042267501956
MEX,Fifth,1110.0,0.874,10.078733723948076,12.97671930441281,17.386571190530734,40.95579973854742,0.0024506255229553874,0.003948083264186542,0.007394873584874772,0.044678298235494206
MEX,Sixth,1300.0,1.34,13.012098256233928,16.431454207991347,21.421916260989036,45.855244202494866,0.005490580139119368,0.008312947616549278,0.014296855342149993,0.06421584320841157
MEX,Seventh,1460.0,1.84,16.171909847247957,20.01385536053896,25.36579640494849,49.214804871348385,0.010922359738240697,0.015505711127459276,0.0244100965367925,0.08065163248899292
MEX,Eighth,1760.0,3.2,21.717487091482585,26.27585203560213,32.2598546341249,56.01497046375393,0.027807795720679155,0.03672699886531217,0.05236138773118296,0.12266961303643201
MEX,Ninth,2040.0,5.06,28.698658972916142,33.72730120538715,39.76315140240861,60.07932826038977,0.06738761638474113,0.08115284014080207,0.10193955723658764,0.15414577858730835
MEX,Tenth,3470.0,32.0,64.35525905271594,70.33586558346809,75.10566460160501,83.04925131649794,0.8840452773838422,0.8509644703781584,0.7922236340107455,0.4520208092993934
MKD,First,234.0,0.00363,3.3726816566654394,3.9975902684749314,4.712796181111382,6.8989575986686384,0.00011256068982071309,9.627871924135651e-5,8.203528443830308e-5,5.049409721839276e-5
MKD,Second,425.0,0.0233,5.942357784250785,7.113191269222344,8.466179477301338,12.73823420924722,0.0006831395443988915,0.0006010292434626962,0.0005270311920157386,0.0003535453508005193
MKD,Third,546.0,0.0504,7.4919255156534454,9.018213074881887,10.792797401346684,16.503980598529683,0.0014303727125425656,0.001279693333292535,0.0011414748661619897,0.0008061067802024902
MKD,Fourth,711.0,0.115,9.61966816186071,11.631484543517645,13.981409451335434,21.65692586861676,0.003176903397377655,0.0028805779668297313,0.002604830742966187,0.001916801707078519
MKD,Fifth,868.0,0.214,11.590927386453624,14.070332118910189,16.97855109168486,26.603242450335333,0.005762762943553324,0.005288592998183402,0.004841528434044604,0.0036970694915598864
MKD,Sixth,1090.0,0.44,14.400108006549814,17.54672358905612,21.25133368492102,33.665166964615096,0.011532330944583849,0.010707847215168027,0.009920323716466999,0.007852263246452535
MKD,Seventh,1320.0,0.801,17.212612663573314,21.054171871587943,25.594232921032546,41.00216608040255,0.020406395393194325,0.019178370434871073,0.017988934934037606,0.014778752928645705
MKD,Eighth,1720.0,1.85,22.121785276873112,27.17133938684906,33.15912245060048,53.76103780612714,0.04556195535133921,0.04340543626554369,0.04128170941386863,0.03535993113566669
MKD,Ninth,2190.0,3.94,27.673303639646264,34.16363863152335,41.890392817487005,68.92811516895877,0.09335581806629731,0.09049275405191858,0.08760261072824287,0.07914579837663031
MKD,Tenth,4430.0,38.4,54.40420556886728,67.7460476609551,83.48678821712895,140.1331514920619,0.8179777609568921,0.826069419771489,0.8340095206877571,0.856039236885745
MLI,First,108.0,0.0624,0.6075585767563696,0.8730243714950591,1.3818442513574387,4.547869244129579,0.00047397197848294284,0.0005795780386312328,0.0008441779432721571,0.0025801799920518783
MLI,Second,165.0,0.225,1.011128025351347,1.4395228171461527,2.223419813320851,6.747737283272501,0.0021996018937241978,0.0025866807316683397,0.003498109831923086,0.008480541354567356
MLI,Third,190.0,0.351,1.224064034630181,1.7317676486902709,2.637464743475549,7.65342486716397,0.003933356375385756,0.004521616323614129,0.005857399272291353,0.012433961827528522
MLI,Fourth,227.0,0.619,1.525055245050736,2.1475746344964306,3.234710158715583,9.056203561174112,0.0077006798221308315,0.008693134296299181,0.010881057160263058,0.020775659877998044
MLI,Fifth,256.0,0.916,1.7845408111877565,2.5017518338639966,3.7308566600533437,10.118957174321665,0.012470793159125726,0.01385020321429954,0.016809155478172837,0.029180082275356668
MLI,Sixth,300.0,1.51,2.1571406523127687,3.0114313029879485,4.448124275850962,11.69932094806786,0.0223571789120449,0.02444054535723163,0.028787729975598173,0.04557048707764494
MLI,Seventh,336.0,2.19,2.5009851746622234,3.475274965586942,5.082396262814032,12.953469010418148,0.035300094216247434,0.037962505169924325,0.043350347304843606,0.06237031964753808
MLI,Eighth,402.0,3.94,3.1103925165290303,4.300301705809195,6.219427266867529,15.302674528599113,0.06936771879404363,0.07324315173904795,0.08078514721569201,0.10443973643221725
MLI,Ninth,458.0,6.16,3.7178443892856308,5.104600199338167,7.278263015933731,17.131717442037584,0.1207646416425948,0.12456356738517693,0.1314465035668288,0.14830360097797773
MLI,Tenth,733.0,29.9,6.598282423096061,8.914369562605097,12.30111313482104,26.259203877888304,0.7254319632062198,0.7095590177441068,0.6777403722511149,0.5658654305371197
MLT,First,1450.0,0.195,20.6519255651388,23.844484331799205,27.960737705164945,43.58081403219711,0.0036299155780815788,0.0036817682463689606,0.0039039720765330107,0.004991123178030881
MLT,Second,2030.0,0.572,29.283227749179062,33.789764511725835,39.470452624183714,60.44755869041917,0.011069242210132339,0.011191885099931667,0.011712636149986468,0.014161062638525236
MLT,Third,2250.0,0.787,32.57199194440753,37.567699607878275,43.78586344055253,66.397349924619,0.015554275127696606,0.015698498707528995,0.016307601534393375,0.019105859600753086
MLT,Fourth,2590.0,1.25,37.84122517632233,43.632033542315284,50.76785929741824,76.38148464587154,0.025123866250038446,0.025320696423191038,0.02614823168346076,0.029876722660023364
MLT,Fifth,2840.0,1.68,41.68190461165439,48.04556201785728,55.81698284955658,83.38755939663977,0.03423018611206081,0.03445422293031431,0.035392046197762914,0.03953868083865157
MLT,Sixth,3220.0,2.51,47.47057434321773,54.70321424130365,63.46123788435193,94.16211175123127,0.05190496423137469,0.052179924957268475,0.05332551739683741,0.05828851097647565
MLT,Seventh,3500.0,3.29,51.86059984331222,59.74275243308914,69.2027559661649,101.95817168489535,0.06890535088084498,0.0691814786307167,0.07032521879651527,0.07515476554125212
MLT,Eighth,4040.0,5.24,60.26373840763383,69.40074692271806,80.26580301539563,117.32681831942503,0.11150945450519287,0.11179555473547231,0.11296928779029414,0.11771653042978011
MLT,Ninth,4420.0,6.99,66.32002760155537,76.33778563527979,88.10220223115682,127.49515074154966,0.1516137584966438,0.15172530515574859,0.15216222347624347,0.15354716833964943
MLT,Tenth,6410.0,23.3,97.67084261134616,112.3213636692938,129.18675859078365,182.9636907599618,0.526458986607934,0.524770665113459,0.5177532648979731,0.48761957579685844
MMR,First,124.0,0.0256,0.9272195637402847,1.2136336392562526,1.6852719399909124,4.92693171180728,0.00019574691600491708,0.00021134149837278267,0.00027230548995588785,0.0010900292252383843
MMR,Second,199.0,0.109,1.6087503762349804,2.1017103774477937,2.875269155899357,7.671678207001172,0.0010736098108213256,0.001142784379688742,0.001404357661044477,0.004290480946440099
MMR,Third,237.0,0.187,2.0016370212800165,2.6102995606091377,3.53971537290386,8.967777926398536,0.0021173124084121,0.002234947065515558,0.002671137236853815,0.00697416926213073
MMR,Fourth,291.0,0.357,2.5460083537860574,3.316031393233579,4.465411773099224,10.852246737112196,0.004482684911175624,0.004700164193632368,0.005493885639589982,0.012652420274599643
MMR,Fifth,337.0,0.568,3.0380850823538896,3.951621667806772,5.287767084294038,12.38358529470861,0.007788579916052387,0.008117434589819398,0.009300319912191747,0.019134044573722583
MMR,Sixth,403.0,1.01,3.7407605638177266,4.859482072141307,6.46277700366909,14.598498234595855,0.014948743211382249,0.015489248021923465,0.017405489711127663,0.03210047056781683
MMR,Seventh,462.0,1.57,4.4249102569127485,5.739582193521036,7.5843931237631415,16.507956607808524,0.02533119951716257,0.0260888402941115,0.028733135884574094,0.047317250675760494
MMR,Eighth,568.0,3.08,5.624280456795198,7.283040732429331,9.553824324191785,19.935921984813298,0.0538795672081212,0.05511626473669208,0.05935109099773735,0.08609345656619373
MMR,Ninth,670.0,5.38,6.923519309370186,8.943177988006994,11.621445085217037,22.998248564407174,0.10376897152531737,0.10523665947833102,0.11011300816438892,0.13588015495778344
MMR,Tenth,1150.0,33.6,13.1258670197523,16.832426136208035,21.3457230981028,37.237052894286634,0.7864135845755502,0.781662315741913,0.7652552693025361,0.654467522950314
MNE,First,696.0,0.273,8.207287891969125,9.710469812307197,12.14295974615322,23.433787485739234,0.0024600817145571307,0.0029322495451858874,0.00406703385576578,0.010632852999442222
MNE,Second,944.0,0.717,11.932804411751887,13.952082228803954,17.05048194810577,30.591277700495805,0.0081694342754613,0.009373286589615032,0.012090029977976166,0.025154598142987344
MNE,Third,1030.0,0.934,13.468919151498982,15.641812394271595,18.869104087637286,32.517662378926126,0.012048120527779968,0.013527459654370542,0.016745799477392482,0.03066257527653411
MNE,Fourth,1170.0,1.43,15.828286172665457,18.28174415616994,21.82305136678834,36.39617420746871,0.020225101369438524,0.02231987748242686,0.02673990713853093,0.04422669637867195
MNE,Fifth,1270.0,1.85,17.618091453668168,20.24915630091799,23.94505805626868,38.78956686465959,0.028526079418658777,0.030996394294292844,0.036058577888744996,0.05443465096239948
MNE,Sixth,1420.0,2.7,20.267465215096134,23.18142350377608,27.158325037569046,42.74691300509445,0.04473035839310157,0.047879418151529886,0.054134454790827694,0.07480446168344852
MNE,Seventh,1530.0,3.44,22.376970057328297,25.466257982061784,29.551521525810507,45.17430988268675,0.06147836240092307,0.06479106683700205,0.07112631887575546,0.08968545017380633
MNE,Eighth,1740.0,5.34,26.30974514145904,29.768296417351355,34.16232801445404,50.490563717444594,0.10343164606565894,0.10712416079660476,0.11378040648122456,0.12950222316857826
MNE,Ninth,1880.0,6.92,29.396777253590763,33.020612729038106,37.37930626892388,53.02039935726954,0.14775381327173168,0.14967799203202317,0.15244393070234835,0.1523390249210114
MNE,Tenth,2640.0,22.2,44.74655533461463,49.37870695406537,54.09106268908614,69.93377875182941,0.5711770025626891,0.551378094616949,0.5128135408114336,0.38855746629312027
MNG,First,555.0,0.0532,3.9620631473739,5.931564981482822,8.844484573761822,21.572853822440113,0.00039720801964076755,0.00048696293698434267,0.00071275689737948,0.0022122979510001495
MNG,Second,828.0,0.198,6.400190139687903,9.460409765547146,13.781181604411573,31.209736917587893,0.0019070336282371308,0.0022481131214609662,0.003054446595682935,0.0075158196530005425
MNG,Third,951.0,0.315,7.693502765473031,11.288485886676565,16.22066046362338,35.19517756716047,0.003478410491279717,0.004007887146544098,0.005214928399606699,0.01122884049015013
MNG,Fourth,1130.0,0.563,9.498446712579145,13.851140982858793,19.67716903322031,41.169237462237994,0.006918639702611811,0.007827538338024019,0.009839137151471805,0.019045670981403875
MNG,Fifth,1270.0,0.845,11.060008188154848,16.03869532530102,22.549979819782678,45.66268264078724,0.01136487419941874,0.012648557431359184,0.015413125679583365,0.027113172656822757
MNG,Sixth,1480.0,1.41,13.285437957633363,19.155489040662403,26.645363766604728,52.13452853409562,0.020657487464722915,0.02262787494559548,0.026756228161953822,0.04289908675880928
MNG,Seventh,1650.0,2.08,15.35151910328841,22.002718155968648,30.2674768749844,57.19814616858533,0.03308581085058538,0.03564916875422709,0.040859490916994395,0.05951329025267964
MNG,Eighth,1960.0,3.79,18.980541347182353,26.998665525952774,36.61952277148134,66.16527138018944,0.06606548431533578,0.06988165766043618,0.07734711325745353,0.10117513960932867
MNG,Ninth,2220.0,6.04,22.63962867111625,31.898080406145084,42.5126648624646,72.89517219081705,0.11738692138110784,0.12127865957365151,0.1283928158370595,0.14646053947015547
MNG,Tenth,3320.0,30.6,39.70730461064687,54.09290341396641,67.87908188915354,98.03649683567014,0.7387381299470599,0.7233435800917172,0.6924099571028145,0.5828361421766495
MOZ,First,44.5,0.00257,0.1621187415909766,0.2550169588114779,0.4241309749546047,1.9189334024588205,2.723742295262061e-5,3.373191579663581e-5,4.039177266519839e-5,8.796960550523868e-5
MOZ,Second,82.2,0.0173,0.31918334871329923,0.4981331531518772,0.820971819781174,3.53496644147974,0.00021234484894660553,0.00025342535451834734,0.00029409098909473065,0.0005581323197520835
MOZ,Third,106.0,0.0387,0.4265265091054917,0.6618337656443007,1.08456853463398,4.540645777209701,0.0005164596880195619,0.00060279239051052,0.0006864575077529174,0.00119986954548955
MOZ,Fourth,139.0,0.0908,0.5744412929898792,0.8874287979347604,1.4477675678922501,5.926862573905474,0.0012932862929550379,0.0014827579074874777,0.0016632483276812506,0.0027218172106832717
MOZ,Fifth,170.0,0.173,0.7209152852661945,1.1089838705125226,1.8017904430468044,7.2313146880647485,0.0026133494675807194,0.0029484492721801874,0.003262709788178227,0.0050319206407289105
MOZ,Sixth,214.0,0.365,0.9320145575108569,1.4278877787416147,2.3106886684281402,9.09727376818207,0.005806998452591954,0.006450257912551228,0.0070442777255576025,0.010256972328853323
MOZ,Seventh,259.0,0.682,1.158747851509294,1.7672871609366763,2.847816126255633,10.993228250766828,0.011453309634070022,0.01251805570258074,0.0134853106093061,0.018499438653890542
MOZ,Eighth,338.0,1.62,1.557166401189178,2.362971909214298,3.789224986762313,14.305661380087109,0.028880850663542207,0.030998699948358646,0.03288604083600794,0.042197560197582494
MOZ,Ninth,431.0,3.62,2.0560965125957638,3.0984393392198752,4.936512717065493,18.11924740210937,0.06913335952416585,0.07250239947175179,0.07542398468344393,0.08885776071285356
MOZ,Tenth,877.0,39.2,4.598415966594972,6.792330583428363,10.611015744401161,36.28555771735135,0.8800628040051754,0.8722094301242644,0.8652134877603121,0.830588558784661
MRT,First,159.0,0.0281,0.8339914591710912,1.207482786519903,1.8535070961472897,6.738327494969895,0.00021209660731227238,0.000237504450310102,0.00031798793122486186,0.001198411184217789
MRT,Second,252.0,0.118,1.4502234887436984,2.092532267051501,3.156135887987486,10.48731923050883,0.0011461081173235357,0.0012566480718621518,0.0015926961413047361,0.004626972773012932
MRT,Third,299.0,0.201,1.8035340445316088,2.5948425102475547,3.8736040294374083,12.237846146199319,0.0022405731779006695,0.0024264098926402903,0.0029778726631493357,0.007438106941609264
MRT,Fourth,365.0,0.38,2.2942456009058083,3.2940522898993567,4.8774735155846844,14.799654706659123,0.004710527019306582,0.00505091540599206,0.006041404898538967,0.013375069916122983
MRT,Fifth,421.0,0.6,2.73643601297708,3.92059675648362,5.762618467973359,16.869919649958923,0.008133050399749384,0.00864338382076038,0.010101958591086825,0.02006653605368535
MRT,Sixth,501.0,1.05,3.36850025873711,4.816560368888134,7.029266482702689,19.875143811879752,0.015514826498183228,0.01634649535173635,0.018681269221097307,0.033406180649943565
MRT,Seventh,572.0,1.64,3.9815493022055772,5.679898565748115,8.22778208738425,22.449484572666968,0.026124561419724697,0.02727962621573929,0.030459894259466345,0.04885007193087524
MRT,Eighth,700.0,3.18,5.057644194856061,7.196342112207589,10.337082211556012,27.097408651347536,0.05517430742420625,0.05703866322779877,0.06205149131455675,0.0880908526695679
MRT,Ninth,821.0,5.47,6.2160327943318086,8.811533575731183,12.520721215480457,31.20877187557513,0.10530505306766655,0.10747864362823556,0.11310473571617309,0.13745781035760382
MRT,Tenth,1390.0,33.2,11.742274389277958,16.473135431466936,22.779271797773237,50.63224030518691,0.7814388962686268,0.774241709934925,0.7546706892634018,0.6454899875233612
MUS,First,517.0,0.0366,5.257421321211054,6.281493703552469,8.240523168878198,18.704843320044844,0.0002627495550816822,0.0003238660031495992,0.0004791279724980981,0.0015417359513362038
MUS,Second,812.0,0.147,8.919950151009242,10.541545109132754,13.500756368464527,28.36872214715658,0.0013641915420504038,0.0016165221310001157,0.0022188880597835857,0.0056516213901946204
MUS,Third,956.0,0.243,10.967446824813761,12.87336226030211,16.258569302389727,32.700114796592466,0.002604972798178626,0.003016288505499658,0.003963016032452685,0.008818727681458808
MUS,Fourth,1160.0,0.451,13.814780832578709,16.129925885905145,20.146511587396283,39.12554043807919,0.005374687515848946,0.006109416896104086,0.007751203852976538,0.015485344672556182
MUS,Fifth,1340.0,0.697,16.34704230519849,18.99343177276766,23.48747482239681,44.21079168229817,0.009124312328041267,0.0102007863916299,0.012541644109697062,0.022741912478854702
MUS,Sixth,1590.0,1.2,19.962977525132285,23.086091695079375,28.273754917093,51.63115343356455,0.0171229949238958,0.018837359766227798,0.022465151582845275,0.03708494477219944
MUS,Seventh,1810.0,1.82,23.42145335800911,26.950475940165838,32.676981978738254,57.838759372631124,0.028347239310368373,0.030669413405259725,0.03543944438273208,0.053080149951277134
MUS,Eighth,2200.0,3.44,29.494242818405098,33.74914920940823,40.460650271580796,69.1496929298261,0.058740733418286784,0.06237579899083781,0.06957309634150065,0.09345039331880482
MUS,Ninth,2570.0,5.73,35.8985315796703,40.7759920116776,48.1847341363589,78.78468164002096,0.10942423030997846,0.11345798317543178,0.12097042554965386,0.14143535590260253
MUS,Tenth,4330.0,32.1,66.28895017242466,73.95606133772472,84.45201680431344,124.97673736672634,0.7676338882982697,0.7533925647348595,0.72459800211586,0.6207098138807156
MWI,First,33.4,0.00161,0.14968751871651872,0.22710277950005806,0.3676669598007245,1.394426204546244,2.4642507930228285e-5,2.7823562871642424e-5,3.207432810386417e-5,4.529304780577862e-5
MWI,Second,63.9,0.0119,0.29478313762580494,0.4460740320890789,0.7173752147291833,2.6633190169439613,0.00019545498272503003,0.0002161193151971492,0.0002430870661011661,0.00032323775933719055
MWI,Third,84.1,0.0282,0.39451395733351174,0.5954310022097534,0.9534580697074028,3.4968369776122463,0.0004803503565352791,0.0005244771905755155,0.0005812505114812694,0.000745478359709183
MWI,Fourth,112.0,0.0691,0.5318578493037395,0.801180770727388,1.2786187088240877,4.643934587308057,0.0012129332990862664,0.0013110343601901522,0.0014358069623747788,0.0017889460340383316
MWI,Fifth,139.0,0.137,0.6683140574294791,1.0047139413249222,1.5984548328468025,5.755696649051172,0.002469437825768152,0.002644984946306643,0.0028659355836269823,0.0034790160402240547
MWI,Sixth,178.0,0.299,0.8650120755229772,1.2979507073313068,2.0587976400573997,7.351670079948649,0.0055273051310062915,0.00586819418572416,0.0062928520534288575,0.00744843538869782
MWI,Seventh,218.0,0.578,1.0770781728715588,1.61256293414337,2.549649554450796,9.026712328450408,0.010984241350825687,0.011555429413002688,0.01225924372100811,0.014135346514365222
MWI,Eighth,290.0,1.43,1.4497728909079708,2.1652210204750717,3.411134652690616,11.960735316578715,0.02793346747435844,0.02908590399736475,0.030487920312647313,0.03413618539294893
MWI,Ninth,377.0,3.33,1.919252760828585,2.856170449733866,4.478088824306713,15.51035739403359,0.06759346739431216,0.0694639268283649,0.0716988633015423,0.07731955756681963
MWI,Tenth,811.0,40.0,4.322898168654275,6.3689353580988515,9.853369440353108,33.08037257865853,0.8835786996774525,0.8793021062004024,0.8741029661596854,0.860578503896054
MYS,First,275.0,0.00144,3.0804320351795638,3.912823424979038,4.988040103797963,9.131525207049641,2.4008671395754156e-5,2.645868600137072e-5,3.019687509563189e-5,3.795732066822438e-5
MYS,Second,532.0,0.0109,6.046545249775707,7.66550389344812,9.709463519375982,17.521841436730675,0.00019128227371106532,0.00020730762533055627,0.00023126054072853883,0.00027937799957543347
MYS,Third,704.0,0.0261,8.086005786281694,10.230120900641786,12.905062138200012,23.097833505133494,0.00047136811053863115,0.0005057308733242254,0.0005564598641042805,0.000656374506123999
MYS,Fourth,940.0,0.0646,10.892470408996939,13.759970893229834,17.301775014263118,30.7604826072035,0.0011928346969269626,0.0012694843780677028,0.0013815135923946164,0.001598676668993934
MYS,Fifth,1170.0,0.129,13.681761243332238,17.2558660353281,21.632487378301096,38.22987974169267,0.0024332603079109927,0.002570838543173763,0.002770097255268323,0.0031507977187444224
MYS,Sixth,1510.0,0.284,17.700857239138674,22.290354225508704,27.861370717892925,48.94110377762297,0.0054566458221932184,0.005724604098940727,0.006109233612587719,0.006833701951207908
MYS,Seventh,1860.0,0.554,22.036348198733048,27.69897202417423,34.51176172726407,60.23914748194017,0.010865118649474165,0.011315529206900005,0.011955937974839112,0.013144088405333702
MYS,Eighth,2480.0,1.38,29.652317375000237,37.192213901550566,46.16403778518866,79.93934670551282,0.02769140293422431,0.028603518913508368,0.029886096190686846,0.03222403418506369
MYS,Ninth,3240.0,3.26,39.254773394818756,49.079369898103394,60.60300392838087,103.82425183033612,0.0671966276939133,0.06868473924474872,0.07074483731856457,0.0744075629526319
MYS,Tenth,6960.0,40.1,88.36364083926338,109.17473317358966,132.17644334211573,216.03736496999966,0.8844774508397115,0.8810917884300045,0.8763343667757304,0.8676674282916568
NAM,First,34.2,2.24e-5,0.3837607493588273,0.4454377476198412,0.5797046178157458,1.1796545071539388,3.4236732832938984e-7,3.887878347188468e-7,4.619441072569908e-7,6.217221874607252e-7
NAM,Second,86.2,0.000336,0.9800599661743968,1.141475680863943,1.476068139021201,2.9449429789435424,5.451440869397411e-6,6.069294871954447e-6,7.019853219085018e-6,9.017868748992832e-6
NAM,Third,132.0,0.00122,1.5219548417870976,1.7713872609151762,2.280076718790327,4.5000578269001394,2.058779126785796e-5,2.2637854297390123e-5,2.5744741386299916e-5,3.212107605942434e-5
NAM,Fourth,199.0,0.00423,2.308676933461024,2.6854420138472808,3.444054187217598,6.739760519023366,7.341853912779401e-5,7.992483900899924e-5,8.966609402734833e-5,0.00010927680686522467
NAM,Fifth,275.0,0.0115,3.2186082298038814,3.7396785016995797,4.779725006356785,9.28471904485959,0.00020398863743515628,0.00022007006144137204,0.00024388368164021007,0.0002909958864833014
NAM,Sixth,390.0,0.0338,4.60372025904266,5.342880151668554,6.806220493665009,13.127947845007773,0.0006174514158588066,0.0006603126955529886,0.0007231031476306321,0.0008452289189389309
NAM,Seventh,534.0,0.0897,6.34896975815761,7.356330598059557,9.337764599121547,17.88168133953681,0.001678171392578559,0.0017784051908630047,0.0019235983457831366,0.0022010049040624515
NAM,Eighth,797.0,0.315,9.576648856840771,11.075128419823173,14.00148405843566,26.59684479488865,0.006065089157174997,0.006361958571547911,0.006786485168233034,0.007581247875907438
NAM,Ninth,1200.0,1.15,14.646110815421753,16.88505230122717,21.22929445179609,39.91158966751483,0.023033552150388215,0.02384552879390921,0.024986909398894603,0.027066560698809406
NAM,Tenth,3750.0,44.2,47.703944236962585,54.29565642289783,66.9295908366278,121.81694210386114,0.9683019471079709,0.9670247039106724,0.9652131276250784,0.9618639242419375
NER,First,94.7,0.0839,0.32457826079106794,0.4670553867726714,0.7906878305784912,4.19380095242346,0.0006581868798155057,0.0008009457802517184,0.0011558965230756455,0.0034312759730448458
NER,Second,139.0,0.285,0.5271671444950586,0.7512789450479147,1.2414718793958173,6.081139545201084,0.002865220096072526,0.0033539107380504488,0.0044958131834658376,0.010595293836424272
NER,Third,157.0,0.429,0.6298523163172115,0.8919322054332537,1.4536153809339956,6.813610464549939,0.004936579529983597,0.0056500628240075184,0.007257943714893407,0.014994068990208062
NER,Fourth,185.0,0.736,0.7764149712694839,1.0942800417750154,1.764015686694436,7.982766797692668,0.009381904267463888,0.010546772945524028,0.013095302071681976,0.024356018987480643
NER,Fifth,207.0,1.06,0.9001286971886338,1.262925618846324,2.0159864350291232,8.842625087013678,0.014793165588690978,0.016363700592632813,0.01970656988488189,0.03335256527328923
NER,Sixth,238.0,1.71,1.0782870307645565,1.5064929839473462,2.3821728354153504,10.137783757319157,0.025843100082401493,0.028143113983099596,0.03290363791092239,0.05082301314815174
NER,Seventh,263.0,2.42,1.2388323091178661,1.722760897745612,2.6975300203269668,11.129512638163298,0.03972468883152305,0.04256492291683039,0.04826211689892288,0.06781273924836699
NER,Eighth,310.0,4.23,1.5249891783609242,2.1100050547161953,3.2679138685800444,13.023292810267241,0.07575322838863766,0.07970992868255418,0.08732820202306464,0.11036710100758812
NER,Ninth,347.0,6.38,1.7998343283079465,2.473185808547243,3.777078371330725,14.40907833992748,0.1269293161098212,0.1305066973074579,0.13686138869934014,0.1511494960226659
NER,Tenth,532.0,28.5,3.1042563013293782,4.199446340588183,6.213557631406984,21.545600521709787,0.6991146102255901,0.6823599442295915,0.6489331290897511,0.5331184275127803
NGA,First,142.0,0.0061,0.774681302975246,1.0715871295394277,1.618495021667541,5.944497273627045,5.064863746426251e-5,6.615494868398908e-5,8.071087455274701e-5,0.00022543775438281887
NGA,Second,251.0,0.0346,1.4734547052097136,2.014553086798106,3.0108639082528423,10.344741463462729,0.00035443684423285606,0.00044161417658954215,0.0005200335910545947,0.0012044561456434732
NGA,Third,314.0,0.0701,1.928772294389856,2.616493367512561,3.885262507742687,12.855739019056811,0.0008078794711245648,0.0009785846390149063,0.0011282727517782135,0.0023389701415345906
NGA,Fourth,402.0,0.152,2.5557183296026236,3.4461817635586116,5.091440664738819,16.3485102079879,0.0019205217991935162,0.002274355753059956,0.002578278391356002,0.004891208098615432
NGA,Fifth,482.0,0.272,3.1607429958971727,4.237916645321738,6.232257414807085,19.4870386948501,0.0037033857284445412,0.004297442494487495,0.004798160745506242,0.008404562360125442
NGA,Sixth,596.0,0.537,4.029186949226514,5.373211675349517,7.866752067215787,23.97441471970647,0.007863909100945792,0.008947194595435916,0.009843370505875587,0.01595831085650839
NGA,Seventh,709.0,0.94,4.936599082347474,6.544915179876879,9.537295193368905,28.311031432155897,0.014797220835947787,0.016495021186242263,0.017871799743661744,0.026742022085811588
NGA,Eighth,906.0,2.08,6.5271848411159406,8.597910633387938,12.463167128817211,35.922688218564275,0.03539486291871162,0.038562180859958266,0.04107062371112625,0.056173936030200565
NGA,Ninth,1120.0,4.24,8.440495355942284,11.021910859869346,15.866968087004006,44.062721394500365,0.0791975120659259,0.08379432664446641,0.08731140243846146,0.10647605883911357
NGA,Tenth,2160.0,37.5,17.966276387699885,22.95509402641457,32.46380103171809,82.57246324413877,0.8559096225980092,0.8441431247020612,0.8347973472466271,0.7775850376880641
NIC,First,240.0,0.0182,1.1033433131391046,1.6594133330436491,2.5892437025070683,10.29396237733657,0.00011145150951683678,0.00014777864162811825,0.00018642784210344754,0.0007308935016224052
NIC,Second,390.0,0.0818,1.982829144772142,2.9398868478832956,4.5264350965966615,16.46542764565405,0.0006776208539065563,0.0008535438873771428,0.0010317612131322562,0.003116648942230231
NIC,Third,467.0,0.146,2.517211086130153,3.6988780756496418,5.649920550939453,19.54050038682946,0.001420326611699163,0.0017355020762879754,0.0020456282804382515,0.005305837509244182
NIC,Fourth,577.0,0.287,3.25366725497463,4.747754925956457,7.206467982577647,23.933697562294363,0.003157275751623615,0.003765178902245722,0.004349373674948116,0.009987680521607645
NIC,Fifth,670.0,0.469,3.9383592621627814,5.709873757247271,8.617411680760414,27.605001458036604,0.005731543224598011,0.006687196710600311,0.0075859043973182634,0.01561354639528775
NIC,Sixth,805.0,0.852,4.916668296464095,7.0841233717381105,10.632076681588138,32.87978850362691,0.01147836976860441,0.013111115479722464,0.014613826447044575,0.027049950736359758
NIC,Seventh,928.0,1.37,5.898941634680925,8.443399516798303,12.598333412848294,37.57504277171105,0.02032653687892625,0.022713029384766017,0.024858989301317806,0.04122248098804194
NIC,Eighth,1150.0,2.77,7.617566221265434,10.822778699965928,16.04078060545287,45.90859205509617,0.04542279100385106,0.049520415691913865,0.053103299587324196,0.07785327688059601
NIC,Ninth,1360.0,5.04,9.567275423992589,13.460370949263696,19.777453725513965,53.73905859638157,0.0931731835260068,0.0984322890145495,0.10283740619641467,0.12885125823842236
NIC,Tenth,2370.0,34.8,19.000585659645978,26.07219390286085,37.410336232423234,89.5779941326373,0.8185009008712674,0.803033950210909,0.7893873830599584,0.6902684262865877
NLD,First,1200.0,0.187,19.04718762953143,21.205359964024446,23.461105533781502,33.437337600972384,0.0040277939430990685,0.003837247517413324,0.003797790195185697,0.004324578800837896
NLD,Second,1680.0,0.554,26.761987125941147,29.89997835857125,33.10751912753966,46.756453180248926,0.011999568406136373,0.011557064811086972,0.011464748054932562,0.012678378066873715
NLD,Third,1860.0,0.768,29.630826341001818,33.16999763864376,36.7444057305815,51.62612013733515,0.016641003889792755,0.016126184030632238,0.016018310944995513,0.017423747874257753
NLD,Fourth,2150.0,1.23,34.289577783943834,38.445889561018824,42.60463946361059,59.61468497579985,0.026598683190459004,0.025902382858397226,0.02575594621594727,0.027649439062868868
NLD,Fifth,2360.0,1.65,37.644744909143895,42.26698018824755,46.85427805202284,65.3200232089835,0.03589978473460827,0.03511411780489355,0.03494829933536585,0.037076809365990615
NLD,Sixth,2680.0,2.48,42.73127926545836,48.04378891209156,53.275804216386085,74.00790027898049,0.05394213014279266,0.052986922257171144,0.05278454605822776,0.055361886775647705
NLD,Seventh,2920.0,3.26,46.53297857770185,52.39143853841296,58.11619588634414,80.43443688115399,0.07093634721007902,0.06998829819496365,0.06978647149137553,0.07233153170331712
NLD,Eighth,3370.0,5.21,53.874021003377415,60.752622115569025,67.41844465921983,92.92446789022783,0.1135888851289551,0.1126254389431051,0.11241869411480367,0.11498329788471742
NLD,Ninth,3690.0,6.99,59.02948524749276,66.69814611119595,74.05163680146485,101.53278741721822,0.15237895316415345,0.15203773996157485,0.15196147548209354,0.15282941786351345
NLD,Tenth,5380.0,23.5,86.14516318839706,97.7557173010136,108.67363866130603,147.32833312018136,0.5139868501899243,0.519824603620762,0.5210637181070726,0.5053409126019754
NOR,First,1110.0,0.239,19.653047430800274,21.224125600749915,22.324407996402677,28.226435138834397,0.005184936240911655,0.005063644207251419,0.005034386474727394,0.005405902250116858
NOR,Second,1530.0,0.672,27.082365185431634,29.29311032270894,30.817620565136203,38.74520783116899,0.014582289089391869,0.014319170841353531,0.0142554557661605,0.015057516845599557
NOR,Third,1670.0,0.902,29.672719721748297,32.12364853383362,33.79997477851442,42.362927554890945,0.019577255803132118,0.01928312264818423,0.019211736048527907,0.02010581908699268
NOR,Fourth,1920.0,1.4,34.04397972588468,36.87985379532181,38.80408039249971,48.50099749536772,0.03049369107922995,0.030109086819743516,0.03001556162548329,0.031181873368693463
NOR,Fifth,2090.0,1.85,37.0937966993931,40.207539272389575,42.30586717916341,52.74997763860275,0.040212921082268246,0.03979300118824413,0.03969069511089583,0.04096113696735918
NOR,Sixth,2350.0,2.71,41.793703756767066,45.32487479747546,47.685008340708904,59.30043868391879,0.059080043098239346,0.058587573771398706,0.05846734296242338,0.05995344434820463
NOR,Seventh,2540.0,3.49,45.17092672064252,49.01476340147976,51.564222456677804,63.95965142044634,0.0759060610533829,0.07543924129929801,0.0753249663101697,0.07672895317455308
NOR,Eighth,2910.0,5.43,51.85016039130126,56.289466302332286,59.19873436493963,73.17404383283946,0.11842316358830036,0.11798514577374176,0.1178773938854352,0.11918677667849983
NOR,Ninth,3150.0,7.05,56.214754730130046,61.0740457862106,64.22155810935047,79.08314029011045,0.15369304968600808,0.15360468608721883,0.1535819118718998,0.15383036103931808
NOR,Tenth,4460.0,22.1,80.1527164789264,87.127382717563,91.41101225032621,111.15205361936951,0.4828465892791355,0.48581532736356586,0.4865405499442771,0.4775882162406625
NPL,First,172.0,0.0659,0.9172987396775104,1.3694219677140098,2.1539578983379037,7.256256386527193,0.000503522640368587,0.0006151672553275952,0.0008945066892077537,0.002719504347625617
NPL,Second,256.0,0.235,1.4951185056917762,2.207596077093424,3.390069087531906,10.569140103990765,0.002309565655727758,0.00271370826793771,0.003663996628919279,0.008837139134738077
NPL,Third,293.0,0.364,1.7961575203155256,2.63416753649976,3.989581541806988,11.908431589996317,0.004101955309223786,0.004711666457213447,0.006094264643487007,0.01287312380620017
NPL,Fourth,348.0,0.639,2.22106931779043,3.240078497278288,4.853050913132829,13.981373736789052,0.00798717201176476,0.009009681490505631,0.011260775735037174,0.021398640901377834
NPL,Fifth,391.0,0.941,2.5850634896122067,3.752592226282083,5.5647940535373035,15.53381158268623,0.012871630811553956,0.014284965025594985,0.01731247059152409,0.029915989524619983
NPL,Sixth,453.0,1.54,3.1067712162524534,4.48843529109206,6.590843697198575,17.83071475126841,0.022966619842305143,0.025089304646922165,0.029512139089070976,0.04651025075181507
NPL,Seventh,505.0,2.23,3.5851758263732565,5.153311479559325,7.490419553739716,19.627167930485097,0.03608464957353458,0.038780543193501965,0.04422763109167319,0.06336099300894764
NPL,Eighth,599.0,3.99,4.431958222888784,6.333344257038701,9.09735868863937,22.963759553962287,0.07052032071930309,0.0744137229396734,0.08197657099737186,0.10554746854987011
NPL,Ninth,678.0,6.2,5.268534136283108,7.471523333844479,10.57319492897856,25.49496842418322,0.12191306048989214,0.12567610558819797,0.13247159144271975,0.14888690911211347
NPL,Tenth,1050.0,29.6,9.215215389156917,12.806265642814783,17.434555985167794,37.5342723441195,0.7207415029463262,0.7047051351351251,0.672586053090989,0.5599499808626921
NZL,First,847.0,0.0806,12.35999799776477,13.530547850995825,15.148710175546096,25.146361237950718,0.0013666807911342656,0.00134809690788534,0.0014246609608881587,0.0022636487975671283
NZL,Second,1260.0,0.285,18.719551920671424,20.518956847230644,22.89135876594609,36.832249729490535,0.005136390509203485,0.0050808482609688375,0.00530860266560036,0.007652640695867028
NZL,Third,1430.0,0.436,21.615145525418686,23.707114141914264,26.39277807787414,41.720498579710195,0.008130192362471892,0.00805530126581061,0.008361554219571306,0.011401345456305117
NZL,Fourth,1700.0,0.756,25.872673236793357,28.39008948434188,31.550916918445935,49.16359305492162,0.014440096995680983,0.014325566736200685,0.01479285767939176,0.0192952141496688
NZL,Fifth,1910.0,1.1,29.271537447406484,32.131533229525736,35.65178548175439,54.84440729564355,0.021425307110167713,0.02128004388988515,0.021871469428761347,0.027413492685006542
NZL,Sixth,2210.0,1.77,34.21321200842274,37.56726599172152,41.613228022191876,63.20734296750126,0.03528668965623551,0.03508686605469708,0.03589864863664022,0.04329021731096674
NZL,Seventh,2460.0,2.51,38.3933863478423,42.16857479058327,46.62895628931488,69.90843998326588,0.05102843173806103,0.05079856711773126,0.05173004160284497,0.05993540989357546
NZL,Eighth,2920.0,4.37,45.976623538375904,50.504018274503196,55.72021006080092,82.28377960081748,0.09087869785369646,0.09058731534745337,0.09176400498725686,0.10166396968958763
NZL,Ninth,3300.0,6.53,52.56461673156051,57.75079994258133,63.54080636996039,92.08914083664801,0.13957421667369407,0.13935776047659387,0.14022495628949194,0.14674785570545962
NZL,Tenth,5120.0,28.0,84.17730420592636,92.32158207005897,100.61985931226707,139.31040517429687,0.6327332963096546,0.6340796339427738,0.6286232035295531,0.5803362056159961
OMN,First,425.0,0.0376,4.615731866090073,5.622828480132155,7.026421451457252,14.747701547756288,0.0002975052144573595,0.0003482333318820826,0.00047188284495548955,0.0015435289501843621
OMN,Second,672.0,0.15,7.826471335848086,9.465757097155628,11.607173740072032,22.464074521541086,0.0015089685169941516,0.0017143868098514726,0.0021917752714690326,0.005656828041755795
OMN,Third,793.0,0.248,9.602730575767135,11.557883480529313,14.017275857392802,25.919259208908016,0.002842199785352347,0.0031732286280504963,0.003921308762878128,0.008825630828728979
OMN,Fourth,967.0,0.457,12.081594479279163,14.487432927452668,17.415472420106084,31.03701484502629,0.005800231250244981,0.006386043328310075,0.007680141522390783,0.015495755321454186
OMN,Fifth,1110.0,0.706,14.27338145242827,17.054720986543657,20.33840300175889,35.077027250134236,0.00975019688284243,0.010601124058406946,0.01244197187643006,0.02275494495799204
OMN,Sixth,1320.0,1.21,17.40702190673787,20.726761306163855,24.522910936544275,40.9513615790863,0.01812360018526711,0.019467095662078018,0.0223132277081631,0.03710263165549733
OMN,Seventh,1500.0,1.84,20.383485502915722,24.178169788874463,28.371734351282115,45.84133070665706,0.02970826247290524,0.031510959248331284,0.035243325457236636,0.053100181246567096
OMN,Eighth,1830.0,3.46,25.61880560945018,30.25195169448253,35.155775525961474,54.682002608781424,0.06088215160287517,0.06367125963919083,0.069283969595499,0.09347524285490502
OMN,Ninth,2140.0,5.75,31.07777949987095,36.475905312079995,41.86691942628842,62.12438458362726,0.11182031924496019,0.11485623687570377,0.12068058267668616,0.14145290243599357
OMN,Tenth,3560.0,32.0,56.91325106400335,65.56791976864788,72.63809269011776,96.16083581673621,0.7592665648441009,0.7482714324181949,0.7257718142842916,0.6205923537069217
PAK,First,269.0,0.117,1.5240558968783093,2.175673255308846,3.362410935276624,11.19434964051351,0.0009567177137053066,0.0011576734917169225,0.001652808155666133,0.0047408844439665665
PAK,Second,386.0,0.371,2.388603867067751,3.372953747085743,5.090167082066908,15.688276105893625,0.0038662918943606593,0.0045013162340623025,0.005971625504682677,0.013610819437434848
PAK,Third,432.0,0.537,2.80447357339644,3.933881884853029,5.8564569099792365,17.29285103952527,0.006380836793888845,0.007265519749054676,0.009241053925560388,0.01848585057923962
PAK,Fourth,504.0,0.893,3.405820470232726,4.752694786937252,6.998654582834153,19.957483860449372,0.011717200904452085,0.013107088000011445,0.016119868499023884,0.029060518407033845
PAK,Fifth,557.0,1.25,3.899753773782633,5.415872731313858,7.897404115669672,21.833940625395254,0.017913806050802707,0.01972176107260953,0.02353341637000631,0.03864162635772713
PAK,Sixth,637.0,1.96,4.613792120755513,6.377795097639315,9.210991979206174,24.697479489395025,0.030372283734287086,0.03292488454769426,0.038155130094224686,0.05722877594539568
PAK,Seventh,699.0,2.69,5.237749582532279,7.204518766890381,10.301957720377365,26.775575359328673,0.0452620595613589,0.048287024096181,0.05428698177584016,0.07414069764533268
PAK,Eighth,816.0,4.56,6.3583028460224105,8.696663101754453,12.293756449754271,30.818259077742177,0.08336857743554583,0.08736059822930944,0.09493867858702691,0.11674873615946392
PAK,Ninth,903.0,6.59,7.383740956368555,10.025185771075591,13.969035607132167,33.50549704891229,0.13364741856618706,0.13688687226277912,0.14247111116446873,0.15331980584414215
PAK,Tenth,1340.0,26.9,12.26169056250524,16.34399510253754,21.978675511619375,47.48985325390108,0.6665148073454116,0.6487872623165813,0.6136293259235002,0.49402228518026364
PAN,First,395.0,0.00716,3.035775774166139,4.1711498402599885,5.7421067610220256,14.872276466101347,1.9451348604685677e-5,2.7830441018762162e-5,4.387397165247394e-5,0.0002739012555497831
PAN,Second,694.0,0.0361,6.032145742658631,8.14505422455914,10.925573677604854,25.265606848613263,0.00016066150179214978,0.00021616354219636093,0.00031486065070338097,0.0014110375327643246
PAN,Third,872.0,0.0693,8.124681739698019,10.85033734500935,14.332761793650477,31.05558564161267,0.00040463302918883657,0.0005245710432762125,0.0007285899931130921,0.002682114162785591
PAN,Fourth,1120.0,0.146,11.007159805890293,14.573087763767255,19.017024791388636,39.113284139793244,0.001042003754562573,0.001311241838503053,0.001753107396796419,0.005513622150117741
PAN,Fifth,1350.0,0.254,13.89627302658115,18.252558885711505,23.559414640471818,46.260110226759885,0.0021592696646971755,0.002645354574855245,0.00341754490562602,0.009329409826009832
PAN,Sixth,1680.0,0.494,18.066906755860195,23.549772557110447,30.076829623447583,56.456758919298274,0.00491665676272241,0.005868908600930118,0.007333951323412899,0.01745209461363206
PAN,Seventh,2010.0,0.859,22.60626334846863,29.229212312203565,36.92265848646287,66.16867742512623,0.009945998016477957,0.011556620271381112,0.013951847818201645,0.028796673923499726
PAN,Eighth,2590.0,1.9,30.592369765101466,39.198585916058484,48.90705897059566,83.17432731452782,0.02580265642927764,0.029088293045836162,0.03378471382680896,0.05945134190738601
PAN,Ninth,3240.0,3.93,40.79388190582696,51.651920785935715,63.42600720470471,100.9398292720913,0.06405103660499563,0.06946777258004701,0.07678973035507417,0.11022569272012653
PAN,Tenth,6450.0,38.1,93.522154460189,114.80180397694606,135.23584684059105,182.8517173764753,0.891497632887681,0.879293244061956,0.861881779758611,0.7648641119081284
PER,First,149.0,0.00153,1.8321965895190235,2.276307653046512,2.803629781290023,4.76057490602687,4.401769135686964e-5,3.8438835153861324e-5,3.3887133846253114e-5,2.4291297557654137e-5
PER,Second,287.0,0.0114,3.433888116403545,4.309262378717935,5.35177946094624,9.263219997605217,0.0003157112641442366,0.0002823013574139793,0.0002543887181111959,0.0001931452591829336
PER,Third,380.0,0.0272,4.481196535407954,5.65375912685208,7.0540448887449365,12.347577228553643,0.0007303075395988811,0.0006623681038404964,0.0006047938083249968,0.0004753815275076898
PER,Fourth,508.0,0.0669,5.917197149033723,7.498195974512774,9.390130020480335,16.58426860864762,0.0017567567758501638,0.0016115698870442891,0.0014871097508123983,0.0012018206997132027
PER,Fifth,634.0,0.133,7.306659403620949,9.293630864849373,11.676299819529701,20.78638074012858,0.003423811526138889,0.003173188340145506,0.0029560807232230438,0.002449444325721826
PER,Sixth,815.0,0.291,9.297029182812125,11.8682980444687,14.957467236405519,26.830578472461585,0.007345635560613926,0.006875915537589763,0.00646478455266416,0.005488272969868886
PER,Seventh,1010.0,0.566,11.384843562211055,14.585877024356826,18.4397612966025,33.33463454218847,0.01397059829872929,0.01321263535589979,0.012541886401190187,0.010918469948772032
PER,Eighth,1350.0,1.4,15.036832984451939,19.341678202821626,24.53490098231331,44.725435559749066,0.03382067916820906,0.032357348467773765,0.031045605019943034,0.027799890671588775
PER,Ninth,1770.0,3.29,19.46025210622927,25.151866150479126,32.03601169445523,59.00524995994846,0.07684405807951819,0.07461296585262628,0.07257590862164102,0.06737465393586932
PER,Tenth,3870.0,40.0,41.49648630839288,54.14794748532312,69.42366781441916,129.90244263482847,0.8617484240958405,0.8671732682625123,0.8720355552702438,0.8840746293642177
PHL,First,355.0,0.115,1.8328982774047844,2.5201718642790696,3.7264812320118486,14.267287828485886,0.0002190594169757347,0.00028967244601170016,0.00044740787370065613,0.003811470709469068
PHL,Second,511.0,0.307,3.1440486351367296,4.257565860785228,6.129238427030668,20.274217395197432,0.0011766473056725043,0.0014766487731733028,0.0020995418783989073,0.011496782967289008
PHL,Third,575.0,0.419,3.890460599387519,5.219591297545264,7.398317387736112,22.535705524251867,0.0022921606892101908,0.0027895386172499654,0.003778841418164953,0.016055762313911738
PHL,Fourth,676.0,0.678,4.925384951472492,6.559993120192244,9.18342017563408,26.17552529635207,0.0048053837977081034,0.005706198704362863,0.00743658264743089,0.025806806963493332
PHL,Fifth,754.0,0.943,5.854733760276454,7.74576060499074,10.722964955599636,28.80727089782603,0.008275771619623147,0.009612478434764652,0.012099290394420448,0.03500591579280064
PHL,Sixth,870.0,1.49,7.181161892834289,9.439332364062325,12.925822986033094,32.77050368272138,0.015748237032312356,0.017904361936777653,0.021789258988156694,0.052854896450124256
PHL,Seventh,965.0,2.09,8.463500335095668,11.049091568701307,14.960010582039628,35.742328498203946,0.026449976629748642,0.029411433824562367,0.03456458876623965,0.06985666765240739
PHL,Eighth,1140.0,3.69,10.71173929917482,13.876453258802618,18.546713527398104,41.41309076841534,0.055702001837888274,0.060417788764397136,0.06827897268995559,0.1124906675795099
PHL,Ninth,1290.0,5.77,13.121636365018936,16.827634965533722,22.123526260953614,45.41272591312299,0.10592482732347444,0.11130557744458681,0.11966536553445162,0.15198814325390303
PHL,Tenth,2030.0,30.3,24.582897875194956,30.727323961161876,38.744402305861,65.54014663372472,0.7794059343473866,0.7610863010541137,0.7298401498090806,0.5206328863170916
PNG,First,96.1,0.0034,0.5872400806786624,0.8702855016433934,1.2655870140667038,3.786337387775574,4.20779627352402e-5,5.018482393582963e-5,5.901824459903173e-5,0.00010866369826939711
PNG,Second,173.0,0.0219,1.107305025345721,1.6281842006407716,2.347447690804726,6.768997924934267,0.000304187254721656,0.00035175965215096175,0.00040201979700234307,0.0006637038818458367
PNG,Third,221.0,0.0477,1.4489822557897574,2.119568784431876,3.039845532918572,8.57997240294053,0.0007069858185689608,0.0008025543573261474,0.0009016719696374348,0.0013949424855298996
PNG,Fourth,286.0,0.11,1.9177911177203815,2.794001165710417,3.99030319969086,11.06980883223243,0.0017071124624089661,0.001909343628202597,0.002115969551891414,0.0031076015352747744
PNG,Fifth,347.0,0.205,2.3725150315991383,3.4433923499746415,4.898895870008705,13.381796650497549,0.0033384199231232085,0.003684401880685365,0.004033112040514636,0.005652415512879316
PNG,Sixth,435.0,0.423,3.024366310464012,4.373374536153853,6.198524821819087,16.675431133050466,0.007186157177260601,0.007828898089511562,0.00846803522920043,0.011341401708660855
PNG,Seventh,523.0,0.774,3.7097907042355978,5.343314443223789,7.543019101913828,19.973500012296235,0.013714222791583018,0.014741686452589246,0.01574882269236259,0.02012351830431844
PNG,Eighth,677.0,1.79,4.909347253206184,7.0391636222946525,9.890271207126238,25.705680780129324,0.033327904645728865,0.03528979002335938,0.03718061613279435,0.045068339717884084
PNG,Ninth,853.0,3.87,6.367086340225378,9.073870273172833,12.66956981742664,32.148748636222045,0.07609749968226608,0.07904188887079441,0.08181130286344568,0.09270670401524404
PNG,Tenth,1680.0,38.6,13.641691454872106,19.095153084588205,26.113834032613017,61.56189960606388,0.8635754322816035,0.8562994922214444,0.8492794314785521,0.8198327091400934
POL,First,615.0,0.0243,8.96413687756727,10.21577540025935,11.746752585730112,18.234548958987745,0.0005346955968658685,0.0004864781027480703,0.00047553431930157976,0.0005647024291518327
POL,Second,986.0,0.11,14.357022023458667,16.459823571911553,18.955175500308467,29.119054277519815,0.0024241306405789528,0.002246307408355489,0.0022054504438967604,0.0025331063694387763
POL,Third,1180.0,0.194,17.133502373077,19.71007774806271,22.717482977747277,34.68806125889644,0.004276327206680702,0.0040051175017310585,0.003942354857191294,0.004441038290838034
POL,Fourth,1440.0,0.377,21.048944536014698,24.280969387777525,28.005424257366833,42.556097657370856,0.008281709207538969,0.007822830072772263,0.007716014057011188,0.008558344336932902
POL,Fifth,1670.0,0.604,24.38312261733258,28.19602183317978,32.54125391060289,49.234287451237684,0.013281452056827316,0.012641967401000119,0.012492303945879097,0.013664336416643087
POL,Sixth,2000.0,1.07,29.15535428103071,33.7949210968291,39.02732575490115,58.799583952267994,0.023586250166844232,0.022617852585633556,0.022389971885491335,0.02416207099718316
POL,Seventh,2300.0,1.68,33.50560938689355,38.93253474435555,44.98911765863458,67.48702455304345,0.03687741732721177,0.03563626113911695,0.0353424326747938,0.037609792958009675
POL,Eighth,2830.0,3.27,41.20027076071948,48.0054568543795,55.515887445415224,82.872578539575,0.07167594011305124,0.0698626855403771,0.06943014841410333,0.07273554915114755
POL,Ninth,3350.0,5.63,48.73995607863033,56.98788782473117,65.9665424171086,97.86262580858238,0.12304869221449818,0.12125974153613589,0.12082724903955663,0.12407609396906162
POL,Tenth,5780.0,32.9,84.22835260047619,99.26313722025316,115.22094465169084,168.5376915272251,0.7160133854699028,0.7234207587121295,0.7251785403627751,0.7116549650815933
PRT,First,699.0,0.0507,9.627517185311088,10.88718316694525,12.530481445785574,21.606299048230667,0.0008044929242555917,0.0008560708043800092,0.0009366501331248302,0.0014466983394561682
PRT,Second,1070.0,0.197,15.090359142899606,17.00846782504101,19.469836153183177,32.6422800887259,0.0033658038729045578,0.0035374973423335284,0.003801357423912125,0.005373641685143325
PRT,Third,1240.0,0.319,17.768948162717003,19.98634865927263,22.805983805371852,37.626351678713306,0.005667215555044523,0.005913797088286363,0.006289115778770913,0.008448606691608676
PRT,Fourth,1500.0,0.578,21.604914664716997,24.26261961396434,27.616406206928254,44.982667729814615,0.010574497340064862,0.010971675330549609,0.011571463254185062,0.014925179837186633
PRT,Fifth,1700.0,0.873,24.788226827807534,27.796619394844598,31.567382324963067,50.8308908585925,0.016400730640157866,0.01692952575687313,0.017722223091116575,0.022038343124372625
PRT,Sixth,1990.0,1.46,29.370152876798144,32.88864275120702,37.26940915984215,59.348534818028256,0.02819682631789633,0.028961352417490437,0.030098867923418454,0.03612684915130697
PRT,Seventh,2250.0,2.15,33.42457111516065,37.37274858665919,42.25512505699012,66.51825969835664,0.04263054145132167,0.04356112317152901,0.044934086155102256,0.0519907707413571
PRT,Eighth,2710.0,3.92,40.66246755646583,45.39104605281476,51.19398302761331,79.55930312177914,0.0798000694425028,0.08107231458534862,0.08292872721819743,0.09209144014536602
PRT,Ninth,3120.0,6.2,47.42665842667135,52.826573160315135,59.38958377287488,90.79745806969947,0.13058602051531412,0.13169514886817069,0.13327843295431843,0.14046298404677315
PRT,Tenth,5070.0,30.1,79.42925262166938,88.04904318241283,98.32963815915912,144.9645834447623,0.6819738019405376,0.6765014946350385,0.668439076067854,0.6270954862374293
PRY,First,213.0,0.00132,1.6268409918298208,2.305845525819349,3.280785689907759,8.089392588023989,2.2019079966613864e-5,2.4278614510690892e-5,2.7728178197726187e-5,3.489599258127124e-5
PRY,Second,412.0,0.0102,3.199445123694358,4.524893045276455,6.397111727081002,15.555718628299243,0.00017805375104123976,0.00019306179119889924,0.00021550604240183816,0.0002606309066323668
PRY,Third,546.0,0.0245,4.286588244430044,6.04957949858956,8.517926378878053,20.546995934792704,0.0004427212735412354,0.00047520178730868284,0.0005231758126205609,0.0006177383689577786
PRY,Fourth,731.0,0.0611,5.7823331426354025,8.14766919561902,11.435368503333635,27.40669930968169,0.0011284233642948377,0.0012014184411262441,0.0013081557121158622,0.0015152133232402205
PRY,Fifth,911.0,0.123,7.273458886399204,10.232014991101575,14.318369758777761,34.11882839247419,0.0023168070404653578,0.0024487201790349433,0.0026398575477423595,0.003005296803197821
PRY,Sixth,1170.0,0.272,9.422845174533135,13.235027881313776,18.46758465917208,43.756931786917995,0.005228207140938086,0.005486858432563245,0.005858282615060654,0.006558343893511608
PRY,Seventh,1450.0,0.535,11.749309207132116,16.472708700915373,22.915027069863125,53.97564966874692,0.010478220784025145,0.010916084888095725,0.011538901757320124,0.012695151368780595
PRY,Eighth,1930.0,1.34,15.837414961419077,22.158928029023603,30.716940503849994,71.85318649857375,0.02690096205934936,0.027795042780094318,0.02905274572926802,0.03134677212161773
PRY,Ninth,2530.0,3.2,21.018615504332775,29.320860339623362,40.45434931406573,93.77770282356178,0.06589095099390373,0.0673667057127658,0.06941053643825197,0.07304678303768151
PRY,Tenth,5520.0,40.3,47.63450907737311,65.84052843000482,89.53056190748522,201.32448035920686,0.8874136345124745,0.8840926273733015,0.879425110167021,0.8709191741837992
PSE,First,314.0,0.0476,1.8252120671185275,2.5324777494723194,3.9826492874814163,13.329551622497558,0.0003511283779059973,0.00043124067985122143,0.0006333381969399704,0.0019867932926206787
PSE,Second,477.0,0.181,3.030196466322098,4.157328087290298,6.384483013724464,19.810384653762718,0.0017259207381345666,0.0020380496595611484,0.0027779680441978034,0.006905818559609939
PSE,Third,552.0,0.292,3.6828395994835468,5.0181543977793535,7.601037715121353,22.592652468789996,0.003191637041358409,0.003683339755285497,0.004807286720816225,0.010452902069186242
PSE,Fourth,663.0,0.527,4.594943378237801,6.227398455415335,9.329688053295103,26.792239925040114,0.006418365091130148,0.007272589024623971,0.009168240104469634,0.017914895279073455
PSE,Fifth,751.0,0.798,5.392647057332352,7.272529235446484,10.788438511324955,30.04257447422478,0.010647733530263768,0.011867606972807155,0.014501840507016608,0.025742732808562888
PSE,Sixth,880.0,1.34,6.532506863940556,8.767973859622094,12.882786707806682,34.81734425724779,0.01954014999744423,0.02143354263743107,0.02541157980473719,0.041101041571348744
PSE,Seventh,990.0,2.0,7.602761519964916,10.153284250971542,14.770648436403578,38.70807412148014,0.031608200406318364,0.03410170232857294,0.039185025731459176,0.05755574887080751
PSE,Eighth,1190.0,3.68,9.486792916241722,12.598150966312046,18.122819600998522,45.871430444606716,0.06382022263691332,0.0675896534161031,0.07498908285616172,0.09887906208115366
PSE,Ninth,1360.0,5.95,11.41855974729031,15.052252204947463,21.345533030671874,51.712231533935636,0.1150157117700083,0.1189620881065715,0.126217001179445,0.14506010486338033
PSE,Tenth,2210.0,31.0,20.54911255424237,26.61132602936503,36.47859015422687,80.032371380997,0.7476809304105229,0.7326201874191924,0.7023086368547566,0.5944009006042565
PYF,First,261.0,0.0358,3.27300655843715,3.685968892102322,4.2996528739033755,8.405623538009147,0.00024376337591838993,0.0003164934999899146,0.0004289978032041832,0.0014630473440590034
PYF,Second,410.0,0.143,5.550461978661632,6.1605532164648436,7.055312385622057,12.73482690101694,0.0012835129173623555,0.0015866245576125133,0.0020294819991897215,0.005421748743848197
PYF,Third,484.0,0.237,6.831066223373466,7.515699231281126,8.515269428599007,14.685530327132271,0.00247121438948788,0.002968069952252743,0.003669999771359144,0.008512883717315142
PYF,Fourth,590.0,0.44,8.607925101814319,9.405243254240327,10.564828849287323,17.563119943044068,0.005132448646481373,0.006024030747185081,0.007249634087542885,0.015022741248493128
PYF,Fifth,678.0,0.681,10.193257621748069,11.067248916893789,12.335681736913166,19.84429264392418,0.008764893938289874,0.010076686533174494,0.011835115435502367,0.022161212301991192
PYF,Sixth,806.0,1.17,12.45493284415121,13.440269563588018,14.867381731548459,23.158188525194205,0.016543332355916256,0.0186413130591577,0.021383560824638898,0.03629463740961749
PYF,Seventh,919.0,1.79,14.626428695014589,15.682184726493608,17.2109252926733,25.933900477180128,0.02755122986439665,0.03040620128767467,0.034036524171645495,0.05218216657197574
PYF,Eighth,1120.0,3.39,18.43434916351792,19.62131987462322,21.339445373708273,30.95300567898555,0.05747357149874324,0.06196826740878951,0.06749233282608148,0.09233126391877715
PYF,Ninth,1310.0,5.68,22.474852229187924,23.69659465542907,25.47456350763427,35.230472100083034,0.10797926993243447,0.113013877823539,0.11886234126573615,0.14063640706627004
PYF,Tenth,2220.0,32.3,41.640385018522394,42.8699839710926,44.720453820927915,55.09530517764316,0.7725567630809695,0.7549984351306244,0.7330120118150997,0.6259738916776529
QAT,First,624.0,0.016,7.426337204371593,9.234721337409336,11.104560190712219,20.432910925775662,0.00011313615372922703,0.00012612478457552545,0.00016329075248711536,0.0006810659521014549
QAT,Second,1050.0,0.074,13.380888905248327,16.589769222369732,19.6541583810181,32.93430074926542,0.000685998661064203,0.000749827813348298,0.0009260402442400677,0.0029449439910712106
QAT,Third,1290.0,0.134,16.998323800448116,21.019484644704303,24.682581316902542,39.22740297150681,0.001435572940767309,0.001550914525253608,0.0018626574911609949,0.005054187679719942
QAT,Fourth,1620.0,0.267,21.987411511138372,27.137216357286764,31.64391004522712,48.20277174611078,0.003187056443278647,0.003411070542102291,0.0040062376289835624,0.009575546191209754
QAT,Fifth,1910.0,0.44,26.624924751355753,32.79631852387947,38.00080415735611,55.745583442030046,0.005778902282222161,0.0061332875635409295,0.007060197247571265,0.015056292517351813
QAT,Sixth,2320.0,0.808,33.25385889068482,40.88561683314969,47.08256780302591,66.58440199874082,0.011560210016137488,0.012169456731405402,0.013738406957761063,0.026231506052530617
QAT,Seventh,2720.0,1.31,39.907084972510305,48.95898894830422,56.016480449381206,76.29603669319084,0.02044762651649782,0.02134406335567087,0.023614403888236806,0.04020856413380568
QAT,Eighth,3420.0,2.68,51.55269436387386,63.09118855057548,71.65508803068317,93.53649485124066,0.045633748310817485,0.047185161580257574,0.051036584178394004,0.07643499182854036
QAT,Ninth,4140.0,4.95,64.75381523681017,78.96532709147606,88.82948000214111,109.91444302457678,0.09344992476674635,0.0954648943002711,0.1003178210278038,0.12755900097350883
QAT,Tenth,7590.0,35.2,128.63672004451476,155.212279822383,170.14612508842555,185.52378060192234,0.8177078239087392,0.8118651988035744,0.7972743605833613,0.6962539006801604
ROU,First,948.0,0.18,12.287362403679387,14.808274168811831,17.862708906870644,29.63870302715755,0.0038915345877652122,0.0037976661815006087,0.0037750355742087443,0.00406274233231337
ROU,Second,1340.0,0.539,17.323191729801266,20.9195501184609,25.24968693091385,41.679479767847035,0.01168368872235714,0.011464457049230464,0.011411399714899403,0.012080147503513359
ROU,Third,1480.0,0.75,19.211541258080967,23.224341333041462,28.039799268323595,46.1504273421393,0.01627387925933613,0.016017970758111406,0.015955897715364573,0.01673435837406665
ROU,Fourth,1710.0,1.2,22.26431696301659,26.938606061692624,32.53318231150672,53.42192455437069,0.02610257319158772,0.02575548378643389,0.025671135306995087,0.02672449767877747
ROU,Fifth,1880.0,1.63,24.47198633327769,29.632326053749583,35.79458122662367,58.65511631104266,0.035340472930611565,0.03494777643531555,0.034852169630496546,0.03604126032695498
ROU,Sixth,2140.0,2.45,27.812543528081402,33.70293205965824,40.72211518567359,66.59525827082184,0.05326274415280786,0.052783906500376544,0.05266709791846215,0.05411349100743729
ROU,Seventh,2330.0,3.23,30.321829030366047,36.77129874756684,44.44016532127147,72.52410837128406,0.07026282594403893,0.0697858332506264,0.06966918632835874,0.07110562614370113
ROU,Eighth,2700.0,5.18,35.15340714765713,42.66776387842582,51.58335262033276,83.98523518349405,0.11290573319563335,0.11241803965346926,0.11229829104576212,0.11375957082661711
ROU,Ninth,2960.0,6.98,38.576882043437635,46.871914568456354,56.68559603189241,92.01904780081857,0.15213943907902644,0.15196123293291075,0.1519165749774198,0.1524369080943259
ROU,Tenth,4340.0,23.7,56.49244614855697,68.80116679274435,83.30441877821141,134.36871751587125,0.5181371089368356,0.521067633452025,0.5217832117880328,0.5129413977122927
RUS,First,416.0,0.00724,6.5627458142981,7.634835520554664,8.645469812772648,11.449383203693694,0.00022179566978064344,0.00019100755729464854,0.0001638889894179743,0.00010304107839835362
RUS,Second,717.0,0.041,11.024889205163483,12.933279827413354,14.771118107109535,20.07426852880705,0.0011885962402142514,0.0010523767254986068,0.0009288088120757508,0.0006354272177128131
RUS,Third,894.0,0.0825,13.543653549509015,15.96679449253322,18.32808026624535,25.292874594384564,0.0023122928547606005,0.0020809917765247875,0.0018674852566378385,0.001343139427618675
RUS,Fourth,1140.0,0.178,17.022510060785564,20.146476442807376,23.217898712992476,32.43259147997464,0.004842324437689386,0.004415215173521974,0.004015346685542251,0.003005865788241759
RUS,Fifth,1360.0,0.314,20.133929623552156,23.912463338282258,27.65588204335631,39.05412066576516,0.008331245107796183,0.00768611052639213,0.007074230808619689,0.005489828177585188
RUS,Sixth,1680.0,0.612,24.56183063478065,29.26818010725152,33.96245837778014,48.45757775135983,0.015838785144332627,0.014779589620486857,0.01376190575015283,0.011059055341708217
RUS,Seventh,1990.0,1.05,28.82805832435528,34.469429718854634,40.1336939396476,57.87116815914934,0.026575953553087502,0.025092970848192477,0.023648012113632853,0.01970355714008965
RUS,Eighth,2540.0,2.29,36.28770254198801,43.54506803721783,50.87476790444488,74.17898393660973,0.055905765255166884,0.053488474590577005,0.051092794377939725,0.044332075911559014
RUS,Ninth,3140.0,4.53,44.252265619160454,53.34413217070039,62.588383695962634,92.51949103954009,0.10616318184807912,0.10330063925825377,0.10038711658868002,0.0917316724353642
RUS,Tenth,5940.0,36.7,81.90976379964471,99.38518262140234,116.95924946211618,175.58674410319142,0.7786200598890928,0.7879126239232578,0.797060410617301,0.8225963374817221
RWA,First,38.6,0.000384,0.21994896422008697,0.3216126475876806,0.5005363578384211,1.5787263781076208,6.2672002473234e-6,6.964719374002047e-6,8.038847987192145e-6,1.0301441092951236e-5
RWA,Second,80.1,0.00365,0.4649469960448393,0.6787815394686647,1.0496297175650604,3.2625532698063537,6.262191716157382e-5,6.838407057125812e-5,7.706923408336518e-5,9.474894636179216e-5
RWA,Third,111.0,0.01,0.6499071153960083,0.9469166571898355,1.458104062715665,4.493869063461884,0.00017709882643590616,0.00019133403686350694,0.00021251201757648526,0.00025473582302708775
RWA,Fourth,153.0,0.0276,0.9068177321140649,1.3192663313352202,2.024746589707752,6.198159663213936,0.0005005108147549251,0.000536111897063256,0.0005885208232477308,0.000691275684472178
RWA,Fifth,196.0,0.0608,1.1755036048496712,1.7074193581805406,2.6124603624700318,7.949400717722449,0.0011277510939572144,0.001198649831821954,0.0013020277147047505,0.0015016584351208184
RWA,Sixth,260.0,0.147,1.5677665278878075,2.2736974441706614,3.4686630323947183,10.493699369500304,0.0027852295792635553,0.0029381663645216115,0.003159082537717701,0.0035793838294555323
RWA,Seventh,330.0,0.317,2.0141894907983247,2.9158544185847086,4.434399151632557,13.335632821952773,0.006129565463430256,0.006415938184116351,0.006825533399201756,0.007592675396172295
RWA,Eighth,456.0,0.882,2.807295193011158,4.0558775785078645,6.146549052146714,18.36149614029116,0.017478301810222575,0.0181355665980711,0.01906498421038601,0.020774489502144756
RWA,Ninth,623.0,2.4,3.8877013869738475,5.600453375552263,8.448037741872518,25.02260788660882,0.048969823198364175,0.050245092947408046,0.052020514198919295,0.05520615911303895
RWA,Tenth,1510.0,42.0,9.795533919700215,13.995263482192161,20.846942388754893,60.394211178661585,0.9227628300961624,0.920263791350189,0.9167417170161757,0.9102945718291137
SAU,First,660.0,0.0376,8.116604588314537,9.415700703644172,11.323723646028682,21.820670615835482,0.0002975052144573595,0.0003482333318820826,0.00047188284495548955,0.0015435289501843621
SAU,Second,1050.0,0.15,13.780239354652554,15.874241125670403,18.734500070910386,33.28211250955859,0.0015089685169941516,0.0017143868098514726,0.0021917752714690326,0.005656828041755795
SAU,Third,1240.0,0.248,16.91488912519555,19.39227535190505,22.636189810236758,38.41931782645888,0.002842199785352347,0.0031732286280504963,0.003921308762878128,0.008825630828728979
SAU,Fourth,1510.0,0.457,21.29057618641349,24.320215569601494,28.14013276208221,46.034759710985604,0.005800231250244981,0.006386043328310075,0.007680141522390783,0.015495755321454186
SAU,Fifth,1740.0,0.706,25.160376397183676,28.640240520542424,32.876723677028686,52.052351455862315,0.00975019688284243,0.010601124058406946,0.01244197187643006,0.02275494495799204
SAU,Sixth,2070.0,1.21,30.694253901139156,34.821471371987116,39.66173848503615,60.81270067249224,0.01812360018526711,0.019467095662078018,0.0223132277081631,0.03710263165549733
SAU,Seventh,2370.0,1.84,35.951648156479415,40.63366857319277,45.906996585964386,68.11592993994375,0.02970826247290524,0.031510959248331284,0.035243325457236636,0.053100181246567096
SAU,Eighth,2890.0,3.46,45.20120110355945,50.86780236666633,56.92714228034874,81.3493275838196,0.06088215160287517,0.06367125963919083,0.069283969595499,0.09347524285490502
SAU,Ninth,3380.0,5.75,54.84884766205517,61.36353910322899,67.84676370750972,92.52526617175884,0.11182031924496019,0.11485623687570377,0.12068058267668616,0.14145290243599357
SAU,Tenth,5690.0,32.0,100.55285676184424,110.58419128256301,118.2634647136459,144.28239105120198,0.7592665648441009,0.7482714324181949,0.7257718142842916,0.6205923537069217
SDN,First,312.0,0.0423,2.703607755504378,3.430989537891816,4.681057297032212,11.90391639094377,0.00033179543538646854,0.0003720460643098631,0.0004962682948952544,0.0017815313659942853
SDN,Second,490.0,0.164,4.576708241824396,5.786786940704719,7.756946476075279,18.052869923987434,0.0016485260167797048,0.0018086977589447924,0.0022826971877127024,0.006336405573222014
SDN,Third,575.0,0.266,5.602926622400311,7.063061558945097,9.370494499758419,20.75456436366878,0.0030677604444400435,0.003323229797664573,0.0040608735353563855,0.009717845347264725
SDN,Fourth,698.0,0.487,7.03968346147756,8.855475265070808,11.653520722674905,24.810574274746546,0.006200356611644198,0.0066486729270022376,0.007917521163042888,0.016830524254146346
SDN,Fifth,800.0,0.744,8.30345153494497,10.422539320937636,13.615628465238121,27.9880939787524,0.01033268134998825,0.010978863392984458,0.012774383762809333,0.024413234064381832
SDN,Sixth,947.0,1.27,10.11269679395056,12.668246269666191,16.4332679072605,32.65200898749581,0.01904528359741035,0.020057608515123768,0.02281907631758458,0.039335445627869635
SDN,Seventh,1080.0,1.9,11.820966368848703,14.773790272183652,19.024333507036513,36.505471210042614,0.030947932556036322,0.032294745882660854,0.03589515394858862,0.055605950379513804
SDN,Eighth,1310.0,3.55,14.832305261029997,18.491539418211907,23.617805837397007,43.58624635468336,0.06280580534229006,0.06486767923864846,0.07024275067258699,0.09654460843093603
SDN,Ninth,1520.0,5.83,17.94359561354413,22.2901068546916,28.170979001182896,49.49182144318142,0.113924379847411,0.11612948995152045,0.12163793755930712,0.1435536649668637
SDN,Tenth,2550.0,31.6,32.71545376326642,40.30203033509339,49.7088117820523,78.23821382207747,0.7516954787986135,0.7435189664711405,0.721873337558116,0.6058807899898075
SEN,First,140.0,0.0164,0.6278288912815108,0.8866945780481471,1.4037490297834798,6.107167914658203,0.00011815709998840612,0.0001295580075283403,0.00016802918143398092,0.0007021690148066828
SEN,Second,229.0,0.0756,1.1299949942643197,1.5930801601703373,2.4844618091584088,9.837110865448327,0.0007108297125091718,0.0007664859098185868,0.000947915922400842,0.0030179788554352167
SEN,Third,276.0,0.136,1.434032811556982,2.017711337428884,3.118713151602873,11.708635928834278,0.001480612382411452,0.0015807889023800098,0.0019007484520516807,0.005161497382114839
SEN,Fourth,342.0,0.271,1.8535982889142424,2.604454201926395,3.997303369943751,14.38188679381681,0.00327479710887272,0.003468735925152533,0.004078024328540429,0.009751652732900507
SEN,Fifth,399.0,0.447,2.2428681886930915,3.1466221911200307,4.798634235321345,16.6248899031009,0.0059180910517502875,0.006223999973548344,0.007170674945239102,0.015294864762827834
SEN,Sixth,481.0,0.819,2.7993379199019732,3.9217098417116603,5.94365799108103,19.85081497268517,0.011800156633164747,0.012324534144519146,0.01392320192775345,0.026582579143721478
SEN,Seventh,556.0,1.33,3.35665822828447,4.694264447574776,7.068421189278211,22.73627915437613,0.020801721671105684,0.021570869532117506,0.023878396236792714,0.04064442581944949
SEN,Eighth,689.0,2.71,4.332364538542409,6.046788452380631,9.037781080516833,27.866415772437986,0.04624872015202102,0.04757484847577633,0.05147751654829133,0.07704638330506786
SEN,Ninth,822.0,4.98,5.434729300156748,7.562754896557846,11.195520051026135,32.7281695220053,0.09425288677834953,0.09596549259428383,0.10086023148587796,0.12811899679146474
SEN,Tenth,1450.0,35.1,10.76170283109875,14.83374470761638,21.40286425995117,55.29261748267006,0.815394027409827,0.8103946865348755,0.7955952609716186,0.6936794521922113
SGP,First,384.0,0.00111,6.160835053358149,7.24018404052555,8.172503965246785,10.224179441050376,1.839992506531579e-5,2.0310033007339883e-5,2.3229652456474062e-5,2.930790481218766e-5
SGP,Second,755.0,0.00878,12.260754311358308,14.378953893912755,16.124973728021423,19.88270104594067,0.0001534246581276808,0.00016652049661877009,0.00018612680813031435,0.00022561499452979986
SGP,Third,1010.0,0.0216,16.535564789312904,19.35161088208449,21.611546389757923,26.426749319078137,0.0003886306436566008,0.0004175206874606267,0.0004602352469632289,0.0005445677625568493
SGP,Fourth,1360.0,0.0546,22.424075880010427,26.201757406029998,29.16533818367672,35.42229048273709,0.0010054108204083335,0.0010713490436100944,0.0011678600813312696,0.0013553657935086885
SGP,Fifth,1710.0,0.111,28.337591401573516,33.056844293659125,36.68360837824445,44.28307602380674,0.0020920884671460816,0.0022129370411361035,0.002388201074272766,0.0027237751653003016
SGP,Sixth,2210.0,0.249,36.87642359437779,42.948773596880756,47.51727887155474,57.00940794862326,0.004782867956783748,0.005023127436451507,0.0053684374840043125,0.006020169560553411
SGP,Seventh,2750.0,0.497,46.18955169540574,53.6937252880812,59.21259597703779,70.58173104970655,0.00971575411227222,0.010128491865323837,0.010716049023599378,0.011808266105776661
SGP,Eighth,3690.0,1.27,62.576067599731445,72.58063947834152,79.72847566424909,94.2608513020998,0.025323428915271094,0.02618072105905951,0.027387625181335574,0.029591794659469168
SGP,Ninth,4870.0,3.07,83.57027230484098,96.61064901628959,105.55623709421545,123.41057283734483,0.06323855579496442,0.06468782263836496,0.06669662977722424,0.07027539893050866
SGP,Tenth,10700.0,40.6,192.16320213407488,219.28760916546972,234.4911473682642,260.19229192535494,0.8932814387063045,0.8900911996989672,0.8856056056706825,0.8774257391229844
SLB,First,119.0,0.0168,0.6203453291835802,0.9367320991835912,1.3739956301484963,4.8195736819259825,9.779041714061068e-5,0.00013609075844030202,0.00017083330878816941,0.0006663297893967818
SLB,Second,193.0,0.0767,1.11750711206638,1.6581307243056596,2.4007805835303837,7.723627438422022,0.0006087571788208686,0.0007979532010551912,0.0009608053099255701,0.0028936606119723818
SLB,Third,232.0,0.138,1.422527412073767,2.0881576144010374,3.0001210475372884,9.185856131237204,0.0012939896764917688,0.0016369785161949246,0.0019231342207649766,0.004978591701874312
SLB,Fourth,287.0,0.273,1.842124225908846,2.6813463278154557,3.82878433759764,11.266757037650171,0.0029088768715113556,0.0035768171056137447,0.004120124441851995,0.009451154402011492
SLB,Fifth,334.0,0.448,2.2343304604582195,3.227230138284532,4.5827053456523545,13.015880603217802,0.005334145797006882,0.00639347619290793,0.007235341767023332,0.014887362593452387
SLB,Sixth,402.0,0.82,2.7945437212717543,4.006487172596448,5.6585516357624694,15.525825173642874,0.010787521330946317,0.01261334158453613,0.01403116209307933,0.025982291186911997
SLB,Seventh,465.0,1.33,3.360485572522302,4.780254326790747,6.713245113627141,17.775991888367386,0.019297789788862173,0.02199181506075658,0.024032306955465602,0.03989829513976361
SLB,Eighth,576.0,2.7,4.349962840094327,6.133686174518718,8.55841103522347,21.76375254437257,0.04361672338412172,0.048295132428819075,0.051733943715038595,0.0759982008763071
SLB,Ninth,687.0,4.96,5.483198360675285,7.643540454475678,10.576184259574394,25.55641822656026,0.0907764092700256,0.09688502232517547,0.1011744539668453,0.127156209352174
SLB,Tenth,1210.0,35.1,10.983732524984706,14.881381133194438,20.13538752952603,42.99166715455063,0.8252779962850727,0.8076733728265006,0.7946178942212171,0.6980879043461359
SLE,First,111.0,0.0521,0.43972364749840587,0.661773043025128,1.140498029823521,4.874222099414895,0.00038805863333882945,0.00047590707462774574,0.0006970216447898062,0.002167822631002726
SLE,Second,168.0,0.195,0.7335004018103964,1.0925901440864507,1.8380825316385065,7.263493195417829,0.0018714273167865436,0.002206845222918039,0.003000207866568285,0.007396712021155305
SLE,Third,194.0,0.31,0.8914910632853311,1.3192198794609442,2.188652141941411,8.277057777344805,0.003422361205749566,0.003944500463363138,0.005135423880608402,0.011078221042150522
SLE,Fourth,232.0,0.556,1.1132617680634496,1.6391506258175914,2.6896344919273267,9.820958963541802,0.006821328799205756,0.007719669541049064,0.00970891349174973,0.01882724636065862
SLE,Fifth,262.0,0.836,1.306439642829866,1.914564970507135,3.110607500427729,11.008920215728603,0.011225996102590077,0.012497430883486637,0.015237028951610741,0.026849684948629517
SLE,Sixth,306.0,1.4,1.5830594305273225,2.3096303664807167,3.716826610651303,12.76272042512221,0.02044207166955215,0.022397785801541604,0.0264975641615004,0.042555077412677694
SLE,Seventh,343.0,2.06,1.8414683897940813,2.6737458669879426,4.260360967464685,14.181480311590104,0.03280233019770971,0.03535252053755242,0.040539009852783116,0.05914093373907476
SLE,Eighth,411.0,3.77,2.297586953812702,3.3184358546717214,5.229435059800888,16.81225576513717,0.06563736053825463,0.0694450180689008,0.07689875065603179,0.10074207915230945
SLE,Ninth,468.0,6.02,2.761275819387432,3.9600484925743347,6.152805218331499,18.930511363305175,0.11693946751582683,0.12084215354479952,0.1279841782852336,0.14620277463434767
SLE,Tenth,750.0,30.6,4.957476939694099,6.994537335586879,10.521136739765138,29.367450300785674,0.7404495980209859,0.7251181688617611,0.6943019012091242,0.5850394480579937
SLV,First,218.0,0.0332,1.8640755457672167,2.203322377922662,3.007717767834495,8.515918452383048,0.00024272291778387788,0.00028880786478614105,0.000411950256456582,0.0014047399419448606
SLV,Second,344.0,0.135,3.184515716873443,3.7325013290855953,4.98603522664834,13.013781063026329,0.0012790564870701017,0.001473070659098805,0.0019640572902856032,0.005249614228376145
SLV,Third,405.0,0.227,3.9291511904246277,4.580289519370295,6.041829459104472,15.058796563517523,0.0024637915084602968,0.0027836982206995695,0.003567853093515561,0.0082824467221774
SLV,Fourth,494.0,0.423,4.96369607194083,5.762123246674063,7.524888638301065,18.073589048579315,0.005118954715656491,0.005695755189618197,0.007073473322481085,0.014672420248538293
SLV,Fifth,567.0,0.66,5.887996515895098,6.8083271236640215,8.811213995479381,20.47599027825756,0.008744802729371753,0.00959716303411575,0.011585251951159576,0.02171935490035593
SLV,Sixth,673.0,1.14,7.2079276504923735,8.303317491281346,10.652221231798187,23.970005922723107,0.01651081678104375,0.017879948835403926,0.02099839397754157,0.03569030926654897
SLV,Seventh,767.0,1.75,8.476700605470658,9.72536330943352,12.363404701142333,26.91499126107901,0.027506408898058537,0.02937833342836098,0.03353310040825646,0.05149157672110537
SLV,Eighth,936.0,3.34,10.703638813753146,12.224758408222025,15.381358338882084,32.25018870828808,0.05740189249842155,0.060365913784426406,0.0667384969888743,0.09146379069008044
SLV,Ninth,1090.0,5.63,13.069811489962472,14.836911442884785,18.423365622505035,36.84674733733797,0.10789692499561337,0.11124791027933446,0.11808587737360682,0.14000545588829694
SLV,Tenth,1840.0,32.5,24.316319399734873,27.18588968085212,32.6831435606115,58.50921847423882,0.7728346284685202,0.7612893987041558,0.7360415453378225,0.6300202913925756
SRB,First,394.0,0.111,5.666795520204476,6.346223340335426,7.301428900277291,11.962145863093204,0.002483533434735467,0.002379481047279856,0.002309568162511222,0.002439317726604363
SRB,Second,574.0,0.369,8.246979130228576,9.264106943289846,10.676800176813433,17.405349977076487,0.00823046441357992,0.007958613475995949,0.0077743708645580285,0.008115282546678197
SRB,Third,648.0,0.545,9.309475619784125,10.474595408166708,12.083067771405576,19.643258198591322,0.012124014651098634,0.011785174286369162,0.011554367650827811,0.011980696100189309
SRB,Fourth,762.0,0.917,10.943208290641989,12.327486705865244,14.227389592985254,23.062174036066732,0.020333637075189807,0.019848131346356532,0.019516028849425267,0.020128577468184854
SRB,Fifth,848.0,1.3,12.18163820211574,13.736659436170823,15.860319430934043,25.64259530395963,0.028655282744407342,0.02807626848883855,0.02767861591121071,0.028411062238495547
SRB,Sixth,975.0,2.03,14.015712555618325,15.818007517490036,18.264836867196895,29.431977629294046,0.044896705561067625,0.04414978834026585,0.04363465668570123,0.044582120399625585
SRB,Seventh,1080.0,2.8,15.474534037677342,17.479475257324285,20.18611259797836,32.4232128519222,0.061655444955896074,0.06085847654164811,0.06030605201895442,0.06132035766877523
SRB,Eighth,1260.0,4.72,18.195663214510144,20.564888345345544,23.73508352703489,37.91560708427,0.10363259024598669,0.10272509137190985,0.10209133645933365,0.10325201132348916
SRB,Ninth,1410.0,6.76,20.327343243025854,22.99569042959244,26.53305359941411,42.14677696148938,0.14786481721144729,0.14735802440529217,0.14699584878445754,0.1476539945244932
SRB,Tenth,2100.0,26.3,30.926173305100544,34.91963006724177,39.97112863812866,61.60212418532051,0.5701235097065912,0.574860950696044,0.5781391546130201,0.5721165800034645
STP,First,166.0,0.0941,1.1516036738223094,1.556450872129916,2.339276272866395,6.758592996243204,0.0007479880410230219,0.0009084840798305601,0.0013063158071933705,0.0038330795348087586
STP,Second,244.0,0.312,1.832197408130209,2.4494553040081293,3.5953102975147453,9.627512976963763,0.003174977675752096,0.0037097058310146982,0.00495534470444316,0.011547324934006726
STP,Third,275.0,0.464,2.1702657670723564,2.8820956102241215,4.173276402272573,10.709663368841293,0.005390829533040406,0.0061592313122564284,0.007885576871823065,0.016114810250963913
STP,Fourth,325.0,0.787,2.6539660530373386,3.5062441909997157,5.022464263129586,12.457305990717458,0.010126215056196673,0.011364529810674342,0.014065376717726001,0.02588695112685925
STP,Fifth,362.0,1.12,3.058032587276059,4.020771782240059,5.703815557279565,13.724117689327757,0.015800035200057867,0.01744951194079153,0.02094927908076715,0.03509665450270275
STP,Sixth,418.0,1.79,3.639881576267274,4.763855518810664,6.694521794852706,15.63972547429241,0.027322620351249823,0.0297086671366002,0.034630791160563966,0.05296562079173729
STP,Seventh,462.0,2.51,4.158350447346077,5.415833276068756,7.536711192849776,17.08146826539319,0.04155857965912786,0.04446466839328603,0.05027250618457527,0.06996707064104543
STP,Eighth,545.0,4.34,5.083561898728138,6.584642339471117,9.06269063738899,19.851818743986573,0.07832036815729602,0.08229676852107112,0.08991798976165198,0.11260372157201518
STP,Ninth,611.0,6.45,5.95721091533594,7.660951212898372,10.397278314555775,21.819428976420813,0.12927160658616707,0.1327441521418043,0.13885631977522925,0.15202977597957731
STP,Tenth,940.0,28.0,10.09567353388713,12.762457666724142,16.76633287637786,32.02166607794496,0.6882867797400891,0.6711942808326709,0.6371604999360267,0.5199549906662835
SUR,First,124.0,0.000357,1.0608753002997073,1.458373735205027,2.0237790994605063,4.523221349072563,5.8166792557020696e-6,6.467212499865425e-6,7.469518277468536e-6,9.582589402181439e-6
SUR,Second,260.0,0.00343,2.2711051416941817,3.119856729531111,4.301697125070426,9.464905799303947,5.8842305023038426e-5,6.428493068668253e-5,7.249239958265792e-5,8.921228729353186e-5
SUR,Third,361.0,0.00948,3.1918204587175163,4.37710518243145,6.009719388588481,13.105821524605037,0.0001676729965931978,0.00018122342040521462,0.00020139142551297643,0.0002416292207185975
SUR,Fourth,502.0,0.0263,4.473569243072992,6.127045652913111,8.384377511486711,18.154310190797485,0.00047675770871126043,0.0005108588656134399,0.00056107997015599,0.0006596078795061017
SUR,Fifth,648.0,0.0583,5.819229398136142,7.9583840088501745,10.85675168513898,23.35947668292132,0.0010801198149885773,0.0011484181992094961,0.0012480417293737275,0.0014405359863785062
SUR,Sixth,860.0,0.142,7.787323869546079,10.634864397512118,14.464316427751408,30.928646431353336,0.002681785943502265,0.002829936542311278,0.0030440131892412697,0.0034515249144130484
SUR,Seventh,1100.0,0.307,10.035229671426553,13.680713050391498,18.546722440181682,39.40269767136964,0.005934482161016384,0.006213526700603051,0.006612767673688257,0.007360895355107284
SUR,Eighth,1520.0,0.86,14.034843067398016,19.094772354163688,25.7891835547963,54.36891661976103,0.017026864084916646,0.017671661917858905,0.018583718581288374,0.02026207716598325
SUR,Ninth,2090.0,2.36,19.508455171327025,26.459633362840403,35.55230695985096,74.18302206222474,0.048084030592474875,0.04934674104097831,0.051105163954649466,0.05426171847790066
SUR,Tenth,5040.0,42.1,49.54970306804471,66.42438955548687,87.57239549290604,175.15305961618648,0.924483627713518,0.9220268811698338,0.9185638615582298,0.9122232161232968
SVK,First,473.0,0.023,10.969118482115427,10.811367593246676,10.72228236918571,9.655000224564228,0.0013302996556092987,0.0006703806464183584,0.0003253584655646029,2.907798970061137e-5
SVK,Second,800.0,0.0954,16.60219475349207,17.089028186147647,17.70887375653545,18.287309854755435,0.0050274960505197535,0.0029077818358241017,0.0016225576137878053,0.00022414988959107557
SVK,Third,990.0,0.162,19.17523352012174,20.23538406720451,21.510393548716397,24.088029647918724,0.007983235773228944,0.00499942799735626,0.0030260066517433927,0.0005414752495286657
SVK,Fourth,1260.0,0.307,22.950684983960997,24.706820228271628,26.8042088469419,32.02689776694425,0.014215197816493668,0.00948546760591773,0.0061266029639227,0.0013485550106609964
SVK,Fifth,1500.0,0.487,25.96986500436554,28.460740953901222,31.446596471809556,39.82664923445885,0.0211398663335593,0.014933996251127988,0.01022573430799657,0.0027116912515516996
SVK,Sixth,1850.0,0.86,30.355223086189493,33.84792239896572,38.06849386662443,51.012760146092525,0.03489376503743484,0.026051139821501434,0.018876722884643243,0.0059969015142141155
SVK,Seventh,2200.0,1.35,34.072897494069615,38.67956811317434,44.30856495147722,62.947369462770936,0.050576077491053154,0.03998408294601642,0.03072219154000544,0.011769625960717126
SVK,Eighth,2820.0,2.67,40.80849450824441,47.26458992898022,55.2704143728397,83.8330654102998,0.09030465399711671,0.07611910235369858,0.06245737989374361,0.029514645242351437
SVK,Ninth,3520.0,4.8,46.68243082146659,55.46330233234735,66.58142335919761,109.7883583914139,0.13914671485155053,0.12726792729126782,0.11354664278411004,0.07015202093200992
SVK,Tenth,7040.0,35.1,74.83018768504235,94.11676524051342,120.00099611482017,241.10863905645635,0.6353826929934338,0.6975806932508714,0.7530708028944825,0.8777118569596744
SVN,First,1160.0,0.268,17.620860664365594,19.724050295043973,22.322645445326838,33.68473809861019,0.005802979232261312,0.005668934035348349,0.005636593350240635,0.006047062410757365
SVN,Second,1580.0,0.733,24.132298604060995,27.065088200758332,30.648749533674806,46.011439466778214,0.015898810244314845,0.015616571149221204,0.015548210815564999,0.016408308739722856
SVN,Third,1730.0,0.968,26.333201911484135,29.56346150426589,33.487527887188875,50.12851293517693,0.02103335299372587,0.02072332297932552,0.020648058917227714,0.021590181589141156
SVN,Fourth,1980.0,1.49,30.124719473693663,33.84877748114331,38.35223550944704,57.279112914824005,0.03238052367301184,0.031981126793388756,0.03188397952990963,0.03309475632830123
SVN,Fifth,2150.0,1.94,32.73044966957905,36.80364205844968,41.709814595953816,62.16558068676461,0.0422548234024469,0.041825090806757316,0.04172036484463632,0.043020022382656675
SVN,Sixth,2410.0,2.82,36.78204537424557,41.38966617357868,46.919470231289466,69.79099463908902,0.061451317089747194,0.060955478620964315,0.060834381953989505,0.06233002193820977
SVN,Seventh,2600.0,3.59,39.63824982707411,44.63608739934009,50.6118308856496,75.12813466481222,0.07812518608979178,0.07766510175832264,0.07755242242524464,0.07893536314609276
SVN,Eighth,2970.0,5.53,45.35989533351954,51.121987676570185,57.985982877569555,85.87605250760207,0.12045693450582191,0.12004199916290581,0.1199398322400848,0.1211787992675912
SVN,Ninth,3210.0,7.06,48.96552217349988,55.24147222082113,62.68019213308469,92.55644431864661,0.15400823412334905,0.15395740024951077,0.15394377655166733,0.1540787704968675
SVN,Tenth,4530.0,21.4,69.21018880660712,78.25537842721857,88.90287825175008,130.4604543478073,0.46858783864552916,0.47156497444425544,0.4722923793714343,0.46331671370065963
SWE,First,1260.0,0.179,20.537603527921593,22.683899447044634,24.980697708582568,34.88692409268721,0.0038712105531734137,0.003777781976054314,0.00375525773189467,0.004041619909189194
SWE,Second,1770.0,0.537,28.900950273242493,31.975841358345168,35.22885689359763,48.947778683968686,0.011636335990620087,0.011417843491645036,0.01136496490363319,0.012031467241046187
SWE,Third,1970.0,0.747,32.038506324522565,35.481349131381194,39.10053199402265,54.170294352333755,0.01621868262149249,0.015963439064962053,0.01590152767035938,0.0166779750553252
SWE,Fourth,2280.0,1.2,37.10529493755244,41.12420263730929,45.328200996936246,62.653647408760676,0.02602779858047827,0.025681386917279003,0.0255972035951014,0.026648524935539136
SWE,Fifth,2500.0,1.62,40.770410123178024,45.21743718994612,49.84891773867832,68.75986647785449,0.035255970259227276,0.03486379257427648,0.034768314229263214,0.03595584902533424
SWE,Sixth,2840.0,2.44,46.31311633040944,51.399058230316754,56.67421513401166,78.01790279296333,0.05315983263972666,0.05268130229044709,0.052564570455036236,0.05401005962353595
SWE,Seventh,3090.0,3.22,50.47868631032192,56.06079581975029,61.82599553395309,84.93340859409747,0.07016047170068941,0.06968337942820343,0.0695667097516842,0.07100348083308564
SWE,Eighth,3580.0,5.18,58.4942148442279,65.01303411565411,71.71540297250341,98.29044034536099,0.11280135386861025,0.11231287133419546,0.11219293272465247,0.1136566269917449
SWE,Ninth,3930.0,6.97,64.18037964837266,71.40298317209567,78.78569609078393,107.66235216678228,0.1521017963362388,0.1519220314562811,0.1518769957833615,0.15240204465144655
SWE,Tenth,5740.0,23.7,93.91341712648318,104.7042451826286,115.61785759822278,156.99113342161144,0.5187665474497434,0.521696171466656,0.5224115231550137,0.513572351733753
SWZ,First,95.9,0.000373,0.7876964178679473,0.9852672485724812,1.3792726245836793,3.672334752926952,6.079841839013541e-6,6.757847701711209e-6,7.802154095896842e-6,1.0002673337495698e-5
SWZ,Second,201.0,0.00356,1.6799684675377962,2.1001451474435204,2.921878259512001,7.663144126595933,6.105591604401558e-5,6.668588530322491e-5,7.517343838023498e-5,9.245621711707865e-5
SWZ,Third,279.0,0.00978,2.3565300686930724,2.9410175827131777,4.074880050414064,10.594955790272941,0.00017320228453587274,0.00018715487968265927,0.00020791606199663856,0.0002493204378177356
SWZ,Fourth,387.0,0.027,3.2977658052145955,4.1107213837105965,5.677131890971948,14.659585276161037,0.0004907095558859125,0.0005256927512123895,0.0005772005573628317,0.0006782147153574142
SWZ,Fifth,498.0,0.0598,4.284198208503224,5.332758750408617,7.342672591639591,18.845272276923964,0.0011081298040575094,0.0011779592449373331,0.0012797935224636151,0.0014764905990984755
SWZ,Sixth,661.0,0.145,5.725999844312867,7.11781719315242,9.772121559800343,24.933587928589017,0.002742686749043126,0.002893658957507773,0.0031117680397766165,0.003526821030590414
SWZ,Seventh,843.0,0.313,7.369914513650987,9.145962273502136,12.517647347659697,31.74683073978446,0.006049473011284056,0.006332843640357687,0.0067381977022970265,0.007497552519552715
SWZ,Eighth,1170.0,0.873,10.293388605114572,12.750273550006074,17.39001835679263,43.80634623100472,0.017293331951844515,0.01794550256163986,0.018867827156745606,0.02056460944448273
SWZ,Ninth,1600.0,2.38,14.28500321001614,17.644811016299588,23.953935114481883,59.822390603346285,0.048607874891513046,0.049878036655716475,0.05164654856777965,0.0548203738050337
SWZ,Tenth,3910.0,42.0,36.166462545061194,44.29776419634661,59.351055175669195,144.85990434914524,0.923467455993953,0.9209857075759409,0.9174877727991019,0.9110841585576122
SYR,First,204.0,0.0405,1.1623060300581414,1.7527399974706424,2.6348986657138886,8.478780502530336,0.0003241847869782288,0.0003501079400462319,0.000448628920762949,0.0017033715468786292
SYR,Second,314.0,0.157,1.9393205995838978,2.9151449091315786,4.31723949877471,12.728038798197101,0.0016178116224862898,0.0017218575494884732,0.002104167571313175,0.006115663747610721
SYR,Third,366.0,0.257,2.3637620661942025,3.545161128026524,5.20436330636199,14.597691617644275,0.0030183653292586363,0.00318515404554931,0.0037860084246986976,0.009429895035273573
SYR,Fourth,441.0,0.471,2.955914738152644,4.425653255902617,6.451329795553421,17.384331522206242,0.0061130901987022715,0.0064069851763715775,0.007448865603310924,0.01640204362879078
SYR,Fifth,502.0,0.723,3.476123855622435,5.195783146182399,7.525849176201154,19.56651180762446,0.010206119533767228,0.010631326741096282,0.012116611907031298,0.02388358696459462
SYR,Sixth,591.0,1.23,4.219113383055386,6.295946729323133,9.062354118292037,22.750536832115316,0.018845775825187067,0.01951444097040838,0.021815805777934794,0.03862605630190404
SYR,Seventh,668.0,1.86,4.920206848882231,7.328637526480164,10.48001526459712,25.37938427285009,0.030680700061261754,0.031573988493050174,0.03459906538650368,0.05481473322540351
SYR,Eighth,806.0,3.49,6.15303018006895,9.144796390768263,12.97774419180834,30.165512720577365,0.0623932491249955,0.06376783118323907,0.06833018586978185,0.0955838387266486
SYR,Ninth,931.0,5.77,7.426629665158794,11.004460197722945,15.465381237826815,34.14933168458886,0.11347695506933639,0.11495965410095081,0.1197173919798995,0.14291044331874692
SYR,Tenth,1520.0,31.8,13.442357765834265,19.723525900361754,26.98747575015448,52.86089228581091,0.7533237484480266,0.7478886537997996,0.7296332685587632,0.6105303675041486
TCD,First,57.8,0.00485,0.24135489821072684,0.3634968599654838,0.5901855457859385,2.4613313125956466,4.717488833807705e-5,5.951923444639698e-5,7.160800901552536e-5,0.00017096881660539376
TCD,Second,103.0,0.029,0.46235716445925046,0.6900615614910037,1.1098324330989042,4.372391878712031,0.00033427343856524906,0.00040482707231949205,0.00047133449912489263,0.0009614270560700386
TCD,Third,130.0,0.0604,0.607322218233969,0.9005846346746559,1.439874208892458,5.4939814774355185,0.0007676383691822767,0.0009071574809847901,0.0010357060825153502,0.0019242130260603868
TCD,Fourth,168.0,0.134,0.8070349521227648,1.1908829850007623,1.8952645236651522,7.0495424085092395,0.0018358209203384241,0.0021273200200069863,0.0023909772657949575,0.004122151721014194
TCD,Fifth,202.0,0.244,1.0004386556028713,1.469345863716768,2.328566042846779,8.468408689547992,0.0035591823162188594,0.00405213741246046,0.004490547931961822,0.0072384532557134215
TCD,Sixth,252.0,0.49,1.278265320037288,1.8690311893129112,2.9499996112121973,10.497806376791697,0.007597307847208449,0.00850267150933982,0.009294529861524537,0.014036352783604336
TCD,Seventh,301.0,0.873,1.5696091200132334,2.283796188551328,3.5891961544930195,12.491544160950363,0.014373232405091472,0.01580300924873035,0.01703145278041086,0.02403970129946362
TCD,Eighth,387.0,1.97,2.080587204167101,3.0110059678581185,4.709485077502059,15.988015349297319,0.0345901879276276,0.03728148464840544,0.03954565025279167,0.05174625145532246
TCD,Ninth,482.0,4.1,2.698435792034007,3.876526137598806,6.025141613505415,19.821940200562967,0.07800041092560157,0.08195722214684324,0.0851858304897579,0.10118951284796962
TCD,Tenth,944.0,37.9,5.785236815850063,8.16025136670198,12.482746990332704,38.12735820761235,0.8588947709618281,0.8489046512264632,0.8404823628271025,0.7945709677381765
TGO,First,66.5,0.00175,0.2947448917346084,0.4265612843989138,0.6802860710456778,2.802446998542777,2.510482222862321e-5,2.8838624269051265e-5,3.3481824567824393e-5,5.132535967215066e-5
TGO,Second,128.0,0.0127,0.5863987044170864,0.8465491184972834,1.3407296645785254,5.371940350894338,0.00019848647485560647,0.0002226224223888552,0.0002518715447859852,0.0003583350275447624
TGO,Third,168.0,0.0299,0.7873139155607387,1.1333544571155716,1.7868352416026232,7.0485148613678685,0.00048686037561559547,0.0005382482880226034,0.0005995621650116024,0.0008156237302520213
TGO,Fourth,224.0,0.0726,1.0645280092075349,1.5292227741408688,2.402431320717383,9.359572870540465,0.0012274719464530415,0.0013414430466872549,0.0014757307376462151,0.0019367616983637897
TGO,Fifth,277.0,0.143,1.3401661048865703,1.9208697287325582,3.007754549037978,11.589797462157703,0.0024955613602205716,0.0026990651074091706,0.002936120422241699,0.003730940791726807
TGO,Sixth,354.0,0.31,1.7379343922689237,2.485667493411789,3.8796370912740286,14.790842594237832,0.005578239470701927,0.005972573537759698,0.006426778296512766,0.007914682176885518
TGO,Seventh,435.0,0.596,2.1669017531961448,3.0912691495054436,4.8081403389231205,18.131315800521968,0.011069952945862774,0.011729199125625192,0.012479518690464911,0.014877680248996711
TGO,Eighth,577.0,1.46,2.9214518141517365,4.155574924528456,6.437499593973882,23.97501463559585,0.02810726516485949,0.029433865409413885,0.03092280308968005,0.035546923521893065
TGO,Ninth,748.0,3.38,3.8716384884834403,5.4833021409848435,8.447768455352128,30.966525239769656,0.06787753321866233,0.0700226926367654,0.0723833556187805,0.07942236390260096
TGO,Tenth,1580.0,39.8,8.73210198806613,12.18778755710034,18.43248083548388,64.70646775016853,0.8829335242205401,0.878011451801659,0.8724907776103084,0.8553453635420641
THA,First,904.0,0.311,4.669406827655397,7.39101147209817,11.995489772581484,38.31112252050133,0.00068164523623409,0.0012324826562286292,0.0026345062891944483,0.015703306498884257
THA,Second,1210.0,0.733,7.492731692498318,11.423243571757277,17.58915685881889,48.753136999064786,0.002946955298641138,0.004731341904710157,0.00862012589661651,0.033584062125724165
THA,Third,1300.0,0.91,8.912870853654123,13.295863673225343,19.873718323466164,50.98791251114601,0.005057148245955263,0.007580876294589982,0.012606251989242822,0.03871803272156249
THA,Fourth,1480.0,1.35,10.93863622231169,16.039152759637393,23.41056499742915,56.408651951523325,0.009580411891199042,0.013596013447653687,0.021020523521194743,0.05342341142040807
THA,Fifth,1590.0,1.72,12.641980044371115,18.25079959687966,26.078185524203516,59.44574082936435,0.015062893478640493,0.02034990606369107,0.02946984875891042,0.06318905466273117
THA,Sixth,1780.0,2.47,15.09253555248371,21.463309736817077,30.03872338788177,64.8383734124041,0.026241233513526623,0.0338004880236166,0.0459412229344443,0.08355249363640056
THA,Seventh,1910.0,3.14,17.29216937167773,24.209277919861588,33.16599241246606,67.73975630411907,0.04022066107940009,0.04930966193277687,0.06276202716384162,0.09625775739411797
THA,Eighth,2170.0,4.9,21.210144602336,29.17604432832116,39.012060317343604,74.80160833795793,0.07645199402350085,0.08868397432479445,0.10487923529922484,0.1329303896707514
THA,Ninth,2340.0,6.53,24.952022332827063,33.558537833336125,43.52675075671806,77.25595111847073,0.12757463358838336,0.13791651315916253,0.14853768194370992,0.14776784412920912
THA,Tenth,3290.0,23.8,42.65560705310844,54.442024101692496,65.83186390398815,98.67638003492648,0.6961824236445192,0.6427987421927761,0.5635285762036204,0.33487364774021083
TJK,First,190.0,0.0884,1.7035660459517326,2.211027446802666,2.935766133551834,7.1238720235905815,0.0020212562249873577,0.0019203063312675415,0.001848495489534945,0.0019196703670295136
TJK,Second,281.0,0.309,2.5142477526714924,3.2751542978485664,4.358916834584073,10.540191473475945,0.007000050610317473,0.006722939874006643,0.006523759659321229,0.0067211836147464754
TJK,Third,321.0,0.47,2.8607268701472615,3.7337517026543083,4.975593578850048,12.007444744738827,0.010573520566567239,0.010217999667286816,0.009960904216399896,0.010215738416049077
TJK,Fourth,379.0,0.807,3.3841276931412,4.423384133369514,5.899356427514653,14.206224638415508,0.018091586732004946,0.017569797176311006,0.017190561632579916,0.017566468942274784
TJK,Fifth,425.0,1.16,3.7885013830499137,4.958219059253419,6.617227963515358,15.904054051865973,0.025957926062689235,0.025321286793691476,0.024856370761281405,0.025317214882493923
TJK,Sixth,492.0,1.86,4.38291761958456,5.742359005713752,7.6667246807634655,18.37921961702105,0.041384831296633826,0.040543657765382615,0.03992631225647874,0.04053826231945562
TJK,Seventh,546.0,2.61,4.866601120782276,6.383089106450456,8.525848794908415,20.38732665883631,0.05786658362629323,0.05694319144314706,0.056261537694347885,0.056937248173880836
TJK,Eighth,645.0,4.5,5.758800668062763,7.559805660633191,10.095698841179798,24.03471266869238,0.09924684868268699,0.09815075026550309,0.09733479871208037,0.09814366107186842
TJK,Ninth,725.0,6.63,6.485333392164311,8.524206645641668,11.38490188233397,26.977852247220113,0.1452899559796785,0.14459885440815343,0.14407263860981073,0.14459432359772326
TJK,Tenth,1100.0,27.4,10.040856107016465,13.181490621761286,17.487952585366504,40.35269404995068,0.5925674402181412,0.5980112162752504,0.6020246209681649,0.598046228614478
TKM,First,391.0,0.00769,4.699616452442145,6.763533705786334,8.550307102009738,11.564393733400783,0.00023536436752042477,0.00020281359200448123,0.00017412502704662453,0.00010967931273387115
TKM,Second,684.0,0.0431,7.975762347393493,11.5981088252275,14.805311055121054,20.579157276844075,0.001247430283770638,0.0011050846856306073,0.0009758838364937689,0.0006687816240554726
TKM,Third,857.0,0.0861,9.823441330225773,14.365790800754679,18.438696937986396,26.039347579196477,0.002411005405440511,0.002170966202905597,0.0019492685249275262,0.0014042126111748574
TKM,Fourth,1100.0,0.184,12.384883462561621,18.194316337864787,23.45366845402447,33.53887079539139,0.005022836127754894,0.00458207256744173,0.004169192633855693,0.0031257554126414857
TKM,Fifth,1320.0,0.324,14.673862839876149,21.642068871567268,28.003391204156873,40.49233302230002,0.008601472838403032,0.007939135608313063,0.007310597108411965,0.005681353000408227
TKM,Sixth,1630.0,0.629,17.93819535872458,26.55616083478648,34.48286147450421,50.3862594132339,0.016278499251061354,0.015196638320537187,0.01415660990803077,0.011391525181026598
TKM,Seventh,1940.0,1.08,21.077949966575183,31.321196998800776,40.81343852764802,60.27447629606239,0.027185647859256153,0.025679352489981884,0.024210855763514366,0.02019786585313986
TKM,Eighth,2470.0,2.33,26.580126905246203,39.65373894597417,51.85236016536571,77.42267102916499,0.056887872197534745,0.054449190030193405,0.052030833563360836,0.04519825477459367
TKM,Ninth,3070.0,4.58,32.433747906760836,48.618252719102976,63.843074430011995,96.61411237961492,0.10730450428507878,0.10444748316132181,0.10153714312810296,0.09287789798343707
TKM,Tenth,5800.0,36.6,60.15823027493838,90.74621696185578,119.33698390985838,182.5666733152709,0.7748253673841795,0.7842272633416703,0.7934854905062554,0.8193446742467889
TLS,First,191.0,0.0822,0.8305170659973068,1.3486176001272987,2.2094887970366193,8.217330087194208,0.0006435693081465578,0.0007834197216694367,0.0011313243858268372,0.0033651345893618767
TLS,Second,280.0,0.28,1.3314122340931513,2.138075906792211,3.420598652164375,11.784380929614581,0.0028139786939300605,0.003294981509934208,0.00441952248270084,0.010435981746108833
TLS,Third,316.0,0.423,1.58476061060373,2.5277442717321645,3.989103730460515,13.165410164291533,0.004860722954343624,0.005564932011845714,0.007152757945330302,0.014804718025811918
TLS,Fourth,373.0,0.727,1.9451012631000149,3.086097261622133,4.817175812551124,15.354420327362599,0.009256647244529907,0.010408988620456605,0.012931460488378715,0.024095278325449665
TLS,Fifth,415.0,1.05,2.249004866119195,3.550881242147437,5.488321936865611,16.959540185415857,0.014622508993218644,0.016179434819183776,0.019495155437490204,0.033053214834501805
TLS,Sixth,479.0,1.69,2.6856435391838316,4.220247597432649,6.460220841742461,19.3611673969594,0.02559050897305064,0.027875487683730524,0.03260761378722813,0.05045218896850368
TLS,Seventh,529.0,2.4,3.0790330868998566,4.814173345212058,7.296066614823997,21.193124847124587,0.03940906257736776,0.042237498766078886,0.04791461478409642,0.06743603450062004
TLS,Eighth,623.0,4.21,3.778493707939483,5.8741061332620035,8.800640403028165,24.65547537867207,0.07530679861364221,0.07925929580693374,0.08687539899136955,0.10996947531133207
TLS,Ninth,698.0,6.36,4.450692875076437,6.867758799388278,10.141032292661365,27.172450999576835,0.1265140062918652,0.13010868899356734,0.13650378387645767,0.1509810141988058
TLS,Tenth,1060.0,28.6,7.626672166493907,11.548929855817644,16.44936161810455,39.631441051216456,0.7009821963499054,0.6842872720665998,0.6509683678211213,0.5354069594995043
TON,First,179.0,0.0744,1.2598598465085764,1.6990496535981168,2.432549234704978,7.0405047369244524,0.0005760669898291025,0.000702402422369227,0.0010175088757393333,0.0030567729280958694
TON,Second,265.0,0.259,2.0291192075052225,2.7055581109631013,3.7823713932636527,10.139907459908246,0.002574062016209624,0.003018784138428058,0.004061226536686227,0.009682698487490647
TON,Third,301.0,0.396,2.423122096998674,3.2087882791581848,4.424707327729648,11.361509770304464,0.004502660116478111,0.005162678344284493,0.0066547309141568286,0.01390196728049997
TON,Fourth,357.0,0.686,2.981168342340804,3.92636835599417,5.354518764226359,13.272926110291827,0.008661456034109196,0.009753588091742562,0.012150511042220617,0.02284350760152397
TON,Fifth,400.0,1.0,3.4549505486930037,4.527694712358182,6.113281358171575,14.685426975139704,0.01380656121101092,0.01529748216553912,0.018481116389549395,0.031606437019475096
TON,Sixth,463.0,1.63,4.134553519386505,5.3918492871311186,7.208590405682661,16.782771204290636,0.02437522063271591,0.02658642511362941,0.031178569090562474,0.04864706297278586
TON,Seventh,514.0,2.33,4.751558633207533,6.164495797063743,8.157865747116084,18.39678247660954,0.03787985140396373,0.040649193795547024,0.04622471134952101,0.06558601122714415
TON,Eighth,609.0,4.11,5.845720407555225,7.538544852177413,9.857716122345025,21.41013231027878,0.07312435810105775,0.0770530583211166,0.08465162379650176,0.10798906426339977
TON,Ninth,686.0,6.29,6.910123860650423,8.842189408552228,11.3901723790383,23.63283005867973,0.12444975594117937,0.12812508430210573,0.13471018519823688,0.15009156907115817
TON,Tenth,1050.0,29.1,11.927701372298596,14.944689804380099,18.503278793046356,34.223737987143636,0.7100500075534464,0.6936513033052378,0.6608698168068255,0.5465949091484265
TUN,First,284.0,0.0366,2.6500467179582627,3.4088003375779,4.690498779402086,10.461620708972191,0.00026269389618167367,0.00032376693113871525,0.00047893501316897627,0.001541352812865238
TUN,Second,445.0,0.147,4.479357481712468,5.697470610008761,7.654296919707445,15.814769677297615,0.0013639566495487012,0.0016161212806702753,0.0022181670322204442,0.0056505089167050125
TUN,Third,523.0,0.243,5.5006857249313565,6.948403794161034,9.205749769115554,18.20946381103957,0.0026045850736345737,0.0030156427930080384,0.003961908103216667,0.008817252504347067
TUN,Fourth,636.0,0.451,6.919927248993841,8.693894520214771,11.390714086365836,21.75646326798029,0.005373987752690078,0.0061082747091337035,0.007749317204805166,0.015483119422815833
TUN,Fifth,730.0,0.697,8.18134671952095,10.227540177018012,13.266451600250507,24.558940131474476,0.00912327736493487,0.010199128127885308,0.012538999620383776,0.022739127006142498
TUN,Sixth,865.0,1.2,9.981584358443065,12.417852584985905,15.950765665431078,28.640061167107607,0.017121331275605955,0.0188347427461388,0.022461122953192986,0.03708116502940723
TUN,Seventh,984.0,1.82,11.702557006840987,14.484441250855774,18.417337855319232,32.046055312311374,0.028344962360541816,0.03066590433645443,0.035434248096540624,0.05307586870215152
TUN,Eighth,1200.0,3.44,14.722722056774018,18.116693118501793,22.770158760779932,38.230236638880484,0.05873712510432327,0.06237037198380954,0.06956544396114565,0.09344508192136605
TUN,Ninth,1400.0,5.73,17.90583052328019,21.866264779761114,27.079604107775772,43.47278758745757,0.10942014255995318,0.11345208306358417,0.12096276822370816,0.14143160632373394
TUN,Tenth,2330.0,32.1,32.9874265396886,39.49482493938582,47.12863933510066,68.15823530959841,0.7676479379625859,0.7534139640281771,0.7246290897916176,0.6207349173604656
TUR,First,383.0,0.00905,5.432971118465047,6.414315562186318,7.513634573494055,11.433101130984358,0.00027602475981902057,0.00023823205815701412,0.00020486885112504572,0.0001296861738818106
TUR,Second,662.0,0.0492,9.09844362162527,10.846744929006737,12.825246710713534,20.046711000460043,0.0014199146813993772,0.0012597782285069519,0.001114198316060676,0.000767106173638163
TUR,Third,824.0,0.0966,11.130089016105714,13.340808654843524,15.858592522336679,25.17926592059049,0.002696690109635536,0.0024316373725723887,0.002186461179090643,0.0015818995170374308
TUR,Fourth,1050.0,0.204,13.952279460669617,16.79672884206846,20.051619364330552,32.23475290951667,0.005539812617699614,0.0050604381410271175,0.004610714151105582,0.003470876810505328
TUR,Fifth,1250.0,0.354,16.45133770244816,19.881200801185962,23.822836700798316,38.723989694316195,0.009367989662343198,0.008657590005727607,0.007982438061592004,0.00622736380947767
TUR,Sixth,1540.0,0.679,20.015313117629507,24.277490967589777,29.19426904758315,47.959194527839095,0.017513866272352206,0.01636953139776908,0.015267798214512046,0.012330278289875391
TUR,Seventh,1820.0,1.15,23.40949663864801,28.50028484177991,34.39608906013333,57.1194781423929,0.02888083384495642,0.027311446628602427,0.025779080957506716,0.021579259463528955
TUR,Eighth,2320.0,2.45,29.3639716381926,35.89487151250617,43.485168388704224,73.05433357967782,0.05958402568812492,0.05708968359042641,0.05461193873273067,0.047589242708802375
TUR,Ninth,2860.0,4.72,35.6061787213816,43.74411777609213,53.24423498461148,90.75231760887588,0.11037463996250772,0.10753749966029762,0.10464055919115145,0.09598394262811663
TUR,Tenth,5390.0,36.1,65.12608455672908,80.74836446220574,98.92165416077484,172.45576550172635,0.764346202401162,0.7740441629169134,0.7836019423451251,0.8103403444251362
TWN,First,842.0,0.0541,10.343086233385332,12.42876092510354,15.42170500720096,27.470764310713935,0.0004039875375292015,0.0004951526895617838,0.0007244061305753282,0.0022451622054582283
TWN,Second,1290.0,0.201,16.987825339766726,20.18018610582954,24.453817393927732,40.40510352730608,0.0019333096128234483,0.0022785578814946725,0.00309443740310784,0.007603469250923796
TWN,Third,1500.0,0.318,20.52950982392162,24.21902013807044,28.948117918585915,45.83130449288647,0.0035196735641844406,0.004054537931045604,0.005273407829898158,0.011339412302066346
TWN,Fourth,1810.0,0.569,25.49328632540879,29.910716157077363,35.36056270790563,54.09464568346986,0.006990138439490738,0.007906770958370153,0.009934734800997274,0.01920569835401376
TWN,Fifth,2060.0,0.851,29.797761969342343,34.78647280524508,40.7202663848531,60.411366473800555,0.011466729678796351,0.012759363110653373,0.015542164557535997,0.02730584843453666
TWN,Sixth,2420.0,1.42,35.951583912494016,41.766796302408764,48.42140687921233,69.71499321494134,0.020815189467869116,0.02279626897336598,0.02694541973644411,0.04315014270589342
TWN,Seventh,2730.0,2.09,41.675188622894545,48.16845195633111,55.28678078501941,77.18259963857402,0.033292927121277155,0.03586583620905997,0.041093411502118087,0.059784387787846484
TWN,Eighth,3290.0,3.8,51.76477955992445,59.4810649680719,67.49447955410527,90.98093938065335,0.06637750076177464,0.07019976117455881,0.07767350180855058,0.10148933686456285
TWN,Ninth,3790.0,6.05,61.96002144936719,70.658093530492,79.02135708809998,101.943299562725,0.11771164220040138,0.12159524312206572,0.12868878141768694,0.14664566143182936
TWN,Tenth,6180.0,30.5,110.03182843131489,123.07015339307769,132.7967396869937,154.8801021414668,0.7374889016158535,0.7220485079498239,0.6910297348130857,0.5812308806628691
TZA,First,123.0,0.0269,0.5370207941152286,0.8023039033404605,1.2965039744034423,5.3928829069270225,0.0002040325977679539,0.00022448922181459832,0.0002950595961890225,0.0011447902761490343
TZA,Second,194.0,0.113,0.9266485706075351,1.379660835935275,2.1937637363545246,8.353686252706336,0.0011104922637318036,0.0012003305514185205,0.0014988956931852753,0.004461375533330652
TZA,Third,229.0,0.194,1.1501314972917431,1.7079766644464571,2.690093013231357,9.742082316678477,0.0021801623269751126,0.002332035548554429,0.0028258049909673276,0.007210498994704036
TZA,Fourth,279.0,0.369,1.4597823458351333,2.1636800217859125,3.3822166165937313,11.766613682281642,0.004599074443406588,0.004878508368402158,0.005770982088999112,0.01302144616534901
TZA,Fifth,321.0,0.584,1.738956530089121,2.572587220164615,3.9941135243830064,13.40688203980936,0.007964844797371683,0.008385524908297267,0.009707393887924302,0.01961132532678119
TZA,Sixth,382.0,1.03,2.137469628874416,3.156471727725752,4.868402902471041,15.784170535729928,0.01523889447123145,0.015927290922629705,0.018055516479640186,0.032770356379384864
TZA,Seventh,435.0,1.61,2.524415946693883,3.720311517501217,5.698709503981789,17.828007070957522,0.02573858420770649,0.02669894768591378,0.029616164141593855,0.048105765533078736
TZA,Eighth,531.0,3.13,3.202685494294744,4.709203905136655,7.15767273408004,21.512203707785947,0.05454587428705608,0.0561044274723728,0.0607382282943289,0.08712466091213908
TZA,Ninth,621.0,5.43,3.9345154991250264,5.766862574687598,8.678159866134534,24.79354976167131,0.10456222545123486,0.10639505020539895,0.11166106896841846,0.1367009604507064
TZA,Tenth,1050.0,33.4,7.4228334965994796,10.786495124295126,15.837235327859938,40.32483541183622,0.783855815153518,0.7778533951151978,0.7598308858587536,0.649848820428377
UGA,First,83.9,0.00606,0.34299852885465754,0.5217059620702144,0.851384167994784,3.6008891492716724,5.054613759679736e-5,6.595609782271628e-5,8.04364026585285e-5,0.00022367918428441296
UGA,Second,145.0,0.0344,0.6433638068679042,0.9661177391811261,1.5598407323945538,6.19350042608842,0.0003538456216178527,0.0004405220591379602,0.0005185807312040137,0.001196804529792088
UGA,Third,181.0,0.0698,0.8382064410721647,1.2484693250515708,2.002648813300701,7.668244219356451,0.0008067039776297308,0.000976475953551558,0.0011255286012019795,0.0023261060494579643
UGA,Fourth,230.0,0.152,1.1058099648130417,1.6365878019977058,2.611795176363163,9.71493912559087,0.0019180549981966766,0.0022700344792162736,0.0025727544626471034,0.004867645125639922
UGA,Fifth,275.0,0.271,1.3635546586975158,2.006196536080056,3.186764867445408,11.551628596255698,0.003699197581554946,0.0042902630376052305,0.004789131397645948,0.008369234814477019
UGA,Sixth,339.0,0.536,1.7328857045227042,2.535226422137201,4.0090516592060155,14.17386769892495,0.007856187150814915,0.008934237702817125,0.009827335370519127,0.015900739170397915
UGA,Seventh,401.0,0.938,2.1182392436172366,3.0804235767314254,4.848283719738825,16.706096320042334,0.014784976424068442,0.01647493865165886,0.017847371179130614,0.02666206332771805
UGA,Eighth,510.0,2.08,2.7927032774464595,4.03419194330199,6.3159356469673185,21.14555249159116,0.03537170395369818,0.03852520709431483,0.041026555311548286,0.05604488079811976
UGA,Ninth,630.0,4.24,3.602930211321548,5.158889990898625,8.021437695501238,25.892400290401977,0.07916322966008742,0.08374169089752057,0.08725051696852248,0.10632560509500553
UGA,Tenth,1200.0,37.5,7.627590609053039,10.68557179543505,16.32893093679376,48.35660835199066,0.8559955544947351,0.8442806740263548,0.834961789574922,0.7780832419051072
UKR,First,691.0,0.283,7.730626297581726,9.828140232634956,12.243005697288726,23.197293217190406,0.006120523923756529,0.005980004673019899,0.005946098454743498,0.006376337165860273
UKR,Second,940.0,0.763,10.541739842840402,13.42117964247634,16.714477842343907,31.448985604593826,0.016560563644796824,0.016268891500294487,0.0161982387997924,0.017086961069081592
UKR,Third,1020.0,1.0,11.476703694290263,14.623341328109197,18.210402487437456,34.13983604156769,0.021755884133138864,0.02143817170978709,0.02136103423313333,0.02232636182054379
UKR,Fourth,1160.0,1.53,13.10380330353845,16.704044987506972,20.79276926873492,38.83347299530294,0.033306540082850264,0.03290016857767779,0.03280131248115449,0.0340330397048554
UKR,Fifth,1260.0,1.99,14.21326236417824,18.126043083050664,22.555803292325276,41.99145482856798,0.043246117108821265,0.04281196481296196,0.04270614672722884,0.044018945108608064
UKR,Sixth,1410.0,2.88,15.945487864906104,20.339078211553424,25.292257741639816,46.89644540593003,0.06258862077412365,0.06209163454465466,0.06197023838878025,0.0634690264852259
UKR,Seventh,1510.0,3.64,17.15454838955668,21.887985501848316,27.204560294434007,50.25956827894227,0.07917253540452773,0.07871622110017315,0.07860443650906067,0.0799756542499424
UKR,Eighth,1720.0,5.57,19.591124722361993,24.99399529837552,31.022615622599922,56.973515629621346,0.12138795445817098,0.12098466456383478,0.12088531783839769,0.12208878757241419
UKR,Ninth,1850.0,7.06,21.097842424024464,26.925286955262674,33.390590901812935,60.992165860270696,0.15409477083876216,0.15406210359337835,0.1540529085266092,0.1541330184435926
UKR,Tenth,2550.0,21.1,29.647281043160802,37.731794388713425,46.425017235875735,82.66975254469313,0.46176648963105177,0.46474617492421794,0.4654742680410996,0.4564918683798758
URY,First,464.0,0.0286,4.659211038804934,5.741175317140291,7.392902760808212,16.77401509342544,0.00021512722771381646,0.00024245050608462062,0.0003268026483113879,0.0012186426949513975
URY,Second,736.0,0.119,7.939817223603873,9.725317134103502,12.303783423240018,25.68031996597507,0.0011594241955167539,0.0012778891777878913,0.001628392729253717,0.004689025132858214
URY,Third,872.0,0.203,9.805736746772755,11.96554862839286,14.981692827153504,29.806204347796957,0.0022630908183268166,0.0024618466112681214,0.0030353972280315073,0.00752305243647077
URY,Fourth,1070.0,0.384,12.388394232894502,15.07254939528874,18.71611527745146,35.83078175427656,0.004751966810037011,0.005115418127220697,0.006143202729003616,0.013506607806480945
URY,Fifth,1230.0,0.606,14.70699325782848,17.844538217978734,21.993323192283157,40.679456219044745,0.008195449927654794,0.00873953552684867,0.01024982088205147,0.02023533464535298
URY,Sixth,1470.0,1.06,18.01275266271491,21.797723084210233,26.67093009028177,47.70176062863596,0.015616956046244905,0.016502290434015264,0.018914711628186618,0.03364119953564401
URY,Seventh,1680.0,1.65,21.20910751847956,25.59305008421123,31.078874432532544,53.692753224451145,0.026267069097769855,0.027494653342604106,0.030773105540222088,0.049124183660409104
URY,Eighth,2060.0,3.19,26.80740165881351,32.244689354663414,38.821079815496276,64.48270789235265,0.0554056384048233,0.057383086134373915,0.06253603465909312,0.08844492555904537
URY,Ninth,2430.0,5.49,32.812925966165395,39.30067455656484,46.798422767055314,73.97106775959922,0.10557719513185534,0.10787531001076145,0.11363204428238276,0.13773218317949085
URY,Tenth,4160.0,33.1,61.3555323975171,72.66878698013302,84.18380768218047,118.39869548195621,0.7805480823400573,0.7729075201290353,0.7527604876734637,0.6438848453492964
USA,First,549.0,0.00647,11.38420404933822,11.37888388808723,11.589573759399315,12.771013801997034,0.00017914174189884714,0.00015193635807253614,0.00013682250420344317,0.00011594921400793732
USA,Second,960.0,0.0376,19.58637592031634,19.791448923171874,20.291913092253907,22.5730942632219,0.0009987585715164721,0.000873112914326953,0.000801459670289166,0.0006999358861318994
USA,Third,1200.0,0.0767,24.332251144022,24.73617824335042,25.456141106139675,28.473948704637525,0.0019888072907334057,0.0017699689231783053,0.0016432206272218074,0.0014608798872643395
USA,Fourth,1540.0,0.167,30.88293502802783,31.548910779246555,32.56251682353541,36.57696078741066,0.0042432644145519085,0.003830741998104855,0.003588793797115169,0.003236399378535654
USA,Fifth,1850.0,0.298,36.81808818189406,37.77233691356856,39.085423291049956,44.0667047872717,0.007423969546216266,0.006788959664631063,0.006412213579676024,0.005857240461134427
USA,Sixth,2290.0,0.585,45.276392233521875,46.63955739601614,48.37465129248309,54.71906010099795,0.01434521554095665,0.013282781290126321,0.012645199588172944,0.011695362906072366
USA,Seventh,2720.0,1.02,53.53838465123207,55.37652822079646,57.5709246693826,65.33280877963486,0.02447871127828027,0.022960518478145148,0.02203813491327415,0.02064724366501458
USA,Eighth,3480.0,2.23,67.9879369828587,70.63215993899337,73.59549565982148,83.74218247264825,0.05247504464566408,0.049938367697616455,0.04837415833006859,0.0459807828381193
USA,Ninth,4310.0,4.46,83.72870162664297,87.45419431351598,91.36264129808549,104.26702614136848,0.10207758201451503,0.09895524453793456,0.09698545621166876,0.09390373164605491
USA,Tenth,8210.0,37.0,158.6769262208542,167.14651434713332,174.37645223597374,196.53806168595216,0.791789504955667,0.8014483681378638,0.80737454077831,0.8164024741176646
UZB,First,325.0,0.0336,3.5870509767648544,4.562149649720859,5.856760728932401,10.929981907906399,0.0008513911081962894,0.0007905774388370276,0.0007574156016016799,0.0006243254216973697
UZB,Second,517.0,0.143,5.615386382166935,7.181859221688647,9.247386599769694,17.463586813851176,0.0035220129394385935,0.00331908206514612,0.0032070240268822787,0.002746144393168715
UZB,Third,613.0,0.243,6.603401942033755,8.470373198398185,10.923717525843546,20.76934018997066,0.005891637262372909,0.0055997770301754665,0.00543742160062736,0.004759974965605387
UZB,Fourth,749.0,0.458,8.02227989825339,10.314855799626741,13.318201591985435,25.45295260892812,0.010936085420361064,0.010465422993590457,0.010202020589182436,0.009089845701548341
UZB,Fifth,863.0,0.715,9.19557579582131,11.847448944277872,15.312320689002265,29.397579535464335,0.016882270166734385,0.01625495495777035,0.0159019082503202,0.014394686545582396
UZB,Sixth,1030.0,1.24,10.886267701190144,14.052461520986562,18.177086893448347,35.03936243534449,0.02889321977668514,0.02798524173017739,0.027471315992920093,0.02525246059952843
UZB,Seventh,1170.0,1.89,12.375926091488523,16.005436477663675,20.719806892869432,40.106413146198236,0.0434784486386904,0.042371871316026405,0.041741512960922635,0.03898547329672061
UZB,Eighth,1430.0,3.56,15.03941193840712,19.4870808075845,25.239298536198685,49.03492546236488,0.08095974721928088,0.07944440511296068,0.0785739630414476,0.07470551117524735
UZB,Ninth,1680.0,5.9,17.510903086524028,22.74251379628074,29.474767406842748,57.536994793832875,0.13159779988863687,0.13027247524710564,0.1294987326355258,0.12595090580704707
UZB,Tenth,2810.0,31.7,29.20830174843411,38.01829586125218,49.082205657223064,95.58725563721865,0.6769873875796034,0.6834961921082104,0.6872086853005699,0.7034906720938543
VCT,First,202.0,0.00862,2.0141193306391574,2.347862414965851,2.957145518092683,7.419219961855914,5.512838857766053e-5,6.937128027301597e-5,9.928622632107311e-5,0.00036777686460078663
VCT,Second,346.0,0.0452,3.7455058012237012,4.31805437015189,5.328087398824791,12.328420102860903,0.0003800707896681121,0.0004591964364434415,0.0006163818534702933,0.001791881546895229
VCT,Third,429.0,0.0878,4.85943776866673,5.562860467533645,6.781139686502171,14.975732294912914,0.0008586028207801369,0.0010124375632726331,0.0013080705580694092,0.0032965695979201644
VCT,Fourth,544.0,0.184,6.3884028083761315,7.272853986471944,8.780229151895009,18.67887684456217,0.002026549854075475,0.0023435709952926314,0.0029367104993933925,0.006602117252545527
VCT,Fifth,648.0,0.32,7.8546788285027755,8.896556359057698,10.647292272096943,21.907072402688517,0.0038827643913280927,0.004412201735934414,0.0053788923685520375,0.01091206494723877
VCT,Sixth,797.0,0.615,9.953719381677686,11.218648820503121,13.3132764023346,26.515664853850605,0.008193483597410605,0.009153877697264192,0.010865686146705696,0.01995343866662281
VCT,Seventh,942.0,1.05,12.134000995757795,13.604440702147599,16.003082299474197,30.821679264794767,0.015317895076073968,0.016814668510159968,0.01941478798695221,0.03215685009240927
VCT,Eighth,1200.0,2.26,15.947318707057121,17.774765640274932,20.70116149227723,38.379247445784664,0.036375347958077835,0.039149165730230265,0.043823392195568515,0.06465788786198537
VCT,Ninth,1470.0,4.45,20.498622895780997,22.670039436215646,26.065332783010632,46.04606449542744,0.08063983847646658,0.08462682837899574,0.09105319881564468,0.11590747813381666
VCT,Tenth,2780.0,36.8,43.00389529398184,46.59395754032947,51.80918667670956,81.22193569211561,0.8522703186475414,0.8419586816721337,0.8245035933493227,0.7443539350359655
VNM,First,243.0,0.015,1.4717790575844714,2.141850790547817,3.146365706987951,9.972816696713295,0.00010181427771814684,0.0001181759264119377,0.0001523499588136542,0.0006324634853705827
VNM,Second,401.0,0.0702,2.651672574467904,3.8349830810052605,5.551645355325974,16.058283032873476,0.000629219229927331,0.0007109224678460483,0.0008750539201868326,0.002774883543305328
VNM,Third,486.0,0.128,3.373627937957003,4.858194116532725,6.9718770779426595,19.140209483952944,0.0013317245193156192,0.0014807801659325673,0.0017733817310594524,0.004802704650046021
VNM,Fourth,605.0,0.256,4.367462207256197,6.268640216736496,8.933597007378433,23.513522249828466,0.0029833813394825478,0.003275123378036814,0.003837224791938763,0.009160652739441886
VNM,Fifth,708.0,0.425,5.294989765158397,7.575921522595849,10.72874063185202,27.19623078650415,0.005453797251430138,0.0059186078741432484,0.006799008987884729,0.014491476015960863
VNM,Sixth,856.0,0.784,6.6200489858490865,9.442822669536136,13.289931871519329,32.46532529229862,0.010996315512957159,0.011801045618329634,0.01329971149758444,0.025396198339443624
VNM,Seventh,994.0,1.28,7.956192496260647,11.310494630826215,15.815297155577003,37.19193009674484,0.019609967959926,0.020803031245739845,0.0229848930317954,0.03916574800384128
VNM,Eighth,1240.0,2.63,10.292708977130028,14.57528679286875,20.225773621225866,45.51357385292048,0.04416743144978852,0.04625098962582108,0.049979462272726434,0.07496171436475323
VNM,Ninth,1480.0,4.89,12.960599061224404,18.25566192938434,25.083300923723325,53.40709815404609,0.09151250604813908,0.09425584033176912,0.099006532828236,0.12619136132688566
VNM,Tenth,2620.0,35.4,25.883532541840726,35.86931234419865,47.83977726895055,88.2534741007566,0.8232138424113155,0.8153854833659698,0.8012923809797743,0.7024227975309515
VUT,First,191.0,0.0295,1.0842108284723087,1.5335126728783608,2.2653197158737735,7.841475959849002,0.00022045722523781876,0.00025122053777344836,0.00034256551493887916,0.001254327441771279
VUT,Second,300.0,0.122,1.855263345655496,2.6080850289732918,3.7818463416820376,12.034057463412523,0.0011827549988807893,0.0013153440102277193,0.0016917501981956163,0.004797920499477829
VUT,Third,353.0,0.208,2.293627795990272,3.211445270489009,4.606398743965387,13.970837551343015,0.00230245493968436,0.002524128088935599,0.0031370466428234435,0.007671681929247128
VUT,Fourth,429.0,0.392,2.9012635800107027,4.049744384189573,5.758745707568513,16.805543214771497,0.004824278154593337,0.005228482850313949,0.006322439349689234,0.013736198682050269
VUT,Fifth,492.0,0.617,3.4465674565901474,4.796970663915508,6.768285324999514,19.083303534051996,0.008304152885444062,0.008907665312266836,0.010509303244864276,0.020529289082902663
VUT,Sixth,584.0,1.08,4.224682295079189,5.863617181118758,8.210748479502456,22.385822243146585,0.015794574990462714,0.016774045602690215,0.019323020063745075,0.03404951081310943
VUT,Seventh,664.0,1.67,4.976507865423522,6.886297722414753,9.567005838636792,25.19713419493176,0.026514464003991923,0.027868731578424923,0.0313189477228528,0.04959913617321956
VUT,Eighth,809.0,3.22,6.294484615786643,8.680584812487824,11.952234354748212,30.266885061463057,0.05580634382868494,0.05798032662795784,0.06337668142004227,0.08905619298548297
VUT,Ninth,944.0,5.52,7.706307768985697,10.579333159301775,14.400424122810612,34.70705585678681,0.10604694869468344,0.10855956670721703,0.1145400779033706,0.1382020696416925
VUT,Tenth,1580.0,33.0,14.422454013245705,19.567351083107756,25.883271813046676,55.50697927958779,0.7790035702783366,0.7705904886841923,0.7494381679394778,0.6411036727510463
WSM,First,102.0,0.00736,0.721177173080547,0.9888072268839655,1.353463909188345,3.9080129507170107,5.359882505456942e-5,7.195619333040792e-5,8.876202124649213e-5,0.00028024151189399624
WSM,Second,175.0,0.04,1.3422043592828614,1.812859994952574,2.45265872293479,6.597942683409009,0.00037136293090384183,0.00047321763084552817,0.0005622550464330116,0.0014375022704946991
WSM,Third,217.0,0.0791,1.7425512093390987,2.331720909771905,3.132588538142635,8.08937970590918,0.0008414247633376698,0.001039308782489897,0.0012075766330538818,0.002725529658966055
WSM,Fourth,275.0,0.169,2.2919526403813197,3.044370345878636,4.067134407528634,10.161963432918608,0.0019907312258798868,0.0023983053811081193,0.0027372029904850865,0.005591576095385437
WSM,Fifth,327.0,0.297,2.819398094332066,3.71976609114956,4.944159388753417,11.994108168807726,0.003822303461959576,0.004502640664662427,0.005056879541748579,0.009444162512122987
WSM,Sixth,402.0,0.578,3.574471552505334,4.685211117756559,6.19621544090826,14.601492840488767,0.008082646750785722,0.009316207518699715,0.010300962948668108,0.0176357068221123
WSM,Seventh,475.0,0.998,4.359689457214933,5.6749989410292345,7.465653840041867,17.07310852233756,0.015143209576092937,0.017064810541437592,0.018565918690385368,0.029046653442434487
WSM,Eighth,603.0,2.18,5.732875837582612,7.403999642581152,9.679808935170122,21.378555461399174,0.03604732451425855,0.03960654592056646,0.04231633987790642,0.05984509809579108
WSM,Ninth,741.0,4.35,7.374545715618013,9.426174138792984,12.223305353695848,25.828208121188307,0.08015927452497072,0.08527145149131717,0.0890195626943887,0.11066707026106727
WSM,Tenth,1380.0,37.1,15.490580007890408,19.244440624799296,24.314028492399107,45.513466098561445,0.8534881234267566,0.8402555558755427,0.8301445395556843,0.7633264593297316
YEM,First,63.8,0.0362,0.4276753663551028,0.5701704257098776,0.8272808623154547,2.629516585822755,0.00026003360214569757,0.00031904467751965365,0.0004697573749341356,0.0015230679571251824
YEM,Second,99.7,0.145,0.7283841580884433,0.9610583244766321,1.3614591965245935,3.9993152681832367,0.0013527230527754042,0.0015969859382022496,0.002183805132092796,0.005597331866951094
YEM,Third,117.0,0.241,0.8968503591209838,1.1755906861641372,1.6423892204967063,4.614288944201126,0.002586029931950822,0.0029847953895027874,0.003909033695806499,0.008746686481730173
YEM,Fourth,142.0,0.447,1.131220658461221,1.4752715054630525,2.0383460848182664,5.525286609160311,0.0053404859056491805,0.006053669986132117,0.007659206690816577,0.015376616185860555
YEM,Fifth,162.0,0.692,1.3398718105041347,1.7391060573320116,2.3790370541570254,6.246285638394531,0.009073708027692416,0.010119792691524564,0.012412581477965461,0.022605707741366454
YEM,Sixth,192.0,1.19,1.6379206151029917,2.1162578140514205,2.8669621383076658,7.296515277913041,0.017041609333571673,0.018709455811456232,0.02226838875041062,0.036899972166141826
YEM,Seventh,218.0,1.81,1.9232617145128452,2.4727482145356685,3.316261240081846,8.174403557901428,0.02823581933350718,0.030497756780986447,0.03518538643262412,0.05287049300633667
YEM,Eighth,264.0,3.42,2.4243951094043252,3.0997643861822555,4.1095046494821075,9.768132390369765,0.058564028104425285,0.062110150031472584,0.06919844465550648,0.09318999954929355
YEM,Ninth,307.0,5.72,2.9535037615335455,3.748484203744037,4.896976587905679,11.12195789897981,0.10922394581627082,0.11316872474659975,0.12059465437252863,0.14125098717698698
YEM,Tenth,508.0,32.1,5.464298547955597,6.8022651134538625,8.562103596365455,17.487269461308777,0.7683216168920115,0.7544396239466036,0.7261187414173148,0.6219391378682075
ZAF,First,35.2,1.0e-5,0.40323775664405326,0.49182206564946024,0.6257871455200411,1.171619992794542,1.5019029877995005e-7,1.7180967262659755e-7,2.061449565000134e-7,2.820419991396895e-7
ZAF,Second,90.7,0.00017,1.05755425742485,1.2914894287019438,1.6313620222206995,2.9952779442539574,2.715424589486016e-6,3.0429668989339787e-6,3.550308530357598e-6,4.627979480813017e-6
ZAF,Third,142.0,0.000671,1.6764487981586482,2.044284915569439,2.56933247926467,4.6658614063560355,1.1111078323655898e-5,1.2290058110316422e-5,1.4087677618035121e-5,1.781185222163471e-5
ZAF,Fourth,217.0,0.00247,2.585012986446161,3.148320868339536,3.941176352357746,7.095294621651408,4.2267253537206577e-5,4.626355880067145e-5,5.2279738428339694e-5,6.449477638568898e-5
ZAF,Fifth,304.0,0.00709,3.6604552888373805,4.451106124612198,5.551489306635713,9.918853088283559,0.00012447957424167557,0.00013496412369807254,0.0001505670281882382,0.00018167397857981848
ZAF,Sixth,438.0,0.0221,5.315404988723258,6.45325930693326,8.019822025537175,14.225071377003484,0.0003987155701333171,0.0004283377375248775,0.000471927236929426,0.0005572959134732289
ZAF,Seventh,609.0,0.0621,7.451152171985662,9.028143682108142,11.177014130576882,19.678375159153855,0.0011492088510035795,0.0012228487823107309,0.001329940245394829,0.0015358032988733315
ZAF,Eighth,926.0,0.233,11.446382513677332,13.836920720287319,17.056349292969756,29.779932226269754,0.004436680487309691,0.004670554485661955,0.005006121313326,0.005637627529487252
ZAF,Ninth,1430.0,0.927,17.93890398945862,21.608804660006157,26.48143562716811,45.742521399517024,0.018341485673444537,0.019043450270882695,0.020032795980844526,0.021842882753375533
ZAF,Tenth,4760.0,44.6,62.58830439688379,74.31096845601054,89.13513860648585,148.72845638741936,0.975493185897118,0.9744380762064391,0.9729385243257838,0.9701574998761235
ZMB,First,43.2,0.000116,0.20839412660306347,0.32336857213377984,0.5205656688020056,1.815509784643236,1.839861277068384e-6,2.061908351334083e-6,2.40696654518925e-6,3.1442544501668713e-6
ZMB,Second,98.0,0.00134,0.4811208726817971,0.747781658902811,1.1966196059419267,4.103093121139738,2.2455865705148688e-5,2.470809703181961e-5,2.8130493133520103e-5,3.5186521001297157e-5
ZMB,Third,142.0,0.00414,0.7051490866549398,1.0948135614220287,1.7445644182488547,5.925196477573033,7.183583332211649e-5,7.814698513792396e-5,8.760563539347537e-5,0.0001066834436134484
ZMB,Fourth,203.0,0.0126,1.0218895859046686,1.5853607629537714,2.5178983566721533,8.487496471085946,0.00022414890971072978,0.00024162285806442186,0.00026752123259784463,0.00031884140300474106
ZMB,Fifth,270.0,0.0303,1.3685251668427894,2.1206635683546433,3.3576148175810046,11.243538775704517,0.0005521599158846605,0.0005903232866795386,0.0006463174348121016,0.0007555119410594377
ZMB,Sixth,368.0,0.0797,1.8833974850177684,2.9152025309910483,4.601784108790613,15.312290512636023,0.0014869790231504787,0.001577095402516922,0.0017080156029392539,0.0019593540358002733
ZMB,Seventh,483.0,0.187,2.4969123292150406,3.858851061918259,6.071733396913959,20.072985244951663,0.0035798792170617265,0.0037654727749261672,0.004032316231303598,0.004536238153355189
ZMB,Eighth,690.0,0.576,3.604495394844746,5.560933699834831,8.71823794989402,28.6137965322138,0.011290437705834891,0.011765697373404953,0.012440927279342146,0.013692233975439215
ZMB,Ninth,983.0,1.78,5.213541721161356,8.020927329177265,12.513676062149605,40.69292071741921,0.03599676905274696,0.037066526894666496,0.03856220333895403,0.04126433460279171
ZMB,Tenth,2650.0,43.2,14.66189821238989,22.35267041623051,34.36962038356079,108.95678212809565,0.9467734946153061,0.9448883444192203,0.9422245557849789,0.9373284716694845
ZWE,First,92.9,0.0193,0.557354354089392,0.7643809694593946,1.1487655848846612,3.8360716679535627,0.00012367392960443475,0.00015782080129918342,0.00019988111658869639,0.0007867819918318551
ZWE,Second,151.0,0.0862,0.9954545662751085,1.3491451205657916,2.000303621957267,6.109943496812879,0.0007378833047053066,0.0009006343995339406,0.0010920498362387415,0.003306308601813719
ZWE,Third,181.0,0.153,1.2591828509944847,1.6936701545612634,2.4909038882655286,7.233134104565528,0.0015294370031392233,0.0018182609099658814,0.0021487729653542923,0.005581313845175667
ZWE,Fourth,224.0,0.298,1.6229209997495044,2.170120213445184,3.1712902780049768,8.84360608592328,0.0033695246657092365,0.003922323846060043,0.004541002173791607,0.010435526911956554
ZWE,Fifth,261.0,0.485,1.9594077588481305,2.6057453035114837,3.7858770074113233,10.184073683329451,0.006067804771635425,0.006930711002787696,0.007876976374993934,0.016214955893155334
ZWE,Sixth,314.0,0.878,2.4400833283477468,3.2279635386533063,4.6635896245507364,12.114462222746697,0.012057293174812763,0.013521241548702684,0.015094382787856743,0.027927122935649674
ZWE,Seventh,363.0,1.41,2.9200797999644528,3.841208687406472,5.516952008270647,13.825939360288682,0.021179678106530545,0.02330327806819793,0.025535880048172917,0.042300732558358485
ZWE,Eighth,449.0,2.83,3.760053822332416,4.914978333126955,7.011967397489624,16.877267040912088,0.04690201507491471,0.05051512582131673,0.05421472613731385,0.07934643580742282
ZWE,Ninth,534.0,5.1,4.705200324289857,6.098883041238431,8.625705741690066,19.730568703736274,0.09509977893933734,0.0996729157219028,0.10416871776799591,0.1301858432870051
ZWE,Tenth,939.0,34.6,9.264167183664911,11.751517317591308,16.24601160248474,33.04218211500689,0.8129329110296111,0.7992576878802331,0.7851276107916932,0.6839149781676309
