country,quantile,conso_2020,conso_2021,conso_2022,conso_2023,conso_2024,conso_2025,conso_2026,conso_2027,conso_2028,conso_2029,conso_2030,conso_2031,conso_2032,conso_2033,conso_2034,conso_2035,conso_2036,conso_2037,conso_2038,conso_2039,conso_2040,conso_2041,conso_2042,conso_2043,conso_2044,conso_2045,conso_2046,conso_2047,conso_2048,conso_2049,conso_2050,conso_2051,conso_2052,conso_2053,conso_2054,conso_2055,conso_2056,conso_2057,conso_2058,conso_2059,conso_2060,conso_2061,conso_2062,conso_2063,conso_2064,conso_2065,conso_2066,conso_2067,conso_2068,conso_2069,conso_2070,conso_2071,conso_2072,conso_2073,conso_2074,conso_2075,conso_2076,conso_2077,conso_2078,conso_2079,conso_2080,conso_2081,conso_2082,conso_2083,conso_2084,conso_2085,conso_2086,conso_2087,conso_2088,conso_2089,conso_2090,conso_2091,conso_2092,conso_2093,conso_2094,conso_2095,conso_2096,conso_2097,conso_2098,conso_2099,conso_2100,tax_2020,tax_2021,tax_2022,tax_2023,tax_2024,tax_2025,tax_2026,tax_2027,tax_2028,tax_2029,tax_2030,tax_2031,tax_2032,tax_2033,tax_2034,tax_2035,tax_2036,tax_2037,tax_2038,tax_2039,tax_2040,tax_2041,tax_2042,tax_2043,tax_2044,tax_2045,tax_2046,tax_2047,tax_2048,tax_2049,tax_2050,tax_2051,tax_2052,tax_2053,tax_2054,tax_2055,tax_2056,tax_2057,tax_2058,tax_2059,tax_2060,tax_2061,tax_2062,tax_2063,tax_2064,tax_2065,tax_2066,tax_2067,tax_2068,tax_2069,tax_2070,tax_2071,tax_2072,tax_2073,tax_2074,tax_2075,tax_2076,tax_2077,tax_2078,tax_2079,tax_2080,tax_2081,tax_2082,tax_2083,tax_2084,tax_2085,tax_2086,tax_2087,tax_2088,tax_2089,tax_2090,tax_2091,tax_2092,tax_2093,tax_2094,tax_2095,tax_2096,tax_2097,tax_2098,tax_2099,tax_2100
BRA,First,1.0304582617336955,1.0343487280245365,1.0365181506967764,1.0390108316323796,1.042878095447477,1.0481910689554694,1.054287028135772,1.0607055376814918,1.067998564356134,1.0761467682006303,1.0853277360857532,1.0949536841022331,1.1049654912983686,1.1166042478194065,1.1285545907293366,1.1412271246031276,1.154264802087946,1.1678413278825395,1.1824918397250734,1.1981685445761179,1.2150390550371244,1.2323538777953038,1.250089316173194,1.2684814877798727,1.2874672271636851,1.3068150837763544,1.3259618148648862,1.3453902744474264,1.3657559157686667,1.3875475534600157,1.410905124195131,1.434726081897707,1.4589096748926644,1.4838536101733164,1.5093577261995355,1.53514038907696,1.5604889861692475,1.5861668865264222,1.6128114553473227,1.6402244450392163,1.6687577472276887,1.697899587786776,1.7275855300084815,1.7579522448405591,1.7888718232381926,1.8202944085715973,1.8511501540107023,1.8816692112997573,1.9127410655314196,1.9448918746460364,1.9783935555548193,2.012318904148111,2.046583104979706,2.081407453874117,2.116917323298194,2.1530935324653253,2.1889119129444614,2.22453559893195,2.2601990341144704,2.2959060155014845,2.3318779476652933,2.367526811528741,2.40350119522259,2.440437393743994,2.4782122219424743,2.5168419564781366,2.5550622530749068,2.59295605948537,2.6309221477814666,2.6687654803426852,2.7061609585341344,2.7419622593743402,2.7772236027409436,2.813295447956042,2.8510644133905285,2.8899830924535967,2.9281135468905086,2.9660933000764995,3.0041210594386523,3.041976258523229,3.07918860557795,5.2905781251919546e-6,5.222913666859665e-6,5.144965730798076e-6,5.07277586340855e-6,5.00659730873012e-6,4.946728994207731e-6,4.892444616458853e-6,4.831199022583527e-6,4.777127761252562e-6,4.7302946450852405e-6,4.690804159133086e-6,4.657931060438122e-6,4.622183088011991e-6,4.607255054322039e-6,4.594673635131046e-6,4.584354635810852e-6,4.575653772159037e-6,4.561859292068962e-6,4.550287082553086e-6,4.540822667909234e-6,4.533419326587786e-6,4.527643342622053e-6,4.518464725889132e-6,4.511279888037266e-6,4.505936552368813e-6,4.502432301784866e-6,4.500300639437891e-6,4.495075976186777e-6,4.4916128763208315e-6,4.489785334242744e-6,4.489545328834718e-6,4.490456831761623e-6,4.488246977816839e-6,4.487510964035196e-6,4.488132018992406e-6,4.490045538477716e-6,4.4928334148210865e-6,4.492785058836572e-6,4.493943413701513e-6,4.496200524605614e-6,4.499518627455809e-6,4.503663786203199e-6,4.50536192823587e-6,4.508088780342714e-6,4.511701033424226e-6,4.516156705609698e-6,4.52132720807627e-6,4.523825969868188e-6,4.527133558691457e-6,4.531162350994208e-6,4.535888965299983e-6,4.540692172823815e-6,4.541573228685263e-6,4.543107957140816e-6,4.545149833019099e-6,4.547705662750329e-6,4.550252480970918e-6,4.549005073684999e-6,4.548194489197559e-6,4.547764706966933e-6,4.547652545076235e-6,4.547461302319577e-6,4.54392209793806e-6,4.540706379151347e-6,4.5377290021157985e-6,4.534917271300821e-6,4.531935941551594e-6,4.525672187465565e-6,4.519614047608519e-6,4.513675512350155e-6,4.5078703584577475e-6,4.501460305734344e-6,4.491945655355152e-6,4.482531391452686e-6,4.473174661960118e-6,4.463840882016107e-6,4.453798738927435e-6,4.441037766298297e-6,4.428287243007652e-6,4.415541531020804e-6,4.402808011665034e-6
BRA,Second,2.1853187858607472,2.197524197253125,2.207187595336964,2.2175654872893285,2.2303070079327187,2.245551048744757,2.2620051197555218,2.279162808657876,2.297988657375839,2.318476256559328,2.340922184114398,2.364111847725242,2.388194452219916,2.415290529027992,2.443241189224788,2.4726969465193265,2.5027814246838407,2.534021328863691,2.5673198302598395,2.6026168110173717,2.6401862124458217,2.6785157491010954,2.7178546260652925,2.7586282341491764,2.8007476626715553,2.8438624639457064,2.8867086878926984,2.9303482378628454,2.975854143055092,3.0239933704500856,3.0749948886978413,3.126751103759959,3.179426901936209,3.233695467505717,3.2892532323861428,3.3456688217027386,3.401427759904137,3.458031995313338,3.5165247918609963,3.576606302361209,3.638829715381197,3.7019878980564465,3.7663106244105586,3.832063207959202,3.89905242651623,3.96720832828623,4.034434042637526,4.101426260551968,4.169616999620755,4.239829352104211,4.312495349111132,4.3856947501217,4.459676716354617,4.5348617129873725,4.611449924295094,4.689420707753235,4.766631034505531,4.84377327654521,4.921287399533956,4.999183060728206,5.077813114085589,5.1556099079439734,5.23413718899349,5.314455629402838,5.3963853966862,5.479959363186227,5.562461055233893,5.644673936066584,5.727287314989963,5.8100027553214355,5.8923210637934895,5.971609294132586,6.0502446951887405,6.130392949965934,6.213440455143572,6.298553229747336,6.3818131947130485,6.465030137720091,6.548579077818634,6.632123678675409,6.714937151176195,5.436469550975438e-5,5.378344760304048e-5,5.311227699014783e-5,5.248915406494314e-5,5.191658938935869e-5,5.139751505933414e-5,5.092593282945196e-5,5.039281026460049e-5,4.992118872214815e-5,4.95119758517161e-5,4.916638259984011e-5,4.8878319239508596e-5,4.8564674443552775e-5,4.8433589135646424e-5,4.832304834882783e-5,4.823233828857442e-5,4.8155829958469215e-5,4.803448983905786e-5,4.793264667477144e-5,4.784931806185603e-5,4.778411053542203e-5,4.773323711984333e-5,4.7652348451398205e-5,4.758901170285342e-5,4.754191893260873e-5,4.751100364334838e-5,4.749222031200265e-5,4.744613195141636e-5,4.741558014865e-5,4.739945731999363e-5,4.739733923899732e-5,4.7405377681970806e-5,4.738589170103376e-5,4.737939666693112e-5,4.7384880282918355e-5,4.7401750609440796e-5,4.742633946797685e-5,4.742591548684213e-5,4.74361402532818e-5,4.745605675310719e-5,4.7485314031496076e-5,4.7521876734382035e-5,4.753684463823368e-5,4.756089118568384e-5,4.759272750967421e-5,4.763201491299864e-5,4.767757476683786e-5,4.769959200917384e-5,4.772873685895383e-5,4.77642364322792e-5,4.780587106061436e-5,4.7848158560323e-5,4.785591873704524e-5,4.7869439351946356e-5,4.788741967007079e-5,4.7909919867885013e-5,4.793234074959041e-5,4.792134858305358e-5,4.7914224576550026e-5,4.7910435892949536e-5,4.7909448416602825e-5,4.79077720206005e-5,4.7876609794217705e-5,4.7848279935751656e-5,4.7822072696373115e-5,4.7797308649635476e-5,4.777103638939758e-5,4.771585965140951e-5,4.766248219137625e-5,4.761014439692919e-5,4.75589724564009e-5,4.750243831718158e-5,4.741851358499537e-5,4.7335446666777235e-5,4.7252862805862754e-5,4.717044748921335e-5,4.7081742095059135e-5,4.69689762719623e-5,4.685624506925032e-5,4.674351415979111e-5,4.663082755685817e-5
BRA,Third,3.0651404960492483,3.0847513231432475,3.101445196945149,3.1191292399459294,3.1398252329684917,3.1637177968142884,3.1890518909774315,3.2154622707392777,3.244074275953829,3.2748926490932746,3.308287334900001,3.3425757805385645,3.3781948959313106,3.417628312184114,3.458339721918792,3.50113314526693,3.544722725994021,3.5900005823396377,3.638041812714157,3.6887826737249267,3.742567281388662,3.797311936635747,3.853576610678754,3.911858384980693,3.9720550451284264,4.03374487419432,4.095120007351478,4.157749684472197,4.22292081279458,4.291576887994599,4.364005411655876,4.437365186245247,4.512136005182932,4.589116035038263,4.667939826108702,4.748084326156346,4.827424249521453,4.908067738549458,4.991265691218309,5.07665849786376,5.164926659885062,5.254313969733075,5.345381620890728,5.438433532292009,5.533239672611661,5.629718087655635,5.725010930437169,5.8202613200300695,5.917192770336993,6.01681642922945,6.119666783243942,6.223081174803511,6.327700323832938,6.434003917933456,6.542243476669848,6.652399176247481,6.761483358156823,6.870723042575122,6.980620427756153,7.091192365001907,7.202879365816014,7.31332308185097,7.424890019476144,7.538844954337951,7.654976828435039,7.773333264077112,7.890086764447455,8.00671892621608,8.124037874344642,8.241683818507706,8.359049735956606,8.472353405850049,8.585073690764057,8.699821954216345,8.818299647971584,8.939499856445664,9.05803261520876,9.176729670136485,9.296019921447826,9.415495512419794,9.534271369699669,0.00015640793500550069,0.00015493730212226745,0.00015323668475417633,0.00015165543107921692,0.00015020039507443635,0.00014887961632672174,0.00014767820400989293,0.000146318364388003,0.0001451138882029721,0.00014406767245473724,0.0001431832626726456,0.0001424455051511174,0.00014164160979996518,0.00014130544046332165,0.00014102185378559872,0.00014078910284283697,0.00014059272002092595,0.00014028122276408284,0.000140019703618557,0.00013980565726190788,0.00013963814182793357,0.00013950742687365793,0.00013929956146841398,0.00013913677481674762,0.00013901568629264086,0.00013893621275327356,0.00013888790380172763,0.00013876941027711592,0.00013869084343689724,0.000138649370693373,0.00013864392553042908,0.0001386646000910134,0.0001386144784714839,0.00013859776566221762,0.00013861188207586953,0.0001386552729528691,0.0001387185119228714,0.00013871742860349675,0.00013874370509875955,0.00013879492492991518,0.00013887015618934396,0.0001389641767797404,0.00013900265247795667,0.00013906446539332338,0.00013914632452037158,0.00013924729259262567,0.00013936439028481461,0.00013942097804157036,0.00013949585844833488,0.00013958707448897593,0.00013969404886100592,0.00013980268580489238,0.00013982262931144896,0.00013985734647943085,0.00013990353718718352,0.00013996134157225222,0.00014001892824937266,0.00013999069113175872,0.00013997238865335118,0.00013996267207314257,0.00013996011481885989,0.00013995581106757,0.00013987577173084874,0.00013980300117810308,0.00013973568386948197,0.00013967206194217966,0.00013960455959707255,0.00013946276516537274,0.00013932559243596323,0.00013919107850338165,0.0001390595316445768,0.00013891418294020174,0.00013869837925292426,0.0001384847442308201,0.00013827229049563828,0.00013806020609159978,0.00013783191369259317,0.00013754161232581763,0.0001372513339652553,0.00013696094782674785,0.00013667057297136976
BRA,Fourth,4.287923063654891,4.318237185048827,4.3452321269963,4.373606957992267,4.405840511827362,4.442178032343274,4.480233616927814,4.519889276943026,4.562469521904643,4.607996991697028,4.656929474610979,4.706946480994677,4.758912446848248,4.815752962967849,4.874480378431603,4.9360878810026065,4.9987087388252425,5.063761749726603,5.132533526341273,5.2049599279659775,5.281473318071965,5.359203182641285,5.439177326665121,5.521980968657735,5.607499353477228,5.695225416764094,5.782589439181506,5.871871196684802,5.964618683127953,6.061992073102369,6.164352174652805,6.267865238751174,6.37349034858865,6.482178362431449,6.593490127245579,6.70679405042147,6.819115349931567,6.9333945264448475,7.051135544027317,7.171907909973083,7.296549619733298,7.422525100222129,7.550900980198929,7.682029191951885,7.8156361123944365,7.9516281477992,8.086107800482626,8.220863107703115,8.357972432588111,8.498675980357609,8.643635402428533,8.789166060923515,8.936497778907619,9.086184799226476,9.238541389718247,9.393551752839707,9.547057765285944,9.701070578483996,9.85616811549224,10.012378630298308,10.170261516788123,10.326315194266016,10.484045240303164,10.644966712092817,10.808832255078741,10.975711372400927,11.140228560528588,11.304904339237627,11.470690643476525,11.637155354376853,11.803561926062196,11.964511068995458,12.125029448693093,12.288269558528516,12.456319012146476,12.627965319008695,12.795793175454145,12.964107212465592,13.133401832975444,13.303186076585664,13.472383026942607,0.00044816747167216754,0.0004444179868525398,0.00044007710951011466,0.00043603598438338826,0.0004323131699240649,0.0004289302599998923,0.00042585012519179185,0.0004223603968855925,0.00041926630322425273,0.0004165763178913796,0.00041430066194547634,0.0004124011218774151,0.0004103300069291879,0.0004094635043835783,0.0004087323913444593,0.0004081322060930475,0.0004076257219827485,0.00040682216439523206,0.00040614735762553166,0.00040559497722911036,0.00040516257370950133,0.0004048250928997436,0.00040428846008808665,0.0004038680657821505,0.00040355539989630156,0.0004033501204456741,0.00040322535447423155,0.0004029192649004208,0.0004027163098386428,0.0004026091813383885,0.000402595106050195,0.00040264850862738877,0.0004025190230725737,0.00040247584755848803,0.00040251229405496587,0.0004026244293292285,0.00040278779060794954,0.00040278498002680385,0.00040285285909747576,0.00040298515476642723,0.00040317951941092555,0.0004034223206592343,0.00040352168382586665,0.000403681368275858,0.0004038927360363744,0.0004041534699010219,0.00040445584399319913,0.00040460192633843205,0.00040479525712703576,0.00040503074133790536,0.0004053068909168502,0.00040558727107393994,0.00040563871849039283,0.0004057283656094016,0.00040584755200068776,0.0004059967149861145,0.00040614533698759566,0.0004060724657596597,0.0004060252299363472,0.0004060001710220527,0.00040599357497077233,0.0004059824788938592,0.00040577588273202857,0.0004055881128993656,0.00040541432611790963,0.0004052501097543725,0.000405075857707904,0.00040470982351836993,0.0004043556605910781,0.00040400833063834035,0.0004036685896986055,0.00040329323940286465,0.00040273579107092956,0.0004021838219185742,0.0004016348524541822,0.0004010867454704115,0.00040049663464477317,0.0003997460623656773,0.00039899532772648866,0.00039824419972439297,0.00039749288715773003
BRA,Fifth,5.57346061922051,5.615825706119539,5.654630769175828,5.695206462017153,5.740459635855486,5.79069389207132,5.84287132912982,5.897272396371541,5.955302878786632,6.017003947857532,6.082904305948281,6.150034627548481,6.219806936037987,6.295357045429329,6.373435410935718,6.455216131989233,6.538214248003782,6.624482275868937,6.715440815256877,6.8110286333404915,6.911764636677553,7.013955270338955,7.119201981875191,7.228121487128014,7.340589205713994,7.45602067305304,7.57103976901029,7.688729895584493,7.8108319542612,7.938712610978007,8.072803177657066,8.208249547346405,8.346599469623444,8.488894348450934,8.634627531549194,8.78306800635871,8.930348695662143,9.080328067007937,9.23469613171078,9.392959026350473,9.55610380204935,9.720761237426752,9.888613809410932,10.060010974968753,10.23464283196711,10.41240500437981,10.588319902837036,10.764927299417616,10.944586534312117,11.12875462286683,11.318214416914659,11.5082251325762,11.70073595771497,11.896299268750974,12.095292641694536,12.297704769378635,12.498152695133053,12.699578669003646,12.902556376424801,13.107129479684145,13.31399033137699,13.51839198347918,13.725125906412028,13.93587240519323,14.150356229033973,14.36866961599356,14.583808197254022,14.799509134786573,15.016789546249488,15.235151968047685,15.453740337814319,15.665445757815446,15.877003317295937,16.092001354729565,16.312893037325264,16.53827841297186,16.758638580886476,16.97992596904159,17.202633104755318,17.426191326844997,17.649347337043938,0.0010224182520215165,0.0010148196124136369,0.0010060131185257914,0.0009978056445400288,0.0009902367990943343,0.0009833524455350178,0.000977078741354705,0.0009699644034171847,0.0009636508895455164,0.0009581575795337791,0.000953507155077093,0.0009496231163181127,0.0009453857730223697,0.0009436123204021938,0.0009421155156051243,0.0009408866222167015,0.0009398493429544133,0.0009382034321039676,0.0009368209458707342,0.0009356890521457097,0.0009348029307465258,0.0009341112338532888,0.0009330111718830126,0.0009321493457539355,0.000931508212473199,0.0009310873208898493,0.0009308314683557409,0.0009302037530313012,0.0009297875103077495,0.0009295678020128775,0.0009295389420210763,0.000929648449108965,0.0009293828858698872,0.0009292943768713259,0.0009293690579841428,0.0009295990898663378,0.0009299341067069308,0.0009299283418833673,0.0009300675555313168,0.0009303389384281253,0.0009307374388007966,0.0009312353758138036,0.0009314391461831422,0.0009317665389103555,0.0009321999182117292,0.0009327344212225413,0.0009333543240632722,0.0009336537582493647,0.000934050032582609,0.0009345327137460582,0.0009350986870913907,0.0009356733210399943,0.0009357787057438313,0.0009359624327512875,0.0009362067067171523,0.0009365123169250776,0.0009368167982463378,0.0009366675395827325,0.000936570729260721,0.0009365193410271692,0.000936505849245158,0.0009364830884854328,0.0009360597950744271,0.0009356749687836033,0.0009353188714763949,0.0009349822788489348,0.0009346251915895366,0.0009338749232122899,0.0009331489709467164,0.0009324368868827078,0.0009317403516778916,0.000930970623066356,0.0009298274749711989,0.0009286953198626539,0.0009275691581123633,0.0009264445605466963,0.0009252335952914343,0.0009236930526193535,0.0009221518735374919,0.0009206094726055677,0.0009190665208486275
BRA,Sixth,7.452553259216476,7.513061692498553,7.569798790541516,7.628878775226889,7.693772723175197,7.764866188237184,7.838179724285191,7.914652899914731,7.995757031680249,8.081562441836292,8.172663988295827,8.2651944108858,8.361399262968918,8.464602634468347,8.57128789803646,8.682868662022146,8.795946974193004,8.913536982423008,9.037209811523136,9.166912628294915,9.303282629719067,9.441426118571771,9.583836403623367,9.731150263338352,9.883234149681094,10.039404801810281,10.195102743473512,10.354605162242175,10.519882600269577,10.692577621658263,10.873214956195211,11.055483463966643,11.241840356327879,11.433423969610722,11.629641924586306,11.82963504722612,12.028234788915114,12.230643352977594,12.438772224525854,12.652047651380663,12.871657496306034,13.092988136535768,13.318687814829461,13.549082256795266,13.783818073794686,14.022778471274856,14.259425085027521,14.497435546217117,14.739515549347113,14.987406810501366,15.242054281944482,15.497202297528277,15.755898691566024,16.018664247596078,16.285962803738155,16.557792773750652,16.82698204892046,17.097897634362415,17.371074428422567,17.6465846864124,17.925345505150876,18.200710504012875,18.479392630051255,18.763261390706077,19.05200833014474,19.345760279098563,19.63512856073328,19.925715907772013,20.218594529928584,20.513184753258866,20.808475600631755,21.094842185172457,21.381550728226895,21.672731636907958,21.971318769475108,22.27567459898865,22.57322806980446,22.872407961876185,23.17367769077992,23.476369309575787,23.778998568242866,0.0025556773632678105,0.0025390029122488948,0.0025196578128595286,0.002501608947128185,0.0024849474818812905,0.0024697786694303225,0.0024559435022087537,0.002440240649284261,0.002426292935459324,0.002414147736717428,0.0024038591017863753,0.002395260979769044,0.0023858758607997743,0.002381946084391782,0.0023786288346176712,0.0023759045991964332,0.0023736050180913114,0.002369955282021663,0.0023668889450363093,0.002364378133715021,0.0023624121546076695,0.0023608775549251388,0.002358436330252655,0.002356523559202325,0.0023551004847102053,0.0023541661816676458,0.0023535981541712007,0.0023522047467562156,0.002351280434960459,0.0023507926966535074,0.0023507285481583606,0.002350971739628594,0.0023503821719901316,0.002350185580974741,0.002350351501724184,0.0023508621636655447,0.002351606102286579,0.0023515932840207075,0.0023519023059260444,0.002352504775672599,0.0023533895471118463,0.002354494814074612,0.0023549471970143133,0.0023556738958037354,0.0023566357075176137,0.0023578221098279274,0.0023591978609456433,0.0023598623918883186,0.0023607417282986757,0.002361812698310355,0.002363068387255872,0.00236434328721234,0.0023645770941251257,0.0023649846796927163,0.002365526435219417,0.0023662044106344125,0.002366879840034604,0.002366548742870037,0.0023663340172978492,0.0023662200381197487,0.002366190228076391,0.0023661396288351725,0.0023652005944343347,0.0023643469408446997,0.0023635569849205806,0.0023628101767048174,0.0023620179468698006,0.0023603531197762075,0.002358742145553329,0.0023571617328015785,0.002355615831880642,0.0023539071583310155,0.00235136918158395,0.0023488554116306037,0.0023463543915020436,0.0023438566805636277,0.0023411664989543227,0.002337743564619425,0.002334318580483554,0.0023308900606400845,0.002327459427493688
BRA,Seventh,9.603342246557013,9.685899384251021,9.764725362993673,9.846512739982833,9.935311880291666,10.0315920114271,10.130311176579195,10.233398938110312,10.342170975191259,10.456727325420353,10.577667490401286,10.700197416771893,10.827659744767063,10.963140352848521,11.103184871512958,11.249458432683017,11.397512839700651,11.551604311345972,11.71332179053448,11.882625416786661,12.060281540103382,12.2400184110833,12.425496966503259,12.617261586781327,12.815174479421461,13.018452728185382,13.22118075357641,13.429103825007374,13.644318709759233,13.868759451942772,14.103047586473467,14.339247008638244,14.58098423588632,14.829386092925448,15.083773000323932,15.343158703533737,15.600888138937636,15.863788324034045,16.13388884826036,16.410537249993343,16.695136355546406,16.98161104419754,17.273868035435367,17.572106389107706,17.875935951279057,18.185225611848214,18.49166701600303,18.800366579318872,19.114279312459278,19.435441573617048,19.764968827613277,20.094931303665614,20.429774006247307,20.769832112347675,21.115667065957574,21.467287794239077,21.815480530406113,22.16643087595623,22.52046941338746,22.877715812018465,23.23942050310094,23.5966415452476,23.95844451948367,24.3267488336887,24.701219035144725,25.082025554273468,25.457047302919406,25.834226204623853,26.214540181180762,26.597331526154427,26.981428977381228,27.354328208205402,27.728332357822865,28.10798154726126,28.496712193246694,28.89264913482609,29.279767832892386,29.669492550688418,30.062119538069158,30.456882872928933,30.852061003148865,0.005695066072127386,0.005663274518840159,0.0056263508378070785,0.005591861749596354,0.00555998975059515,0.00553094427169391,0.005504428324381361,0.005474305162716921,0.005447523953879313,0.005424184260764384,0.005404398503285495,0.0053878535101046145,0.005369783614648944,0.005362214301500303,0.005355823123153066,0.005350573465369608,0.0053461415468710055,0.005339105997374068,0.0053331937127824545,0.005328351669597768,0.005324559814857259,0.005321599455225532,0.005316889951981424,0.005313199267646389,0.005310453268690436,0.005308650111568183,0.005307553852138643,0.0053048643288517135,0.005303080445443245,0.005302138845174577,0.005302015059015975,0.0053024846197053995,0.005301346450948419,0.0053009668416356594,0.005301287104485073,0.005302272948149709,0.005303708935094197,0.005303684030114735,0.005304280697271597,0.005305443413754051,0.005307151197980294,0.0053092843777796436,0.005310157183900871,0.005311559657662456,0.005313415751707438,0.005315704813136812,0.005318359050647728,0.0053196411661106426,0.005321337547292881,0.00532340342943267,0.0053258255170895155,0.005328284331742131,0.005328735460149768,0.005329521253015595,0.005330566258851548,0.005331873635339787,0.0053331759455537385,0.005332537645430436,0.005332123407683804,0.005331903650461316,0.005331846050233189,0.005331748693337838,0.0053299378776776015,0.0053282915609307825,0.005326767772456293,0.0053253274589279195,0.005323799259491933,0.005320587790900415,0.005317479852772015,0.0053144307696726895,0.005311447478212244,0.005308150200073678,0.005303251577751373,0.005298399085378508,0.005293570295156107,0.005288746980359524,0.005283551188955022,0.00527693894349033,0.005270321007536177,0.005263695097601419,0.005257063391879515
BRA,Eighth,13.428922858591177,13.551657027588181,13.670986106691336,13.794379074322878,13.926808840090803,14.068886756354011,14.213701006235148,14.365085504229217,14.523974775759857,14.6905251774551,14.865115028574554,15.041672165462826,15.22543078768559,15.41882342523804,15.618726392978733,15.827207144441156,16.03793959019404,16.2574553963369,16.4872874981615,16.727422167649202,16.978848294380196,17.232812385792975,17.495182827518143,17.766284339309,18.045979225241915,18.333335817337556,18.62003075968054,18.914448408140252,19.218806781407203,19.535523190639648,19.865363470957234,20.197615777747366,20.538031889717594,20.887651832346343,21.245655493235724,21.610868738235,21.974005110943445,22.344784824567075,22.725343713160555,23.1149129419928,23.51525840804342,23.917599120738096,24.328255841724825,24.74715233254551,25.173858163403654,25.608213658302258,26.038804559645353,26.473342976613523,26.9151161625513,27.366620155598145,27.82924553903139,28.292268537202524,28.762581916398112,29.240141852776187,29.725670477140024,30.2192006051895,30.707875484732096,31.20126127928815,31.699239290999923,32.20205831312317,32.711869766768025,33.21523743373095,33.725491678738386,34.24453734888053,34.77200718331005,35.308148515110155,35.83598134522085,36.367765479409286,36.904230914729396,37.444603674929574,37.98746450819729,38.515160415257995,39.045464164701166,39.583463838587356,40.13339896862602,40.693033563215614,41.24024857586572,41.79191629238217,42.34798224392904,42.90752879230315,43.46846492358635,0.016468562329979442,0.016394062036973623,0.016307425706520565,0.01622639495495735,0.016151420385177785,0.016083016932339777,0.0160205060405489,0.015949415265229853,0.01588614266704847,0.015830948965447775,0.015784120508080562,0.01574493535322295,0.015702110148477447,0.01568416170196485,0.015669003641280477,0.015656549665772904,0.01564603351193855,0.01562933594506301,0.015615300763754896,0.015603804237553903,0.015594799162152801,0.015587768267480184,0.015576580873120825,0.01556781237714401,0.01556128745028102,0.01555700256441059,0.015554397683397636,0.015548005626391494,0.015543765142122214,0.015541527157295535,0.015541233076907732,0.01554234910586649,0.015539643697077209,0.015538741316574579,0.01553950265994449,0.015541845658789613,0.015545258983012507,0.015545200359382208,0.015546618403245505,0.015549381776257105,0.015553440645909756,0.015558509848769048,0.01556058408723151,0.015563916872847383,0.015568326976107227,0.015573765467432108,0.015580070962678246,0.015583116638491289,0.015587145927841757,0.015592052833385656,0.01559780481109012,0.015603644435249356,0.015604715441535695,0.015606581330119659,0.015609062380641085,0.015612166679676699,0.015615258955491979,0.015613743111489315,0.015612759897737274,0.015612238266838021,0.01561210178411532,0.01561187042099234,0.015607570682739038,0.015603661401878629,0.015600043033747051,0.015596622466290802,0.015592992925019415,0.015585365526547039,0.01557798251490649,0.015570738419095098,0.015563650057380744,0.015555814754649934,0.015544172146610167,0.015532637239290896,0.015521155992942856,0.015509685773363485,0.015497327812615473,0.01548159665236468,0.015465848227184619,0.015450076653208347,0.015434287180315762
BRA,Ninth,18.684707198058767,18.866832769142693,19.04689530239873,19.23240205819891,19.429425690482798,19.638737303588133,19.850895763139498,20.073160281041076,20.305113859201,20.546971357665985,20.79811053865863,21.051838369903702,21.316144123538212,21.590939757475013,21.874846237337408,22.170420822316856,22.468778465699998,22.78006823362253,23.105201502433463,23.44419797927731,23.798358341244274,24.155396826484235,24.524802095479277,24.90616742345396,25.29936934910221,25.703307772989497,26.10639044546943,26.52097246769767,26.948953047378666,27.393393242790797,27.855195878233136,28.32011523626385,28.797116308523627,29.286691619697127,29.78783602436779,30.299181152447055,30.807865188548877,31.327899140555868,31.861082967983403,32.406519815575685,32.96648087278895,33.528169741745906,34.101899327920954,34.68682231192543,35.28251090696535,35.88874262243785,36.4898958299859,37.09767914152784,37.715372330784156,38.34600400330146,38.99130552959695,39.63729048939864,40.29432690869208,40.96132474502272,41.639226089052286,42.32809726505551,43.010051558101715,43.70001788191556,44.39662244021721,45.10043916513758,45.81585384791778,46.52209908625519,47.23890458641781,47.967572193030485,48.70772168244312,49.45971652224077,50.19991038761804,50.9471555371382,51.70127895581512,52.461387337585506,53.225764003059915,53.96971502568217,54.719024806188116,55.47884418562437,56.25440753980308,57.04306817639139,57.814461814853594,58.59347617351874,59.37908155642498,60.17018651590644,60.96425808655233,0.04697700850510585,0.04682829724841697,0.04665506250495513,0.04649274611829874,0.04634230786740953,0.046204841927161996,0.046079039342396384,0.04593576174555364,0.04580805453322174,0.04569650841913786,0.045601762500386625,0.04552240671236409,0.045435599709798824,0.045399193726844506,0.04536843607731036,0.04534315851540065,0.04532180752293309,0.04528789734548946,0.04525938481909049,0.045236021923987936,0.045217718712689134,0.045203424850951884,0.04518067683188686,0.045162843342030454,0.04514957035142274,0.04514085325343155,0.04513555323748183,0.045122547307389384,0.04511391826311326,0.045109363080111084,0.04510876454900471,0.04511103567241262,0.04510552980208548,0.04510369322668314,0.045105243038580475,0.0451100119897939,0.045116958397472796,0.045116838699521294,0.045119724264859155,0.04512534784816515,0.045133606478742795,0.04514391996170218,0.04514813939152022,0.04515491948728653,0.04516389002570748,0.045174951371991144,0.04518777355753006,0.04519396644198536,0.04520215943067323,0.045212135726403216,0.04522382805169654,0.04523569673261181,0.04523787339227256,0.045241666077010655,0.04524670798317788,0.045253016436750164,0.04525929938087826,0.04525621928110482,0.0452542214533232,0.04525316139182553,0.04525288336292355,0.045252413406354865,0.04524367651579399,0.045235731090382064,0.04522837753661945,0.04522142490132455,0.045214046898830615,0.04519853955716459,0.04518352680450875,0.04516879432722731,0.045154377270660746,0.04513843733893589,0.0451147464392952,0.04509126829393574,0.04506789421018706,0.045044537012863727,0.04501936432774748,0.04498731146172336,0.04495521131101668,0.044923052890524784,0.04489084671683767
BRA,Tenth,47.6690096865838,48.20432599380334,48.75086717065697,49.30994844382025,49.89223547629117,50.49914608922241,51.107584118845615,51.74848481805387,52.40932931461822,53.09056378343944,53.75565987850874,54.44650422501678,55.16702399622603,55.89398050584387,56.64346234442131,57.41970253306,58.20105310515093,59.01961698231219,59.869658646394804,60.75082767493126,61.667196200385355,62.58057683753448,63.528993395059146,64.50490377260137,65.50830907928649,66.53782602560128,67.56617789137981,68.62757759876135,69.71830266455908,70.84627727958264,72.01094960070412,73.18944521156457,74.4023584878184,75.64512010721897,76.91483682515984,78.21055266260626,79.50141746661183,80.82527373104742,82.1780234327001,83.55828527107148,84.97319094047641,86.37541292792156,87.81052038652837,89.2700255838433,90.75508282563713,92.2637382190884,93.75924536911887,95.27615607692984,96.81604289574703,98.3826432731858,99.97912712333617,101.59830436666034,103.24968204560514,104.92497669379527,106.62626345547964,108.35380386212967,110.05934119036662,111.79558495977244,113.54771153835135,115.32467265375851,117.19028970879037,119.03187372001432,120.90685501773787,122.80983704608263,124.74059535034534,126.70018855120716,128.6289187629515,130.58544490811198,132.56146258471415,134.5557549157924,136.56538824768765,138.5275398284712,140.51427188566933,142.52668644165863,144.5743989044024,146.65328124886315,148.68910555738736,150.75356113316548,152.83755770720646,154.93935753451692,157.05462523392293,0.9266170367971853,0.926902182020862,0.9272339189823467,0.9275443292400883,0.9278316609641454,0.9280939116334588,0.9283336573424622,0.9286064100032374,0.9288492565129349,0.9290611667775558,0.9292410111200068,0.9293915374508926,0.929556086418992,0.9296250620758595,0.9296833208409194,0.9297311891301835,0.9297716131314773,0.9298358022616573,0.9298897608184636,0.929933964207779,0.9299685889795473,0.9299956252373281,0.9300386460061415,0.930072366976033,0.9300974612907486,0.930113940798888,0.9301239598252276,0.9301485443544748,0.9301648538577525,0.9301734626240665,0.9301745939087438,0.9301703014700459,0.930180707351806,0.9301841781364089,0.930181249448849,0.9301722366513049,0.9301591080000134,0.9301593341759018,0.9301538801253031,0.9301432509107489,0.9301276401831953,0.930108143583901,0.9301001664512797,0.9300873487338543,0.9300703881316486,0.9300494728822772,0.9300252251078821,0.930013513280916,0.9299980183473178,0.929979149384112,0.9299570318459727,0.9299345790845325,0.9299304610664054,0.9299232859680121,0.9299137465767019,0.9299018108385849,0.9298899222213275,0.9298957501689744,0.9298995304570417,0.929901536268033,0.9299020619346551,0.92990295123871,0.9299194823479257,0.9299345139367877,0.9299484259890943,0.9299615783202854,0.9299755343885627,0.9300048649618767,0.9300332563620466,0.9300611146352695,0.9300883740460296,0.9301185086039772,0.930163288550224,0.9302076581056941,0.9302518227716821,0.9302959477523697,0.930343492487265,0.9304040186364531,0.9304646178062375,0.9305253116221778,0.9305860796669272
CHN,First,1.3190796463239256,1.3969329921453968,1.4761450882103238,1.5580798937431646,1.6434751869895161,1.732591202530866,1.821886658929727,1.913243113893605,2.00783971603033,2.1057451374821787,2.207299464395655,2.307501814069801,2.409378751758941,2.522653784838907,2.639946923738009,2.7617964994228332,2.883847890569046,3.0095740927404884,3.140321207559686,3.2762940333081145,3.4179179468414365,3.5597386749106232,3.7055858170728837,3.856747329245415,4.013401140338737,4.175580743500813,4.337766025402275,4.504492704779911,4.6775518941018825,4.857794946350908,5.046029604831747,5.235476630586356,5.430629945868753,5.633075509250593,5.842892892633419,6.060096144290911,6.277317925359746,6.5011081368953665,6.733500132012632,6.974657237913901,7.22545533831318,7.477207137363426,7.736810167215108,8.005950331555624,8.284910421076768,8.574092045395597,8.862071352490101,9.157854824813409,9.464383193413468,9.782904002502832,10.114347668434425,10.447563384933598,10.791626715770468,11.148201877696193,11.518038599080647,11.901739948256909,12.288155745574144,12.687241276611235,13.100217657350925,13.52776785228707,13.971020539862227,14.418860526033972,14.882871640030341,15.364817316034868,15.865286758945587,16.38513679428469,16.910628827368328,17.454673127692804,18.018461383412166,18.602528117850422,19.20730236448045,19.81593217721253,20.44576246421289,21.09996693987937,21.781236870550256,22.489822377793484,23.20500249220063,23.945354975791048,24.712973360126657,25.5086855126929,26.33292605117803,0.00010436449867237304,0.00010566083452757872,0.00010703715824828246,0.00010870624993755897,0.0001106688882768354,0.00011292827864961698,0.00011524224449399892,0.00011750478027301492,0.0001200403953877631,0.00012283831816136464,0.00012589100417040398,0.00012887234333955038,0.0001317515758123247,0.0001367845187735955,0.00014225169192590603,0.00014818087775255462,0.00015441726633904737,0.00016092673635048366,0.00016798137869119165,0.000175614710134311,0.00018386879206794805,0.0001925434859385122,0.00020163689292444103,0.00021146669978768876,0.0002220816257041481,0.00023354364790095054,0.0002456960699007557,0.0002585182386005241,0.00027236890712728517,0.0002873257418005781,0.00030355177076240507,0.0003208796732758124,0.000339292213170382,0.00035922194007903204,0.0003807866604027891,0.00040412525634541107,0.00042907544168906885,0.0004556880335959752,0.00048451355196994046,0.0005157457477836517,0.0005495971205514121,0.0005858130288223884,0.0006245434637840407,0.0006665523570833767,0.000712132369616734,0.000761612183202821,0.0008145018017522857,0.0008711876055712476,0.0009327445603166032,0.0009996234704760572,0.0010723160950920933,0.0011506217631093425,0.0012350153249947328,0.0013268297201787485,0.0014267531991897695,0.0015355739297660187,0.0016537598592057676,0.0017819364390726045,0.0019216933978019777,0.0020741552684470773,0.002240529594841313,0.002422178902930748,0.0026200548448291217,0.0028363300535756628,0.003072785196577175,0.003331393549804397,0.0036143499409033897,0.0039236132472927135,0.004262262797908788,0.004633145591886363,0.005039498378621225,0.00548258836090915,0.005967069413610791,0.006497899876212347,0.007079725883036874,0.00771751062804659,0.00840866415161823,0.009163452573096706,0.009990050474137346,0.010895289437580485,0.01188664693642267
CHN,Second,2.3382909043197815,2.475287423576578,2.614747664886386,2.7585478564899573,2.907729532144625,3.0626663346235867,3.2174623998262795,3.3756542016548203,3.5388195813012624,3.707065322065744,3.8807703506175084,4.051989122116786,4.225993746138326,4.415578488655874,4.610996133753074,4.812980678909219,5.014169509085323,5.220622277946315,5.434104009432478,5.65487905760938,5.883517466821119,6.111036548133766,6.344109274304349,6.5843769319211285,6.832060512131026,7.087179572177487,7.3405737318808,7.599959264323057,7.867616089649783,8.144662801201687,8.432108811440944,8.71905768338141,9.013223787518085,9.316548394394324,9.629076767866628,9.950760430523042,10.269816381821562,10.596825097243782,10.934251475226526,11.282223347645672,11.641807939982584,11.999266661415943,12.365850317057637,12.743457844036037,13.132341390958036,13.532895231237944,13.92795430143867,14.331487215444557,14.746913396417948,15.175694309984486,15.618864423924498,16.059378613516778,16.511385749734067,16.976568003212396,17.45567600746306,17.949244824501307,18.440465374886585,18.944286307796716,19.461804210213785,19.993605576345473,20.540824179865016,21.086604935920715,21.647856967733325,22.226276888160115,22.82223239665974,23.43639490982185,24.04863950189758,24.677340314775165,25.323405349097953,25.987031550079664,26.668236774679976,27.343823702109695,28.036870095294194,28.750456248982054,29.48717701098717,30.246675648242498,31.002788781629153,31.778420423592443,32.57498804317144,33.39271804036903,34.23132914992282,0.0006421085405129262,0.0006486375467563782,0.0006555529572588372,0.0006639167777229082,0.0006737206591963085,0.0006849662464538025,0.0006964393013448997,0.0007076152220060534,0.0007200915874356124,0.0007338006566893708,0.0007486903859662405,0.0007631658997206991,0.0007770851114561034,0.0008012776831000356,0.0008273655441130978,0.0008554416702052569,0.0008847406356416064,0.0009150807312120998,0.0009476957771837467,0.0009826894239427183,0.0010201989818122612,0.001059269091904056,0.001099858714531431,0.0011433356707356015,0.0011898433837585055,0.001239575310174336,0.0012917810056652208,0.0013463140767532294,0.0014046233285134482,0.0014669320022584825,0.00153380175780867,0.0016044282497146842,0.0016786425745062188,0.0017580642016678046,0.0018430056380767832,0.0019338423716291908,0.0020297787846037096,0.0021308588782876104,0.002238987057695267,0.0023546575218385004,0.0024784029936176346,0.00260905027166068,0.0027469152410017185,0.002894437149287398,0.0030522987644863954,0.0032212618337588007,0.003399301795100904,0.0035873925145861554,0.0037886846461809773,0.004004144935255051,0.00423480241255833,0.004479466790889135,0.004739074243672128,0.005017075276345305,0.005314786903902441,0.00563371770820011,0.00597434571340062,0.006337543459437953,0.006726770022020706,0.007143966368600942,0.007591132504898516,0.008070503110354616,0.008583062578484093,0.009132765454080477,0.009722260074129418,0.0103544133641275,0.0110323409287438,0.011758302080829225,0.012536859788733472,0.013371605924391758,0.014266594949758132,0.015221237209026761,0.016241950280770617,0.017335091952969197,0.01850569233239303,0.019758771566298048,0.02108438615768779,0.022497129636339975,0.024006249325941465,0.025617476464385412,0.027336784688933476
CHN,Third,2.957392185593111,3.1296787581903356,3.305016916528031,3.4854414717639246,3.672135714768589,3.865516307767081,4.0584066113487545,4.2554139506015645,4.458139982337374,4.6667066300520865,4.88141834652616,5.09294341753541,5.3078603005536165,5.53909681289893,5.776750720182732,6.02163040179844,6.264717437862963,6.513615014213096,6.770123406005211,7.034512529275715,7.307400238546379,7.577917702781318,7.854403407930655,8.138475253195118,8.430352200644846,8.730018683247259,9.026353803432633,9.328917644331701,9.640020817368072,9.96088403513579,10.29253291254673,10.621946795327434,10.958667676968128,11.304588759387821,11.659703798023912,12.023896111151375,12.3831609579986,12.750242827097384,13.127569391888606,13.515205965198595,13.914261417691243,14.308528366319816,14.711552864163155,15.125055570089025,15.549223795005869,15.984390985996672,16.41086433932933,16.845001149125096,17.29011476364378,17.74769708734471,18.218761308115514,18.68357820222609,19.158757635364477,19.645694253525942,20.145070357385823,20.65731256933551,21.163133253220785,21.679739883270305,22.20794753422291,22.748220950651866,23.301614227939822,23.848798251295765,24.408974464334108,24.983601401773395,25.572869189216764,26.17727681098033,26.774151479270493,27.384011834709366,28.007479109569733,28.64452920175361,29.294915805303432,29.93343444049141,30.584965411361132,31.252313381268728,31.937881839900495,32.640978874896575,33.334508691612115,34.04206037236827,34.76448977738844,35.501694858984216,36.25302915244518,0.0013554076191526563,0.0013673793823165351,0.0013800415908520683,0.0013953314475184584,0.0014132201309283929,0.0014336955268896535,0.0014545374296402911,0.0014747942121836471,0.001497355929216433,0.0015220848748734375,0.0015488713868732295,0.001574842017387361,0.001599750476396243,0.0016428966506680026,0.0016892210276498846,0.0017388493821104071,0.0017903977878226068,0.0018435270489084508,0.001900365705736741,0.001961045430124884,0.0020257510235179815,0.00209279291459723,0.002162072916943199,0.0022358803528697334,0.0023143925198514186,0.00239786528879085,0.0024849766167678263,0.0025754339952098635,0.0026715739219551845,0.0027736737727522246,0.002882551460714868,0.002996799339548295,0.0031160635003754395,0.0032428440284243973,0.0033775081088010714,0.0035205092429870916,0.0036704617435662696,0.003827317732792892,0.00399388506699,0.004170738988471855,0.0043584945659912045,0.004555185599633208,0.004761122089557954,0.004979738169187015,0.005211784350169976,0.005458098583027062,0.005715476448297122,0.005985098755918985,0.006271186379988099,0.0065747501101438895,0.006896845692850656,0.007235430759999471,0.007591433118769846,0.007969145782890588,0.008369839021799882,0.008794982585739899,0.009244627246295992,0.009719325263266257,0.010222930370197255,0.010757195416263047,0.011323862866902588,0.011924880296402963,0.012560553213839578,0.01323478004480139,0.013949692370051035,0.014707561679044657,0.015510821679474486,0.016360766787491356,0.017261242884142474,0.018214770563896133,0.01922422088720428,0.020287132042318932,0.021408765387758558,0.02259399554835931,0.02384595145786183,0.025167506024072275,0.026545830898687808,0.027993706835011404,0.02951773705584037,0.0311205446171754,0.03280468396971247
CHN,Fourth,3.8073685240992923,4.028234088812141,4.252996665006255,4.483908085700978,4.722335186639121,4.968755983833277,5.2142211644004615,5.464804941261743,5.7221729978406035,5.9864715380008375,6.257759426086122,6.525022018381377,6.796519180720285,7.085601988212912,7.382002715792471,7.686633075708063,7.9881887058447125,8.29638923984922,8.61312114413323,8.938672675299816,9.273744707312904,9.604834606173517,9.94260456955857,10.288694156628633,10.643339455609981,11.006503228808251,11.364277581391704,11.728814382180415,12.10252355982436,12.486784780656269,12.882677145694014,13.274193555397085,13.673441807973083,14.082331505779448,14.500815638254577,14.928722948313334,15.348891920296705,15.777112127524052,16.21585687911085,16.665150207492417,17.126197238505544,17.57915651450115,18.04092775763167,18.513121212949002,18.9958866257735,19.48952717954306,19.970638719098304,20.45904679794885,20.958086692163263,21.46935189975006,21.993895498727184,22.50787053395585,23.031648427686648,23.566412343447265,24.112826756592227,24.67125209934952,25.2187455883641,25.775900500050184,26.34331882006501,26.921394112025027,27.511172439540207,28.089654001673686,28.67956271261772,29.282220952851954,29.897696536914005,30.52638566086761,31.14171963752046,31.767707919278923,32.404774477306894,33.0527361998696,33.71114256545863,34.351284986863355,35.00141211275367,35.664238127159514,36.34214490159895,37.03417413263569,37.71070464776722,38.39757077795437,39.09523310934102,39.80336552332924,40.52105071770538,0.003030004012380067,0.0030535317279124946,0.0030783879801816213,0.0031083634545880897,0.0031433805373886846,0.0031833914232033953,0.0032240432888411314,0.003263482202939449,0.003307326988917566,0.003355285586353021,0.003407121636256982,0.003457268176343604,0.003505263265437179,0.003588172632449321,0.003676874726000282,0.0037715533907417627,0.003869522985893043,0.00397011186475937,0.004077303928228448,0.004191276050655777,0.004312298981160593,0.004437154180338367,0.004565621615995012,0.004701883575373595,0.004846174554474591,0.004998865367478461,0.005157452349735226,0.00532133983870198,0.0054946711128472546,0.005677822591277699,0.0058721224396199164,0.006074928047035147,0.006285506565566197,0.006508139245630068,0.0067432966005081165,0.006991585115225289,0.007250429645617868,0.007519600427090339,0.007803730823319861,0.008103567223862114,0.008419898912316153,0.008749185559662004,0.009091747236021446,0.009453042757121256,0.009833992558279941,0.01023563084433322,0.010652433669590643,0.011086054523687027,0.01154293678993722,0.012024266855168976,0.012531260280128666,0.013060265585228397,0.01361232457321715,0.014193599246473893,0.014805460682277515,0.015449523311301085,0.016125217190221065,0.016832720474625223,0.017577055127581533,0.018359992032502444,0.01918320994704043,0.02004860016057672,0.02095563344147882,0.021908829247797544,0.022910050282236756,0.02396125139283936,0.025064494745907242,0.026220180260544138,0.027432062666160155,0.02870193682351189,0.03003192264057289,0.031417074572755305,0.032862491860321814,0.0343724848300328,0.03594889370560102,0.037593050660510746,0.03928693656586643,0.0410441931101305,0.04287031236813134,0.0447656812447073,0.04673041217360482
CHN,Fifth,4.5979178086475825,4.863522047157449,5.133749470692607,5.41095166556318,5.696640085363949,5.991333022062736,6.284535000475365,6.583729126055919,6.890492357665324,7.2049892417952845,7.526854809593513,7.844009711258112,8.16613651602215,8.505826938387003,8.853338068481312,9.209650493675287,9.56146165092615,9.920437851252807,10.28840573561487,10.665653102818931,11.052943034829388,11.43448432869041,11.823074467569182,12.220224339290219,12.626174883913006,13.040859423109541,13.447905669436311,13.861853069341102,14.285045384377211,14.718985566462568,15.164742789431406,15.603762919475272,16.05046812691409,16.506633267555042,16.97216163271215,17.446823242176265,17.91079905314474,18.382550237196455,18.864427370242446,19.35640246920725,19.859740660103885,20.351535150212534,20.85164398377659,21.36141084999632,21.880938331079335,22.410480317593862,22.92374698012892,23.44342220583621,23.972661624699,24.513112711510868,25.06583443519757,25.603609945648977,26.150010329199297,26.705881741229184,27.27185014856257,27.848195962086773,28.40913425296476,28.97797186907422,29.555024299166163,30.140604853495592,30.735726029134554,31.31456451971728,31.902597940431026,32.50094594612484,33.10956063919675,33.7287314895123,34.32901309195979,34.93702664052604,35.55298161559152,36.17655715389031,36.80712644682305,37.41368977706522,38.026769457265516,38.64891461446058,39.282445259424726,39.92619172929763,40.549333394878104,41.17885632159376,41.81481188147731,42.456698224696524,43.10339432598768,0.005528469600283733,0.005566094484851933,0.005605801878490811,0.005653630427903299,0.005709426130048813,0.005773077253430539,0.005837638556818469,0.005900170032670403,0.005969568267413156,0.0060453369856334664,0.006127067829854073,0.006205976496024917,0.006281355102574307,0.006411241521748068,0.0065497547384021585,0.0066971018091976035,0.00684904098907945,0.007004498017571803,0.0071695677259308085,0.0073444263967243715,0.007529387149694693,0.007719453826865382,0.007914246716672456,0.008120025781780931,0.008337023357622776,0.008565667972986898,0.008802102119668172,0.00904535943666558,0.00930147791427847,0.009570855845193732,0.00985527003284997,0.010150690617527084,0.010455923825184472,0.010777012423521411,0.011114419443601737,0.011468789252117256,0.01183624166586724,0.012216281386451111,0.012615229969189973,0.01303385456216466,0.013472958348482318,0.013927362929282568,0.014397287721625237,0.014889928859429231,0.015406176014737191,0.01594703737236543,0.01650474367536062,0.017081227625330042,0.01768467711434545,0.01831618284896847,0.01897683324604599,0.01966139833390918,0.020370794486467305,0.02111241250148567,0.021887374292791924,0.022697058023299625,0.023540063132468238,0.024415942439129278,0.025330165574154573,0.026284065601249483,0.02727879059805442,0.0283156789001507,0.029393125307584585,0.030515463838812738,0.03168375423891001,0.03289907426341901,0.03416253471490813,0.03547327232121061,0.03683414885364049,0.038245668886843213,0.03970859771509103,0.04121593415123329,0.042771643186167885,0.04437858014425082,0.04603677308740777,0.0477455941086295,0.049484545785871976,0.05126590637352371,0.05309307954109292,0.05496409401939723,0.05687659749583975
CHN,Sixth,5.725069527815439,6.054475411979137,6.389558113151697,6.7327910095268875,7.085877711589174,7.449393079466686,7.810645792782601,8.179133469903263,8.556302414417539,8.942345474571766,9.335890089189318,9.72404934494033,10.118224283581677,10.529886780997197,10.950094738267497,11.379918182491986,11.803242918410922,12.234490194639948,12.675405678287277,13.126277215670383,13.587976903776148,14.041430127938764,14.502526669434891,14.972605212970745,15.451929333333279,15.9404140656087,16.418048384628598,16.902880449554992,17.39716954807017,17.902611957664675,18.42026959972019,18.927921853692716,19.443338310579396,19.968134999148376,20.502162449709886,21.04513581639622,21.57339450249771,22.109254066222388,22.65492666835763,23.210338001751577,23.776864142761912,24.326981884311813,24.884993336109762,25.451925332038208,26.02784292494886,26.612960880754965,27.176804580556972,27.746198859035108,28.3241181558787,28.91231467855512,29.511892514211613,30.09042663131029,30.6764147773661,31.270316288743906,31.872739177519176,32.48389259665231,33.07385746582006,33.66991557885594,34.272064090623665,34.88054927234343,35.49638520722096,36.08962201389716,36.689811658519346,37.297879319965986,37.91367116886465,38.53738855912883,39.135329451550774,39.738070373005996,40.34560712960022,40.95749356412185,41.572927038045826,42.15730039368772,42.744770959457206,43.33778317965804,43.93867242465072,44.546055278524754,45.12680839403389,45.710160873634564,46.29575396155523,46.8829308139892,47.47037348577801,0.01112627180284902,0.011191652380199979,0.011260579897576171,0.011343506908628787,0.011440114205888556,0.011550149356992345,0.011661570804268438,0.01176931092734952,0.011888679872985131,0.012018766171379765,0.012158811452641458,0.012293749991444851,0.012422407689958262,0.012643547538354952,0.012878618614051006,0.013127841623198981,0.013383946541368735,0.01364506866918972,0.01392135182029394,0.014212935559249249,0.014520181278410798,0.014834671235324897,0.015155710122291065,0.015493492708736152,0.01584821147473329,0.016220367132998577,0.01660351798453927,0.01699598548705625,0.017407345339514407,0.017837999083561762,0.018290525026093588,0.01875826969600164,0.019239164871085877,0.019742495375445694,0.020268673988044578,0.02081837604277187,0.021385294128021766,0.021968429520494496,0.02257717662359897,0.0232123083131863,0.023874624617598674,0.024555952023377698,0.0252563263081831,0.025986081684161322,0.02674603104681752,0.027537129506480133,0.028347575924815873,0.02917982945464521,0.030045216706645055,0.03094467070012731,0.03187908064851313,0.03284044441950903,0.03382950860582461,0.034855915258301694,0.03592041541252828,0.03702405682898688,0.038164084782029074,0.039339064471704877,0.04055542198745365,0.041813895880708045,0.04311491282896801,0.044459076030930106,0.045843148820644414,0.04727148011022312,0.04874407767131078,0.050260890278523464,0.051821837056996126,0.05342433221519272,0.0550702800037856,0.05675858938232165,0.05848839055454203,0.06024968421394872,0.06204538933159255,0.06387685956613953,0.06574203384954863,0.06763801427249398,0.06954023830616213,0.07146039691305532,0.07339990106683165,0.07535419171868755,0.07731824631218703
CHN,Seventh,6.858347173133975,7.251188761287485,7.650664647530308,8.059217065788518,8.478707748750281,8.909744066626635,9.33758704046656,9.77382753376168,10.219550339220918,10.674970557099545,11.137113017592721,11.593560968387733,12.056998596649462,12.536008725708713,13.023786951838032,13.52145534346854,14.010296091149728,14.50745455096154,15.014388224782985,15.531358793307286,16.05934147225587,16.576188411773447,17.100883458227436,17.634371557495175,18.17692915418142,18.72844699448347,19.26538029070683,19.80933296407613,20.362252679643067,20.926012475056513,21.50158226003169,22.063377884633905,22.632439200790902,23.210016411321778,23.795893945361126,24.389727010072853,24.964386594788532,25.5458483539496,26.135962194673567,26.734595427689793,27.34320489518497,27.930018881323342,28.523635666880438,29.124547367404006,29.73277076254673,30.348461205617507,30.937734925942106,31.531057776621612,32.130965585150825,32.739273772398306,33.35709856005273,33.947388559979444,34.543216172178745,35.14447685638954,35.751744634391684,36.36514225019022,36.95137815048567,37.54112271514081,38.133951988327524,38.73003739525505,39.33037565480084,39.90169573152168,40.47692825039341,41.05672045807762,41.64082011769165,42.22934161646987,42.78532191703713,43.34245369902198,43.90049208572743,44.458889388153075,45.016693435349474,45.536947705987586,46.05633487290453,46.577113290006146,47.101595444327955,47.62823432191468,48.12303505102978,48.61629660568281,49.107214504267766,49.59502211410478,50.07826960474939,0.019803714639935792,0.019901028336555746,0.02000350563835679,0.02012664200736952,0.0202698794668181,0.020432749403696136,0.020597374451145668,0.020756278389127993,0.020932013022771898,0.021123146352535337,0.021328473905232074,0.021525889536717524,0.021713731955393677,0.022035733652558526,0.02237683819768948,0.02273717096350257,0.02310607689926059,0.02348079919766135,0.02387575703354266,0.024290922145732332,0.024726572961421316,0.02517060492263507,0.025621950370934142,0.026094769467572887,0.02658905990334753,0.02710523865590796,0.027634143304575087,0.028173309160238195,0.028735666120291256,0.029321434117384488,0.02993375317083866,0.030563298203499886,0.031207051485338005,0.031877130427624877,0.032573664364965366,0.03329710896136045,0.03403878376022752,0.03479709450017745,0.03558386332885561,0.0363995746286045,0.03724471248118406,0.0381083982994208,0.038990323837042325,0.03990301990153083,0.040846870397484594,0.04182240103898073,0.04281453716157945,0.04382589127285245,0.04486963818183988,0.04594614233450128,0.047055667526905216,0.04818800668258912,0.049343428159725894,0.05053242515724621,0.05175493211325084,0.05301117189410866,0.054297034442020706,0.05560997654023097,0.05695614785931948,0.05833519918791221,0.059746377632058055,0.06118906540616908,0.06265851905960138,0.06415802308358921,0.06568612652788196,0.06724125924345425,0.06882174697381119,0.07042336441934828,0.07204633157005325,0.07368777609094945,0.0753449784583205,0.07700660119930183,0.07867365371401691,0.08034540540875205,0.0820178224065682,0.08368606014954734,0.08532673658076713,0.08694827554924965,0.0885495937089921,0.09012440665554386,0.0916660528249748
CHN,Eighth,8.837101990051769,9.340819173289365,9.85288696653665,10.375677916903896,10.911311127847203,11.46045252727565,12.00478209791412,12.55954776068725,13.12522548359716,13.702074424946352,14.282495811237412,14.858064151502326,15.442288148861264,16.038892514701274,16.644730082155785,17.260990344426688,17.86453974478101,18.47719679493876,19.099955773301122,19.733025398862562,20.377643505969008,21.006150382347567,21.64312960493045,22.2888827465612,22.943752196025596,23.60765169201013,24.25031116339884,24.899988114534853,25.55813097237679,26.226992277153887,26.907385398482013,27.56765009589055,28.234704885058342,28.90926199335326,29.591014202058503,30.27957795752873,30.94152530050783,31.609414947438353,32.2845580961444,32.96677286712332,33.65771990059606,34.31730075619488,34.9824159556973,35.652758970967405,36.328322750786334,37.00920587092231,37.65532913198145,38.303700634345304,38.95626082226881,39.614984642964764,40.28107188215457,40.90808290314896,41.53822320909547,42.17057973156274,42.80572342018986,43.4436908871607,44.04502524384663,44.646579970592946,45.24734813762261,45.847435379126686,46.447875419293005,47.00928307196017,47.57083228189143,48.13283083323003,48.694930741511364,49.25717544480815,49.77646343486533,50.292422401795626,50.804515036649974,51.31209182412931,51.81402529686533,52.26847759462504,52.717320477616745,53.16266479392023,53.60690834272671,54.048307820348484,54.450166452179076,54.84573098626991,55.23363594922894,55.613011657978035,55.9822556868948,0.044508046397847376,0.044678791703801075,0.044858359012151336,0.045073801240686356,0.04532396808900869,0.04560784906660401,0.045894169684234716,0.046169956240404555,0.04647428918444508,0.04680450340915007,0.04715833559359672,0.04749765570743687,0.0478197312473247,0.04837006171215234,0.04895062085852781,0.04956124125082954,0.05018359108560862,0.05081289834811177,0.05147311600296045,0.05216376322492459,0.05288485266497489,0.05361604185656522,0.05435542886684897,0.05512589982807474,0.05592694768421865,0.056758731144232584,0.05760607851826239,0.058464797036036485,0.0593550859124699,0.06027670006439504,0.06123393313622025,0.0622116358990638,0.06320473946575328,0.06423141088707357,0.06529111655931276,0.0663837937896129,0.06749570988970087,0.06862400889035274,0.06978564509273218,0.07098047023480929,0.07220829889276632,0.07345260177007121,0.07471241109089936,0.0760048618142688,0.0773294844752517,0.07868595526141481,0.08005252359222349,0.08143222049865519,0.08284213090087292,0.08428156059703426,0.08574962485773074,0.0872317614779524,0.08872744528502083,0.09024912397730549,0.09179530028646794,0.09336478202481326,0.09495100115093158,0.09654947458931368,0.09816620469904577,0.09979904913343954,0.10144534079439473,0.10310250849952522,0.10476328799455176,0.10642948939229986,0.10809740022623845,0.109763131158329,0.11142262280612865,0.11306915100355627,0.11470055495513687,0.11631137915418609,0.11789628016293978,0.11944193606660763,0.1209468578205531,0.12240753155619225,0.12381729287670327,0.12516875555732246,0.12644048526935095,0.1276366891854957,0.12875312178820733,0.12978147690798056,0.13071322634326696
CHN,Ninth,11.089211135873224,11.716962501514747,12.354698393284057,13.004270324788616,13.668001998267032,14.346559045831906,15.01801997685924,15.701991800903306,16.39758110419021,17.105082360047653,17.808105083821868,18.509709021249716,19.221617343293957,19.936959239088203,20.660641518057933,21.393818388053052,22.109127828558336,22.83349403011888,23.566818180863436,24.309166223383208,25.062135760838224,25.792344838701847,26.530845995008477,27.276592923202696,28.030001821033583,28.79102543585802,29.521733359908993,30.25835242639318,31.001157329084105,31.752847799549837,32.5138269540688,33.2463168637121,33.98372633244614,34.72563810051764,35.47161212333943,36.22123382590478,36.93491534266476,37.65219045791413,38.37320563962224,39.097709905897496,39.827552381776535,40.51398671875063,41.203127844878836,41.89324366704185,42.58429616916573,43.276292711124306,43.92417374796616,44.571012761505415,45.21748621886368,45.86567210914951,46.516812667125,47.115377018926196,47.71301193821645,48.307513151229806,48.899443645651964,49.48874262157559,50.03096251743233,50.56842815697781,51.099282062729394,51.62357484908533,52.1423761228837,52.61146960104168,53.075321478716454,53.53371941645738,53.98625862538523,54.432938775591566,54.82622386382523,55.21035845170858,55.58446033508974,55.94785422018377,56.299310950624864,56.5944577087857,56.87840916357964,57.152984530608556,57.42063252433436,57.67952811142589,57.893083627502214,58.09525781069727,58.284039201203484,58.45856540258867,58.61722333186991,0.091965456464024,0.09219185102612137,0.0924294628868366,0.09271390462613222,0.09304331674912919,0.09341598383695672,0.09379063858446848,0.09415035830538661,0.09454600917109118,0.0949737680741545,0.09543035171326743,0.0958665040993253,0.09627895032986057,0.09698025282491511,0.09771540112024808,0.098483479263392,0.09926094441354884,0.10004163794708928,0.1008548300016298,0.10169914884613314,0.1025738107771097,0.1034536227396721,0.1043360921804802,0.10524801622199145,0.10618792844386171,0.10715513349646844,0.10813132087006472,0.10911130366216577,0.11011749854393925,0.11114865364956968,0.11220849268509074,0.11327933293786643,0.11435505448981653,0.11545451785283957,0.11657597732146703,0.11771817759925379,0.11886580361717554,0.12001526346178173,0.12118287104148981,0.12236714397470529,0.12356652829281069,0.12476382228478972,0.12595739033319128,0.1271623683797537,0.12837679279936065,0.12959879046090686,0.13080765488300358,0.13200536977145624,0.13320550970156858,0.13440573632013653,0.13560350605753602,0.13678543989417147,0.1379499561430248,0.13910513135716174,0.1402477668432155,0.14137484156546581,0.1424795556431941,0.1435568874479895,0.14460872481451567,0.14563114475327188,0.14661983342964288,0.14757049739372327,0.14847626216885412,0.1493352517166864,0.15014232199648192,0.15089221265471642,0.1515795256436333,0.15219781813147093,0.15274239119629768,0.15320713567039818,0.1535859352279392,0.15387130724752227,0.15405865574508248,0.15414222890286008,0.1541155429307302,0.15397205990895516,0.1537088966536613,0.153320126132399,0.15279903918528256,0.15213965048507735,0.15133615461749006
CHN,Tenth,21.98306303984111,23.207456527059477,24.44946988500434,25.707485142857628,26.984530077423084,28.28118225570584,29.55897372387559,30.858985590591203,32.1726255719182,33.50040332723444,34.6937896562007,35.97011606859671,37.262445520632674,38.50631421329131,39.75247738384422,41.00083200500609,42.21126306125742,43.43117730639554,44.65494797952232,45.88102328499979,47.115921803196876,48.29425919976123,49.48564962896055,50.68155382662271,51.88364840686103,53.093551917546804,54.21673982392413,55.344832934516376,56.47163212751008,57.604199317178214,58.73964174198905,59.80597446765912,60.87213009167297,61.93283476576395,62.98682916873802,64.03464702487868,65.00268889844368,65.96824453329715,66.92578880929084,67.87528323062986,68.82040498889788,69.64957193050982,70.47346643782362,71.28398732529685,72.08158875104006,72.86610053723183,73.56893961444278,74.26207587099194,74.94100044117752,75.60853013910433,76.26652949465884,76.79248143146624,77.30515075167746,77.79721311808986,78.26960559491859,78.72227191569783,79.08667584609927,79.4317110232157,79.75241905370108,80.04903523779294,80.32321547915801,80.50713280851492,80.6712777733992,80.81383785367314,80.93460895521902,81.03385250502532,81.04153589383908,81.02554590949407,80.98408465030981,80.91674335693989,80.82224620044954,80.64050729726142,80.43538800843137,80.20821053275674,79.96219881290597,79.69551226949935,79.36553403320222,79.0150904832226,78.64022319843008,78.2403589177393,77.81403182053893,0.821936156424342,0.8212953725769568,0.8206212710000476,0.8198121968595128,0.8188723051433163,0.8178052096071237,0.8167283456547438,0.8156905296876588,0.8145446255803362,0.8133004695710696,0.8119663850921414,0.8106860757322593,0.8094699732457866,0.80739003126528,0.8051930534813924,0.8028791397690693,0.8005173213954375,0.7981254514391457,0.7956120306258021,0.7929781782123787,0.7902230773898298,0.7874238457461592,0.7845873816023791,0.7816252296930772,0.7785383370524274,0.775325011983061,0.7720429311608212,0.7687076390685722,0.7652396888990635,0.7616386031318063,0.7578859985200009,0.7540397373364672,0.7501185610092036,0.7460491636176935,0.7418315513148199,0.7374636923686967,0.7329984213235301,0.7284454571689756,0.7237340974441584,0.7188619388045738,0.7138264837746815,0.7086926282332796,0.7034619326786934,0.698059968928177,0.6924844372237954,0.6867320829155301,0.680891251048276,0.6749457279772975,0.6688172750183051,0.6625029218281883,0.6560000631826391,0.6493671642926424,0.6426010200592827,0.6356383417226106,0.6284773712445759,0.6211142921283187,0.6135703108402328,0.6058571288752297,0.5979348861479094,0.5898013363576053,0.5814560098031991,0.5728970112992365,0.5641463525701321,0.5551775870581336,0.5459915314161826,0.536588812415742,0.5269697255094936,0.5171491995330638,0.5071138652841413,0.49686799191161535,0.486413581025011,0.4758065049363762,0.4650235232601253,0.45404992221423157,0.44289027147014914,0.4315526771241238,0.42017327963032625,0.408670123691698,0.39702091548554297,0.38523718844946475,0.37333119463756803
COD,First,0.14355622902761384,0.1496319863940897,0.15589986926465912,0.1625953013012164,0.1699162968413277,0.17794983519985036,0.1858903300730651,0.1945167874237634,0.203937921317834,0.214241975303402,0.22555306721652452,0.23785309826389947,0.25175388580758246,0.26733031434899024,0.28444852073073024,0.3033602337402623,0.3230104568273463,0.3445963631954334,0.3684150582884324,0.39466912743530347,0.42316388181199616,0.4512041954390884,0.48155821454773445,0.5144881510952529,0.55017054250875,0.5881521603701468,0.6243687363516625,0.6629056328755271,0.7062012709546425,0.7575971787442985,0.8134502902431641,0.8713109020588817,0.9333056308765483,0.9998658941079978,1.0712197996814095,1.147554104354815,1.2257826747669722,1.3091340811527974,1.3982960363814305,1.4935674265870909,1.5956362080252977,1.6910503191835313,1.787355751185708,1.888681817720464,1.9952209140175514,2.1141237085814364,2.241290952368317,2.3788534611015826,2.52385810981879,2.6763525087093196,2.8331049435998317,2.986052553044049,3.14658065007185,3.3150964733999917,3.492225008815408,3.6784589748532293,3.8667501759075793,4.063375274779284,4.268653266984678,4.483089082573302,4.7075971281727655,4.934688835382261,5.172009368704655,5.420637837046746,5.6810651000087695,5.9540020038646775,6.230210705098797,6.517480742788564,6.816483256516291,7.1138561449451245,7.4122409861181335,7.708591678215369,8.012917765100712,8.327232854111536,8.653683365618853,8.991852088490614,9.328801554214069,9.674954116712229,10.030402724280165,10.395095259706357,10.768430474511323,5.7084123779022335e-5,5.696584974974717e-5,5.6840666032303316e-5,5.676963318015316e-5,5.6751616812503606e-5,5.6785809227852824e-5,5.683982214378958e-5,5.687054935753668e-5,5.694891995143056e-5,5.7072519469345745e-5,5.723940338193177e-5,5.830904672767985e-5,5.9816621895545706e-5,6.172160325168018e-5,6.378739114725093e-5,6.602527821757892e-5,6.840832613952713e-5,7.090416456824881e-5,7.36036612433495e-5,7.652184125287778e-5,7.931616967986299e-5,8.107622370345156e-5,8.287473611172806e-5,8.481033323899462e-5,8.689049754165609e-5,8.87704234808349e-5,8.916320279652306e-5,8.952075516557186e-5,9.098506634017645e-5,9.489622647173754e-5,9.909020469321878e-5,0.00010356057559498543,0.0001082937743291878,0.00011336968286236013,0.00011881350323358271,0.00012465299756575035,0.0001308870775605255,0.000137515983772402,0.00014463827024184745,0.0001522936684187364,0.00016052546926826431,0.00016543337317579304,0.00016884072430742964,0.00017239882393546433,0.0001761127662181907,0.00018240766965242131,0.0001914932757587256,0.00020250807775686462,0.00021415721355869024,0.00022616964658784077,0.00023720844009664883,0.00024655078698445477,0.00025636664996623514,0.00026678284183486643,0.00027783908901549484,0.0002895816543682752,0.0003019945627629353,0.0003151107371997354,0.00032905388650399396,0.00034388423758679353,0.0003596637393076962,0.0003763656536851519,0.0003940608190223662,0.00041291032694495944,0.0004329981365368089,0.0004544147887551583,0.00047716401790803283,0.0005013559582515371,0.0005271818420430534,0.0005503818605038328,0.0005718873290984822,0.0005939851976030604,0.0006167288247564414,0.0006401896045167204,0.0006644040074070853,0.0006894070446173471,0.0007150304163773768,0.0007414308986163606,0.0007687142817397084,0.0007969240117319472,0.0008261071239346592
COD,Second,0.26639888824539676,0.27792204539818594,0.289900148348165,0.3026929920294724,0.3166116418578024,0.3318124991495162,0.3468102595888445,0.36308564409293104,0.38083154351480764,0.40021685744834395,0.42146570094173563,0.4441412925943697,0.46955879490008356,0.49787114987406145,0.5289417744604079,0.5631824539080946,0.5986118559534568,0.6374389432323069,0.6801325256104004,0.727031068674939,0.7779296687354708,0.8284584207290246,0.8830938538833416,0.9422543156428754,1.0062433311000443,1.0745027149249644,1.1406312180563203,1.2110309578948308,1.2891055130432212,1.3794823833361192,1.4772370844178746,1.5779405870886147,1.6854807654793316,1.800500120754302,1.923362478270693,2.054375097413367,2.1879798404082162,2.329790715564873,2.4807910610330532,2.6414318944524116,2.8127013177689335,2.9751845137536876,3.1404617650529474,3.3140142424941983,3.4961697514314944,3.696299319854455,3.9067865287614714,4.132285903977486,4.369048467622418,4.617245707564538,4.872879278712218,5.12309154309183,5.384746767937268,5.658404788781766,5.94493980318483,6.245042737176154,6.546739886255279,6.860646284650339,7.187181122590379,7.5270312127412975,7.881436270115114,8.237649468320512,8.608249389056072,8.99464098796482,9.39746297960974,9.817639375143134,10.239867283499708,10.677075083977481,11.130081703714948,11.582984906724702,12.039042533308448,12.490077030774987,12.952170324758015,13.427982211930303,13.920357107564893,14.428769304225597,14.932854087855027,15.449314422552815,15.978256215820362,16.519619834981476,17.072623689597386,0.000391140707968669,0.0003904732569312943,0.0003897665001943896,0.0003893653482396453,0.0003892635887816876,0.0003894567258506481,0.00038976171572379254,0.0003899352324331536,0.0003903776651711329,0.0003910751707950561,0.0003920165973912297,0.00039803842611579925,0.00040649132599121615,0.0004171166804913858,0.0004285707215699166,0.00044090205385461317,0.0004539485619357358,0.0004675226374760752,0.00048210496249546155,0.0004977572040986673,0.0005126413151644782,0.0005219660856267466,0.0005314555697061882,0.0005416255295877963,0.0005525068380319541,0.0005622987713515962,0.0005643397359518561,0.0005661961027612474,0.0005737844327669672,0.0005939417064333404,0.0006153838810610731,0.00063805184828979,0.0006618522135770772,0.0006871582479732996,0.0007140609743007334,0.0007426602787300743,0.0007729119507723758,0.0008047794654572697,0.0008386930119191243,0.0008747898465014549,0.0009132174374511194,0.0009359469431540337,0.0009516504858487525,0.0009679834801038864,0.0009849624487903016,0.0010135832645181537,0.0010545575003869513,0.001103728423718042,0.0011551661855525503,0.0012076371859103658,0.0012553740482689132,0.0012954332089149525,0.001337201262218719,0.0013811791792475991,0.0014274885205255753,0.0014762731108723974,0.0015274157811611068,0.0015810016800569,0.0016374782926040243,0.0016970236671458917,0.0017598146223806955,0.0018256728477539345,0.0018948047636444677,0.0019677561759904815,0.002044756796452521,0.0021260509117422676,0.0022115468364202373,0.002301549107402448,0.002396646048641729,0.0024812526803851967,0.0025590189760485178,0.0026382950685257304,0.002719246048851005,0.0028020963684779604,0.002886941247046388,0.0029738679727099836,0.0030622621873923673,0.003152637548714724,0.0032453190441464165,0.0033404127373800672,0.0034380328524981165
COD,Third,0.3452082250280453,0.3602618721588937,0.37595072050171763,0.39270075503114527,0.4108892964833228,0.43071612695422484,0.45026356636331033,0.47147095735072714,0.4945758970425259,0.5197989524510086,0.5474266083062442,0.576590163950796,0.6091264950931107,0.6452375448070607,0.6848242885915757,0.7283872987253641,0.7733532966719724,0.8225736239450924,0.8765959810713042,0.935830268966986,1.0001331429115021,1.064311957433307,1.1336631475375312,1.2086713512548188,1.2897079861403145,1.3762442264713555,1.460832855122599,1.5509038086617553,1.6500577209898881,1.7631714625712742,1.8852243885854272,2.0105633028703576,2.144154545521235,2.2867199588667364,2.438678327362134,2.600382230631649,2.764770690974261,2.938868580750499,3.123767338137028,3.3199712952993647,3.5285936144850254,3.7283671391791704,3.9325480051630444,4.1467089356370925,4.371243112331259,4.615613243255385,4.869977725536247,5.14083366298008,5.424565403881453,5.721510194277637,6.027859479963119,6.328407531954237,6.642063099297952,6.969394802043143,7.311367187146944,7.668732446333537,8.026780753069717,8.398510539137536,8.784320768929659,9.184944620354095,9.60173926806423,10.019094160483895,10.452213531284835,10.90256925592165,11.370818368903576,11.85792926959859,12.34539120231807,12.848813145733795,13.368987812149394,13.890817324751543,14.417408519949246,14.93680045400031,15.468166109128735,16.014417078668014,16.578684127665525,17.160368976991656,17.735469894130095,18.32378290047536,18.92536708993426,19.54013371091679,20.167195725293247,0.0008803649531166616,0.0008790551496456053,0.000877667892098702,0.0008768803837785819,0.000876680640352446,0.0008770598506660271,0.0008776585684775711,0.0008779991637760906,0.0008788675525467932,0.0008802363888883751,0.0008820833084203367,0.0008938833985736388,0.000910407077130395,0.0009311124811134598,0.0009533538575409472,0.0009772097736708034,0.0010023518536887669,0.0010284075870896608,0.0010562853852455804,0.0010860824544333013,0.001114299768387028,0.0011319210649351349,0.0011498099212306056,0.0011689335285632856,0.0011893408724366159,0.0012076583840331975,0.0012114708110089458,0.001214936901032539,0.001229089106519726,0.001266559646152671,0.0013062289450822067,0.001347960838196521,0.001391559552176382,0.0014376811701375379,0.0014864572312015105,0.0015380321959912004,0.001592289104081883,0.0016491269535866405,0.0017092715877614095,0.0017729175603566525,0.0018402714339221776,0.0018799229930306785,0.0019072388985522267,0.0019355826260133164,0.001964976182944173,0.0020143633470609303,0.0020847268764114892,0.0021686586977861743,0.0022558944815303365,0.0023443147022762685,0.0024242817405003845,0.00249105168211003,0.002560355090815515,0.0026329898631428992,0.0027091158327151805,0.002788925599461151,0.002872183893793884,0.0029589864333208703,0.0030500090959921225,0.0031454820603059024,0.0032456287046385276,0.0033501049074733252,0.003459178250879099,0.0035736415093466905,0.0036937770504127825,0.0038198823446280524,0.003951730631070299,0.004089705343387095,0.004234610605189759,0.004362801246499931,0.004480043957070836,0.00459900630247358,0.004719920247788992,0.004843102442677451,0.004968671592244195,0.005096733944888401,0.005226366622238891,0.0053583061743083995,0.005493003488984996,0.005630584165410999,0.005771183812855392
COD,Fourth,0.45338522890515903,0.47330127581497555,0.49410714335026473,0.5163152709182753,0.5403896916509474,0.5665895161559834,0.5924035688054582,0.6204021126193741,0.6508856782236252,0.6841462690797373,0.720555096940116,0.7586535206769346,0.8009947208700111,0.8478505937259939,0.8991753242877056,0.9555901572791324,1.0137069911709653,1.0772602339268003,1.1469074430701691,1.2231586060907609,1.3059510339149671,1.388947558499917,1.4785877274846857,1.5754512133316145,1.6800050478411641,1.7917582448803318,1.9017944952432027,2.0189837452455834,2.1472229216616743,2.2917689130018166,2.447421227778426,2.6068486709745846,2.776510299328886,2.957244390420528,3.149554901907993,3.3538684693467573,3.5610570821229177,3.780090139037429,4.012216705330272,4.258027954121698,4.518816223428715,4.770493890650584,5.028734688467968,5.29935055240882,5.5828312980986015,5.888972734004697,6.204910653857019,6.5396532509917655,6.889663364623552,7.255482291714776,7.633428852185768,8.004948235672591,8.39202045683928,8.795257498179126,9.215763814085124,9.654396382356234,10.09263978834327,10.546834530332696,11.01738893580786,11.505125779260124,12.011590816464496,12.517153608931123,13.04071592757655,13.583882034684661,14.147370531413596,14.73224676842064,15.315496982072492,15.916553634795587,16.53622914081636,17.159815519434808,17.790366395159335,18.410961389215284,19.045167610092154,19.69625494799569,20.367759446947606,21.059015460069354,21.74081346921263,22.437413080181816,23.14884681477889,23.87501370351611,24.61491216974186,0.0020717999641143266,0.0020690804762183634,0.002066199626210601,0.002064563918430946,0.0020641489490343745,0.0020649366580923305,0.002066180210719356,0.002066887608422462,0.002068691013932278,0.0020715330056896874,0.0020753669499926023,0.002099839052504994,0.0021340400541693776,0.0021767877789125784,0.002222575028551099,0.0022715385506186943,0.0023229806520966116,0.002376122229745668,0.002432793489695758,0.0024931592432753317,0.002550133120637756,0.002585619903445841,0.0026215745146889458,0.0026599327304645034,0.002700778362341781,0.002737366040645462,0.0027449720473286445,0.0027518846406277926,0.0027800828860980505,0.0028545451605809864,0.0029330723300977665,0.0030153554115550955,0.0031009726556891267,0.003191171213479719,0.0032861580393241437,0.0033861600591557034,0.003490896601526836,0.0036001209047449357,0.0037151693916096817,0.0038363429088601867,0.003963958792823441,0.004038800151484062,0.004090237324001965,0.004143507840858405,0.004198642840721769,0.004291037545554398,0.004422160722277669,0.004577805095606943,0.004738729430226859,0.004900992625566637,0.005047037418563698,0.005168483882500809,0.005294075207342465,0.005425211042027119,0.00556212454457699,0.0057051024012295054,0.0058536647011265645,0.0060079243487650225,0.0061690177450108566,0.006337277064756269,0.006513015348047165,0.006695551163389642,0.006885274251300338,0.0070834746700426,0.007290540667427932,0.0075068767673644255,0.007731986090106359,0.007966413908803165,0.008211403675022022,0.008427131310940163,0.008623636259770185,0.008822263733680018,0.009023386882222026,0.009227511155553886,0.009434810414016672,0.009645434516319676,0.009857847594383433,0.010073241767141706,0.010292326171915592,0.010515274496139959,0.010742273652217076
COD,Fifth,0.5569700193431212,0.581564659599019,0.6073000149265397,0.6347624015422245,0.6644951278855139,0.6968133114501117,0.728640101712548,0.7631556545983333,0.8007138942266454,0.8416751182375953,0.8864896728484961,0.9330194763137121,0.9845534764242905,1.0414300164275065,1.103682100007597,1.1720374711022505,1.242330358201431,1.3191362648356146,1.4031968022766388,1.4951073564000141,1.5949298247341832,1.6954025559721082,1.8038699186841205,1.9209795909804084,2.047281022720473,2.1823841947275606,2.316272015108108,2.458883292925977,2.6141155560758627,2.787207411749252,2.9732767826961966,3.163419478479744,3.3654882148425447,3.580397471031417,3.808712959627215,4.050912911441141,4.295949147209607,4.554576114445753,4.828144587816717,5.11730308563651,5.423477088075599,5.721116765560853,6.027626040337796,6.348560703100065,6.684489684602015,7.044706044941444,7.413492065238997,7.802400247505761,8.208370683143679,8.632196881248982,9.070727556344144,9.502648936054607,9.951984695059732,10.41933694601266,10.905906271969261,11.41261428230661,11.91757651085958,12.44008179774571,12.98049986984122,13.539703632189967,14.119376976522068,14.696363969672273,15.29277626063362,15.910269113010289,16.54958202724638,17.211827661664174,17.870111350523413,18.547148406354765,19.24370920060326,19.946775321245898,20.659039120796912,21.358629627224435,22.072834037840988,22.805181806323766,23.559513583041888,24.335098052971837,25.098411483982073,25.877426687970225,26.67212276019195,27.482375909497115,28.307080733811144,0.003958950758747928,0.003954378054444443,0.003949533269373579,0.003946782003787529,0.003946084010878392,0.003947408879539961,0.003949500415571053,0.0039506902724879295,0.0039537230232232195,0.003958501890143802,0.0039649471541431825,0.004006051841078616,0.0040633952971956735,0.00413490297595433,0.004211294913268578,0.004292762145185572,0.0043781092886580235,0.0044660194318847015,0.004559488388534533,0.0046587399524946095,0.00475212752207341,0.00481015743980722,0.004868845844347347,0.004931341921899501,0.0049977609208580395,0.005057143870954128,0.005069475751322422,0.005080679270997261,0.005126343040824352,0.0052466355734529764,0.0053730465729070745,0.00550502469239653,0.00564184389825946,0.005785441342830015,0.005936076969305759,0.006094037663661522,0.006258806268841814,0.0064299265123849356,0.006609413512394846,0.0067976422372469794,0.0069950042900167085,0.0071103435237716926,0.007189443711899967,0.007271219932991851,0.007355705986931835,0.0074969453421530885,0.007696668988634515,0.00793268030662654,0.008175525185458436,0.008419225120992597,0.00863759742175055,0.008818510539780392,0.009004965634874454,0.009198982485602535,0.009400835228391403,0.009610870966799816,0.009828311108174252,0.010053249139225676,0.010287260664842755,0.01053073508491221,0.010784026565493807,0.011046055244912971,0.011317288884782672,0.011599462271154687,0.011893005926413144,0.012198363288685798,0.012514703107727832,0.012842662077472708,0.013183833074340229,0.013482968209399492,0.013754425453152986,0.014027847007169946,0.014303733819025291,0.014582760585523482,0.014865140495280373,0.015151052938095044,0.015438397179559775,0.01572877282824531,0.01602310984569376,0.016321610299378737,0.016624490096230442
COD,Sixth,0.7052329234442968,0.73654140811753,0.7693567576672548,0.8043658508171299,0.8422213579096466,0.8833182324864702,0.9237704838784085,0.9676334382847287,1.015337361400832,1.0673406548187585,1.1242043276665967,1.182799906776565,1.2474783564271403,1.3186753080133986,1.3965434798706016,1.4819602261314742,1.5696455927494852,1.6653790933095534,1.7700196784838507,1.8842846430354014,2.008420466662962,2.133862989092663,2.269229212350026,2.4152625572524182,2.5726307625527784,2.7410987918846885,2.9091070108578094,3.088087022735526,3.281902868184802,3.4957230801059667,3.725178818744042,3.9591233975437623,4.207406574772728,4.471051140306736,4.750714873673608,5.046955167422642,5.34598424245242,5.661102631742132,5.993804100137292,6.344824969156939,6.715780133474775,7.079043198759965,7.454477158028616,7.847266505610766,8.258096931490519,8.695546864340699,9.139846638641318,9.606201628722486,10.092229587645186,10.599076289370766,11.124324315551336,11.642703240946933,12.181191446755522,12.740391339585418,13.321645196428708,13.92597557402786,14.526688266771481,15.147299260786047,15.788140878834485,16.450170534650837,17.13529149956935,17.815284294046528,18.516860142708932,19.241763773143713,19.99078187593314,20.765111209634885,21.532306723956367,22.319818306520297,23.128384070273547,23.947127392087992,24.778281826655412,25.593018364601807,26.423969111226878,27.27502687782833,28.15045958285581,29.049463883348174,29.932307843895394,30.832333540540343,31.749465606486933,32.68356357749466,33.63339612625588,0.008332795736981195,0.008324445283517442,0.008315596138922673,0.00831057050405329,0.00830929541759033,0.008311715703417872,0.008315536479033393,0.008317709685037249,0.00832324906931763,0.008331976311750295,0.008343744196988965,0.008418730673677545,0.008523155583367916,0.008653077012933719,0.008791514266343585,0.008938748058373403,0.009092559086999078,0.009250533775483929,0.009417999795799244,0.009595277190331201,0.009761575411539007,0.009864667977049463,0.009968744899374177,0.010079369787560459,0.010196712357150462,0.010301428890219259,0.010323152027954948,0.010342880349907019,0.010423225382726817,0.01063437091053208,0.010855480528335225,0.011085497872099823,0.011323080408306504,0.011571501629868919,0.011831099755981095,0.012102248838976924,0.012383945777254908,0.01267530300309589,0.012979628807231082,0.013297409340954728,0.013629148499643622,0.013822341251667168,0.01395455146853392,0.014090994783918672,0.014231707007901157,0.014466377824409557,0.01479703545638889,0.01518602548357436,0.015584358857511723,0.015982194636038064,0.016337111169732597,0.01663004559272449,0.0169309345862349,0.017242949323554076,0.017566423575197148,0.017901800031634642,0.018247724783488715,0.01860424252546358,0.018973731111535656,0.019356667365841032,0.019753461876110753,0.02016228414669497,0.020583728459541508,0.02102033746556328,0.021472598394836874,0.021941007969898355,0.022424107704321183,0.02292268859596299,0.023438967934690247,0.02388967689733335,0.024297132180293023,0.024706069683536978,0.025117230462678643,0.025531599390232487,0.025949469292729205,0.02637107419900654,0.026793303950230253,0.027218498215455442,0.02764798876374386,0.028082032952955516,0.0285209040247366
COD,Seventh,0.8589899903557461,0.8972911856491488,0.9374876661234631,0.9803579976430734,1.0266638101965835,1.0768816994951682,1.1262906698855804,1.1798622982175024,1.2380945426738157,1.301547141248056,1.3708909059624812,1.4417911736111901,1.5197784854080487,1.6053883974750855,1.6989418796199742,1.801458216282731,1.9065075754681764,2.0211109903467204,2.146216465871022,2.2826516960911194,2.4309294101188508,2.581400471626525,2.743705196981602,2.9186500570887537,3.1070110535725126,3.308813043617009,3.5113691668525124,3.727180363656528,3.9596408800689917,4.21326436883259,4.4849725214733285,4.76134845595288,5.054255003439428,5.3647750132700365,5.693632268077179,6.041437359976582,6.391656783340394,6.76011641112093,7.148388605863464,7.557263650225679,7.988501450338468,8.41414660562153,8.855737467581392,9.317360326011517,9.799801679103844,10.309703778276814,10.823175219563362,11.35941268740053,11.917328500395728,12.498520145231309,13.10191501908795,13.698794643374328,14.317899073722367,14.959758444067333,15.62581129348479,16.31713712524643,17.002468951018063,17.709331613055593,18.437951695251474,19.18932847345432,19.965546418101464,20.733619058416316,21.524542941130687,22.340056170020823,23.180946187626382,24.048439205853327,24.904973966639037,25.78235333971018,26.681203513588745,27.59461966643784,28.523932213235774,29.432895573518223,30.358980465065887,31.306353040136464,32.27962202699641,33.27790506008181,34.25599154465977,35.25198412907117,36.26571171698046,37.29700069865144,38.34449394499209,0.015536869143833608,0.015523762051971647,0.01550986978596195,0.015501978721037717,0.015499976191993952,0.015503776825779128,0.0155097761373038,0.015513188313173287,0.015521884048217686,0.015535582668256723,0.015554050927114657,0.015671620265083834,0.015835037435578722,0.01603785940288784,0.01625337941868458,0.016481930002972527,0.016719972094676662,0.016963705763375025,0.017221267096807196,0.017493017667682655,0.017747110910428573,0.01790423436218502,0.018062554990436692,0.01823050620715113,0.018408287445917833,0.018566622917044095,0.018599431822844452,0.01862921735972419,0.018750412009787873,0.019068094773193746,0.019399521108975717,0.019742971906965653,0.020096327065744636,0.02046432044447047,0.020847285509390835,0.02124559938193508,0.02165761573347623,0.022081883721837194,0.022523041988131976,0.022981578838617886,0.023457993178604284,0.02373439596660194,0.023923113105674694,0.024117505423785685,0.02431759155633241,0.024650416345036064,0.02511756614831701,0.025664470393716356,0.02622160491641932,0.026775175675900705,0.027266661112806085,0.027670669061372343,0.02808412266740001,0.028511262039192412,0.02895239162182311,0.02940796068663664,0.029875977882064617,0.03035636481113254,0.030852160645503834,0.031363818482646286,0.0318916893904195,0.0324331523417624,0.03298882011808954,0.03356183666147675,0.03415260779132348,0.03476153731993623,0.035386490354846645,0.03602825688098401,0.036689423409987015,0.037263856922697416,0.03778097956771015,0.038297929334999585,0.03881564163450472,0.03933534388604486,0.039857377550868794,0.040382009951745686,0.040905362791472555,0.041430336101637794,0.04195854361440756,0.04249026268928328,0.043025784972011163
COD,Eighth,1.1279176278721472,1.178475957676496,1.231620140897392,1.2882814442831243,1.3494055194143912,1.415611271262674,1.4807177479269924,1.5513021000052416,1.6279815761637222,1.7114938543498175,1.8026895772865759,1.895125012249355,1.9963958024012176,2.107216326398819,2.2282096302969108,2.3606398496895857,2.496064274936428,2.643676133303479,2.80457795647485,2.9797917455342717,3.170298824993685,3.3645552234802136,3.5739872670107324,3.7995133306870548,4.042100749989772,4.302235149890812,4.56526019572875,4.84553839856674,5.145635038784921,5.468916236131902,5.814568321376335,6.165220692986567,6.536262205983682,6.928887484414926,7.3439455773515645,7.782155183155357,8.222186830011884,8.684281344596258,9.17015383902475,9.68070509791274,10.217956359082907,10.753136376931693,11.310809550764207,11.893236061304464,12.501388528616982,13.138707661959733,13.774149444804308,14.433877237708506,15.118972118190447,15.831793330708477,16.573484837087516,17.309209819003566,18.0710160370382,18.85934391226467,19.675817397587874,20.521637273345483,21.35750490872125,22.21802059004088,23.103265857143253,24.0143476682564,24.953753861950798,25.880021147452233,26.831717590492648,27.810613236849406,28.817534692870304,29.853797299140396,30.87280893742666,31.91412294052249,32.97823027954126,34.064401596164146,35.17255864157614,36.25375776563919,37.354066228047124,38.4781323021697,39.63115961751081,40.81216615796656,41.966159561969185,43.13977821434787,44.33272791118898,45.54480583123174,46.77446987209433,0.03678523400391945,0.03676074015312748,0.03673477331425207,0.036720021643841964,0.03671627713903795,0.03672338309877691,0.036734598447663434,0.03674097681570091,0.036757230148068615,0.036782830655540444,0.03681733551437359,0.037036754889230555,0.03734106397713775,0.03771766306422479,0.03811653724297321,0.03853807997589209,0.03897556709376381,0.03942188425246534,0.03989175620599242,0.0403855745586496,0.04084553217414258,0.04112910839747531,0.041414195615861925,0.041715920035502674,0.04203451954765098,0.04231759678257518,0.04237617589560643,0.0424293322553985,0.04264539381827856,0.04321002026490134,0.04379644221928318,0.044401353698837666,0.04502079366699456,0.045662806781892204,0.04632764696343508,0.04701563337006511,0.04772359514139562,0.048448753961268534,0.04919870669865145,0.04997387591088005,0.05077467981350224,0.05123717305890786,0.051552067897708005,0.051875689362365585,0.05220801277680595,0.05275906424513506,0.05352890080503891,0.05442488707116299,0.055331877136457326,0.05622741416690551,0.057017869210608856,0.05766441216297265,0.05832310237547161,0.059000473626017784,0.05969674584552261,0.06041234641273139,0.061143880197675284,0.06189097642591408,0.06265808498347748,0.06344557194536046,0.06425363867662053,0.06507795158948654,0.06591914307932316,0.06678163017596317,0.06766561693446935,0.06857129417044426,0.0694950849264626,0.07043777113526696,0.07140271839786456,0.0722359919072509,0.07298212949102303,0.073724256745734,0.07446373855490322,0.07520233266770489,0.07594050130988206,0.07667859770706045,0.07741117716426464,0.07814232110686206,0.07887425022404103,0.0796073007915329,0.08034181700885724
COD,Ninth,1.4481836266875705,1.5134170461378011,1.5820792182185723,1.655248534904567,1.7340797327770423,1.8193577566178971,1.9031756609922381,1.9940479059816283,2.09269747861016,2.2000721174029136,2.317206820682109,2.434623270947647,2.562605822697954,2.70207976873314,2.854162871863387,3.020373346415478,3.1898932198796,3.374481395632841,3.575327634693734,3.7936390016112003,4.031180990966749,4.274936911997182,4.53757771690877,4.820045975813399,5.12349491601304,5.449248124096723,5.781694331313844,6.13600225438743,6.512478045245275,6.911435329431581,7.336988715164774,7.767237858772773,8.221589446643591,8.701226453516211,9.20706587976684,9.739875357942545,10.27291036900181,10.831340032863361,11.416864446657451,12.030418803279543,12.67421009983828,13.323532876397728,14.004096415446867,14.714019276833755,15.454440139839292,16.221738532647386,16.97665257149166,17.754193683927433,18.559651683412962,19.39653917193925,20.270186560355416,21.140268601642955,22.039240977448607,22.967248541104695,23.926014318985203,24.916765817554783,25.891825691990903,26.893169159568405,27.92053466430527,28.975056271344666,30.05963149040681,31.124049226766324,32.21455854671311,33.332734996295216,34.47934285815451,35.65567367824311,36.80616639648704,37.97806973728405,39.17153807337073,40.397398989460875,41.65282330426626,42.87351561154731,44.113876270378704,45.37888938704143,46.674241483560024,47.99881189914334,49.28852218849511,50.598002018685854,51.92671864509997,53.27439682030559,54.639283476495464,0.08123758070871152,0.08120194653411107,0.08116415711300363,0.08114268326213235,0.08113723262681592,0.08114757673937248,0.08116390060132862,0.08117318449232262,0.08119683795461094,0.08123408486653895,0.08128426562349939,0.08160287717649403,0.0820433261798993,0.08258613048507392,0.08315832266994438,0.08376001849125281,0.08438123281781744,0.08501161952245022,0.08567163745964222,0.08636131618224913,0.08700007604467018,0.08739216010863332,0.08778501578057198,0.08819936538676716,0.08863530075836708,0.08902127348776154,0.0891009849749596,0.08917327125051225,0.08946663127309713,0.09022978796240215,0.0910171424394361,0.09182376747775564,0.09264398648509442,0.093487992267938,0.09435553538657895,0.0952464288433971,0.09615599731440753,0.0970801796314674,0.09802809068601065,0.09899956030830845,0.0999943810700243,0.10056490324205317,0.10095167668184833,0.10134776292419385,0.10175302240649076,0.10242173502252731,0.10334914504602882,0.10441862149657047,0.10549049566939508,0.10653834128941225,0.10745464826715356,0.10819818887661523,0.1089502426206931,0.10971791373179565,0.11050100428731077,0.11129952867810781,0.11210926842355735,0.11292941994711031,0.11376441155503492,0.11461411094061835,0.11547818059887797,0.11635147936068199,0.11723422054920984,0.11813048968748888,0.11903986893502531,0.1199618981166615,0.12089232100752621,0.12183133405649187,0.1227816233655185,0.12359337507948286,0.12431327670461258,0.12502277946988433,0.12572327993996252,0.1264164813419981,0.12710283171595949,0.12778265934478558,0.12845100892217917,0.1291116825402011,0.12976668274697986,0.13041626708911622,0.13106068805882887
COD,Tenth,3.0318676956622457,3.170046262344118,3.3159520911532483,3.47125294607861,3.6380656611609274,3.81798469912735,3.994601806418203,4.18609280615575,4.3936238769242735,4.6191824945456466,4.863961911598828,5.1032619921778775,5.360787906506331,5.638553886634242,5.940510788248766,6.269321805193367,6.60251247228792,6.964468504143527,7.356603249660251,7.780947417369306,8.243676992478552,8.725958204258724,9.244869383466604,9.801244885465591,10.397088092817647,11.038490730560547,11.707949155330194,12.42167063180175,13.166231877384261,13.923735332067576,14.727060345347436,15.532826734178892,16.379685463998037,17.26860549709595,18.20077543975153,19.177265521533236,20.14537038084196,21.153922605234634,22.204294574272176,23.297617741968605,24.437036454343293,25.623295699249624,26.884804075517607,28.196993535625186,29.561868133898724,30.937779137768946,32.24642801783596,33.56708718544236,34.92747433560266,36.336860174476165,37.82205488648966,39.318442101327875,40.85655347700189,42.435247227204286,44.05675246136102,45.722510970261645,47.34519767858714,49.002126654307474,50.69138421719913,52.41468805137897,54.17924885633677,55.8910595882388,57.63277263432374,59.405148675310436,61.20889417981733,63.04540600842544,64.81702943919444,66.60774698249733,68.41641570070828,70.30798649040686,72.26639273019491,74.15507108606184,76.06780697988417,78.01103860124707,79.99258354507985,82.01094489398548,83.95914232861338,85.92988113464206,87.9217325428851,89.9342727095254,91.96502055523462,0.8507481798988277,0.8508391531902829,0.85093559569395,0.8509903845815179,0.8510042898187025,0.8509778997092768,0.8509362476020352,0.8509125578672887,0.8508521906049602,0.8507571065229274,0.850628950324694,0.8498138952305134,0.8486832664476341,0.8472836285151563,0.8458006644899764,0.8442327856699618,0.8426048702242245,0.8409432806354611,0.8391930635545441,0.8373525537055327,0.8356371875632772,0.8345790884371386,0.8335149281276704,0.8323881945392645,0.8311979023997036,0.8301398404319348,0.8299208337302262,0.8297220811138737,0.8289140529835604,0.826801147775879,0.8246045917701285,0.8223364556783083,0.8200112902798288,0.8175985572185475,0.8150968656672483,0.8125045463705215,0.8098330550306823,0.8070924098623848,0.8042533460460479,0.8013135893798549,0.7982708200147439,0.7965107394961536,0.7953111797016248,0.7940773548018334,0.7928092660268635,0.790704069393953,0.787757745180757,0.7843206149534814,0.7808321909238897,0.7773785349504098,0.7743222111705186,0.7718166542060247,0.769258633904983,0.7666222558675851,0.7639060314549218,0.7611076104581583,0.7582395786661953,0.7553027239518113,0.7522787920194944,0.7491654291508268,0.7459608804781034,0.7426813827441591,0.7393234808242071,0.7358684610560285,0.7323142293671018,0.728658674321884,0.7249148653236106,0.7210782629359772,0.7171335916467029,0.7137125638855069,0.7106374700812202,0.7075675674563928,0.7044970935853072,0.7014185825572701,0.6983298523745657,0.6952291623807713,0.6921392431719015,0.689042772818817,0.685930061818347,0.6827993307670704,0.6796487183978305
DEU,First,14.458982494736171,14.603466409232407,14.736218045903367,14.860940704757875,14.979314668500471,15.091989609218707,15.20484547696034,15.312430229056455,15.415360728823018,15.51399920238048,15.608709506322064,15.705936535268904,15.799882831503107,15.893637676367199,15.983527362576194,16.070282242896536,16.161346590360083,16.25093236074313,16.338868870655418,16.42534891811309,16.510811079639016,16.603281044950723,16.69598663694333,16.788040346226143,16.879557802041546,16.970551837264377,17.069567616703576,17.1697594995838,17.270861209777447,17.373494602673258,17.477977209498523,17.591028277852576,17.70589020234684,17.822532639356634,17.940913616579472,18.06090659472463,18.188158632550778,18.31755572785903,18.449920598383624,18.585180913990317,18.723777911819926,18.869810208034725,19.018515543275136,19.17088398638604,19.326863781645052,19.486499605463745,19.65369066688101,19.82370183268359,19.998102951173355,20.1773832648944,20.3618450886778,20.557532253310356,20.757253024386937,20.962114336500647,21.17223269598864,21.38765682078394,21.615788377549748,21.847888254727348,22.08535614885097,22.32824709052686,22.57681657068568,22.838170771355983,23.104320904060945,23.37726590220629,23.656896699060667,23.943213380319474,24.242388158057306,24.546206105614043,24.856870786732202,25.174207592514925,25.497997378671187,25.835189109651083,26.177428366740635,26.52783184554232,26.88703234209157,27.25463568648147,27.639260797808856,28.030190805571117,28.42949629315772,28.836979853358415,29.25226942148494,0.0024679419465921623,0.002414914688395684,0.002362613984296425,0.0023124336011124584,0.0022644064620585347,0.0022185455268466927,0.0021748285711645277,0.002133021000347901,0.0020933246783285866,0.00205566419446067,0.0020199768929583225,0.001986169599693096,0.0019539813246808612,0.0019249077735245543,0.0018968615866982931,0.0018697990795645773,0.0018437220925828382,0.0018188470864373045,0.0017948841061406306,0.0017717850861223112,0.0017495171205479288,0.0017281149181998965,0.0017079417228058847,0.0016885249284395035,0.0016698098284404007,0.0016517782561682587,0.001634461955675079,0.0016181052980899012,0.0016023728603205686,0.0015872195838647044,0.0015726284490327567,0.0015586009018070815,0.0015451662413686405,0.0015322249599770933,0.0015197523442060498,0.0015077212823649505,0.0014960707974164273,0.0014846625847482653,0.001473643824580564,0.0014629922130713743,0.001452696883211941,0.0014426244414487712,0.0014325239582599024,0.0014227410681022896,0.00141324803553197,0.0014040329851351082,0.0013949692123405074,0.0013858268545725065,0.0013769252611093494,0.0013682509273086306,0.0013598011747852153,0.0013514221721397845,0.0013428733401818294,0.0013345201572570935,0.0013263426066738384,0.0013183389934887388,0.0013103226433046743,0.00130203346534195,0.001293888614067227,0.0012858814612848853,0.0012779982457735745,0.0012700364253803232,0.0012617384910562123,0.0012535533371441576,0.0012454640170518581,0.0012374554832724864,0.0012292837565398827,0.0012206846807334925,0.0012121597856275279,0.0012036938223945644,0.0011952858313872858,0.0011866312770132362,0.0011775288911472898,0.0011684748404275876,0.0011594546442269954,0.0011504641294984607,0.001141202613508377,0.0011315526962496513,0.0011219245267527866,0.0011123098925823732,0.001102704234563209
DEU,Second,21.00684232343091,21.248568572969415,21.474371975622663,21.68846495833728,21.892943672548316,22.08862378497235,22.284058934251803,22.47138207855592,22.65131116732383,22.82434002504148,22.990539671917126,23.160094054166056,23.324274341157988,23.486426272136143,23.642747041907498,23.794209175656373,23.951766299362532,24.106594181252692,24.25863898827284,24.40820714464131,24.555918354341806,24.7135570936746,24.870841583724587,25.026893792309824,25.181926204324263,25.336004850253428,25.50181940162583,25.668820796196243,25.83686714850676,26.006814381736277,26.17911544449545,26.363782697310203,26.550839445162133,26.74033154777075,26.932253579953322,27.12648999619699,27.331589232053254,27.539919891983544,27.752482625297677,27.96923040995652,28.190760031838273,28.423382510475395,28.660315249273644,28.902652080960117,29.15036936132574,29.403554897210068,29.668332069460124,29.937880949060517,30.21403532504491,30.497450936756167,30.788541433842315,31.09668555560134,31.411450631191304,31.734037113517267,32.064626903551925,32.40330272229401,32.76160073317331,33.126746295353726,33.50026123229446,33.8822376823574,34.27303066738733,34.683719039253944,35.10263958081649,35.53203826205274,35.9718103750824,36.42199091856296,36.892455640556314,37.371364383384694,37.86116014402066,38.36165255785958,38.87258297069348,39.40515281393516,39.94708196978828,40.501961027804604,41.07064944731137,41.652679424346644,42.262033273763834,42.88275947155022,43.51715510587351,44.1650126034846,44.82589263815092,0.008189904751692833,0.008051500209996381,0.00791428245804952,0.007781947542377996,0.007654653928033332,0.00753250528181342,0.007415511973959568,0.007303110221461923,0.00719590566348045,0.007093758449001414,0.0069965585404985035,0.00690410959890859,0.0068157470043909785,0.006735643316738325,0.006658104621708762,0.006583032333477978,0.006510456487105053,0.006441004595113358,0.0063738917183575015,0.006309003194614983,0.006246264080399362,0.006185791437382602,0.006128633926012602,0.006073473519241412,0.006020168825832568,0.0059686812600017285,0.0059191153250297375,0.0058721865120098145,0.005826946172017926,0.005783275772115424,0.005741135375919678,0.005700539202517299,0.005661581108414374,0.005623980570317491,0.005587673887965023,0.005552588251821368,0.0055185521579789835,0.005485166029076755,0.005452864051086505,0.005421587136731968,0.005391306820757678,0.0053616353206202725,0.0053318345547262985,0.005302925627870637,0.005274830664642915,0.005247517572061279,0.00522061339074053,0.005193436207111271,0.005166936068501445,0.005141075060163838,0.005115848848092266,0.0050907990275614965,0.005065205432578725,0.005040162508435399,0.00501561213691243,0.004991550980762887,0.004967419077502754,0.004942430771301305,0.004917843312404193,0.004893637890502568,0.004869774089861693,0.0048456387947261636,0.004820449220173041,0.004795565849406643,0.00477093803204489,0.004746520991018633,0.004721570807610138,0.004695275289529826,0.00466916640044819,0.004643197574605236,0.004617366491609304,0.004590735845967054,0.0045626809013298245,0.004534727427399399,0.0045068307343604785,0.0044789778477250545,0.004450235400755431,0.004420232780853735,0.004390241229290797,0.00436023568608867,0.004330201201749707
DEU,Third,23.704806147902023,23.997740305329216,24.27338620814327,24.53582515645864,24.787262692365534,25.028537599349374,25.269293333269214,25.500670486154956,25.723341228124564,25.937834246470384,26.14393308849466,26.35365999722153,26.556963039507814,26.75684250124729,26.94999996607865,27.137502662163715,27.331810712341287,27.522700981218833,27.710242408049353,27.894792471103024,28.077047749554072,28.270366264647308,28.462842098426854,28.653746603633362,28.843343800461827,29.031723788940113,29.233387923257435,29.436048492180728,29.639727833106825,29.845389642039738,30.053546400648028,30.275622300773158,30.500239053607032,30.72751004196153,30.95745057209146,31.189960827985715,31.434910136686387,31.683590148225257,31.93701246238584,32.195149546586244,32.45866615776235,32.734926625671775,33.01635767722242,33.303943798599036,33.59768518440047,33.89769308765955,34.2111640779481,34.530449737525224,34.857341502859185,35.192571232790186,35.536598311019766,35.90040522548003,36.27222096989967,36.65309961149354,37.04326208866915,37.44280768115543,37.86527409812265,38.296203517250575,38.73693819414711,39.187592876699334,39.64857348623271,40.132912750718724,40.62743183425993,41.13421254671508,41.65316817331483,42.18436286926326,42.739555705019114,43.3054411101026,43.884237171912176,44.47576376323487,45.079753611328314,45.70961848262535,46.35143414490201,47.00863729979291,47.682203661824836,48.37164968859147,49.09373165324782,49.83019204496941,50.583106679713346,51.35228247187901,52.13727146322521,0.012073588317363514,0.011901177218718641,0.01172972624376703,0.011563878804856091,0.011403879299894908,0.011249907364660059,0.01110202310031103,0.010959558992842428,0.010823325341133826,0.010693190191901056,0.010569055972956513,0.01045071234673665,0.010337343122973392,0.010234352101011078,0.010134457663803541,0.01003755019489512,0.009943685437365955,0.009853693120925208,0.009766573928041271,0.009682193947277741,0.009600468210137153,0.009521562602228811,0.009446862577796198,0.009374660440622292,0.009304781445197564,0.009237185828051631,0.009172020119753491,0.00911023657995787,0.00905059689679213,0.008992952802185719,0.008937259753096494,0.008883542261229373,0.008831931734943078,0.00878206370427411,0.008733857999384573,0.008687224645266165,0.00864193882548731,0.00859747257306182,0.008554406826922064,0.008512667619678546,0.008472220409381651,0.008432549636613641,0.008392669273854132,0.008353947131995722,0.008316281634287567,0.00827963225077764,0.008243500757480093,0.00820697131096214,0.008171321687783206,0.008136503058025877,0.008102510439488899,0.008068728522947719,0.008034184778194236,0.008000356559221194,0.007967166794952529,0.007934612251531487,0.007901935923358283,0.007868073019974518,0.007834725595925782,0.0078018697816121686,0.007769451089943174,0.007736637442439041,0.007702362010230128,0.007668474008337347,0.0076349057355191196,0.007601596940843943,0.007567531963772458,0.007531598149994447,0.007495887154906048,0.00746033526100787,0.007424939871262156,0.007388415008187178,0.007349899589639635,0.00731148505731698,0.007273110167266291,0.007234757127933759,0.00719513850363012,0.007153738729570435,0.007112308895663468,0.007070813492690814,0.007029231693634003
DEU,Fourth,27.849880479295646,28.21309030627179,28.556710480741025,28.884860772982314,29.199943547432852,29.50286385691986,29.80494882194793,30.09581319172074,30.376125501448662,30.646479767605896,30.90603661105375,31.169966848493846,31.4260251460305,31.677008482339335,31.91999941308077,32.156206100461006,32.40036416057879,32.64019996747811,32.875918986937506,33.10795303037443,33.337120220977056,33.57906727397472,33.81961407081497,34.05816244816309,34.29504982149932,34.53040563116615,34.78144044320484,35.033337489665044,35.28629043139238,35.54141245821358,35.79930206367932,36.073409960272166,36.350358267107175,36.63033827260148,36.91339709329102,37.19945390184759,37.50032092870034,37.80565589569811,38.11652530783681,38.43292646524873,38.75562123533076,39.093492580768064,39.43773183398255,39.7892611429467,40.14810920332205,40.514421961341775,40.89694096669247,41.28673099688014,41.68560719961652,42.094406853730376,42.51365619541372,42.95664280157291,43.40955759648335,43.873352737558285,44.34829928855628,44.834522014291494,45.34843136262121,45.87300780253875,46.40947310096262,46.95796954794336,47.518972647699144,48.10829599509406,48.71044101012365,49.32740764959214,49.95912852440511,50.60570188474823,51.28154220753523,51.97109750543225,52.676444423663824,53.39741158012427,54.13371968737893,54.90187072840311,55.68544010532897,56.487838611106184,57.31019065322188,58.151989893652384,59.0338890676168,59.934207475891036,60.854879713929996,61.79572963308935,62.75629128761486,0.020261535694360126,0.02001461731992442,0.019768453016711908,0.01952973697090254,0.019298874545615616,0.01907618065888368,0.01886179713386547,0.01865480686954456,0.018456437919854553,0.01826655018883692,0.0180850522852587,0.0179116843389481,0.017745292031870412,0.01759386431691213,0.017446744092172662,0.017303790851552675,0.017165105472243376,0.01703193537199618,0.0169028238803187,0.016777588287032213,0.016656120327819976,0.016538680730921653,0.016427351382689363,0.01631960650454223,0.016215198615704987,0.016114079065190627,0.0160164792777037,0.015923839436697666,0.01583431743960955,0.015747698567319415,0.015663924614475352,0.015583041913900695,0.015505256795654917,0.01543002749932612,0.015357239945588791,0.015286763827779397,0.015218266022234724,0.015150951261496173,0.015085703105695882,0.01502241340166573,0.014961035004672774,0.014900789526073118,0.014840178698388768,0.014781284797789914,0.014723954843550713,0.014668132151066443,0.014613058663033808,0.014557340191752905,0.014502924284520328,0.014449740732056366,0.014397784024950714,0.01434611347960469,0.014293243291200058,0.014241432789576916,0.014190565739495002,0.014140640009498398,0.014090494606137574,0.014038492538222336,0.013987248163345083,0.013936724592516691,0.013886840758816478,0.013836315801646107,0.013783502873420186,0.013731250421312421,0.013679455554736038,0.013628025246150973,0.013575390103555416,0.013519827778401706,0.013464568197722062,0.013409512922683609,0.013354659344766219,0.013298012841300184,0.013238230235562774,0.013178556369235877,0.01311889416780592,0.013059217191148435,0.012997519000217308,0.01293299059153303,0.01286835627852741,0.012803561103281763,0.012738571265802098
DEU,Fifth,30.993449999649002,31.41658065729268,31.818611067809755,32.20348776819617,32.57372621726432,32.930251437792585,33.28566058938366,33.6284111564282,33.95911611232399,34.278405938912535,34.5847474641953,34.89609212530056,35.19836620562261,35.49393568508313,35.780514447199366,36.05941368964963,36.347134908902376,36.62975830418869,36.907637923046245,37.181265018446126,37.451552150505094,37.73585094331073,38.01818435845545,38.29814394844041,38.57612914229925,38.85230215587259,39.14599162560035,39.44033069818577,39.735713120946976,40.03337357635162,40.333978427170855,40.652497158862346,40.974032230582786,41.29885623622469,41.6270445229499,41.95853698613566,42.306696583210595,42.659917599005205,43.01927037119356,43.38477560782338,43.75727027683931,44.1468772078282,44.54388142648458,44.949058336005265,45.36246701321001,45.78428343970973,46.22451891430896,46.673283331754334,47.132313808029195,47.60252963303353,48.08451080614428,48.593436519395915,49.11395131236089,49.64681325186676,50.192338499190875,50.75067269205755,51.34059299639548,51.94312935634001,52.559261924599944,53.18916058168895,53.83335835441116,54.50997771877568,55.20176876621083,55.910493880763916,56.63610991926348,57.3787517280111,58.155075946198906,58.94785079209834,59.758833947935294,60.587874502313426,61.43468632461793,62.31840923655253,63.220714785212714,64.14476058772472,65.09180255019379,66.06132304706875,67.0772959464375,68.11535419679056,69.17711941476244,70.26244211308229,71.37085596129727,0.028569466894993407,0.028275127876319334,0.027980980914995367,0.027695054265686525,0.027417892665569394,0.027149930979669515,0.02689140293563734,0.02664125717982158,0.02640103561151554,0.02617062717570375,0.025949976263546587,0.025738819072575768,0.025535797941079307,0.02535072804283238,0.02517063722036363,0.024995378380359812,0.0248250944749101,0.02466134478678508,0.02450235977451326,0.02434793479670458,0.024197952552630405,0.024052755832088286,0.023914939319752825,0.023781398859034106,0.023651840530577648,0.023526219974579415,0.023404836055940483,0.02328949725689829,0.02317792573011151,0.02306986384084879,0.02296525145099142,0.022864152875455405,0.022766837593167364,0.022672637317946002,0.02258141644943195,0.022493019681188053,0.022407034659175634,0.022322466017057178,0.0222404319658682,0.02216080000842372,0.022083516236622643,0.02200760368439975,0.021931176834109625,0.021856862231144383,0.021784470152700075,0.02171393502578173,0.021644300034965203,0.021573802541537762,0.021504907737535276,0.02143752836309615,0.0213716627125993,0.021306119068905675,0.021239009548092776,0.02117320388418954,0.021108555631718075,0.02104506505118778,0.02098125581705928,0.02091504275829859,0.020849751970564132,0.02078533982060429,0.020721703190888712,0.020657207724675084,0.0205897498160286,0.020522963462491526,0.020456718404305727,0.020390897058024212,0.020323489188133387,0.02025228438848514,0.0201814169146785,0.020110763238062816,0.020040318440432345,0.019967518951455175,0.01989063226386834,0.019813825421048346,0.019736975646566665,0.019660046228181138,0.0195804494455094,0.019497131914688128,0.01941360701957061,0.019329803520760695,0.019245676592826316
DEU,Sixth,35.647670576070794,36.155532066291194,36.63996560428324,37.10477088994668,37.552639759704604,37.98454412008897,38.41496354255026,38.83064540524941,39.23215053905194,39.620169780564915,39.991789459679644,40.36971899839873,40.73688317956688,41.09516957020611,41.44304609317916,41.78196926444566,42.1310489563837,42.47396890590326,42.81128121202371,43.1435635614948,43.47187684328114,43.81592963124848,44.15728195114038,44.495756125902965,44.831844821787136,45.165759894417086,45.51993618205851,45.87453560259025,46.23020760993075,46.588362394404875,46.94976086078985,47.33145251880185,47.716452325488916,48.10514158329273,48.49763830947389,48.89391172994846,49.30957885428842,49.73117507191729,50.15978728793681,50.59547335578731,51.03917650295427,51.50280751888697,51.975300206444324,52.45726283376119,52.94879890877903,53.45012364055329,53.973085167327234,54.5063694909269,55.051641762542005,55.60993456531387,56.181901653613174,56.785451884871975,57.402949714455055,58.034923334122816,58.68175226482055,59.343611097955936,60.04268679643963,60.75713470142071,61.48765026698172,62.23444094334157,62.998120191548004,63.80012397887695,64.62061106240238,65.46107312125608,66.32150059059033,67.20207688025678,68.1226666181283,69.06355284299414,70.02612134947468,71.01024487137995,72.01563155395914,73.06518121838559,74.13775776567695,75.23624125884007,76.3620635591111,77.51469665478643,78.72285519160624,79.95825781438609,81.22215561809355,82.51443536288795,83.83462953760962,0.04478624012305504,0.044406734354840736,0.04402651288353606,0.043655987755898525,0.043295940636373854,0.04294701695868484,0.042609596681903304,0.04228238741743653,0.041967477014115614,0.04166479821334475,0.04137435726366063,0.041095874335462135,0.040827624384623534,0.040582663396029915,0.040343901000109296,0.040111169014296046,0.0398846881855227,0.03966656606409456,0.03945447676317046,0.03924817328763337,0.03904752611645537,0.038853012585425124,0.038668146491413265,0.0384887877816211,0.038314566370143265,0.03814543600983799,0.037981821530399584,0.03782618290061012,0.03767546529469274,0.037529339482830756,0.037387732279031416,0.03725075069686001,0.03711876955491131,0.03699089578406246,0.03686695786969665,0.03674675296909902,0.03662972865373834,0.036514540572993054,0.03640271233138311,0.036294074016261356,0.03618856005216894,0.036084841272563555,0.035980342585749,0.03587865601182348,0.03577953091449533,0.03568287876324877,0.035587397395099876,0.03549066408217541,0.03539606777013109,0.03530348903505066,0.03521292972840624,0.03512275621273267,0.03503036762536618,0.0349397137554379,0.03485059711818126,0.034763020083329606,0.034674947545503355,0.034583498622553756,0.03449326301801135,0.034404184348109365,0.03431612256967431,0.03422681449272419,0.03413334186335892,0.03404073632874853,0.03394882052974802,0.03385743167803112,0.033763777061207555,0.03366477664919273,0.03356617434032306,0.033467798045645376,0.03336964183656223,0.03326813104818374,0.033160837768533215,0.03305357094754471,0.032946159202243454,0.03283855189390883,0.032727121575105676,0.03261038437130238,0.032493254551065165,0.03237563211556104,0.032257451169476536
DEU,Seventh,39.352575123422824,39.93728292295702,40.497056935166896,41.035296338367544,41.55478161785792,42.05648145038151,42.55636207992012,43.03980741529942,43.50725956621328,43.959437145372554,44.391904017586505,44.831909549469785,45.25966710086706,45.6762819384277,46.081318512187764,46.476344178475216,46.88260775451203,47.28174999363723,47.67454986761516,48.06165683278158,48.44425660567292,48.843841493469135,49.239941144237925,49.63269651698244,50.022682329595895,50.410154733757366,50.820113407759614,51.23016299782363,51.641261166110176,52.05496932312419,52.472129479939596,52.91136543149789,53.3540708041954,53.80074417174258,54.251543151476994,54.70646809972031,55.183044840555716,55.66629394906482,56.157260520536504,56.65603775435639,57.16365540152525,57.69357975698991,58.23371154979676,58.784381042119435,59.34573762374317,59.91803372959097,60.51472029116395,61.123388763193276,61.74549795391607,62.3821809131755,63.03415205739979,63.72170083325641,64.4253851458179,65.14536973003413,65.88209642694223,66.63576610439353,67.43155606987082,68.24532365043765,69.07731818094946,69.92778073413015,70.79740041350992,71.71054643898097,72.64532787730064,73.60276254516984,74.58288012511746,75.58591800279545,76.63463347902511,77.70737275069199,78.80490627963125,79.92714216330326,81.0737924480803,82.27118673703015,83.49594703028953,84.75038675390019,86.03610173951164,87.35256805710279,88.73281772680335,90.14532640153486,91.59073780512938,93.06898687723206,94.57962510070875,0.06153787605052524,0.061133175973794,0.06072648044766226,0.06032897293703256,0.0599415758101218,0.059565087059566445,0.0592000135651645,0.05884504827378451,0.05850254922592379,0.05817254112223654,0.05785512271224394,0.057550082461418,0.05725560840139981,0.05698614711972151,0.05672299466897963,0.056466004823944926,0.05621545613572774,0.05597372264805028,0.05573826915782358,0.05550885555240848,0.055285363755330205,0.05506836217384506,0.05486180438071217,0.05466110887473263,0.0544658805591664,0.05427609649361813,0.05409225271402191,0.05391714667253634,0.05374736643704661,0.05358255811541248,0.05342266263178037,0.053267812774113424,0.053118454413447105,0.052973590114359044,0.05283304076126799,0.05269658902406131,0.05256362089500703,0.05243261198160588,0.05230530817224389,0.05218152494514695,0.05206119420885436,0.05194281138440349,0.05182343596005695,0.05170717477726787,0.05159374943987538,0.051483064615323315,0.0513736326202449,0.05126268127449592,0.0511540926541005,0.05104773898675708,0.05094362762333656,0.05083988105737903,0.05073350777000934,0.050629051175902634,0.05052628926755822,0.05042522992809187,0.05032352518314523,0.05021784143921991,0.050113483528778084,0.050010385481236354,0.04990839010986329,0.04980487405727083,0.04969644841250868,0.0495889467833035,0.049482162534684224,0.04937590900485297,0.0492669372567617,0.04915165312522869,0.04903673785160919,0.04892198990740429,0.048807405914830425,0.04868880619125733,0.04856334075144096,0.04843779281686862,0.04831196220088083,0.04818578694436394,0.04805500927675466,0.04791786966774415,0.047780134554917496,0.047641682201309286,0.047502432857592085
DEU,Eighth,46.26243637347332,46.98164696814695,47.67286997882605,48.33900399897367,48.98302891373487,49.605938440323214,50.22648501405845,50.827510632685815,51.40930984104839,51.97266872613938,52.50931445344018,53.05677366613341,53.58937980286913,54.107155233105125,54.61128961914176,55.10354892984336,55.60916439052022,56.10606453057351,56.59539985550607,57.07795181211601,57.55516286537924,58.05139543861488,58.54291014695705,59.03032558635092,59.514370298586144,59.995391492595346,60.503105347327946,61.01049721314696,61.519011215848934,62.03048235129152,62.54589862735152,63.08633495142139,63.63060909707481,64.17941445876639,64.73297871012396,65.29135936388589,65.87554153478487,66.46774722581767,67.06898187539862,67.67940324089085,68.30019472117189,68.94760854240019,69.60759509567242,70.28008655912889,70.96530964124739,71.66358414749237,72.3912362761661,73.13378956032518,73.89243123403355,74.66846277924965,75.46270630410733,76.29971857858833,77.15669478350033,78.0332725226794,78.92999686529525,79.84711436703935,80.81515286800652,81.80570657837904,82.81836838939387,83.85344045414087,84.91173673780379,86.0228504758081,87.16106889535907,88.3267233449432,89.51991056891876,90.74095642726819,92.0177384194025,93.32498212024016,94.66255763710643,96.0304324330316,97.42832063609816,98.88859629204237,100.38372191811257,101.915204297907,103.48491064487857,105.09232665784883,106.77810928319212,108.50481534483228,110.27219215069928,112.08025587532013,113.92859054115601,0.10349922302509484,0.10303879798000086,0.10257401605356578,0.1021177084937673,0.10167109437803638,0.10123524186580823,0.1008109086403526,0.10039671766634391,0.0999955813808551,0.09960768688814196,0.09923331004622277,0.09887234717411225,0.0985227873982834,0.0982019750773946,0.09788780250388392,0.09758015568831072,0.09727943004414892,0.09698854672027919,0.09670452352688577,0.0964271242711293,0.09615625652175033,0.09589266131184067,0.09564121311741292,0.09539639434181803,0.09515776431111705,0.09492533446452722,0.09469975673276794,0.09448450930596551,0.09427544781554664,0.09407216494509997,0.09387461953533738,0.0936830092154684,0.09349790844280095,0.09331811555747903,0.0931434270607371,0.09297359832492573,0.09280788030506894,0.09264439342759723,0.09248532395150742,0.0923304620130798,0.09217973520505218,0.09203127316416773,0.09188139047180013,0.09173524761598596,0.0915925067446828,0.09145306202980431,0.09131504578327802,0.09117495818241429,0.09103770952180609,0.09090314141305646,0.09077127406717542,0.09063973516081102,0.09050472411841787,0.09037201061020578,0.09024131818422292,0.09011266044864646,0.0899830545109965,0.08984824069364328,0.08971498087284027,0.08958319666681158,0.089452688980468,0.08932010398595856,0.08918108755585433,0.08904310945728196,0.08890590967933751,0.08876925060585708,0.08862894857657537,0.0884803558708142,0.08833207209412461,0.08818384230658871,0.08803565607076515,0.08788210234680789,0.08771946829490085,0.08755653146210238,0.08739302551296202,0.08722887154019301,0.08705851827930144,0.08687964790253498,0.08669976014207678,0.08651869234084059,0.08633634134292087
DEU,Ninth,51.68466558546915,52.533050294598866,53.35197484906799,54.143235917083295,54.90984525620181,55.652711465039594,56.392735976402086,57.11076373021519,57.806767716298424,58.48153244894203,59.122422505052064,59.777422181333904,60.41521794503621,61.03394475414377,61.63735018876713,62.2273412927034,62.83244957267763,63.4273390586298,64.01363138053283,64.59221852096996,65.16477760716074,65.7575333792417,66.34411914779713,66.9258701585649,67.50366545866048,68.07792902042715,68.6823241182828,69.28570895701661,69.89018473441789,70.49784347011267,71.10979328115006,71.74865708044914,72.39146966478218,73.0391594500092,73.69202349259007,74.35017979686674,75.03762438797409,75.73430419378256,76.44103982373917,77.15805587426075,77.88666749755608,78.64565300079927,79.41955229201201,80.20759580965476,81.01010103763512,81.82745134900074,82.67860352386083,83.54755921512323,84.43490510003555,85.34209888846749,86.27005187889131,87.24721953416572,88.24818557137218,89.27169124875864,90.31839501702741,91.38858498117776,92.51771491273794,93.67402501800933,94.85599580767139,96.0639937652996,97.29896188533635,98.59537459595236,99.92457054662374,101.28564488883562,102.678784399206,104.10442463853072,105.5953599086085,107.12360270793573,108.6874532795787,110.28696883399422,111.9218869963804,113.63049517392113,115.38199022002541,117.17631173169575,119.01561039038167,120.89941489649294,122.87580874684069,124.90239476321202,126.97735848179673,129.10083965678075,131.27249631212007,0.1477912215389669,0.14753480135490873,0.14727229617978638,0.14701105404145126,0.1467520160147833,0.1464960743016679,0.14624394107540936,0.14599505923782952,0.14575143083842756,0.1455134433167796,0.14528153136970734,0.14505588808331776,0.14483547542020006,0.14463155881069595,0.14443036215032687,0.14423191407612826,0.14403657277916743,0.14384635757489275,0.14365942990006123,0.1434757251903651,0.14329527148152835,0.14311864441571248,0.14294922605550728,0.14278340942298698,0.1426209632878575,0.14246196327577026,0.14230692072105153,0.14215831252960817,0.14201335362938414,0.14187182025179315,0.14173372955250868,0.1415992705731097,0.1414688980333793,0.1413418148199752,0.14121791453998137,0.14109705753752114,0.14097874994316723,0.14086166855090548,0.14074740206949257,0.1406358267598159,0.1405269226197765,0.14041935392421578,0.1403104552809573,0.14020398310023394,0.14009971527269485,0.13999759007215035,0.1398962549492882,0.13979314221768785,0.1396918625580409,0.1395923212386892,0.13949454521054963,0.1393967838171759,0.13929620342763896,0.13919710113818473,0.13909928341450242,0.13900276686217747,0.1389053228457163,0.13880372634166702,0.1387030685371524,0.13860329899860804,0.13850427411491964,0.13840344612568078,0.1382974802326901,0.13819206113675447,0.13808699044408748,0.1379820947222998,0.13787414725118757,0.1377595492000894,0.1376449078134138,0.13753002323704602,0.1374148916548813,0.1372952956124525,0.13716829783828713,0.1370407253292208,0.13691236955275832,0.1367831635797002,0.1366487166354349,0.13650715316726947,0.13636437574938864,0.13622025086632666,0.13607468676284815
DEU,Tenth,78.68794752358174,80.1296640275129,81.53333056032307,82.8966566897931,84.22296495965254,85.51293096150741,86.79822699776213,88.04975782865723,89.26630852752156,90.44874119220485,91.54200312523187,92.68353577590041,93.79718138955911,94.87397215047358,95.92829735127256,96.96268138285046,98.02267205752044,99.06701875063409,100.09955403399611,101.1217493845612,102.13696878678732,103.1718363828495,104.19508953999258,105.21101149712689,106.22130644117561,107.2269731957256,108.28115356153207,109.33288893092573,110.38711127706723,111.44728171939197,112.5151406679983,113.61132075505762,114.71240825013471,115.82035333534418,116.9357922337045,118.05914338512115,119.22885040633288,120.41365378135451,121.6136703351852,122.82944820725065,124.06289425550791,125.34476358057725,126.65246033339501,127.98235527521804,129.33517727820396,130.7116142536367,132.14311572751964,133.60600578366473,135.09842698006705,136.62251690205153,138.17959726346533,139.81660874275812,141.49522679838614,143.21048702914382,144.96354801920674,146.7549029596812,148.6433207797904,150.58051281457415,152.5603315943393,154.58343637417022,156.65133613146708,158.8214960718288,161.05063381035077,163.33268278569486,165.66824288077223,168.05823316240992,170.5585191433001,173.12762584109498,175.7572777325231,178.4479454427483,181.19948897691947,184.07780585174987,187.03601616999288,190.06746438457986,193.175528762808,196.35996920953363,199.703686603956,203.14035302230025,206.66157304107054,210.26805510888855,213.95982816009624,0.5708230016573559,0.5732291530231012,0.5756446378176293,0.5780032255869149,0.5802996662595128,0.5825295100023993,0.5846899763222322,0.5867890331405872,0.588812932326365,0.5907617402595933,0.5926350586529467,0.5944343129888277,0.5961703429704983,0.5977581600451395,0.5993081344919534,0.60082120555747,0.6022957888912259,0.6037179820314261,0.6051027672446876,0.606451616386712,0.6077652598334009,0.6090404139923554,0.6102538810258975,0.6114326353269617,0.6125790262259626,0.6136932253722548,0.6147723355676565,0.6157999835076262,0.6167962077244782,0.6177631066385296,0.6187010563578265,0.6196092795855386,0.6204851960819129,0.6213346496722835,0.6221587191417405,0.6229586844559728,0.6237381577407253,0.6245060670014582,0.6252522037012198,0.6259776518861246,0.6266828125595013,0.6273765176454938,0.6280759923820979,0.6287571776377858,0.6294217122975384,0.6300701545346511,0.6307112271935289,0.6313611771372899,0.6319972524564719,0.6326202111857957,0.6332300161706158,0.6338376614807419,0.63446068066832,0.6350724474215889,0.6356742691057834,0.6362661153912853,0.6368617218472761,0.6374806203497774,0.6380917463869116,0.638695480958714,0.6392927568497911,0.6398989251494989,0.6405338395246798,0.6411633392152195,0.641788635068485,0.6424108182696487,0.6430489240346565,0.6437239948675304,0.644396909447147,0.6450688436845615,0.6457398345435036,0.6464343508773757,0.64716908346529,0.6479043103288353,0.648641218170929,0.6493801635173471,0.6501460892697826,0.650949298178254,0.6517560370527468,0.652567018780558,0.6533827028785869
FRA,First,15.041190341531992,15.214342202984401,15.378335121816553,15.540781245151639,15.70398209652465,15.868453735981939,16.03021409894209,16.189312848967912,16.349447354651687,16.510888440529087,16.673994729514344,16.83499320679284,16.994197108628267,17.158171913062148,17.323816539239047,17.49219103825565,17.660683207074356,17.82941363445255,18.002220323820204,18.179298034366305,18.36125921604829,18.54533140260793,18.73032311536741,18.919739388758536,19.11371987179741,19.312138713411773,19.51207029659893,19.712951929860196,19.91977021066937,20.133628923861178,20.35491087994958,20.578462281894854,20.803670497140338,21.035287119174562,21.273192141095812,21.517113949640603,21.76118112114747,22.007361743286143,22.260976568724903,22.521870986915115,22.790833127796763,23.060453893056092,23.33315146285552,23.61334215511842,23.90095328813731,24.19606925553266,24.48872212153286,24.7829979139169,25.084932872312212,25.395491541092117,25.715260883069362,26.03443196491534,26.3562517416856,26.68598254916945,27.02390153502293,27.370126184362455,27.71497507612609,28.061956059323787,28.416099421498565,28.777554296755326,29.146868258938785,29.516071777374112,29.88868100798594,30.269810119464577,30.65935377065,31.057396786403437,31.455155647346135,31.85714851823565,32.266349077850926,32.68250676392149,33.10526371455318,33.52566901014427,33.95008361527359,34.38273404143072,34.82497863707461,35.276133995131204,35.72664353635206,36.18144264106893,36.64325826792925,37.111860517756746,37.58668294765915,0.003467337718529501,0.0034536579975776695,0.003436609168016655,0.0034211269051683856,0.0034072897106483817,0.003395177727311295,0.0033848668324464853,0.0033730205289700735,0.003363059595895357,0.0033549897772341426,0.003348823564411529,0.003344562135203083,0.0033387440858100854,0.003336942767294713,0.003336590977481667,0.0033376562671458684,0.0033401237344059327,0.003341225304963524,0.003343703336735412,0.003347531274756818,0.0033526977248246924,0.00335917043285083,0.003364256419602973,0.0033706319757091127,0.003378259909204643,0.0033871484693829695,0.0033972239692978802,0.0034053952070927916,0.003414774347845591,0.0034253312749087583,0.003436994843113802,0.003449713799981046,0.003460360510555377,0.00347212581776295,0.0034850068255367706,0.0034989911601164938,0.0035139032491307465,0.0035266663108761477,0.0035404724034165573,0.0035553076730077244,0.003571176218327738,0.003587824209716874,0.003602426727021782,0.003618006529101893,0.0036345321275598687,0.003652009433999228,0.003670068111902905,0.00368579778226793,0.003702402559432842,0.003719873491910785,0.003738226304042142,0.003756907663596258,0.0037729658076527143,0.0037898246579895446,0.0038074502377746997,0.003825865193245507,0.0038444132376245885,0.0038604984109379134,0.0038772753916038877,0.0038947508287522636,0.00391289819666268,0.003931099025579381,0.003947229446431745,0.003963987609506095,0.003981352549097393,0.003999295309045751,0.004017436626129449,0.004034514710567621,0.0040521669218956235,0.004070353138816381,0.004089089987939352,0.004107887560352342,0.00412571172552742,0.0041440526883079485,0.004162879001619928,0.0041821870818183485,0.004201392795071422,0.0042195440384550946,0.004238130649760476,0.00425714756317327,0.00427660575058358
FRA,Second,21.36924215297259,21.62257353546289,21.865038395506495,22.104891000535023,22.344986919369322,22.58598221618282,22.822202100064587,23.05534768016592,23.289159742617223,23.52401369623188,23.75993570788827,23.992268248801704,24.222839691211064,24.458297859033532,24.695561761472398,24.935996040989235,25.175806035146017,25.416561894848503,25.662283590143797,25.91326719899804,26.170330448100252,26.42942693984518,26.690526336423588,26.957209702098865,27.229703127842235,27.50789060480094,27.78759978676533,28.06969610566897,28.35941389087995,28.658163501810307,28.966475598724674,29.27701113800954,29.59100260242985,29.913315881823085,30.243829742086067,30.582234852937397,30.920282592482486,31.262491348827393,31.61437321763782,31.975761685303805,32.347642047276935,32.71960153587759,33.09697449226658,33.48416063776763,33.88109349198199,34.287882806989074,34.69074140959037,35.09739710800966,35.51411930672758,35.94210194263822,36.38207080793636,36.820526347120115,37.26421548382877,37.71831402684766,38.18317757317019,38.65894521859932,39.132420687224005,39.61047336164176,40.09803009406402,40.59527100830392,41.10287802196628,41.609948020256994,42.123005487853156,42.647210063039864,43.18244257775921,43.728825805912585,44.27427550960542,44.82629929747366,45.38782994290889,45.95857987224684,46.538101566720165,47.11411093415053,47.69634369682457,48.289295886437706,48.894652754783245,49.51158891072667,50.12727186998192,50.74954647245102,51.3810412179005,52.0214829738742,52.67017517682764,0.0106818331272965,0.010649031572415358,0.010608106783257671,0.010570898301061072,0.01053760859872539,0.01050844133089728,0.010483590601477091,0.010455017108440419,0.010430971302859483,0.01041147863756887,0.010396575601090554,0.010386272817772971,0.010372200699225584,0.010367842663559959,0.010366991280620989,0.010369569247070469,0.010375538393936725,0.010378202599572955,0.010384196078997661,0.010393451879398443,0.01040594007676762,0.010421578706810826,0.010433861845220882,0.010449253029910338,0.010467658045185225,0.01048909142222502,0.010513370954765787,0.010533047803879245,0.01055561882813442,0.010581006575408685,0.01060903314173128,0.010639568173635138,0.01066510676975708,0.010693306034363232,0.010724153089308254,0.01075760959349852,0.010793248881925734,0.010823721916924491,0.010856654622815012,0.010892006938808256,0.010929780304368964,0.01096936453206176,0.01100404767701345,0.011041013100886192,0.011080179465173883,0.011121551773370243,0.011164249761508496,0.011201397283808576,0.011240569229800716,0.011281735848102407,0.011324929603280975,0.011368841393071002,0.01140654317449858,0.011446081748073017,0.011487370809911123,0.011530458381895304,0.011573804246551059,0.011611352528818121,0.01165047298261192,0.011691176750597639,0.011733397096588981,0.011775691932706259,0.011813134317047272,0.01185199365966942,0.011892214481544884,0.01193372847120083,0.011975653541556261,0.012015077882394256,0.012055782334133552,0.012097671801975516,0.01214077994380232,0.012183977007369744,0.012224891673538163,0.01226694455911029,0.012310061851255655,0.012354231365688506,0.012398114261770801,0.012439541578382375,0.012481914207585845,0.012525219449752767,0.012569478659425096
FRA,Third,23.804391762568958,24.090762175144544,24.366220539079315,24.638483640381637,24.9105798739348,25.183195283997257,25.44997788709051,25.71382291103457,25.97791467127715,26.24265573978042,26.507810307311615,26.76857976398644,27.027896967863235,27.291442236135374,27.556595304808546,27.824831387593367,28.091893699150795,28.36042810531137,28.634009211840894,28.912970983724456,29.198206748016652,29.48513373255094,29.77473756910393,30.070104170091522,30.371495699650882,30.678795429165362,30.987356975804612,31.299223808861637,31.619085578997687,31.94846424630896,32.28795503797182,32.62934111560661,32.97527190840311,33.32997924332386,33.69333720002084,34.06502271928116,34.435905456859956,34.81215370582907,35.1986450945566,35.5952066906106,36.00288798766066,36.41017552955289,36.8241686140943,37.24857163614821,37.683319999701276,38.12852711839601,38.569036028482465,39.01465506643283,39.470972836120616,39.93925959161966,40.42027732463151,40.89926281901959,41.3850224133524,41.881856648109775,42.39015112027779,42.9100394932039,43.42716554404488,43.950336914442794,44.48363448853475,45.027240279218425,45.58188316203974,46.13571720643645,46.696964648131924,47.27007639396657,47.85493068302886,48.45166273589937,49.04706003175729,49.65010369181163,50.263253194008115,50.886212451173606,51.5184935744794,52.146712277465674,52.782155522765734,53.4289747550439,54.08896724889233,54.76125837821891,55.43198457399589,56.11035699133606,56.798517940419906,57.49617415847829,58.202578169467614,0.015096702756245518,0.015057819357248006,0.015009274282971398,0.014965108408332654,0.014925568067767871,0.014890905741115764,0.014861360048458054,0.014827370771985579,0.014798754230634266,0.014775547095494477,0.014757799275609565,0.0147455263088727,0.014728759582125873,0.014723567228745495,0.014722552463832474,0.014725624646617067,0.014732736963740826,0.014735911234089565,0.014743052279689972,0.014754077969601024,0.014768951470149984,0.01478757215674102,0.014802194548056568,0.014820511851678368,0.014842409650572378,0.014867900919997795,0.014896765447381067,0.014920149814001282,0.014946963185367465,0.01497710946028604,0.015010374124626073,0.015046596690508103,0.015076877834666984,0.015110297759733323,0.015146836269385533,0.015186444289213289,0.01522861064521731,0.015264644203107887,0.015303564785454134,0.01534531982111936,0.015389907390409236,0.015436600656381463,0.015477486227916726,0.01552103664324433,0.015567149041039379,0.01561582624545924,0.015666026564530956,0.015709672080664195,0.015755666740986045,0.015803970789628405,0.015854616495130605,0.01590606780422095,0.01595021278445943,0.015996478644304996,0.016044760838775714,0.016095111032203364,0.016145726518344044,0.016189543210963688,0.016235166138487012,0.016282604222684436,0.016331776408254232,0.01638100163331946,0.01642455119716829,0.016469720730256585,0.016516443972197776,0.016564637284957724,0.016613275011855014,0.016658981760924226,0.016706143113577657,0.01675464515004938,0.01680452441040336,0.01685447279221978,0.016901750674847726,0.016950312489086895,0.01700006856908733,0.017051005156023723,0.017101577054953073,0.017149286542099962,0.017198053673011755,0.01724786047871765,0.017298730358757945
FRA,Fourth,27.683856342257297,28.02103166020994,28.346721095977845,28.668448073238388,28.989527300872183,29.310711001563284,29.62459441772524,29.935491340171843,30.246209463196447,30.557206065265916,30.867669752907577,31.172900572155413,31.476912233460762,31.78472758140662,32.09407448486721,32.40659794378442,32.71731757377968,33.0301315856276,33.34835802261386,33.67239454344343,34.0032605757095,34.33546071982048,34.671192993356314,35.013217841091475,35.36185603800299,35.71700202278332,36.073248979685076,36.43395814165246,36.803508131635084,37.183595002241134,37.57490853346766,37.96777286038805,38.366568343166115,38.77511552142568,39.19329042361671,39.6207530117173,40.04694094665647,40.480047024170766,40.92455935263111,41.38030195427189,41.848429802753046,42.31562413255603,42.79123240370392,43.27846786599207,43.77727415067504,44.28777734826855,44.79255620768598,45.3041282277513,45.827673143663404,46.364586259025614,46.915697137471675,47.46408915304548,48.02121846211571,48.59075347089493,49.1731260897689,49.7684751638723,50.360424874279374,50.960290472023445,51.57153954021401,52.19436763460617,52.82957561884527,53.46364041702239,54.10699460384646,54.76361812292497,55.43338507847308,56.11645332274337,56.797685985874864,57.48812546784605,58.18989819277012,58.902692521312645,59.62596963711107,60.3444187097316,61.07156218404104,61.81139987541642,62.56590480897625,63.33412721609509,64.10035880829079,64.87576874302742,65.66214032455247,66.4591586258495,67.26600132097833,0.024497091453620914,0.024443666860171704,0.024376930588851445,0.02431617944539872,0.024261763386262875,0.024214037815635418,0.024173340151613033,0.02412650389308077,0.024087056693018274,0.02405505428008471,0.024030574647570833,0.024013643078486007,0.0239905083327433,0.023983342194166955,0.023981941605246918,0.023986180861263952,0.023995996711999295,0.024000376287937924,0.024010229523155357,0.02402544086576389,0.024045958159815202,0.024071637787689643,0.02409179989642118,0.024117050646148323,0.024147230295916935,0.02418235208261003,0.024222107086298593,0.024254304260300886,0.024291211233589058,0.024332690658310948,0.024378443082489896,0.024428242324840272,0.02446985531995803,0.02451576400229253,0.02456593599311944,0.02462029566796974,0.02467813788749984,0.024727543670345152,0.024780883121164186,0.024838078672019776,0.02489912241940003,0.024963012742846936,0.025018927024701522,0.02507845440722448,0.02514144947151099,0.025207910357278096,0.025276409276606366,0.025335931512822034,0.025398621449850552,0.02546442345238737,0.025533374184889802,0.025603378269145202,0.0256634078918152,0.025726286885621702,0.025791869206728282,0.025860220639933994,0.02592889081183416,0.02598830383671052,0.026050132725578507,0.026114387593287536,0.026180952725521813,0.02624755234168145,0.026306439854614564,0.026367486524826133,0.026430598197859423,0.026495659590240066,0.02656128592104595,0.026622922380614436,0.026686486526861373,0.0267518204829528,0.026818972400595668,0.026886178373742468,0.026949755248208047,0.02701502377691385,0.027081860006692004,0.027150241114145875,0.02721809284431572,0.0272820701146429,0.027347428296407354,0.027414144384396922,0.027482243314249904
FRA,Fifth,30.526054286035286,30.901728124113212,31.26585568291865,31.625357434698085,31.983735854946396,32.341775980244805,32.691287066111904,33.03794995032395,33.383959352152516,33.72980571389899,34.07408978485962,34.41245822816005,34.74995323828946,35.09052873773431,35.43243605355247,35.777440095329226,36.12002848123677,36.4653222546183,36.816146821704294,37.17294794636882,37.53683566456239,37.90158877309565,38.27065337244419,38.64624456330344,39.0287266982311,39.41800227430006,39.808111317436,40.20374732809459,40.60868691021594,41.024751292039454,41.452703116525505,41.88174530107584,42.31796672334991,42.76449029731669,43.22119031525339,43.687716515862896,44.15247550012803,44.62553410114501,45.110682777954516,45.607740854922966,46.11793405806691,46.62665466364547,47.14527133519424,47.67623552027312,48.21949780381233,48.77518835504524,49.324288022237454,49.881689888151165,50.451831246751375,51.036187856370134,51.635632580899475,52.23176033566708,52.8383799828901,53.45821199126906,54.091720819727236,54.739041245100374,55.382429766692596,56.03541028040155,56.70053651170816,57.378007047783306,58.06867363045901,58.757890979232016,59.458023631216605,60.17228724443296,60.90055559170154,61.64300072993168,62.38315807046096,63.13376662000108,63.896444032006684,64.67087360295851,65.45647339812322,66.23662764817868,67.02663966978056,67.83014064026499,68.64922843164041,69.48290063211111,70.31422762083433,71.15595217859057,72.00934058660263,72.87405941455363,73.74923267288439,0.0335142443149459,0.03345303826675235,0.03337654421895327,0.033306869988815,0.03324443158164915,0.03318964416205643,0.03314290745225096,0.03308909943443643,0.03304376375039912,0.03300697232959703,0.03297882286377764,0.032959348728216396,0.03293273649553375,0.032924491798014974,0.032922880903498423,0.0329277587177713,0.03293905060675142,0.0329440896304792,0.0329554224243896,0.03297291875010415,0.03299651265482501,0.03302603914916081,0.03304921598790985,0.03307823681280422,0.03311291244478603,0.033153257398517565,0.03319890936493118,0.03323586970821176,0.03327822406104167,0.033325810117649256,0.03337827782897688,0.03343536383535407,0.03348304530523313,0.0335356297509513,0.033593072010701976,0.033655282729135365,0.03372144552624405,0.0337779316463281,0.033838890255663334,0.033904222317111814,0.03397391497879931,0.034046817964445725,0.03411058752275932,0.03417844405481692,0.03425021607139205,0.034325893740573446,0.0344038482105652,0.034471547552654816,0.03454281596865303,0.03461757874702731,0.03469587503073627,0.034775320336650074,0.034843406512501826,0.034914689432413375,0.034988996690572524,0.03506639680486706,0.03514411239802508,0.035211315112331186,0.03528121611856621,0.0353538208762779,0.0354289936406609,0.0355041626867121,0.035570593396183764,0.0356394243044362,0.035710548500668154,0.035783828096799496,0.03585770467939088,0.03592705342510951,0.03599853277346624,0.03607196407673283,0.036147396076975716,0.036222848018137035,0.03629418567089476,0.03636738109981206,0.03644229470630672,0.03651889805444284,0.03659486575270587,0.0366664554642404,0.03673955184712241,0.03681412661681531,0.03689020481736328
FRA,Sixth,34.80002855703775,35.2327503071508,35.65360382130016,36.06891328104596,36.4824600391567,36.8950905720217,37.29744357431408,37.69702869756548,38.095360140298816,38.4929857093836,38.88734059487829,39.275119616171935,39.66242269948466,40.052020881112114,40.4427714036221,40.83661542505683,41.227253048330525,41.621421863639945,42.02142378554687,42.427776146915335,42.84173426049813,43.25587974386022,43.675411494030335,44.10194430915306,44.535909920705436,44.97722890698874,45.41911042563861,45.86798598301347,46.3269875137246,46.79812218111602,47.28225822042257,47.76680716633384,48.26024933677903,48.76493927069899,49.28075521561685,49.80733347160339,50.331519850903376,50.8659093929996,51.41353551810478,51.97421723412612,52.54928497849003,53.122168469216604,53.70700890923601,54.30540674241736,54.917324158010686,55.542903281241855,56.16068227061515,56.78884379136664,57.431021148520415,58.08881521819389,58.76316436559874,59.433360342162786,60.11645516037378,60.81410220662014,61.52681456784049,62.254728424721485,62.97796240920304,63.7130889309483,64.4616335919044,65.22380504295101,66.00053048601634,66.77539216783468,67.56342578591762,68.36700858349354,69.18601171819276,70.0206347309075,70.85235047258476,71.69632077183084,72.55359716835721,73.42385314189572,74.30645070658291,75.18272668176053,76.07055372490625,76.97319297638536,77.8929204464407,78.8286620867321,79.7615572155593,80.70661334378183,81.66451752122192,82.63491006673675,83.61684375239616,0.051022917118002276,0.050947271373563516,0.05085267761644983,0.05076646697397362,0.05068916589750605,0.050621305971132693,0.05056339208981728,0.050496690749244226,0.05044046682817492,0.05039482556878464,0.05035989513529249,0.05033572541120775,0.050302689654860254,0.05029245383794838,0.050290452525824106,0.05029650824885318,0.0503105273397386,0.05031678310750046,0.050330850868293676,0.05035256680104241,0.050381847208130506,0.05041848086196444,0.05044722901676088,0.05048322123690938,0.05052621407466615,0.05057622005828006,0.050632783155503375,0.050678562667070895,0.05073100597580189,0.050789906953498956,0.050854822098711436,0.05092541931110354,0.05098436156863558,0.05104933823536503,0.051120286029234394,0.05119708389290985,0.05127872132699622,0.05134838070571957,0.05142352099445733,0.05150401151575131,0.05158982583428335,0.0516795436323519,0.05175797571534999,0.051841389947610554,0.05192956714993457,0.05202248749936309,0.052118144221321314,0.05220116802449812,0.05228851723533725,0.05238009756326083,0.052475947620276624,0.0525731400208754,0.05265638637872359,0.05274349288736287,0.052834240652208445,0.05292870799961724,0.05302350126398201,0.053105423549939315,0.053190586920259755,0.0532789931102747,0.05337047214510079,0.05346189165709502,0.05354263773817991,0.053626256555285585,0.05371260992166793,0.05380153173879561,0.053891121316020835,0.05397517340028175,0.05406175840658557,0.054150656530881615,0.05424192195968243,0.05433315474614306,0.054419362107968765,0.054507764837394695,0.0545981872445441,0.05469059400073693,0.05478217694950042,0.05486843035774503,0.05495644977046691,0.05504619345710428,0.055137693446346815
FRA,Seventh,38.062272330403346,38.5403179574452,39.006749618300056,39.466794095229346,39.924418137500275,40.380493199620204,40.82474274521823,41.266532190196585,41.70638240610302,42.144872621252745,42.57826594578094,43.004534183191694,43.4308766786968,43.8583340314197,44.28660435181379,44.71775743741671,45.14489461904675,45.57641394526017,46.01379297664592,46.45760191889512,46.90920803698586,47.36017749248672,47.81757222367891,48.28211286397491,48.7542863284364,49.234023441851264,49.71390700990021,50.20221275405075,50.70105435558937,51.21257821620545,51.73774158433508,52.26249473723587,52.7977764242103,53.34479747874104,53.90343559933911,54.473316576124766,55.04012097871652,55.61892721902715,56.2116079522027,56.817982469745836,57.43945149967942,58.05799406789128,58.69039165442155,59.33703056224613,59.99788310203579,60.67309443512042,61.33942012523853,62.018103640003865,62.71154233347211,63.42142319969778,64.14872338058976,64.87110416472848,65.6086666001819,66.36156712558665,67.13035762858831,67.91516457263114,68.69463102004265,69.4881716275655,70.2958792293167,71.11796246711971,71.95540441698898,72.79058431111149,73.64100830507849,74.50783479770793,75.39093310969685,76.29052369561981,77.18662084711704,78.09648655742023,79.02037744067833,79.95796433509123,80.90856055627233,81.85208785686514,82.80857955942521,83.7806601395428,84.77073818579771,85.77768433805605,86.78134590661877,87.7986515073914,88.82948990638232,89.87348211486825,90.92962197321,0.06801534066906849,0.06793871333137297,0.06784282555064701,0.06775536944628632,0.06767689927414827,0.06760797315925964,0.06754912171218125,0.06748130105429072,0.06742410754842063,0.06737766023594041,0.06734209913530752,0.06731748952957868,0.0672838425859536,0.06727341631649851,0.06727137821049475,0.06727754596142879,0.06729182657666109,0.06729819701896099,0.06731252626412948,0.06733464036006398,0.06736444999570822,0.06740173479447352,0.06743098766479114,0.06746760183277145,0.06751132433408756,0.06756215892939126,0.0676196348782031,0.06766613398528076,0.06771938032210588,0.06777915328593428,0.06784499846274276,0.06791656946888482,0.06797629151051697,0.06804209496099357,0.06811390538315533,0.06819159076893068,0.06827411492599517,0.06834449162637606,0.06842035689184897,0.06850157531827997,0.06858810493216493,0.06867850606998535,0.06875748038870667,0.06884141585728872,0.06893008156870553,0.06902344868913411,0.06911948965636033,0.06920278557015175,0.06929036053554867,0.06938210959734423,0.0694780594519512,0.0695752776509185,0.06965848560709416,0.06974548860285576,0.06983606245308542,0.06993027597148503,0.07002474209375673,0.07010631996892579,0.07019106789914295,0.07027897861197217,0.07036987846283317,0.07046064924198628,0.0705407640263539,0.07062367488227708,0.0707092341055046,0.07079727484412868,0.070885912405055,0.0709690080012056,0.07105454806041334,0.07114230874933052,0.07123233713994762,0.07132226599991943,0.07140717884186912,0.07149418934301761,0.07158312106722443,0.07167393467539455,0.07176386984037397,0.07184850620243248,0.07193481207519874,0.07202274314112937,0.07211232736147426
FRA,Eighth,44.28709181432061,44.849786888404324,45.40084866201097,45.94407779351155,46.48380066180901,47.020957268036966,47.54355122505518,48.06400130482279,48.58144744145753,49.09654332421202,49.6025922079144,50.1013543998607,50.60098114038027,51.100119251774785,51.59968479593501,52.101986755238926,52.599013295829174,53.10185797535258,53.61088638600751,54.12677478725383,54.65112212952177,55.17328799480073,55.70365480541596,56.24170791046244,56.78804268767851,57.342625725072615,57.896845739776744,58.461927166109625,59.03860373670846,59.62928883943437,60.23509827248855,60.83892104525935,61.45604205930599,62.08609159643305,62.72895512613491,63.38424632330593,64.035394253695,64.70160301076334,65.3831594893529,66.07988598848829,66.79332423675572,67.50262857403877,68.2290548087009,68.97129429830542,69.72933904094604,70.50334914074347,71.26659602774838,72.04556094478687,72.84095549039667,73.65463163895038,74.48764951653405,75.31442036638241,76.16023534655592,77.0231556017943,77.9038038776151,78.80230076476718,79.69430183543355,80.60407622107303,81.52970712979014,82.47141392360439,83.43028041946268,84.38621749746582,85.36096087142053,86.35398598363192,87.36516600978352,88.39475686748904,89.41986381004914,90.46148411597183,91.51876611260766,92.59137544790701,93.67854529492354,94.7573244511395,95.85164035733781,96.96328845784222,98.09492162385544,99.24531406684939,100.39164901160648,101.55430927271127,102.73206819418459,103.92451591879556,105.13054304633741,0.1105801585798566,0.11049964282804194,0.11039877617429215,0.11030666925011222,0.11022394026735045,0.11015120413268194,0.11008904467588235,0.11001736024925013,0.10995685676473053,0.10990768897615528,0.1098700246863102,0.10984395127158099,0.10980828792517151,0.10979723392854958,0.10979507173361024,0.10980161348542072,0.10981675283880414,0.10982350537230086,0.1098386908174307,0.10986212213928638,0.10989369763394576,0.10993317664416237,0.10996413635284207,0.11000287033641401,0.11004910151209735,0.1101028186866937,0.11016351433638476,0.11021258425367836,0.11026873677697388,0.11033173030089988,0.11040106330920184,0.1104763594173165,0.11053913801924299,0.11060825294450412,0.11068360776532532,0.11076504906561317,0.11085147426875656,0.11092510329119643,0.11100439907393629,0.1110892006790535,0.1111794512272629,0.11127362912392635,0.1113558082542036,0.11144306078603056,0.11153512087220176,0.11163194682951985,0.11173141820313245,0.11181758832096206,0.11190807867953736,0.11200276917046172,0.11210166796574506,0.11220174609197547,0.11228729624944563,0.11237664359292236,0.11246954721086708,0.11256606078594343,0.11266270848285159,0.11274607045991202,0.11283256992213546,0.11292219442040936,0.11301474862349971,0.11310705474151646,0.11318842853220963,0.11327254409279862,0.1133592479661722,0.11344835461735026,0.11353795469278712,0.11362185149430609,0.1137081107508462,0.11379650325221122,0.11388706446881909,0.11397740680464204,0.11406260493495925,0.11414979941887707,0.11423880840935068,0.11432958132413402,0.11441935678331638,0.11450373604296321,0.11458967242484959,0.11467711787504631,0.11476608682774768
FRA,Ninth,48.8259823712167,49.454764632124295,50.07312590612557,50.6822513362323,51.28666623002045,51.887306839656006,52.47086624301685,53.05312907502904,53.631048905798934,54.20530374236541,54.766278487580244,55.319785578102234,55.87534731155442,56.427811270162984,56.97991897180663,57.53414238529087,58.081667934624576,58.636612259034706,59.19747585600867,59.765009543323856,60.34098654578311,60.91288064109349,61.49481323504969,62.08429076446786,62.68199365241009,63.28790698515486,63.89256731338938,64.51063408595849,65.14053402536985,65.78487437275581,66.44490542767252,67.10102952225628,67.77328308795111,68.45876514966785,69.15735831172202,69.86866202186324,70.57453552445787,71.2985502579465,72.03840938830504,72.79393430179337,73.56674904886225,74.33406850913022,75.12169628035488,75.92569569469705,76.74607885629943,77.58299975905987,78.40739189194852,79.25090243519143,80.1114887914423,80.99110742366778,81.89085652759084,82.78308261900492,83.69826480677668,84.63126753823393,85.58276610439903,86.55285448245071,87.51538853174003,88.4994366611994,89.5000304015473,90.51737791278546,91.55263709194983,92.58428822364792,93.63820135072626,94.71121358509838,95.8032020607168,96.91445168434713,98.020222356864,99.14484816372419,100.28578322219605,101.44270025002822,102.6147594509068,103.77727467262906,104.95749510968439,106.15576371116933,107.37490318754338,108.61361703107147,109.84758348853484,111.10016685054326,112.36846479792365,113.65204128859038,114.9497048940939,0.15123833535554948,0.1512048803464146,0.15116276829869732,0.15112411548455204,0.1510892395465663,0.15105844660747175,0.15103204274515178,0.15100148554700585,0.1509756100161099,0.15095451909783839,0.15093833061911704,0.15092710432383014,0.15091172542466494,0.15090695138495258,0.15090602051171292,0.1509088432831661,0.15091537829814275,0.15091829008808177,0.1509248377376379,0.15093493177245482,0.15094851091948397,0.15096546005188044,0.15097872816053204,0.15099529833239853,0.1510150305020562,0.15103790271963038,0.1510636673852738,0.15108443880286226,0.1511081427000394,0.1511346512399713,0.15116372690843152,0.15119517892728207,0.15122130801737318,0.1512499718527846,0.15128110178229742,0.15131459848761525,0.15134998434798666,0.151379997362343,0.15141217922536243,0.15144643931221796,0.15148271760198184,0.1515203729791792,0.15155306412177724,0.15158759968592023,0.15162384596431974,0.15166175407240706,0.1517004672621431,0.1517338158354048,0.15176864439911872,0.15180487782026814,0.1518424949113246,0.1518803194742149,0.15191245885465926,0.15194583546245655,0.15198033108033332,0.15201594463867885,0.15205137347321765,0.15208174679524578,0.15211308229243067,0.15214534772093535,0.15217845831045995,0.15221126336416185,0.15224000394650322,0.15226953079097724,0.15229978053679116,0.15233066348203397,0.15236151161969164,0.15239020472182807,0.1524195156481863,0.1524493479128718,0.15247969459715616,0.15250975465397903,0.15253789993669617,0.15256650499817462,0.1525954919096837,0.15262483097451152,0.15265362914675681,0.15268049441124887,0.15270765097941297,0.15273507689290947,0.1527627623416906
FRA,Tenth,72.24109467872167,73.19967386112562,74.15102937361016,75.08690676964115,76.01288160828632,76.93000621827439,77.81837600535549,78.70814995548629,79.58816313250573,80.45930460600995,81.28438748302362,82.11311221968043,82.94849545050008,83.77145120367291,84.59188809004056,85.41304656271609,86.22246644971274,87.04685244823561,87.8779671808431,88.71696469330648,89.56680771093387,90.40057545511347,91.25283540372297,92.11374306007706,92.9844754501969,93.86525664251272,94.74232529670368,95.64452706839005,96.56183391442579,97.4978991764598,98.45462263531789,99.39492744035651,100.36381996930997,101.34902240150974,102.35045680293871,103.36770692637104,104.37434181252178,105.41275211253988,106.47111747763459,107.54929293210279,108.64934903280013,109.73815978417409,110.86154827428585,112.0058186510346,113.17109278104476,114.35755286157959,115.52356278026618,116.72374092198805,117.94594698473087,119.19266835908896,120.46523820889941,121.72452457690525,123.02394358641116,124.34649995498434,125.6931317571153,127.06386567246527,128.42223984418914,129.8185856841833,131.23663460629768,132.67659550301886,134.13997659167222,135.5968098164421,137.09133113439697,138.6107168720072,140.15487068282286,141.72423211805534,143.2837662183893,144.87334519868554,146.4841998285918,148.1160320173514,149.76770615216867,151.40453398666855,153.06950500483643,154.75780305801226,156.47307416475607,158.21372031073952,159.94644380236227,161.70868886808216,163.4914177868647,165.29408980054495,167.1151637742962,0.5318860389068848,0.5323522780664419,0.5329354873178633,0.5334671957963001,0.5339440936693751,0.5343628633524379,0.5347203336907218,0.5351321506632958,0.5354793532697575,0.535761264001302,0.5359770544715127,0.5361263763952514,0.536330505213911,0.536393757880269,0.5364061197876774,0.5363686992812625,0.5362820685358193,0.5362434193561127,0.5361564906695403,0.5360223181875282,0.5358414341563491,0.535615149414266,0.5354375901078624,0.5352153239452563,0.5349498592314276,0.5346411493132713,0.5342920234219604,0.5340095134976217,0.5336859425691006,0.5333226101331319,0.5329222661999745,0.5324869880510944,0.5321236551440606,0.5317232186412494,0.5312860948519357,0.5308130543449977,0.5303103589402476,0.5298815192667833,0.5294190786258818,0.5289238377526304,0.5283959990930017,0.5278443280891043,0.5273621963405497,0.5268495789878761,0.5263078582681622,0.5257371713588957,0.5251498787319289,0.5246402960367658,0.5241043232017347,0.5235425635196087,0.5229548084326228,0.5223590012953321,0.5218488367391496,0.5213151780859998,0.5207593708197434,0.5201809585521302,0.5196007274738131,0.5190994261262156,0.5185784296091838,0.5180377458648086,0.5174784243904179,0.5169196333752417,0.5164262175453077,0.5159153808499669,0.5153879697684964,0.5148450265654476,0.5142981441864678,0.5137852122227684,0.5132569554640342,0.5127147289041779,0.5121582190146783,0.511602054043495,0.5110766591854905,0.5105380267893049,0.5099872272342354,0.5094244962531037,0.5088669245712355,0.5083419352477897,0.5078063360761841,0.5072603701409547,0.5067038671223608
IND,First,1.1489643576901267,1.1702856714089607,1.1909055902239583,1.2125988064593818,1.236511054979194,1.2628811669301028,1.2889290259715815,1.316617067529699,1.3464558551775367,1.3785718672221603,1.4133728197185016,1.4480374014368893,1.4847587047568203,1.5248647459636548,1.5658552658506588,1.6082333183738575,1.6493326826651062,1.691138021534171,1.7345918077949372,1.7796742970496127,1.8266403065078771,1.87215672122422,1.9177855638278567,1.9643304610807841,2.0116991431715907,2.05954552222403,2.104488827225905,2.1490012906806237,2.1944877940627787,2.2416785562168675,2.290839131969649,2.337602084890285,2.383787451680163,2.430342180655995,2.476932301035926,2.5230701087206966,2.5649148616432798,2.605572453857569,2.646517695573937,2.687414494149361,2.728795434859851,2.767207365426599,2.804188530069705,2.840641937538179,2.876317944857949,2.9111063511771573,2.940543618144538,2.96653784552453,2.991389349758423,3.015953750356117,3.0406570786843483,3.061384312186476,3.0796692129574015,3.096547528290118,3.1122046530687184,3.126575438439212,3.135566875125138,3.140850262325604,3.143647390530653,3.1439262529303797,3.1417899885049425,3.134438284448769,3.124003834430114,3.1124856952499993,3.0996699482332484,3.0855699451697958,3.06642912927348,3.043253642024138,3.0175613477033005,2.9890742881544057,2.9573264759364886,2.9194076911288787,2.8774509531891277,2.8343351963006183,2.791385067497943,2.747786551929266,2.69991045247095,2.648883849685798,2.595827766078307,2.5405031503378033,2.4823518792778754,0.0004523958212145385,0.0004230890437834476,0.0003957156781878265,0.0003709636087588251,0.0003486592448326602,0.0003286261931868779,0.00031062545998841165,0.0002940101449072876,0.00027925211063698846,0.00026620955325378236,0.000254762154057725,0.00024473338440288443,0.0002356299441064385,0.00022830299879931262,0.0002211746745456349,0.00021423831021663312,0.00020741933554974885,0.0002003613344473696,0.00019350827300008272,0.00018685211016094007,0.00018038669442206173,0.0001740335370871947,0.00016748894237333985,0.0001611454972768535,0.00015499451634809632,0.00014903148594685027,0.00014319006510953153,0.0001372592917317837,0.00013152294438056788,0.00012597365642776214,0.00012061002000565544,0.00011537193369531222,0.00011010781758525313,0.00010501497923890917,0.0001000889959163568,9.532671673570661e-5,9.068788995018173e-5,8.606424101006621e-5,8.161234655659064e-5,7.732843754460561e-5,7.320964660565999e-5,6.921852667062489e-5,6.526803525489443e-5,6.148807830914627e-5,5.7873363665477506e-5,5.4420170999933056e-5,5.109136804812887e-5,4.782120770933444e-5,4.4713924622523264e-5,4.176417344614594e-5,3.89672022306609e-5,3.6292837058818775e-5,3.3694336607127906e-5,3.124490772796783e-5,2.8938192285608117e-5,2.676873119883313e-5,2.4709663571419574e-5,2.273027976019649e-5,2.0880655294832686e-5,1.915473745610962e-5,1.7546256567163783e-5,1.6033736189439505e-5,1.4597032990425458e-5,1.3267989591203256e-5,1.2040259699109258e-5,1.0907853291222535e-5,9.855923620911806e-6,8.871189715041793e-6,7.970094127778315e-6,7.14688337395196e-6,6.396287148036929e-6,5.707642707447916e-6,5.0724252935459365e-6,4.498165253159066e-6,3.98005090362291e-6,3.5135987124211453e-6,3.0914426341321507e-6,2.7081093611777354e-6,2.3662605521249346e-6,2.0621423727147816e-6,1.7922835607672694e-6
IND,Second,1.8862438713328815,1.9306246703319054,1.9746510943643552,2.0206463970363346,2.0701827236502526,2.123628817927737,2.176355511558509,2.2319338709682133,2.291031078120998,2.353861202340042,2.420980396899002,2.4876675649614137,2.5578537348906223,2.6332602732585144,2.7107274203834946,2.79097933677743,2.869371290798975,2.949632010512175,3.033021691276712,3.1195542764795565,3.2096243415548376,3.297536124614519,3.3865484863575195,3.477725173829928,3.5709710179436978,3.66583809256314,3.7563817967063993,3.847239577616551,3.9403226095308392,4.0366831545982444,4.136731093404398,4.233013309774624,4.329380695984322,4.4271287297749,4.525810653298642,4.624759427156619,4.717093337844973,4.808534650546608,4.901134092692943,4.994434492057521,5.089210153975837,5.1790267944086965,5.267466527339863,5.35578721474883,5.443638495116426,5.530862490663365,5.609477694176697,5.683585271363844,5.756458750785852,5.829328596261866,5.902817295292182,5.9693380793722515,6.032532737918326,6.093907142754035,6.153715565304001,6.211847467992518,6.260527452203004,6.3036610687530334,6.3430585783377476,6.37863113496343,6.410510726851796,6.432680890719359,6.449795030898977,6.4649048586706845,6.4776619192349845,6.488055252361696,6.4885043596108005,6.482014874303349,6.470964306630758,6.454862705013946,6.43292578536394,6.398753642310395,6.357022744018806,6.31229735290578,6.266599932858108,6.218649151100729,6.160921226241397,6.096541743495053,6.027432034880792,5.953144072914675,5.872710804014551,0.002118421282077055,0.0020068666032924693,0.0019012374588105172,0.0018044376515962764,0.0017160848774525873,0.0016357533683218723,0.0015627282824299243,0.001494568230607855,0.0014333802204657946,0.0013787677280960868,0.0013303957606529701,0.0012876641968593023,0.0012485751932393126,0.0012168978587016092,0.0011858869443703765,0.0011555223248159094,0.0011254832553916783,0.001094186895274901,0.0010635928372989636,0.0010336751779461493,0.0010044157947866935,0.0009754655123923302,0.0009454278894385305,0.0009160961848389921,0.0008874410152406028,0.0008594516989541161,0.000831823665724778,0.0008035509814892297,0.0007759819901009535,0.0007490925143469126,0.0007228874983591533,0.0006970810981488273,0.0006709213768778933,0.0006453865284267214,0.0006204649013642214,0.0005961507436730716,0.0005722463057467566,0.0005481905320066402,0.0005247989293553291,0.0005020638107611609,0.0004799828157663835,0.0004583649126837562,0.0004367382691594048,0.0004158174079728567,0.00039558809179773336,0.0003760444698299385,0.0003569882045613616,0.00033804501349519225,0.0003198249139461729,0.0003023140626861264,0.00028550152732074357,0.00026922031430742744,0.0002531920386599771,0.00023787813605873238,0.00022325808685263736,0.00020931627967956824,0.00019589598467838895,0.00018280586750403347,0.00017038971915964946,0.0001586271069448056,0.0001474952685198478,0.00013686241271368042,0.00012659822342512035,0.00011694463462048227,0.00010787589888625537,9.936764142796418e-5,9.132571954339668e-5,8.36619133547977e-5,7.651956088001014e-5,6.987231018341016e-5,6.369623843790517e-5,5.792016485164533e-5,5.248612271806913e-5,4.7473380578465556e-5,4.2857107457541597e-5,3.8613778022575345e-5,3.4691104445592376e-5,3.105077394554976e-5,2.7731228726284694e-5,2.4710448006942676e-5,2.1967583517638856e-5
IND,Third,2.2751890756152338,2.3348609376506024,2.3945636484503408,2.456791266575925,2.523311708010332,2.5945538066522995,2.6648758878331145,2.7388067497318422,2.816997314033462,2.8996977279886194,2.9874991761395275,3.0746525408826253,3.1661254809723482,3.263612583617043,3.3639804068305605,3.46807405390211,3.570138248327858,3.6750282281370064,3.7840523269061097,3.8972560994426244,4.015120762934205,4.1306137475751274,4.248153750498246,4.368800880182707,4.492474051661234,4.618688602552836,4.740022951434025,4.862537629697674,4.988268420198306,5.1184519582214625,5.2535863176486055,5.384443040560528,5.516266541211091,5.650408287438666,5.786378830260871,5.923434471336939,6.052873617139432,6.182163194248244,6.313513012039038,6.446419401112746,6.581801826112743,6.711388308338843,6.840273274905267,6.969731431362005,7.099373345155415,7.229025244261654,7.3485482416243055,7.463668894098866,7.577981934809717,7.692931689796664,7.809261081475062,7.917208906976151,8.022037915598442,8.12529279837601,8.22727283625895,8.327845245075816,8.416847890551804,8.499942434701198,8.579022687512976,8.653964030380541,8.724934418468111,8.783697861668703,8.836876862575618,8.8878792632984,8.936273996669817,8.982027633901353,9.014902316529199,9.039607276226407,9.058782323560184,9.071787438324115,9.077613024149333,9.067299958310123,9.047572968822154,9.023795279009956,8.998402584888396,8.969801353258518,8.927571081316865,8.876578075082564,8.819027493642599,8.754290431918516,8.681082047280588,0.0038080782518941075,0.0036347468299949377,0.0034692971214114374,0.003316479455222493,0.0031759398171680208,0.0030472356655654605,0.0029294345025433293,0.0028187567189638194,0.002718775131182925,0.002629015687175561,0.0025490846773848653,0.0024781259107052797,0.0024129194999613895,0.0023598627042460494,0.002307730717641854,0.002256496577385662,0.002205622659702443,0.0021524141267270096,0.00210019055132422,0.0020489156767033935,0.0019985659644877665,0.0019485442828677524,0.0018964225198028657,0.0018453009255303817,0.0017951365651420132,0.0017459189482486057,0.0016971168464373612,0.0016469416055088402,0.0015977787027100273,0.0015495937488777672,0.0015024046008972334,0.001455701885337222,0.0014081160208958337,0.0013614203758291696,0.0013156012178379148,0.001270655516808637,0.0012262225977371856,0.0011812524423771616,0.0011372658817348684,0.0010942585409219915,0.0010522355534879006,0.0010108405479354549,0.0009691647108074489,0.0009285844864511496,0.0008890847098962505,0.0008506666290716651,0.0008129493481785675,0.000775189423400291,0.0007386051426218528,0.0007031840447677617,0.0006689197660639196,0.0006354841725191286,0.0006023074785253731,0.000570351449965724,0.0005395915416815341,0.0005100131003621208,0.00048129817999748595,0.0004530428397172535,0.00042599942838556,0.00040014405141802534,0.0003754470622042911,0.0003516327720099533,0.000328418421794318,0.0003063648439430823,0.0002854353420821743,0.0002655953097236911,0.00024664401877505385,0.000228386607240545,0.00021118091423166953,0.00019498584046239055,0.00017976487513163012,0.00016536201160181235,0.0001516477304197512,0.00013883946556198323,0.00012689526086256015,0.00011577504516971939,0.00010536044009873357,9.556518750668699e-5,8.650973990527172e-5,7.815353460073369e-5,7.045764852285306e-5
IND,Fourth,2.8226293539195044,2.9028999826122526,2.983751897774078,3.0679318311591337,3.157466631162864,3.252868385041748,3.3470812171727315,3.4459564147572457,3.5501541997188846,3.6599773030119107,3.776020154088196,3.891177920234783,4.011807721188995,4.1396257901115865,4.2714584922041965,4.408307496911207,4.542868239665354,4.681531328283648,4.825697461900303,4.975455392200794,5.131402823044204,5.28464245041402,5.441193750521226,5.602144192132007,5.767435138624251,5.936541416579867,6.0999975332333625,6.265803438746738,6.436179224198945,6.61260123490047,6.795679798806021,6.97376719201456,7.15401822725455,7.337881664162815,7.524818925852127,7.713999717721608,7.8942189204836435,8.075318970354509,8.259731497879278,8.446901351630478,8.637940255766088,8.82201544948597,9.006344001921251,9.192244778050073,9.379290520852383,9.567292898179765,9.743174293764557,9.91491289344851,10.086525171009658,10.2597246879886,10.435410290370548,10.600879177392226,10.763633158425186,10.92528841418299,11.086206925069732,11.246236799086018,11.391947494758424,11.53147642906285,11.66683148363273,11.797858421849563,11.924829103289495,12.036367106258295,12.141853811179054,12.24514015991917,12.345700436977616,12.443480689100074,12.524593947559564,12.596217004828505,12.661309884885302,12.71905199944336,12.768163617350295,12.796132283579377,12.81258143138868,12.82383887958805,12.832838553530696,12.837610849248843,12.823753668028822,12.798674436320502,12.764911084375793,12.721605389819176,12.667077591118069,0.0074866697833749635,0.007188916564437429,0.006902832382537934,0.006636889896971972,0.006390805569490144,0.006164119449411643,0.005955477371324986,0.005758400258684601,0.0055794593284026655,0.005418049034125104,0.005273682420986649,0.0051450082166961605,0.005026326293823851,0.004929439711087156,0.004833957184949249,0.0047398369284908926,0.004646096110145755,0.0045477442861432665,0.004450898400486716,0.004355500510283102,0.004261516204612351,0.004167833990061262,0.004069881267802919,0.0039734635982085625,0.0038785105302114593,0.00378501149053082,0.0036919622101132137,0.003595930636293822,0.0035014675276508578,0.003408517880832069,0.0033171264367630867,0.0032263123714797236,0.0031333951652994635,0.00304182395240805,0.0029515804480824397,0.002862667390905149,0.0027743744838171105,0.0026845999541433114,0.002596369820818851,0.0025096866189946573,0.0024245726163172874,0.0023403122716321285,0.002255043175236366,0.002171574808757196,0.002089891965394871,0.0020100129807190544,0.0019311556381369616,0.0018517555800034388,0.0017743724761852188,0.0016990006880645472,0.0016256474834850578,0.0015536250634099634,0.0014817033347845853,0.0014119724159590338,0.001344404104817997,0.0012789917346384908,0.001215051451936657,0.0011516867512955066,0.0010905963497899235,0.0010317563778789829,0.0009751294788933109,0.000920107355567668,0.0008660463585043582,0.0008142705437533614,0.0007647278681206582,0.0007173703768069811,0.0006717475101137609,0.0006274079916988802,0.00058524516301414,0.0005451947802912646,0.0005072027287951321,0.0004709109335860761,0.0004360162698293913,0.00040310025208749724,0.00037209198831063294,0.0003429239709700968,0.00031531803590070025,0.0002890716338552793,0.00026453730087862303,0.0002416409011772446,0.00022031074235634646
IND,Fifth,3.2947255356777805,3.394771435015655,3.4960204725058133,3.6013628615219866,3.713030755946169,3.831601568124248,3.9487743949614744,4.071613030646848,4.2007171421293545,4.336426578223769,4.479269789024742,4.6210176790249,4.769278535081324,4.925619811639231,5.087096106810119,5.254848070254789,5.4201938927437,5.590993023120442,5.768641016060529,5.953273489875425,6.145600475503958,6.335047767201597,6.529213827941434,6.729106368949046,6.934698253425559,7.1454439080236245,7.350037847918087,7.558355593129235,7.772667725247583,7.994673324839303,8.225087060864384,8.45009664743702,8.678728231124325,8.912418438277497,9.150600281237109,9.392388152910623,9.624277328944874,9.858432644226186,10.097361038052242,10.340480168156716,10.58909049375748,10.829948053585754,11.072460103127156,11.317842414466728,11.565654982698208,11.815708811134357,12.052193266900801,12.285405113090086,12.5195592433017,12.756616913282778,12.99763017286829,13.227168961593113,13.455050277362863,13.682766875607086,13.910750904905793,14.13884764155678,14.35049259362153,14.556464033680076,14.75864804212852,14.95688281476102,15.151629161810185,15.328344082004122,15.499351794418079,15.668669908837723,15.835695989461918,16.000365400347018,16.14516785373708,16.280011880499572,16.40791515050146,16.527888793672943,16.63839304192652,16.723294383674812,16.795377888491977,16.86163500082865,16.925463141202094,16.984535357126408,17.020345854567857,17.04317470283009,17.055641788775986,17.056647817016813,17.044104379964025,0.012169897583269085,0.011749098087479933,0.011342333999503355,0.010961963638787323,0.01060799350734955,0.010280158163951218,0.009976866675971502,0.009688972236777173,0.009426340780924247,0.009188403296674898,0.008974733317334381,0.008783587139694488,0.008606684276858444,0.00846183172194294,0.008318685199039413,0.008177192866184116,0.008035878988975873,0.00788718593321196,0.007740331211192703,0.007595237881121542,0.00745186339732402,0.007308515019709361,0.00715815664403379,0.00700966887448251,0.006862953404343534,0.0067180051409095895,0.006573269077918076,0.006423374787519017,0.006275398874039825,0.0061292672187595295,0.005985061965681496,0.005841239119140248,0.0056935238881258695,0.005547376508840898,0.005402775096195267,0.00525973162288498,0.005117104105705146,0.004971469181885967,0.004827715666648377,0.0046858587938633425,0.004545947191187228,0.004406808834199854,0.004265342084425878,0.004126192627694491,0.003989351708960918,0.0038548677486252647,0.0037214320055286147,0.0035863744145291226,0.0034540382137315177,0.0033244377189831187,0.0031976097624869,0.003072381158927124,0.0029465995673779114,0.0028239196207358545,0.0027043230155171408,0.002587830757957148,0.002473246256189266,0.002358958195515754,0.0022480392973801546,0.0021404858607336256,0.0020362697327425032,0.0019343006609736457,0.001833391280003493,0.0017360329025221126,0.0016421747226985572,0.0015517733671401971,0.0014640072514532079,0.0013780279622115587,0.0012955991049827967,0.0012166483595763276,0.0011411218623631442,0.0010683534043172665,0.0009977655657315335,0.0009305748906358784,0.0008666937099116476,0.0008060394474394062,0.0007480834751814769,0.0006924387533636886,0.0006398985751291428,0.0005903625391548503,0.0005437328916785598
IND,Sixth,3.9709111549212923,4.098993367460054,4.229201110932808,4.364624418421886,4.50777374919277,4.65931838756428,4.80917752138828,4.966146916942331,5.130750903988095,5.3033822099301124,5.484361956241396,5.664039845713046,5.8517244700693665,6.048783506304804,6.252590823025376,6.4644746644360405,6.6737869422977285,6.890478206965392,7.115939062400054,7.350371214191244,7.594647004780275,7.835771762508557,8.083634275525881,8.339130927985313,8.602283937172633,8.87253029043389,9.135948883626634,9.405084778333666,9.682265359674656,9.969501748033526,10.267644730024257,10.559860302623893,10.857831013920043,11.162973457887706,11.474687470257548,11.79203186830957,12.098234026595803,12.40877088415635,12.726229709641508,13.050004364242508,13.38166881192954,13.70447064202033,14.031053812753916,14.362470402481753,14.698285119375512,15.03831319255011,15.362876934349163,15.685636577195643,16.01104064782281,16.34137964933338,16.67792187369299,17.001468858370117,17.325126030691425,17.650188647694872,17.97719743340651,18.30600698757919,18.615574936739396,18.92058777622334,19.222697347081645,19.52177498074713,19.818749723887933,20.09430429630063,20.365092481457207,20.635274884552103,20.904165625829272,21.17169991967875,21.415168825972057,21.648590899078997,21.874976398797486,22.093125912558474,22.301169793486224,22.477730044260245,22.640297820950114,22.79663819672649,22.95076367870624,23.099890710797144,23.219591024610295,23.32451484534456,23.417288644709373,23.496495076621642,23.559503558095972,0.02189742950728588,0.02125112409889884,0.020622556509125065,0.020031264180794647,0.0194778658443208,0.018962538153629336,0.0184833302270179,0.01802619834676296,0.017607215514453566,0.017225964400160707,0.016882217066530928,0.016573573967612446,0.01628695704318316,0.016051557376093914,0.015818292230778182,0.015587087519602628,0.015355534370517416,0.015111186791525283,0.014869140025944754,0.014629280334425215,0.014391550118609318,0.014153142080800804,0.01390228489851651,0.013653738526015733,0.013407352291150514,0.01316312906034116,0.012918448312511162,0.01266416940016055,0.012412249883174171,0.012162575571417015,0.011915301385420836,0.011667778927921412,0.011412594993382614,0.011159134925451028,0.010907365805086203,0.010657314221051756,0.010406978337797768,0.010150290428935222,0.009895824815080882,0.009643618680596528,0.009393769687192254,0.009144182792583938,0.008889238275596643,0.008637269037829551,0.008388278367816662,0.008142374554282985,0.0078971674965653,0.007647696307140587,0.0074019515690383455,0.007159989288926661,0.006921910409881674,0.006685526593808094,0.006446736068349835,0.006212459483380288,0.005982706376658849,0.00575756080187197,0.005534735234863905,0.005311069611891887,0.005092576620555051,0.004879307025677524,0.004671264332736949,0.0044663111001338575,0.004262051755998661,0.004063548057096906,0.003870770448249133,0.0036837041159654936,0.003500706112238467,0.0033200263765698033,0.003145413485151105,0.0029768017689164204,0.0028141650769587115,0.002656141997763662,0.002501520812407735,0.002353028689626836,0.0022105719070074146,0.0020740663728722655,0.0019424086096999779,0.0018147810190462484,0.0016930820645630435,0.0015771877149272412,0.0014669769618837196
IND,Seventh,4.595705339535368,4.7526837893187155,4.912868804827239,5.079430324775987,5.255114223775398,5.440664562572946,5.624315946162853,5.816573085255471,6.017782757813823,6.228371735051519,6.44829064342131,6.666765296874693,6.8947026024150455,7.133018187022606,7.379794075070096,7.63653910004111,7.890733996418147,8.154487298939216,8.429051531294453,8.714702473913407,9.012487555545682,9.307048969747338,9.610725012519092,9.924138373327636,10.247376940530481,10.579884514067572,10.905219258117354,11.238712579097632,11.582566841635014,11.939121373539079,12.309358905246961,12.67357995383497,13.046246552254273,13.42859932538281,13.820028142115117,14.219578087536165,14.60725197182171,15.002038070369096,15.40639898614461,15.819738438950136,16.24394098089552,16.658644046306453,17.080134153042536,17.509059798873793,17.945037450914164,18.387905939482046,18.81412073710825,19.24108891377628,19.673194172623486,20.113064905275287,20.562213194981116,20.99780452565048,21.436534137847683,21.879185499595746,22.32644178024736,22.77820208353262,23.20878870839497,23.63742678286379,24.06512099689882,24.491855806141754,24.919430427846727,25.323126182411084,25.724626359403903,26.127799024648873,26.531910517683777,26.936931617533062,27.314590531267978,27.68382880727695,28.047206200077802,28.403331998434638,28.750013955919425,29.060118428194208,29.356752031864147,29.64802076636035,29.938591153734624,30.225230899546247,30.47691478754728,30.713672851360496,30.937677653394047,31.147167855771013,31.338927761254254,0.03470501109721515,0.03386365669453901,0.03303988699106836,0.03225988783670169,0.03152529996570019,0.03083717157678993,0.030193664181276864,0.029576483781851442,0.029007899255333265,0.02848805115743528,0.028017284092699303,0.027592898903195513,0.02719734191118751,0.02687140219572215,0.026547455717881835,0.02622541104836098,0.02590191193426162,0.0255594701606652,0.02521915736280822,0.024880825488040968,0.024544408105864647,0.024205924233271524,0.02384854987991808,0.023493216780725648,0.02313972277365977,0.02278808296617542,0.022434514993006277,0.022065705940386773,0.021698914760980164,0.02133398732482953,0.020971159961762856,0.02060653792789101,0.02022910081480376,0.019852641460691923,0.019477110943075904,0.019102544093862753,0.018725918588271013,0.01833800071802267,0.017951662003455816,0.017566962416553165,0.017184052551836557,0.016799703592977833,0.016405151630152378,0.0160132101261455,0.015623896913107735,0.015237396307406208,0.01484993540793068,0.014453564241896519,0.014060900340422086,0.013672061631840468,0.013287240629284451,0.012902899846802054,0.012512277046937414,0.0121266363471782,0.011746040680548778,0.011370679007017022,0.010996752696853969,0.01061888032141917,0.01024718580689284,0.009881825745991618,0.009522881075878353,0.009166698477751836,0.00880906341190103,0.008458834902306301,0.00811605827131545,0.007780808550087488,0.007450209029441256,0.007121091513014067,0.006800323640810962,0.006487909859662431,0.006183930896911835,0.005885941452156465,0.005591693138169226,0.005306454695301238,0.0050301992836875465,0.004762919607100352,0.004502584238911772,0.004247654230866077,0.004002037828036496,0.0037656621670431483,0.003538461096869386
IND,Eighth,5.700142020333104,5.907154222730885,6.119296382525096,6.339890679233652,6.572077110675519,6.816730930833595,7.059122591412137,7.312749802343978,7.577684067998967,7.854414701835774,8.141797969010105,8.427833237102636,8.725881820796731,9.036129810360695,9.357826015420384,9.692773143871433,10.025181009125825,10.370901669115415,10.73096924590316,11.105778877732186,11.496699250669307,11.884106900440681,12.284728322295908,12.69872577868257,13.126303730532745,13.566939154733443,13.999825791363882,14.445107198457471,14.90475007404004,15.381683490543885,15.877070352913021,16.36645945966459,16.86899303649597,17.38563026114836,17.91573479954621,18.45838172387139,18.987994596968615,19.52964496550564,20.085535777281294,20.65510980028335,21.24084484008927,21.815770111795203,22.40286047800325,23.002034860199338,23.61306242172709,24.235809026888234,24.840084617192964,25.449870457538285,26.069408847667095,26.701855865462665,27.349147235492634,27.98277879028486,28.625238520991626,29.276436379208036,29.93732508531219,30.60791847824684,31.254429093565104,31.90430793370716,32.55728796276369,33.2137603965351,33.87823365160293,34.515277559801575,35.15555638390395,35.80227710485369,36.45468689722599,37.11286523249123,37.7388685228431,38.36060131637597,38.979683460688214,39.59447766716143,40.20233003677036,40.766027897586405,41.31884594479701,41.86916861353161,42.42275148658442,42.975716606936516,43.485521140834514,43.982130637565064,44.466711034236376,44.93700298739685,45.388902047091634,0.06848745357697297,0.06723390974792619,0.06599621273479947,0.06481467587517581,0.063693238271379,0.06263495098891668,0.06163836944253447,0.060676175016453275,0.059784124875682874,0.058963745642075245,0.0582168196202807,0.05754018000026068,0.05690664575905427,0.056382516605227834,0.05585969566982405,0.05533805480434381,0.054812135978379695,0.05425330427101791,0.05369576420626318,0.053139290058406195,0.05258378261279607,0.05202264115787597,0.05142773490332865,0.05083370358156684,0.05024021369318562,0.049647297678614394,0.049048543411726285,0.048421173742775866,0.047794354893777403,0.04716782249996195,0.04654198832142278,0.04591008980055763,0.04525279515582122,0.04459392140187747,0.04393334658008842,0.04327109841649869,0.042601756602836015,0.04190865559238393,0.04121457923500544,0.040519604889224695,0.03982397623453888,0.03912174845493417,0.038396634107681196,0.037671958099168804,0.03694773904327628,0.036224303652822754,0.03549451116147212,0.03474308729783949,0.033993725399608966,0.03324665582480491,0.03250225840672815,0.03175363054283824,0.030987322085040174,0.030225232918308077,0.029467525609241683,0.028714620484354515,0.02795885654994353,0.02718909192147022,0.026425785597877484,0.0256693421699315,0.024920016986868368,0.02417017766994453,0.02341072608398376,0.02266036459234793,0.02191932891823063,0.02118792380709285,0.02045993538750731,0.01972825557197104,0.01900812928985272,0.018299768859086102,0.017603567001743484,0.016914056418195718,0.016225998437680057,0.015551785308796735,0.01489162712983138,0.014245790326635146,0.013609577037972909,0.01297929239869042,0.012364770424579756,0.011766179652905821,0.011183714243408673
IND,Ninth,6.8044958290174105,7.069751379077905,7.342733804829501,7.626642552707507,7.924963226405516,8.238672972381725,8.54996281485605,8.875628025632727,9.215150278318657,9.569032594135514,9.934130388915374,10.298405483035038,10.677462555727125,11.06996144642885,11.477529808263455,11.902282994152031,12.325040181447033,12.766046789203395,13.225723009966067,13.704610627219004,14.204500069441101,14.701014725256348,15.216359697215571,15.74970378015425,16.301425834619284,16.87110830815932,17.433359189248034,18.014047550529956,18.614342089057203,19.237941066080726,19.886161894945594,20.52989918122257,21.19371872346549,21.87782788252974,22.58159900763463,23.30429244162876,24.01424626038916,24.743966110469096,25.49473670759631,26.26614631639837,27.061557783118676,27.84590789423724,28.65126516863604,29.47595281957833,30.320115661882376,31.18367937699962,32.02907648299922,32.88885354644188,33.7662504257985,34.66503540117578,35.58774677359209,36.500972763093294,37.43382083914222,38.3842779800816,39.35376792731435,40.342597414398384,41.30735047000389,42.28707240869481,43.27855800303331,44.28328461227405,45.3123887250741,46.31427823500365,47.33216439055142,48.36703409315506,49.41832725005539,50.48646251648381,51.52165762712282,52.56482639312214,53.61495856684632,54.67033081940356,55.72792098599315,56.737760856254994,57.747997176530404,58.76573687189205,59.7982837498049,60.841216546916094,61.83704786328932,62.830870582756354,63.82092057253291,64.80450411214339,65.77656734292317,0.11987695215979596,0.11859692752183232,0.11731467187501489,0.11607344754381098,0.11487978314153303,0.11373933729956345,0.11265288136988924,0.11159232756774595,0.11059884810798126,0.10967643739974493,0.1088292666224158,0.10805573103525462,0.10732619971615703,0.10671877139677403,0.1061093391803825,0.10549775848632763,0.10487758426078952,0.10421463485507668,0.1035491201882992,0.10288077379385817,0.10220947001280646,0.10152715196727527,0.10079912562786578,0.100067355690915,0.0993314114081639,0.0985913061908792,0.09783892688612683,0.09704516699998363,0.09624650857125899,0.09544256952924779,0.09463383638965273,0.09381143526635942,0.0929496944025828,0.0920793739775577,0.09120018969618801,0.09031204309989016,0.08940744055985253,0.08846327632910188,0.08751007822869225,0.08654780809323019,0.08557665794201337,0.08458807426321714,0.08355846698780546,0.08252038846997463,0.08147372300631385,0.08041879821229003,0.07934490989784859,0.07822881909610602,0.07710509625895105,0.07597394805643765,0.07483582109944727,0.07367987748630898,0.07248456034491707,0.07128341956874966,0.07007659953749809,0.06886467262209142,0.0676350092218301,0.06636865229360261,0.06509865049799228,0.06382561629744492,0.0625499343794955,0.061258332531839384,0.059934315395835686,0.05860992504176563,0.05728559927522582,0.05596190974473981,0.05462742819024017,0.053268435201005736,0.05191281687813867,0.05056109698750229,0.04921417120916842,0.047861394460905295,0.046491951094413765,0.04513023783403529,0.04377695023676826,0.04243292776431522,0.04108847800642345,0.03973544684249019,0.03839488258086893,0.03706760536794115,0.0357545291105909
IND,Tenth,12.027308715982132,12.569906914312298,13.133658959148033,13.720965706134658,14.336734064955271,14.982381362670486,15.625489785788877,16.298644062919237,16.998392002993544,17.72523528637234,18.449005393421324,19.186569725797156,19.951422405792012,20.734334909005373,21.549357756788897,22.399596115542266,23.250779198090306,24.143775224822996,25.07565065075668,26.047136464872274,27.06295639857207,28.070682817838954,29.12384017316916,30.215632008709647,31.347159128123675,32.518889833567144,33.68619756729768,34.90069762177888,36.15784520121979,37.46678643334703,38.82729134498574,40.20044123335775,41.62769147780416,43.10557494594598,44.63233435403067,46.209791876584305,47.78003764503241,49.41000682344567,51.09379598175439,52.8318554717344,54.63545562661204,56.41332326469083,58.258086368388604,60.15701176550453,62.11453565940429,64.1288904243418,66.13131659573047,68.19497241270807,70.31842094095074,72.50568565351328,74.76222780438272,77.07892044762175,79.47725861285252,81.94686532416193,84.49236237548078,87.11654611522472,89.72546672854028,92.42932530238143,95.20033151427697,98.06115338680529,101.16554591059173,104.27360589909574,107.49580165881193,110.81806315064055,114.24312357641827,117.77541222475634,121.3111752927918,124.96499165380334,128.71815809103913,132.57177837969155,136.52447533812435,140.46692083503234,144.5335246108281,148.71819186771,153.03894663909585,157.4935753083999,161.9543605145699,166.56011464389687,171.28778366621708,176.1381005718759,181.10738049012977,0.7289976909369004,0.7340516648078154,0.7390152552495411,0.7437299903121799,0.748184329760774,0.7523701091406636,0.7562966224870235,0.7600741076972457,0.7635647046749363,0.7667653561012584,0.7696717542676567,0.7722984972453186,0.7747527203624286,0.776779417431405,0.7787977824805868,0.7808084011342716,0.7828323331062863,0.7849795113459104,0.787118296943382,0.7892496489690544,0.7913740410942905,0.7935167482186586,0.7957849274269196,0.7980463103404395,0.8003022638025544,0.8025527653393998,0.8048222045313265,0.8071967266141504,0.809565821851927,0.8119306000552996,0.8142896234200342,0.8166684516694692,0.8191397503646253,0.8216139058896781,0.8240914763161652,0.8265724681776891,0.8290772705282863,0.8316682005801332,0.8342600930726516,0.8368528097183097,0.8394455957610546,0.842060745803165,0.8447589527238802,0.8474535168576968,0.8501445728297703,0.8528311152739523,0.8555398594717296,0.85832764741788,0.8611067717608724,0.8638766445100426,0.8666361237130711,0.8694110619840203,0.8722516076988006,0.8750768851519365,0.8778866128548976,0.8806795464808289,0.8834844447601352,0.8863430819178233,0.8891798960266722,0.8919937406265228,0.8947840154260936,0.897579543282876,0.9004147920355631,0.9032204464920529,0.9059959889954922,0.9087406392337244,0.9114781408570665,0.9142358356732185,0.9169568018688102,0.9196405743509454,0.9222859838233417,0.9249142115139146,0.927545848403337,0.930134007318123,0.9326781333252593,0.9351774300887628,0.9376504076087312,0.9401119910508747,0.9425241839967603,0.9448864355318701,0.9471980574376112
MEX,First,1.7250294746264874,1.767774848654726,1.8120557898540532,1.8598961839296122,1.9124649142994492,1.9698106369453043,2.031080869530646,2.0949910270043643,2.1626219326783636,2.2338600007237304,2.3088647736731596,2.3864262557561586,2.46605568883527,2.5522962813187253,2.6442033171951342,2.7426814672089064,2.8472663924197157,2.9583142644883167,3.0775797185573492,3.2054922943842312,3.342826232270479,3.4884481799500944,3.642760926948601,3.8073220541138078,3.9826922128178075,4.16918228822602,4.365751572855299,4.573971638159634,4.796450645521257,5.034985506058351,5.290781889186015,5.561734412554312,5.849004227534931,6.155224900964307,6.481284025375239,6.8279360716111235,7.193241553873367,7.580959707646442,7.994785984648627,8.436072384245042,8.907418096567937,9.40696333019393,9.9380683033196,10.504033671520437,11.106902923304371,11.735666866730528,12.371874858474621,13.01922419098379,13.678720644229838,14.351536290540336,15.038291234297514,15.732707666759682,16.439012300492326,17.156294054632266,17.884842220954997,18.624537959701897,19.3676159353085,20.11989498664809,20.88039823793802,21.64915097599245,22.42765768198254,23.208440542007583,23.999093179050963,24.800132041568055,25.611326861868513,26.432877001937662,27.25497388908532,28.084386396464073,28.920805322311914,29.763682662391705,30.611973839412997,31.45489713234202,32.303494890940776,33.1607223446336,34.02985527610006,34.90938065732489,35.78417555194954,36.665726215696395,37.55327493272148,38.44619392415098,39.34292421830163,1.3115477046094105e-5,1.371982541044315e-5,1.4415122433902552e-5,1.5225720014175722e-5,1.6155870023245657e-5,1.721097269348577e-5,1.840615902536756e-5,1.9679308616940352e-5,2.1085479599974032e-5,2.2628654182052442e-5,2.4311978794289907e-5,2.614291719942868e-5,2.8054028897792724e-5,3.0276995591644648e-5,3.280280673792695e-5,3.567224047000207e-5,3.8934634485190336e-5,4.257140315322126e-5,4.6710639306310654e-5,5.1426089698150036e-5,5.680322195295572e-5,6.293822035467944e-5,6.985956446004786e-5,7.778379306538978e-5,8.686826898875577e-5,9.729744768700302e-5,0.00010927313546916787,0.00012292068474612224,0.0001386593285563654,0.0001568365461416483,0.0001778476295712181,0.00020213029027148794,0.00023004043353641305,0.0002624347589778072,0.0003000862951431935,0.00034390318211435913,0.0003948739813057362,0.00045397309185411306,0.0005230226927974974,0.0006037964594379977,0.0006983891214212964,0.0008091283780364867,0.0009384441652961289,0.0010902925085124562,0.0012687327727557438,0.0014715281803955034,0.0016935538304476475,0.0019348945889579561,0.0021954645029637326,0.0024750132245276377,0.0027731337232994547,0.003089274080689869,0.0034227494157729743,0.0037727561309019745,0.00413838802290312,0.004518651132119933,0.004912479135366911,0.005318749553850589,0.005736298231610455,0.006163934071987694,0.00660045104426605,0.007044641876391277,0.007495307155216204,0.007951266603660032,0.008411367536356807,0.008874491143159007,0.009339558938857307,0.009805539426246724,0.010271450106532349,0.010736361600229461,0.01119940003886302,0.011659747748798925,0.01211664440112338,0.012569388703068791,0.01301733368501825,0.013459890904587688,0.013896525950409506,0.01432675871422958,0.01475015941188888,0.015166348346364657,0.01557499300879477
MEX,Second,3.4552802958173063,3.534351644965343,3.6160419073749006,3.703405825753194,3.7981746220293693,3.900402785117374,4.008364798509219,4.120490473094577,4.238427038947489,4.361999136340889,4.491425605433927,4.624400457273254,4.7606822945344485,4.9069752038663035,5.061834700904755,5.226526210819165,5.399781700441639,5.582524655607796,5.777206200289231,5.984341145979186,6.204922516545162,6.436589474802805,6.680346515032307,6.938221953297956,7.210827050080769,7.498398857469631,7.798581107117097,8.114010256007171,8.447985345810272,8.802683821149724,9.179415368122644,9.574178489013272,9.988931899709364,10.426709878551852,10.8882135893733,11.37392306635452,11.87980860776886,12.411211732723077,12.972165228289526,13.563661167089924,14.188265938818978,14.841532646103362,15.528012582999636,16.250633861143015,17.010815118037968,17.795681341268203,18.582773746555965,19.37809605421466,20.183196775544822,20.999765009946547,21.828794028581523,22.661904815994763,23.505364321580792,24.358315527999498,25.22135139614433,26.09455553568712,26.967303394584874,27.84823646809881,28.736311780753027,29.631966955398056,30.538686681165544,31.444980312799984,32.361351679457904,33.288594326384704,34.22660093324368,35.175768606176604,36.123231392169686,37.07845956813288,38.041244723556574,39.011091482459,39.98691666942522,40.95467983293262,41.92888549247533,42.91310055431187,43.91124931485545,44.92167222303381,45.925178871049035,46.936832345965335,47.955852311514484,48.98160467409094,50.01237815788372,0.00011582630835837129,0.00012024473113413369,0.00012528628964500135,0.0001311105447574424,0.00013772732904332653,0.0001451526575571254,0.0001534677879673121,0.00016222131511607255,0.0001717739823800363,0.00018212845061973149,0.00019328148068027082,0.00020525757115637296,0.00021759949662036022,0.000231767874053857,0.00024764209347420636,0.0002654116888610225,0.0002853044995906413,0.0003071278372637502,0.0003315585081390646,0.0003589144626277312,0.00038955503841018907,0.00042387078222587795,0.0004618523847850184,0.0005044913599620315,0.0005523907790360944,0.0006062395683816116,0.0006667520176657939,0.000734203330268468,0.000810245880118513,0.0008960450161354897,0.0009928697800142515,0.0011020506652765856,0.0012244273806717885,0.0013628634075398798,0.0015195811798064392,0.0016970993177884098,0.0018979661924739557,0.0021243824127906642,0.0023813973619552504,0.002673294073680751,0.0030049318057177596,0.0033813291721869697,0.0038071743462740597,0.004291306867630765,0.004841683815496983,0.005446655609149659,0.00608777414195938,0.006763190754655805,0.007470805527961054,0.008208307646688442,0.008973221435171251,0.009762946109241515,0.010574799561933846,0.011406051387984204,0.012253961770467227,0.013115810670302812,0.013988924637351843,0.014870702234489606,0.015758629491436412,0.016650302925303964,0.017543436910419173,0.018435873409139172,0.019325593473221894,0.020210718082777496,0.021089508701068176,0.021960372282177686,0.022821857236880023,0.023672648180231636,0.02451156708786314,0.02533756560652087,0.02614971746972516,0.026947217972877517,0.027729373112587424,0.028495591321965046,0.029245384907213123,0.029978354047882006,0.030694184426776596,0.031392642562996856,0.03207356418313826,0.03273685208775628,0.03338246903849874
MEX,Third,4.692115965037181,4.793456801527096,4.897724612801508,5.008499649160911,5.127851078288591,5.255841773512289,5.390104788200764,5.52926422087358,5.675112471009738,5.827452330074913,5.98653674425179,6.149339761748749,6.316097371604065,6.49405650976703,6.681581289079536,6.880088081608932,7.087688103599647,7.305843324679747,7.5371500881513045,7.782093253912463,8.041705330199063,8.312756283938551,8.596761236514467,8.895735515544594,9.210210468787368,9.540271873487274,9.882660132790313,10.240720718994412,10.617786004725438,11.016079449624407,11.43681157850624,11.874800145334175,12.332509913033942,12.812781787845925,13.316028177647613,13.842396353292132,14.386595652806754,14.954774875108741,15.550654208529936,16.174799242789092,16.82949545250027,17.508768309063445,18.2177336530167,18.95861205670728,19.73223820017802,20.526601700833638,21.31947017096065,22.118027547818986,22.92415996706658,23.739853391320324,24.566330758851198,25.394584282248882,26.23169077913461,27.076902792200734,27.930992258680625,28.794179155619666,29.654867132216364,30.522825837566245,31.397031860305887,32.2781500163362,33.170610472724306,34.061366939931595,34.961912710522775,35.873153308311785,36.79504523467033,37.72806563844449,38.65849236194796,39.59663425991635,40.54233501580822,41.49513816846648,42.45397591592107,43.403986816253685,44.3606213038603,45.327611022839854,46.309039365167216,47.303218502576996,48.29001532127822,49.28537252952133,50.288515075382016,51.29881858767569,52.31454960937077,0.0003037953755226262,0.0003139291026674089,0.00032543426076008604,0.0003386523878738879,0.0003535785356262867,0.0003702197821514841,0.00038872630860776027,0.0004080698625944699,0.0004290267678875,0.000451573633512816,0.0004756747707920699,0.0005013547587812113,0.0005276163749142103,0.0005575267119945065,0.0005907562710695175,0.0006276248142342431,0.0006685166611173291,0.000712947710991005,0.0007621957717880564,0.0008167738342308021,0.0008772528077684649,0.000944237309487919,0.0010175359196684431,0.001098863037873296,0.0011891234147752402,0.001289334813872632,0.001400508427080297,0.001522810286733248,0.0016588449367785358,0.0018102224429806513,0.001978640795510666,0.002165803890494094,0.0023724917748821723,0.0026027802678292742,0.0028594561460816175,0.003145602941560555,0.0034641519359955297,0.0038173015372141815,0.004211434562522666,0.004651351893972823,0.005142357042999092,0.005689592189044358,0.006297342689096949,0.006975315210973703,0.007731257642173947,0.008546124921672551,0.009393389248521565,0.010269794296001397,0.011171966549703087,0.012096473294425626,0.01303986771466682,0.01399873776466725,0.014969739814620795,0.015949637306923465,0.016935323046587545,0.017923844884797428,0.018912418558661156,0.01989844486903478,0.020879511334605045,0.02185340171780521,0.02281809492178032,0.023771762759686694,0.024712763775574777,0.025639642549026218,0.026551118664698826,0.027446080527737997,0.028323570684344917,0.029182784984894378,0.030023053931013673,0.03084383905870428,0.03164471780317945,0.032425378355879185,0.03318560589702753,0.033925275535348215,0.03464434483900893,0.035342843191222016,0.036020862304761106,0.03667855546891301,0.037316122514513245,0.03793381138851631,0.03853190432309978
MEX,Fourth,6.395427567065946,6.527125625046125,6.66219925047595,6.804877580112732,6.9576516619638005,7.12060618408876,7.290507921687938,7.466309990315818,7.649997569000988,7.841358316189021,8.040665762184897,8.243965120679542,8.452153309667441,8.673186284626983,8.905206031564788,9.149831126199674,9.404332190200721,9.670930112650003,9.952435596531247,10.249323607438075,10.56270784115921,10.888199631167964,11.228064317250837,11.58435452834204,11.9575462379983,12.347585036071688,12.750028148169017,13.169226582709554,13.608641922222375,14.07063414510159,14.556365086537536,15.059168340741612,15.582275308063322,16.12843474113452,16.697810202820317,17.29026292533266,17.898904165405565,18.53112001411878,19.190471884287014,19.87717944790086,20.593405573401885,21.33120813125862,22.09679955987592,22.89185418379979,23.716774884581028,24.560077493298703,25.398768242034123,26.241651289914874,27.091019504727942,27.949190868743358,28.817648833326675,29.68648111022126,30.563768721280823,31.44885791506732,32.342713886131705,33.24568779267179,34.14444471312161,35.050542013197266,35.96287203701455,36.882448212193715,37.81565699608771,38.74622751469313,39.68730738420904,40.63993446804106,41.60411871609551,42.580423689868404,43.553419049200045,44.53491971256271,45.52480876067817,46.52264282463834,47.527323598295744,48.52220541098312,49.52459617630316,50.53851483958639,51.56834670902634,52.61231825771534,53.64813711570538,54.6936401467568,55.748028913993046,56.81066402528654,57.87972711183891,0.0008082101596318854,0.0008320771457706193,0.000859064876986462,0.0008899326469695341,0.0009246191582370042,0.000963088301980668,0.0010056301443757988,0.0010498401791250887,0.0010974574936927957,0.001148379302097627,0.0012024768801554711,0.001259758599875862,0.0013179745033080176,0.0013838559505729984,0.0014565505643662601,0.001536629372433983,0.0016247817806369822,0.001719822166486124,0.0018243239994996945,0.0019391719564594103,0.0020653375394007537,0.0022038235477557545,0.002353969800255653,0.0025189874415758907,0.0027003438293617074,0.002899667448519154,0.0031185031751828234,0.0033566908905578075,0.0036187465685004892,0.0039071017963251305,0.004224237352570494,0.0045725243057273875,0.004952528058736505,0.005370730640043046,0.00583099239369034,0.006337489567327756,0.0068939056013820905,0.0075024594380141175,0.008172301950963417,0.008909426529760582,0.009720281433053167,0.010610645807469996,0.011584548267132557,0.012654213894146045,0.013828028599483205,0.015073149145034109,0.01634756828256533,0.017646003317041244,0.01896325347501182,0.020294264355315804,0.02163418145978315,0.022978390805241822,0.024322552166343898,0.025662625040625726,0.026994881821163143,0.028315917285469602,0.029622651275124513,0.030912324245372602,0.03218249256467922,0.033431015656005356,0.034656042267501956,0.03585599576262368,0.03702955549496033,0.038175641591191925,0.039293395874034735,0.04038215917540469,0.041441460016429094,0.042470993065737705,0.043470603841250795,0.0444402699306763,0.04538008819150233,0.04629026028606678,0.04717108055895276,0.04802291861265147,0.048846216696727264,0.0496414701433035,0.050409225233277226,0.051150069443256396,0.051864617744678036,0.05255351660683727,0.05321742720276553
MEX,Fifth,8.125396266592462,8.28507041265883,8.44822251708957,8.6196006180243,8.80209620005493,8.9958291077117,9.19668079635769,9.404235930727735,9.620487857454487,9.845231028890689,10.078730071748941,10.316192700323455,10.55937597082078,10.8162620664777,11.08489582804743,11.367046138473182,11.659121268850164,11.964215421296178,12.285138534729047,12.622315459158198,12.97689057791321,13.343320696491729,13.724707947453725,14.122942764919452,14.538399569474,14.9708485000034,15.414712391898885,15.875348951446856,16.356111504459022,16.859410783771196,17.38629704054148,17.928770916620117,18.490810142040097,19.074850411360966,19.6807619141617,20.3080950305348,20.948543859607682,21.610604129154904,22.297445820692033,23.00891512441172,23.746993358535025,24.501987487589794,25.281128654005904,26.085401782583606,26.91478654056072,27.7593565891263,28.59676839204415,29.437150557061663,30.283144641807926,31.137329996059552,32.00140050804887,32.864949069705816,33.736681617124695,34.61603887332804,35.50413406422844,36.40142001532754,37.29332521889556,38.19272933044885,39.09845072674065,40.01179142298834,40.94076119628111,41.866558758240025,42.80345069959893,43.75255556655207,44.7139132565225,45.68813916472591,46.65871095640231,47.638419554812046,48.6271700708941,49.62452669789264,50.6293718646021,51.62397675094614,52.62678920124717,53.64199527192287,54.67414675474304,55.72141440290706,56.760244437759496,57.80958868674472,58.86863372283584,59.93672742823704,61.01200217013323,0.0017245892283930097,0.0017695978802741584,0.00182030526106443,0.0018780680935758414,0.0019426893216001474,0.002014015582648449,0.0020924919213853067,0.0021736189417358304,0.0022605338842761435,0.002352971731002434,0.0024506255229553874,0.002553439844928693,0.0026573411705587027,0.002774241408445974,0.0029024320727937323,0.003042724869554176,0.0031961088462715,0.0033603111899032246,0.0035395442037372653,0.003735027836280429,0.003948083264186542,0.004180034377162232,0.0044294048700386675,0.004701109873596118,0.00499705490777572,0.005319327510843136,0.00566979566738281,0.0060475549455469004,0.006459036593603664,0.006907181737553729,0.007394873584874772,0.007924691336087733,0.008496386047353624,0.009118460269457493,0.009795179000879001,0.010531042297055157,0.011329601870015492,0.01219214142906429,0.013129485581816643,0.014147529692130829,0.015252416154170763,0.016448989543744633,0.017739440438881753,0.019136370604757733,0.020646626474546327,0.0222246411691601,0.023816070606033326,0.02541448394499514,0.027013819830827537,0.028608427852862647,0.030193105093345426,0.031763111560178,0.03331418128362794,0.03484251981379287,0.03634479697082896,0.03781813086874204,0.039260066838919305,0.04066855326551613,0.042041916328878756,0.043378833619798655,0.044678298235494206,0.04593959722205438,0.047162281091620066,0.04834612942427564,0.04949113492246963,0.05059747233922438,0.05166547022937596,0.05269559919802824,0.05368844472897194,0.05464469095991069,0.0555651032347114,0.05645051689907831,0.05730181214726509,0.05811991967619691,0.05890579382541023,0.059660412873031546,0.06038476642692199,0.06107984989886258,0.061746660997257154,0.062386189734273324,0.0629994156213602
MEX,Sixth,10.627555881904161,10.826795576466145,11.029605125746187,11.241395555092456,11.465598509102474,11.702398987344031,11.94641333880818,12.198253930856591,12.459881297493588,12.73111758259909,13.012117461737478,13.297071697829741,13.588969309047746,13.895660075312318,14.215109957204362,14.54929132555477,14.893381832082328,15.251771219915655,15.627239686632588,16.020156233234392,16.431726884329272,16.85475401027803,17.293616773347548,17.749976263336798,18.224092616470077,18.71552989075915,19.217138237884217,19.735738265707845,20.274540764327025,20.83607327653768,21.42126491778741,22.02036811241764,22.638437674547344,23.277539594862358,23.937208222259702,24.61665715855324,25.305661727506816,26.014357543302523,26.7454760934541,27.498465263125695,28.275203881316013,29.063499706648667,29.87228642805944,30.70177089430888,31.55153834595759,32.41358056225084,33.26599668307762,34.12075006587802,34.98093163755098,35.84941684526639,36.728148410820886,37.60622408567717,38.49294221106601,39.38785772564441,40.2922540515107,41.20669119411656,42.114616662037136,43.03093494443129,43.9542676342516,44.88639952048331,45.83842034571453,46.786910539141665,47.74784657862385,48.72244876440797,49.71078064741272,50.713515401574746,51.71233593720595,52.721581560658684,53.741172070636246,54.77066255380845,55.808886442700775,56.836268042286015,57.8731322691165,58.92392045841016,59.993456622946866,61.07981374088001,62.15724896481134,63.24661758603285,64.34707158700967,65.45792967361918,66.57723187664466,0.0040401194498037975,0.004132147654331483,0.004235454330335887,0.004352667377891175,0.004483225934159591,0.0046266550261400904,0.004783673064659353,0.0049451593341423685,0.0051172614843593275,0.005299313775545277,0.005490580139119368,0.005690828071202281,0.005892068471027281,0.006117191634665011,0.006362550987104687,0.006629350715129958,0.0069190849824160156,0.007227096026923139,0.007560883617107195,0.007922208328089556,0.008312947616549278,0.008734908562101225,0.009184792972476147,0.00967078675022427,0.010195466146921179,0.010761614649380968,0.01137151086143123,0.01202257029994421,0.012724747740978617,0.013481712779669325,0.014296855342149993,0.015172888224286826,0.01610777098343944,0.01711358656936471,0.01819509713566616,0.019357150012422723,0.02060281980009989,0.02193148376118112,0.023356886922673258,0.024884615322574268,0.026520188372109593,0.028266791820977803,0.03012346257496574,0.03210374272256792,0.034212157007765386,0.036381176193540206,0.03853537772030353,0.040667098371281366,0.04276946513336717,0.044836401253049114,0.046862617159304114,0.04884358540664147,0.05077551416995525,0.05265530232589477,0.05448049380198675,0.056249228744170376,0.0579601840226638,0.05961253029436492,0.061205873167991476,0.06274020170335534,0.06421584320841157,0.06563341809248431,0.06699379014585614,0.06829803315598885,0.0695473948265355,0.07074326110788652,0.0718871296849117,0.07298058314191869,0.07402526575734691,0.07502285964203924,0.07597508046616133,0.07688364264456593,0.07775026546988537,0.07857664542065533,0.07936446378393479,0.08011536640399364,0.0808309632363098,0.08151281753592939,0.08216245952918774,0.08278135721612953,0.0833709385140514
MEX,Seventh,13.391003242595515,13.629070073403653,13.870204774755493,14.120350913265996,14.383520449894432,14.66000183313052,14.943012426860856,15.234786142274997,15.536942059877777,15.849374258519351,16.171973219880908,16.498159896028703,16.83250657590249,17.181619961503177,17.543594358885464,17.920561892079828,18.306355875705943,18.706965713425127,19.124820974973087,19.560182277215112,20.014274082257018,20.478103949145193,20.95760487046588,21.453904865398258,21.967096121894294,22.496489820925326,23.03334422253574,23.58608707479645,24.157461189973585,24.750048072449214,25.364584503757083,25.989717670860152,26.63162260892234,27.291699148266076,27.969090631957158,28.662653693500797,29.36039287835925,30.07407106060633,30.805685310230253,31.554264070728312,32.321558501884304,33.0930100601787,33.87933283763952,34.679766101927996,35.4935362986719,36.31595407991281,37.12727816792598,37.94101030438064,38.76061465660331,39.589165816720644,40.428781995145506,41.26843925479399,42.11761018222303,42.97593666185875,43.844806000582345,44.72483301430256,45.597974357168276,46.48066823106423,47.37134033069134,48.27216175436098,49.19675724530642,50.11795086344804,51.05288040913789,52.00280698031271,52.96778569093567,53.9485029702673,54.925475095760866,55.91403700306578,56.91410073147935,57.925201291264614,58.946126797794,59.95618362191741,60.97682991012899,62.01264251017765,63.06858066213368,64.14264180528181,65.20782723678738,66.28608253644019,67.37652477807251,68.47844719027847,69.58982783725362,0.008417318522490433,0.008580174274209661,0.00876229191343632,0.008968057251865825,0.009196194071607782,0.009445576812343695,0.009717142925997749,0.009994915143151404,0.010289309048234663,0.010598946963805195,0.010922359738240697,0.011258952476739399,0.011595220843150691,0.011969115068846762,0.012373979209919252,0.012811222605288311,0.013282660096074489,0.013780128444668227,0.014315105037378002,0.014889599244217011,0.015505711127459276,0.01616532887855724,0.016862368645064393,0.01760848955883826,0.01840640141838326,0.01925897792591229,0.020168186291158848,0.02112873004389713,0.022153697487943855,0.02324654131560667,0.0244100965367925,0.02564604642343529,0.026949324815279698,0.028334364244737238,0.029804897855548684,0.03136446100873072,0.033013930990370755,0.03474918683047386,0.03658453463117224,0.038522994612689515,0.040567071305858814,0.04271596857609515,0.04496362236222103,0.04732111363371004,0.04978787664552384,0.052280778565465216,0.05471326862800594,0.05707908602435169,0.059373106697688326,0.06159127708530068,0.06373053521924055,0.06578873304119749,0.06776455152817355,0.06965740273854652,0.07146735490209663,0.07319504415394328,0.0748415878664475,0.07640851778320472,0.07789770205776439,0.0793112857503452,0.08065163248899292,0.08192127548371768,0.08312286472246638,0.08425912819843065,0.08533284633041166,0.08634681100836408,0.08730380158737831,0.08820657607975381,0.08905783689101393,0.08986022399914055,0.09061630724825676,0.091328572936033,0.09199941708205549,0.09263114540979726,0.09322596750427001,0.09378599132743605,0.09431322626610966,0.09480959088603008,0.09527690063385454,0.09571687904864397,0.09613115681712164
MEX,Eighth,18.260397979759773,18.565414394590544,18.87254722847314,19.18853609891203,19.51836044779321,19.86252233754462,20.21180885492467,20.57149567394101,20.94253898225259,21.32499461088287,21.71769392834144,22.113773473597742,22.520224374206975,22.94125301047625,23.37528397145534,23.824715033802544,24.28107405087872,24.7532037854216,25.242904425635313,25.75028130247578,26.27665773602247,26.80980422334773,27.358593881173114,27.92325321311549,28.50364899579489,29.098749176822764,29.69716875392242,30.31013880901637,30.93963637605617,31.588467360657088,32.25707988897587,32.93176275937755,33.620489673897836,34.323686922987484,35.039938434978026,35.767683325551474,36.4920133205713,37.227590453065,37.97534495178319,38.73378448607982,39.50473648166412,40.2692188232725,41.04163745672188,41.81985576635341,42.602793475911625,43.390733399436115,44.16660545195018,44.94649834329897,45.734470511477944,46.533787624246145,47.34679087834435,48.162923126777685,48.99112447592498,49.831183649305125,50.684611228726695,51.55206387092355,52.41242144182006,53.28517932114598,54.168226668473345,55.064640702574984,55.994446663932344,56.92141326076612,57.864982702532075,58.82648039781813,59.80592919176737,60.804032343211986,61.798804784582764,62.80766048266159,63.83048197473186,64.8667516242823,65.91515115257582,66.95246371525165,68.00263420212352,69.07053118696899,70.16142489549017,71.27316007284375,72.37580588087415,73.49382452558706,74.62626431654617,75.77235984454887,76.92995036942911,0.02257096719332988,0.022921094050250126,0.023310904765478473,0.023749183238242794,0.024232515504276412,0.024757815256940357,0.02532632683755816,0.025904148977217257,0.0265126019386349,0.0271483131103248,0.027807795720679155,0.028489412819483938,0.02916568995748538,0.0299123163123054,0.03071466675675721,0.03157428128400103,0.03249336701447634,0.03345479103920213,0.03447942186188059,0.03556943222683196,0.03672699886531217,0.03795373818651677,0.0392365170846836,0.04059481226389479,0.042031143994394046,0.04354809218798812,0.04514640808526788,0.046814137767672556,0.04857111607026331,0.05041982127423216,0.05236138773118296,0.05439479527741829,0.0565079943682282,0.05872032593297336,0.0610330122235699,0.0634465583403874,0.06595704551821802,0.06855297866777062,0.07125005642430728,0.07404619037287082,0.07693806580520064,0.07991733483768507,0.08296839493486868,0.08609852852683413,0.08929831979488215,0.09245465159185456,0.09546006917068484,0.09831272703621459,0.10101230709608477,0.10355982181967012,0.10595743699875598,0.10820829708739252,0.1103163449512976,0.11228618281697267,0.11412292153874598,0.11583205462949966,0.11741934622361098,0.11889072761196917,0.12025222200202125,0.12150985515487095,0.12266961303643201,0.1237373668832906,0.12471886014693744,0.12561965311157372,0.12644510755669083,0.12720037015625438,0.12789034825654938,0.12851972317069682,0.12909291379946083,0.1296141156518321,0.13008726723534575,0.13051607566527773,0.1309040160332188,0.13125433193663788,0.13157006131773652,0.131854031443466,0.13210887034867377,0.132337020161643,0.13254074832079613,0.1327221492249996,0.13288316499779787
MEX,Ninth,24.61851092264576,24.99461638274367,25.369604758159625,25.75069245961867,26.144160164771403,26.55093161257141,26.958643526988027,27.378118512781374,27.808474174883642,28.250131674069547,28.699209892646305,29.151188730603874,29.616199682093914,30.09196079248684,30.578044569089105,31.077058942006662,31.57769518843387,32.093046109820854,32.62320980487572,33.16800430719811,33.72885820795837,34.28931831633546,34.86271145957014,35.447356922092055,36.042799426979165,36.64759048169188,37.24749238497253,37.85737171252865,38.4774756352637,39.110882289682024,39.75759127521686,40.40201468017044,41.05413251021923,41.712593490359716,42.37531726452466,43.04038266505027,43.69017406301645,44.34268611101955,44.99702709577273,45.65122565481999,46.30733281861443,46.94181808411535,47.5736638962059,48.19888945874102,48.81632788556729,49.43506044054081,50.04478214647104,50.66355474940473,51.29575086061502,51.944495538393426,52.61208178131694,53.28886596780041,53.98235787101694,54.69231850492382,55.420156213049715,56.1663751473812,56.90756585107707,57.66531171891751,58.43692263985647,59.2260520415875,60.05732497023872,60.88764417455959,61.73774232892096,62.60886735869554,63.5009152566416,64.41449311427058,65.32623294171853,66.25459305741231,67.19936588313038,68.15993354053494,69.1348620989747,70.09973516364978,71.07961599077923,72.07943708803671,73.10452837047296,74.15259955679043,75.19250364778871,76.24969528686947,77.32314529159724,78.41202113835651,79.51406850910631,0.05845103766250409,0.05907197816767537,0.059759073400888436,0.06052638384176871,0.06136629466008618,0.062271833864018425,0.06324348790368535,0.06422234355345492,0.06524382699553864,0.0663011676949972,0.06738761638474113,0.06849964238940291,0.06959229032741424,0.07078656734601363,0.07205626303305485,0.07340122620035065,0.07482215845059614,0.07629019135823661,0.07783466373693064,0.07945560974548894,0.08115284014080207,0.08292512089149821,0.08475021267965566,0.08665232357973693,0.08863069179874439,0.09068434823879976,0.09280960706022817,0.09498622391472121,0.09723538444537899,0.09955464416619356,0.10193955723658764,0.10438287406264166,0.10686451101568026,0.10940111810777693,0.1119869741603323,0.1146151706246362,0.1172737957709238,0.11994334967374216,0.12263201297757707,0.1253285371872603,0.1280201056767813,0.1306890642808331,0.13331180774197543,0.1358842235183433,0.13838685933582132,0.14072532846322508,0.1428266182326663,0.14470213187123177,0.14636397240766044,0.1478246996618166,0.14909710770831727,0.1501940313553869,0.15112818634320868,0.1519120409454593,0.15255770802973304,0.15307685723234873,0.15348065418611873,0.15377971486903944,0.15398406573420634,0.15410314307582748,0.15414577858730835,0.15412019938995994,0.1540340397543745,0.15389436480812,0.15370767781799455,0.15347995374174556,0.15321666497258446,0.15292280722409163,0.1526029213935895,0.15226113313090558,0.15190117421563032,0.1515264111908024,0.15113987863062195,0.15074429250669752,0.15034208861328882,0.14993542837138155,0.14952624711523932,0.1491162497385601,0.1487069398806147,0.1482996446364238,0.14789551725572453
MEX,Tenth,58.050008488200966,58.73071601278494,59.3866604429491,60.02494805366029,60.658873699805376,61.29269989444103,61.898253072445684,62.52219792483109,63.150623503029905,63.786854147125624,64.36302827454314,64.97564193977823,65.61609185231409,66.23779000978219,66.84999131240428,67.45586069756249,68.0328354137591,68.61697569501523,69.1978931300108,69.77381271470769,70.34945287179133,70.87839495295897,71.40775814904995,71.92460925759994,72.42801886568962,72.91641576036093,73.36660221879342,73.80984597033125,74.23649034661916,74.6547514939231,75.06118590216927,75.4465297795873,75.82007277719056,76.17346050702886,76.50174802158537,76.80446104053237,77.05476125664923,77.2858138985792,77.4883085567017,77.65994694984096,77.80815396341897,77.87813303427112,77.92255188808292,77.92987048073616,77.90162437575451,77.88244424028007,77.88751788891236,77.9407758871212,78.04715216554499,78.20630388557143,78.41887339241737,78.69250118704173,79.01196094435421,79.37696368278688,79.78760876345993,80.24297580815269,80.70544569076179,81.20933291796801,81.74691807861484,82.32736293434324,83.01889130722192,83.71902659146956,84.45566027298425,85.22963593635384,86.04020443150773,86.88751765108307,87.73958672005996,88.62136011198413,89.53216570951545,90.470870948034,91.43540581014013,92.39298841530167,93.37637808665394,94.39111394869013,95.44319285730438,96.52965406863069,97.6099914652056,98.71742350241277,99.85054305335814,101.00818491123576,102.1875411985334,0.9035550206229198,0.9022450371682765,0.900787769778971,0.8991507188970407,0.8973469996153399,0.8953884317435263,0.8932706469467379,0.8911200033848456,0.8888571229253961,0.886494576683913,0.8840452773838422,0.8815152105512298,0.8790061448266233,0.8762371406975104,0.8732623562047224,0.8700758562096766,0.8666690830343354,0.8631050128231725,0.8593055926242332,0.855261836276076,0.8509644703781584,0.8464059992443401,0.8416334860789124,0.836572352341233,0.8312105154416196,0.8255351002086153,0.8195394552791329,0.8132641578359123,0.8066295209478777,0.7996198929251617,0.7922236340107455,0.7844361955243606,0.7762945251221919,0.7677133358013003,0.7586747236092823,0.7491615227079766,0.7391719083392148,0.7287327431578948,0.7177588668942148,0.706232263855622,0.6941361932826876,0.6814711553939266,0.6682657624792878,0.6544448925125238,0.6399984579115512,0.6253959661605031,0.6111263101388121,0.5972105897952691,0.5836658387787321,0.5705053138063433,0.557738793488116,0.5453728927893632,0.5334113807650654,0.5218554814928985,0.5107041700954876,0.49995446039860614,0.48960168725573533,0.4796397352731581,0.47006128908680656,0.4608580263247002,0.4520208092993934,0.4435398691206524,0.4354049442397722,0.42760542247495553,0.42013044776973935,0.41296902851804584,0.4061101383926887,0.39954274552840036,0.3932559424629569,0.387238940420041,0.38148114409662454,0.37597217630062024,0.37070190666726216,0.36566049087698166,0.36083834482739213,0.356226211293696,0.35181512869152104,0.34759644558957886,0.3435618267840712,0.3397032517100552,0.3360130132207855
NGA,First,0.6685283255402298,0.6760935181146951,0.6830027468546088,0.6904619647578013,0.6993560159844765,0.709821617550653,0.7200986785057074,0.7315869655340483,0.7444307907706997,0.7587134623246425,0.7746775639209835,0.7927406535062967,0.813558456502576,0.8372109484932356,0.8629938692509755,0.8914419429013692,0.921035309391762,0.9535580160604454,0.9894975322155181,1.0290199742946924,1.0715881000479466,1.1128923793038248,1.1572911236971377,1.2050533360803142,1.2562627003273126,1.3098161960656325,1.359982452702217,1.4128771094202268,1.472160360305904,1.5425678039896311,1.618519734450256,1.6971423468752513,1.7802148114422676,1.8681964060670493,1.9610415814166497,2.058568020580801,2.15786356903354,2.262179665979868,2.372445078656052,2.48866341612882,2.6117073871686762,2.7264183277330365,2.8407971575323767,2.959821629014399,3.0834628992692386,3.2192146217925086,3.363346142660493,3.5164878944823927,3.6757720222392787,3.841503098298063,4.01018920772854,4.175134434325034,4.346621213254377,4.524709448919559,4.709995140426411,4.902765052440182,5.097840205412521,5.299313391726138,5.507116764603688,5.7215635075612585,5.943636851482069,6.168888807863425,6.402545767197839,6.645786505787069,6.898773565442393,7.1620267316279405,7.42947158989518,7.705079453683891,7.989281717241484,8.269435207919113,8.547585573838003,8.824239812457611,9.106004839764072,9.39587133762479,9.69690438762089,10.007923649372783,10.319870213082494,10.638639515109206,10.963998514584995,11.295479394338173,11.631749353709113,4.938199179780475e-5,4.938515732399961e-5,4.938321538424554e-5,4.942946810041106e-5,4.952275476268837e-5,4.9662223370360165e-5,4.982609038879486e-5,4.997151268987274e-5,5.0158363798035726e-5,5.038463473448167e-5,5.064863746426251e-5,5.145997572521296e-5,5.2524128311449445e-5,5.387326045357246e-5,5.533226268271968e-5,5.69076475089698e-5,5.858035769861771e-5,6.0319723663766575e-5,6.21933566916163e-5,6.420973098479381e-5,6.615494868398908e-5,6.746620506935941e-5,6.880585358327047e-5,7.024470330303842e-5,7.178762436528211e-5,7.32228080984159e-5,7.375732977272888e-5,7.427690957218326e-5,7.543856297879203e-5,7.799130610786588e-5,8.071087455274701e-5,8.358911501851133e-5,8.660653210822332e-5,8.981956520100015e-5,9.324047430316573e-5,9.688265500360444e-5,0.00010073957434214391,0.00010479836043441461,0.00010912449556932227,0.00011373652203742956,0.00011865463218939805,0.00012171813857987882,0.00012395152937840897,0.00012628471814503758,0.00012872083202408814,0.0001324694631124067,0.00013760757675647888,0.00014367076237247893,0.00015001505070694402,0.00015649314453316704,0.00016241300158072888,0.00016741742830986232,0.0001726248684215601,0.00017811269713058505,0.00018389645410538095,0.00018999491922251364,0.00019638801808747767,0.00020307572117737516,0.00021013104449283572,0.0002175772976435023,0.00022543775438281887,0.0002336833757234225,0.0002423283270822498,0.0002514618576687607,0.00026111438099531056,0.0002713184385457609,0.00028205776727782765,0.00029335970236101454,0.00030531977346475223,0.0003160511554547288,0.00032599528295403085,0.00033615427388685365,0.00034653935887807985,0.00035720276121889465,0.00036815899857158165,0.0003794220122031087,0.0003909029267529024,0.00040265799830392504,0.00041475491220851584,0.000427210559036027,0.00044004337754390075
NGA,Second,1.260642998173798,1.2763113357445173,1.291263312498505,1.3072755988911904,1.3256706697670557,1.346700384286908,1.3671220792193655,1.3897486714131746,1.4148493777958535,1.4426112873597061,1.4734497542603666,1.5072346301048323,1.5457215845092627,1.5890874675754711,1.6363913907404481,1.6884647766284189,1.7423654172680871,1.8014612798098513,1.866498534161272,1.9377645224329845,2.0145589384433036,2.0899539880978915,2.170944887289595,2.2579477104722883,2.35111731446992,2.448945838031911,2.5424520119934106,2.641097801919816,2.750030581292235,2.87588182352744,3.0108920491512627,3.149905673438996,3.2964167928337287,3.451085557687991,3.6138651761135017,3.784517825920293,3.957705405190094,4.139080400418787,4.329948429392097,4.530329721565261,4.741457071028207,4.941342442259273,5.14223367082527,5.3508707685567005,5.567249519324271,5.801433661292358,6.046536404159905,6.3049198235193185,6.572821616408723,6.850744841264896,7.1341844879524245,7.412346353658269,7.700568463979369,7.998933454770457,8.30828054532629,8.629022535715677,8.952134070507947,9.284912058003908,9.627251616641308,9.979591045664892,10.343302910646921,10.710282436516742,11.08941763659102,11.482287576827318,11.889115475444147,12.310603576004542,12.736315289887266,13.173528139098096,13.62277780321894,14.06823688137444,14.512500568404684,14.953251908306548,15.401489754261759,15.861240371947064,16.336653245819022,16.826181865377936,17.315209984724866,17.813867493176275,18.321830058250935,18.83849126895106,19.36208482173687,0.00034711479527267355,0.00034713310831064215,0.00034712189063448536,0.000347389831149077,0.0003479301769416986,0.000348737659597818,0.0003496858408407739,0.0003505268866673899,0.00035160678270972854,0.0003529135200424108,0.00035443684423285606,0.00035910932497957405,0.0003652173205641469,0.0003729286313238462,0.00038122809194269093,0.000390144667935703,0.0003995625650834412,0.00040930344079659684,0.0004197385021509179,0.00043090403381688887,0.00044161417658954215,0.00044880097688311846,0.0004561166606505044,0.0004639448087953405,0.00047230614533748535,0.0004800536978555877,0.00048293203571408695,0.00048572614321752163,0.0004919600192673527,0.000505596808314637,0.0005200335910545947,0.0005352141756470259,0.0005510242671020759,0.0005677464969252938,0.0005854276857080353,0.0006041193712529216,0.0006237692969082684,0.0006442954077134062,0.0006660088252400547,0.0006889786966486542,0.0007132792231086948,0.0007283193305474211,0.0007392385469544231,0.0007506057357125872,0.000762431764263335,0.0007805465892694597,0.0008052176510188832,0.0008341052561932301,0.0008640829350074862,0.0008944423637353915,0.0009219746222253496,0.0009450984395637902,0.0009690188820939682,0.0009940766554713838,0.0010203240641029501,0.0010478267629155083,0.0010764742923390308,0.0011062480012150762,0.0011374516650182102,0.001170162819213251,0.0012044561456434732,0.001240178503877162,0.0012773654495481829,0.0013163708407868161,0.0013572895390841,0.0014002218613815016,0.0014450613676500045,0.0014918845919514926,0.0015410442433811701,0.001584826331783784,0.0016251312452677347,0.0016660530878089093,0.0017076291145296568,0.0017500590024928167,0.0017933884383967585,0.0018376597746142765,0.0018825145395166666,0.0019281638259278668,0.0019748581560822868,0.0020226480787727402,0.002071588419791936
NGA,Third,1.6459722212270265,1.6670554518551766,1.6874385495935598,1.709192692288753,1.733889021328,1.7618530658580087,1.788895539801666,1.818788047832849,1.851849084863412,1.8883356581841995,1.9287671131495912,1.9722831641990006,2.0215590967001504,2.0768128192411015,2.137081435258499,2.20336044124615,2.2717888927867813,2.34676884497453,2.4291499637641434,2.519281226178563,2.616503386246786,2.712657247330801,2.815922342335349,2.926749959336848,3.0453284182555804,3.1700721442315767,3.290629333403715,3.4178410858035897,3.5571729967103027,3.7156749810212446,3.8852882456399227,4.059438772117193,4.242718884434305,4.435843573387238,4.638747106277837,4.85114244844423,5.066190903570391,5.2910001562955005,5.527011406515918,5.7742285345556335,6.034044894195739,6.2824741027533,6.533393254058791,6.793689809656219,7.0633665506138925,7.3527041253745224,7.652797127948516,7.967525933256493,8.29324550318951,8.630687766833184,8.975464898019174,9.314771787714324,9.665729725671056,10.02835609065294,10.403589941760465,10.791880481114214,11.181988445615302,11.583074153699025,11.994938457891152,12.418054771662602,12.85397515696213,13.292487813274976,13.744539626601405,14.211814482602216,14.694530692657702,15.193442022092382,15.695684557588864,16.210400605523162,16.73808379556488,17.26319479569874,17.788172222860755,18.30805047625569,18.8362171784987,19.377137995961665,19.935457939217805,20.509443792627543,21.081594829825086,21.664297977578084,22.257121034283696,22.859375400746107,23.469076320372697,0.0007933026137912802,0.0007933390762724492,0.0007933166715790039,0.0007938508687894738,0.0007949278285789496,0.0007965369074494023,0.0007984257021857235,0.0008001004472813582,0.0008022501454220243,0.0008048501792000084,0.0008078794711245648,0.0008171606559410147,0.0008292689919753887,0.0008445172978001831,0.0008608818734636432,0.0008784102151708904,0.0008968662153004338,0.0009158939777881407,0.0009362106566093897,0.0009578748028365453,0.0009785846390149063,0.000992443570608517,0.0010065205283586282,0.0010215498693130617,0.0010375652513070145,0.0010523709130491592,0.0010578631737562787,0.001063190486755883,0.0010750613310863172,0.0011009587354001212,0.0011282727517782135,0.001156883310678915,0.0011865635472903403,0.0012178304388996098,0.0012507544557878595,0.0012854128209955622,0.0013216906586657196,0.0013594193599938706,0.00139915173836219,0.0014409899520436984,0.0014850434481742162,0.0015122051867714596,0.001531876132074778,0.0015523116056956865,0.0015735265967850617,0.001605935134931502,0.0016499061729823403,0.0017011554657133375,0.0017540779661675808,0.0018074140146630622,0.0018555644448926822,0.0018958495733815831,0.0019373771309118884,0.001980724986383006,0.002025966272788747,0.0020731952472272685,0.00212220457686609,0.002172945053903485,0.0022259151251813173,0.002281222945580326,0.0023389701415345906,0.0023988748061686774,0.0024609738847206474,0.0025258318980547834,0.0025935753963647946,0.002664337242884354,0.0027379091052759804,0.0028143842036705818,0.002894301758462607,0.002965165370024553,0.0030301491571819244,0.003095887114860149,0.003162434486205198,0.003230104185111128,0.0032989600111352794,0.0033690603670637857,0.00343983070252877,0.0035115992263300027,0.003584750819853845,0.0036593531371838773,0.0037354802257774
NGA,Fourth,2.1755860050788547,2.2042205816887055,2.2322168759583896,2.2620188634982985,2.295512777651302,2.333125028882975,2.3693686773973432,2.4093412944353463,2.4534363796102308,2.502009574618358,2.5557136960910647,2.6126937998080155,2.6768892289103983,2.748583709431243,2.8267922170421413,2.9127262086934436,3.0012539081214364,3.0981992876394666,3.20455488442828,3.320757887417859,3.446199148551661,3.5710137155826525,3.7050314031420086,3.84876023531453,4.002438255668346,4.164377072593337,4.322307811366108,4.488988781488838,4.670337600156006,4.873998268837478,5.0914561284741415,5.31420252153174,5.548356373273114,5.794714801326962,6.05319863743297,6.323472125267963,6.59663083420212,6.881773150696713,7.180525660369444,7.4928867158662245,7.820465853817819,8.136282505718576,8.456567594232833,8.78851518684347,9.132147951199729,9.498203112731833,9.875036142075253,10.268590432544828,10.675287034558647,11.09613193317051,11.526782816836908,11.951594110810406,12.390337979983235,12.842977070195229,13.310592452044627,13.793697549371448,14.277985827065022,14.775221634891636,15.285111460269967,15.80819516780675,16.34629735747884,16.886228808694508,17.441804287241943,18.014877462327714,18.60568562105159,19.2150735223906,19.82679852449103,20.452653068900542,21.09311530183846,21.732553892675188,22.373311646406652,23.006972249061814,23.65026107729521,24.308232768070457,24.98618981464705,25.682180075394466,26.374652732275884,27.079206387212878,27.795301557471394,28.522160228960942,29.25752924369862,0.0018899013136396124,0.0018899780981017108,0.0018899308688893309,0.0018910543001795879,0.0018933186728486676,0.0018967012961546186,0.001900670851108768,0.0019041895578523781,0.001908704824394438,0.0019141639536710269,0.0019205217991935162,0.0019399823975428318,0.0019653301805450762,0.0019971862612660645,0.0020312952926862696,0.0020677412027359484,0.002106018591656501,0.0021453797413496976,0.0021872950478658794,0.002231865684309288,0.002274355753059956,0.002302727250079523,0.0023314941471935594,0.002362152128232954,0.0023947592617573022,0.002424847365865206,0.0024359952047401942,0.0024468013640688638,0.0024708561841749743,0.0025232190193081147,0.002578278391356002,0.0026357715293659884,0.002695224975520507,0.002757653458305836,0.002823171174478511,0.002891904436931588,0.0029635969995628433,0.0030378911535279287,0.0031158464895155156,0.003197627699209027,0.0032834106429155737,0.003336137241636431,0.003374246900892348,0.0034137704209631307,0.003454730708504697,0.003517165357042176,0.003601615156485877,0.00369967537588402,0.003800535088400703,0.0039017815522380257,0.003992848816869993,0.004068802506111539,0.0041468770519853225,0.004228139096615826,0.004312700959995736,0.0044007121417845504,0.004491760710913698,0.004585732056698105,0.0046835214625618226,0.004785296189283223,0.004891208098615432,0.005000707545330245,0.005113830929577513,0.0052315705469384195,0.005354113327943354,0.0054816538790795925,0.005613772465847554,0.0057505931041454085,0.0058930308625557825,0.0060188813191517625,0.0061339263881264065,0.006249961496191548,0.006367079171999554,0.006485822619952435,0.006606293840952121,0.006728583628076634,0.006851682773027006,0.006976156957565441,0.007102663560627654,0.0072313058784049845,0.007362196855396611
NGA,Fifth,2.686509092537649,2.722510843952005,2.757966994365797,2.79563127093827,2.837673064461451,2.884614985374584,2.9297307082248043,2.979423743046248,3.03413538059909,3.094317954529892,3.1607400558032843,3.2303331553603747,3.30839654733944,3.395261354737887,3.4900145462296677,3.5940579907580306,3.7010410710964723,3.818162184607484,3.9465071164599554,4.086586466406479,4.237943205254389,4.389391384596031,4.551983210481953,4.726238673002724,4.912435063720032,5.108910405904764,5.302057210649185,5.505935575976402,5.7264576395727795,5.971292921797991,6.2322541187468135,6.4990157388054755,6.779151765392368,7.07348988474278,7.381925786973249,7.7040680030825825,8.029076263418387,8.367901346418645,8.722280188785968,9.092190173248188,9.479407525093466,9.855638615046523,10.238641570537185,10.635262333607557,11.04553616888829,11.479715363956576,11.923550935402062,12.385229046641859,12.861685226007022,13.354258929142704,13.859136154429876,14.358350300699032,14.873275111440359,15.403771262220411,15.951023748645671,16.515583312148976,17.080374704251103,17.659530449752943,18.25262204060804,18.860231066319617,19.484424981340375,20.10930959857265,20.751262100331477,21.412212093137533,22.092392063348964,22.792700679461053,23.493904829974518,24.21016394985052,24.94188178979648,25.67468721045598,26.41052341888537,27.13721480160593,27.874412773606963,28.627614842311573,29.40264622609999,30.197369721975726,30.986776326718672,31.789248187074538,32.60411293157337,33.43051177966584,34.26596599734894,0.0036513494789311347,0.0036514799466810265,0.0036513998374359843,0.0036533106898599113,0.00365716214645336,0.0036629145303564217,0.0036696631293796087,0.0036756440505096243,0.0036833165068006733,0.0036925899260026014,0.0037033857284445412,0.003736401912043434,0.0037793431353875502,0.0038332097618586176,0.003890764249711126,0.003952125912640266,0.004016421911491075,0.0040823820357636835,0.004152451679448835,0.004226770891965739,0.004297442494487495,0.004344536480166161,0.004392210214590688,0.004442934071360164,0.004496789548709677,0.004546399749557686,0.004564760620358416,0.0045825480318760405,0.004622106609270423,0.004708046245338873,0.004798160745506242,0.004891990712643265,0.004988738294549183,0.005090026173251135,0.0051960025449276645,0.005306831989570897,0.005422063162435119,0.005541086866316056,0.005665560802672133,0.005795699119026373,0.005931728358643789,0.006015102354746449,0.006075253017668945,0.006137539417711259,0.006201987460167418,0.006300026278961754,0.006432262382145422,0.006585285768008181,0.0067421042336812745,0.0068989551612894905,0.007039562185303301,0.007156497958460305,0.007276387097216365,0.007400841722486377,0.007530000110037548,0.00766405573010199,0.007802347250162937,0.007944670322616245,0.008092344838746273,0.008245580950884962,0.008404562360125442,0.008568420738858808,0.008737171934021199,0.008912249601857816,0.00909387645079033,0.009282283663201761,0.009476795087514962,0.00967753828211129,0.00988579453174721,0.010069194330929118,0.010236361922155745,0.010404507253226529,0.010573760535706666,0.010744899829524207,0.010918060447239218,0.011093360527716041,0.011269346493389506,0.011446824317098016,0.01162671853678482,0.011809161486491446,0.011994297387888984
NGA,Sixth,3.419108134836999,3.4657753204383903,3.5120672723728052,3.5611471199918645,3.6155649190929173,3.6759807074463997,3.7338964261038394,3.7975996777880683,3.8676014268203387,3.9444947241669337,4.029188963552886,4.116858146276134,4.214767717892134,4.323321527431787,4.441735113595584,4.571671319513245,4.705028689095092,4.850976442780904,5.010726028230519,5.184893435442637,5.373255983736732,5.562782471387182,5.7662266711060814,5.9841229078698435,6.216806096983164,6.462680140565402,6.706292078466092,6.96347831546217,7.24006829019884,7.543677764248599,7.866702754945337,8.196240054143408,8.541954623451547,8.904714138898047,9.284385441655765,9.680510471067691,10.0794838686644,10.494890329769632,10.928611176130403,11.38060304158095,11.852872011844338,12.31533892922346,12.787905788939982,13.276878374530432,13.782317841144474,14.31372844061657,14.853164091415767,15.412053687183793,15.988082177898011,16.583048220731804,17.193895055954453,17.79936907806708,18.423095650962296,19.06480822905027,19.725838721898256,20.406797197585085,21.086653938576607,21.782944891131102,22.495065553822634,23.22367105666098,23.971231035494974,24.71790120965656,25.483721395231736,26.27073333819563,27.0791775320387,27.91003776966948,28.739809727839063,29.58607901699474,30.449161170543327,31.31637511688919,32.189126235511274,33.04990959661248,33.922559025763704,34.81316927767577,35.72827496500172,36.665508520913356,37.594921718508346,38.538908812622836,39.4966348584578,40.46714191556361,41.4476579323886,0.007767878820487698,0.007768120068921296,0.007767972059338939,0.0077715018868893294,0.0077786159715956095,0.0077892385392004816,0.007801698156712661,0.007812737583789198,0.00782689542483552,0.00784400219258178,0.007863909100945792,0.00792473878701343,0.00800373919550795,0.008102658446894324,0.00820813039023044,0.008320331827350633,0.008437630717153147,0.008557684132852378,0.008684911223083947,0.008819514958935097,0.008947194595435916,0.009032107373873876,0.009117929792328125,0.009209093577971063,0.009305719702424982,0.00939457978770267,0.009427430664559746,0.009459237443132956,0.009529910036187788,0.00968313867318382,0.009843370505875587,0.010009738083249583,0.010180785877286075,0.010359334949853482,0.010545585351940417,0.010739760464126885,0.010941006411868917,0.01114820421539795,0.01136417560574047,0.011589211862600922,0.011823619070856297,0.011966887032435864,0.012070060202682602,0.012176733348785362,0.012286934889846985,0.012454238893085457,0.012679271857981575,0.012938794121372678,0.013203789252557368,0.013467887129887777,0.013703840914105009,0.01389951275057566,0.014099608299427177,0.014306777180422524,0.014521197400619155,0.014743135975941348,0.014971443816449536,0.015205737331088298,0.015448135442851526,0.01569891657033667,0.01595831085650839,0.016224837613426187,0.01649846350695163,0.016781443870793163,0.017074054983106216,0.01737658220382538,0.017687853862379487,0.01800799710527062,0.018338961547004932,0.018629463901397973,0.018893486624283147,0.0191583244253832,0.01942418203061957,0.01969227167890953,0.019962792010359328,0.020235912681632086,0.020509362533207117,0.020784389185987753,0.021062413216175392,0.021343618700052133,0.02162820550418241
NGA,Seventh,4.18467882873244,4.2425836559156584,4.300329418993754,4.361439283592549,4.428837041272101,4.503324992995141,4.574572355401726,4.652875322905045,4.7387758312568184,4.833015136700116,4.93661026283767,5.042527132595645,5.1602954834252035,5.290367281780196,5.43223995038656,5.587824659070029,5.747206518292181,5.921618784490277,6.1123340017748085,6.320059876840421,6.544984883014502,6.772652583969859,7.017013669010071,7.278549150895775,7.557638938513265,7.8529489398986465,8.147895539662747,8.459318151276651,8.792276804003711,9.15349390752592,9.537169951741706,9.927791792841724,10.337169635246097,10.766139792470552,11.214517634341918,11.681761615218843,12.151469452618812,12.639880063975314,13.14892745364881,13.678521821960102,14.230858546196638,14.776342859674884,15.335996349486312,15.914591492177411,16.51220783052501,17.13619495430495,17.76481425318279,18.413256612942146,19.080672013749624,19.769448316539496,20.478032285730844,21.182371306217853,21.907012819297712,22.651483440052193,23.417225522094782,24.204876229330385,24.9895644524952,25.792163688702725,26.61181466679099,27.449225711858073,28.30729965926901,29.162297536073435,30.03778179918483,30.935792605660538,31.856549072460407,32.80107834839801,33.74182329584178,34.699650409641364,35.67470285950856,36.65792599062414,37.649720232999165,38.62646101241223,39.61591719512124,40.624652587118,41.65980846523055,42.718802279759686,43.76717350481074,44.83103469489397,45.909337958716115,47.00102461487845,48.10305253183908,0.01464479348262486,0.014645177105126488,0.014644941772961207,0.014650550263179381,0.014661852584455591,0.014678725568427895,0.014698511888111934,0.014716037805226642,0.014738508798980044,0.014765649640552077,0.014797220835947787,0.014893605927069871,0.015018589696497258,0.015174779986324022,0.0153409475821787,0.015517304503820923,0.01570122360819927,0.015888993828453105,0.0160874728555917,0.016296897308657014,0.016495021186242263,0.016626502560639626,0.016759166431611964,0.01689984257620074,0.017048673702348038,0.017185297483631973,0.017235747002328976,0.01728456301076028,0.017392922133158507,0.017627363502239247,0.017871799743661744,0.018124830354927155,0.01838417954572608,0.01865405187675766,0.0189346540508275,0.019226223710699222,0.019527380839155,0.019836370955610944,0.020157306310903043,0.020490497684415025,0.02083627297687645,0.021046968822284524,0.021198404333116136,0.02135471806930258,0.021515929173884406,0.021760148341285947,0.02208765035156723,0.022463964259178265,0.02284671408555686,0.023226689397827287,0.02356494684124728,0.02384459364267185,0.024129764362295726,0.02442417798635686,0.02472801032758544,0.025041560008473292,0.025363128129008948,0.025692109966622172,0.026031400456988832,0.026381297311778927,0.026742022085811588,0.027111424274026498,0.027489377183321836,0.027878897401904947,0.028280251463059933,0.028693707424436606,0.029117549895174517,0.0295518409068418,0.029999103175767,0.030390274897476532,0.030744661187881373,0.031099078473512495,0.03145379970832709,0.0318104368176571,0.03216923889178747,0.032530413948856335,0.0328909529975572,0.03325250319705613,0.033616917446251754,0.033984413113708686,0.03435522561556743
NGA,Eighth,5.525386443334462,5.603136407500962,5.681166775094587,5.763577399740604,5.853905672890843,5.953202528722127,6.047934582493651,6.151932403767682,6.265797254398581,6.390533877928188,6.527224941066279,6.6651172316985985,6.81765131195971,6.98537514254354,7.1683100135720155,7.36878351515682,7.573702176455007,7.797911061411352,8.042783394090593,8.309187801853533,8.598047308444768,8.892421794236776,9.208345625550663,9.546206504165518,9.906467221886444,10.288279640864095,10.673128580270559,11.079539175867344,11.511168737427198,11.973122096228344,12.46281813488822,12.96024662804867,13.480956837631629,14.02573529882767,14.594318966268554,15.186048615930536,15.779642031931274,16.39595277286366,17.03699303011101,17.702612472586495,18.395337937229684,19.08623993903056,19.798397520212593,20.533952512635516,21.293035156477604,22.079316335620895,22.864486662176944,23.67031509602588,24.4984494175835,25.352255831477375,26.23271127602238,27.11093082098297,28.01311558507666,28.938480048637313,29.8886630939734,30.864365049858495,31.833972655774,32.82425783848568,33.83394483587792,34.863885412313685,35.91799928363143,36.96539919753457,38.03583377010885,39.131364971226624,40.252203242773206,41.399475005876354,42.538506584405745,43.69599587710541,44.87183087164135,46.06279832872305,47.26766941645564,48.45231515442826,49.65142874635272,50.872358377510196,52.12325979576872,53.401226970777685,54.66384177729686,55.943828568292716,57.23981685853521,58.55060138412388,59.87271311002778,0.03510623253001972,0.035106958850299526,0.0351065129688305,0.03511714665220211,0.03513857087284724,0.03517054821852172,0.03520803464397662,0.03524122841836125,0.03528377380051573,0.03533514044290552,0.03539486291871162,0.035576998333422406,0.0358127441262032,0.036106677523143574,0.03641856761696972,0.03674867178637451,0.03709193982345177,0.03744136632106401,0.03780960406297654,0.03819691607412914,0.038562180859958266,0.03880397184979853,0.03904744853209699,0.03930509807699007,0.039577091061047384,0.039826244427675885,0.039918119121490736,0.040006952363250275,0.04020391337837761,0.04062897885350524,0.04107062371112625,0.04152615848343166,0.041991362810331,0.042473636319617945,0.04297315570610175,0.0434901440927711,0.04402196784584059,0.04456536878267963,0.04512739713170224,0.04570835800823273,0.0463085744283925,0.046672991490081035,0.04693430023118634,0.04720349279053485,0.04748055604778597,0.04789920087122585,0.04845858306209578,0.04909851372144018,0.049746335917708405,0.050386459514717014,0.05095382372568217,0.051421136269742866,0.05189607322696292,0.05238472079966008,0.05288722599846969,0.05340393304307827,0.05393190168837769,0.05447001840202644,0.055022879192844536,0.05559079226003387,0.056173936030200565,0.05676866850442667,0.057374643779164805,0.05799652338064717,0.05863452119000295,0.05928884533685691,0.05995657841513783,0.0606376259596642,0.06133572604719956,0.06194357109762272,0.06249209788037875,0.0630386379009628,0.06358362806084193,0.06412954310744436,0.06467674774043976,0.06522553377051483,0.06577133604949092,0.0663166548165932,0.06686427137443897,0.06741447919698854,0.06796759074565498
NGA,Ninth,7.139415037384296,7.241246209492278,7.343970101279504,7.452199013639785,7.570158145566796,7.699193271032222,7.821970987153234,7.956692703451104,8.10389466229489,8.264901011574093,8.440598985799296,8.614881436793814,8.80642610582949,9.01580902519958,9.244134109288936,9.494163198454668,9.749045833493437,10.02798380214767,10.33226244235399,10.662885947620932,11.022175011991266,11.39167259789801,11.788191248751014,12.211792654872703,12.662994065269768,13.142100909352578,13.630659671462764,14.146676303892438,14.690099145018984,15.261649602852609,15.866168935243278,16.47853727307923,17.118624937128885,17.786953012107542,18.483097245894648,19.206217953383373,19.929458224812862,20.678944849075602,21.456514009228705,22.26187615320763,23.09784753668184,23.94288536488139,24.819369595743417,25.72353606250466,26.65555377779423,27.61083423734931,28.55342929491291,29.51406090241077,30.499318185835808,31.51406629480076,32.56427390136812,33.617107528425336,34.69669104523877,35.80166215107477,36.93379369358263,38.093775186525335,39.2427157447745,40.41386350687126,41.60523569434715,42.81782752510856,44.05701394850863,45.283824063557425,46.534589594672276,47.81110558054043,49.11349941983163,50.442913195204966,51.75728250717569,53.08945417956466,54.43880504044919,55.8138626918619,57.21027052830594,58.57999944673969,59.96487090975519,61.37281445577416,62.81290428809319,64.28189273849739,65.72955285911398,67.19522912490872,68.67704982306273,70.17363389470516,71.68107412677263,0.0787695265838891,0.07877060701446087,0.07876994372286417,0.07878573776647071,0.07881755637480387,0.07886503172208527,0.07892065881339154,0.07896989570041006,0.07903297337877709,0.07910908349509833,0.0791975120659259,0.07946678291865937,0.07981439875937098,0.08024637304368326,0.08070300908839739,0.081184382889874,0.08168287210637096,0.08218814111535391,0.08271826893411742,0.0832732906240584,0.08379432664446641,0.08413796674527926,0.0844829889494051,0.08484699415207746,0.08523004521051791,0.08557983628924086,0.08570855849871488,0.08583288635281135,0.08610807419888523,0.08669977331906738,0.08731140243846146,0.08793894186035711,0.088576346130653,0.08923348517787291,0.08991024622235377,0.09060655829111755,0.09131852836603258,0.09204151156511185,0.09278455651610362,0.09354763985965661,0.09433074030386931,0.09480359789832861,0.09514146854685268,0.09548849363766973,0.09584456492638076,0.09638048775968203,0.09709265415464502,0.09790191220163895,0.09871527118345876,0.09951321219565427,0.10021571727627282,0.10079102173943569,0.10137266323099611,0.10196790713141843,0.10257667971078045,0.10319913311319762,0.10383148932344234,0.10447221290135876,0.10512653068666958,0.1057945132973931,0.10647605883911357,0.10716663489280147,0.1078656070138639,0.10857805969691792,0.10930389277763934,0.11004297703224651,0.11079168244913246,0.11154959908648385,0.1123205301830259,0.11298689881097299,0.11358434781506024,0.11417597182578103,0.11476229707675913,0.11534599837129708,0.11592745882675387,0.11650696683131602,0.11707972743969465,0.11764840829236783,0.1182159010012065,0.11878246694163423,0.11934837996495802
NGA,Tenth,15.175207207323323,15.398600839846749,15.626583114964243,15.865477508393955,16.122510514378806,16.400481342480255,16.66332743400051,16.951417700017373,17.26466667018105,17.606021380000985,17.9675352656641,18.316321782980296,18.69320042184765,19.098832229354844,19.541091719147474,20.024520648693745,20.51406192765325,21.050402038797102,21.633876151004003,22.265927780691914,22.957334947816314,23.68403999018887,24.46394345714444,25.294877953458805,26.177554489956975,27.119475878068872,28.108313472705458,29.153140555399716,30.23072074053749,31.315202395527166,32.455690252154,33.605126874063984,34.80242279716951,36.04658290437676,37.33615740033101,38.66984894302976,39.9943539541408,41.360835848075205,42.76948196359259,44.21941718294581,45.71531836323147,47.279333843886356,48.927612811872216,50.622763249198535,52.365553043029465,54.10497111445795,55.76912392472647,57.434349561882215,59.134565347884966,60.88185609383029,62.70881443504149,64.57099944293523,66.47195702007768,68.40793680680088,70.38130485295275,72.39275554502277,74.36831050321229,76.37340187742562,78.40194100943062,80.45718662245847,82.56197842469278,84.62709032853373,86.72002004050807,88.84112966836683,90.99033512275342,93.16896406448497,95.30028844588205,97.44672525142263,99.6053439593704,101.84346689099486,104.14094518863206,106.38223948073616,108.64271686267327,110.93250616859397,113.26449655219642,115.63424638687553,117.95506189822918,120.29777463832488,122.65833790351688,125.03475506769142,127.42142622070499,0.8569805183895461,0.8569778215745019,0.8569794769920822,0.8569400282731799,0.8568605426167122,0.8567419033348361,0.8566028248839035,0.8564796680372122,0.8563218119737667,0.8561312220152116,0.8559096225980092,0.8552337597676029,0.854358844465637,0.8532677957872524,0.8521098435517372,0.850883979346588,0.8496088841035949,0.8483105356829147,0.8469418536814638,0.8455017558903071,0.8441431247020612,0.8432434769876022,0.842337318890181,0.8413781460357562,0.840365262492185,0.8394371474773227,0.839094836348564,0.8387638178945547,0.838029757546613,0.8364449335375347,0.8347973472466271,0.8330968823746808,0.8313591680194335,0.829556415543315,0.8276877623335713,0.8257521621675308,0.8237592568451888,0.821721053333214,0.8196108720841915,0.8174272605961295,0.8151686769149739,0.8137960725045883,0.8128112005591933,0.8117960502554797,0.8107506176003573,0.8091697813114034,0.8070552316343214,0.8046329230681987,0.8021770742867547,0.7997466655254546,0.7975893081718206,0.7958100696917468,0.7939996058496889,0.792134521744055,0.7902139987015149,0.7882364530580576,0.7862128621943522,0.784147250243294,0.7820216900846452,0.7798346403578522,0.7775850376880641,0.7752865697453608,0.7729402379917482,0.7705275909044302,0.7680473104910137,0.7654980729175416,0.7628907395846094,0.7602251770574998,0.7574861878773912,0.7550956727851857,0.7529338424967106,0.7507754241483865,0.7486186504561331,0.7464536616263925,0.7442789007943645,0.742093086458007,0.7399143435448352,0.7377326421827698,0.7355367509763703,0.7333253429077274,0.7310969919032382
RUS,First,5.474321933331433,5.579490591875766,5.684893969566598,5.792262848510815,5.901456379066154,6.012677660470106,6.118868536720263,6.226256123080717,6.3359272685032195,6.4480779383869695,6.56275826149968,6.671678978041632,6.782753253841598,6.897667838201259,7.0086726349703525,7.117415463213411,7.217825328322148,7.319606705128125,7.422979278167616,7.528080436731219,7.635010919368813,7.732914203385768,7.832444429351986,7.933828742712017,8.037179566768287,8.142662504993638,8.23969426853887,8.338303101589403,8.438783453640038,8.541126068642303,8.645354057519334,8.742068060902426,8.840085988081109,8.940027382577664,9.04199863703521,9.146114929209853,9.24374964900768,9.342681218282857,9.44330938532095,9.545360178712357,9.645672161093515,9.739103145683364,9.83373868050631,9.929690361886543,10.027000210868858,10.125711340948461,10.216798809926628,10.309205886828918,10.402703018607191,10.497220757238999,10.592747507335634,10.679043537908981,10.766296540891757,10.854545719756777,10.943770176854875,11.034007160947487,11.114211486511119,11.194953325040146,11.276581780488838,11.35912002161876,11.442661146028604,11.516560124972257,11.590641432412216,11.665429429500996,11.740926117760802,11.813163072590257,11.875529848980246,11.93762944421271,12.000055498965825,12.062809676755867,12.125938689892587,12.182184641016477,12.237937991264621,12.293481064513653,12.348661412988974,12.403553215641914,12.452534608911856,12.500852797824521,12.545409642529446,12.585937866134683,12.625892200515255,0.0002627065708976261,0.0002577667224732283,0.0002527304420695219,0.0002480018631880661,0.00024356529750897848,0.0002394066726859781,0.0002355061300076465,0.0002317197515071581,0.000228180427558954,0.000224875904354135,0.00022179566978064344,0.00021893942051082522,0.000216242835888402,0.0002138976281868363,0.00021082812973806855,0.00020730797572204163,0.00020388524770670926,0.00020053939645575374,0.0001972799297113311,0.00019410344953608318,0.00019100755729464854,0.00018799585251122282,0.00018505277542091967,0.0001821846709640429,0.00017938795662903863,0.0001766607609754666,0.00017399910918467274,0.00017137932214579643,0.00016882365525276776,0.0001663287971484345,0.0001638889894179743,0.00016149804005663663,0.0001591207157483096,0.00015679992038496507,0.0001545331112736885,0.00015231735108911575,0.0001501458259719405,0.00014799254643496884,0.00014588417992519642,0.00014379482568869102,0.00014152130325675136,0.00013929308721297303,0.0001371023343050919,0.00013494960878507347,0.00013283219882800058,0.00013074864199833156,0.00012870819069465126,0.00012670830281824103,0.00012473805188659232,0.0001227958420791237,0.0001208809420804665,0.00011899837104454825,0.00011714302456586913,0.00011531232482836836,0.00011350452716900428,0.00011171949360784539,0.00010995229184645992,0.00010819380510422065,0.00010645613618327963,0.00010473885792748152,0.00010304107839835362,0.00010135133504408673,9.965928784716123e-5,9.798630024571027e-5,9.633170220918613e-5,9.455675960917858e-5,9.274944910174295e-5,9.094243659258634e-5,8.915603329522051e-5,8.738956677044004e-5,8.56431782268114e-5,8.39088575511064e-5,8.218167276296688e-5,8.047438115425954e-5,7.878651145350528e-5,7.711796495372088e-5,7.546658570367793e-5,7.383133766072668e-5,7.21336670980286e-5,7.03727594827113e-5,6.86359041652146e-5
RUS,Second,9.110826828081779,9.295606979671222,9.4814306572892,9.670458750019296,9.862541744622963,10.058000140937944,10.244997981464847,10.434243111815322,10.627168099877537,10.824086786100002,11.024926487712012,11.21597922459305,11.410559933312635,11.610865639283382,11.80718958502282,12.0016398338842,12.182268356160986,12.365490160593588,12.551639903531083,12.740947354521909,12.933602578473723,13.111134143475674,13.291643901058038,13.475473262045243,13.662818448539042,13.853950012986388,14.030880218656751,14.2107699936904,14.394032015639919,14.58070056686335,14.770838272675844,14.948417882571075,15.128617784335331,15.312279094863653,15.499574287202742,15.690703474730576,15.870896376627252,16.053671432617268,16.23956853273387,16.428267439985554,16.615700336240405,16.79151345548491,16.96969457372544,17.150414522698416,17.333762709429003,17.519819061717964,17.692867448322176,17.86838031394754,18.04608004256375,18.22588618507061,18.407801050109377,18.574037225411544,18.742239396347035,18.91248685120644,19.084769522803885,19.259156595471246,19.416390792484805,19.57500781674328,19.735478602195453,19.897869159280404,20.062479028781183,20.2106635493715,20.35976684743548,20.510487946462742,20.66283925202036,20.811523826250475,20.943895184971442,21.07645527437036,21.210003532559398,21.344548218492008,21.480159142958648,21.604107527773,21.727794556037846,21.851596847444345,21.975304653031888,22.099025197119126,22.21275017139732,22.32581915618542,22.434023962138063,22.536981093357173,22.6394010219031,0.0013640101568746447,0.0013431327654749316,0.0013217661179262053,0.00130162824422845,0.001282664823811829,0.0012648274269187081,0.0012480414808337705,0.00123169436052861,0.0012163663038502128,0.0012020128042430007,0.0011885962402142514,0.0011761225896970752,0.0011643168397562377,0.0011540259769702952,0.0011405235265403047,0.0011249910983718028,0.00110983895949166,0.001094979123415355,0.0010804563612668338,0.0010662582975964846,0.0010523767254986068,0.0010388306316919432,0.0010255523225547883,0.0010125727902291185,0.0009998780589668393,0.0009874617379925282,0.0009753080868628492,0.0009633102567207635,0.0009515719399147723,0.0009400796871745936,0.0009288088120757508,0.0009177321886599503,0.0009066871017980611,0.000895874149616484,0.000885282707341165,0.0008749010330654097,0.0008646982411951294,0.000854553164761834,0.0008445922078916667,0.0008346938385680353,0.0008238914958104817,0.00081327213038377,0.0008027995934505386,0.0007924776041394199,0.0007822941203864352,0.0007722432338828746,0.0007623705140134178,0.0007526650950624552,0.000743074924452173,0.0007335929616412399,0.0007242163414417437,0.0007149704459061293,0.000705831092063968,0.0006967861637926838,0.0006878275468515005,0.0006789551800326821,0.0006701449439673127,0.000661351559024767,0.0006526356688127606,0.0006439955704674536,0.0006354272177128131,0.0006268729862250185,0.0006182801319137139,0.0006097568538304417,0.0006013003863769422,0.000592198471349305,0.0005828974264318295,0.0005735638220167108,0.0005643024377457202,0.0005551101490070223,0.0005459880196761962,0.0005368945149814931,0.0005278033697504128,0.0005187817609950683,0.0005098276682892602,0.000500940884181488,0.000492110199512863,0.0004833301968120284,0.0004741768607744146,0.00046463998853779934,0.00045519002231046983
RUS,Third,11.129821880924169,11.362699582946464,11.597379494723334,11.835942460010125,12.078237297692075,12.324643731932577,12.560643056193257,12.79957438825709,13.04292072689861,13.291058256902826,13.543717881869842,13.784322934700253,14.029198746535208,14.280587105774178,14.528980629440166,14.776484559610816,15.00714692375672,15.241210870050411,15.479061985429151,15.72098310214297,15.967223266480111,16.194908725813484,16.426444460793462,16.662221426845104,16.90248824140945,17.147578234827197,17.375242388228443,17.606785737801957,17.842646059895298,18.082898726021543,18.32763138051497,18.557011973836133,18.789946577328898,19.027317521324342,19.269336362839578,19.516259136223884,19.749742582091105,19.986715005644264,20.227733250308106,20.472514551641957,20.717007818173357,20.947172673086367,21.18052081588286,21.417252148778157,21.657496328647987,21.901356116528355,22.12911975163665,22.360125012104493,22.594108365844615,22.83098814483719,23.070779483420665,23.291238539498615,23.51440004142065,23.740381772851837,23.969190546781544,24.20091614507024,24.411373835687883,24.623930534038546,24.839076164805903,25.056924196727476,25.278018609754177,25.478797417326806,25.681201841682803,25.88594870543857,26.093059705745294,26.297122196322793,26.48141029243912,26.666472482283943,26.853137608451725,27.041424200295623,27.231419989788268,27.407077300868924,27.58291365607682,27.759299221599168,27.93599941322384,28.113144947633,28.278018691475886,28.442504444908597,28.602257782210465,28.756880801121323,28.911266698899116,0.0026046734492238635,0.0025701716437951288,0.002534781181791291,0.0025013507284844826,0.0024698021118090448,0.00244006574289231,0.002412027221691807,0.0023846698699903092,0.0023589706444921118,0.0023348636208977186,0.0023122928547606005,0.0022912759102652787,0.0022713550131283618,0.0022539667924168583,0.002231118516538562,0.002204787568451038,0.0021790515656221667,0.0021537636632166113,0.002129002156777529,0.0021047487620469638,0.0020809917765247875,0.0020577661224134313,0.002034958154628361,0.0020126229688567396,0.0019907388327437985,0.0019692968628905643,0.0019482716158942125,0.0019274797832862234,0.0019071024363804343,0.0018871181203590247,0.0018674852566378385,0.001848158178087306,0.0018288537413078635,0.0018099230270822353,0.001791349179734269,0.0017731128739328034,0.0017551615659738187,0.0017372823996194878,0.0017196988084021143,0.0017021970743481406,0.0016830639776881213,0.0016642209508284924,0.0016456048618734753,0.0016272234089325563,0.0016090559687097622,0.0015910930727911611,0.0015734169119435493,0.0015560093009744647,0.0015387779090165613,0.0015217108019994956,0.0015048032101751248,0.0014881017419242863,0.001471563321781045,0.001455166678941388,0.0014388977321588658,0.0014227566071984762,0.0014066998578952273,0.001390644768324224,0.001374702223948538,0.001358869565174473,0.001343139427618675,0.0013274062920422467,0.0013115724470650508,0.00129583717213416,0.0012801953874717288,0.0012633261260833729,0.0012460513303163994,0.0012286780930219222,0.0012114012559024305,0.001194215042820355,0.0011771218131836677,0.001160043404490229,0.0011429302497529598,0.0011259084462319762,0.0011089742466099874,0.001092127518793149,0.0010753470777287448,0.001058622574014808,0.0010411431681074256,0.0010228829118109292,0.001004739187892998
RUS,Fourth,13.926776460048714,14.225281923013775,14.526563032006255,14.832679241563529,15.14348357585742,15.459438556182455,15.762313892631223,16.06905723297404,16.381252157496633,16.699359357671764,17.02263398561705,17.33089629477169,17.644458547936114,17.965676674815004,18.28503709220407,18.604701664402505,18.903350306821494,19.20649860667775,19.514606126450726,19.828022697843558,20.147088752930934,20.442820384059466,20.743587960828172,21.049848692783304,21.361921093749643,21.680225622132145,21.97666764040546,22.27823544089544,22.585403706767877,22.89831803899437,23.217088050323106,23.516714610122822,23.821154510964575,24.131366380644423,24.447606103559337,24.770213728125416,25.07594395815827,25.386394015313687,25.702149117519827,26.02296586115344,26.344752963936127,26.648427877629672,26.956399592749708,27.26890072952488,27.586122283009693,27.90818834277699,28.209923463766273,28.515955979150373,28.82604794707253,29.140108090505425,29.458172286786088,29.75201849034185,30.04956998231561,30.35100268262263,30.656345035851466,30.965716457790993,31.24816872814208,31.533704338055298,31.822826088850327,32.11574230431936,32.413539880435,32.68569103616706,32.960422609015,33.23848524136631,33.51991503488181,33.79907699889262,34.05370555623448,34.30990025721211,34.5685362885001,34.82964808128172,35.093343484786644,35.339042082635835,35.585516997197054,35.833140353407565,36.08165029860332,36.33120550734755,36.56538734508371,36.79955501681132,37.029144477658136,37.253741514280414,37.47852369399081,0.005374147342624301,0.005311827224389452,0.0052477844739569094,0.005187177508942388,0.005129881558109435,0.005075786722166604,0.005024699152232735,0.004974775889088494,0.0049278084643669265,0.0048836879775457295,0.004842324437689386,0.004803759531744652,0.0047671617537276365,0.004735182194865089,0.0046931106315121545,0.004644555009683189,0.004597021452482615,0.004550242857104398,0.004504367116003457,0.004459363914464577,0.004415215173521974,0.0043719894174209205,0.004329477859805742,0.004287786704172198,0.0042468781397964365,0.004206738228084983,0.004167322526058409,0.004128289312129401,0.004089980535110091,0.004052358077417945,0.004015346685542251,0.003978861755244483,0.003942369566284113,0.0039065346450448835,0.003871327491667615,0.0038367140703232275,0.0038025959572761847,0.0037685693894057887,0.003735061224871743,0.003701664736947009,0.00366510377607235,0.0036290444313341157,0.003593366889931125,0.0035580880195451112,0.0035231689850006385,0.003488592686337321,0.003454519109507787,0.0034209147820050715,0.0033876029277997853,0.003354560940726588,0.003321780720677668,0.003289353427231142,0.003257196659579848,0.0032252696827482666,0.0031935455089952816,0.003162024989252207,0.003130623768059922,0.0030991798321103672,0.003067910196475622,0.0030368102982442804,0.003005865788241759,0.0029748692838466274,0.002943626819702496,0.002912531128374929,0.00288157254327393,0.0028481305577566216,0.0028138255862001065,0.002779264403768957,0.002744833333947255,0.0027105212436310732,0.0026763323759933537,0.0026421107823999925,0.002607755591756368,0.002573519196512035,0.002539394376848875,0.0025053804736373743,0.002471434842955881,0.0024375360781449485,0.0024020351148859773,0.0023648686548807087,0.002327856811103064
RUS,Fifth,16.406387931625975,16.765638941135663,17.128739731295376,17.49752017145458,17.87183790127977,18.252224623022613,18.617139522252895,18.986824377963195,19.362857833285027,19.745773388993392,20.134134796530144,20.504975353649023,20.88201048476974,21.26753598026084,21.652901883328024,22.040145076179904,22.402698582768746,22.77081369689389,23.145008339235787,23.52568821318054,23.913288871745944,24.273251124829283,24.63938379613947,25.012188096489805,25.392048512052135,25.779469213993046,26.14108914961933,26.50904463506645,26.883807930428127,27.26561202237635,27.654574988301583,28.02110041647282,28.393697143907275,28.77333983523821,29.16031645231743,29.555055738594024,29.92986807376049,30.310634036805748,30.697910740167472,31.09153629914844,31.487771170322812,31.86243498083036,32.242511221126044,32.628248878776034,33.01991274682864,33.41763937185986,33.791230436141454,34.17015706061558,34.5542405669834,34.94337769815607,35.33762670172491,35.703415617824945,36.07392931315856,36.449415657064264,36.82992968705006,37.215621889415566,37.569281904865626,37.92710114731181,38.28954026741982,38.65693985400404,39.03117775465342,39.37498179152793,39.72244360856343,40.07428234714992,40.430553074857954,40.78589226098382,41.112602555570966,41.44184400059186,41.77447028934826,42.11053555341781,42.45017025290473,42.768583810482966,43.08855722564598,43.410420170343166,43.73389265459056,44.05916507595997,44.366344834081765,44.6740666234879,44.97795043836418,45.27760826172204,45.578072970229904,0.009123513321439814,0.009031269407208645,0.008936315336156742,0.008846303786122636,0.008761072203511435,0.00868047910518886,0.008604254773919684,0.008529661981770305,0.008459389140490822,0.008393290290546874,0.008331245107796183,0.00827333095008147,0.008218311025148632,0.0081701853227185,0.00810680283097209,0.008033552697580737,0.007961740967238947,0.007890968371349701,0.007821463783354552,0.007753185575874267,0.00768611052639213,0.007620347447093995,0.007555583242653681,0.007491983097337083,0.007429493618710755,0.007368098013827757,0.0073077311608253015,0.0072478729956938544,0.007189049475172666,0.007131206380387166,0.007074230808619689,0.007017995035732522,0.006961677303144578,0.0069063049581037485,0.0068518348341017835,0.00679821751650816,0.006745302497927548,0.006692465597010264,0.006640369609720741,0.0065883842263457434,0.006531400212680862,0.006475122080645031,0.006419365562849952,0.006364158353050701,0.006309441300529459,0.006255188874474607,0.006201654533058487,0.006148787843754217,0.006096312080491136,0.006044192926967046,0.005992418545847736,0.005941134210272424,0.005890210806436363,0.005839584676830397,0.005789213450856151,0.005739099827273073,0.0056891092180181395,0.005638983890995035,0.005589068963125381,0.005539358057705193,0.005489828177585188,0.005440147188215735,0.005390002685535967,0.005340023510420021,0.0052901949109418105,0.0052362892533160225,0.005180905922920848,0.005125018656489355,0.0050692508289003945,0.005013584205914391,0.004958025252795111,0.004902319814546033,0.004846301906585453,0.004790381420205297,0.004734546196380384,0.004678795249304187,0.004623057487587958,0.004567297497379777,0.004508793625743669,0.004447424477387881,0.004386186412562146
RUS,Sixth,19.93751700249028,20.383016095560393,20.833875838629176,21.291626407248632,21.756138130144418,22.228039117567523,22.681075430005432,23.14016956419468,23.606899044815076,24.081899429939035,24.562209484010328,25.021826867747187,25.488893822673376,25.96563073624641,26.4445749603851,26.92759156505296,27.380700589646484,27.84087486467078,28.30871506503455,28.784694388646848,29.269409130479815,29.72024519368154,30.17885419023382,30.645787051328597,31.12152063338866,31.60668276755864,32.060474601926536,32.52231070179233,32.99264633789246,33.47187484355146,33.96009060840971,34.421349742377444,34.89046419741841,35.36844034168608,35.85559244225714,36.352492996292575,36.82516723367594,37.30555811799224,37.79416372762844,38.29093694727001,38.792695619239815,39.267803004177175,39.74992205997327,40.23930268789793,40.73633855241386,41.24116206668397,41.716463139918595,42.198566722395334,42.68740802886053,43.182845044870604,43.68496933420017,44.15297291605536,44.62715466511159,45.10788841529221,45.59526981089634,46.089490943690514,46.54440747561029,47.00507040578157,47.47183069098095,47.94530431478506,48.42910840652008,48.87570376538273,49.32751520851947,49.78521393269826,50.248879086326106,50.713587993531696,51.14389680394498,51.578145785662585,52.017149639682714,52.46099325849868,52.909839121653754,53.33291622997189,53.758707251241745,54.1874835575465,54.61894353293045,55.053320229720875,55.46578240273512,55.87962210189715,56.290780091963654,56.698914647591735,57.10879536940847,0.01712171065899842,0.016973300138580647,0.016820270449417824,0.016674961547154935,0.016537148363727397,0.016406633720081807,0.016283014460650932,0.0161618683242164,0.016047582488941656,0.01593994533227098,0.015838785144332627,0.015744251051140128,0.01565434226132534,0.015575620259694613,0.01547182881374727,0.015351717167262758,0.01523379418848156,0.015117411713224171,0.015002952585263574,0.014890355482111536,0.014779589620486857,0.014670841759081024,0.014563600018690049,0.014458144861467738,0.014354394043577117,0.01425232446523571,0.01415183603134694,0.014052064694128768,0.013953892988337,0.013857234527566086,0.01376190575015283,0.013667697160557855,0.013573233253624485,0.01348023892020574,0.013388647361426743,0.013298378600310279,0.013209184039384208,0.013120013232146737,0.0130319861008751,0.012944039541570626,0.01284751283767089,0.012752055382470161,0.012657356494121625,0.012563465488372673,0.012470284883773866,0.012377773504634853,0.012286366285094502,0.012195979980250056,0.012106145142946445,0.012016804172410097,0.01192793785625462,0.011839797294064244,0.01175216306653675,0.011664926289112074,0.011578015298855146,0.0114914344704888,0.01140495304281214,0.011318123419287856,0.011231542339068633,0.011145199315508373,0.011059055341708217,0.010972530789151239,0.010885078976039035,0.010797794543106956,0.010710650582855216,0.010616238913363022,0.010519088182378828,0.010420896637148336,0.010322755533563682,0.010224633139824676,0.010126539373264118,0.01002802343278032,0.009928787396152036,0.00982955564708918,0.009730304691499396,0.009631031431164207,0.009531607808833175,0.009431968194784035,0.009327234257440807,0.009217156748205075,0.009107093220582051
RUS,Seventh,23.306742156094472,23.83843588913342,24.377262239901295,24.924142238235817,25.478956862139377,26.042420721156482,26.583750757681432,27.132483079050367,27.690049147853216,28.257177497132744,28.82868458109225,29.376902811915045,29.93372613698332,30.50105806974013,31.073910373143615,31.65370997551432,32.19867186838331,32.75226425649345,33.315154756673856,33.887867682578005,34.471191343723504,35.01449767519496,35.56722500968639,36.12994070942834,36.70321415456011,37.2878064099362,37.83572927079942,38.393479627353436,38.961428288040466,39.54018521203191,40.12978035953722,40.68833103266348,41.25665477464493,41.83571178666382,42.425817086703155,43.027719215836406,43.60132139447639,44.184546770425726,44.777742074742655,45.38104013951164,45.99244058631662,46.57205060534695,47.16040241675211,47.75771272778268,48.364546257103676,48.981003663093375,49.56273889966396,50.152827874255856,50.75139043332077,51.35822212766399,51.9734535750619,52.54960518755124,53.133523923512826,53.72575778393706,54.326453933294786,54.935851239286336,55.4988428001723,56.069458093678456,56.64782144588844,57.23496089062187,57.837166202704445,58.39564037169308,58.96120056973961,59.53437594119707,60.115278771779245,60.70018120628609,61.24541932478927,61.79639232791071,62.3537738962098,62.9176855634836,63.4883312478427,64.02894246162548,64.57380936804364,65.12307166439896,65.67642147224448,66.23413997618188,66.76639181962462,67.3012149358787,67.83549759736695,68.36902282423621,68.90563495786327,0.028345481981409248,0.02814221547412442,0.027932236676088313,0.027732485690489504,0.027542706823771315,0.027362679445525347,0.027191890943976046,0.027024262460250106,0.026865890465290365,0.026716521483189058,0.026575953553087502,0.026444428197043207,0.026319189022535012,0.026209413774322673,0.026064507465430015,0.025896570362542497,0.025731437333995997,0.025568208216152032,0.02540743092701949,0.025249029491826096,0.025092970848192477,0.024939528661034886,0.02478798948831283,0.024638758589925872,0.024491728417059523,0.024346876341525575,0.02420406730862883,0.024062079711440858,0.023922174218352094,0.02378423644277252,0.023648012113632853,0.023513205956421656,0.02337785305506686,0.023244425155571718,0.023112835083390917,0.02298297376671291,0.022854490720518532,0.022725872661664762,0.02259873850298018,0.022471554445765325,0.02233177070881417,0.02219333619889419,0.022055805049015914,0.021919251213152927,0.02178353796315757,0.021648607636070318,0.02151509751022022,0.021382893489619578,0.0212513104940151,0.021120266918288184,0.020989735493217674,0.020860089202833824,0.020731005933732664,0.02060232729605763,0.02047394926879259,0.02034587861592212,0.02021777360163698,0.020088968679810863,0.019960348817229356,0.01983189748395064,0.01970355714008965,0.019574462899714134,0.019443791150911167,0.019313175703852457,0.019182575334237173,0.019040860425286906,0.018894789622064555,0.01874690136635685,0.018598833631088777,0.018450533594933094,0.01830201657819429,0.018152593849578517,0.01800180835003881,0.01785075360305794,0.017699392000284395,0.01754771441929578,0.017395523202691467,0.01724271280236447,0.017081773824183993,0.016912272416614176,0.016742427867371144
RUS,Eighth,29.20849053508465,29.89009119344979,30.581844095669954,31.28370263258765,31.995575719335516,32.71832872917256,33.41325124004086,34.11792021560832,34.83354352371511,35.561011502572754,36.289002777858755,36.99080663676375,37.70315048295514,38.42744236076431,39.162754635869504,39.90977463631307,40.613343256437346,41.32820615349481,42.055149302747665,42.79473417280439,43.54818673389917,44.2503594420652,44.96474433419809,45.691879083724004,46.43248914707286,47.18759630274482,47.89688116906124,48.619012830582626,49.35414501568358,50.103424845749245,50.86660680295731,51.59229101588641,52.33101260169711,53.08371089420022,53.850608455552276,54.632849706163356,55.379809794109015,56.13970168532866,56.912520617562144,57.69870361549373,58.49845497919208,59.256661901896635,60.02661646112246,60.80837735488505,61.60290812645249,62.41015167255261,63.173667343899325,63.948136860420625,64.73411572957548,65.53118640144605,66.33955030307332,67.1018311253405,67.87458380114431,68.65877030818828,69.45462781106446,70.26248042683886,71.01146960467064,71.77152238059021,72.54214423166597,73.32549436117581,74.13539707153969,74.89029000774543,75.65553406600291,76.43140897087332,77.2180869313544,78.01392419518125,78.76100819694747,79.51696733824376,80.28222992927601,81.05698825573052,81.84151209770154,82.58863675456945,83.34272956975013,84.10370875465233,84.87126190218623,85.64575704530553,86.38866771708982,87.13627061321904,87.88714263468366,88.64129328219363,89.40092615289659,0.05873794754471554,0.05841541210265592,0.05808147271767101,0.05776308507375788,0.05745994356626437,0.05717179049078088,0.056897895025756484,0.05662856075248359,0.05637363663516174,0.05613279092189245,0.055905765255166884,0.05569302040785819,0.055490150198685716,0.05531209092188659,0.05507671085802641,0.05480343621485207,0.054534211039578936,0.05426759207819984,0.0540044869901747,0.05374479290050649,0.053488474590577005,0.05323599947410839,0.052986212774435285,0.05273979853042885,0.05249659621310675,0.052256585524666846,0.052019556513787125,0.05178349382775695,0.05155050243422728,0.05132040701697832,0.051092794377939725,0.050867188027251695,0.050640295278821745,0.05041626643507387,0.0501949669044119,0.04997622739709797,0.049759466033630184,0.04954213574617854,0.049326974938534496,0.04911139118253793,0.04887405853278215,0.04863860802323676,0.04840429202426438,0.048171241397265356,0.04793922740831601,0.0477081567692305,0.047479129775680265,0.04725195782887455,0.04702547119930184,0.0467995340660587,0.046574100618732704,0.04634981745163896,0.04612613313325311,0.04590277532184475,0.045679562190772446,0.045456509540205935,0.04523301868063577,0.04500792399366056,0.04478276780035057,0.04455751921455591,0.044332075911559014,0.044104914186086974,0.04387457338824432,0.04364392054945713,0.04341288262713567,0.0431617119062946,0.0429023084734445,0.04263913995950863,0.04237510707454568,0.04211011104915985,0.04184416970996207,0.04157604010274926,0.04130488631787857,0.04103265865086413,0.04075928119540747,0.04048473057572639,0.04020863848382676,0.03993079835472984,0.03963750086299393,0.039327837168127,0.039016755509146836
RUS,Ninth,35.41806650287669,36.268443920310155,37.13311461859438,38.010093828419436,38.899310697194686,39.80176864847407,40.670329511083736,41.55144772527297,42.445685086197045,43.35408735315762,44.25471877844796,45.12874126636143,46.01513337075873,46.914085290594265,47.832817162555145,48.77041755645326,49.65566032300232,50.55532281483725,51.470279335524694,52.4010428789575,53.34950420485151,54.23380449466425,55.133515076750776,56.04899575541979,56.98114286165381,57.93131970687217,58.826190998447906,59.73743566002481,60.66470597365304,61.61004785432545,62.57264410047162,63.49228556627383,64.42895652999769,65.3833961638332,66.35556679996245,67.34723344214987,68.29649873756962,69.2628226863055,70.24544918702873,71.24534125371035,72.26714871289018,73.23544776450035,74.21922884805117,75.21817917798444,76.23393516490574,77.26608066484563,78.24491148932061,79.23774907575651,80.24595981167573,81.26870144809348,82.30627227642103,83.29356798297363,84.2947093371632,85.31138315746027,86.3439646569834,87.39288656096917,88.36928768425923,89.36166297602095,90.36823687723182,91.39330262354837,92.4651241421289,93.47008234850611,94.49005046086522,95.5247514802768,96.5744491301135,97.64208777010822,98.65235239742351,99.67625797939432,100.71365339988668,101.76484608455412,102.8302030193212,103.85083009085591,104.88273179482879,105.92537171904411,106.97847262717526,108.04252719980893,109.06903578715445,110.10381825395741,111.14928091946457,112.20594485665485,113.27215657939323,0.10942107514426176,0.10905519850524906,0.10867500261030211,0.10831119806122294,0.10796362141754898,0.10763214350238348,0.10731608589945707,0.10700435800524966,0.10670844833074367,0.10642811355643073,0.10616318184807912,0.10591430946015724,0.10567644141281979,0.10546722810602119,0.10519002757127478,0.10486729590744062,0.10454839091086832,0.10423163595849104,0.10391813869573899,0.10360780985047731,0.10330063925825377,0.102997220942687,0.1026962001534295,0.10239842589200622,0.10210373583331533,0.10181213046224058,0.10152338899285979,0.1012350683038554,0.10094975764349212,0.10066726718783603,0.10038711658868002,0.10010873196276952,0.09982805760041054,0.09955022913943591,0.09927510382284697,0.09900249572801631,0.09873169637346425,0.09845952530615233,0.09818942310823972,0.09791813609831655,0.09761872435751905,0.09732090102232441,0.09702373008510236,0.09672738953073327,0.0964315964242193,0.09613623807313533,0.09584273358035915,0.09555085853736256,0.09525911861766875,0.09496734127653429,0.09467547146597242,0.09438435331496096,0.09409327275871683,0.09380187899559077,0.09350993758705767,0.09321746165759548,0.09292366500218922,0.09262700285481137,0.09232949570701089,0.09203109831787157,0.0917316724353642,0.09142917829953418,0.09112164275354831,0.0908128730211064,0.09050276180376911,0.09016468950637295,0.08981450098901786,0.08945815046586467,0.08909953111486656,0.08873849416981948,0.08837504263410939,0.08800745529499883,0.08763454128483289,0.08725895208903953,0.08688056018240013,0.086499311892174,0.08611466817297678,0.08572631277299715,0.0853149509599143,0.08487906569071986,0.08443954931983656
RUS,Tenth,64.78324518105697,66.43948365164982,68.13047512143076,69.84449380242762,71.58161117754936,73.34345009303243,75.04291617399942,76.7687647708261,78.51812734295885,80.29274460150754,81.92761875110214,83.59982510153225,85.28877805946357,86.9885979642419,88.74919442792505,90.55973022699601,92.27628251186356,94.0194768035013,95.79053963918369,97.587486740516,99.41968841252509,101.10330590986682,102.81370709971196,104.54771895536828,106.30676172796896,108.09509062335668,109.7872727249999,111.50848572762428,113.25231432668328,115.03212722874176,116.83711668620711,118.60375047900463,120.40326354320796,122.2371855035639,124.10007551965035,126.00076052332435,127.83097475744134,129.69730437546283,131.59074951700424,133.51481281564483,135.5063166196434,137.34893607854684,139.22354429331506,141.12318959060536,143.05771361972364,145.01997613969095,146.88504499390143,148.77270709429558,150.69370071953782,152.63987099007113,154.61194436372784,156.59490637029813,158.6040591164791,160.65026088752785,162.73467766109476,164.85838021821903,166.83951374732132,168.86856014590015,170.92598593763077,173.04784819117538,175.48355004757414,177.80166812517115,180.15909775747764,182.552600301453,184.98294907851346,187.47825721701932,189.88141621698458,192.32382332550117,194.8021739414617,197.3174213490507,199.8704802583185,202.34854698411422,204.86169670953788,207.40697266698183,209.98444164441466,212.59527506963963,215.14454438315192,217.72269839813876,220.35431017931413,223.04315385471494,225.76534004666192,0.7676447338295548,0.7688997060160485,0.7701976399946201,0.7714338074964087,0.7726095938339372,0.7737261871713761,0.7747865849114739,0.7758284286049154,0.7768137270991035,0.7777438981086292,0.7786200598890928,0.779440562481502,0.7802224896369849,0.7809083890229173,0.7818145416562204,0.7828657859980932,0.7839006283345331,0.784924658622391,0.7859344214546896,0.7869303522755602,0.7879126239232578,0.7888794796919572,0.7898353732100688,0.7907777218946122,0.7917071688860944,0.79262382760256,0.7935285186545519,0.7944289617928421,0.7953171446737608,0.7961937637623598,0.797060410617301,0.7979189316952184,0.7987818523837934,0.7996334036494804,0.800474119503805,0.8013046616629439,0.8021272587446583,0.8029515899566253,0.8037672713185591,0.804584144029912,0.8054829527977051,0.80637414669267,0.8072605771050856,0.8081417553760228,0.8090185607470789,0.8098913575074447,0.810756003589428,0.8116132248392789,0.8124674486524216,0.8133192000932952,0.8141686548055997,0.8150133845401235,0.8158554802033334,0.8166959725702537,0.8175355468884913,0.8183741596184234,0.8192140595929389,0.8200596271968708,0.820905072147795,0.8217505133185946,0.8225963374817221,0.8234482667401397,0.8243117723591927,0.8251761012174718,0.8260415347217293,0.826981998080568,0.8279528830181233,0.828937444159232,0.8299248287561443,0.8309154078381196,0.831909121064595,0.8329106099459241,0.8339230038604896,0.8349390148048506,0.8359589329308267,0.8369828495907696,0.8380121461381828,0.8390475901911121,0.8401402576588575,0.8412934791842338,0.8424515657450296
TUR,First,4.531750459709197,4.617456913990709,4.701487529822762,4.78699813738485,4.875328372877094,4.966697191331437,5.055444201072506,5.146075578971843,5.239120432061525,5.3346450248178465,5.432964612153642,5.527766012951412,5.625022976574218,5.725747714577234,5.823104232015731,5.919059015846336,6.013438198770517,6.109972532237209,6.2089100737594745,6.310276900875067,6.4143910530348744,6.517359806642914,6.6223213557515574,6.7292163108448015,6.838027822702601,6.948498570250353,7.056896197634999,7.166944078974688,7.279335403802342,7.394829438168097,7.5136682676020055,7.631483060161407,7.750861881842171,7.872365613572528,7.9957783132598745,8.120750513941399,8.243533606169088,8.367833465173582,8.494445750138206,8.62282155297976,8.750598773928491,8.877399562939516,9.005995964665114,9.136176367047817,9.267796518240894,9.400831252685979,9.53076589685586,9.661335584420202,9.793141420028725,9.926965734094047,10.063232325445117,10.197249002212443,10.332854446001626,10.469621322042922,10.607760143082603,10.747287156890193,10.882826912709762,11.018721608820062,11.154889096223274,11.291368623109323,11.428472649171287,11.561342118928795,11.694878940255467,11.829858122919466,11.96613895034327,12.099662181180214,12.227258693510686,12.354107222154237,12.480680867943994,12.606729051892769,12.731825926558956,12.850639334796568,12.968284127337112,13.086353028289334,13.206043735671177,13.32663567023121,13.442057516159425,13.556829745656769,13.66713365948227,13.772298737018764,13.875436001819283,0.0003261230232217032,0.000320080467571461,0.0003139181130333959,0.00030813066971267295,0.0003026990578797424,0.0002976063371355216,0.0002928285319007738,0.0002881893522627317,0.0002838519100409256,0.00027980123828397056,0.00027602475981902057,0.0002725221702371177,0.00026921474112471844,0.0002663377662449011,0.00026257159925464115,0.0002582514834726679,0.00025404981666217057,0.00024994158236857166,0.00024593836600347505,0.00024203619685674884,0.00023823205815701412,0.00023453052305565537,0.00023091245448657476,0.00022738574074522845,0.00022394602255368948,0.0002205910161103251,0.00021731594934811384,0.0002140916035070357,0.00021094554523115144,0.00020787361985089345,0.00020486885112504572,0.00020192357598755522,0.00019899446257470686,0.0001961343986559179,0.0001933402085146512,0.00019060842240605747,0.0001879305700050866,0.00018527466487437073,0.00018267359616516425,0.00018009545587399439,0.00017728941025694977,0.00017453865636657805,0.0001718335247807329,0.00016917475137978225,0.0001665589466911792,0.00016398440617241807,0.0001614625080735218,0.00015899019466039113,0.0001565539731696264,0.00015415187452440344,0.00015178300217862973,0.00014945358712878533,0.00014715732462370606,0.00014489106203819844,0.0001426526115082464,0.00014044185934378826,0.0001382526831695167,0.00013607379281098717,0.00013392018557302325,0.0001317913501350706,0.0001296861738818106,0.00012759047789104172,0.00012549142342204342,0.00012341548737019025,0.00012136186852386895,0.00011915832274765129,0.00011691395860444662,0.00011466934046470513,0.00011244968106968864,0.00011025418026559247,0.00010808296672973179,0.000105926146729502,0.00010377757463855684,0.0001016530776516808,9.955211486373313e-5,9.747456381481941e-5,9.54177605642913e-5,9.338038340203393e-5,9.126457418878763e-5,8.906915685290367e-5,8.690296813092995e-5
TUR,Second,7.500724982324267,7.652590435516164,7.802902950410026,7.955748832759264,8.11297763650713,8.274931561719951,8.432236123513565,8.592756460597005,8.757170085357778,8.925611141281712,9.098445897415768,9.26525773486134,9.436093685318777,9.612237639588889,9.785174270275192,9.957451273536918,10.127220830886662,10.300754679266337,10.478426392249695,10.660312712430494,10.846896992071342,11.031624332466484,11.219957926717385,11.411845141264672,11.607301772218088,11.80601379130323,12.00161596453584,12.200398275992896,12.403318877736831,12.611465696657522,12.825211268036819,13.03737496476805,13.252660666636707,13.471829664060714,13.694617777605037,13.920582725650473,14.143350992845319,14.369155441049223,14.599089754941344,14.83246527002719,15.066333398426163,15.298566265975404,15.534183318511875,15.77292191480421,16.014623966791174,16.259282769597707,16.499203797136826,16.74085622044201,16.985119021939514,17.233106257153594,17.48544102283023,17.734058878505156,17.985748241074546,18.23995881937342,18.497017070889886,18.756977312297618,19.01054087729313,19.265469803209577,19.521649127534385,19.779174427983502,20.038627532049066,20.291229229196887,20.545645190761984,20.802945240542975,21.062967035652573,21.320364725870277,21.568532824813715,21.81649520042115,22.064892477661523,22.31339297465126,22.561419022187877,22.799483660910443,23.03663575430891,23.275102379604412,23.516595992524927,23.760140691640643,23.995150861296242,24.229902781838145,24.459236744696458,24.682222132927762,24.903029228339584,0.0016256474518439117,0.0016011878783778394,0.0015761480242118039,0.001552541483427669,0.0015303055551342609,0.001509384695901653,0.0014896920206577252,0.0014705097158906125,0.0014525189852920817,0.0014356685015376332,0.0014199146813993772,0.0014052651596837495,0.001391397366801892,0.0013793071921581021,0.0013634408191637234,0.0013451850373843396,0.0013273717952703875,0.0013098980418394877,0.0012928165483421634,0.0012761130609238486,0.0012597782285069519,0.0012438343514250443,0.0012282022109024802,0.001212918237172491,0.0011979663936635553,0.0011833392156925142,0.0011690183688285124,0.0011548780662235434,0.0011410406612389408,0.001127490403008074,0.001114198316060676,0.0011011325283995924,0.0010881013307024923,0.001075341292848456,0.0010628400805952315,0.00105058392053162,0.001038536491597329,0.0010265547373030425,0.001014788099234599,0.0010030930509589853,0.0009903271414663497,0.000977774656604074,0.0009653929408978148,0.0009531864946332612,0.0009411412128341204,0.0009292501731671485,0.0009175673430904602,0.000906079863031283,0.0008947263391584666,0.0008834985667471438,0.0008723929464119936,0.0008614398558063454,0.0008506104760422561,0.0008398907315248109,0.0008292709427446033,0.0008187510899570603,0.0008083025922005066,0.0007978717624087641,0.0007875305553368632,0.0007772769989545565,0.000767106173638163,0.0007569499218642381,0.000746745363422831,0.0007366211384290783,0.0007265739034444846,0.000715757130561742,0.0007047008167737976,0.0006936028229719226,0.0006825877467684291,0.0006716518464840671,0.0006607964153278386,0.000649971986805841,0.0006391473895591708,0.0006284024586223326,0.0006177348592122289,0.0006071443392340509,0.0005966176561889885,0.0005861482527355106,0.0005752302655089552,0.0005638511545558538,0.0005525719519437293
TUR,Third,9.117143302432002,9.308392691394792,9.498468027320177,9.691657647028666,9.890057190434206,10.094070566120292,10.292285259554685,10.494521560647769,10.701431229813155,10.913184004688867,11.130103228002968,11.339592632777212,11.55395447313489,11.77442981623963,11.992672723040826,12.21132157609937,12.427031826798684,12.647507189221958,12.8731786690701,13.10415665282738,13.341016761335114,13.57568977390596,13.814984922216995,14.058849468284716,14.307324115540348,14.560076074076512,14.809252343239548,15.062618187588171,15.321235685969608,15.586369937216027,15.858468917203155,16.128797784605503,16.403326279931605,16.682853647811285,16.96709847295568,17.255585744420795,17.54044905385072,17.829404688725106,18.123648311419576,18.422480505808736,18.72310080192032,19.0218098380763,19.32498461464707,19.632340824468553,19.94372857133895,20.259158355057632,20.569072037391205,20.881535895597505,21.197604838980467,21.518568445066133,21.84516309740673,22.16738074271767,22.4937242497701,22.82359889248631,23.157403461899133,23.495221607049523,23.825451004527334,24.157931535234006,24.49249225926289,24.82928122613439,25.169126669547662,25.500843395347225,25.835390393950245,26.17391655124771,26.516259874477722,26.857023750196,27.18713770397709,27.517807831337052,27.849681486425286,28.18239918960721,28.515310395505832,28.836449227578463,29.1572763815813,29.480293527610947,29.80749445835032,30.137784583265198,30.457857509467193,30.778316626097954,31.09381153627123,31.403338215182124,31.71108568086231,0.003030979829313487,0.002991573940445167,0.0029511418600608207,0.0029129386125487052,0.0028768763113886007,0.002842876773680355,0.002810811003318283,0.0027795170080531562,0.0027501132679395427,0.0027225249802363483,0.002696690109635536,0.002672629013730859,0.00264981846939507,0.002629904906396746,0.0026037335549723723,0.002573566554011577,0.002544074041987154,0.0025150882833591096,0.0024866993726142448,0.002458886730818994,0.0024316373725723887,0.002404991454101883,0.002378818974272711,0.002353183375575877,0.002328060106126653,0.002303439195522974,0.0022792917658275348,0.0022554073518871957,0.002231994343559473,0.002209027986437554,0.002186461179090643,0.0021642411545072368,0.0021420428264686073,0.0021202697584866087,0.0020989027879867905,0.0020779203008806477,0.0020572613924746117,0.0020366815418389607,0.0020164380247011445,0.0019962849275055273,0.001974248520848667,0.0019525417228526667,0.0019310915958411726,0.0019099073855444657,0.0018889653941505595,0.001868254751436814,0.0018478704082286505,0.0018277915411066422,0.001807911708989796,0.0017882172630735956,0.0017687028503243886,0.0017494222301365223,0.001730325969575622,0.0017113895433220744,0.001692596356280877,0.0016739470155164495,0.0016553912461812295,0.0016368335650519842,0.001618401909054,0.001600093366845727,0.0015818995170374308,0.0015636982505646876,0.001545376481835455,0.0015271646653154877,0.001509057007899771,0.0014895238142149851,0.0014695160170350608,0.0014493891324718988,0.0014293686594428839,0.0014094482234151314,0.0013896301670197335,0.0013698241293657188,0.00134997255818158,0.0013302215388760696,0.0013105667794704508,0.0012910079837657382,0.0012715208550754759,0.001252093279429462,0.0012317827047019579,0.001210558429354128,0.0011894627142465745
TUR,Fourth,11.369251095594127,11.614554373515766,11.859181740085862,12.107752739186601,12.362682573397004,12.624461912741847,12.878844543986913,13.138348916957822,13.403626730434254,13.674900058073547,13.95232180041966,14.220455521940181,14.494642692550073,14.776122406496478,15.05652339634001,15.338655198462401,15.617232758778426,15.901935317615772,16.193275412257037,16.491407574481823,16.79703592149872,17.099973041596723,17.408917149961503,17.723820367739595,18.044758523131676,18.37138140074144,18.69378489413234,19.021753200494377,19.35648591948222,19.699486801571336,20.051293253035134,20.40107666641773,20.75651608699079,21.118481721501666,21.486670117918187,21.860572942182216,22.23026913368182,22.60549045890438,22.98757221391274,23.375794446539143,23.76747602546409,24.156786921680936,24.552030803296958,24.95289419243122,25.359247796489356,25.771121827300448,26.176413980370572,26.58538528033704,26.999318873922412,27.419721850853758,27.84747668403391,28.269997168909043,28.698064130536622,29.131039846978204,29.569418842352306,30.013324769926967,30.447975372025514,30.886088171776347,31.327422165471123,31.77221865542326,32.221789900592576,32.66144885417764,33.105295078931675,33.55459557665096,34.0091937476835,34.46353800826908,34.90522322955122,35.34849621378943,35.79403071795616,36.24143348490897,36.68996948310934,37.1242543222293,37.55905087354689,37.99721578147945,38.44109978405278,38.889466109702845,39.32528696008897,39.762373276638336,40.19507688949376,40.62230066630051,41.048339636253786,0.00613539480033394,0.006065675480350495,0.0059940093647966675,0.005926169988469104,0.005862019603085868,0.0058014385245493275,0.005744211949350941,0.005688276497375926,0.005635641255037537,0.005586186459661372,0.005539812617699614,0.005496568720193848,0.0054555230803339195,0.005419651543009015,0.005372451093715024,0.005317964376631589,0.005264612472035366,0.005212095748046153,0.005160581268882277,0.005110035273456831,0.0050604381410271175,0.005011867552991529,0.004964088882266926,0.0049172223108525995,0.004871225602779229,0.004826083975972844,0.0047817478058652715,0.004737833131773903,0.0046947243435047255,0.004652379511280228,0.004610714151105582,0.004569633380263373,0.004528536459462122,0.0044881716225531896,0.004448506368801887,0.004409502537975244,0.004371049362610198,0.00433269224416132,0.004294912259593165,0.004257250968698985,0.004216012951866727,0.004175332040649443,0.004135073846605985,0.004095257024389023,0.004055838101731724,0.004016798222739306,0.003978317969497511,0.003940359873854746,0.0039027244111708094,0.0038653863187033673,0.0038283364554412566,0.00379167832679685,0.0037553183928898766,0.0037192110318162623,0.003683325616860632,0.0036476634927568013,0.0036121289526825874,0.00357653885673478,0.003541138704285736,0.003505923350519512,0.003470876810505328,0.0034357638040292786,0.0034003648591834717,0.003365124679314174,0.0033300323762777014,0.0032921163537530137,0.0032532126122611603,0.003214008652575809,0.0031749426649221157,0.003136001906289917,0.0030971912269033,0.003058333202897383,0.0030193137313904985,0.002980418974345237,0.002941640710867798,0.0029029782296887807,0.002864383081115101,0.0028258308965702756,0.0027854451338917485,0.0027431520398435035,0.0027010220934732252
TUR,Fifth,13.344736497057779,13.639637452517453,13.934505455904857,14.23405421454411,14.540961253653101,14.855788941272555,15.161794053158475,15.47394486927241,15.792821593690212,16.118690703565406,16.45141900802397,16.773266844150584,17.102199313462258,17.439324729291837,17.776975429050836,18.117962175661305,18.45491131109766,18.79926481305133,19.151600097164366,19.51211152030693,19.881622535512562,20.248019999194106,20.6217343802303,21.002714159083236,21.39107207274402,21.786450945562322,22.17712067130413,22.574681736426843,22.9804248290082,23.396069452439658,23.82222746401542,24.24625594699093,24.677377232951624,25.11647785338931,25.563234957882724,26.017127594240943,26.46639622927777,26.92261049638884,27.3871821265267,27.8594185429881,28.337085308987763,28.812006177208303,29.294304458515256,29.783640185690746,30.27992043602978,30.78319081332769,31.279034747425122,31.77970527763889,32.286710237016656,32.80174141627504,33.32581220279217,33.844088625324,34.36934013870314,34.90091243017148,35.4393915122735,35.98494281236112,36.51987125414298,37.05958536491844,37.60374304620796,38.1527047506276,38.70843122606029,39.252811512105474,39.80286792628614,40.35991296421534,40.92380259308155,41.48933902459391,42.04076333800702,42.59504364297774,43.152813274129834,43.71366277771693,44.2767929424056,44.823674134734915,45.37215522922994,45.92535461210879,46.485936938047566,47.05255843541459,47.60474442941303,48.15931895028084,48.710795783062984,49.25805418149278,49.80505064071906,0.010238492727758331,0.010137244551447112,0.0100329930714941,0.009934141856132268,0.009840515690392269,0.009751962897454051,0.009668191117980885,0.009586193049044124,0.009508927622546853,0.009436236402177306,0.009367989662343198,0.009304275369850934,0.00924373410779201,0.009190770773129388,0.009121004598066446,0.00904036038295891,0.008961281404842,0.008883329178365387,0.00880675671252057,0.008731518414027827,0.008657590005727607,0.00858509201785297,0.008513680206709893,0.008443537010346324,0.008374604490684135,0.008306864615788927,0.00824024649958416,0.008174176114309985,0.008109235123547592,0.008045363729942353,0.007982438061592004,0.00792031727392027,0.007858094147876568,0.007796903447623817,0.007736698326248802,0.007677424598571812,0.007618916284117771,0.007560483061076523,0.00750285922458539,0.0074453464826059555,0.007382291231496252,0.0073200046436986315,0.007258282490490454,0.0071971557572013825,0.007136559784566221,0.007076466490801356,0.007017156369852785,0.006958574132345011,0.006900413374878229,0.006842636561954124,0.006785230537800328,0.006728356311074214,0.006671871291861842,0.006615704783505813,0.006559810288402785,0.006504190452477501,0.006448696181957695,0.0063930409924649306,0.006337608374034897,0.0062823908876978056,0.00622736380947767,0.0061721572717870305,0.006116424001477041,0.006060863527599849,0.006005457973691893,0.005945506571543976,0.0058838970846957234,0.005821712486254722,0.005759645425634892,0.005697675822949312,0.005635811427363246,0.005573768083544767,0.005511361240030148,0.005449047494821858,0.005386812548047249,0.0053246555154296115,0.005262497157841633,0.005200297592070636,0.005135019795402698,0.005066525405941079,0.004998156854409687
TUR,Sixth,16.1635538258038,16.529040150972495,16.89542848920455,17.267565331976407,17.648482163851106,18.038841818800737,18.418341859851747,18.8054425698728,19.200635077836143,19.604250716024534,20.015478698465138,20.413751096379865,20.820569523756276,21.23687443113398,21.65594803859303,22.080602800394693,22.500529817106,22.92967018494272,23.368693413748403,23.817845877112433,24.278130249615877,24.734624827225133,25.200290928427417,25.675070403140634,26.159129042136477,26.65211059674019,27.139707460766775,27.63607775515306,28.142625378226786,28.6613843155156,29.193047267637905,29.72251008172146,30.261104587432104,30.809748173542335,31.3680855185354,31.935597028709807,32.49792481133035,33.069224582905065,33.6509964271944,34.24259385247263,34.84243592671826,35.438871242895594,36.04474153918592,36.65966078909665,37.28360685118022,37.916636737006584,38.5410658383336,39.17196898110457,39.81117630732059,40.46061153572598,41.121466720969714,41.77595913751809,42.43945626129512,43.111309644006006,43.79223152229551,44.48245029109137,45.16009666679985,45.844466090152586,46.535049872490816,47.23243899136895,47.939944348010435,48.63408516348687,49.33604389650217,50.04718740364638,50.76739905959927,51.49201522497752,52.20048978670912,52.913677597653,53.63215646935501,54.355502314170764,55.082833970363566,55.79113915608387,56.50265976843533,57.22085557159061,57.948812452649506,58.68505334473989,59.40420998466165,60.12741266089234,60.84946460832773,61.56923189515046,62.29016301956949,0.01889684691107266,0.01873702947565742,0.01857219300068665,0.018415629465735214,0.01826710329880665,0.01812640835769045,0.017993114837578997,0.017862458081717488,0.017739173630971435,0.01762303661824718,0.017513866272352206,0.0174118276678327,0.01731476500282334,0.01722976526082294,0.017117677864030723,0.016987936925813053,0.01686053232924279,0.01673476257393179,0.01661104397561064,0.016489310490148425,0.01636953139776908,0.016251908472055262,0.01613589083930315,0.016021781149013155,0.01590949220653636,0.015799000914522347,0.0156901987824987,0.015582151059342682,0.015475814582448748,0.015371096129066774,0.015267798214512046,0.015165694804910444,0.0150632946625179,0.014962468181914105,0.014863143387035553,0.014765234501582522,0.014668473311732584,0.014571718832310416,0.014476188280590508,0.014380727028622324,0.014275932918001381,0.014172277586973177,0.014069425117777375,0.013967429425048916,0.013866185332467399,0.013765648730922153,0.013666291293460624,0.013568024636486707,0.01347033756367171,0.013373168852182047,0.013276496982824609,0.013180596400513632,0.013085227585908764,0.012990272673241947,0.012895653526005692,0.012801376360616627,0.012707187860850969,0.012612601079542754,0.012518267603745817,0.012424173834615514,0.012330278289875391,0.012235948959692142,0.012140589450093622,0.012045392795599318,0.01195032983698519,0.011847316447727229,0.011741289746797877,0.011634102404602433,0.011526944499292495,0.011419781399810414,0.011312623846598152,0.011204978529051713,0.011096520503204945,0.010988040337493591,0.010879511207632447,0.01077093072237466,0.010662158698695596,0.010553122051142765,0.01043848006886538,0.010317955509941076,0.01019741129188666
TUR,Seventh,18.82025498007755,19.255531353249776,19.69289568169762,20.13703306688588,20.591286079782027,21.056408163308426,21.508721901990896,21.970104020402676,22.44084949908791,22.921348860583127,23.409780962296676,23.8834778244933,24.36708391297793,24.86118429170749,25.361065613642243,25.86931771460157,26.372283661148334,26.886301307712564,27.41211633040067,27.950021566726864,28.501206905266933,29.047958288346443,29.60576793659297,30.174556697606512,30.75454634259409,31.345394941873494,31.93034389049699,32.526020206815375,33.133879868923735,33.75628519078937,34.39398368375067,35.02966146434404,35.67663645538278,36.3357849221267,37.00671370418682,37.68893524515075,38.36560095700469,39.05340569032218,39.75385413618396,40.466411253995986,41.19067747395614,41.91088360199818,42.642715868537756,43.38572977510442,44.14000733448692,44.905603668871564,45.661638414381926,46.425934497798465,47.200682884998166,47.98800764149069,48.7892788462611,49.584148554229344,50.39022506246558,51.20691310834008,52.0350570716753,52.87495415980948,53.70059128489958,54.53522152821252,55.378086694886875,56.23010672071505,57.09656799324602,57.94800326310121,58.809775704106976,59.68321144865435,60.568233118213286,61.46147948935398,62.33721313355402,63.2200208030123,64.11032682041044,65.00770792938353,65.91122407848837,66.7934181144854,67.68097224835198,68.57759109573396,69.48677539110989,70.40694040740772,71.30782351063793,72.21492445482929,73.12402731690374,74.0340871558871,74.94735146939881,0.030749165258755373,0.03053478443377212,0.030313259578059908,0.030102466454746672,0.02990214087312201,0.029712059745482283,0.029531688678353017,0.029354613226656317,0.029187278285188672,0.029029420327506,0.02888083384495642,0.02874177831673803,0.028609345896300188,0.028493245610503537,0.02833996244378228,0.028162278552006644,0.02798751947822605,0.027814734998731015,0.02764450650839292,0.027476755378317723,0.027311446628602427,0.027148874949580168,0.026988283865442282,0.026830103968813867,0.026674224270912567,0.026520621743457373,0.02636915316630281,0.026218525220319446,0.0260700750924619,0.025923683953624266,0.025779080957506716,0.025635956720341586,0.025492222878487254,0.02535050516339644,0.02521071199760253,0.025072729267699267,0.024936183961256925,0.02479946963344906,0.024664307624552663,0.02452906635289454,0.024380398177062834,0.024233133432108676,0.024086799725821565,0.02394147670207072,0.023797018330407874,0.02365336385546234,0.023511192884725068,0.023370384212727312,0.023230208484412356,0.023090579512794474,0.02295147017142136,0.022813275097123345,0.022675652511053076,0.022538435612640146,0.022401510472912233,0.022264887197039146,0.02212819972489193,0.02199073843062018,0.021853447024217702,0.02171630795758195,0.021579259463528955,0.021441377562109138,0.021301783330800666,0.021162219844075188,0.021022643666431085,0.020871155698515914,0.020714976695773695,0.020556817114413733,0.020398427145215926,0.0202397511074219,0.02008080445817286,0.0199208504269656,0.019759397603486207,0.019597616553738848,0.019435466020877656,0.0192729367189429,0.019109815866896668,0.018945989319119384,0.01877340332324348,0.01859158419325726,0.018409344892895654
TUR,Eighth,23.48883363525957,24.045870001252062,24.607055927738152,25.176840384324894,25.7590825008942,26.35469181165169,26.93407105305521,27.525070893981948,28.12768492349977,28.7424094808398,29.36457884969716,29.96966612820508,30.587009522371574,31.216636455850814,31.85708134206807,32.510568442335185,33.157767471417635,33.819172268353604,34.49566291750391,35.187587422922064,35.89651012214329,36.59955169391389,37.31688271138269,38.048362826450905,38.79430980160242,39.554432233308695,40.307786962853186,41.07521031289311,41.858203405063406,42.65976454241632,43.48064150868001,44.30013829248188,45.13464238217439,45.984999861953085,46.85070595433954,47.73139554065743,48.60594247693667,49.495378848770464,50.40116041452458,51.32294477602668,52.26242608436938,53.196155658838606,54.14529268791484,55.109242096417326,56.08833717413134,57.08257047331705,58.065581567474,59.059918755985876,60.06844641971525,61.09354667984998,62.136885891300395,63.174743105080005,64.22758583648981,65.29499852302155,66.37805669713674,67.47717923760665,68.55899969349429,69.65388929698123,70.76053081210155,71.880694128707,73.02505980918724,74.15153093880602,75.29273620798057,76.44992895793467,77.62310699985072,78.81114629039195,79.97929743902152,81.1586806637494,82.34946500584832,83.55124519966147,84.76299215665934,85.94949750690122,87.14516720587386,88.35409303457652,89.58045049018466,90.82250427474128,92.04148615268387,93.27052815485713,94.50714722355278,95.75048225735864,97.00071420248565,0.06249905638040955,0.06216749373900995,0.061824094996721486,0.06149658676802447,0.0611846663033193,0.06088808104388625,0.06060609450074406,0.06032872862501027,0.06006613894757642,0.05981798785596273,0.05958402568812492,0.05936473242083785,0.05915557615121269,0.05897196652888017,0.058729200409109825,0.05844728000555513,0.05816946654278989,0.0578942686932004,0.05762263072844083,0.05735444784719628,0.05708968359042641,0.056828827430469735,0.05657068643193113,0.056315970425311335,0.05606451668348126,0.055816303029254874,0.05557111831509197,0.05532687833457527,0.055085763452617835,0.05484759184462352,0.05461193873273067,0.05437831278232038,0.05414330543861766,0.05391121392518057,0.05368189973738799,0.05345519406801606,0.05323049081742636,0.05300515073445551,0.05278201714841629,0.05255839735449054,0.052312165381614435,0.05206783229220049,0.05182461980027579,0.051582670234524494,0.051341743731907336,0.05110174532771181,0.05086381542449424,0.05062776419204453,0.050392373904833775,0.05015750363172879,0.049923108948775385,0.04968986051310555,0.04945718464706911,0.04922479963474712,0.04899251861905354,0.04876035332236133,0.04852768381786575,0.04829329407916616,0.04805879161127555,0.04782414383133819,0.047589242708802375,0.0473525001936525,0.047112393250809737,0.04687190866447715,0.046630969515526824,0.04636897679820319,0.04609833101815744,0.045823688859429064,0.045548075095775034,0.04527138821327113,0.04499364357288237,0.04471354438691924,0.04443021223863672,0.0441456854228309,0.043859882743656146,0.04357277986894029,0.04328398805957505,0.04299329277802234,0.04268633952552578,0.04236216664187128,0.042036412096421304
TUR,Ninth,28.30652601595861,28.998281525202557,29.69716347476029,30.406589359745603,31.13090676734862,31.871172870310676,32.5916213543112,33.326615928414434,34.07551739035914,34.83892346157313,35.60732230643977,36.357323361994176,37.12192580400345,37.90001346623749,38.69664023623754,39.51300497656538,40.32232344620631,41.14946304076197,41.99541266787506,42.860543528670334,43.74690932395728,44.62563540463729,45.52233855265784,46.436736708225915,47.369258383723825,48.31971062846655,49.26287514627126,50.22401229791988,51.20448064712637,52.208111138879765,53.2355111006231,54.26324535196398,55.31047392051925,56.37783553391588,57.464633630536504,58.57075839220295,59.6706365802898,60.790007198008546,61.92999540305161,63.09065528333791,64.27762680582363,65.45652178373764,66.65544185660583,67.87352481249616,69.11153752756526,70.36930711293213,71.61456492608319,72.87490519974195,74.15414033164329,75.45480630395024,76.77890285058228,78.10104884903392,79.44290580207634,80.80445518383283,82.18705865925243,83.59129759865523,84.97547312578271,86.37838735649461,87.79770722593354,89.23671668400806,90.71597945493869,92.17524922866643,93.65539328933191,95.15730992343808,96.6811188368745,98.23045082806578,99.75925523578364,101.30554331511122,102.86890786864663,104.44901580485364,106.04479157889804,107.61243258260848,109.1951885933837,110.7973354488883,112.42381026693226,114.07278291701024,115.69589961566562,117.33506014162089,118.99181463012823,120.66582983971583,122.35288025895797,0.11359190099138254,0.11323123655057786,0.11285627878752996,0.1124973230493365,0.11215422019659223,0.11182687685154714,0.11151463487159555,0.11120655070177496,0.11091399804331553,0.11063674327338426,0.11037463996250772,0.11012834648832752,0.10989287970056878,0.10968572130887527,0.10941116872731754,0.10909140616363476,0.1087753195682746,0.10846125021174265,0.10815030028136285,0.10784238615133843,0.10753749966029762,0.10723623631941333,0.10693725263005659,0.10664139568892035,0.10634850999398494,0.1060585982693268,0.10577144427332183,0.10548461882446782,0.10520070177252763,0.1049195085027548,0.10464055919115145,0.10436329033390167,0.10408365728194781,0.10380678044200484,0.10353251881934993,0.10326069195114479,0.10299059266508065,0.10271905121321769,0.10244949975041508,0.10217869499205338,0.10187972673834769,0.10158225896275491,0.10128535426140738,0.10098919290766169,0.10069349405742675,0.10039814602275066,0.10010456566486438,0.0998125365145913,0.09952055932630696,0.09922846310231212,0.09893619409906151,0.09864459653894263,0.09835296076392201,0.0980609289100841,0.09776826955978447,0.09747499608013861,0.09718031801467257,0.09688268640966662,0.09658412597356487,0.09628458994330054,0.09598394262811663,0.09568013095678074,0.09537117126719288,0.09506088823449403,0.09474917218993283,0.09440925191508068,0.094057042089953,0.09369852609685853,0.09333761602772525,0.09297415838507761,0.09260815739668511,0.09223787483066151,0.09186210876095677,0.09148352867221292,0.09110200141614695,0.0907174720704136,0.09032939448408456,0.08993744667418985,0.08952214235294381,0.08908192689799317,0.0886378866318246
TUR,Tenth,51.07165321266626,52.405379229365735,53.76133867999888,55.137404463689336,56.539939281817,57.9706547961637,59.36462240352015,60.787242320866184,62.23475286095515,63.70822874730134,65.1341621586554,66.56417929935422,68.01781329407615,69.48833782099722,71.0141442439056,72.59026285939765,74.15573301687921,75.75468481430629,77.38854455784045,79.05670483893007,80.76551005546091,82.44649225333919,84.16061132235403,85.9056089290469,87.68225988477857,89.49151393655644,91.29235728190268,93.12710332337885,94.99436776630117,96.90532691210656,98.85608029274613,100.83020846456961,102.84312747199313,104.89535472588202,106.9831327607747,109.10990599345965,111.23247611316312,113.39582709936576,115.59678330734143,117.8374115134258,120.14859829755083,122.41774159897318,124.72760191035782,127.07338542514334,129.46087802771925,131.88627995022998,134.29313585134256,136.72941353681256,139.20652246508413,141.72440388406503,144.2865302669264,146.9108889271707,149.57552533192137,152.28599288064228,155.04511951993345,157.854425002991,160.62684562207428,163.45123989652706,166.3134055138846,169.23742080368012,172.3868379789722,175.510642428441,178.68796531146933,181.9176275127378,185.2004429485034,188.5658472885586,191.91342530753406,195.3127841187216,198.76045298106553,202.25664325328063,205.8003032746433,209.30755411762064,212.86329379810098,216.4719956199571,220.14193918512674,223.87122631746126,227.56657391859991,231.31160203139063,235.1311686541261,239.02848031975907,242.97475327578744,0.7529063926259085,0.7542136934827905,0.7555659632034052,0.7568540716518667,0.758079453110279,0.7592433047726729,0.7603487324885199,0.7614349637422143,0.762462358052091,0.7634323943430033,0.764346202401162,0.7652020546725674,0.7660177454836473,0.7667333291099799,0.7676787888905874,0.7687757705185313,0.7698557725506695,0.7709246306884154,0.77197872623783,0.7730185104569149,0.7740441629169134,0.7750538369290544,0.7760521835046283,0.7770365020932487,0.7780074542292775,0.778965158024351,0.7799104650733311,0.7808514402935931,0.781779705082862,0.7826959843194115,0.7836019423451251,0.784499497445448,0.7854017505113449,0.7862922117673361,0.7871714382864767,0.7880401104311919,0.7889005651436984,0.7897629233373131,0.7906163159917461,0.7914710433862958,0.7924116075290387,0.7933443060057913,0.7942721266961018,0.7951945493175463,0.7961124951078169,0.797026342018836,0.7979317601337127,0.798829494839152,0.7997241909134083,0.80061639431598,0.8015062840057605,0.8023913211393722,0.8032736910370537,0.8041544760170795,0.8050343920064469,0.8059133931297927,0.8067938389255273,0.8076803210315329,0.8085667680589115,0.8094533084790112,0.8103403444251362,0.8112338826016292,0.8121396605717622,0.8130464009633255,0.8139544016612863,0.8149412369476515,0.8159601199599478,0.8169934830899571,0.8180299430541532,0.8190698889150149,0.8201132585223176,0.8211649282770588,0.8222281883999155,0.8232953854694066,0.8243668315992254,0.8254426199873955,0.8265242063799627,0.8276123987733177,0.8287608922557275,0.8299732105703898,0.8311908285047677
USA,First,11.829341539877374,11.760489355034101,11.69056435757008,11.626301873338189,11.571023132216474,11.524600311453241,11.482240967554466,11.44883308466776,11.421444340330206,11.399736820053535,11.384171477748795,11.370373177586107,11.35967312089961,11.354362363918376,11.350266908906837,11.348649421564133,11.348443911574805,11.351151802972693,11.35719937455539,11.366366101045395,11.379057197744551,11.393085653222105,11.40957354021137,11.42777336655119,11.447466669485456,11.467972954323908,11.487156256678746,11.50827681995342,11.531760186298744,11.558822077379618,11.589738325403713,11.619974164313215,11.651699525910319,11.685035540822039,11.719463538879245,11.754251175194616,11.785488837612087,11.818172493144074,11.852946623476454,11.8892836888343,11.92793611940211,11.965643994861255,12.004589720860213,12.044727785311144,12.085723901733251,12.127459650466571,12.166165688573198,12.203803655252708,12.242274129530404,12.282622647752953,12.325334138763093,12.367870115701729,12.410924403906865,12.454686461391665,12.499346695027821,12.544850022953318,12.589224402142708,12.633168362420001,12.676702158522282,12.71981347430726,12.76268371905809,12.804709688745394,12.847261823561007,12.891106082248264,12.93596459911271,12.981794982372751,13.02622067006591,13.069854303934177,13.11306209263979,13.155492014247153,13.19663360138393,13.234178673173943,13.270365987687649,13.307235657295175,13.346080691075144,13.385992986815282,13.423528810663745,13.460018221724876,13.495832304990566,13.530636292508639,13.563737148854985,0.00024843466913158083,0.000238049073183621,0.00022846547975518386,0.00021981090086438786,0.00021199139836301534,0.00020492418401343263,0.00019853787217882012,0.00019290605290124674,0.00018782759653484298,0.00018325356734265325,0.00017914174189884714,0.0001754525091037743,0.0001719985331717435,0.0001689624105075002,0.0001661006322313421,0.00016340145380343583,0.00016085462758461507,0.0001584313789364197,0.00015614299164397135,0.00015398057303904074,0.00015193635807253614,0.00015000369063086552,0.0001481908739829298,0.0001464759473465321,0.00014485210699105886,0.00014331478591052206,0.00014185916704742823,0.00014049645289605634,0.00013920607927176768,0.00013798277512570527,0.00013682250420344317,0.00013572154010825838,0.00013466747472273596,0.00013366392409934556,0.00013270787255761796,0.0001317961382229818,0.00013092584128261014,0.00013009254883270842,0.0001292959313460426,0.00012853322107751178,0.00012780301211855676,0.00012710188196198203,0.00012640849395240418,0.00012574182030810412,0.0001250990664017819,0.0001244789536843772,0.0001238786801991938,0.0001232608903701106,0.00012266097964314096,0.00012207705732638014,0.00012150857157872843,0.00012095251765680469,0.00012037365937186514,0.00011980652114645012,0.0001192483501766908,0.00011869937553201026,0.00011815690055407228,0.00011759823371899303,0.00011704454240871339,0.00011649548955241478,0.00011594921400793732,0.00011540467156473059,0.00011483920882119202,0.00011427472868288055,0.00011370983687692421,0.00011314301875862334,0.00011257398796417502,0.00011198124267836715,0.00011138542939924605,0.00011078479478026091,0.0001101798355063341,0.0001095681168868127,0.0001089243761732618,0.00010827474218997849,0.00010761789225119363,0.00010695336996828046,0.0001062792053224693,0.00010556950036348249,0.00010485081147130321,0.00010412316781176255,0.0001033864969228433
USA,Second,19.918116293544855,19.857109044914743,19.793457367554424,19.736205575390844,19.690053445609617,19.65499885725097,19.623266601572762,19.602824582592632,19.589961469467713,19.584323400840113,19.58636146534055,19.589311708820688,19.596339097837294,19.610393144974744,19.626081226995232,19.645185377176535,19.665697832249638,19.69027114866717,19.719512507937317,19.753157459078455,19.791816988613668,19.831834162181142,19.875343888316152,19.921357870794846,19.96959840658364,20.019144501323176,20.066209748119086,20.116089292797998,20.169411755598098,20.227906812669797,20.291974127652107,20.35423733444527,20.418819709770574,20.485896761048057,20.55475403706799,20.624390402863767,20.68798673196355,20.753853080216903,20.82288850538739,20.8943708047413,20.96937354269158,21.041967954221278,21.116577054183217,21.193104961057262,21.27110274992524,21.350403361586626,21.424684010917943,21.497761156856892,21.57223073125421,21.649554164651697,21.730417164837068,21.81064526239133,21.89190343816355,21.974409537106578,22.05843776455014,22.14391456973201,22.227428650699252,22.3105958163992,22.393399122762144,22.475847006587585,22.558412942508276,22.639388811025178,22.72138859813547,22.80544723192359,22.89118273923141,22.978539658215904,23.06333489002541,23.147276411667097,23.23083606887131,23.313520168202306,23.39460606405091,23.46983605784756,23.543372791333496,23.61802464300028,23.69561108575266,23.774876693681335,23.849960669736706,23.92379092943407,23.99683759819159,24.06862849482179,24.13818616961029,0.0013034746495219256,0.0012589911091781536,0.0012176024458282625,0.00117993192431542,0.0011456451010020876,0.0011144435241680576,0.0010860667059361952,0.0010608943930955751,0.0010380725078572143,0.0010174146032788957,0.0009987585715164721,0.0009819490588621998,0.0009661492052140439,0.0009522101281025357,0.000939027027411342,0.0009265527058855638,0.0009147459334133879,0.0009034785439993804,0.0008928076416410112,0.0008826965139238303,0.000873112914326953,0.0008640294673722015,0.0008554888151062445,0.0008473908929498828,0.0008397062473104853,0.0008324157238872467,0.0008254988787019192,0.0008190112523737557,0.0008128568167635884,0.0008070122583712111,0.000801459670289166,0.000796182432313566,0.000791122478731816,0.000786297936437575,0.0007816952712280623,0.0007773001113750407,0.0007730992048215828,0.0007690719528668807,0.000765217386414375,0.000761522589232762,0.0007579813716709685,0.0007545774517407264,0.0007512077135745924,0.0007479643532033352,0.0007448342647357634,0.0007418115912790523,0.0007388828945584,0.0007358659618452777,0.0007329334686401134,0.0007300765808323772,0.0007272927310550417,0.0007245673656852314,0.0007217276730840239,0.0007189429601857632,0.000716199832165909,0.0007134994436120738,0.0007108288391134124,0.0007080759450529058,0.0007053452091807045,0.0007026348267484231,0.0006999358861318994,0.0006972430155629686,0.000694444121615792,0.0006916475217739673,0.000688846302161275,0.0006860328078437415,0.0006832056593871902,0.000680257807634533,0.0006772917642776404,0.0006742986803135209,0.0006712808101059182,0.000668226123473835,0.0006650080068358984,0.0006617568613374897,0.000658465762130622,0.000655132455290784,0.000651746691183593,0.0006481780296616548,0.0006445596199564529,0.0006408913650643103,0.0006371725962254332
USA,Third,24.448202774460057,24.411337079507092,24.370325157722018,24.335011564217183,24.31083442396944,24.297911326855257,24.286825365739343,24.287047172028867,24.29480880175467,24.309793518081207,24.332269212914596,24.354478050047977,24.380923554266083,24.41444805559338,24.449582143349673,24.48838197620341,24.528291718974454,24.572686368337575,24.62223273320023,24.6766555387577,24.73669488671701,24.79781368499573,24.86275837710192,24.930468725125895,25.000649825232426,25.072268981859718,25.140575012740662,25.211984150792755,25.28727759826187,25.36847139714327,25.456027658662958,25.5409892437416,25.62865152128431,25.71921045473013,25.811852016259124,25.90545152249912,25.991473927159277,26.08016247965131,26.1725406367927,26.267795039513253,26.367180479487246,26.46311519806627,26.561519055307674,26.66220366990877,26.764675443328414,26.868739339386565,26.96658651994657,27.0632856068815,27.161677957740242,27.26343621550018,27.369354346357206,27.474396757349584,27.580882236603685,27.688928551401244,27.798863667079726,27.91060436412892,28.019877069130555,28.128979711146503,28.237785319858748,28.346338725469632,28.455447845395323,28.56252626480809,28.671035311621747,28.782065258790084,28.895187116013314,29.01034595300975,29.12227114290735,29.233471163143665,29.34438945293732,29.454464990988956,29.562866443488563,29.66414733000278,29.763752314731224,29.864779089914443,29.969330765204987,30.075974651405158,30.177420901591397,30.277723267654896,30.37728955446715,30.47557813080284,30.57146447779991,0.0025044188871181892,0.0024303230399730287,0.002361045063711215,0.0022976975708040547,0.002239789628697876,0.002186877767640036,0.0021385734960465263,0.00209557422364017,0.0020564650981720316,0.0020209594995674275,0.0019888072907334057,0.0019597647352637563,0.0019324028933250552,0.0019082111992022362,0.001885285796299266,0.0018635513596846945,0.001842942148292592,0.001823239715178788,0.0018045486664226649,0.0017868091006305446,0.0017699689231783053,0.0017539839187808374,0.0017389324109783177,0.0017246419786445303,0.0017110632770427029,0.001698164986275576,0.0016859131655479504,0.001674408631379148,0.0016634832898599504,0.001653097427892595,0.0016432206272218074,0.0016338248531400697,0.0016248077480289515,0.0016162027714375692,0.001607986651423105,0.0016001346474103259,0.001592624057145252,0.0015854185570526608,0.0015785171298187946,0.0015718972313814685,0.0015655482363937099,0.0015594416323151557,0.001553392584576807,0.0015475669286064372,0.0015419413359069733,0.001536505703618855,0.0015312361575956469,0.0015258047645251057,0.0015205225537714205,0.0015153735582671317,0.0015103536807068523,0.0015054365850073305,0.0015003105842971694,0.0014952810818731502,0.0014903240844955942,0.001485441749712001,0.0014806107052290488,0.0014756282055741145,0.0014706832924416928,0.0014657725389420602,0.0014608798872643395,0.001455995593296517,0.001450916348533449,0.001445838438705807,0.0014407493169824998,0.0014356350071842024,0.0014304928677388602,0.0014251282405340956,0.001419727294209161,0.0014142736125498773,0.0014087716291901868,0.0014031989383341869,0.0013973243576712877,0.0013913854153937769,0.0013853695338987325,0.0013792720997349453,0.0013730745768754553,0.0013665374230993274,0.0013599040296933004,0.0013531740849716252,0.0013463460127760517
USA,Fourth,30.7285138061743,30.720949614289765,30.707547377665307,30.699243359500546,30.702389314955674,30.717241771010322,30.732101848213457,30.758576755884434,30.792754270736513,30.834357263326098,30.883034802860056,30.930238831189865,30.98197285837331,31.041039290533725,31.10177103948574,31.16656403491982,31.232103652814374,31.302730927324582,31.379198840473173,31.46121277895281,31.549689397089995,31.638817863431804,31.732273372503936,31.82888520080454,31.928338170019376,32.02946659933401,32.12620636551303,32.22648323220589,32.33125185729632,32.44290791330901,32.561972953554815,32.67744099402631,32.79614873437927,32.91832579177726,33.04302507214001,33.1689780041411,33.28530120699347,33.40485160487546,33.52879674019176,33.656209648284815,33.78859734827938,33.915989034587284,34.046466905747906,34.17972579409822,34.31523022986511,34.45273543949093,34.582421593185614,34.71105036443068,34.84179878381788,34.976593340064134,35.11636102821629,35.25506549665355,35.39574957592961,35.53843779852387,35.68352426869122,35.830915757161584,35.9751341310282,36.11944450643177,36.26357029152894,36.40764683584424,36.55321793376527,36.69614013122322,36.84102047675992,36.98903224268151,37.13968579298899,37.29292944944277,37.44199793966166,37.59051276689974,37.73889437991838,37.88649876470819,38.032354247272345,38.1693704828477,38.30472877430757,38.441904895689866,38.5833525063898,38.72742280269473,38.86487344121565,39.00131065436585,39.13708107837824,39.271555638921875,39.403426637912325,0.005192744407546334,0.0050580443155764775,0.004931601950304435,0.00481554785932347,0.004709083979189462,0.004611483938099398,0.004522108174093861,0.0044423224804589455,0.0043695661036520575,0.004303354959661022,0.0042432644145519085,0.004188875572117802,0.004137536765703958,0.0040920663322860295,0.00404890603991916,0.004007924510658394,0.003969006399857299,0.003931747294072589,0.003896352291834845,0.0038627147360947166,0.003830741998104855,0.0038003558845315583,0.0037717118568851037,0.0037444858785317782,0.003718588453572792,0.003693964223108149,0.003670551548856996,0.003648546663330547,0.003627631549953106,0.00360773250869394,0.003588793797115169,0.003570763942366571,0.0035534480089236026,0.0035369115384513393,0.0035211120166438905,0.003506002975884504,0.00349154170863848,0.00347765965383273,0.003464355727092144,0.003451587455503752,0.0034393352643903893,0.0034275446430808965,0.00341585923556441,0.003404599830005137,0.0033937221887971134,0.003383206665607182,0.0033730078817722497,0.0033624913343739565,0.0033522588229993495,0.00334228007266597,0.0033325470857135304,0.003323009465936017,0.00331306261259793,0.003303298567793788,0.0032936710516293334,0.0032841846874069043,0.003274793925932622,0.0032651046019316434,0.0032554843417981188,0.0032459261159307477,0.003236399378535654,0.0032268848079362485,0.0032169860145545015,0.003207085433098528,0.0031971581625874703,0.0031871777353082685,0.003177138098300143,0.0031666591563072597,0.0031561041087687027,0.003145440980701344,0.003134677935364837,0.003123771126399458,0.0031122673292181178,0.0031006313725540154,0.003088838138738733,0.003076878465594705,0.0030647151660336013,0.0030518778493072466,0.0030388435808972915,0.0030256113851430746,0.0030121776620731355
USA,Fifth,36.32096466251876,36.35251404662455,36.376367810431624,36.40410721649856,36.4428706479204,36.49306269571489,36.54095815377209,36.59990497509814,36.666110783232796,36.73935667903725,36.81830868436117,36.89447451016282,36.975169725317095,37.062828612838274,37.152024583073235,37.24544085296098,37.339090596036584,37.43821818253052,37.5436214030946,37.65499317129176,37.77342853635102,37.891876443925376,38.01492237025512,38.14133546773215,38.27079237395648,38.40202477172392,38.527798219146725,38.6573479977642,38.79180178867932,38.93391450701735,39.084237253755475,39.23003713966275,39.379496031696334,39.532869297874115,39.68908577468141,39.84677792835836,39.99292621642481,40.142757367319696,40.29754413530587,40.45627064618533,40.620691622277675,40.77850072235558,40.939963577714614,41.10461135250909,41.27189522081906,41.441518346409495,41.601840982392744,41.76127241142318,41.92319872337905,42.08974753029724,42.26196278260159,42.43312664859402,42.60683338330545,42.78295485561908,42.96194605576328,43.14370682439413,43.3216268307131,43.49998490332908,43.678280786699325,43.856792949313935,44.03811889911004,44.216231383499625,44.39686535299431,44.58119725442691,44.768694436494,44.9593081731464,45.144897318937545,45.330201094456015,45.51555699795833,45.700255719017996,45.88320451546907,46.0557875235428,46.22687806822213,46.400186716548276,46.578473441409784,46.75990880646842,46.933460601915954,47.1062807089013,47.278574311029736,47.44963894960859,47.61801230121513,0.008854577488136256,0.008654019191827619,0.008465068595540574,0.008291041018623505,0.008130876295808357,0.007983601372603056,0.007848354477696837,0.007727305396221352,0.007616658026783079,0.007515742568172475,0.007423969546216266,0.007340750065678324,0.00726206078112004,0.007192254241048382,0.007125895358927716,0.007062796285173233,0.007002792577755404,0.006945271341819937,0.006890558345796244,0.006838499368416231,0.006788959664631063,0.006741826344781082,0.006697347599359652,0.006655028558248235,0.0066147360745992,0.006576388760836773,0.0065398962204402025,0.006505569049375372,0.006472915713277291,0.006441825138277123,0.006412213579676024,0.006384002873102216,0.006356891761291972,0.006330984307138747,0.006306215880291292,0.006282515861619935,0.006259818914722357,0.006238019355848244,0.0062171164750455,0.006197045335002424,0.006177775914008159,0.006159223502785402,0.006140828345966426,0.006123095834444341,0.006105956684179935,0.0060893817504938195,0.006073299085591778,0.006056708224673543,0.00604055915214078,0.006024803978147928,0.006009430986311806,0.005994360901096845,0.0059786372508342026,0.005963197165365228,0.005947966408680237,0.005932953594412321,0.00591808615441989,0.005902740271902757,0.005887497173126835,0.005872346979252511,0.005857240461134427,0.005842147281950979,0.005826438450880918,0.005810720012040109,0.00579495325321811,0.005779094843480039,0.0057631362164651334,0.005746471692958402,0.005729678857193546,0.0057127066319152915,0.0056955673065155026,0.005678191107953897,0.005659855061605239,0.005641299055941283,0.005622483025806617,0.005603391579768092,0.005583965231809656,0.0055634509736103965,0.005542610215401842,0.005521440855138672,0.005499936461722411
USA,Sixth,44.29350401686503,44.38018141730805,44.45673865926948,44.53559788169177,44.624934218544354,44.72534466532322,44.82021670392241,44.92538724450626,45.037234396128994,45.15561784324006,45.27688219881155,45.39417721183066,45.515984130052736,45.644232658789846,45.773855988409494,45.9079041642378,46.04146115330985,46.18102210088498,46.32744942074127,46.48039916068477,46.6412499424731,46.80100031616609,46.96571775366484,47.13407269611358,47.305733699309826,47.47931451929339,47.64597216221696,47.81673231845102,47.99292786038424,48.177848412909356,48.372028473379636,48.56057678688645,48.7533651642898,48.95070250388653,49.15132438087115,49.35376683631698,49.54200935866411,49.7345848118458,49.932874245171156,50.13574468876224,50.345349689202585,50.54575930415059,50.750627480360585,50.959231013434916,51.17104309019797,51.3856606076177,51.58890969180531,51.79151970133162,51.997172142944585,52.20822788250157,52.425884335746616,52.64295260539307,52.863350277942835,53.08676565400323,53.31374204392534,53.544165456064704,53.769760221264335,53.99635453552973,54.22307597903638,54.45051891922479,54.68358885350393,54.9126302378976,55.1449837082172,55.381820992012706,55.62255075221467,55.86713393291489,56.10546789839745,56.34391552149911,56.58269218411705,56.821004057699234,57.05759913974693,57.28167730802427,57.504520013022066,57.73013246140876,57.961679153948424,58.19709567882499,58.422815460700505,58.64821839070804,58.87330680117231,59.09728171376689,59.318478793685706,0.01668832887549545,0.01636374140521172,0.016056824892658295,0.015773169933395344,0.015511265370454724,0.0152697090681249,0.015047254885272383,0.01484763587147926,0.01466473626981972,0.014497556500709349,0.01434521554095665,0.014206816759005585,0.014075725196216709,0.013959244927940971,0.013848352867091155,0.013742759125167483,0.013642209275249211,0.013545692296657641,0.013453772962193682,0.013366206207228221,0.013282781290126321,0.013203320740830918,0.01312825693085627,0.013056766102030208,0.012988633564420825,0.012923730721352217,0.012861912573195399,0.012803714197142338,0.012748310315486667,0.01269551723687325,0.012645199588172944,0.012597229367445662,0.012551097746367262,0.012506986093645566,0.012464788268654079,0.012424386616369189,0.012385673567339418,0.012348470105488682,0.012312778802830857,0.012278490264031333,0.012245555370335814,0.012213831522095788,0.01218236163346838,0.012152011768647445,0.012122664854531739,0.01209427180801367,0.01206671097620395,0.012038268085261091,0.012010570479445164,0.01198353811717457,0.011957150711166561,0.011931273238057167,0.011904263860075827,0.011877730069564763,0.011851546567024675,0.011825726690063473,0.01180014784893167,0.011773735619572774,0.011747490102471697,0.01172139371263511,0.011695362906072366,0.011669344699554973,0.011642254583469692,0.011615136944416227,0.011587924387513876,0.011560542734715093,0.011532976280192354,0.011504178340590017,0.011475145621742027,0.011445790027484063,0.011416131955903215,0.011386050343667612,0.011354291879096954,0.01132213628658936,0.011289514396241901,0.011256397861601597,0.011222682626037397,0.011187061046803271,0.011150851950664951,0.011114050628623862,0.011076645405407733
USA,Seventh,51.93448814956807,52.09373285484167,52.24003033947548,52.38613342385845,52.54118010240054,52.705980634223806,52.861152142421666,53.024650214684996,53.19338542455524,53.36732272196548,53.53927494471601,53.70622768669621,53.87725762599577,54.05328559655833,54.23024094188295,54.411497044669375,54.5912868286228,54.77735640984947,54.970580162704216,55.17056947665974,55.37903494084075,55.584794860868875,55.79559092564074,56.01003364658813,56.22779693940819,56.44741502676655,56.65855218692952,56.87385516029332,57.09486756310783,57.325477026302394,57.566122155828694,57.80020391310099,58.038972273936054,58.2827933070522,58.5301838421981,58.77965158978739,59.01226125380565,59.249760242450364,59.493576896239986,59.74248006872627,59.99909998071294,60.243482830858014,60.493131416842346,60.74695460542179,61.00451133706155,61.26525198486675,61.51256010074305,61.75958208277786,62.01017107498896,62.26685543453346,62.53097966836532,62.79562769514667,63.06448967507128,63.336982922881425,63.61374464176287,63.89464911010926,64.16968013985405,64.44646746215601,64.72358582426975,65.00212043348668,65.29047948995186,65.57401172291607,65.86176487998488,66.15479667053023,66.45246902741502,66.7547613995341,67.04961566812821,67.34514810923828,67.64135204771331,67.937363636902,68.2317829689896,68.51162753698968,68.79071716090196,69.07318683591221,69.36258432731505,69.65663735775352,69.93926442991528,70.22223903401824,70.5052238522105,70.78733339229507,71.06671716852146,0.0277508752533443,0.027303450694924167,0.02687870646727833,0.026484680649110998,0.026119589022009417,0.02578175777794719,0.025469690579631606,0.025188869385627193,0.024930907115570885,0.024694555722234814,0.02447871127828027,0.02428222766018596,0.02409576865689178,0.023929806210249458,0.023771553339393015,0.023620629605135113,0.02347670402416581,0.023338355861353875,0.023206419216391393,0.02308056750748999,0.022960518478145148,0.022846038413289554,0.02273777059662073,0.022634544408316727,0.02253606458014047,0.02244216122567542,0.02235263628452038,0.02226827813746462,0.022187900644882005,0.022111250079432068,0.02203813491327415,0.021968379643529542,0.021901249616174387,0.02183701540944385,0.021775526552618926,0.021716618210432883,0.0216601375994607,0.0216058278408931,0.021553696197631603,0.021503585116161204,0.021455428416671113,0.021409018530099487,0.021362958109905295,0.021318515330934068,0.021275521678168784,0.02123390567769301,0.02119349205360256,0.02115176624495474,0.02111111658710321,0.02107142576503807,0.02103266559698364,0.020994638958164977,0.020954931430084863,0.020915906543436433,0.020877381662842427,0.02083937596960791,0.02080170870128179,0.020762798061821772,0.020724117274530152,0.020685640628130105,0.02064724366501458,0.020608849275260546,0.020568855831098232,0.020528804925449392,0.020488595279972086,0.020448118471562044,0.02040734956804623,0.020364740299640083,0.02032176352929243,0.020278287196969988,0.020234342049724567,0.020189748114197534,0.020142643966499302,0.020094925814201466,0.02004648908942721,0.019997291834050423,0.019947176824139122,0.019894197927389355,0.019840312492369814,0.019785512709897785,0.01972977914096464
USA,Eighth,65.3277655481281,65.60992178708543,65.87465824057794,66.13524666394808,66.40237436486586,66.67718641948548,66.93544110294107,67.19886288592977,67.46523244692169,67.73468579152507,67.98994415047311,68.2414003220762,68.49611350378345,68.75336145944196,69.0107680508856,69.27216131276916,69.5304549759457,69.79544410366424,70.06802478125473,70.34765274911811,70.63676903686003,70.91954777937399,71.20742697152095,71.498832906667,71.7934498627808,72.089744642587,72.37506833132957,72.66461273734093,72.96014481763767,73.2667849184575,73.58455938056763,73.8951499578875,74.21115277744934,74.53310157618824,74.85901999539855,75.18752351070407,75.49477571231057,75.80791451614466,76.12829194132466,76.45452604567039,76.79032703780268,77.10740698702045,77.43116724548517,77.75976059864043,78.09305218420484,78.43010281304608,78.7502289159469,79.07062727082678,79.39556971941505,79.72769329043986,80.06858384089071,80.41406029459105,80.76520166777522,81.12113434173983,81.48264704698619,81.8496019588556,82.20867393384242,82.57107453075794,82.93414408658977,83.30036097520028,83.68796205521657,84.06932007150539,84.45643468514986,84.85015791256421,85.2497821152411,85.6553154235899,86.05130739514574,86.44895003434729,86.84785803589352,87.24705868408662,87.64491064078588,88.02461921949462,88.40440212564292,88.7885713390874,89.18129268148478,89.57996350890323,89.96415441531107,90.34981766130431,90.73604593417173,91.12181229672956,91.5049686460887,0.05779242733422392,0.05707686385286134,0.05639428360631397,0.055758162725385974,0.05516623010567147,0.054616304740471217,0.054106429217849604,0.053646037750538965,0.05322180011500498,0.05283198292063946,0.05247504464566408,0.05214933367111085,0.051839540003749,0.05156322156969188,0.05129923050137507,0.05104699853654899,0.05080603490127297,0.050574016865922944,0.050352386552743114,0.05014064632153611,0.049938367697616455,0.049745194854849024,0.04956225415589548,0.049387606935144636,0.04922078206581541,0.04906151946096394,0.0489095117577616,0.0487661192853808,0.04862935524423069,0.04849880328277375,0.04837415833006859,0.04825513329773448,0.0481404881370326,0.048030698574239965,0.047925517844683165,0.04782467506552718,0.04772791679834047,0.047634812933755405,0.04754538188281115,0.04745936280858981,0.047376643810731256,0.04729688060113056,0.04721766910869858,0.04714119547683736,0.04706717303064813,0.046995485657808964,0.04692583246115228,0.046853878554258106,0.046783743762048136,0.04671522794251679,0.04664828467320635,0.0465825750064382,0.04651392698836018,0.04644642636374451,0.046379753913778084,0.04631394872755746,0.04624869829670194,0.04618125950177587,0.046114185651652574,0.046047431659835276,0.0459807828381193,0.04591410511397082,0.04584461398973298,0.04577498610062137,0.045705046286134046,0.045634604926688464,0.04556361673986735,0.0454893839887742,0.04541446788637222,0.04533863815525116,0.04526194593836935,0.045184075656396254,0.045101772246588845,0.04501834331194645,0.04493360394041687,0.044847477947048034,0.04475968752141468,0.04466681436841481,0.044572286519215784,0.04447608412691374,0.04437816886480409
USA,Ninth,79.50798953805837,79.97614075197171,80.42087104438201,80.8546773661791,81.28982006014633,81.72784635629476,82.13932025566946,82.54913695025624,82.95702736419776,83.36336869504507,83.73269939776895,84.1024884503751,84.47334023166094,84.84123753941638,85.20752188584508,85.57637886919767,85.93963827219189,86.30929807712117,86.68613831587791,87.06932351798638,87.46242099040411,87.84289550688798,88.22758698299336,88.61472716194245,89.00404420481969,89.39406893191416,89.77017245701664,90.1496981388292,90.53458169085094,90.9317666301233,91.34036429407452,91.74259728385314,92.15059479118163,92.56515540344569,92.98353895377748,93.40479156159078,93.79999174197152,94.20193885519743,94.61160480404257,95.02747988423098,95.45501655284721,95.85405707038211,96.26139489504537,96.67385410634182,97.09197449946595,97.51411418713015,97.91543066302698,98.31780165545824,98.72578665216662,99.14183630433565,99.56779792616858,100.00706441384423,100.4538479267761,100.9068342405302,101.36701432586493,101.83423474444284,102.29093720815786,102.75354332419292,103.2171604691082,103.68691212557226,104.1995524172141,104.70441710452269,105.21711498006141,105.73795075509824,106.2661701736372,106.8018370322025,107.3257129776782,107.85279152617092,108.38196919252597,108.91219006685228,109.44155906913673,109.94901642022518,110.45810988503906,110.97289541956086,111.4982055813107,112.0311185177286,112.54636591451917,113.0650736402759,113.58527647145175,114.10580988213012,114.6242286413075,0.1083447792329157,0.10752271225671546,0.10673244649084589,0.1059905761685752,0.10529553604224481,0.10464573400989954,0.10403971350123334,0.10348956450817973,0.10298013239545364,0.10250991992466627,0.10207758201451503,0.10168157458625691,0.10130358959053606,0.10096535206067135,0.10064123239755754,0.10033066289781857,0.10003315384224415,0.0997459335737798,0.09947088156659906,0.09920746901243621,0.09895524453793456,0.09871384467632585,0.09848474911946628,0.0982656029385854,0.09805587245419485,0.09785528654446385,0.09766350159903167,0.09748228863344649,0.09730918001588285,0.09714368870796182,0.09698545621166876,0.09683415399311732,0.09668822686813028,0.09654830343179406,0.09641409387260762,0.09628526988118428,0.0961615254118611,0.0960423273520275,0.09592771504643229,0.09581736612652933,0.09571115128498262,0.09560863579698935,0.09550673832325067,0.09540827705258059,0.09531289097511454,0.095220436720799,0.09513053566669731,0.09503759179125691,0.09494692156022237,0.09485827666208899,0.09477159999738878,0.09468645792506002,0.09459743981630259,0.09450984146653153,0.09442325397237068,0.09433772671079621,0.09425285893431744,0.0941650778504268,0.0940777052841423,0.09399068278840059,0.09390373164605491,0.09381667842204597,0.09372588243020796,0.09363483344398837,0.09354330498332117,0.09345104624852991,0.09335799775091938,0.09326061354282675,0.09316225149184065,0.09306260307600414,0.09296173498783478,0.09285922510310617,0.09275078165102556,0.09264075292937761,0.09252888540865199,0.09241507763221432,0.09229895573675029,0.09217598378124435,0.09205068564817102,0.0919230273492252,0.09179295380254078
USA,Tenth,146.7579078308235,148.15761431869527,149.50851173578081,150.81690862017217,152.1011851416243,153.36440705719423,154.55224030775395,155.70353804875435,156.82828533447628,157.92786485031965,158.70875309871167,159.63157617369563,160.53707272211926,161.40461037389554,162.25684284304282,163.09629392214165,163.9182578687628,164.7400626647688,165.56176714980865,166.37745231166434,167.20354616838526,167.9461944611266,168.6826083302882,169.4062044245674,170.1168284855463,170.8159636938455,171.49386967437812,172.16538605678235,172.82769163145548,173.5076113136129,174.18833751720308,174.9141746264837,175.64319946894574,176.38067271794156,177.11408027108325,177.85132562727773,178.54843450683504,179.25641437338933,179.96758320114034,180.68000818512377,181.42109549688763,182.02993359452114,182.65516015118416,183.28029436795205,183.91657373851353,184.5520640495246,185.15091037341853,185.74980413916526,186.36146232443227,186.9798851004278,187.6081816038537,188.39861998738414,189.20181137128148,190.0217598263217,190.86046826860044,191.71782720569314,192.54214627135255,193.39695634367806,194.25182208513596,195.15174010744138,196.41103212518772,197.65524057103187,198.91664598136938,200.19251768676932,201.4819459257168,202.78526103042267,204.06599431429186,205.3571432073811,206.65384873994586,207.95478417374486,209.25699322818417,210.51976939400606,211.79163572979215,213.07442426361786,214.37571246223996,215.69136077568976,216.97395736017506,218.26943544780192,219.5703084352234,220.87487846278384,222.17952863570645,0.7713199392025663,0.7740938050605485,0.7767339550077639,0.7791893812496017,0.7814699930565588,0.7835851636170332,0.7855432710900608,0.7873088899378575,0.7889338347711516,0.7904252597337277,0.791789504955667,0.7930332553824149,0.7942152283740717,0.7952686709202996,0.7962744160397944,0.7972347235201246,0.7981515562701647,0.7990338331282787,0.7998761297647341,0.8006804106592051,0.8014483681378638,0.8021814020086081,0.802875297640849,0.8035374563602021,0.8041697011759121,0.8047730535675264,0.8053487188048964,0.8058915676972109,0.8064091603303921,0.8069030905845985,0.80737454077831,0.8078246080571423,0.8082580001605965,0.808672936013312,0.8090703557692923,0.8094513004919737,0.8098167368963881,0.8101682996994021,0.8105059254205773,0.8108306098524903,0.8111427773186973,0.8114437444378007,0.8117425764510424,0.8120310316044332,0.8123101959215152,0.8125805154710021,0.8128431241426266,0.8131143641484812,0.8133787126339863,0.8136369202659418,0.8138891659658888,0.8141367280368974,0.8143953261249913,0.8146495692603584,0.8149006541568363,0.8151484430512996,0.8153941096935181,0.8156479817082224,0.8159004471282472,0.8161516752605728,0.8164024741176646,0.8166533471188563,0.8169147690210853,0.8171766724512234,0.8174397121912326,0.8177046042059296,0.8179715128311192,0.8182505856880563,0.8185321840169044,0.8188171768440303,0.8191053675514853,0.8193979453695842,0.8197071311252855,0.8200204942104686,0.8203387328124361,0.8206621267547287,0.8209917164204337,0.8213403291001061,0.8216950951321583,0.82205608432721,0.8224234335565629
