country,quantile,conso_2020,conso_2021,conso_2022,conso_2023,conso_2024,conso_2025,conso_2026,conso_2027,conso_2028,conso_2029,conso_2030,conso_2031,conso_2032,conso_2033,conso_2034,conso_2035,conso_2036,conso_2037,conso_2038,conso_2039,conso_2040,conso_2041,conso_2042,conso_2043,conso_2044,conso_2045,conso_2046,conso_2047,conso_2048,conso_2049,conso_2050,conso_2051,conso_2052,conso_2053,conso_2054,conso_2055,conso_2056,conso_2057,conso_2058,conso_2059,conso_2060,conso_2061,conso_2062,conso_2063,conso_2064,conso_2065,conso_2066,conso_2067,conso_2068,conso_2069,conso_2070,conso_2071,conso_2072,conso_2073,conso_2074,conso_2075,conso_2076,conso_2077,conso_2078,conso_2079,conso_2080,conso_2081,conso_2082,conso_2083,conso_2084,conso_2085,conso_2086,conso_2087,conso_2088,conso_2089,conso_2090,conso_2091,conso_2092,conso_2093,conso_2094,conso_2095,conso_2096,conso_2097,conso_2098,conso_2099,conso_2100,tax_2020,tax_2021,tax_2022,tax_2023,tax_2024,tax_2025,tax_2026,tax_2027,tax_2028,tax_2029,tax_2030,tax_2031,tax_2032,tax_2033,tax_2034,tax_2035,tax_2036,tax_2037,tax_2038,tax_2039,tax_2040,tax_2041,tax_2042,tax_2043,tax_2044,tax_2045,tax_2046,tax_2047,tax_2048,tax_2049,tax_2050,tax_2051,tax_2052,tax_2053,tax_2054,tax_2055,tax_2056,tax_2057,tax_2058,tax_2059,tax_2060,tax_2061,tax_2062,tax_2063,tax_2064,tax_2065,tax_2066,tax_2067,tax_2068,tax_2069,tax_2070,tax_2071,tax_2072,tax_2073,tax_2074,tax_2075,tax_2076,tax_2077,tax_2078,tax_2079,tax_2080,tax_2081,tax_2082,tax_2083,tax_2084,tax_2085,tax_2086,tax_2087,tax_2088,tax_2089,tax_2090,tax_2091,tax_2092,tax_2093,tax_2094,tax_2095,tax_2096,tax_2097,tax_2098,tax_2099,tax_2100
BRA,First,1.0304582617336955,1.0343487280245365,1.0365181506967764,1.0390108316323796,1.042878095447477,1.0481910689554694,1.054287028135772,1.0607055376814918,1.067998564356134,1.0761467682006303,1.1930461585717336,1.214352233684116,1.2354648677189328,1.2572954854607563,1.2782928609089887,1.2994021637016897,1.3184025201636143,1.3369896451933376,1.3557500997226835,1.3750220746707675,1.3943234897929782,1.4153204191678286,1.4354050231175617,1.455138716267929,1.4744825324726383,1.493156596580726,1.5121497118157567,1.5306024261036688,1.5492739843884198,1.5685187146745214,1.5886313111986177,1.6108127201216793,1.6329901519294105,1.6555608538758326,1.6783077631941559,1.7009685862082216,1.7230589384728523,1.7451571100589442,1.767824585840264,1.790838071229965,1.814747205781809,1.8383364776644875,1.8619026545935315,1.8854388227723395,1.9089631123087574,1.9322534672053575,1.9543666154539097,1.9753883822640357,1.99641562681282,2.0177445787412713,2.0396235337119544,2.065174261840121,2.0905263064026687,2.116169009697288,2.1422355270012825,2.1687141630839997,2.1939432070025404,2.219048648644177,2.243612306957684,2.268916438373803,2.304526778203493,2.3398365535277597,2.3754787122769505,2.412084236590161,2.4495295614297588,2.487830422337932,2.5257451255910315,2.563339689729473,2.6010082820963962,2.6385559081185095,2.6756576867712036,2.711191953514711,2.7461923176238794,2.782003206434976,2.81950919803295,2.8581632334840053,2.896054070071881,2.9337977436126197,2.9717446600013195,3.009636498113337,3.0468842028416723,0.006957127589196116,0.006990622891237838,0.007018963454392485,0.007049762237453626,0.007084692228417384,0.007124101740186805,0.007165556881450773,0.007205910950155373,0.007250480785328184,0.0072994159816155545,0.007378009311352526,0.007436589132993142,0.007495522599144252,0.007564544346864107,0.007635699726282273,0.00770965577036058,0.007783736773593316,0.007857683096297145,0.00793479907948348,0.008015078518548477,0.008098682028991935,0.008183000723287977,0.008267491457933856,0.008354463253453787,0.008443810583345989,0.008535279071058471,0.008626892968787051,0.008718598197100446,0.008812995563730793,0.008910709744422828,0.009011840083764646,0.00911411068044744,0.009216479403588546,0.009321208563510484,0.009427967681159355,0.009536456598656476,0.009644044840741009,0.0097516061041642,0.009861403011880942,0.009973166373007419,0.010087419524191642,0.010201199374138563,0.010315089696560165,0.010430570270631608,0.01054752549575249,0.010665807565099326,0.010782504413358115,0.010897983091154409,0.011014723655486672,0.011133172599819741,0.011253616587924672,0.011374400234594323,0.011494082008382178,0.011614909458157498,0.011736965077115514,0.011860246135347986,0.011981220470997535,0.012100666981999726,0.012220425826054943,0.012340887184993989,0.012465069850917401,0.012586814064629493,0.01270759716258877,0.012829633864481448,0.012952784307008736,0.013077046614145313,0.01319843675468385,0.013318192734852501,0.013438235363236633,0.013558361044222821,0.013678290859984107,0.013793809889109668,0.013907497072448288,0.014022028556092088,0.014138202255644754,0.014255536220233827,0.014369014928041822,0.01448116611689949,0.014525259529649932,0.014517392881406618,0.014509515330503599
BRA,Second,2.1853187858607472,2.197524197253125,2.207187595336964,2.2175654872893285,2.2303070079327187,2.245551048744757,2.2620051197555218,2.279162808657876,2.297988657375839,2.318476256559328,2.3608299086089755,2.3861472119162976,2.41220965644379,2.4410663362615024,2.4705257261624913,2.501323518008492,2.5322457942660366,2.5641052174777252,2.597809451735606,2.6333512520102555,2.6709190726501575,2.709265126948525,2.7483263848920942,2.7885638451438544,2.8298926529295607,2.8719656152146293,2.913990331301681,2.956615049544217,3.0009013948556658,3.047643801643927,3.0970472034600185,3.14771054423762,3.1991826925043028,3.252145643407923,3.3062645784791065,3.3611399929025887,3.415359995626906,3.4703403015681586,3.5270767283834887,3.585264904831237,3.6455532103386545,3.7063706277915185,3.768223615820238,3.8313177648747607,3.8955170047733025,3.9606910085516684,4.024814141585423,4.088519357514779,4.153302597597391,4.219916522531336,4.288790016301533,4.359195116460837,4.4302496188886105,4.502446211213156,4.57598735009264,4.6508545851895535,4.7247595384921794,4.798639359969907,4.87275441389537,4.94745066097066,5.025500588685682,5.102759801533412,5.180764046666385,5.2605659275740715,5.341984740233642,5.425052323612862,5.507090458255883,5.58885226276708,5.671020130997822,5.753295450421905,5.835179095868128,5.914079426984657,5.992338055318435,6.07211195660304,6.154784532503541,6.239521979764387,6.322450143439211,6.405341882934625,6.4887776965748625,6.572369171460296,6.6552280025184025,0.01563701619954315,0.015691550391860137,0.015736970600237567,0.015786616831947556,0.015843299531498864,0.01590759096997369,0.015975360530236748,0.016040920180992718,0.016113622990888615,0.01619369235961214,0.016323146088616864,0.016419247049402407,0.016515603498799773,0.016629108198531663,0.016745907629891962,0.016867069922600703,0.016988162300798103,0.01710852299203242,0.01723379571951376,0.017363928440479324,0.01749914045529511,0.017635167210859285,0.017770940960361904,0.017910368031688797,0.018053246648250063,0.01819913632790801,0.018344862260889626,0.01849016763689887,0.018639350175538593,0.018793355030884914,0.01895229275761494,0.01911254166815296,0.019272303758879592,0.01943527313431427,0.019600906685215053,0.019768712320098532,0.01993461070705096,0.020099816676065068,0.020267953720082468,0.02043858063778348,0.020612466402606017,0.0207850915960178,0.02095721668128114,0.021131213044830535,0.02130688280899971,0.021483993475655435,0.021658187843782557,0.021829906701510197,0.022002982530799416,0.022178059097796663,0.022355538062758154,0.022532946672799054,0.022708021221126848,0.022884241291160134,0.023061710214940214,0.02324041424502804,0.023415229274930477,0.023587152342566104,0.023759026895528067,0.023931404678424313,0.024108583617026377,0.024281755974571696,0.02445291017421532,0.024625345102117096,0.02479885535962896,0.024973421655634043,0.02514344524264098,0.025310563727354463,0.02547762144083179,0.02564433323816288,0.025810317957380105,0.02596972891401194,0.026126063466425528,0.026283158857459677,0.02644210154061743,0.026602216490687464,0.026756627333388083,0.026908724600733642,0.026968072866720823,0.02695681587217772,0.02694554034219109
BRA,Third,3.0651404960492483,3.0847513231432475,3.101445196945149,3.1191292399459294,3.1398252329684917,3.1637177968142884,3.1890518909774315,3.2154622707392777,3.244074275953829,3.2748926490932746,3.296980955754463,3.329998921283728,3.3643445513469232,3.4025215476583917,3.442034451247755,3.483609628376318,3.526166510257038,3.5704452603726304,3.6175084755637554,3.6672225964830196,3.720055001706879,3.7733785775903033,3.8282872582610596,3.885205823148744,3.944028887544155,4.0043592009506535,4.064521996120881,4.12596079890999,4.1899039746976126,4.257392250962619,4.3286133240028235,4.40093378618673,4.474636465395593,4.55053471393932,4.628220197464533,4.707212669419025,4.785457568104877,4.864999836954483,4.947046408778839,5.031240398930085,5.118334644149344,5.206275198116993,5.295917352002134,5.387528240664408,5.480910194460152,5.575953807085141,5.669861712572915,5.763733539917655,5.859312922068704,5.957590573653873,6.059105240068789,6.1614763647489665,6.265053036728861,6.370324605590721,6.47754303665521,6.586688947704252,6.694794005649074,6.803092367724937,6.912061369111579,7.021744824913981,7.132721854200303,7.242512050876482,7.353445154418141,7.466776848847877,7.582294803919273,7.700045231484982,7.816248836835014,7.932347363209774,8.04914123470438,8.16627025880302,8.283127300062366,8.395981971198458,8.50826728552909,8.622585026872812,8.740633161557033,8.861404703356028,8.97956431674057,9.097896409233206,9.217056679075586,9.336579304898857,9.455400735377399,0.02257823401801242,0.02264606243787033,0.022702817793813414,0.022764662925305254,0.022835025245726493,0.022914586456006948,0.022998276418035115,0.023079308968928278,0.023168917082477813,0.023267350992086575,0.023425801923521717,0.023543339977891323,0.023661111293686657,0.02379928736938036,0.023941254919146757,0.024088296799110582,0.024235036255731087,0.024380779204568426,0.024532229985542338,0.024689303332956197,0.02485224269783889,0.02501590395073077,0.025179081248458458,0.025346374925338217,0.025517525681765126,0.025691994647367624,0.025865983978635227,0.026039263819839724,0.02621687047414929,0.026399909148858876,0.026588487914761847,0.02677830031451066,0.02696728435481797,0.0271597304155585,0.027354985682764368,0.027552457400395705,0.027747353194537874,0.02794117087772705,0.028138089892923334,0.028337584744399617,0.028540539529443257,0.028741679263120278,0.028941949865131628,0.02914405300112123,0.029347755065253105,0.029552776610286526,0.029754083841726214,0.02995225926302041,0.03015167240101345,0.030353061540412347,0.030556878799146907,0.030760289078488146,0.0309607729299761,0.031162241285378374,0.03136481308524075,0.03156846701203303,0.031767379168812004,0.03196276898422702,0.03215780528561751,0.03235311681718159,0.03255355901516582,0.03274917796320013,0.03294229202113841,0.03313656204955916,0.03333175442001698,0.03352784422374968,0.033718560317980754,0.033905812474890475,0.03409273515526734,0.03427901256292141,0.034464221497547055,0.03464187346239188,0.03481593078142435,0.03499061099020399,0.035167115666477886,0.03534469093611649,0.03551574464496674,0.03568408067922696,0.03574985279418637,0.03573765607313909,0.03572543695651468
BRA,Fourth,4.287923063654891,4.318237185048827,4.3452321269963,4.373606957992267,4.405840511827362,4.442178032343274,4.480233616927814,4.519889276943026,4.562469521904643,4.607996991697028,4.657224934352854,4.7072268265232,4.7590928766725495,4.815731628625181,4.874174370357766,4.935386991598532,4.997507492499255,5.061970781767254,5.130055416158283,5.201659013385234,5.2772863407430375,5.353682513465803,5.432221509623116,5.513439440083913,5.597220816680322,5.683084461015592,5.768868528658829,5.856483333389748,5.947414704452257,6.042934013275271,6.143290441678324,6.245267961512114,6.349268745918071,6.456265602304438,6.565759446459563,6.677178666102226,6.787673511208281,6.900073578372665,7.0158149028545775,7.134466923132018,7.256992966879837,7.38035660418203,7.506068191582891,7.634411037087381,7.765175473262503,7.898205934390586,8.029699430291437,8.161366005669572,8.295342892729494,8.432809480350828,8.574429413845799,8.717482046494519,8.862256115297997,9.009360353478597,9.159110661312546,9.311492778229226,9.462274642579544,9.613620365966902,9.765980795252633,9.919608842041427,10.076632824712789,10.231901981056568,10.388874141007811,10.549054206897564,10.712192993222784,10.878358073768348,11.042234236568097,11.206290178073655,11.371469335932533,11.537338835892044,11.703161709885336,11.863603287269225,12.023631808384588,12.186389435894597,12.353959808880818,12.525129933531133,12.692551973292042,12.860470374957965,13.029619514353506,13.19944640493749,13.368684832358745,0.03255473413970367,0.032634018706210716,0.0326998703898166,0.03277182211696406,0.032853937318212456,0.0329470125521991,0.033045007750829754,0.03313961292198561,0.03324442141562067,0.03335970631692192,0.033545831258354135,0.03368362475792901,0.0338214629507953,0.03398358960044841,0.03415000199705366,0.034322183590934856,0.0344938052305437,0.034663903225498234,0.034840474839907175,0.035023392633630364,0.035212909200606865,0.035403010554206714,0.035592180895600664,0.035785873098421586,0.035983768250120826,0.036185220514950156,0.03638582868948225,0.03658522497817596,0.03678931652931681,0.03699934503966392,0.03721540320211073,0.03743252921259482,0.03764826331770265,0.03786760839203899,0.03808980046445449,0.038314152876489434,0.03853521238723233,0.03875460186443961,0.03897714600560175,0.03920223303176924,0.0394308452810265,0.03965703083932946,0.03988178680301927,0.0401082285031037,0.040336078997152254,0.04056502135950964,0.04078944231838793,0.041009929094657865,0.041231435270204564,0.04145477018033296,0.041680423916317384,0.04190523881402823,0.04212634737955271,0.04234818236161734,0.04257086304347479,0.042794363956403784,0.04301229504141625,0.04322592298563205,0.043438828032746714,0.04365169730548382,0.043869807395452355,0.0440823186514935,0.04429168927796765,0.044501987579743635,0.044712949878765056,0.044924547518403066,0.045130014230640315,0.04533135686309992,0.04553204257699452,0.04573173428102677,0.0459299822189163,0.04611984280116745,0.046305515775917634,0.04649159274399553,0.04667935160593752,0.04686798157242202,0.04704940276208807,0.047227625969154294,0.0472970009059338,0.04728376225932707,0.04727049702798665
BRA,Fifth,5.57346061922051,5.615825706119539,5.654630769175828,5.695206462017153,5.740459635855486,5.79069389207132,5.84287132912982,5.897272396371541,5.955302878786632,6.017003947857532,6.242538326298494,6.326963283083624,6.413099912592149,6.503588655422233,6.594843753168503,6.688805135259458,6.78022783011406,6.873434072425962,6.969916293948751,7.07014884001192,7.173757333618012,7.280260465166144,7.387759528549779,7.497309842822149,7.608822100241108,7.721664284737862,7.8351494352160715,7.950013834133493,8.068097860416309,8.19067243276005,8.318294434919538,8.450108907913464,8.58420806899764,8.72165702171239,8.861868669844908,9.004195768282552,9.14521871396688,9.28842017229919,9.435319668129067,9.585385973294288,9.740014601892812,9.894330169820599,10.050954441885292,10.209964247871996,10.371324010775028,10.534616273217814,10.695127134761565,10.855112853234901,11.017299187016205,11.182745754799752,11.35220157515297,11.527817738713496,11.705057014410663,11.884926234699444,12.067815784667212,12.253726580807337,12.436244657882082,12.619889844911363,12.804153114969132,12.99118874342429,13.197060338838698,13.400564647956703,13.606434444088512,13.816339685975008,14.030002663877996,14.247513154446308,14.461938129171791,14.67695100482984,14.893560383451598,15.111267636911888,15.329215901699248,15.540372556703327,15.751402081204287,15.965882635822007,16.186263063901993,16.41114237231639,16.631080663009204,16.851957810635874,17.074506874118708,17.29809639556313,17.521283051371878,0.04336372320852694,0.04345186539820494,0.04352507761300393,0.043605007385328555,0.04369614604573794,0.04379935569134916,0.043907929887137986,0.044012693213024694,0.04412864625721791,0.044256065792572824,0.044461491678820825,0.04461340659508373,0.04476522574641291,0.044943556773758664,0.04512638130301397,0.04531531355871301,0.0455033977648977,0.04568959793261654,0.04588264263047171,0.04608236669946002,0.046289020608244524,0.046496031633612836,0.04670176053933415,0.04691212108906282,0.04712674590018269,0.047344920783824275,0.04756187278077719,0.04777721914183869,0.04799732249924181,0.048223498497298005,0.048455819389892026,0.0486889340507052,0.048920213034267,0.0491550057223419,0.049392477175826684,0.04963188594551256,0.04986741429165611,0.05010081369870526,0.05033720534401589,0.0505759275191083,0.05081800437750466,0.051057136547168765,0.05129439289837047,0.05153305447598189,0.05177282427167586,0.05201336191600282,0.0522487812600581,0.052479724684824716,0.052711382044936535,0.05294459419367339,0.05317986288262264,0.053413894868317026,0.05364372336490867,0.053873956230353716,0.05410471362946698,0.054335964170169004,0.05456111008975931,0.054781493247055994,0.0550008071879444,0.055219762867363326,0.0554437777254663,0.055661719123474375,0.05587613701723398,0.05609119253783128,0.05630661586158574,0.056522372480929,0.05673157928966488,0.05693630663798709,0.05714008438046821,0.0573425722028022,0.057543321328198636,0.057735320561502206,0.057922851205075794,0.05811054761397906,0.05829969639036786,0.05848947514025174,0.05867177053013305,0.058850636370720584,0.05892021965296993,0.05890697700903181,0.058893709108749394
BRA,Sixth,7.452553259216476,7.513061692498553,7.569798790541516,7.628878775226889,7.693772723175197,7.764866188237184,7.838179724285191,7.914652899914731,7.995757031680249,8.081562441836292,8.144669243951743,8.234115477030894,8.327245009999602,8.427448007078292,8.531298133968907,8.640019478663591,8.750706557378232,8.866003646869489,8.987457549280544,9.11484560307581,9.249105766232528,9.384020101895912,9.52337985121954,9.667651946524353,9.816695264189077,9.9698850659879,10.122993912853206,10.279975423625839,10.442666848277378,10.61294296645482,10.791090681143515,10.971299704783805,11.155541642417916,11.344997820322444,11.538974590000699,11.736712756341088,11.933198854340205,12.133488278684869,12.339397845633572,12.55035996039608,12.767730720322945,12.98620314860046,13.209101835104395,13.436673094222053,13.66863639883503,13.904810679743935,14.13877998197776,14.374124869662195,14.613604936803485,14.858915313210927,15.1110102019411,15.364263609541723,15.621058307990124,15.881947067297038,16.14739439185383,16.417399211436884,16.684811696168257,16.954021753567204,17.225515260660686,17.499430141939293,17.777044521822734,18.051378487953198,18.329071812080727,18.611984174881137,18.899803734348524,19.192654088211444,19.48123153595719,19.771059245008008,20.06320157638358,20.357077046616492,20.651673268133443,20.937456006530688,21.223605140281563,21.514241953326238,21.81229569702076,22.11612691566777,22.413257570356393,22.71202792757489,23.013125729549497,23.315823538737074,23.618459462481482,0.05962599148372587,0.05971778659760171,0.05979314147074281,0.05987580268065495,0.05997056558073026,0.06007834269610918,0.06019193473888449,0.06030106719074844,0.06042226164675644,0.06055578971351366,0.06077220215163906,0.06093184173502876,0.061091050107693855,0.06127891202290991,0.06147132955022518,0.06166997397584601,0.06186748082683414,0.06206248363648254,0.062264444346125034,0.062473153436301346,0.0626888339721425,0.06290458117054096,0.06311847173932979,0.06333688613935287,0.06355941184042059,0.06378528529788854,0.0640095356295916,0.06423158810949607,0.06445820251774799,0.06469070248873508,0.06492912071593647,0.06516792810436849,0.06540425311359198,0.06564375203363343,0.06588555143137374,0.0661288764887841,0.06636780746399167,0.06660397970495198,0.06684274381222358,0.06708341103364483,0.06732699408857795,0.06756714446858633,0.06780481493744382,0.06804343668292405,0.06828269833670414,0.06852225496520176,0.06875625441529161,0.06898522377350393,0.06921446201640699,0.06944478978103812,0.06967668976887414,0.06990689048946865,0.07013232683011508,0.0703577186293256,0.07058317270589017,0.07080865756489536,0.07102773651423124,0.07124159123253163,0.07145399803216078,0.07166564641172118,0.0718817573769303,0.07209157447646264,0.07229744923182112,0.07250353777556875,0.07270957387464994,0.07291551779606827,0.07311480105962061,0.07330929944808834,0.0735025287881094,0.07369416688033431,0.0738837985725058,0.07406478780340371,0.0742411097463128,0.07441727381099252,0.0745944812482127,0.07477195542764514,0.0749420768435034,0.07510858429413682,0.07517296299712563,0.07516009264093486,0.0751471950627853
BRA,Seventh,9.603342246557013,9.685899384251021,9.764725362993673,9.846512739982833,9.935311880291666,10.0315920114271,10.130311176579195,10.233398938110312,10.342170975191259,10.456727325420353,10.598958187564323,10.7237775993059,10.853251729336458,10.990386928667407,11.131711000982664,11.27893476680384,11.427241177299209,11.581222817842699,11.742469273506863,11.91093425037255,12.087413290291428,12.265279173803233,12.448428555493145,12.637371853735084,12.831974737848746,13.03149937626472,13.23123604336113,13.435836678988371,13.6472964652708,13.8677571223143,14.097636734927349,14.330777127586304,14.569207813297504,14.814110531631831,15.064677333739017,15.320049478244758,15.573866548925068,15.832687247903742,16.09839604554439,16.370334919989435,16.650204980176113,16.930762002568486,17.216882407953268,17.508602797989077,17.805691603461582,18.107854561409994,18.406981571809595,18.70799362817038,19.014019023413834,19.32692326793955,19.64782053754788,19.97156331506424,20.299898497861648,20.633341035862667,20.972456975297366,21.317259500970554,21.658225367555758,22.002058475901716,22.348706275859147,22.699016271644112,23.059426672122605,23.415492957085107,23.776192320320867,24.143436753264492,24.51688631810778,24.896707319761646,25.27087587918171,25.64723774020481,26.02676539341875,26.408798514010623,26.792163685626583,27.164460034078665,27.53788850017374,27.916983030857686,28.30517532965346,28.70058719877392,29.087299325132243,29.476631514772762,29.86906895127151,30.26379461013943,30.65893736260299,0.0787778067671,0.0788691891540778,0.07894426799841175,0.07902649787876734,0.07912060480356653,0.07922745834460666,0.07933991945411357,0.07944790581054056,0.0795676325276775,0.07969932710778584,0.07991225187585067,0.08006907299177654,0.08022526132350599,0.08040913834560573,0.08059713794385431,0.08079086600359521,0.08098313213973432,0.08117264645516406,0.08136855313642585,0.08157061235408841,0.08177900126176338,0.08198702945991022,0.08219287247433127,0.08240263287433687,0.08261588992221142,0.08283188669140501,0.08304586683284285,0.08325731112271502,0.08347262731911413,0.083693036146523,0.08391853142135487,0.08414386291970809,0.08436634274215692,0.0845912722933719,0.08481781180326951,0.08504522063267234,0.08526797421170801,0.08548763393006108,0.0857091603709295,0.08593189411862874,0.08615675600022102,0.08637788389876083,0.08659618438941988,0.08681480124600256,0.08703343996746311,0.08725177835559962,0.08746449977678447,0.08767212998269883,0.08787947455420345,0.08808726874742245,0.08829593663248621,0.0885025329093791,0.08870434136387481,0.0889055823265265,0.0891063527932774,0.08930661811223452,0.08950068307034899,0.08968964511657042,0.08987684471127279,0.09006289696491006,0.09025237457602049,0.09043585322191011,0.09061542836741922,0.09079472485818806,0.09097350717501318,0.0911517410280128,0.09132376090045331,0.09149123016057853,0.09165718395410685,0.09182135333394796,0.09198338904179026,0.09213765850975997,0.09228759185972338,0.09243703045192932,0.09258698691916323,0.09273679801488785,0.09288005453945782,0.09301993967031104,0.09307394955865562,0.09306318474985244,0.09305239413419002
BRA,Eighth,13.428922858591177,13.551657027588181,13.670986106691336,13.794379074322878,13.926808840090803,14.068886756354011,14.213701006235148,14.365085504229217,14.523974775759857,14.6905251774551,14.845121046633302,15.019560281447355,15.201091346863599,15.39219625772501,15.589828884022086,15.795874860409032,16.004334414493655,16.22151723992641,16.448936759152485,16.686393630959746,16.935214791802665,17.185049386814836,17.443274227126345,17.71002172282259,17.985148438623693,18.267806932320767,18.550674556513197,18.841190954343777,19.141392617151915,19.454041982982485,19.779557986160135,20.108625058683167,20.44568644406414,20.791861143043022,21.146162817032412,21.50758066682113,21.86712400681691,22.2342283333681,22.610873584397257,22.996294958256424,23.392570705685685,23.789683724676678,24.195072833603476,24.60851259160915,25.029718481948606,25.45839010590678,25.883312959606375,26.312018000333282,26.747936535671865,27.193441569913265,27.649933503474617,28.10856211253937,28.57432971199777,29.047318224970503,29.528252695792673,30.01716851172531,30.501076363967286,30.98979734935617,31.48300511323015,31.981340651171514,32.48964487714917,32.991680302902324,33.50066758221947,34.018511252356774,34.54483758783183,35.079888253295906,35.60679308654186,36.13769234015079,36.6733173684304,37.2128900486038,37.754987548422626,38.28207350537434,38.81179760932031,39.349249687443425,39.89866480336681,40.457801833391656,41.004658810296924,41.555982797355206,42.11181501768781,42.67120995795406,43.23200162235518,0.11394885772929787,0.11401615393616522,0.11406903888200187,0.11412808624219223,0.11419711747641374,0.11427682915267531,0.11436137717344402,0.11444134805848093,0.11453119829345862,0.11463107119222367,0.11479582478280338,0.11491625520591077,0.11503544181322592,0.11517821636540322,0.11532389751081701,0.11547367890122896,0.11562186430464463,0.11576672531621164,0.11591611390199118,0.1160697662099863,0.11622773886170484,0.11638484973567619,0.11653916161205478,0.11669586546958118,0.11685457994531545,0.11701469516531168,0.11717261431571759,0.11732747582937057,0.11748451358353008,0.1176445454201207,0.11780748631379923,0.11796945158602168,0.1181280502901886,0.11828756628003477,0.11844735363157105,0.11860685363063926,0.11876216693734906,0.11891401724235726,0.11906627132576371,0.11921843266136312,0.11937108972938477,0.11952024448852894,0.11966618936483533,0.11981140529629182,0.11995566463854525,0.12009874091654033,0.1202371782754795,0.12037102313383012,0.12050376480199589,0.12063585100040405,0.12076752349132996,0.12089686366611349,0.12102179425203446,0.12114543689978233,0.12126783014283127,0.12138894860320924,0.12150533878603854,0.12161733675893367,0.12172740649657002,0.12183591290242486,0.12194548812784867,0.1220506470223329,0.12215231886472573,0.12225296226768163,0.1223524300309367,0.1224506907944211,0.12254461820633895,0.12263487712907346,0.12272350507587777,0.1228103633401341,0.12289528610748952,0.12297528929438198,0.12305198966184068,0.12312773121103653,0.12320301784423164,0.12327749849706801,0.12334791165962838,0.12341570047150836,0.12344089587838925,0.1234343148267288,0.12342771395467654
BRA,Ninth,18.684707198058767,18.866832769142693,19.04689530239873,19.23240205819891,19.429425690482798,19.638737303588133,19.850895763139498,20.073160281041076,20.305113859201,20.546971357665985,21.475120160599086,21.80267642612649,22.137066538583873,22.476180819352912,22.817142536030758,23.165813319361447,23.50148710062001,23.84397225477758,24.194519230246176,24.555495956118246,24.92427180664957,25.30293951435418,25.685454958218514,26.073388946374482,26.466772359424024,26.86425272064714,27.265107519142568,27.672181240406335,28.08794944412284,28.51483555494355,28.954515899035858,29.408518096339954,29.87217141264477,30.346043987136817,30.828921842864553,31.319657064679056,31.807010430770685,32.30361651658628,32.81073429046653,33.32730985816758,33.85706097021101,34.38204599121391,34.91542616414537,35.4553786300902,36.00248512307932,36.55534226707172,37.099179160001334,37.64469727271258,38.19661883182996,38.75644069012951,39.325750309868674,39.91738153883099,40.516494434218686,41.12382696365413,41.74037292692455,42.366248045138505,42.97933624265558,43.60087469077135,44.225251897872326,44.86143403222294,45.57508548894094,46.279773956720035,46.99510481188388,47.72239553465845,48.46125672119233,49.212044122571186,49.95121635312442,50.69748985814432,51.45070786740205,52.20997067769153,52.97355595825723,53.71688115166341,54.46559694470434,55.224872493869924,55.99993873621521,56.78814090641954,57.55922447793522,58.3379421391675,59.12319029828782,59.91389343287897,60.707581240019515,0.16404222519701234,0.1640647656846736,0.16408256684134814,0.16410204098489836,0.16412431900277522,0.16414951137965134,0.16417573351984704,0.16420022467032772,0.1642271637932158,0.16425646105292113,0.1643033459176355,0.16433668274321234,0.16436887100602043,0.16440629900872786,0.16444331142377008,0.1644801112272058,0.16451524940625775,0.16454834268882834,0.1645811567892162,0.16461349599729436,0.16464522894697423,0.1646752339300272,0.1647031210964097,0.16472984491902112,0.1647552404160747,0.16477912165171543,0.16480092316663045,0.16482050509087062,0.1648385734714309,0.16485509065770415,0.16486989414396896,0.16488253557569155,0.1648927600614529,0.16490093447764562,0.16490694473864545,0.16491070896961557,0.16491215944351012,0.16491128633554186,0.16490818950382632,0.16490280482962283,0.16489503174769327,0.16488506754659196,0.16487284751670825,0.16485831949738597,0.16484146411305198,0.16482228457364861,0.1648013162114404,0.16477854712589168,0.16475361856421766,0.16472641115521205,0.16469681852952944,0.16466523504435754,0.16463203425363648,0.16459673003218034,0.1645592901759212,0.16451971085224212,0.1644791870243838,0.16443752680259965,0.16439421976670618,0.16434914516193838,0.16430112847508582,0.16425256222082535,0.16420292111970528,0.16415137201117275,0.16409796906766458,0.16404271027335154,0.16398742713289324,0.16393163292909457,0.16387451804243877,0.16381620288194712,0.16375685327328857,0.1636986387705648,0.1636403525110334,0.1635806833957844,0.16351920571169176,0.16345616383803904,0.16339429952121717,0.16333231002984633,0.16330768548842295,0.16331202992889818,0.16331637459015522
BRA,Tenth,47.6690096865838,48.20432599380334,48.75086717065697,49.30994844382025,49.89223547629117,50.49914608922241,51.107584118845615,51.74848481805387,52.40932931461822,53.09056378343944,53.54325586683695,54.21754575197502,54.92355972340991,55.63878224055826,56.379587064535755,57.14929901865878,57.92851196190031,58.74724482605016,59.5996838904501,60.48496239932811,61.407946269332555,62.32851432338062,63.287546690530114,64.2772302555748,65.29760247861391,66.34723673676957,67.39733246409732,68.48311194426299,69.6012850600356,70.75897261696122,71.95654552087802,73.16054187170019,74.40047164699163,75.67147420379925,76.97146513310918,78.29872501482735,79.62099518125109,80.97733334782465,82.36474855427636,83.78200335963741,85.23403768377037,86.68454966232126,88.17005431458881,89.6834308849891,91.2245327969178,92.79289898807995,94.35003483691627,95.93233938848645,97.539876826636,99.17818850025115,100.85063620405764,102.52138002132558,104.22726957724329,105.95816150356035,107.71614537461784,109.5014939921703,111.26966853972226,113.06753892681569,114.88465062790954,116.72169406355,118.58219553681697,120.4184227740413,122.28846873041252,124.18694299041812,126.113607141283,128.0695102024401,129.99420019772967,131.94701802981282,133.91965924374378,135.91089267550552,137.91776704337093,139.87669765092463,141.8604722667174,143.8702187300489,145.91557024082974,147.9923853070115,150.02566635185727,152.08782245020274,154.16824227087355,156.26556361445725,158.37660884504356,0.4625142836678816,0.46191798480209767,0.4614272849562314,0.46088970071648805,0.46027429276692106,0.4595752110172419,0.4588389036460205,0.4581310080348157,0.4573456552073585,0.45648111949074666,0.45508209501140534,0.45404993981077196,0.453020449660715,0.45180734796837,0.4505650779959447,0.4492828502504043,0.44800813499696523,0.44674931545230073,0.4454457895713232,0.44409890237725524,0.44270720196643776,0.44131519163114785,0.43993491797618545,0.43852557019974275,0.43708978081231303,0.4356324598485707,0.4341856193766462,0.432752646073694,0.4312902278661996,0.4297898078257886,0.4282511240567963,0.42670980588779917,0.4251840499233538,0.42363764868755016,0.42207620070572033,0.420504675137136,0.41896125652222294,0.4174350735659866,0.41589183701275256,0.41433596505067233,0.41276085331935103,0.4112075219777572,0.40966952784722993,0.4081249179817266,0.40657566630540204,0.4050239802624559,0.4035077516436911,0.40202327314890796,0.40053648416073545,0.3990420217038883,0.3975367113290105,0.3960417082224544,0.3945765563963927,0.3931110014855181,0.39164428913184185,0.39017660934843706,0.3887498205590817,0.38735589554788374,0.38597063776539864,0.38458952970555843,0.38317845384008653,0.3818075772810997,0.3804612567631845,0.37911268195365616,0.37776356002473016,0.3764141076152852,0.37510735686508295,0.3738307278949806,0.3725615452226687,0.3713019002345004,0.37005453914289965,0.3688630499937064,0.36770109791979827,0.36653934236852703,0.3653698408176552,0.36419768386264845,0.3630730972375754,0.36197123179746254,0.36154410032794576,0.36162777375850347,0.3617116234922475
CHN,First,1.3190796463239256,1.3969329921453968,1.4761450882103238,1.5580798937431646,1.6434751869895161,1.732591202530866,1.821886658929727,1.913243113893605,2.00783971603033,2.1057451374821787,2.353441670865066,2.4680293541030434,2.5830225291500777,2.7075200208276278,2.833927027094494,2.963448755337665,3.0879725508421894,3.214211529898995,3.343602265780262,3.4768195469180863,3.613644701788233,3.7474624981626112,3.8828348872148273,4.021539099697827,4.163976603319258,4.310388199858395,4.463976745119028,4.621283409176936,4.7842541502392795,4.953860734791032,5.131089163045678,5.313409771577883,5.501278302572539,5.696351543534818,5.898741735630281,6.108573235629618,6.319595990802213,6.537325141063129,6.763810447465413,6.999288679327619,7.2447876798081055,7.493439545326903,7.750112996673614,8.016508066690088,8.292994825589707,8.580000336019397,8.866191428190387,9.160606937481907,9.466271671369299,9.784484286671608,10.116254588204349,10.449406995888824,10.793408950855042,11.149924793351971,11.519704198463103,11.903350155435973,12.289710920263875,12.688743188685402,13.101668097311052,13.529168557985267,13.972373237490338,14.420165807813943,14.884131223976555,15.36603293157435,15.866460040521975,16.38626930727539,16.911721126929354,17.455726654333432,18.019477548217953,18.603508263246663,19.208247765029512,19.816843251004855,20.446640479206756,21.100813207460842,21.782052701086542,22.490608981599173,23.2057603085631,23.946085090657014,24.713676848374504,25.50936339805185,26.333579300660595,0.01517458576288664,0.015508891424469108,0.015840424457806205,0.016179044071404237,0.016526280761890735,0.016882528522397296,0.01722773591079184,0.017568172632521754,0.017915628394207506,0.01826966556032833,0.018619148939039643,0.018960697122101182,0.019295627651731425,0.019699430266298175,0.02011175781676884,0.020533207686768477,0.02094783165627113,0.021364652958268573,0.021791425788550978,0.022228066285308323,0.02267527385415733,0.023114901190976825,0.023557434133585037,0.024009987073435816,0.024472574485222783,0.024945242602189752,0.025410899257633263,0.025880208298809357,0.026360006371702344,0.026851153207084144,0.027355217311045323,0.027856092953609246,0.02836212722754261,0.028879346136540404,0.029407509036691905,0.029946550966945592,0.03048125772125988,0.03102180633376144,0.03157412761784566,0.03213822618432932,0.032714722055335745,0.033285965869539684,0.03386359482180221,0.034453259167770506,0.03505504571816479,0.03566914197188885,0.03627749519727785,0.036891893680856234,0.03751895276057767,0.03815940106866271,0.03881369919185566,0.03946512804325515,0.04012534956313017,0.0407990036013945,0.041486400564396016,0.0421556018028881,0.0427294026686622,0.04331587518105311,0.04391825610416273,0.04453695447455746,0.04517228130622948,0.04582469405709722,0.04649286917692507,0.04717922208802313,0.0478841457368261,0.04860810097957399,0.04935163421233854,0.05011421995223597,0.05089759064394953,0.05170219535744992,0.052528737922182246,0.05337370461289465,0.05423991153066822,0.05512964284128611,0.05604376167458591,0.056982951630058065,0.057937203803004184,0.05891469934495304,0.05991894405661516,0.060950752204951594,0.06201100756166469
CHN,Second,2.3382909043197815,2.475287423576578,2.614747664886386,2.7585478564899573,2.907729532144625,3.0626663346235867,3.2174623998262795,3.3756542016548203,3.5388195813012624,3.707065322065744,3.8935083988698214,4.064636377598727,4.2381720164570345,4.426696381881787,4.620639132295324,4.820763082317128,5.019808472333226,5.2239433920301455,5.434966209254033,5.653145351239728,5.879212383195362,6.103884420739783,6.334354260843985,6.572287731777836,6.818020180259359,7.071723216800766,7.323199433265205,7.580963141277577,7.847271767512084,8.123438241432343,8.410399739591034,8.696872706573313,8.99084843202754,9.294318840664143,9.607309243303328,9.929858629869702,10.249711259450258,10.577887495688868,10.916835397503844,11.266719704384283,11.628696327237394,11.98655509016409,12.353777029446544,12.732252767029694,13.122271386209398,13.52422520714846,13.92098009524741,14.326505206782642,14.744243331268786,15.17566104801776,15.621808445347378,16.062211785275288,16.514111866006896,16.9791909208244,17.45819947046398,17.951672431148996,18.442798390521403,18.946528130102095,19.463958192554212,19.995674963104825,20.54281216024173,21.088513001561605,21.649688270354346,22.22803453550473,22.823919337300563,23.43801396731431,24.050192037826424,24.678828962152952,25.3248326597354,25.98839995655468,26.669548591828292,27.345080070739517,28.03807329002811,28.751608553545225,29.488280672962727,30.247732762521657,31.00380046824294,31.779388597936723,32.575914565317284,33.39360468145279,34.23217758705448,0.02862768399370235,0.029081679391645687,0.02952896785222046,0.02998336516235657,0.030446739066107585,0.030919417921401387,0.03137454726483565,0.03182025448552193,0.03227269814257834,0.03273114644545501,0.03318140924365698,0.03361853171228737,0.03404432905644412,0.034558141778830945,0.035079540586074834,0.03560909899697009,0.03612694127916026,0.03664404280415451,0.0371702305609523,0.03770521534015152,0.03824964596360929,0.03878167853457692,0.039313676169696214,0.03985436900667195,0.0404035887415853,0.04096122056304387,0.041507494987079,0.04205447070984467,0.04261020634751529,0.04317546863954388,0.04375188402494715,0.04432136863968711,0.0448929551063958,0.045473486964696684,0.04606251894306364,0.04665980620549684,0.04724891765240609,0.047840541254738786,0.04844116404834802,0.04905060724965786,0.049669318034408515,0.05027888806225196,0.05089115520455071,0.051512115312215515,0.05214167109663002,0.052779830659787634,0.053408324783075715,0.054038823537872364,0.05467807160321368,0.055326579178391,0.05598458160050404,0.05663588211992759,0.05729145885167486,0.05795586002608229,0.05862917391812664,0.05928232983746435,0.059846360851441925,0.060419521140001244,0.061004773453877975,0.06160228494790384,0.06221211664825826,0.06283446170296672,0.0634678157977847,0.06411422122095013,0.0647737690270654,0.06544660597559611,0.06613294383445438,0.06683199926534211,0.06754505363730674,0.06827218242396729,0.06901367926397964,0.06976607527802063,0.07053157138812143,0.0713118243623863,0.07210719979607257,0.07291788216921662,0.07373492212987266,0.07456503073051078,0.07541077423188057,0.07627237812466592,0.07715010363582307
CHN,Third,2.957392185593111,3.1296787581903356,3.305016916528031,3.4854414717639246,3.672135714768589,3.865516307767081,4.0584066113487545,4.2554139506015645,4.458139982337374,4.6667066300520865,4.8225754146571465,5.02630023726339,5.233526633175165,5.4572164213126175,5.687834425498911,5.9258752795967435,6.164478353317243,6.409678542767781,6.6632793801345835,6.925304146315419,7.196957334240298,7.4675181426393245,7.745726548172662,8.032975810957495,8.329534817698883,8.635503327146262,8.933584397653933,9.238770666303678,9.55325627012336,9.878488908727432,10.215288254685285,10.547819898906242,10.888162375336229,11.23824728955352,11.598019099866464,11.967432306564428,12.33119024749627,12.703235292807392,13.085960414753547,13.479445722644103,13.884850920889697,14.281355695546052,14.686877404990154,15.103116395275908,15.530268299639099,15.96864932846463,16.398563909633946,16.836352661472823,17.285319096969914,17.746935190619734,18.22219513291946,18.686874071341474,19.161920582257533,19.648729289273973,20.14798233957925,20.660106165343006,21.165810456642948,21.682305138772282,22.21040517880132,22.750575173608247,23.303869130839427,23.850955989628066,24.411039076115486,24.985576832412917,25.574759185471613,26.179084958499356,26.775879714917952,27.385663510679628,28.00905745821336,28.646037304532644,29.296356594315654,29.934809564632538,30.58627773329094,31.253565741715676,31.93907701755584,32.642119466029506,33.335596271234664,34.04309732359472,34.76547839505431,35.50263732604394,36.25392753559895,0.03716568017141926,0.037655847315070066,0.038136996479170494,0.03862370241025187,0.0391179221686754,0.03961994218476899,0.040101517506029825,0.0405716676661978,0.04104704882118145,0.04152687627568682,0.04199620736491632,0.04245049147671931,0.04289181002955556,0.043420270683874586,0.04395429991906704,0.044494427914627314,0.0450203559068934,0.045543582189095856,0.04607384864389991,0.046610791486341174,0.04715499308802666,0.04768452583490219,0.048212063524520565,0.04874607391558225,0.04928632256857882,0.04983262245485637,0.05036541647257122,0.05089689002140022,0.051434724233665616,0.05197960849606355,0.05253299543921182,0.053077279931149204,0.053621460963653424,0.054171912065333006,0.05472813358575082,0.05528981594161558,0.05584124877304079,0.05639285628641368,0.056950564446268316,0.05751412174536645,0.05808388076242271,0.05864255074622593,0.05920145124951656,0.059765923069522796,0.06033579766909858,0.06091100439930053,0.061474771514700696,0.06203801014163089,0.06260664685955931,0.06318107545123607,0.06376142726743118,0.0643329719615177,0.06490583904685897,0.06548388182428659,0.06606709998540555,0.06662894182961084,0.06710702371125812,0.06759098858611608,0.06808324480551785,0.06858382112417274,0.06909265489645167,0.0696097908290212,0.07013386710303927,0.07066645803587605,0.07120751025056062,0.07175701158317908,0.0723149989185896,0.0728807021310351,0.07345501744402899,0.07403785703764496,0.07462930393357946,0.07522645450615652,0.07583092184977294,0.07644386209469546,0.07706538897063554,0.07769547144208869,0.07832702949989903,0.07896513893610003,0.07961160161085651,0.08026639684732438,0.08092952086016524
CHN,Fourth,3.8073685240992923,4.028234088812141,4.252996665006255,4.483908085700978,4.722335186639121,4.968755983833277,5.2142211644004615,5.464804941261743,5.7221729978406035,5.9864715380008375,6.219573657390539,6.481017733859527,6.746615088725891,7.029689550870637,7.320302929317558,7.619141817964998,7.916554507587546,8.221134075962055,8.534787182473606,8.85761323174324,9.190827397666947,9.520827287337221,9.858857147877009,10.20639562514336,10.563759374766276,10.931057734953063,11.289416561967153,11.655305686799386,12.031035947760452,12.418242339955786,12.817808437392264,13.211567846223831,13.613534426025902,14.025668337249071,14.447869414485817,14.880053166157037,15.303927158317899,15.73632332050689,16.179677520460565,16.634034406868736,17.100669554149153,17.555445590971882,18.019306462720213,18.49384131460797,18.9792185570063,19.47572309187534,19.959955305990487,20.451726076858897,20.95436964147816,21.469461195637827,21.99804050081432,22.511840666644854,23.035450388701953,23.57005271159905,24.116311900646103,24.67458813652009,25.22193545088397,25.778950041887462,26.34623371138205,26.92417982190876,27.513834304450967,28.09219503615131,28.681988149737418,29.28453587314619,29.899905767646793,30.528493818731476,31.14372939928473,31.76962360686753,32.406600243291436,33.0544760020984,33.71280016910767,34.35286268225509,35.00291355407019,35.66566690938637,36.34350452400895,37.03546787060769,37.71193464415588,38.39874004493676,39.09634453121562,39.80442184117464,40.52205452589386,0.04922676520463441,0.04974116633467588,0.05024426746199508,0.05075162199647681,0.05126517516423463,0.051785125939163235,0.052282112188967805,0.052765408523321455,0.05325256187650798,0.05374268982418386,0.054220676777457205,0.054681594942366005,0.055127665171168815,0.05566184789060824,0.056199683364635655,0.056741633408006184,0.05726744776110844,0.05778850379968332,0.05831463631879004,0.05884540457603888,0.059381292078106065,0.059900868125619254,0.060416436765151314,0.06093638704470621,0.06146041471309186,0.061988269658786434,0.06250128435163321,0.06301100158182044,0.06352485418425789,0.06404340509446134,0.06456796437194443,0.06508203554747853,0.06559392239053623,0.06610966482714296,0.06662872577893217,0.06715075380436497,0.06766138561219907,0.06817005150944759,0.06868223926057312,0.06919765120995479,0.06971652247812753,0.0702233937832296,0.07072829154178713,0.07123607132302648,0.07174651310231507,0.07225948883170094,0.07276030496417268,0.07325845097977692,0.07375917457585168,0.07426273758047705,0.07476917222948498,0.07526594137085944,0.07576157017844481,0.07625939007325723,0.0767593294883018,0.07723967538808789,0.07765007116651663,0.07806387524967877,0.07848307233083913,0.07890759520907759,0.0793372997698676,0.07977212831401169,0.08021084785408461,0.08065468252200338,0.08110348381449783,0.08155713746337338,0.08201556446697401,0.08247802572203312,0.0829451429610756,0.08341672653557376,0.08389272183774095,0.08437068706722448,0.08485181181060476,0.08533689443518692,0.0858258907650741,0.08631863630466986,0.08680950441270868,0.08730235950727908,0.08779845921491049,0.08829763721779928,0.08879973586116979
CHN,Fifth,4.5979178086475825,4.863522047157449,5.133749470692607,5.41095166556318,5.696640085363949,5.991333022062736,6.284535000475365,6.583729126055919,6.890492357665324,7.2049892417952845,7.665299777792109,7.995126148718386,8.328527246779599,8.677504199170023,9.03219627436783,9.394181355633185,9.74693031581339,10.105024859343345,10.470406105838766,10.843758447596397,11.225419945408106,11.598123026218019,11.975862990339547,12.360587294261869,12.752800561682717,13.152716413273582,13.551105725062385,13.955853394396705,14.369414994083789,14.79355019303355,15.229399376742146,15.662163642736376,16.102617070724975,16.552634700007108,17.012110802588214,17.480965767169337,17.940116685680714,18.40732435413997,18.884928681314516,19.372975461807933,19.872913466681933,20.362204456215473,20.860068552710565,21.36784890142283,21.885742828066576,22.41401216633177,22.926451167703867,23.44576617023826,23.975194331022717,24.516416656473748,25.070558120237063,25.608125866888802,26.15432678609175,26.71000679874245,27.27579160555428,27.85196130601215,28.41272738081117,28.981399966761384,29.55829428516811,30.143723392716247,30.738699608169316,31.3173970059654,31.90529567336968,32.50351504941083,33.112006931802014,33.73106053233236,34.331228282554534,34.939133184725584,35.55498450042804,36.17846113012864,36.808936031499165,37.41540787694451,38.02840043427472,38.65046273205567,39.283914652016676,39.92758627004305,40.55065575788861,41.180110069424984,41.81600040980264,42.45782475706238,43.10446191140114,0.06073546696280758,0.06124265596570349,0.06173689696703065,0.062233403987388476,0.06273403880211742,0.06323893253431634,0.06371973388564087,0.06418569391494822,0.06465363545121587,0.06512268778758042,0.06557838937753974,0.06601635500670446,0.06643886244743002,0.06694223681212069,0.06744695280680889,0.06795340010537712,0.06844269259889313,0.06892562229595278,0.06941123567005918,0.06989906967183329,0.07038951239146245,0.07086296272510237,0.0713308359487525,0.07180068090087426,0.07227217091198208,0.07274502706971112,0.07320250774790861,0.07365511534584612,0.07410939860691367,0.07456580378147759,0.07502540331662223,0.07547368207958023,0.07591804972519521,0.07636369539028794,0.07681009790789016,0.07725690464195001,0.0776917667522691,0.07812290542772783,0.07855492107098185,0.07898750563258367,0.07942080484798153,0.07984182906262186,0.08025911424445731,0.08067661866525906,0.08109411110000492,0.08151143101648564,0.08191656062561489,0.08231737645643303,0.08271806327689951,0.08311878014979013,0.08351949522386351,0.08391016285110689,0.08429769003240116,0.08468462656481426,0.08507086307634056,0.08543924859007805,0.08575054685466413,0.0860627509195797,0.08637728407137989,0.08669401013815003,0.08701273087643138,0.08733331428114509,0.0876547655393815,0.08797789202119739,0.08830248778432252,0.08862836743270949,0.0889553691434228,0.08928286331276754,0.0896111862596208,0.08994008804971197,0.09026941363947909,0.09059737279782416,0.09092468734072003,0.09125178192686934,0.09157849592527971,0.09190458603015213,0.09222624138628296,0.09254592304227374,0.09286431654042976,0.09318116698902047,0.09349622162698563
CHN,Sixth,5.725069527815439,6.054475411979137,6.389558113151697,6.7327910095268875,7.085877711589174,7.449393079466686,7.810645792782601,8.179133469903263,8.556302414417539,8.942345474571766,9.226969113185431,9.60173442926124,9.982922122061616,10.382279347421411,10.791351458400612,11.210639054031237,11.627714271670861,12.054204136836086,12.491849228873722,12.940491460520729,13.401945860889663,13.857379578300005,14.323218573249639,14.800388023719377,15.289157810275665,15.789542581719083,16.271608772901097,16.76219605841806,17.263368888905,17.77710818798368,18.304134952322674,18.81780442396659,19.339891839840305,19.872049610928933,20.414036030219926,20.96562731347054,21.50127939424153,22.045035882791147,22.5990484250868,23.16323049385359,23.73897766397613,24.292709728618796,24.854589535480365,25.4256075362689,26.005810995263182,26.595374167405176,27.163780547533378,27.737818427064624,28.320419591773366,28.913283106570063,29.517453705416443,30.095733562677683,30.68147801195904,31.275145999911118,31.877345191243347,32.48828434152225,33.07804018516664,33.673898338781505,34.27585557580751,34.88415783835615,35.499818965560046,36.09288601866877,36.692913808282036,37.30082721056035,37.91647201781953,38.54004925807283,39.13785439587991,39.74046601202978,40.34787962494489,40.95964878192671,41.57497055232317,42.159235956070354,42.74660392471074,43.33951875072654,43.94031562879784,44.54761082850086,45.12827968656112,45.71155224177543,46.29706951898627,46.884174461363244,47.47154890974826,0.07754619948131763,0.07800987543547964,0.07845953516693119,0.07890950825320385,0.07936136838887148,0.07981512043730664,0.08024510413567373,0.08065949805530671,0.08107390715149687,0.08148746979270033,0.08188765108397984,0.08227013203092241,0.08263703837571611,0.08307475423144277,0.08351131528150538,0.08394697688701731,0.08436566859839091,0.08477644060424043,0.0851872065882167,0.08559748964537771,0.08600752023062434,0.08640114476225422,0.08678766054290536,0.08717348785597719,0.08755828020948864,0.08794174238632459,0.08831062533707432,0.08867312834936494,0.08903461185738701,0.08939532467775811,0.08975604810098012,0.09010566389988466,0.09044969290817993,0.0907922327765137,0.09113281644654378,0.09147111536093236,0.09179810812520658,0.09211969102581082,0.09243934601114936,0.09275677775555877,0.09307200554864971,0.09337596527339687,0.09367451527379425,0.09397054562731234,0.0942638245614888,0.09455417568280709,0.09483358906460249,0.09510725253553752,0.09537804992541424,0.09564599649711882,0.09591098548915512,0.09616678579902582,0.09641758611588325,0.09666505408561753,0.0969090416635847,0.09714001406910532,0.09733702182569394,0.09753243338050661,0.09772705157262661,0.0979206838297373,0.09811309814736298,0.09830410014709963,0.09849299039357842,0.0986801332748249,0.0988652827704154,0.09904820101572318,0.09922866739894104,0.09940620077102849,0.09958084623466877,0.09975232351019221,0.09992039866851954,0.10008402452532261,0.10024343862261371,0.10039869072470159,0.10054953014615266,0.10069566176938745,0.10083526345160275,0.10096930844479896,0.10109790508886454,0.10122074327154279,0.1013375070615675
CHN,Seventh,6.858347173133975,7.251188761287485,7.650664647530308,8.059217065788518,8.478707748750281,8.909744066626635,9.33758704046656,9.77382753376168,10.219550339220918,10.674970557099545,11.099501861054707,11.550185112567384,12.007764911939732,12.480928767034664,12.963136629762483,13.455273663228876,13.940294504157665,14.434193268042641,14.938460826051477,15.453148449752712,15.979775075331084,16.495850640188838,17.02112692555363,17.556375356346226,18.101935455774115,18.657829643406608,19.195742217560255,19.7414178136182,20.29669707346154,20.863714580021817,21.443209763645253,22.007712760209056,22.579889412177565,23.16103995622839,23.750871635796535,24.349111921794037,24.9275964797542,25.51323235791174,26.107819338333375,26.71122481492005,27.324955054214577,27.913549032332348,28.509146808614535,29.112211890018166,29.722766448225705,30.34093312470798,30.93280930587502,31.528837851214764,32.131539698843255,32.74269400476768,33.36338405157517,33.95337543709648,34.548917338271416,35.14990463412111,35.756910912280574,36.370058428138435,36.95605094137973,37.545563091018785,38.138170408331575,38.73404390918871,39.33417999702602,39.90530421029365,40.480350310419986,41.05996514434083,41.64389602168643,42.23225693374366,42.78808207588021,43.34506635927153,43.90296454610288,44.461228591407775,45.01890597241406,45.53903818836328,46.05830960032418,46.578978351676824,47.10335670477148,47.62989727923517,48.124603816118935,48.61777622622247,49.10860975387449,49.59633751295718,50.07950942042406,0.09485074857067222,0.095226405484564,0.09558795699528319,0.09594680756152797,0.09630416742725323,0.09665996900353427,0.09699437767023611,0.09731421794820334,0.09763137498335071,0.0979451706804093,0.09824611078310996,0.09853146973930647,0.09880311602312944,0.09912305163328776,0.09943883032794443,0.09975058917626584,0.10004691165573931,0.10033454068210586,0.10061893486886689,0.1008996879421489,0.10117688636577281,0.10143965438946932,0.1016945328433978,0.10194568003197642,0.10219279986930818,0.10243563236406894,0.10266579085314627,0.10288872696854515,0.1031076797564411,0.10332272657574894,0.10353421526213849,0.10373556993162443,0.10393023169513547,0.10412045650480711,0.10430590563126228,0.10448632522864465,0.10465687560716466,0.1048209156505694,0.10498016309140795,0.10513438390589781,0.10528350223169367,0.10542318982434894,0.1055564323181646,0.1056844627026858,0.10580709211869847,0.10592416088841648,0.10603243309240427,0.1061342049697411,0.10623050648950576,0.1063212484406849,0.10640628730434101,0.10648356270209552,0.10655458067889237,0.10661974305760841,0.10667890541259326,0.10672964421298352,0.1067678425612653,0.10680190620062839,0.10683181809926934,0.10685735818128456,0.1068782967300482,0.1068944069333012,0.1069054334671215,0.10691119086224282,0.10691143397831065,0.10690591360829992,0.10689437663323481,0.10687659387245495,0.1068522858851134,0.10682118772572179,0.10678302041021054,0.10673774068924803,0.10668501187890564,0.10662446760313994,0.10655580383751234,0.10647872295307079,0.10639390997143518,0.1063005360810159,0.10619806001061798,0.10608616665024659,0.10596453149416427
CHN,Eighth,8.837101990051769,9.340819173289365,9.85288696653665,10.375677916903896,10.911311127847203,11.46045252727565,12.00478209791412,12.55954776068725,13.12522548359716,13.702074424946352,14.173397884226068,14.73623975516182,15.30828421575052,15.89371235001856,16.489723323111853,17.096944810472355,17.695743406159572,18.30519808950807,18.926295202366738,19.55880156596856,20.204805808404693,20.83684771898494,21.4799180133836,22.133900525222042,22.799073850411563,23.47535830795575,24.1236134610516,24.780010251388997,25.445814820614864,26.123455819536463,26.813426660817544,27.480192178666424,28.15418294006237,28.836116962249594,29.525588310379145,30.222210578734686,30.891053729319502,31.566029093989147,32.248387022242,32.937894237685725,33.63615925256903,34.29902863188874,34.96749139384131,35.64120259559695,36.320102558993725,37.00423749344046,37.65344479648825,38.30468771944012,38.95983567630619,39.62078993479918,40.2886615613124,40.91529684103457,41.545078343492364,42.17709210750285,42.81190849584163,43.449563472630345,44.050594542536636,44.651860240974095,45.25235290724174,45.852177625752134,46.45236768045016,47.013533780420396,47.57485354840775,48.136634206463896,48.698527185501035,49.26057540575415,49.77967408496331,50.295453488104414,50.807375820669556,51.31479110602228,51.81657142156787,52.270876614594215,52.719580321435444,53.16479308230173,53.60891238811297,54.050194478398296,54.45194102614058,54.84739975709017,55.23520483354172,55.61448624917605,55.983641258889804,0.1258664586608755,0.1260207647088706,0.12616407570722343,0.12630198549699467,0.1264346994160965,0.1265619315106069,0.12667625767859567,0.12677993135009263,0.12687820348683618,0.12697066370608026,0.12705499861334113,0.1271295817196041,0.12719531375184656,0.1272725619306318,0.12734246661117923,0.12740487524061878,0.12745792823397037,0.1275025978078069,0.1275401841801444,0.12757042411607677,0.12759308558604596,0.12760783422972782,0.12761481802012395,0.12761452618881303,0.12760674836707575,0.1275913099276462,0.12756948216908265,0.12754040962497395,0.12750389601077697,0.12745963983535022,0.12740732668034635,0.12734915886411644,0.12728381892348942,0.12721068170872493,0.12712964990587897,0.1270406244458342,0.12694671772742092,0.12684578645872122,0.12673682471195352,0.12661972614466968,0.12649422858072776,0.1263648185290419,0.1262285079075679,0.12608407953462702,0.12593143579151822,0.12577045846850232,0.12560643324616946,0.12543593969601108,0.1252572240200736,0.1250699927084038,0.12487403422853088,0.12467493351082995,0.12446878791272631,0.12425422210073779,0.12403109526018771,0.12381134435591958,0.1236245645931393,0.12343073834791518,0.12322872466785435,0.12301829413930722,0.12279925618906784,0.12257137132091432,0.12233503730101933,0.12208933757330521,0.12183406323190801,0.12156898433280217,0.12129384392615768,0.1210087918455462,0.12071314178858024,0.1204066868721287,0.12008912746307454,0.11976180995879458,0.1194236561507903,0.119073775503842,0.11871183147168335,0.11833756450558812,0.11795502149171938,0.1175610009512947,0.11715413850019227,0.11673415589988853,0.11630075577826461
CHN,Ninth,11.089211135873224,11.716962501514747,12.354698393284057,13.004270324788616,13.668001998267032,14.346559045831906,15.01801997685924,15.701991800903306,16.39758110419021,17.105082360047653,18.23212282619223,18.978431354875937,19.731959369817748,20.484692456928574,21.240345159892065,22.002045391797193,22.730667142851818,23.462823994789517,24.198654408262684,24.93961672069791,25.685026600861498,26.39803386912676,27.11120532601488,27.824909824577166,28.539940646277703,29.256492920805695,29.966357134183387,30.678877044577185,31.39483208708623,32.116851135147144,32.84596053877073,33.55900693809155,34.275653018549704,34.99557518073628,35.71841591363288,36.443853894194426,37.137063507875325,37.833104169578974,38.53217637101122,39.23411225526833,39.9409622802671,40.61684929180584,41.29522373175964,41.97439420649039,42.65446729585691,43.33549337373656,43.9725504243839,44.60879104107007,45.24505645520429,45.88352013856462,46.52557686128096,47.12368516671109,47.72088569123207,48.31497282933577,48.90650879294149,49.49543193869877,50.037288293872805,50.57440837952871,51.104933699862805,51.62891414825374,52.14741873577621,52.61622648301371,53.07980766783912,53.53794918296432,53.9902455022783,54.436695634497205,54.82975988302741,55.213685601375815,55.58758994993072,55.95079705204437,56.3020771769519,56.59705499054411,56.880847101434746,57.155272297702346,57.42277888731697,57.681541282235564,57.89497018050177,58.097025239001056,58.28569452996564,58.46011525763945,58.61867394753368,0.16219050104196997,0.16196994956183638,0.16174541529322192,0.16150959387112584,0.16126149206231755,0.16100084248117905,0.16074331267272585,0.1604855748753009,0.1602177213209941,0.15994022296407864,0.1596616860176378,0.15938666449495958,0.15911466623245815,0.15877656153889344,0.1584269992763844,0.15806559569368953,0.15770608136889874,0.15734173110287047,0.1569653863251598,0.15657720752604254,0.15617670152385302,0.15577995244075257,0.15537859188561798,0.1549658267275961,0.15454176772577594,0.15410648218337786,0.15367523710230568,0.1532393922203918,0.15279239391158564,0.15233364089860627,0.15186173182164436,0.15139120932756167,0.15091533353323255,0.15042829887674108,0.14993047256925063,0.1494220629269534,0.1489167830092007,0.1484062261517872,0.14788472555506338,0.14735243845709783,0.14680900839014727,0.1462702218971707,0.145726405235828,0.1451721564815795,0.14460758400952478,0.14403270391800982,0.14346364840786563,0.14289055051335858,0.14230726149713657,0.14171336929659112,0.14110870014191132,0.14050764917798714,0.13990082645706894,0.13928398914887655,0.13865709944650215,0.13804557931609188,0.13751005298053434,0.13696492794206389,0.13640739548495368,0.13583730356660068,0.1352546033103783,0.13465912554699766,0.13405232949187657,0.13343228381162728,0.1327989233327282,0.1321521378443542,0.13149175697731802,0.1308185706504172,0.13013138930071005,0.1294301848276209,0.12871472316276042,0.12798840712488602,0.12724917624364346,0.1264954919094544,0.1257270679631682,0.12494379682063786,0.12415440377876687,0.12335247926556775,0.1225356288037021,0.1217037205839476,0.12085659507944928
CHN,Tenth,21.98306303984111,23.207456527059477,24.44946988500434,25.707485142857628,26.984530077423084,28.28118225570584,29.55897372387559,30.858985590591203,32.1726255719182,33.50040332723444,34.34787861407034,35.60784270732973,36.89073735105829,38.133565865288816,39.38626084802575,40.64785100026611,41.88123677181851,43.1288066347189,44.384206330481476,45.64563788745792,46.91776633244022,48.14449666974777,49.384579171255844,50.62861657092042,51.87655662329349,53.12767403983204,54.28795207467836,55.45072566946932,56.609967598811004,57.76962393740788,58.92797723704562,60.00873280437277,61.08630461891142,62.15451836265935,63.21259953490323,64.25973700661193,65.2261560029132,66.18578998972224,67.13342507811647,68.0685278370697,68.99337376190891,69.82201292307016,70.64247924780821,71.44679491372679,72.23479468299769,73.00637946339877,73.69242447644604,74.36490675834146,75.01886307444705,75.65701181567702,76.28089677663631,76.80602066711955,77.31790581143481,77.80922451820122,78.28091213105989,78.73291057518585,79.09667324139699,79.44110252054647,79.76123767403777,80.05731244202259,80.33098136789985,80.5144098565151,80.6780945060845,80.82022108099923,80.94058401763873,81.03944339427817,81.04676079044195,81.0304269187977,80.98864255127468,80.92099776914411,80.8262156085318,80.6442064244119,80.43883399403327,80.21141955547505,79.9651861948406,79.69829232280065,79.36811881428713,79.01749290636896,78.64245526023079,78.24243186763692,77.81595618750278,0.3486159101497145,0.3455427643776851,0.3425554636191173,0.3395609671892698,0.3365481167424356,0.3335161894653258,0.3306353010865027,0.32784958054858515,0.3250572203716311,0.322263406963497,0.3195537217993214,0.3169544817550291,0.3144515712605197,0.31147114323401154,0.30848815400963125,0.30550019489065944,0.30261814094067435,0.29977828575582116,0.29692691105535973,0.29406664341068084,0.29119508891834217,0.2884264777666186,0.28569395016624927,0.28295298125436685,0.28020533240789064,0.2774524507899948,0.27479126172156587,0.2721606568790035,0.2695222287197545,0.26687322879390596,0.2642072136711197,0.2616079388253085,0.25903240752663936,0.25645022474921214,0.2538641701947359,0.25127604047726243,0.2487569390198323,0.24625921990102212,0.24375592418640885,0.24124856171488385,0.23873600707050557,0.2362931769521726,0.23387053220253123,0.23144476811600095,0.2290169248325563,0.22658760416310086,0.22422643910411647,0.2218874974887822,0.21954604899176802,0.21720081962864438,0.21485161732292227,0.21255698246339483,0.2102763111629192,0.20799422951732496,0.20571099118456168,0.20352762059777033,0.20167711278682415,0.19981698305245696,0.19793837940951858,0.19604169438920852,0.19412766212590435,0.1921966068674451,0.19025404387518913,0.18829457858994963,0.18631890007336535,0.1843275397643884,0.18232084448856917,0.18030203247713938,0.17826834584494594,0.17622056765998853,0.17415887369847377,0.17209372343962828,0.17001981318415962,0.16793356859843792,0.16583502944983558,0.1637247263751303,0.16162650007470816,0.15952352369620598,0.15741017194193055,0.15528688221061288,0.1531540210407459
COD,First,0.14355622902761384,0.1496319863940897,0.15589986926465912,0.1625953013012164,0.1699162968413277,0.17794983519985036,0.1858903300730651,0.1945167874237634,0.203937921317834,0.214241975303402,0.22735498656212091,0.2399219112653453,0.25410023752868277,0.2699599276103007,0.28736288974268887,0.30657113785240764,0.32648874262652244,0.34834300878215446,0.37243081400447337,0.39896254075239335,0.4277269194585825,0.4560803506265171,0.4867325247306987,0.5199507269351068,0.555908657998696,0.5941485271053624,0.6305821766609633,0.6693140841071268,0.7127792426747362,0.7643061187644205,0.8202594387084473,0.8782284496193467,0.940311786192499,1.0069391269407477,1.0783353878104673,1.1546866498164967,1.232891703625771,1.3161924987365878,1.4052705263321135,1.5004213954166568,1.6023430410660011,1.6975101179347216,1.7935274792905613,1.8945073604216978,2.000649306599144,2.1190805035870577,2.2457029117032077,2.38264601604215,2.5269747778168052,2.6787214768273593,2.834656599388156,2.9869831050158013,3.14684042542615,3.314653937500915,3.491049113504373,3.6765191674552122,3.8639795275706796,4.059769026530376,4.2641609925969925,4.477751653367395,4.702127840013749,4.929100077710427,5.166302234551852,5.414812996143185,5.675123144709948,5.947943430662858,6.224048851386143,6.511217705066364,6.81012085669955,7.1074056840128526,7.405710894517328,7.701997377703258,8.00626326969142,8.320521667824805,8.646918540502504,8.98503658588134,9.321950166042251,9.668070704179808,10.023490868976141,10.388158387778422,10.761471933093004,0.003319445834997404,0.003408091446183212,0.0034989854326822607,0.0035950550228959965,0.003697534583267338,0.0038070822242112635,0.0039137496019786494,0.004025624716654624,0.0041452854478462265,0.00427331606759142,0.004410153208291268,0.0045747023839009015,0.004762368044041355,0.004972396955188382,0.005197553895595876,0.005439085756512178,0.005685654561124853,0.005946578729117517,0.0062251743511682655,0.006522147336152904,0.006827006158349934,0.007098677169981976,0.007381913246077896,0.007679830757963832,0.007992710707506437,0.008309243415985377,0.008574459816965368,0.008846428571164338,0.009163749886955558,0.009572051825318994,0.00999871760410524,0.010428819737343472,0.010873283007851245,0.011334280902492114,0.011811871419763456,0.01230601310625763,0.01280086019533894,0.01330958217467285,0.013834689299622845,0.014376287728452584,0.01493517905113872,0.015395133523753296,0.015820124875142637,0.016252814952550793,0.01669321804228422,0.017201585558988323,0.017762985875940895,0.018366186622560284,0.018978924976127572,0.01959530527224906,0.020187679396378836,0.020727634445236107,0.02127530239609215,0.021832427005558902,0.022399418995385518,0.022976521209793675,0.02354675248016996,0.024124142135877016,0.02470979909833155,0.025304042353933395,0.025907749750357593,0.02650465818829169,0.027108895933230265,0.027722233053416125,0.02834476492102221,0.02897673733707142,0.029602307702578913,0.030234434338560125,0.03087423826540954,0.03147171417449941,0.032040639141449744,0.03259410939963609,0.03314583479650914,0.03369761315024338,0.03425087835875646,0.03480522089476181,0.03534498299716203,0.03588347413786081,0.03642127186135855,0.03695836958328297,0.03749444867784417
COD,Second,0.26639888824539676,0.27792204539818594,0.289900148348165,0.3026929920294724,0.3166116418578024,0.3318124991495162,0.3468102595888445,0.36308564409293104,0.38083154351480764,0.40021685744834395,0.42190600776736686,0.44463871052336484,0.4701126091943451,0.49847901089997204,0.5296003069388303,0.5638899217155808,0.5993584022756023,0.6382203232448019,0.6809437731700704,0.727867836240686,0.7787852542854313,0.829335062189295,0.8839813121027874,0.9431418534307221,1.0071188132175475,1.0753541332199306,1.1414513196128009,1.2118071920767561,1.2898176189535513,1.3801027434197568,1.4777456165510656,1.578343636555986,1.685763332486566,1.8006470842160665,1.923355576430474,2.0541976130401274,2.187621812265482,2.329236856974341,2.4800216679287557,2.640426189979959,2.811445825716835,2.973649992229975,3.1386394821499572,3.3118813561261455,3.49370808253694,3.693471184021118,3.9035701068618227,4.128650896045764,4.364978428731701,4.612719428601206,4.867881857635132,5.117728291613458,5.379003628525895,5.652274829860633,5.938416465096641,6.238119871040716,6.539413711399606,6.85292255035695,7.179049767912581,7.518513160554445,7.8727728339046275,8.22886115114647,8.599340034196633,8.985613931477705,9.388321416055172,9.808386349534112,10.230523730730097,10.66764585555753,11.120571307617382,11.573406002610147,12.029404840881378,12.480402178872291,12.942464216630333,13.418250100434209,13.910603649776128,14.418998926186802,14.92308659487471,15.439555020046043,15.968509715792816,16.509890771875657,17.062916407818744,0.009227206526273188,0.009412864745234492,0.009601882147968642,0.00980041004233532,0.010010789746660219,0.010234116052809399,0.010449981831684205,0.010674617665051084,0.010913169044284321,0.011166478947828719,0.011435064190255105,0.011757822393614517,0.012123076189622606,0.01252800271003623,0.012957086625233729,0.01341188006289114,0.013870802014195601,0.014350438239645803,0.014856262855450173,0.015388652120925219,0.015927531534220028,0.016399904637211193,0.016886809894816026,0.017393313546173725,0.017919299201374875,0.018444703007643736,0.018877021025029396,0.01931607836144437,0.019826306957358403,0.020480931805890164,0.021156298520016298,0.02182887801300943,0.022515239559857,0.023218345434494705,0.023937744852255742,0.024672859156567764,0.02540044259084843,0.026139397308209536,0.02689303953632754,0.027661057211928058,0.028444089945009136,0.029077110386299777,0.029654012767831188,0.030236179639292787,0.03082350724355694,0.0314988826914153,0.032240729492331546,0.033030741828375926,0.033824314175364134,0.034613508069655435,0.03536235739502375,0.03603659464970776,0.03671427384460229,0.03739753797440266,0.03808673189585616,0.03878199269958005,0.03946339919636794,0.04014743503492156,0.04083539779280562,0.0415275561282059,0.04222478231012023,0.042908827527058845,0.04359555961104354,0.0442869385097329,0.044982948358574616,0.045683732183057865,0.04637228682665828,0.04706255237836947,0.04775573140824527,0.04839624830514994,0.04900046738430732,0.049584540252729875,0.0501627689570613,0.05073710904684393,0.0513090655321748,0.051878274208884634,0.052429246222826346,0.052975428739987535,0.053517516146270365,0.054055576460476894,0.05458937576396719
COD,Third,0.3452082250280453,0.3602618721588937,0.37595072050171763,0.39270075503114527,0.4108892964833228,0.43071612695422484,0.45026356636331033,0.47147095735072714,0.4945758970425259,0.5197989524510086,0.5471941730559036,0.5763106057023836,0.6087933275323012,0.6448442821439396,0.6843650178664431,0.7278534351289098,0.772744528001737,0.8218830258992194,0.8758156789858932,0.9349494093461127,0.9991456397125346,1.0631988474608685,1.132416354302753,1.2072794883278397,1.2881589812435261,1.3745284066991328,1.458959219299558,1.5488641871875632,1.6478344300347822,1.7607432518814863,1.8825763879902913,2.0077025211184725,2.141068583688824,2.283397254181769,2.435104088636889,2.5965445262323956,2.760675362954738,2.9345067313603526,3.1191264501212137,3.3150389054009537,3.5233636728208366,3.722841262680015,3.926732301108278,4.140597825760699,4.36483465627522,4.608889765761845,4.86294507846398,5.133484761528319,5.416904033272462,5.71354004363269,6.019591367347636,6.31990376859585,6.6333271981650626,6.9604323079963875,7.302183950738343,7.659334675192047,8.017195217111023,8.388748645978028,8.774392216269343,9.174861578640886,9.591520550477417,10.008764256458544,10.441777803945175,10.892032557509342,11.360185352766207,11.847204389866073,12.334598840041735,12.837959482654258,13.358078670939255,13.879863901027187,14.406419667081044,14.925800058718464,15.457160593968709,16.003412177886364,16.56768492468641,17.14938025049401,17.724513018796383,18.312863295893816,18.9144897535304,19.529303307352652,20.156416676737393,0.014198272544210938,0.014445217422588164,0.014695872992578062,0.014958213941160547,0.015235212449348228,0.0155281636227044,0.015810333329755524,0.01610303817530516,0.016412718225185623,0.016740296877632673,0.017086254766968456,0.01749852782574107,0.017962241944601613,0.01847315156687965,0.019011438207365366,0.019578609842170597,0.020147386687584073,0.02073839786549338,0.021357878083837514,0.022005811703343828,0.022657959828648946,0.023227691981405764,0.02381193189704919,0.024416373836434455,0.025040582122457664,0.02566113703569681,0.02617141297237542,0.026687531695703655,0.027282672071881058,0.028038372127078184,0.02881302016418493,0.029579343528991022,0.030356481356308668,0.031147526915578608,0.031951745227971964,0.032768274638756305,0.03357108195624072,0.03438139866310521,0.03520265826871582,0.0360343439772815,0.03687697881482692,0.03755715095909207,0.03817577946836896,0.03879731741922463,0.039421624272757895,0.040133767138642404,0.040909569905139116,0.041730079604996376,0.04254957283014497,0.043360152119402445,0.044126155148589634,0.04481354379544137,0.04550120451689947,0.046191228501286846,0.0468839308831994,0.04757940706602216,0.04825754998931015,0.04893516533349284,0.04961348618406452,0.05029275973912478,0.0509738345481783,0.051638694114959124,0.05230315964151403,0.05296908314966339,0.053636421039458454,0.05430528469256627,0.054959207780929206,0.0556118199846537,0.056264227553547354,0.056865746003236045,0.05743184896561637,0.05797687326794662,0.058514592431201426,0.05904690002621659,0.05957525727317241,0.06009935225581226,0.06060476631385683,0.06110418683090907,0.06159827547042047,0.06208713157933887,0.06257057349052145
COD,Fourth,0.45338522890515903,0.47330127581497555,0.49410714335026473,0.5163152709182753,0.5403896916509474,0.5665895161559834,0.5924035688054582,0.6204021126193741,0.6508856782236252,0.6841462690797373,0.7205506297136273,0.7586323766555432,0.8009505609736054,0.8477763833469301,0.8990641483190344,0.9554334310406487,1.0135001192198103,1.076995172229884,1.1465750484591752,1.2227473252296777,1.305452736174565,1.3883451205149122,1.4778694353438244,1.5746021325190571,1.6790090743830415,1.7906014233870569,1.9004806478971912,2.0174998529627794,2.145544854845442,2.289868366257948,2.4452767921550715,2.6044736636644936,2.773888537715255,2.9543608134644237,3.146390055978857,3.350406673290215,3.557301126911113,3.7760277812719694,4.00783046980867,4.253300117856089,4.513739004331284,4.765046236507605,5.022916135463861,5.293146635850062,5.576233273823835,5.8819543447426605,6.197473241587492,6.531781856914451,6.881356286896127,7.24673428880186,7.624240358890701,7.995423602448553,8.382157300781499,8.78505923791358,9.205234310792425,9.643539989129636,10.081475775674154,10.535377171511076,11.00564241531629,11.49311341699966,11.999463599606186,12.504940800810523,13.028424806803773,13.571519384947166,14.134942861922083,14.71976032657159,15.30298015410547,15.904014223267318,16.523674584863546,17.147254396572038,17.7778059043157,18.398427747579532,19.032667703910413,19.68379495290177,20.355344836734368,21.046651311143385,21.72852260946133,22.42520101007331,23.136718591145705,23.86297398618643,24.602965312703063,0.022370864154380873,0.022695079176623813,0.023023031960089344,0.02336521589560626,0.023725347801441622,0.024104916059620698,0.0244692015480882,0.024845641043042883,0.025242504151527855,0.02566073372971483,0.026100690131446287,0.026624634765002656,0.027211602698523754,0.027855185036914382,0.02852928641074606,0.029235249520916422,0.02993903154207687,0.03066571491943547,0.03142260302607951,0.03220912344216687,0.032995099727861264,0.03367609917859917,0.034370379122317975,0.03508457677948129,0.03581784717675793,0.03654208585902014,0.03713224464787959,0.037726200108711805,0.03840951785682608,0.03927552913412741,0.0401572619500432,0.041023881821087176,0.04189686575315034,0.04277957659627007,0.043670995764433694,0.044569985592254106,0.04544823714647047,0.04632885496309206,0.04721551006345343,0.04810749862739094,0.04900522355444315,0.049722989874251604,0.050370990386545446,0.05101884827360467,0.05166639864057346,0.05240327798466953,0.0532033995412804,0.054045269196130244,0.05488074404766154,0.055701739616642744,0.05647200368363587,0.05715841696094605,0.05784149200752648,0.058523360413065294,0.05920431023324901,0.05988441083741524,0.060544351388141966,0.06120040758384844,0.06185382456018816,0.06250483915491965,0.06315424155526282,0.06378518854759169,0.06441259135853013,0.06503822305638028,0.0656620310060829,0.06628410096850054,0.06688945548553601,0.06749060874291395,0.06808861600707991,0.06863641988265892,0.06914899767694857,0.06964048466763782,0.0701232669825677,0.07059910937332348,0.07106935677016939,0.07153378934495032,0.07197994440510948,0.07241899043118565,0.07285158583114552,0.07327787792203082,0.07369777318253848
COD,Fifth,0.5569700193431212,0.581564659599019,0.6073000149265397,0.6347624015422245,0.6644951278855139,0.6968133114501117,0.728640101712548,0.7631556545983333,0.8007138942266454,0.8416751182375953,0.8885644963074384,0.9353874633227626,0.9872216125182567,1.0443991879490648,1.1069485580788374,1.1756079701251543,1.2461681911076652,1.3232365619015702,1.4075537518119108,1.4997222253372788,1.599787861345028,1.7005383824364801,1.8092577195373927,1.9265968766642596,2.053101318755995,2.188377303744586,2.3223916182540276,2.46509411327594,2.6203717852725448,2.7934498102085503,2.9794558286410067,3.169563000897309,3.3715647082768827,3.586375167461245,3.814552974177044,4.056579501511811,4.301402323389751,4.559781005519367,4.833055283465316,5.12187015108006,5.427671904215987,5.724790227037714,6.030726879426364,6.351013314576035,6.686231728407336,7.0456461156048835,7.413559752816329,7.801509513262552,8.206460633684875,8.629183725854345,9.066526997215242,9.497566874157796,9.945964415131671,10.412348470985904,10.897920524571534,11.40360310009447,11.907471761812436,12.428892076476822,12.96817087323993,13.52630618714404,14.105895104372795,14.682830249311607,15.279199390303427,15.896657342333762,16.535943251289503,17.198169445227965,17.856464577800068,18.533521909153816,19.230111460054413,19.93321103601012,20.645512901184734,21.345168590274106,22.05944498307606,22.791870838146753,23.546286085277586,24.321958945435895,25.085383799838265,25.864515554126136,26.659332871139295,27.46971152369436,28.294545763166287,0.03155582260714868,0.03194451017020368,0.03233660772076222,0.03274453300162129,0.033172565600697625,0.033622289510248746,0.03405258352162996,0.034495924930741786,0.03496183553012767,0.03545120832207424,0.035964232073966464,0.036572194331006724,0.03725010684300227,0.037989696783794664,0.038760429940296645,0.03956335439905254,0.040359491105727965,0.04117718603849871,0.04202419674223913,0.0428993880886071,0.043769149312361325,0.044519300598320176,0.045280365356243385,0.04605933785550689,0.04685501235936137,0.0476370368808707,0.048272185615981754,0.04890883947180478,0.04963733499096614,0.0505543098929059,0.05148226408999973,0.05238870943219881,0.05329632519193008,0.0542084713203186,0.05512395509565804,0.05604148720673355,0.05693223267771324,0.057819930363833,0.05870820398779118,0.059596260786666966,0.06048441660114446,0.0611915156683195,0.061827420124711416,0.06246029040591008,0.06308996788563556,0.0638021299751781,0.0645703245628954,0.06537344248380715,0.06616559735347037,0.06693937335301538,0.06766142980869802,0.06830179120964044,0.06893575782876146,0.06956530770724695,0.07019071342800112,0.07081203841670794,0.07141168351824584,0.07200469190549964,0.07259220420127942,0.0731744549883916,0.07375216924957625,0.07431038868845534,0.07486254756634145,0.07541021162745927,0.07595334213392009,0.0764920197603263,0.07701327570673853,0.07752810975785451,0.07803744415024068,0.07850197741340736,0.07893479713716826,0.0793477956393046,0.07975163502954705,0.08014787108439711,0.08053768794338445,0.08092095028045901,0.08128740669612317,0.08164643556185025,0.08199862783446996,0.08234415807097122,0.0826830008179204
COD,Sixth,0.7052329234442968,0.73654140811753,0.7693567576672548,0.8043658508171299,0.8422213579096466,0.8833182324864702,0.9237704838784085,0.9676334382847287,1.015337361400832,1.0673406548187585,1.1234617761040862,1.1819222467366082,1.246451631023424,1.3174866722561338,1.3951821177008132,1.4804085535944953,1.5679092753432715,1.6634461016348034,1.7678765819451172,1.8819111333409988,2.005808436816529,2.1309665664139734,2.266037367366801,2.4117572760018384,2.5687935268815725,2.7369158763173216,2.9045982559817394,3.0832416125394553,3.2766967335250348,3.490135918359373,3.7191924085295094,3.952761470548537,4.200655322715197,4.46389980337066,4.743147100907477,5.038961319518399,5.337587623543563,5.6522993555108085,5.984584815764184,6.335181466929189,6.705716481909444,7.0685508257232055,7.443567405935416,7.835941500919108,8.24636507220353,8.683408710975682,9.127343122133414,9.593347550731341,10.07904774735853,10.585588245463292,11.110553650877945,11.628728021506003,12.167028472727555,12.72606001842162,13.307165400117757,13.911367698076523,14.512003947987031,15.132563489239795,15.773379922573703,16.435406763286846,17.1204984595679,17.800497757498306,18.502090448473474,19.227020925036022,19.976075420712586,20.75045027782549,21.517724220171313,22.305324097491596,23.113987726739648,23.932826746320362,24.764076807821827,25.578935801509314,26.410015185316087,27.26120714740022,28.136778900688142,29.035926569133526,29.918935812412133,30.819130974557005,31.73643631114929,32.67071089254037,33.620723008373425,0.046857172020551965,0.0473167558604467,0.04777872919933878,0.04825790953895513,0.04875910647007196,0.04928391019281813,0.04978420266501034,0.05029758598459538,0.050835180773544,0.05139769710726813,0.051985015183040294,0.05268162016035506,0.05345544785544356,0.054295601741449435,0.055165690871352986,0.05606623242462913,0.05695356513086241,0.057858648890508194,0.058789744347681444,0.05974497739435285,0.060686564372041854,0.061490560570317356,0.06230090389340938,0.06312501955932957,0.0639612896251099,0.06477690777428409,0.06543149628271192,0.06608382476721314,0.06682909447909502,0.06776659970679717,0.06870776025673882,0.06962009448785461,0.0705262450307272,0.07142957511308105,0.07232877821966802,0.07322248313980133,0.07408324508123376,0.07493386629735861,0.07577787346958917,0.07661444780466238,0.07744380274919621,0.07809493957663495,0.07867422863325979,0.07924690976145005,0.07981286129724094,0.08045144523317124,0.08113768895600974,0.0818501107341733,0.08254634629361576,0.08321988448508663,0.08384147038467141,0.08438673414367494,0.08492222691798815,0.08544974298601261,0.08596952405267654,0.08648163720672575,0.08697208426379589,0.08745306578062777,0.08792561251474122,0.08838994892213033,0.08884666084177668,0.08928439691705053,0.08971356076477358,0.09013543866763218,0.09055001617292813,0.09095736647731041,0.0913481518928202,0.09173049381968625,0.09210515273712322,0.0924424246409002,0.09275297424960192,0.09304685499732403,0.09333161067771795,0.09360843684901604,0.09387822493328957,0.09414096876326784,0.09439005785489486,0.09463183116496668,0.09486679823324079,0.09509516414876824,0.09531700628883699
COD,Seventh,0.8589899903557461,0.8972911856491488,0.9374876661234631,0.9803579976430734,1.0266638101965835,1.0768816994951682,1.1262906698855804,1.1798622982175024,1.2380945426738157,1.301547141248056,1.3708440700018787,1.4417112525144566,1.5196556259593565,1.6052121293764163,1.6987022449465412,1.8011424096551378,1.9061108168189358,2.0206222146985438,2.145623312545015,2.281937886504131,2.430084710228683,2.580393271593631,2.7425193252336832,2.9172642939707263,3.1054027158933715,3.3069620924748,3.509276205764072,3.724825916361088,3.9569935160188563,4.2102969729433015,4.4816569950892085,4.757719551516112,5.050294421950694,5.360467609032549,5.68895585945631,6.036377083607845,6.386223563522643,6.75430039092024,7.1421720522001815,7.5506289720217,7.981448697032592,8.4066086073019,8.847704533628535,9.30881301487951,9.790730192416467,10.300092357888742,10.813047723299352,11.34876405625097,11.90616299134296,12.486832364994068,13.089695676518085,13.68619714622134,14.304921684178781,14.946410420915145,15.612102527296038,16.303078179492168,16.988079837363127,17.69463734476846,18.42295845174387,19.174078905719824,19.950332542024835,20.71847737709137,21.50948447318731,22.325091740197713,23.1660860559122,24.03369312277186,24.8903743831772,25.767910078158195,26.66692616653197,27.580498020586273,28.509960614354405,29.41909847229994,30.34536263658449,31.292918760476518,32.26637493176655,33.26484822729121,34.24314403503345,35.23934857482384,36.25329046771606,37.28479564928797,38.33250660686017,0.06523944471590368,0.06574365295637606,0.06624877699477853,0.06677074888127958,0.06731458168079216,0.06788172872792314,0.06842026679603322,0.06897085879434613,0.06954502510785122,0.07014321273273115,0.0707649608349889,0.0714966994546544,0.07230424686041542,0.0731749748707489,0.07407057828331848,0.07499092659136299,0.07589102409579841,0.07680245600703724,0.07773288778528326,0.07867979851533215,0.07960600520896813,0.08039222109794164,0.08117906235225653,0.08197332738018107,0.08277310758190232,0.0835475190803871,0.08416668830676281,0.08477990971109337,0.08547395038058941,0.086336397710612,0.08719370131015101,0.08801627005516828,0.08882504454685364,0.08962291932880707,0.09040864850834353,0.09118096758204702,0.09191630519662117,0.09263478282495813,0.09333935988160326,0.09402932591533515,0.09470483902439801,0.09523106852944625,0.09569574849478572,0.0961507349407078,0.09659597521569248,0.0970913791742095,0.09761569444126002,0.0981519487589575,0.09866847207955955,0.09916091101043718,0.09960929521881882,0.09999779562194425,0.10037414168087681,0.10073963724894279,0.10109449643432208,0.10143880766731783,0.10176327096373348,0.10207640615508236,0.10237894463847796,0.1026711000177565,0.1029533020165391,0.10321864268991619,0.10347383600132785,0.103719692169154,0.10395624344749645,0.10418357114607663,0.10439654545867919,0.10459996730964996,0.10479430572234653,0.10496532111653742,0.10511924469160312,0.10526125007736942,0.10539540174523218,0.10552242334532637,0.10564285390808706,0.1057567965075613,0.10586154084560183,0.10596009093001015,0.1060527753286373,0.10613979563794161,0.10622129887832338
COD,Eighth,1.1279176278721472,1.178475957676496,1.231620140897392,1.2882814442831243,1.3494055194143912,1.415611271262674,1.4807177479269924,1.5513021000052416,1.6279815761637222,1.7114938543498175,1.8016483552405738,1.8938994824955013,1.9949691640049405,2.1055739619254314,2.2263399388909786,2.3585222590567763,2.4937103382804593,2.641073441769736,2.801712870063703,2.9766417485745267,3.166857564647028,3.3607604224666034,3.569829195386106,3.794973593421973,4.037160870086007,4.296881753191053,4.559512165187789,4.839384803623593,5.139055363736749,5.461907004880174,5.807114969136346,6.157364790688078,6.527995245663147,6.920206090983978,7.334839678052297,7.772624133906709,8.212266543770875,8.673977614605393,9.1594666287559,9.669636445828392,10.206524314039735,10.741299998311865,11.298574800033174,11.880611628978558,12.488390836278638,13.125367498811535,13.760542552054675,14.42004447944642,15.104950979686127,15.817616817798699,16.559175401646712,17.294834227614885,18.05659927564603,18.844914788813195,19.661405229470176,20.50727193204713,21.343243410593534,22.20389568682965,23.089312362392093,24.000595271338568,24.940170265495727,25.86663862604466,26.81854689378832,27.797665290087348,28.80481973557022,29.841324961520886,30.86060565653698,31.902197017621727,32.96659000119375,34.05302053874475,35.16141971548236,36.24287650393885,37.343443696276346,38.467769415306485,39.6210568865324,40.80232358895601,41.956587137718785,43.13047491446546,44.32369270040216,45.53603732229793,46.7659663638162,0.10312214384467419,0.10362091002656013,0.1041171991312589,0.10462728280739805,0.10515563392131957,0.10570314637730269,0.10621935654402721,0.10674280959431529,0.10728489800497691,0.10784541743495148,0.10842327869868515,0.10910703210551483,0.10985642156251207,0.11065664894149745,0.11146867659215146,0.11229116680774037,0.11308432607444419,0.11387459184343413,0.11466823332741084,0.11546199318956496,0.1162222968304015,0.11685012306435384,0.1174674494966526,0.1180797981951605,0.1186851001974416,0.11925797330636935,0.1196987125254112,0.12012728258398377,0.12061075602501459,0.12121166714635719,0.12179306194328748,0.12233610964553253,0.12285433953667492,0.12334980917843999,0.12382163104676283,0.12426899260328524,0.12467979176934589,0.12506513274181158,0.12542686433780567,0.12576461705525369,0.12607841757966085,0.12630247686473955,0.12648609746558712,0.12665668855926532,0.12681433473196807,0.12698479531211962,0.12715745633526004,0.12732080228527903,0.12746169560487822,0.12757923109851246,0.1276688074302669,0.12773129684127787,0.12777995096395184,0.12781527265897605,0.1278373786617169,0.1278463695895478,0.12784322516756383,0.12782795030467076,0.1278008206726774,0.12776197445013238,0.1277114529250203,0.12765166545387974,0.12758118735295904,0.12750001705022754,0.1274082437142115,0.1273059290139921,0.12719656352433797,0.1270778551507984,0.12694980533939063,0.1268215578153611,0.12669239893883225,0.12656189154113393,0.1264268780462272,0.12628715456658887,0.12614252109070204,0.12599328179371408,0.12584431915610206,0.12569200091935365,0.12553637409356624,0.12537761402210285,0.12521598974373974
COD,Ninth,1.4481836266875705,1.5134170461378011,1.5820792182185723,1.655248534904567,1.7340797327770423,1.8193577566178971,1.9031756609922381,1.9940479059816283,2.09269747861016,2.2000721174029136,2.322615806188553,2.440825594829956,2.5696328917316897,2.709949203130514,2.862880323034475,3.029974683297508,3.2002958143816023,3.385690873497126,3.587349869003542,3.8065024509853735,4.0448663581515705,4.289556865295428,4.553089584254895,4.836421590305012,5.140698224998388,5.467227395183968,5.800303368515067,6.15517140672886,6.5321415849803515,6.931522091631308,7.357414652201893,7.788077352717039,8.242799342741975,8.722763398038122,9.228874886021236,9.761905497416553,10.295059376347522,10.85355192035872,11.43906362324845,12.052521529959897,12.696173706765649,13.34492840426544,14.024769191120871,14.733797785291953,15.473179203026836,16.239286184371604,16.992857671258154,17.768884852253382,18.572679812820166,19.40769349341109,20.279222901855295,21.147787058689318,22.04509635661519,22.971359584738988,23.928301224848784,24.91715014163813,25.890074809954047,26.889283094932008,27.91435960598959,28.966746755145934,30.051615539013255,31.116343902730936,32.207169961038545,33.32566978356221,34.47260692977888,35.64927230683505,36.800109905331304,37.972360635374386,39.16617905783382,40.392350583859866,41.64805878204153,42.869034625972574,44.109674248919674,45.37496209648359,46.6705847187468,47.995421178672444,49.2853932643804,50.59512909929216,51.92409625591359,53.2720193833978,54.63714529678729,0.1570856818609975,0.15743430855598908,0.15777626567195158,0.15812137049936179,0.1584720328765273,0.1588280902415248,0.15915727737702826,0.15948519797396882,0.15981720458177462,0.16015230205207379,0.16048889613253015,0.16086312446089823,0.1612547758749919,0.16165266270785203,0.1620367572372671,0.16240449625230136,0.16273672922793841,0.16304589079768225,0.16333222136221373,0.16359256586582804,0.1638176944510606,0.16398876425367312,0.1641370957078995,0.16426254606826243,0.16436355101868344,0.16443797622949066,0.16448605355509394,0.16451778558851926,0.16452818041279618,0.16450023292019225,0.16443737806641168,0.1643421535903736,0.1642143314934233,0.16405324725666312,0.16385894740512497,0.16363163883763074,0.16337925373548906,0.16309756466179245,0.16278551623568868,0.16244344377616396,0.1620713118108486,0.16176098169971323,0.16147002151295706,0.16116526083875574,0.16084698000927822,0.16046282323551378,0.16002091499402055,0.15953216963174674,0.15902575858985218,0.1585081257167274,0.15800650536019034,0.1575471823824908,0.1570763775541211,0.156592738363865,0.1560962525175517,0.15558702680421665,0.15507966749850532,0.15456300917901936,0.15403623744498401,0.15349937136601857,0.15295196168844696,0.15240826837571883,0.15185664077919514,0.15129563909477198,0.15072543383925582,0.15014606927527943,0.14957141977815305,0.14899068021757148,0.1484029735211661,0.1478580609777675,0.1473421953866317,0.14684041909327833,0.1463411682588345,0.14584293240839047,0.14534457381877386,0.14484650518327621,0.1443621028818978,0.14388008396683136,0.14339991436400845,0.14292163066279534,0.14244552217820788
COD,Tenth,3.0318676956622457,3.170046262344118,3.3159520911532483,3.47125294607861,3.6380656611609274,3.81798469912735,3.994601806418203,4.18609280615575,4.3936238769242735,4.6191824945456466,4.855851357475799,5.094105479421065,5.350597008932198,5.627367094243612,5.928383858634989,6.256276478264495,6.588723500105774,6.949997111228137,7.341516766736185,7.765295743406535,8.227554809730384,8.709350401956415,9.227938033993244,9.784154367531388,10.380023902613067,11.021648198931178,11.691461909362372,12.405739345725694,13.151128919663106,13.909761215963892,14.714497404047131,15.521424630779068,16.36962383766663,17.260055941981907,18.193961288315172,19.17237639358865,20.142508470881463,21.153258875450312,22.206069347070912,23.3020865586606,24.444318992097177,25.63414749665145,26.89947214531453,28.215839649973265,29.585173025917076,30.965935821703308,32.279617806740184,33.60565778918438,34.971659156823485,36.38701766989718,37.8785711087449,39.37953900125738,40.92245876287875,42.50604828123742,44.1325315689423,45.80334505939744,47.43128904046967,49.09336312592589,50.78795975838849,52.516190792343075,54.28090017952034,55.99261849678356,57.73417460776861,59.50633142088311,61.30979889612847,63.14597711538532,64.91704674262058,66.70715022652244,68.51514668525554,70.40607509483141,72.36384972878638,74.25171559678088,76.16360155482779,78.10594997718265,80.08658329671256,82.10400797122827,84.05112002424808,86.02074836242585,88.01146655780069,90.0228537520379,92.05243124264098,0.5470239458908616,0.5439786096397946,0.5409226487485918,0.537759260369386,0.5344571948698739,0.5310065569908367,0.5277230467847643,0.5243587011219789,0.5208421791328817,0.5171693367281336,0.513341454779828,0.5088236421193116,0.5038197121268454,0.4984016786856388,0.49280250193667224,0.4870189983424232,0.48133198956024725,0.47554009666914726,0.4695907981186362,0.4634955423437262,0.4574906925760865,0.45235665744819575,0.44718408903327755,0.44192587602150635,0.4365915000094045,0.43138541741025194,0.4271897252517886,0.42300611914036146,0.4182384369385175,0.41226390773072064,0.4062605360950617,0.40043573968844104,0.39464184452322376,0.3888562479538546,0.3830856824600178,0.3773372981366664,0.3717885496506983,0.3662894900011666,0.3608162849194024,0.3553727171168648,0.34995574086933406,0.3456666329177498,0.3418255762708107,0.3380149552092382,0.3342351326610121,0.32996991369609224,0.3253812358958622,0.32059924885397356,0.31589857404932564,0.3113217692582714,0.30706429617372627,0.3032990099496404,0.29957927228918013,0.29589274714064295,0.29223724289804154,0.2886117885026729,0.28511801553416566,0.28166772658696027,0.27825367289245023,0.27487395287938693,0.2715238451147218,0.26828926949707804,0.2650920209910849,0.2619225236215622,0.2587805553670498,0.25566518914581915,0.2526507858435688,0.2496734782999421,0.24672750529545054,0.24404052967048206,0.24153643642784067,0.2391457810636392,0.23680684307510155,0.2345104501496538,0.23224958037149004,0.2300248607673125,0.22789563262642568,0.22580747731704487,0.22375686083688245,0.2217426819122911,0.21976501097810022
DEU,First,14.458982494736171,14.603466409232407,14.736218045903367,14.860940704757875,14.979314668500471,15.091989609218707,15.20484547696034,15.312430229056455,15.415360728823018,15.51399920238048,15.70450862609935,15.805482664544336,15.90112382115443,15.994308664290456,16.081315390407855,16.163310482722846,16.24720309668034,16.327930918912855,16.405485985634733,16.48031078243027,16.552800689187222,16.642496178619087,16.731867410528086,16.820148797372003,16.907523244950934,16.994072085746648,17.08842636049889,17.183834444983614,17.280110642128083,17.37796264875024,17.477792809350845,17.590851607625794,17.7057210334008,17.82237074672544,17.94075877889326,18.060758594712247,18.18801721167933,18.317420677300113,18.449791705746936,18.58505797084254,18.723660709746355,18.869698517793175,19.01840917413034,19.1707827448893,19.32676747815802,19.486408053671454,19.653603667308154,19.823619215694936,19.998024542552105,20.177308891530984,20.36177458014328,20.55746542435749,20.757189723359996,20.962054413023772,21.172176003564307,21.387603217260484,21.6157377080186,21.847840392923022,22.085310969425542,22.32820447202064,22.576776394884725,22.838132912156933,23.10428525584812,23.377232359635737,23.656865161137244,23.943183749914283,24.24236033484279,24.54618000567641,24.8568463268523,25.174184693225317,25.4979759644228,25.835169102215914,26.177409699043793,26.52781444953509,26.887016150968105,27.254620637523942,27.639246827447156,28.03017786042214,28.429484321479382,28.836968806234978,29.25225925319202,0.0459829435042608,0.045799358147447414,0.04561514750550407,0.045435355489189366,0.04526036964900908,0.045090517595542605,0.044926002069181036,0.04476620626445853,0.044612168916207416,0.04446387803194368,0.04432135690351288,0.04418449035237277,0.044052450400512706,0.043931695447918306,0.043813827500173305,0.043698774519222064,0.0435866525025481,0.043478517835165424,0.043373230181087415,0.04327067458520012,0.04317079701116407,0.0430738443009433,0.042981579785821115,0.04289195120508722,0.04280478135449831,0.04272005562781801,0.0426379938415379,0.042559840455647605,0.04248407308849442,0.0424105318477942,0.0423391873102212,0.04227009849293246,0.042203462880875155,0.04213883559102554,0.04207613490720066,0.042015263151421345,0.04195594595767677,0.04189750331866181,0.0418407144249639,0.041785493679541576,0.04173181401121522,0.04167900110220197,0.04162574413610556,0.041573874459651904,0.041523268167636934,0.04147388295015853,0.04142505487578687,0.04137554535850833,0.04132708775319613,0.04127962557415724,0.04123315963190702,0.04118685390971464,0.04113937208875184,0.04109274226924083,0.04104686587740694,0.041001745308171134,0.040956332133313456,0.040909138775948824,0.04086253166853593,0.0408164825711436,0.04077092122109043,0.04072467627360778,0.04067623047397594,0.04062819226731771,0.04058046862790963,0.04053297593370873,0.04048426013900092,0.04043271553416058,0.04038132674466749,0.04033000535565843,0.040278747592033544,0.04022568318981979,0.0401695364715017,0.040113340655476414,0.040057005997963295,0.040000505227224245,0.03994192868741369,0.03988048754299592,0.03981876376485423,0.039756699743967915,0.03969426119088879
DEU,Second,21.00684232343091,21.248568572969415,21.474371975622663,21.68846495833728,21.892943672548316,22.08862378497235,22.284058934251803,22.47138207855592,22.65131116732383,22.82434002504148,22.99260734,23.161595477551465,23.325086990839036,23.48646887005658,23.642011631450853,23.792696457363252,23.949646589121656,24.104000007460254,24.255748946472167,24.405215805749393,24.553130918745616,24.71034630163608,24.867302510446706,25.023123266470883,25.178046978102724,25.332176242501035,25.49824362302589,25.665700822478932,25.834423104294554,26.005313504576822,26.178839209425025,26.363517873378573,26.550585706694818,26.740088572600648,26.932021049813113,27.12626759747415,27.331376587875962,27.539716699288373,27.752288576884506,27.969045203417704,28.19058336468904,28.423214047392868,28.660154710230156,28.902499183754937,29.15022382866445,29.403416456219542,29.668200425708246,29.937755851583553,30.213916518234782,30.49733816675697,30.78843445064194,31.096584085313168,31.411354448841234,31.73394599707956,32.06454063646347,32.40322109413409,32.76152351286265,33.126673294073015,33.500192263729325,33.88217256579872,34.272969226922136,34.683661086148014,35.10258495668421,35.53198681009127,35.97176194469659,36.42194536475993,36.89241281254282,37.37132415446416,37.86112238949507,38.36161715844909,38.87254981276538,39.405121779122055,39.947052956607905,40.501933934435485,41.070624174059866,41.652655877308725,42.262011356814654,42.882739103957164,43.517136209708916,44.1649951049259,44.82587646795,0.06298482930750286,0.06281036563522795,0.06263499895826417,0.06246353670242439,0.0622963739293264,0.062133844567903114,0.0619761664965396,0.06182277069347911,0.06167467749196659,0.0615318991190203,0.061394480280878835,0.06126233425287143,0.06113468041717924,0.061017790797112996,0.06090356378759275,0.06079193468724211,0.06068302900480793,0.06057788191267588,0.060475395334829304,0.0603754659748322,0.06027804680758636,0.06018338886337959,0.06009322347828989,0.060005555358150206,0.059920216832311676,0.05983719902026195,0.059756724953344824,0.05968002324315151,0.05960560507049697,0.0595333199580095,0.05946314216560593,0.05939513631235681,0.05932950076716929,0.05926580024963631,0.05920396007344568,0.05914388555445565,0.05908531012052012,0.059027564849870914,0.05897141970589275,0.05891679565161049,0.05886366495627439,0.05881136430960594,0.058758596322031315,0.05870717530066762,0.05865698133337669,0.058607973076396605,0.05855949320372384,0.05851031234445348,0.05846215252142807,0.058414957820077294,0.058368733353578076,0.05832264619539778,0.05827536539481476,0.05822891118532762,0.05818318601292413,0.05813819273130431,0.05809288751037197,0.058045782902955034,0.05799924215630697,0.05795323688624051,0.05790769701606852,0.05786145141933995,0.057812982768472944,0.05776489815039012,0.0577171041058089,0.05766951766136668,0.05762068339341587,0.057568984534056004,0.05751741575843949,0.05746588708678259,0.05741439504065939,0.05736105930154476,0.05730459408084623,0.05724804693428225,0.0571913267636907,0.057134405294105656,0.05707535823504401,0.05701338490566312,0.05695108576042565,0.0568884042789417,0.05682530399468315
DEU,Third,23.704806147902023,23.997740305329216,24.27338620814327,24.53582515645864,24.787262692365534,25.028537599349374,25.269293333269214,25.500670486154956,25.723341228124564,25.937834246470384,26.079726059709415,26.285890572924828,26.48688038063588,26.685913135718543,26.87984259365988,27.069442724587667,27.26782525448,27.464194384148453,27.65857874222385,27.851185595759723,28.042920612092527,28.237512177461337,28.43180994977131,28.625002056295415,28.817346871979076,29.00894513928545,29.214306504754205,29.421078476689914,29.62925413725498,29.83981255512228,30.05322927161119,30.27531816587504,30.499947550287885,30.727230810345564,30.95718325592132,31.189705075460953,31.43466552239812,31.683356330715817,31.93678909607364,32.19493629071707,32.45846267121471,32.73473252848277,33.016172651426636,33.30376752505624,33.59751734909653,33.89753338127828,34.211012165316234,34.53030533249636,34.857204315223804,35.1924409742301,35.5364746974559,35.90028794438805,36.27210976411121,36.65299422806634,37.04316228069278,37.442713208558274,37.86518469616919,38.296118969275625,38.73685828721458,39.18751740415942,39.648502246847855,40.13284552785377,40.62736844585419,41.13415281332454,41.65311192245729,42.184309934772614,42.739505913446564,43.30539431538918,43.88419323097362,44.475722539099955,45.07971497340748,45.7095822943936,46.35140028925354,47.008605659881674,47.68217412330926,48.37162214364459,49.093705990970726,49.83016817221384,50.583084506836805,51.352261913894786,52.13725244031745,0.06973441608044877,0.06958980795529192,0.06944428214140921,0.0693018316562269,0.06916279441726352,0.06902746233395092,0.0688960282484732,0.0687680310893594,0.06864433286929787,0.06852495798898345,0.06840995613626705,0.06829926725443758,0.06819224689984944,0.06809417196332594,0.06799825589854659,0.06790444979168342,0.06781286503291035,0.06772437714172358,0.06763806783995185,0.06755385582273941,0.06747170416979047,0.06739182923422504,0.06731569857226445,0.0672416318858242,0.06716949066907565,0.06709927249703034,0.06703116864610288,0.06696622273868773,0.06690317761836741,0.06684190911840947,0.06678239971125423,0.06672470450271928,0.06666899471809222,0.06661490460251926,0.06656237063759235,0.06651131730163308,0.06646151725474947,0.06641240391094749,0.06636463216621412,0.06631813812411812,0.06627289913031255,0.0662283507611203,0.06618338839499453,0.06613955849495061,0.06609675980818834,0.06605495766453727,0.0660135928373152,0.06597161600532885,0.06593049766549638,0.06589019104185538,0.06585069900635564,0.06581131285734429,0.06577089348857858,0.06573116848171158,0.06569205475563963,0.06565355483745719,0.0656147759162249,0.06557444542332104,0.06553458453637111,0.06549517039266066,0.06545614185737118,0.06541649697224547,0.06537493336827695,0.06533368477713371,0.06529267216990431,0.06525182486571142,0.0652098929541753,0.06516548568123841,0.06512117533798568,0.06507688366066171,0.06503260818973847,0.06498673086703666,0.0649381442085727,0.0648894681255156,0.06484062430876404,0.0647915883955025,0.06474070112175859,0.06468727032976133,0.06463353638234969,0.06457944879474108,0.0645249763051907
DEU,Fourth,27.849880479295646,28.21309030627179,28.556710480741025,28.884860772982314,29.199943547432852,29.50286385691986,29.80494882194793,30.09581319172074,30.376125501448662,30.646479767605896,30.87348684632671,31.13515629215625,31.389537325947536,31.639572066451407,31.88246541154553,32.11927890556202,32.36519609373063,32.607620330324025,32.84676416048467,33.08299087999817,33.3172954484958,33.559658869769784,33.80097248849419,34.04059484681541,34.27887567628689,34.51597149589515,34.769119532038914,35.02347274269352,35.27921904024094,35.53750719575105,35.79892428765253,36.07304756000325,36.35001082120287,36.63000536163154,36.91307830127135,37.199148817237415,37.50002905135505,37.805376824940815,38.116258638768706,38.432671798066174,38.75537816963844,39.093260668851826,39.4375107005258,39.78905041245987,40.14790850594287,40.51423093244541,40.896759209744395,41.286558172933375,41.68544296622592,42.09425087068374,42.513508127420884,42.95650227843335,43.409424313086326,43.87322639456946,44.34817959360386,44.83440868292871,45.348324080069354,45.87290631085627,46.40937714742402,46.95787888717555,47.51888704070929,48.10821518389964,48.71036477768714,49.32733578276342,49.95906081814768,50.605638141434966,51.28148222023222,51.971041099527575,52.67639142874087,53.39736183292939,54.13367303213667,54.9018270017861,55.685399167215586,56.48780032237539,57.310154877859716,58.15195650322785,59.03385792946863,59.93417847857936,60.8548527504509,61.795704601913094,62.756268093262136,0.07987663329150563,0.07975536174007558,0.07963316990295727,0.07951341367990251,0.07939638726364856,0.0792823479639898,0.07917146906973258,0.0790633715648389,0.07895879403703003,0.07885776797969403,0.07876034728203453,0.07866649219894956,0.0785756651806007,0.0784923583410625,0.07841081924028315,0.07833101162042393,0.07825303396118045,0.078177635947042,0.07810404143480791,0.07803218372454422,0.0779620372543107,0.0778937886926763,0.07782869679831952,0.07776533041908297,0.07770357493100018,0.077643429956211,0.07758506282761868,0.07752937119897987,0.07747528227345832,0.07742269013549748,0.07737158198955194,0.07732200857501564,0.07727411917862019,0.07722760112358681,0.0771824017088054,0.07713845692428929,0.0770955739715182,0.07705326535146949,0.0770120963391152,0.07697201227730321,0.07693299574923183,0.07689456160650619,0.07685575490157935,0.07681791332790083,0.07678094782062209,0.07674483151865681,0.07670907997902279,0.07667278853678826,0.07663722589736205,0.07660235471435037,0.07656817751670351,0.07653407929771208,0.07649907708814327,0.07646466468463087,0.07643077045902515,0.07639739839377806,0.07636377385031876,0.07632879161103776,0.07629420670881781,0.07625999745351113,0.0762261129922185,0.07619168289248178,0.0761555733693319,0.076119725687434,0.07608407210634473,0.0760485502084661,0.07601207243670863,0.0759734290864474,0.07593485590964873,0.07589628422221309,0.07585771346221853,0.07581773354813605,0.0757753747585675,0.07573292306426173,0.07569030717896116,0.07564750768998772,0.07560307451526051,0.07555640145649585,0.07550944250369637,0.07546215449416976,0.07541450883687306
DEU,Fifth,30.993449999649002,31.41658065729268,31.818611067809755,32.20348776819617,32.57372621726432,32.930251437792585,33.28566058938366,33.6284111564282,33.95911611232399,34.278405938912535,34.65710288825401,34.97073398915056,35.27369306717765,35.56823115122712,35.85206958307197,36.12685514233921,36.40881100309627,36.68453383639313,36.95452994721125,37.219488519876855,37.48036304111739,37.76233125570319,38.0419929424131,38.31902974433398,38.593907101701234,38.86686054092009,39.15730177865283,39.44844215364063,39.74074454471958,40.0355357397682,40.33355278617107,40.652088739221874,40.97364056827155,41.298480868162656,41.626684989115,41.9581928306795,42.3063672495149,42.65960264181392,43.01896934110239,43.384488060541415,43.75699576716313,44.146615236148534,44.54363157331453,44.94882018295574,45.36224014774712,45.78406745483451,46.22431336599734,46.67308784001655,47.13212799019288,47.60235310884853,48.08434320073453,48.593277417546155,49.113800371403734,49.64667013645926,50.19220288160626,50.75054425328885,51.3404713823297,51.943014276462065,52.559153095110425,53.18905772692687,53.833261205817365,54.50988598573154,55.20168220395989,55.910412249726306,56.63603298883828,57.37867927583143,58.15500773879121,58.94778663212331,59.758773643461495,60.58781786936922,61.43463318755678,62.31835941072022,63.22066811213348,64.1447169107113,65.0917617161274,66.06128491123961,67.07726035883685,68.1153210313956,69.17708855083654,70.26241343599692,71.37082936315646,0.08741006877218324,0.08732098947408859,0.08723107851997533,0.087142809201073,0.08705640949501488,0.08697207777163721,0.08688995538131994,0.08680977078127336,0.08673208396808166,0.08665692998846762,0.08658435949935205,0.08651435311028907,0.08644652043794884,0.08638423205972601,0.08632319651197731,0.08626339336443226,0.08620489878424036,0.08614828246549258,0.08609296496255765,0.08603890115287575,0.0859860741539838,0.08593463092335284,0.08588552336732294,0.08583767779739433,0.08579100939545672,0.08574552311502757,0.08570134658056915,0.08565916364864383,0.08561816583102272,0.08557827437135858,0.08553948421848326,0.08550183302033268,0.08546543809041648,0.08543006429311155,0.08539567280715969,0.0853622174901457,0.08532955230697213,0.08529730541429158,0.0852659121620347,0.0852353302602313,0.08520554788534153,0.08517619489192685,0.08514654343013459,0.08511761554861741,0.08508934300959865,0.08506170860091922,0.08503434042143272,0.08500654638701843,0.08497929829444699,0.08495256723234712,0.08492635803385899,0.0849001984580214,0.08487333240490785,0.08484690835612653,0.08482087069737315,0.08479522396774654,0.08476937229614533,0.0847424656391941,0.08471585232755784,0.08468951759148016,0.08466342141171115,0.08463689320091729,0.08460906046321623,0.08458141677587933,0.08455391033925115,0.08452649361298058,0.08449832632258836,0.08446847360849218,0.08443866012433877,0.08440883499619856,0.08437899596074777,0.08434805171684014,0.08431525031969764,0.08428235914224148,0.08424932488327057,0.08421612995395998,0.08418165080040337,0.08414541269677386,0.08410893190096283,0.08407217515497545,0.08403511956281225
DEU,Sixth,35.647670576070794,36.155532066291194,36.63996560428324,37.10477088994668,37.552639759704604,37.98454412008897,38.41496354255026,38.83064540524941,39.23215053905194,39.620169780564915,39.91135988762573,40.28486900459725,40.6491919340501,41.00649013899672,41.355404817717485,41.697029369363136,42.05126395494628,42.40108325023464,42.74698113269573,43.08934599251062,43.429478915435766,43.775203815120165,44.118902569907924,44.46029192521401,44.799851638634095,45.13779850770952,45.496557794154725,45.85622237162236,46.21740059713936,46.581511277696286,46.9492653867354,47.33097697447667,47.715996182693246,48.104704313531045,48.49721938685147,48.89351063247679,49.30919494163664,49.73080783268729,50.159436206693165,50.59513792230171,51.03885620573074,51.50250178188991,51.97500854524547,52.45698476666023,52.948533960329875,53.44987134136485,53.97284500363999,54.5061410225902,55.05142454777334,55.609728165109274,56.18170563506482,56.785265766939084,57.40277309960208,58.03475583423337,58.68159350038444,59.343460699371334,60.04254435215168,60.75699987340302,61.48752272595725,62.23432036934434,62.99800627279477,63.80001637715159,64.62050949257878,65.46097730514217,66.32141026024676,67.20199177719786,68.122586470212,69.06347741979518,70.02605042763452,71.0101782366738,72.01556900172032,73.06512253289225,74.13770276174095,75.23618975415106,76.36201537562998,77.51465162407636,78.72281313841503,79.9582185914653,81.22211908467015,82.5144013852213,83.83459798968045,0.09834944474046245,0.09829680494888807,0.09824346911215347,0.0981909084811066,0.09813927240515426,0.09808869409020804,0.0980392708539327,0.09799085583343134,0.0979437992986736,0.09789813761787194,0.09785391848349093,0.0978111418086528,0.09776958299556422,0.09773132454388139,0.09769374820559187,0.09765684586984986,0.09762067092477285,0.0975855826038823,0.09755122749293076,0.09751758298075155,0.09748464510765853,0.09745250734890527,0.09742177457937526,0.09739177794270698,0.09736247131215721,0.09733385881929063,0.0973060267672295,0.09727941059749848,0.09725350369730966,0.09722826166413986,0.09720368109804693,0.09717979232174363,0.09715667049341677,0.09713416948286517,0.0971122679267382,0.0970909377216332,0.09707008722877315,0.0970494828599929,0.09702940094957423,0.09700981779605956,0.09699072801678991,0.09697189485595147,0.09695285159129344,0.09693425430852885,0.09691606193583738,0.09689826264452363,0.09688062061774748,0.0968626861063476,0.09684508974509663,0.09682781127838412,0.09681085513009306,0.0967939176966397,0.09677650773371914,0.09675936928836416,0.09674246739581302,0.09672580535290644,0.09670899617565644,0.09669148692516312,0.09667415297878805,0.09665698649098836,0.09663996197696793,0.09662264102674857,0.09660445281561876,0.0965863717410118,0.09656836565427937,0.09655040301856577,0.09653193287911405,0.09651233959012803,0.09649275417517635,0.09647314294083141,0.096453504589246,0.09643312056815607,0.09641149147627782,0.09638978141894382,0.09636795532746532,0.09634600195654894,0.09632317508970971,0.09629915869300489,0.0962749547795247,0.09625054192852145,0.09622590310106138
DEU,Seventh,39.352575123422824,39.93728292295702,40.497056935166896,41.035296338367544,41.55478161785792,42.05648145038151,42.55636207992012,43.03980741529942,43.50725956621328,43.959437145372554,44.3762820262643,44.81473699196096,45.24118274202065,45.6568338958377,46.06134851254029,46.45622900217859,46.86304824614647,47.26325971371727,47.657668363832954,48.04689706770795,48.43227400161827,48.83188260534999,49.22824138196877,49.62146758943768,50.0121526798898,50.400581339658025,50.8117683027548,51.223321238159826,51.636200585617836,52.0520051693741,52.47157571337193,52.910833806654374,53.353560744743476,53.800255099398214,54.251074489818926,54.70601927565195,55.182615147473896,55.665882823464614,56.15686739517613,56.65566206701007,57.163296588193916,57.693237180083095,58.23338467224816,58.78406933163211,59.34544055438023,59.91775078171596,60.51445089417001,61.12313242759735,61.74525419004024,62.38194923426831,63.03393198329244,63.72149182868191,64.42518676781764,65.1451815473152,65.88191801752332,66.6355970571022,67.43139592543447,68.24517203117566,69.07717472009502,69.9276450751401,70.79727220885435,71.71042531070478,72.64521350641412,73.60265462149616,74.58277834973704,75.58582208720654,76.63454311864706,77.70728768720286,78.80482626352922,79.92706695515895,81.07372181902151,82.27112044515755,83.49588486784683,84.75032851720866,86.03604722972888,87.35251708596115,88.73277009773254,90.14528194935785,91.59069637231144,93.06894831402666,94.57958926590089,0.1068975116011508,0.10689388109637875,0.10688981632382911,0.10688544015359358,0.10688078646346154,0.10687589634613119,0.10687080460905818,0.10686552266367631,0.10686011379331302,0.1068546100202804,0.1068490440961131,0.10684344236739074,0.1068377983140801,0.10683242843453024,0.10682699392461324,0.10682150484230869,0.1068159784711148,0.10681048219716618,0.10680497242501254,0.10679945590987516,0.10679393920392623,0.10678844838500598,0.10678309689594756,0.10677778128388934,0.1067724991282254,0.10676725954591408,0.10676208380225469,0.10675706344938012,0.10675210974364475,0.10674721954788281,0.10674239923479288,0.10673765828966837,0.10673301837401,0.10672845379268378,0.10672396532537946,0.10671955081391991,0.10671519512148954,0.10671085020240939,0.10670657832244519,0.10670237733392418,0.10669824788026039,0.10669414242982174,0.10668995833073923,0.10668584076385094,0.10668178319977624,0.10667778457821216,0.10667379344690735,0.1066697089898901,0.10666567335733312,0.10666168428204931,0.10665774498012452,0.10665378481322682,0.10664968918879697,0.10664563128550117,0.10664160455622716,0.10663761196848821,0.10663356027189916,0.10662931411042828,0.10662508581188973,0.10662087317052026,0.10661667175500016,0.10661237189637411,0.10660783043264856,0.10660328899511062,0.10659873961056374,0.10659417480091996,0.10658945394679148,0.10658441622901345,0.10657934975048107,0.10657424513670902,0.10656910367787566,0.10656373488300087,0.10655800208108826,0.10655221078950539,0.10654635210251562,0.10654042153404833,0.10653421601281084,0.10652764321929781,0.10652097529205495,0.10651420519285706,0.10650732632899826
DEU,Eighth,46.26243637347332,46.98164696814695,47.67286997882605,48.33900399897367,48.98302891373487,49.605938440323214,50.22648501405845,50.827510632685815,51.40930984104839,51.97266872613938,52.45886779919131,53.003478223376376,53.53423027843383,54.05132786858124,54.55606382777695,55.04997948687281,55.558813954982966,56.06003866644869,56.55476361973626,57.04364874315407,57.5282784019594,58.02560816628646,58.51864528713054,59.00793862880213,59.494203925454116,59.9777851294133,60.48835924640123,60.9988976350134,61.510814655452414,62.02594400679031,62.545238523076534,63.085701061089694,63.63000075209434,64.17883098606316,64.73241943743518,65.29082362147042,65.8750284921599,66.46725622191703,67.06851224588104,67.67895432628352,68.29976585953379,68.94719898217716,69.60720420258446,70.27971370686531,70.96495421023573,71.66324552505185,72.39091378694208,73.13348262417726,73.8921392728798,74.66818521838248,75.46244257640173,76.29946804943852,77.15645692688979,78.03304682794315,78.92978283246822,79.84691150867484,80.81496063763889,81.80552452600682,82.81819607952097,83.8532774632075,84.91158265285193,86.02270484641899,87.16093134091746,88.32659349678283,89.51978807149344,90.74084093724656,92.01762957315243,93.32487960873355,94.66246116306887,96.03034171099307,97.42823539298126,98.88851623833067,100.38364680504966,101.9151338828372,103.4848446910647,105.09226494089202,106.77805156779685,108.50476143324852,110.27214185482235,112.08020901621427,113.92854694988661,0.12251566139473861,0.12258027469236156,0.1226448818011295,0.12270771696857975,0.12276865880198122,0.12282760737940711,0.12288450992731924,0.12293959284522854,0.12299251578554694,0.12304329884075825,0.1230919522416142,0.12313853035053147,0.12318333066814421,0.123224184544628,0.12326395190681985,0.123302664775114,0.1233402897437486,0.12337648147093856,0.12341162953709926,0.12344577896109847,0.12347895316523426,0.12351107692527848,0.123541574813197,0.12357113307168582,0.12359981450862834,0.12362762958942183,0.12365451154695818,0.1236800590796411,0.12370477647113555,0.12372871850836595,0.12375190022017145,0.12377430664842125,0.12379587634012171,0.12381675845097188,0.12383698167559366,0.12385658137085748,0.12387564742668483,0.12389440137950496,0.12391259453870303,0.12393025706328864,0.12394739889560413,0.12396423836282369,0.12398119287748252,0.12399767991323787,0.12401374085317908,0.12402939121797778,0.12404484235949446,0.12406048519728323,0.12407577392845004,0.12409072597519828,0.12410534325835697,0.12411988944150204,0.1241347831341285,0.12414938811104857,0.12416373637148115,0.12417782797426483,0.12419199111279303,0.12420668759536395,0.12422117973149033,0.1242354768658618,0.12424960153583174,0.12426391676580423,0.1242788902403576,0.12429371397568721,0.12430841766353933,0.12432302720584351,0.12433798877394471,0.12435379257031023,0.12436952070003575,0.12438520164519229,0.12440083512379753,0.12441699061082279,0.1244340523755815,0.12445109619067285,0.12446814793128867,0.12448521581381505,0.12450287472883123,0.12452135756653923,0.1245398843553384,0.12455847102958686,0.12457712818125759
DEU,Ninth,51.68466558546915,52.533050294598866,53.35197484906799,54.143235917083295,54.90984525620181,55.652711465039594,56.392735976402086,57.11076373021519,57.806767716298424,58.48153244894203,59.311628470391966,59.97460796977449,60.616440173198654,61.23481201918551,61.83326891239598,62.41459036442475,63.006049787220434,63.58378964399342,64.14969136126847,64.70512148859522,65.25151240570109,65.83935204980712,66.41979285279248,66.99440381120861,67.56415543556727,68.1295483230168,68.72429314335918,69.31749503424633,69.91138488717071,70.50815075462552,71.1090427756328,71.74793612553769,72.39077752738437,73.03849538881387,73.69138676529951,74.34956966215165,75.03703991933665,75.73374465515359,76.44050447676489,77.15754398463123,77.88617832731846,78.64518570727311,79.41910616228733,80.20717014330572,81.00969514069727,81.82706453444342,82.67823503078294,83.54720838861245,84.43457129056065,85.34178144987202,86.26975017314946,87.2469328440393,88.2479133011844,89.27143282263097,90.31814987064696,91.38835256397655,92.51749460472485,93.67381630769852,94.85579820238532,96.06380678556738,97.29878506345138,98.59520741987316,99.92441258290538,101.28549571973635,102.67864362153274,104.10429186269545,105.5952347203666,107.12348475443076,108.68734222317892,110.28686435024129,111.9217887746943,113.63040288368397,115.38190357692812,117.17623046000982,119.01553422114853,120.89934357453636,122.87574200331174,124.90233237212338,126.97730022898186,129.1007853383739,131.27244573547384,0.13451513184924352,0.13468219608171714,0.13485006387189644,0.1350141336453882,0.13517403089735983,0.13532943904628494,0.13548015377193953,0.1356267226909931,0.1357681752935506,0.13590450339387963,0.13603566855124238,0.13616175928705568,0.1362835238792308,0.13639498453238164,0.1365038746550809,0.13661025522459314,0.1367140099972558,0.13681415542899208,0.13691173904050594,0.13700686052528407,0.13709956658754469,0.13718962015945368,0.1372753766419984,0.13735873732024037,0.13743986188559582,0.1375187597751877,0.13759522128924243,0.1376680817059048,0.13773875627249155,0.13780739046219018,0.13787400756700888,0.1379385496573083,0.1380008288640079,0.13806125942984993,0.13811991400095802,0.1381768810078392,0.13823241663200647,0.13828715525513838,0.13834036676675512,0.13839212707731105,0.13844246290284662,0.13849200343346224,0.13854197834987153,0.1385906681803423,0.1386381891329875,0.1386845788042036,0.13873046048868687,0.13877699777152477,0.13882256072398477,0.1388672028967717,0.13891092102073516,0.13895450215478547,0.1389992038724774,0.1390431168381428,0.13908633420729352,0.1391288516980504,0.13917165829416336,0.13921615591037326,0.13926011388404924,0.13930355886109802,0.139346557212906,0.13939021389820436,0.13943596081370252,0.1394813382414888,0.13952643223746225,0.13957132258865118,0.13961738099936905,0.13966613175855916,0.13971475057391033,0.13976332167146108,0.13981184805210792,0.13986210168262317,0.13991529265439107,0.13996854874977027,0.14002195582389407,0.14007553970384395,0.14013111155073155,0.1401894230506027,0.14024802577356196,0.14030697333455935,0.14036629979381882
DEU,Tenth,78.68794752358174,80.1296640275129,81.53333056032307,82.8966566897931,84.22296495965254,85.51293096150741,86.79822699776213,88.04975782865723,89.26630852752156,90.44874119220485,91.39323931313695,92.53282648712647,93.6482205506778,94.73046891539504,95.79364771672647,96.83955469126067,97.91367047482372,98.97368058790902,100.02285415038949,101.06213089400201,102.09420863050036,103.1360085723458,104.16637755650656,105.18938145661957,106.20642949746976,107.21815029102729,108.27701111059015,109.33215925208413,110.38827832976806,111.44837813536981,112.51395306939789,113.61017902044928,114.71131131188481,115.81930010222578,116.93478160619999,118.05817425846641,119.22792137465707,120.41276373350352,121.6128181620693,122.82863280087797,124.06211449990437,125.34401818429978,126.65174819756236,127.9816753327372,129.334528468022,130.71099552257186,132.14252589599403,133.60544383196697,135.09789190842662,136.62200771499528,138.17911297689534,139.81614823817716,141.49478914248255,143.21007132798084,144.96315339507987,146.75452855483636,148.6429656181281,150.58017608744575,152.56001253101067,154.5831342235275,156.6510501601364,158.82122547003243,161.05037788995858,163.33244089111838,165.66801437801112,168.05801743796715,170.5583155388101,173.12743379259678,175.75709670687337,178.4477749266757,181.1993284782296,184.07765484165512,187.03587419300632,190.067331005155,193.17540355658966,196.35985177283342,199.70357650642228,203.1402499019944,206.66147655782513,210.26796493830687,213.9597439948084,0.19173335945850342,0.1922709602285229,0.19281309186288131,0.19334485402251567,0.1938649166777807,0.19437211290494502,0.1948656395725039,0.19534715557326135,0.19581333854633226,0.1962640170191007,0.19669891652549407,0.19711818901744887,0.1975242008068897,0.19789682933543298,0.19826176836932102,0.19861916530513038,0.1989685715774208,0.1993066029969215,0.19963673175121732,0.199959240362799,0.20027423653880105,0.20058086516677953,0.20087345506746382,0.20115842371593842,0.2014362799830507,0.20170701205383681,0.20196985974514184,0.2022207638824649,0.20246454993357862,0.20270168438635197,0.20293221648486345,0.20315591217950157,0.20337209029327036,0.20358215298374968,0.2037863309371267,0.2039849086638053,0.20417875397960922,0.2043700674577131,0.20455628462430175,0.20473765073661176,0.20491424057212335,0.20508824824657956,0.205263991665768,0.2054354197022516,0.20560292473879713,0.2057666289444143,0.2059287217698825,0.206093313302857,0.20625464011320582,0.20641287918480924,0.20656800806828704,0.2067228151756559,0.2068817756056817,0.207038099499906,0.20719210966681623,0.2073437877678329,0.2074966524391136,0.20765573110621452,0.20781305019619287,0.20796869971649554,0.20812291302083438,0.20827965565427653,0.2084440852543985,0.20860736938854682,0.2087698174849366,0.208931710103786,0.2090980081548918,0.20927423140759457,0.20945019092531655,0.20962619328429194,0.20980224831157515,0.20998479363201963,0.2101782615734757,0.21037222492933005,0.21056699968218656,0.21076268443096377,0.21096590925803643,0.21117946053886524,0.21139439948723107,0.21161092604767942,0.211829172704416
FRA,First,15.041190341531992,15.214342202984401,15.378335121816553,15.540781245151639,15.70398209652465,15.868453735981939,16.03021409894209,16.189312848967912,16.349447354651687,16.510888440529087,16.74282379581881,16.906019322310385,17.065936555745342,17.229013047617325,17.392146997451167,17.556731360412314,17.71983352983841,17.882093232693332,18.047474860749844,18.216361859319623,18.38936267798003,18.571369246295752,18.753954753621937,18.94070703333946,19.131817556332248,19.32721340755342,19.5240343419529,19.721781949734687,19.925495601526134,20.136340599426543,20.35475616510523,20.578313681404683,20.803527907374498,21.035150399618473,21.273061151247518,21.51698854971826,21.76106120238365,22.007247176743846,22.260867194941497,22.521766648184155,22.790733663051405,23.060359172686216,23.33306134292768,23.61325647450663,23.90087188828429,24.19599197990876,24.488648846526694,24.782928500731693,25.08486716475878,25.395429382786027,25.71520211953634,26.034376467540945,26.35619937738248,26.685933178852437,27.023855023814434,27.370082402147393,27.714933912218708,28.061917399631806,28.416063148947202,28.77752029865394,29.1468364261157,29.5160420130997,29.888653214555696,30.26978419799111,30.659329627305745,31.05737433169821,31.455134801936293,31.857129203582687,32.26633121727268,32.68249028505896,33.105248549535574,33.52565509755881,33.950070892823526,34.38272244637479,34.824968107678615,35.276124474412725,35.72663497359344,36.18143498722719,36.64325147639815,37.11185454507217,37.586677753938,0.048329007721178666,0.048426530316617804,0.04851072706495672,0.048595946905034035,0.04868350633187322,0.048773898008365735,0.048752286591183455,0.048720498094091916,0.048693701427701776,0.048671946689413714,0.04865529627272719,0.04864377528910785,0.048628027573492494,0.04862314742037981,0.04862219427197098,0.04862508062546161,0.04863176369598723,0.04863474620528354,0.04864145213189455,0.048651803710829125,0.04866576025920339,0.048683222104881296,0.048696924284549255,0.04871407797168517,0.048734568070390144,0.0487583991146183,0.048785353435166635,0.048807167772627856,0.048832156735028685,0.048860219590561235,0.048891145791247696,0.048924777622037466,0.048952855860147124,0.048983805851755054,0.049017597126388125,0.04905417307379343,0.04909305049953324,0.049126223436109,0.049162002157224195,0.04920032733752841,0.049241184317494184,0.04928389668008361,0.049321234488115054,0.0493609414807863,0.04940291410057436,0.0494471430286095,0.049492670449094105,0.0495321848736454,0.04957375556089542,0.0496173389697138,0.049662951257352206,0.049709201927941836,0.04974881576116025,0.049790264202243084,0.049833445095245295,0.049878394351421135,0.04992349942639616,0.04996247861091148,0.05000300050484709,0.050045065090444145,0.05008859259876484,0.0501320914565563,0.0501705119614914,0.05021029883565344,0.050251389551104204,0.05029370175382069,0.05033633297144988,0.05037632976878307,0.05041753383816545,0.050459839244186025,0.05050327294420171,0.05054669299697145,0.05058772272052915,0.050629799446713884,0.05067284020806096,0.05071682610316633,0.050760423621623356,0.05080148602865349,0.05084339252471756,0.05088612227088904,0.05092969132329342
FRA,Second,21.36924215297259,21.62257353546289,21.865038395506495,22.104891000535023,22.344986919369322,22.58598221618282,22.822202100064587,23.05534768016592,23.289159742617223,23.52401369623188,23.761770964368363,23.993548582369748,24.22347258440571,24.458223711067838,24.69478342145696,24.934529302071063,25.173805371527546,25.414161802034563,25.659649673947033,25.910579100953157,26.167854893302454,26.426618201863093,26.687472503189515,26.95399608522934,27.226434339777477,27.50469810336859,27.784644843067433,28.067141518590486,28.35743094686249,28.65695609684845,28.966255375549494,29.27679965066862,29.590799688319773,29.913121339809198,30.243643370346064,30.582056449926267,30.92011200012411,31.262328371484468,31.614217628056135,31.97561325826299,32.347500553399286,32.719466790059236,33.09684628151484,33.48403873275812,33.8809776668131,34.28777283863278,34.69063712069871,35.09729829428611,35.514025746746746,35.942013415332156,36.381987095237214,36.82044726671233,37.26414084217651,37.71824362675745,38.183111223353684,38.65888273440838,39.13236191079857,39.610418127450174,40.09797823574287,40.59522236568911,41.1028324400118,41.60990536130414,42.122965611218945,42.647172828634005,43.18240785248741,43.72879346276507,44.27424543583573,44.82627138036788,45.38780407328743,45.958555946931554,46.53807948872962,47.11409061582471,47.69632504892303,48.289278820133376,48.89463718308724,49.511574753048855,50.12725905440783,50.749534928944264,51.38103088013262,52.02147377986278,52.67016706945206,0.0652450650029704,0.06532365014571317,0.06539018980961514,0.06545789540638092,0.06552788782894704,0.065600592153424,0.06558006941421289,0.06555066051594854,0.06552586201692887,0.0655057263794056,0.06549031127078857,0.06547964458518626,0.06546506168696743,0.0654605420664319,0.0654596590325822,0.06546233294954301,0.06546852192067826,0.06547128338677183,0.06547749349669227,0.06548707827307884,0.06549999963445659,0.06551616354516247,0.06552884561300289,0.06554472015211815,0.06556367891648966,0.06558572386492342,0.0656106535040718,0.06563082346636866,0.06565392362943402,0.06567986009728752,0.06570843520876943,0.06573950003179059,0.06576542777028586,0.06579399968636668,0.06582518656333358,0.06585893146928537,0.06589478696125776,0.06592537079143257,0.0659583468295534,0.06599365825973504,0.06603128771757216,0.06607061154576578,0.06610497485288949,0.06614150520106264,0.06618010598149869,0.06622076381356341,0.06626260014102724,0.06629889544069868,0.06633706641086962,0.06637706818264236,0.06641891693836662,0.066461332608513,0.06649764722943846,0.06653562983127369,0.06657518401862583,0.06661634235131872,0.06665762587334202,0.06669328967020116,0.06673035040367468,0.06676880753515999,0.06680858697807808,0.06684832401810442,0.06688340886026313,0.06691972950315798,0.0669572241818205,0.06699582073457716,0.06703469260879492,0.0670711490240934,0.06710869083171007,0.06714722232819423,0.06718676608369127,0.0672262812105707,0.06726360783499431,0.06730187089643444,0.06734099664217451,0.06738096616956978,0.06742056579439483,0.06745784945548322,0.06749588355033706,0.06753465080870091,0.06757416440668688
FRA,Third,23.804391762568958,24.090762175144544,24.366220539079315,24.638483640381637,24.9105798739348,25.183195283997257,25.44997788709051,25.71382291103457,25.97791467127715,26.24265573978042,26.459641147710414,26.717862602921244,26.975582919312593,27.23863202834285,27.504492923679855,27.77441450582569,28.04460668241872,28.317296180658754,28.596014893692367,28.88097953265118,29.173229797677784,29.4611444834076,29.752134365399534,30.049219206171475,30.352654407275622,30.66232808261597,30.973594319301746,31.28845136051383,31.611563590848174,31.944460961344056,32.28770954607825,32.62910538934808,32.97504575766972,33.32976244378489,33.693129526220474,34.06482394568802,34.435715405867995,34.81197215197664,35.198471784344896,35.595041372561916,36.00273040577911,36.41002547672536,36.824025847534806,37.2484359000138,37.68319104182405,38.12840468976269,38.56891993031289,39.01454506653586,39.4708686877397,39.93916104856687,40.42018414414724,40.89917479752522,41.38493933200053,41.88177828722498,42.3900772667126,42.90996994117103,43.42710011706044,43.95027542581249,44.48357675287999,45.02718611805428,45.58183240260853,46.13566969506654,46.69692022682647,47.27003490683274,47.854891981893815,48.451626679337316,49.047026494083944,49.65007254685882,50.263224320138725,50.88618573338194,51.51846890460404,52.146689557689406,52.78213465332715,53.42895563717091,54.088949785986884,54.76124248069367,55.43197016178896,56.11034398627381,56.798506268666245,57.49616375099675,58.202568962560804,0.07155185515115384,0.07162446818693224,0.07168695003057138,0.07175015701739929,0.07181506714314594,0.07188204394251742,0.07186571727718714,0.07184177191123499,0.07182157702081331,0.07180517676236345,0.07179262043105965,0.07178393027950396,0.07177204857314094,0.07176836715420581,0.07176764746091983,0.07176982625529875,0.07177486820024545,0.07177711792338465,0.07178217786311689,0.07178998600921128,0.07180051174641039,0.07181367722091284,0.07182400656048547,0.0718369342563906,0.07185237219925306,0.07187031999366351,0.07189061320801367,0.07190703040030352,0.07192582933967423,0.07194693246688154,0.07197017903622546,0.07199544509245608,0.07201652971244869,0.07203976002854305,0.07206511076571141,0.0720925358546754,0.07212166893839268,0.07214651356524569,0.07217329564625403,0.0722019674311898,0.07223251515822555,0.07226442927153558,0.07229231026928838,0.07232194373422486,0.0723532476394533,0.07238621206049924,0.07242012170197237,0.07244953287740594,0.07248045654139074,0.0725128547609833,0.07254673838897469,0.07258107264838567,0.07261046048445766,0.07264119035646051,0.07267318380671026,0.07270646579928615,0.07273983929055314,0.0727686626802977,0.0727986080480296,0.0728296734099977,0.07286179841114512,0.07289388069892837,0.07292219996566798,0.07295150947778795,0.07298175991936717,0.0730128909789397,0.07304423560685877,0.0730736250483664,0.07310388267520306,0.0731349296139931,0.07316678368784005,0.07319860662695828,0.07322865943224069,0.07325945876717699,0.07329094266119672,0.07332309819929908,0.07335494831009125,0.07338492709342306,0.0734155023225642,0.07344665822764403,0.07347840601793855
FRA,Fourth,27.683856342257297,28.02103166020994,28.346721095977845,28.668448073238388,28.989527300872183,29.310711001563284,29.62459441772524,29.935491340171843,30.246209463196447,30.557206065265916,30.84510491107869,31.14877331095248,31.451635674363676,31.75881174234071,32.068112659586426,32.38107952244718,32.69303911818019,33.00766837786705,33.32828318510341,33.655230382994766,33.98964778663423,34.322154996984466,34.65843703955347,35.00122110850451,35.350834575441,35.70718813924119,36.06488771133173,36.42727527568358,36.798722046871944,37.18094493043956,37.57462281829899,37.967498532173934,38.366305172051256,38.77486324585067,39.19304878032817,39.62052173697281,40.04671983205641,40.47983580034044,40.92435772437761,41.38010962849817,41.84824648137776,42.31544957404991,42.79106632070608,43.278309960688034,43.777124129390614,44.28763492098121,44.792421142174845,45.30400024980909,45.827551966476676,46.364471596728436,46.91558870832585,47.46398672029809,48.02112176852303,48.5906622611376,49.173040116074795,49.76839418697023,50.36034868849557,50.960218858204456,51.571472282745844,52.194304525876056,52.82951645795621,53.46358502507151,54.10694279597353,54.763569718041325,55.43333990437235,56.11641121502714,56.79764679834458,57.488089053153914,58.189864409370095,58.90266123530182,59.625940722459646,60.34439205248092,61.07153766778651,61.81137738547067,62.56588423337351,63.33410845085419,64.10034176037605,64.87575332134067,65.66212644320694,66.45914620448256,67.26599028532883,0.08141363919141408,0.08146818316934322,0.08151452015161582,0.08156155632230357,0.08161005267594301,0.08166029411860251,0.08164662323155761,0.08162691879288904,0.08161029824827196,0.08159679729054743,0.08158646003779853,0.081579304808819,0.08156952130208217,0.08156648923568506,0.08156589642454058,0.08156769025888973,0.08157184307339016,0.08157369513542773,0.08157786177877081,0.0815842907726479,0.08159295735956218,0.08160379511837423,0.08161229799268307,0.08162293787252446,0.08163564288665767,0.08165041117809972,0.08166710588466944,0.08168061016506908,0.08169607125285176,0.08171342403556583,0.08173253599342813,0.08175330371564511,0.08177063043172982,0.08178971700440864,0.08181054224111647,0.08183306501823899,0.08185698494637811,0.08187737908947548,0.08189935843332664,0.0819228827935681,0.08194794024479814,0.08197411072258395,0.08199696832375637,0.0820212559706467,0.08204690588296056,0.08207390890844356,0.08210167755642978,0.0821257566446605,0.08215106556922963,0.08217757526412492,0.08220529204127165,0.08223336853930653,0.08225739400396012,0.08228250928102433,0.08230864992522242,0.08233583571022297,0.08236308791010816,0.08238661812806691,0.08241105736637916,0.08243640479581525,0.08246260892053696,0.08248877164522947,0.08251185854652185,0.08253574687116591,0.08256039478500495,0.0825857533521531,0.08261128021884306,0.0826352072578804,0.08265983485838327,0.0826850971560184,0.08271100968503402,0.08273688923102461,0.08276132226443092,0.08278635616005402,0.08281193942265089,0.08283805991642361,0.08286392453982537,0.08288826416050465,0.0829130801301037,0.08293836176021557,0.08296411469979689
FRA,Fifth,30.526054286035286,30.901728124113212,31.26585568291865,31.625357434698085,31.983735854946396,32.341775980244805,32.691287066111904,33.03794995032395,33.383959352152516,33.72980571389899,34.12368340084427,34.4633302523421,34.801006591687404,35.14060512856069,35.48040083753279,35.822399704315266,36.160931386985524,36.50146287675159,36.846927632967095,37.197908662368064,37.55555004528205,37.91870479372613,38.28596807669445,38.659614142318134,39.0400511414062,39.42722920542565,39.8152390880483,40.208825102360905,40.61180592711087,41.026058851320165,41.45238789775679,41.88144266939513,42.317676416965284,42.764212027466876,43.22092379097355,43.68746144527952,44.15223165195679,44.62530117140825,45.1104604408135,45.607528786627945,46.1177319295098,46.62646220769454,47.1450882299507,47.67606143701191,48.21933241824141,48.775031346869184,49.32413913429013,49.88154881388261,50.4516976698606,51.03606146179272,51.635513058206776,52.23164742345311,52.83827339459167,53.45811144537943,54.09162604301949,54.73895197368309,55.38234577323349,56.035331321174105,56.70046234891932,57.377937452452194,58.06860838104029,58.75782987818745,59.45796647355611,60.17223383064114,60.90050573198395,61.6429542430747,62.38311479518998,63.133726393277506,63.89640669772966,64.67083901340077,65.45644141418046,66.23659814403574,67.02661251675374,67.83011571206369,68.649205605104,69.48287979276526,70.31420866614569,71.15593500796021,72.00932510536488,72.87404553409237,73.74922031123465,0.08851232113692155,0.08855419551705405,0.08859006636732288,0.0886263444021072,0.08866359774448596,0.08870203113988438,0.08869238202923406,0.08867829345061674,0.08866640695912574,0.08865674890347687,0.08864935305700217,0.08864423251935058,0.08863723109252715,0.08863506083931484,0.08863463686035385,0.08863592112370455,0.08863889293574026,0.08864021894618711,0.08864319992835797,0.08864780084432425,0.08865400135111605,0.08866175532168113,0.0886678374075309,0.08867544692958136,0.08868453086417255,0.08869508934477417,0.08870702198637641,0.08871667133844356,0.08872771657512084,0.0887401104316629,0.08875375670918159,0.08876858135501,0.08878094506951198,0.08879456126071279,0.08880941234837172,0.08882546992643958,0.08884251655358755,0.08885704526747829,0.08887269949124939,0.08888944661316175,0.08890727885847009,0.08892589534941403,0.0889421494644415,0.08895941404074988,0.08897764000517525,0.08899681882218889,0.08901653362096233,0.08903362062202147,0.08905157540290198,0.08907037274033731,0.08909001810315537,0.08910990956459083,0.08912692283213686,0.0891447021586364,0.08916319991149392,0.08918242861977298,0.08920169555650391,0.08921832440773521,0.0892355898550336,0.08925348961417229,0.08927198593793344,0.0892904450011488,0.08930672803907291,0.08932356938537396,0.089340940609843,0.0893588038720636,0.08937677908563824,0.08939362117030855,0.08941094899920705,0.08942871678634183,0.08944693382160673,0.0894651207935339,0.08948228345869348,0.08949986034927875,0.08951781612610193,0.08953614175672553,0.08955428020067507,0.0895713416317868,0.08958873002843093,0.0896064377321587,0.08962446769281675
FRA,Sixth,34.80002855703775,35.2327503071508,35.65360382130016,36.06891328104596,36.4824600391567,36.8950905720217,37.29744357431408,37.69702869756548,38.095360140298816,38.4929857093836,38.8304046795883,39.21533450050059,39.60092690904412,39.99012804836066,40.38189610342146,40.77790272616443,41.17236260421242,41.57151565097704,41.97760666230417,42.39100868054237,42.813120494132825,43.22853733213278,43.6497805244548,44.07838864888364,44.51477802279598,44.95886473999677,45.40383781495865,45.856083538847464,46.31870172361399,46.793696886045254,47.28189864673133,47.76646197518636,48.25991822024025,48.76462189894804,49.280451255912205,49.80704258974011,50.33124178129575,50.86564378132776,51.41328199250366,51.97397542484027,52.549054509915,53.12194903603963,53.70680013900151,54.30520826005251,54.917135593352874,55.54272426866026,56.16051251577573,56.788682940229634,57.43086884061048,58.08867109472379,58.76302807320221,59.433231582725774,60.116333604170414,60.81398753286129,61.526706465129024,62.254626592244584,62.977866587297385,63.712998839532446,64.46154895986481,65.22372560920515,66.00045599800818,66.77532240014244,67.56336050362395,68.36694755936792,69.18595473599107,70.02058158412638,70.85230097733084,71.69627474158447,72.55355442509529,73.42381351707063,74.30641404139328,75.18269283257793,76.07052254463156,76.97316432124629,77.89289417642246,78.82863807155492,79.76153533841217,80.70659348979353,81.66449958247772,82.6348939421623,83.61682934839178,0.09901303339709737,0.09903026076978969,0.09904430648073038,0.09905869746102992,0.09907369641824082,0.09908940276963706,0.09908377623828768,0.09907595749517349,0.09906935550281673,0.09906398879759769,0.09905987727036594,0.09905702956288778,0.0990531346510145,0.09905192721517261,0.0990516907090403,0.09905240520192066,0.09905405877550612,0.09905479666620369,0.09905645473936343,0.09905901353208045,0.09906246149374638,0.09906677124371605,0.09907014997302561,0.09907437697046406,0.09907942001904477,0.09908527867510084,0.09909189541292299,0.09909724337431444,0.09910336152920446,0.09911022321115484,0.09911777235655879,0.0991259670991777,0.09913279665165041,0.09914031308643162,0.09914850512440251,0.09915735462426237,0.09916674238377336,0.09917473508347491,0.09918334103498375,0.09919253963052733,0.09920232475442595,0.09921253112206863,0.09922143312853982,0.09923087992590274,0.09924084303597333,0.09925131631316013,0.0992620711768581,0.09927138286339404,0.09928115728229082,0.09929138085291109,0.0993020547652136,0.09931284942648613,0.09932207255532978,0.0993317022022082,0.09934171031199632,0.09935210298022776,0.09936250489301617,0.09937147352720563,0.0993807761447578,0.09939041074798119,0.09940035602186816,0.09941027102214048,0.0994190085418372,0.09942803732170338,0.09943733990259852,0.09944689730678476,0.09945650329609222,0.09946549537128022,0.09947473727748089,0.09948420428903745,0.09949390032601474,0.09950356946312498,0.09951268438042077,0.099522010298441,0.09953152645252925,0.09954122865097058,0.09955082078368568,0.09955983361581006,0.09956901027437348,0.09957834451925143,0.09958783907424604
FRA,Seventh,38.062272330403346,38.5403179574452,39.006749618300056,39.466794095229346,39.924418137500275,40.380493199620204,40.82474274521823,41.266532190196585,41.70638240610302,42.144872621252745,42.56915154963061,42.994527734106626,43.420123036097316,43.847044424022414,44.275043343455735,44.70614790650099,45.13364905117805,45.56582440597186,46.00416341168573,46.449214645352114,46.90242074247411,47.353440662429314,47.811017791526574,48.27585805723147,48.74845470740903,49.228750844478604,49.7093266859944,50.19846257971839,50.69827159164184,51.21091611224955,51.73734810936955,52.26211703267933,52.797414142967796,53.34445025977577,53.90310307800873,54.472998385755325,55.03981682710981,55.618636710018635,56.211330678670414,56.817718026584586,57.43919947551523,58.057754127712286,58.69016338453551,59.336813551971794,59.99767694589799,60.67289873255222,61.33923455290925,62.017927805427995,62.71137584225096,63.421265659461525,64.14857440498879,64.87096342711237,65.60853373619688,66.36144178435268,67.13023946943996,67.91505326644028,68.6945262820766,69.48807314888452,70.29578671333527,71.11787562821085,71.95532297887775,72.790508026877,73.64093691633471,74.50776805611105,75.39087077884255,76.29046554972145,77.18656668494803,78.09643617430334,79.02033064190516,79.95792093625849,80.90852038357501,81.85205075303972,82.80854536320192,83.780628693885,84.7707093379113,85.77765794567037,86.7813218420349,87.79862964480338,88.82947012783788,89.87346430985153,90.92960603929929,0.10690350485912756,0.1069036798537073,0.1069038758820597,0.10690396698993745,0.10690394406354475,0.10690379785671797,0.10690413431308274,0.10690454502877009,0.10690488354501274,0.10690515293782618,0.10690535511287333,0.10690549375734482,0.1069056805654423,0.10690573830802706,0.10690574937634682,0.10690571499340154,0.10690563641099932,0.10690560080055163,0.10690552149635892,0.10690539776511766,0.10690522878828077,0.10690501379615173,0.10690484309385807,0.1069046271022268,0.1069043645973491,0.10690405374733394,0.10690369452434807,0.1069033983713776,0.10690305282583144,0.10690265631077277,0.10690221013828186,0.1069017141723113,0.10690128996491625,0.10690081327643675,0.10690028117430979,0.10689969168191396,0.10689904916776025,0.10689848881438437,0.10689787127977364,0.10689719543161438,0.10689645746458666,0.10689566802194618,0.10689496183521582,0.10689419504974207,0.10689336673549488,0.1068924746104916,0.10689153522641238,0.10689070212084,0.10688980871118056,0.10688885321004982,0.10688783192264988,0.10688677468407111,0.1068858521317363,0.10688486978550689,0.1068838278099783,0.10688272296725186,0.10688159414242891,0.10688060157904365,0.10687955397383472,0.10687844876001393,0.10687728664327693,0.10687610636451943,0.10687504795520152,0.10687393753454315,0.10687277281625876,0.10687155674586778,0.10687031380709888,0.10686913070632456,0.10686789570239857,0.10686661044936635,0.10686527213361144,0.10686391623300856,0.1068626180764022,0.10686126977113611,0.106859872426873,0.1068584264141404,0.10685697467771899,0.10685558985091698,0.10685416017415167,0.10685268476259713,0.10685116292056558
FRA,Eighth,44.28709181432061,44.849786888404324,45.40084866201097,45.94407779351155,46.48380066180901,47.020957268036966,47.54355122505518,48.06400130482279,48.58144744145753,49.09654332421202,49.56996762968532,50.06717489210694,50.56590945467347,51.064921456561095,51.56517143534832,52.068811372576114,52.56811242704291,53.07386642972647,53.58640018308993,54.10629970492472,54.635222979279746,55.158211982805774,55.68963356031404,56.228929057738355,56.77667743156806,57.332832584652344,57.88873904181638,58.45561665254861,59.03417764220919,59.62682267608647,60.23464013976063,60.83848131164305,61.4556203070742,62.08568740470234,62.72856806924207,63.38387597260261,64.03504026650943,64.70126491472496,65.38283681017535,66.07957825384389,66.79303096733915,67.50234937884018,68.22878919825692,68.97104179426535,69.72909917081101,70.50312143768134,71.26638011381425,72.04535635656485,72.84076176906997,73.65444832843227,74.48747616792012,75.31425659929151,76.1600807324987,77.02300973265073,77.90366635707817,78.80217120987935,79.69417991411399,80.60396157056317,81.52959940495892,82.47131279204893,83.43018555972861,84.3861286218893,85.36087767754505,86.3539081828093,87.36509332712365,88.39468904040379,89.41980060433536,90.46142529254729,91.51871144485742,92.59132472110964,93.67849830657772,94.75728101799771,95.85160029119946,96.96325157628615,98.0948877496459,99.24528303477247,100.39162067319081,101.55428348131885,102.73204481261249,103.92449481841686,105.1305241078006,0.12170031818605351,0.12165847318685105,0.12162171231957342,0.12158470362983524,0.12154691294304083,0.12150814424733779,0.121515852702849,0.12152757632409923,0.12153745440919045,0.12154547117071858,0.1215516047297765,0.12155584871520013,0.12156164794441501,0.12156344495295589,0.12156379563286816,0.12156273300361092,0.12156027232885722,0.1215591740124916,0.12155670413421704,0.12155289142215597,0.12154774993363827,0.12154131620191179,0.12153626605971822,0.1215299428247101,0.12152238776000793,0.12151359777209236,0.12150365252068941,0.12149560087544764,0.12148637409855784,0.12147600893894307,0.12146458054461678,0.12145214781681642,0.12144176342213345,0.12143031242884864,0.12141780366691876,0.12140425792351586,0.12138985249455163,0.12137755485694052,0.12136428469247605,0.1213500627912883,0.12133489352517518,0.12131902667710327,0.12130514780110926,0.12129038195430358,0.12127476404891853,0.12125829817019933,0.12124133790425957,0.1212266100003278,0.1212111066313966,0.12119484444305516,0.12117781411593978,0.1211605359844466,0.12114572906717276,0.12113022782919575,0.1211140704767139,0.12109724122750855,0.12108034467715487,0.12106573473286399,0.12105053873026285,0.12103475685148289,0.12101841676906244,0.12100207851294222,0.12098764046437614,0.12097268156368324,0.12095722537914262,0.12094130088605452,0.12092524834913128,0.12091018004636747,0.1208946489814677,0.1208786954552773,0.12086230756695779,0.12084591594777291,0.12083041917848214,0.1208145192477072,0.12079824726770892,0.12078160908200013,0.12076510918002512,0.1207495604952179,0.12073368521677871,0.12071749028412578,0.12070096832320916
FRA,Ninth,48.8259823712167,49.454764632124295,50.07312590612557,50.6822513362323,51.28666623002045,51.887306839656006,52.47086624301685,53.05312907502904,53.631048905798934,54.20530374236541,54.8909473995378,55.449366427602605,56.007238377298776,56.55914680249321,57.10772210581718,57.65602877530687,58.194460355846275,58.73808114777404,59.28557620308458,59.83801100425075,60.39699341873742,60.96569129627658,61.54364455418173,62.12851674176325,62.72104400620192,63.3212545900585,63.91970332873098,64.53120701048626,65.1542736470398,65.79156000720639,66.44440004187064,67.10054449563219,67.7728179415662,68.45831941934621,69.15693152730852,69.86825370919065,70.57414530299795,71.29817759136819,72.03805375301815,72.79359517587798,73.56642590277129,74.33376090961097,75.1214036761557,75.92541755754242,76.74581466405701,77.58274899574432,78.40715413822512,79.25067717051083,80.11127550948073,80.99090562130881,81.89066570973502,82.78290236477348,83.69809463675783,84.63110700227959,85.58261476528462,86.55271191761855,87.51525437360891,88.49931050504364,89.49991186674113,90.51726663271667,91.55253271209509,92.58419042609412,93.63810979934996,94.71112796196105,95.8031220629349,96.9143770225457,98.02015277262798,99.14478339232015,100.28572301387327,101.44264436806206,102.61470767196542,103.77722679443532,104.95745092413561,106.15572301752921,107.37486579095635,108.61358274977296,109.84755215893294,111.10013831072035,112.3684388968356,113.65201788458485,114.94968385563621,0.13230112559637114,0.13223499024653823,0.13218007489393876,0.1321237722579733,0.1320650836008161,0.13200361573221298,0.13202376838987573,0.13205205714682855,0.1320759098765951,0.13209527709982077,0.13211010326306227,0.13212036300857333,0.13213438860784948,0.13213873460664544,0.13213958453168567,0.13213701280691847,0.13213106067916167,0.1321284045911939,0.1321224319867292,0.13211321389505024,0.132100785638223,0.13208523905924596,0.13207304059249564,0.13205777153742781,0.13203953498869297,0.1320183297384546,0.13199434932956527,0.13197494600335874,0.13195272333608887,0.13192777195067312,0.13190028081052696,0.13187039271801596,0.13184544692613112,0.13181795586944675,0.1317879481952483,0.13175547662434905,0.1317209734059906,0.13169154179889933,0.131659805929651,0.131625822468458,0.13158960508890327,0.1315517556909336,0.13151867968799225,0.1314835155088171,0.13144635746624764,0.13140721645122438,0.13136693980101147,0.1313319959026387,0.13129524448487667,0.13125672761489535,0.13121643212582354,0.1311755881555779,0.13114061728154264,0.1311040387320596,0.13106594436542338,0.13102630400138304,0.13098654102019194,0.13095218965078415,0.13091649131779448,0.13087944562738024,0.13084112569326473,0.13080284433767717,0.13076904378476062,0.13073405077179992,0.13069792538224886,0.1306607371937784,0.13062328201318515,0.1305881530707487,0.1305519766228952,0.1305148456623947,0.13047673716490957,0.13043865504991645,0.1304026807303072,0.13036580209432597,0.13032809154948044,0.13028956562367333,0.1302513948059509,0.1302154554877186,0.13017879041586272,0.13014141792826958,0.13010332503483188
FRA,Tenth,72.24109467872167,73.19967386112562,74.15102937361016,75.08690676964115,76.01288160828632,76.93000621827439,77.81837600535549,78.70814995548629,79.58816313250573,80.45930460600995,81.18408588643287,82.01219871800865,82.8494141550961,83.67662194780449,84.50348113474672,85.33271583792244,86.15178148681976,86.98667535995746,87.82879582012895,88.67895119696533,89.53968413621475,90.3779480330629,91.23476631108666,92.10016154140779,92.97513091223782,93.85967699318344,94.73963475148885,95.64393481232094,96.56241234593656,97.49846731260783,98.4538736577426,99.39420881393306,100.36313092424798,101.34836224847908,102.34982484125652,103.36710244679747,104.37376424110758,105.41220060505107,106.47059125685361,107.54879122161,108.64887104587123,109.73770487374945,110.86111558816685,112.00540740509483,113.17070219929302,114.35718217688898,115.5232113641731,116.72340797405704,117.94563175549241,119.1923701051008,120.46495619920023,121.72425818616301,123.02369208438479,124.34626267584744,125.69290805384499,127.06365491947281,128.42204149374456,129.81839912270786,131.236459270413,132.67643084999926,134.13982209688962,135.59666500767213,137.09119550619607,138.61058995522222,140.15475203007975,141.72412130174968,143.2836628558046,144.87324889424025,146.48411021274606,148.11594873947035,149.7676288810298,151.40446242202032,153.06943883655617,154.7577419904333,156.47301791179717,158.21366860487643,159.9463964020255,161.70864553272614,163.4913782934338,165.2940539395952,167.1151313508312,0.18503012975771185,0.18477556860745317,0.1845575769996159,0.18433695960799915,0.18411025124996225,0.1838761800313002,0.18393538981252977,0.18402172124034732,0.1840945509935434,0.18415371396882957,0.18419901855454585,0.1842303774740262,0.18427325800306854,0.18428654820118173,0.18428914569969176,0.1842812827812509,0.1842630819794344,0.18425496233250427,0.1842367024444989,0.1842085237755041,0.1841705437953631,0.18412304638796245,0.18408578842265094,0.1840391643828714,0.1839834996979422,0.183918796570939,0.18384566019417622,0.18378650823268888,0.1837187906782078,0.18364279296649721,0.1835591034111634,0.1834681703767394,0.18339231419104515,0.18330876150705014,0.18321761279419946,0.1831190438035259,0.18301437464877496,0.1829251472965598,0.18282899450550782,0.18272609724292901,0.18261651287034872,0.18250207491856515,0.18240214014865205,0.18229596713376428,0.18218385510370355,0.18206584782162005,0.1819445124219726,0.18183931865436737,0.181728763404968,0.18161298396128694,0.1814919503412528,0.18136936646068036,0.1812644886530652,0.1811548656213915,0.18104078427859033,0.1809221619916067,0.1808032672103048,0.18070062701289025,0.18059403365538615,0.18048349756755233,0.18036924202606933,0.18025518694275344,0.18015455188080737,0.180050438735131,0.1799430274726115,0.17983253717596043,0.17972133204290752,0.1796171085358472,0.17950985021308877,0.1793998390151905,0.17928701658613275,0.1791743524471183,0.17906800192349917,0.17895905296873163,0.17884772724322345,0.17873407808403116,0.17862155808600932,0.17851569218048519,0.17840776536267988,0.1782978317061477,0.1781858605066149
IND,First,1.1489643576901267,1.1702856714089607,1.1909055902239583,1.2125988064593818,1.236511054979194,1.2628811669301028,1.2889290259715815,1.316617067529699,1.3464558551775367,1.3785718672221603,1.467120459952387,1.509890246926871,1.554949915213824,1.6034248343564625,1.6526693311132878,1.7034555330784809,1.7521174261566708,1.8013437745958103,1.8520538445329433,1.9044432250905072,1.9582795274288622,2.0118518232568454,2.064940361022152,2.1184895758441713,2.1723432112597236,2.22602910778934,2.275730923355177,2.324333384352472,2.3732302185075547,2.422982786213076,2.4738865036181137,2.52313993263439,2.571404582934401,2.619590389065235,2.667277902463891,2.713997072171572,2.7557839064533307,2.7958839161876035,2.835577992066959,2.874451957175554,2.9133431426238987,2.946457107575286,2.977059944456503,3.00571777486311,3.0323771390452836,3.0565543673282987,3.0739453614494416,3.086176279563026,3.0958204911448974,3.1032253015779223,3.108680421780716,3.1155048140558392,3.1184965023888336,3.11914674963281,3.1176223356095263,3.1138396595025863,3.102445741352959,3.087013540852089,3.067337657456386,3.046075599896957,3.04376811717487,3.0364266629823455,3.026064960564175,3.0146367466895145,3.0019280802529775,2.987951086120177,2.969112291824743,2.9463040381716525,2.9210053126843243,2.8929392131199814,2.8616416992529485,2.8243540512506873,2.7830934564595684,2.740816830262255,2.6996348781298463,2.6578178472158105,2.611827849849033,2.5627289052607805,2.511608094021144,2.458224872241077,2.402019575991608,0.016807876294849696,0.016672424189294013,0.016541116024464463,0.016428020453788793,0.01633662669811784,0.016267724338598313,0.0162073672597618,0.016159946846302748,0.016134615279082137,0.016131707646316346,0.01614682910780036,0.01617624412035907,0.016219990140543292,0.01629596131758944,0.016373989726870288,0.016454978993684186,0.016526939392021593,0.016592451511558356,0.016661214941161993,0.016732981197496805,0.016808320081308194,0.016873103997949498,0.01692979878211014,0.01698781709969749,0.017046932451505226,0.017106671979506348,0.01715454797667992,0.017194550822970573,0.017235668476804435,0.017279206412986258,0.017325329846618685,0.0173615309974153,0.017390259517038136,0.01741870403314175,0.017446261032919574,0.017472489146257077,0.017485479710501427,0.017490582453015987,0.017495167718868943,0.017498861359506263,0.017502743926547572,0.017493855111148128,0.017476725488716115,0.01745816046248524,0.01743809004592419,0.017416336713935495,0.017380830594081915,0.017334678456032815,0.017286786811128777,0.01723799295139849,0.017188864128920997,0.017130531323951897,0.017063362947427465,0.016994518218025768,0.016924247354689306,0.016852609058109834,0.01676744478322496,0.016672957000113627,0.01657570907148253,0.016476515584419607,0.016380723885680928,0.01627214056062543,0.016155173620200202,0.01603724658511363,0.01591819884212503,0.015798096541225333,0.015665741485972218,0.015524935957045053,0.015381897501325596,0.015236390617036103,0.015088067574489902,0.01492672873547809,0.014757454845553677,0.014568056363491363,0.014236596696572052,0.013906060079849774,0.013573947837011323,0.013238087868440475,0.012903567820600642,0.012570487990099858,0.012238980665625556
IND,Second,1.8862438713328815,1.9306246703319054,1.9746510943643552,2.0206463970363346,2.0701827236502526,2.123628817927737,2.176355511558509,2.2319338709682133,2.291031078120998,2.353861202340042,2.4294553787226563,2.4972153295758317,2.568429931684769,2.644761702271018,2.723053229760466,2.804046323254892,2.883011973501114,2.963750730684132,3.047501163905056,3.134276626649239,3.2244444263082084,3.31228490679064,3.401018522509613,3.4916684863400063,3.5841174770568793,3.6779110211405324,3.767169724534695,3.856495060061979,3.9477028187586263,4.041925695380301,4.139441549378089,4.233786795581825,4.328020085615697,4.423437431896863,4.519494332245847,4.615600974849578,4.705050957387623,4.793437319607527,4.882649134383698,4.972204404908536,5.06311442932875,5.147638950645916,5.230450771315796,5.312599509348966,5.393870024588461,5.4739146125678975,5.545054114814395,5.611113977511256,5.675483201269437,5.73915571827383,5.802707732387088,5.862072955167304,5.917645085354556,5.971104435395069,6.022696947160312,6.072304650286646,6.11182703377579,6.1458279530893565,6.175488162806448,6.201817199649693,6.233181555288686,6.255128776222395,6.27211153453888,6.287119791145423,6.299804624288954,6.3101530527231535,6.31084864296644,6.3047029697447385,6.294039870673636,6.278370721285109,6.256913789432333,6.223517393998442,6.182662892815127,6.139018636377318,6.095681358384777,6.050133343681481,5.9950163741008815,5.9333339372804055,5.866958656218474,5.795440502061716,5.717810414146666,0.03134956237274822,0.031142018097208395,0.030940076440481357,0.030763276004029127,0.030616441406300987,0.030500799573814918,0.03039789815621231,0.03031295745184776,0.03025897285238794,0.030236439157171797,0.03023953660157868,0.030263198089278517,0.03030680482718884,0.030395468266411523,0.03048669982623707,0.030581673016863677,0.030664469152875726,0.030737882427777963,0.030815454758202437,0.030896835039777245,0.030982745245121828,0.0310545692525818,0.031114936399170012,0.031176935667333046,0.031240257311135004,0.031304280318613466,0.031352651637934444,0.031390067563802915,0.031428864924983264,0.03147071726756986,0.031515840547230736,0.03154791265169143,0.03156967130515898,0.03159095736657722,0.03161098913509463,0.031629195161535215,0.03163011905560775,0.031620262248438544,0.031609653721372026,0.03159780300748377,0.031586106242103826,0.031557743906868704,0.03151814082311439,0.03147660217898067,0.0314330320482338,0.031387201767228694,0.03132337899496904,0.03124514768957181,0.031164544530409063,0.031082646705394894,0.031000184697037927,0.030905499815942455,0.0307986718143088,0.030689494205659525,0.030578279981027575,0.030465100997142548,0.03033390849249089,0.03018977766020504,0.030041762500530027,0.02989090693368537,0.029744206075788662,0.029580182158332503,0.029404251121829112,0.029226656401361975,0.029047168678561153,0.028865865508646837,0.028667653885752133,0.028457225923876565,0.028243249322101836,0.02802537451124617,0.027803109089121092,0.027562470358736057,0.02730994567509083,0.027029291351349266,0.0265537751794875,0.026076363276927906,0.025593356242344486,0.025101435975366793,0.024607923580374603,0.024112921608283967,0.023616577912051337
IND,Third,2.2751890756152338,2.3348609376506024,2.3945636484503408,2.456791266575925,2.523311708010332,2.5945538066522995,2.6648758878331145,2.7388067497318422,2.816997314033462,2.8996977279886194,2.9700519016987066,3.0542417856662265,3.142546952125661,3.2366890507917128,3.333617797541216,3.4340519409807455,3.5326753015458605,3.6340514387684526,3.7394699793608925,3.848852005475893,3.9629153303028715,4.0736567695664085,4.186454676332778,4.302227443920944,4.420895669027195,4.542036606538794,4.658577445760642,4.776284615557627,4.89705357898599,5.02234535279628,5.152432395664906,5.278743459607249,5.4059372502182095,5.535391387942099,5.6665105742326825,5.798662789929977,5.923490342027248,6.0481744013297005,6.1747853377670054,6.30282472116047,6.433412474956751,6.557548309281844,6.6810594398400145,6.805090286561088,6.929352814602419,7.053587300337618,7.168037473144958,7.278152122274886,7.387560029252235,7.497623843525124,7.60909223000389,7.713501382088595,7.814838633321343,7.914670946692289,8.013295463842766,8.110578565615093,8.19656413354472,8.276859335900593,8.353189902032666,8.425624608644128,8.495619267756332,8.553760802047142,8.606417943643121,8.656934939275311,8.704879900749932,8.750216984993953,8.783031715659288,8.807786163148435,8.827064336399395,8.84022761880611,8.846269299769764,8.836536950927329,8.817507841963577,8.79466238554301,8.771626604813774,8.745446798281181,8.705918237198654,8.657741130946444,8.6030682075279,8.541268628653489,8.471055682423897,0.03972524421939086,0.03952551011515793,0.03933085717990478,0.039161553906408325,0.039022843977503364,0.03891614017381283,0.03882182270700821,0.038745986083282696,0.038702069825086845,0.03869065519868154,0.03870552246436743,0.03874130741793404,0.03879777176271411,0.03890082572693058,0.039006527792548575,0.03911613218306368,0.03921267931719958,0.03929961187789136,0.03939090326032237,0.039486176961036845,0.039586199937970294,0.03967119316568373,0.03974439754194828,0.03981927512219209,0.039895499225107524,0.03997240808892678,0.04003267334108554,0.040081641289858805,0.04013203585203976,0.040185640677642805,0.04024267869974991,0.040285877345203905,0.040318434673146546,0.04035048345927885,0.04038119438201752,0.04040995977617771,0.04042041960138034,0.040419724895358236,0.04041821834071569,0.040415381674094294,0.04041269453661076,0.04039234331177187,0.040360316092414805,0.04032619101449027,0.04028986436929275,0.04025108780664781,0.040193182995271845,0.04012015926682506,0.04004451493896529,0.039967392691452865,0.03988956946217835,0.03979866931766281,0.03969493666996139,0.03958853414404414,0.039479791662070905,0.03936877617033116,0.03923834657439758,0.039094060060922156,0.03894533931695061,0.038793293598470224,0.03864546189696855,0.03847875321864209,0.038299086532362164,0.038117252844716475,0.03793299513949829,0.0377463832505862,0.03754106625627245,0.03732217514028814,0.03709889687951299,0.03687082679814867,0.03663739124077549,0.036383284239649316,0.03611560277438017,0.03581615734362905,0.0353001399090782,0.03477976914418646,0.034250923116409406,0.03370982212659662,0.03316440037397631,0.032614704553881116,0.032060829304566246
IND,Fourth,2.8226293539195044,2.9028999826122526,2.983751897774078,3.0679318311591337,3.157466631162864,3.252868385041748,3.3470812171727315,3.4459564147572457,3.5501541997188846,3.6599773030119107,3.7669833135132924,3.8803985543410513,3.9991025186253535,4.124807990181925,4.254400475199744,4.388791651631294,4.520973284991722,4.657144018289086,4.798682275792943,4.945577398698921,5.098600711111063,5.248058170409609,5.400710096246301,5.55751448557141,5.718400664514439,5.882888205764284,6.041807087910369,6.202907975715995,6.3682528327724555,6.5395456359089,6.717138829990047,6.890478718324493,7.065783439903735,7.244533618751743,7.426046482342871,7.609625389983868,7.784420571568826,7.959976900163018,8.138531350939688,8.319516379861533,8.504348000235701,8.680789502907356,8.857309510735837,9.035011728938752,9.21363069790909,9.39279267772306,9.55987899574456,9.722480454595075,9.884734680271828,10.048146756451347,10.213592502846506,10.37154008809269,10.526482066945087,10.680182140223717,10.832996232324641,10.98476757603584,11.12199581028619,11.253189024049028,11.379854305249214,11.502675325679864,11.628078664134268,11.738478479045009,11.84293652478506,11.945240219297427,12.044862506341186,12.141746523552282,12.222400077851677,12.293686647478816,12.358509647760668,12.416049828263954,12.465030453105078,12.493316305097162,12.51021895727337,12.52219138109985,12.533433022790353,12.540538508139601,12.529386077518573,12.507158987044852,12.476339608749427,12.436067883934408,12.384662333178964,0.052191960398481285,0.051970070971612894,0.051753398111108795,0.051563362464721915,0.05140551265919995,0.051281436323087515,0.051170927582793006,0.05107994107008917,0.051022867093897445,0.051000348761349665,0.0510059806218342,0.05103416512409501,0.051084274628580284,0.05118387979432378,0.0512861544815858,0.051392378745906096,0.05148501727901405,0.05156727021735092,0.05165396618556602,0.05174470429586619,0.05184026153869416,0.05192025383275237,0.05198767458441133,0.052056778772537164,0.05212722583524459,0.052198333896345955,0.05225229953929806,0.05229431518659917,0.0523377730170746,0.05238449026226609,0.05243469194764203,0.052470655862655195,0.05249540849850495,0.05251959971062984,0.0525423815150058,0.05256313511467632,0.052565102486128785,0.05255536244615851,0.05254475544735088,0.05253275081004173,0.052520859438978586,0.05249082480566759,0.052448530856339895,0.05240404646449488,0.05235726319759095,0.05230792510422587,0.052238884875277,0.05215400037446835,0.05206634753452994,0.0519770924971796,0.05188702914423933,0.051783363004420206,0.0516661184644703,0.05154600225433689,0.051423343003350004,0.05129820252923237,0.051152802416608335,0.05099263422835904,0.05082767097850197,0.05065904262285247,0.05049453553182258,0.050310111294773564,0.05011167690107957,0.04991067484080989,0.04970682415012255,0.04950018509976579,0.04927355881738401,0.04903207868334789,0.04878554680052519,0.04853350961369073,0.04827533782190514,0.04799475177268495,0.04769899853015191,0.04736895301770965,0.046808026452182565,0.046240114739169724,0.04566061384820843,0.04506522277573615,0.0444625347280307,0.04385251367714597,0.04323518040123706
IND,Fifth,3.2947255356777805,3.394771435015655,3.4960204725058133,3.6013628615219866,3.713030755946169,3.831601568124248,3.9487743949614744,4.071613030646848,4.2007171421293545,4.336426578223769,4.528833846281641,4.677759748369718,4.833308624370077,4.996847854286298,5.165309552271913,5.340048229315218,5.511551992631786,5.688269899386988,5.871564927653418,6.061721633301709,6.259074655770263,6.454114521269233,6.653141602120038,6.857222636321601,7.066252437233101,7.279586351040985,7.4856555545813155,7.694584758672181,7.908524020552666,8.129178816983407,8.35708791561724,8.580955501327098,8.807820666076683,9.03912606765807,9.274094166069306,9.511963885910967,9.73934448259435,9.968321637684136,10.20106188223443,10.436886584224718,10.67767270118186,10.906466170640812,11.135557797637096,11.36565427383992,11.596655959523758,11.827819611268197,12.043827595609342,12.254360054542559,12.464066532984248,12.674194436834846,12.885632109818449,13.093492341765044,13.297888899084333,13.500965731919095,13.703131310135975,13.904207600942495,14.086159749176728,14.262127966836347,14.432090608843177,14.599477703386473,14.791871594268752,14.966723468956149,15.1359760968601,15.303591821118397,15.46896642649488,15.632032057766764,15.775734382612372,15.909605636289726,16.03661323154809,16.1557695527368,16.265537940646574,16.350224041890918,16.422239819601682,16.48870658874376,16.554294564717384,16.61524256023184,16.65338687588058,16.67872376486211,16.693820346042816,16.69757584335097,16.68790062619419,0.06350329907958562,0.06329624436498314,0.0630936940399504,0.0629162908021566,0.06276953912748541,0.06265508816806828,0.0625533178168356,0.06247025618190392,0.062419801165344596,0.06240262886556114,0.06241249558865789,0.06244395454923191,0.06249654810386679,0.06259680557987791,0.06269956591003178,0.06280607623443088,0.0628992721207423,0.06298245499463825,0.06306988048890393,0.06316115332341982,0.06325702093142854,0.06333771512095157,0.06340631371002038,0.06347648237272234,0.06354788836725117,0.06361987139630264,0.06367521323770885,0.06371908057690064,0.06376429856239951,0.06381262789923647,0.06386428155146187,0.06390214785248563,0.06392925604560366,0.06395579543883972,0.06398094582274982,0.06400410955649073,0.06400911682920016,0.06400288751189498,0.06399579202686645,0.06398731587898678,0.06397891987703663,0.06395297854826755,0.06391524053084965,0.06387533628432723,0.06383315683892435,0.06378845155628814,0.063724640858892,0.06364549725105186,0.06356357442186665,0.06347999812824456,0.06339553248788846,0.06329777539071539,0.06318677020888197,0.06307281817219139,0.06295622918406187,0.06283705889065544,0.06269797712353967,0.06254432671122956,0.06238573744228884,0.06222329772485239,0.06206462647209067,0.06188616745392346,0.06169367582810995,0.06149829557859704,0.06129973518326028,0.06109804081323209,0.06087621243427439,0.060639254560191244,0.06039677031856127,0.06014828196370897,0.059893126974848776,0.05961504552725994,0.05932115336635489,0.05899216607625287,0.058430258703328186,0.05785896100833929,0.05727351856980556,0.05666939993356907,0.056055161974284465,0.055430662251357114,0.05479580972393656
IND,Sixth,3.9709111549212923,4.098993367460054,4.229201110932808,4.364624418421886,4.50777374919277,4.65931838756428,4.80917752138828,4.966146916942331,5.130750903988095,5.3033822099301124,5.449938334061793,5.623853809770152,5.805415067439709,5.996074829827892,6.193340527882244,6.398300995340027,6.60113593057717,6.8112314604860345,7.029960229731067,7.257290420700086,7.494545490614593,7.726890281978856,7.96601505759258,8.212575282991827,8.466598308671369,8.727635871116426,8.9823460264551,9.242750153753105,9.510952044053257,9.789375192620469,10.07846410548728,10.362436728779514,10.651984776489263,10.948602697227392,11.25149825745817,11.55992594201964,11.85767258789871,12.159712327557775,12.468424533440137,12.783209530729152,13.105998369291138,13.418684523497065,13.735213650619293,14.056451804417716,14.382138355832593,14.711935136901534,15.026777079486973,15.339819369487639,15.65563390069179,15.976372944365046,16.303317305732318,16.61945335199884,16.935661571064195,17.25333869481007,17.57302275743923,17.89456705514631,18.197231335435653,18.495590288017155,18.791068013717684,19.08388282249352,19.37729751881838,19.649849748326528,19.91773304411019,20.185071554667115,20.451177098990495,20.71598150862593,20.957303915207945,21.188705496791275,21.41316130309447,21.62947307188833,21.8357743000379,22.011200672860426,22.1727919168022,22.328442237104376,22.483356696114242,22.633421070259924,22.754630161719895,22.86126830098201,22.955917997055156,23.03716103386323,23.10236642823673,0.08050039382547984,0.08029279552532081,0.08008913025291217,0.07990848612541619,0.07975595196694217,0.07963318864283277,0.07952283913087534,0.07942975242984666,0.07936706610875291,0.07933546105514844,0.07932943065261555,0.07934405399840636,0.07937836412936836,0.07945723396111296,0.0795382816009374,0.07962260060851077,0.07969494408759481,0.07975770770533512,0.07982420413911176,0.0798940679003742,0.07996794685041063,0.08002824984029865,0.08007717298154929,0.08012746171448949,0.08017881334811403,0.08023064156144676,0.08026766906630653,0.08029401529228467,0.08032153853971763,0.08035177505303139,0.08038491622186195,0.0804057942749569,0.08041669838089392,0.08042704360247425,0.08043610293626743,0.08044335018125527,0.08043448376171855,0.0804152351492182,0.08039515585549352,0.08037378961167033,0.08035241966551787,0.08031542745289225,0.08026751044084397,0.08021759222635502,0.08016556798204959,0.08011121448871396,0.0800397474123402,0.07995412114256568,0.07986587873841135,0.0797760047461219,0.0796851742170582,0.07958222274945442,0.07946683630695855,0.07934859514739798,0.07922776354285566,0.07910437909128035,0.07896275614099697,0.07880731147922777,0.07864707316228456,0.07848299524188897,0.07832191671118433,0.0781423991850099,0.07794928395944892,0.0777530416777838,0.07755338789227978,0.07735034186936111,0.07712818174478087,0.07689113116170895,0.07664829834337702,0.07639919836693802,0.07614317787694405,0.07586495601096707,0.07557076214354495,0.07524285865797871,0.07469573158329809,0.07413656992622768,0.07356055575994587,0.07296299335797354,0.07235213184530156,0.07172768529495399,0.0710894074568986
IND,Seventh,4.595705339535368,4.7526837893187155,4.912868804827239,5.079430324775987,5.255114223775398,5.440664562572946,5.624315946162853,5.816573085255471,6.017782757813823,6.228371735051519,6.438867237831737,6.655354521070473,6.8810617445842945,7.116912044916387,7.361036901268925,7.614832659657146,7.8661326029841225,8.126806618370226,8.39808812498211,8.6801209759075,8.974176122978433,9.263809402721456,9.562314176670219,9.870152567449294,10.187387154201609,10.513515870700179,10.832422718198023,11.159127832382879,11.495623764874697,11.844583035502684,12.206596884888542,12.563710244713347,12.928859666140458,13.303365627033171,13.686381940440969,14.077154575546581,14.45614701270581,14.84191861549714,15.236655598538404,15.6397267525332,16.053523283897047,16.45512472838809,16.86297300043969,17.277394596637805,17.69827314370136,18.125107085341806,18.53499904276658,18.944698102437275,19.358890214187486,19.779815142753346,20.208929257525302,20.62920754922327,21.051788114033858,21.477827747797093,21.907997312249105,22.342184580282375,22.754341462287872,23.164514788610578,23.57281824994001,23.98093359594698,24.40328634300531,24.802353974357253,25.199284524458676,25.597944959417728,25.997599010103023,26.398214279159294,26.772102778418564,27.13766954796061,27.497469387215425,27.850112803493236,28.193410929638937,28.500805244089143,28.794874008808883,29.083850816738025,29.373408531176025,29.659207082384683,29.910722075664523,30.147529042698164,30.371778743720537,30.581710382998452,30.774109486768467,0.09695040932236716,0.09680342197011434,0.09665857552131439,0.09653053552754041,0.09642347233796957,0.09633885140225375,0.09626303036943014,0.09620027124191748,0.09616070419925724,0.09614494191465252,0.09614862032504366,0.09616787077164773,0.0962022289152352,0.09627072873674618,0.09634077940020419,0.0964132387848412,0.09647609072824,0.09653156566861584,0.09658983881432939,0.09665060987331586,0.09671438093044628,0.0967673822628061,0.09681165404163504,0.09685687100237707,0.09690279756896694,0.09694897190201042,0.09698351793322668,0.0970098909155842,0.09703708795006555,0.09706630805667632,0.0970976891964036,0.09711948334694571,0.09713365495951776,0.09714732235522881,0.09715992548255879,0.09717105384683221,0.09716964458014503,0.09716028690068607,0.097150209718466,0.09713905885167103,0.09712782603876131,0.09710441803110467,0.09707259092158096,0.09703909619683991,0.09700384739796572,0.09696666544454989,0.09691605941318276,0.09685439854816158,0.09679050045314823,0.09672512636834582,0.09665879693671417,0.09658278046828186,0.09649686645211673,0.09640841190725628,0.0963176106989893,0.09622447650486554,0.09611660286293315,0.09599746242268194,0.09587405046361418,0.09574709541053734,0.09562205117786714,0.09548175415454782,0.09533002090009517,0.09517511832945648,0.09501678884356383,0.09485502267728332,0.09467699858022684,0.09448603574390774,0.0942894269300566,0.09408671788719918,0.09387731149043764,0.09364847113076905,0.0934051754669919,0.09313237839453024,0.09267337858854963,0.09220044392807895,0.09170926708049436,0.09119550920693996,0.09066596557486194,0.09012016941925023,0.08955768497665786
IND,Eighth,5.700142020333104,5.907154222730885,6.119296382525096,6.339890679233652,6.572077110675519,6.816730930833595,7.059122591412137,7.312749802343978,7.577684067998967,7.854414701835774,8.106465757553858,8.386530083906914,8.678228211194044,8.981854570285867,9.296773570172517,9.624536056640643,9.95021144826281,10.289052510754665,10.64208601251595,11.009457095656376,11.393012985890268,11.771147862853535,12.162482789270886,12.566937514828346,12.984715136798327,13.415410641874512,13.838727003213728,14.274297980450871,14.723860706160371,15.19080461428462,15.675822462920044,16.155749587422466,16.648489409359502,17.155121326860588,17.674767226201116,18.206724538461255,18.72597626938886,19.257035916390546,19.801882073459836,20.359944539804278,20.934161223667505,21.495488769182018,22.068708921456626,22.653523813577788,23.249925291814993,23.857528559386033,24.446808085829506,25.041058037532885,25.644793118226712,26.260915801621042,26.891343323116953,27.511283724068047,28.139473657898563,28.776116745142836,29.42215388757571,30.077588156160846,30.70867238063634,31.343019823055148,31.979932009142853,32.62073507919532,33.276840804951725,33.906092268573275,34.53852875346829,35.17743906360651,35.82206770606333,36.47249211771775,37.09139008430343,37.70603029846289,38.31810023799905,38.92596422267202,39.52697241390555,40.08453996796601,40.631316061944,41.175804624224114,41.72426934348291,42.27230658191136,42.77797122193024,43.27064311712096,43.7515231412222,44.21835574967057,44.66704144342439,0.12756961348120588,0.12747789413194796,0.12738607290841025,0.12730029131797493,0.1272223964450435,0.12715338386016414,0.12708917852082802,0.1270301845288598,0.12698131481628475,0.12694301974101352,0.12691404558474792,0.12689301952947019,0.12687867228282915,0.12687982448927537,0.12688133992116535,0.12688347000236844,0.12688216937002855,0.12687705600644622,0.12687272836344096,0.12686905987303354,0.12686617563677643,0.12685960189715628,0.12684888105222544,0.12683836318911026,0.1268279530502867,0.1268175070045763,0.1268032590690341,0.12678532881417603,0.1267675632250403,0.12675029173047975,0.126733561718536,0.12671367048985765,0.1266903894658123,0.12666676851856618,0.12664263059157882,0.12661784959784045,0.1265889752970519,0.12655659235682346,0.12652374722818086,0.12649032589916875,0.1264566163236274,0.12641875504633074,0.1263770527988909,0.12633449884925896,0.12629104304961508,0.12624661774222481,0.12619729962920703,0.12614295706790013,0.1260873421960399,0.12603066932005907,0.12597309327758446,0.1259113584109002,0.12584455975661915,0.12577610840038939,0.12570602555992966,0.12563428539209204,0.1255560039353443,0.12547154001889876,0.12538432813163022,0.12529456934687816,0.12520427939134776,0.12510636032542205,0.12500141684212474,0.12489360674300445,0.12478275961181295,0.1246688041884356,0.12454578434221653,0.12441422828811159,0.12427803096093733,0.12413686112101406,0.12399031837770068,0.12383185184101751,0.12366286245354896,0.12347655392811385,0.12319354336855051,0.12289517192793067,0.12257829303694036,0.12223950245539497,0.12188273765855716,0.12150728543580315,0.121112435694913
IND,Ninth,6.8044958290174105,7.069751379077905,7.342733804829501,7.626642552707507,7.924963226405516,8.238672972381725,8.54996281485605,8.875628025632727,9.215150278318657,9.569032594135514,10.061762832403485,10.445104441155298,10.843757644913344,11.255970390215165,11.6829569086765,12.127456102464128,12.567938227566751,13.026265081815776,13.50283962584045,13.998688507291178,14.514491170277193,15.029460627168717,15.561700242195373,16.110737554806764,16.676785556130852,17.259131466559285,17.831099783960045,18.419626576992904,19.025870200054843,19.653230391947776,20.302962855882257,20.950178358539212,21.6161335821368,22.301066259027483,23.004033980397306,23.72439444440892,24.430117746208825,25.15395661503384,25.89672850901657,26.657789149127787,27.441461266148476,28.20537116361329,28.986893777811602,29.78351179006764,30.595943614016736,31.42300141697502,32.22753804656621,33.04103156600169,33.86775872663355,34.71001460634997,35.56994202926823,36.435233622460665,37.31549883124998,38.21029241727062,39.12097089214432,40.04777215350243,40.943585321864504,41.85264424066376,42.76791091738278,43.6986342258004,44.71527934023185,45.70503768563789,46.71047767347395,47.73280509377361,48.771456209786365,49.82684848899318,50.849729493646066,51.88034060547853,52.91786802786515,53.960589311436685,55.00548604884364,56.003153576392016,57.001071897958944,58.00645873866299,59.0261968540499,60.056396825843585,61.04018969427593,62.02197093279962,63.000130877970406,63.971985210256186,64.93249155279395,0.1599231327257584,0.1600891431955018,0.16024961967417772,0.16039286864900762,0.1605166668955678,0.1606206632194732,0.16071461993738248,0.16079721677121245,0.16086060817207845,0.16090467873775463,0.16093241157881386,0.16094655903651256,0.16094849005329068,0.16092278775301103,0.1608951336576247,0.16086490194088465,0.16084059827851738,0.16082187405392703,0.16080040475300802,0.1607763550147577,0.16074931049319224,0.16072948975556137,0.1607165017440467,0.16070215168942437,0.1606866110845136,0.16067021318381258,0.1606621638027813,0.16066064589474188,0.16065797161589507,0.1606532103225389,0.16064621729831774,0.16064630081061068,0.1606525114823463,0.16065867115646643,0.16066522322066787,0.16067248812076446,0.160689338461895,0.16071253853993966,0.1607358274597782,0.1607594740385585,0.16078267755847075,0.16081508052630508,0.16085395627671242,0.1608934744010376,0.16093367734132855,0.16097467254342188,0.16102541692719333,0.16108410350422345,0.16114344224777274,0.16120280009430865,0.1612617425613117,0.16132678958842656,0.1613979843970606,0.16146948541895845,0.16154107233620213,0.16161265785101156,0.16169288069307675,0.16177891276011253,0.16186551545119013,0.1619520439257944,0.16203480117812477,0.16212484518350762,0.16221913075891123,0.16231212074753576,0.16240383515629286,0.1624941318489449,0.16259014737006772,0.16268916637232955,0.1627867751994785,0.16288294599117392,0.16297769735952822,0.16307684259912952,0.16317682091609426,0.16328394705092836,0.16346318640634097,0.16363090528488666,0.16378753276054797,0.16393290846308084,0.1640637144790604,0.16417903172246456,0.16427787987843354
IND,Tenth,12.027308715982132,12.569906914312298,13.133658959148033,13.720965706134658,14.336734064955271,14.982381362670486,15.625489785788877,16.298644062919237,16.998392002993544,17.72523528637234,18.301459232249414,19.019197417009664,19.764543538452507,20.528979786559653,21.326864896657224,22.1608748215274,22.998878226942598,23.8802344411775,24.80221210975457,25.765426581455582,26.77532952163967,27.7794599827726,28.832889039093338,29.929178346402438,31.069888850970894,32.25578437628417,33.44029820148993,34.67671785545685,35.961659610818,37.303223534391044,38.70316370569167,40.1068072335112,41.568640437700125,43.08492910589984,44.65552406130696,46.28117069228915,47.90139692975586,49.58548074688804,51.32971891865815,53.135093952653676,55.00905708004187,56.880669466923536,58.82651240529847,60.83683704536227,62.913947474421064,65.05935182402546,67.20022893699063,69.41449053944264,71.69800696545445,74.05885329793453,76.50335831014209,78.95972826367307,81.50782829691514,84.13346702913451,86.8414189814428,89.63462769248515,92.42588283820336,95.31395156187587,98.28113621901207,101.33078710646785,104.47107866631947,107.61120954270703,110.86517496103028,114.21893317285621,117.67523550560385,121.23853484035897,124.80122293024868,128.48141874565198,132.26045204252225,136.13941708517876,140.11691058591512,144.0798078059423,148.16602855652116,152.36843728333028,156.69718383286528,161.1588710891067,165.62255188413457,170.22999830013327,174.95827724828519,179.80811866942759,184.7758299059128,0.33147850828013314,0.3327304774388587,0.3339574598472757,0.3350353147489562,0.3359305484858693,0.3366327242978944,0.33725899851887303,0.33777348739473745,0.33809198048782774,0.33821011892235037,0.3381651274745404,0.33798962736306465,0.3376868551563833,0.3370964843747212,0.3364915276827949,0.33586454948944644,0.335317820273766,0.334832125536459,0.33432140429595314,0.33378805652092175,0.33322763835465147,0.33275844087425854,0.3323626691628834,0.3319578633701168,0.3315460217578753,0.3311311006684588,0.3308160043959445,0.3305704636430811,0.33031719783597985,0.33004573231757217,0.3297547929721774,0.32954662636817755,0.3294037156719774,0.32926465435879704,0.32913434588113977,0.3290163694981706,0.3290073202163711,0.3290665274984663,0.3291314724829076,0.3292052388688187,0.3292791363923454,0.32945857325964334,0.3297099357705369,0.32997500192173035,0.33025445772907497,0.3305498268327634,0.3309605582995847,0.3314649366991992,0.33198706812772816,0.332520276497494,0.33306001308706634,0.33368100993024413,0.33438389298219495,0.3351060321317401,0.33584563667682366,0.336602453515279,0.3374812769773874,0.3384510176582496,0.3394528134815269,0.3404802396106211,0.34148739767912456,0.3426172864652156,0.34383628353583895,0.3450759862516205,0.3463383065024834,0.3476231282025189,0.34903465508305287,0.35054376816919325,0.35209110774412355,0.35367989312984405,0.355314462194249,0.3570955977843083,0.35898122382828845,0.3610896378160167,0.3646453631126122,0.3682756406844029,0.37201199174829214,0.3758851178369016,0.3798418619649521,0.3838845380467599,0.38801521398568023
MEX,First,1.7250294746264874,1.767774848654726,1.8120557898540532,1.8598961839296122,1.9124649142994492,1.9698106369453043,2.031080869530646,2.0949910270043643,2.1626219326783636,2.2338600007237304,2.4020852771638346,2.490448096408645,2.580533420298793,2.67655394270235,2.7773372383452126,2.884227724995718,2.995503619191825,3.1124777763395524,3.236909121386794,3.369537969414098,3.5105288028317188,3.6609392580682005,3.818761451923302,3.9857776306913557,4.162515213253937,4.349195417304082,4.544581771915871,4.750554756494646,4.969728691616155,5.203823504170468,5.454062844293811,5.720378122386685,6.002343936768328,6.302589855082695,6.621889468301363,6.961073887498242,7.318327698192487,7.697345237155098,8.101606812353994,8.532410700658978,8.992761222494691,9.478338973008762,9.99444801175174,10.544093682913413,11.129601359503514,11.739812766852351,12.356804372235501,12.983920179086004,13.622545469637501,14.27346221387716,14.937521585416938,15.61545698594214,16.304648962192953,17.004641215058502,17.715731076611124,18.437805862835706,19.162142581318243,19.896032214079074,20.637448272260066,21.3884319224012,22.165199629907143,22.94447035132058,23.73374101356942,24.533517367405974,25.343558623929432,26.164054030039235,26.985283542985506,27.813917318644272,28.649636970349075,29.49188578782292,30.3396110218625,31.18212602336589,32.030370960697866,32.887293258852765,33.756160739140974,34.63545232895405,35.510146205652326,36.39162078196329,37.27911217824005,38.171987061570476,39.06868144682452,0.010444804098392957,0.010670891250419184,0.010910002676930357,0.01116703766341128,0.011442518697178846,0.011735652172494398,0.012043859677192606,0.012358187794148493,0.012685602633731152,0.013025015522779498,0.013371260928902708,0.013727966560484195,0.014085785877809145,0.014469858992134028,0.014875021737576169,0.015302365191622546,0.01574997151819488,0.016215028703026903,0.016704549118457496,0.017219045483845574,0.017759586092109585,0.018322181790465606,0.01890584270182582,0.019516541477257666,0.020154883628523555,0.020821264520391746,0.021512468915073912,0.022228062150669883,0.022974744115531416,0.023754306317366504,0.02456716284846358,0.025409743414057034,0.026280285036626803,0.027185358352874917,0.028125364542924376,0.02910075450396925,0.030107132768382373,0.031146027213765956,0.03222401432049221,0.03334172106461659,0.034500796191949804,0.03569558211206673,0.03692815516424573,0.03820389632459698,0.039523678927889626,0.0408517261350361,0.04214697702546107,0.043412407525297896,0.0446483292475154,0.045854923532555894,0.04698304393462361,0.0479316982263905,0.048853362597598524,0.04974829922360475,0.05061681929512244,0.051459274410790845,0.052276051237318086,0.05306756842604747,0.05383427161511134,0.05457663015675654,0.055295131130574285,0.05599027949405863,0.05666259097078974,0.057312592535175344,0.05794081935309047,0.05854781063889844,0.05913410850005117,0.05970025786805162,0.06024680220634516,0.060774283146495536,0.0612832396085933,0.061774205241208184,0.06224770824421657,0.06270427243729343,0.06314441034634787,0.06356862980968087,0.0639774288035139,0.06437129698940937,0.06475071322719674,0.06511614703257039,0.06546805770459221
MEX,Second,3.4552802958173063,3.534351644965343,3.6160419073749006,3.703405825753194,3.7981746220293693,3.900402785117374,4.008364798509219,4.120490473094577,4.238427038947489,4.361999136340889,4.496337337948331,4.628889446788464,4.764484194656919,4.909761198821847,5.063284451355024,5.226293398395576,5.397605069627017,5.578119090266883,5.7702681546427845,5.974510624289516,6.191940293519502,6.419607032175439,6.6590039570488235,6.9120710015142,7.179412797020676,7.461311687004157,7.755606070831117,8.064796271487175,8.392044764036967,8.739763022609832,9.109028381964112,9.496899804414715,9.904430086993314,10.33469880589894,10.78826869229381,11.265770239521194,11.763409670680016,12.28635521025897,12.838470415660602,13.420760809684142,14.03613822061928,14.678612378664601,15.354190975961195,16.065671424451484,16.814706074882267,17.588450751178904,18.364900111232686,19.149849519905157,19.94505146013306,20.752074839504722,21.572178198827572,22.39958154258173,23.23764999088343,24.085683008539363,24.944278375047908,25.8135228742944,26.682673054855236,27.560640817556827,28.44616028631528,29.340032492895595,30.24793591266759,31.15561038626398,32.07344707924828,33.00222403251616,33.94181940737406,34.8926169517786,35.84184095076138,36.79885518143444,37.76344051986559,38.73509188466089,39.7127173961533,40.68237137513553,41.658454804273276,42.64452723921466,43.64450579503184,44.65672396331124,45.66208944786054,46.675561508431144,47.696355258286395,48.72383279265049,49.75627966216479,0.02135828408215927,0.02170770844335447,0.02207547068549378,0.022468721568664807,0.022887645626961946,0.023330483010845355,0.02379302377587617,0.024261107927134595,0.024745098084073287,0.025243016603589206,0.025747228195166234,0.026262596131570337,0.026775284549335393,0.027321675941554067,0.027893592182956183,0.0284919075193789,0.02911344894683668,0.029753477812775726,0.030421176376927945,0.03111650263254982,0.03184009055933292,0.0325861107659998,0.03335234388845356,0.034146055383983215,0.0349672053731432,0.03581547145984942,0.03668615274008123,0.03757772588603631,0.03849781211685242,0.03944758092455435,0.0404265105464759,0.04142954008235584,0.04245358051580504,0.04350555350113735,0.04458492038484737,0.04569118109537404,0.0468186342316101,0.04796783333869348,0.04914510153817511,0.05034999775315054,0.05158307133020287,0.05283754850575282,0.05411430236894887,0.05541788493117704,0.05674795576088771,0.058067538701570505,0.05933678827175035,0.060560140220037015,0.06173941797351823,0.0628762075183913,0.06392989054341262,0.06481810345653206,0.06567352354308525,0.0664971741066992,0.06729006922716439,0.06805320813241501,0.06878757321299872,0.06949412986800467,0.07017382058029074,0.07082757123324612,0.07145628414042608,0.07206083750476351,0.07264208993747938,0.07320087604594042,0.07373800480554447,0.07425426430159618,0.07475041943940285,0.07522720903447301,0.07568535162607062,0.07612554239643636,0.07654845233519725,0.07695473269705093,0.07734501215265255,0.07771989613187635,0.07807997282333143,0.07842580757857018,0.07875794628721446,0.07907691677121056,0.07938322641631836,0.07967736494821341,0.07995980444623102
MEX,Third,4.692115965037181,4.793456801527096,4.897724612801508,5.008499649160911,5.127851078288591,5.255841773512289,5.390104788200764,5.52926422087358,5.675112471009738,5.827452330074913,5.951158401542683,6.108413317974913,6.269394706271215,6.441411386438565,6.622945379207375,6.815174033929253,7.01691418696324,7.22915244582075,7.454459256686172,7.693094748045086,7.946522670020187,8.209635141033358,8.485778404263353,8.776737913115632,9.083052429815732,9.404917796224469,9.73944983760736,10.089652521970837,10.458658231089425,10.849073728147575,11.261758875546102,11.692199709739816,12.142218572800346,12.614730785708705,13.109998570846829,13.628357164593291,14.164801251493175,14.725255654765622,15.313295007758086,15.929529118764282,16.576563569034786,17.247275219532803,17.94802501218213,18.68097425248346,19.44716204138566,20.234649396374365,21.021578898636502,21.814982486490592,22.616860474912688,23.42918643850493,24.25344487493761,25.081263204365133,25.91857979107355,26.764667097491593,27.62029557449031,28.485682748064153,29.349464674347487,30.221164171138035,31.099886049773545,31.985953796224983,32.88071784216229,33.773903166326846,34.67689228691919,35.59057750563006,36.514903326674876,37.450336240907006,38.38324491258994,39.32383615425941,40.27194589731427,41.22711095708825,42.18825779309527,43.140619292223505,44.09954800998701,45.06877108265266,46.052367500482895,47.04864519459354,48.03756755147064,49.03497967549768,50.04010434561316,51.05231564191711,52.06987906191866,0.029314886016227996,0.029713941528558833,0.030132240699725612,0.030577661110992624,0.031050163355659185,0.031547480327710015,0.03206454095864594,0.03258559285875932,0.0331219488890692,0.033671256812185524,0.03422490628019884,0.0347882624487931,0.03534630737628574,0.035938090063098276,0.03655441233276481,0.03719587523441785,0.037858655616518445,0.03853757082486424,0.03924195939618977,0.039971362373789766,0.040726037103910664,0.04149939748776594,0.0422889905770687,0.04310187179899798,0.04393756562814884,0.044795304808654415,0.045669852768179066,0.04655950996470422,0.04747144562122666,0.0484063748167568,0.04936330305602138,0.050336745193033355,0.05132345780337867,0.05232966272959249,0.0533543679082654,0.05439663040446683,0.055450551375064876,0.056516499682002355,0.05759988571607439,0.05869980971353699,0.05981632028829783,0.06094264973836743,0.06207943810596757,0.06323025082932285,0.06439431320862281,0.06553950988499078,0.06663214321641943,0.06767731686519934,0.06867761179381943,0.0696353024921394,0.07051481732420836,0.0712437945596882,0.07194177650859883,0.0726100778529401,0.0732499593675763,0.07386263395098726,0.07444926402157936,0.07501096733793841,0.07554881290036722,0.07606382689297403,0.07655699280079842,0.07702925220452302,0.07748150475229117,0.07791461395208112,0.0783294052879392,0.07872666969539237,0.07910716117124474,0.07947160382420572,0.07982068800799703,0.08015507556019656,0.0804753978632223,0.08078226003949855,0.08107623960647511,0.08135788903281484,0.08162773719275038,0.08188628961707536,0.08213402822645943,0.08237141594340783,0.08259889336139142,0.08281688383254168,0.08302578998469824
MEX,Fourth,6.395427567065946,6.527125625046125,6.66219925047595,6.804877580112732,6.9576516619638005,7.12060618408876,7.290507921687938,7.466309990315818,7.649997569000988,7.841358316189021,8.012724171822953,8.211173422351232,8.414217516152831,8.62985001762678,8.85632013342442,9.095033940943068,9.343908857097112,9.6047474710008,9.880338478582368,10.170944582413819,10.4780977170732,10.795552619768962,11.12735532888551,11.475334862866804,11.839977205068145,12.221347506157736,12.615397982416058,13.026140344699332,13.456822581191409,13.91023751624504,14.387158231022365,14.882005711410317,15.397023494999301,15.935060355647646,16.496106233995008,17.080251972959378,17.680934534815588,18.305296234777863,18.9567320472877,19.635516967322452,20.344225260748097,21.073364101857436,21.830763505692907,22.618022109466832,23.435808371743207,24.27262472024392,25.105828737028382,25.94402392675126,26.78965232433451,27.644965288303283,28.511653972372528,29.380950914381224,30.25930528998361,31.14612104141725,32.04235390059506,32.948344977335076,33.85088757288172,34.76142696655438,35.6788843194977,36.604098440894404,37.54159000863505,38.476477526471555,39.421804461618464,40.37859789152744,41.34685849783054,42.32714210947418,43.304102852531436,44.289464369344756,45.28310522681097,46.28457859397085,47.292783685366025,48.29116020100207,49.29693177998254,50.31411605268092,51.34709714166335,52.3941004910304,53.43291860162784,54.48130677482427,55.53846723628256,56.60376174698496,57.67537345453682,0.04042369193895582,0.040874720828177516,0.04134618354445144,0.041846701832139906,0.04237583820874141,0.04293069995268533,0.04350543194769135,0.044082112724768904,0.04467327751245095,0.045276134449225944,0.04588121997439376,0.046494192813394154,0.04709856582622985,0.04773684771711672,0.04839863298190497,0.049084191142079514,0.049789170998914084,0.05050762143195253,0.051249191511807096,0.05201300647366218,0.052798922762338676,0.05359985000298659,0.0544128169313591,0.05524483619423133,0.05609503438484443,0.05696225332075078,0.05784095197694643,0.0587290104041345,0.05963329826513386,0.06055408032030011,0.06148995170049809,0.062435273516296776,0.06338653147950762,0.06434945435348706,0.06532272904846599,0.06630510437388494,0.06729083016405732,0.06827985982291664,0.06927693446549477,0.07028086112946466,0.07129128620653533,0.07230193331395635,0.07331297954198157,0.0743273392803982,0.07534398583692424,0.076334713640407,0.07727113958846643,0.07815866941181848,0.07900048035747771,0.07979938511333154,0.08052851982520358,0.0811335065375236,0.08170918482516938,0.0822570808239272,0.08277863602165741,0.08327521281780478,0.08374809984420654,0.08419851374657983,0.0846276062263229,0.08503646503495634,0.08542611841573854,0.08579753870895945,0.08615164468683337,0.08648930607570313,0.08681134568741024,0.08711853986076587,0.08741162534908833,0.0876912981698894,0.0879582181512094,0.08821300870216629,0.0884562605650756,0.0886885332238586,0.08891035755275878,0.08912223483148804,0.08932464210764296,0.08951802985233,0.08970282648183625,0.08987943858555812,0.09004825008697005,0.09020962783983139,0.09036391814033974
MEX,Fifth,8.125396266592462,8.28507041265883,8.44822251708957,8.6196006180243,8.80209620005493,8.9958291077117,9.19668079635769,9.404235930727735,9.620487857454487,9.845231028890689,10.177828509156058,10.425899566004409,10.679115153464767,10.94509871470104,11.221684969170044,11.511066174059284,11.808502334493905,12.118016128379882,12.44242867894585,12.782431046997953,13.138682137812616,13.507227760517265,13.889280710202275,14.286899941567565,14.70044110129865,15.129651369232343,15.568931288233447,16.023841096082005,16.4976499630145,16.992950021493492,17.510602438187238,18.045947133045708,18.60027205934286,19.176111188430646,19.773121963925163,20.391102430458222,21.022055338200126,21.6743005889651,22.350714108052586,23.05113895578995,23.778290852903886,24.518686212941244,25.282798147770336,26.071274214196674,26.884589309744445,27.71240483707144,28.532843981251926,29.355514288750168,30.183535416102067,31.018943051929558,31.863493680513397,32.71497994091247,33.57402737213016,34.44061886083856,35.31584589025913,36.200138865060744,37.077743910736565,37.963288687080954,38.85431684921351,39.75447722970605,40.68884368312192,41.61997523283455,42.56204659044969,43.516170836108245,44.482383866666765,45.46129849146249,46.43647194665185,47.420617279217964,48.413639724779834,49.4151044451803,50.423895589744404,51.42236259739566,52.42888277257332,53.44764451421116,54.48320190142154,55.53372800555061,56.575744855095245,57.6281367861026,58.69009372110307,59.76096714471864,60.83889320462511,0.05184773717722606,0.052319861647215415,0.05281171895421008,0.05333204339718779,0.05388008338856943,0.054452538095087905,0.055043078628871187,0.05563322115685721,0.05623566968900278,0.05684742406262026,0.05745877741008367,0.05807541729774309,0.05868080367258031,0.0593172556185911,0.05997402809082822,0.060651061322608994,0.061343724302459955,0.062045970050305835,0.06276692646745874,0.06350538384994363,0.06426084296700446,0.06502613392518132,0.06579822964875591,0.06658348447939275,0.06738072812162141,0.06818853296945006,0.06900142032928337,0.0698172543156581,0.07064205367463881,0.07147571068313781,0.07231659712614665,0.07315930922110044,0.0740005323992849,0.0748450669089387,0.07569144184817747,0.07653827109799578,0.07738032155189277,0.07821744225893845,0.0790533901548542,0.0798868617292953,0.08071727739581419,0.08153917609874148,0.08235260453478419,0.08315966541754839,0.08395927297270533,0.08472946163241367,0.08544908877792985,0.08612354031297768,0.08675628515189379,0.08735038784811205,0.087886255143816,0.08832412387469782,0.08873708339931055,0.08912670170669428,0.08949444054018858,0.08984166257235925,0.09016963872962942,0.09047955335550728,0.09077251233083318,0.09104954835021635,0.091311623277885,0.09155963687506127,0.09179443035474735,0.09201678702330152,0.09222744151145836,0.09242708052566825,0.0926163444114674,0.09279583388236198,0.09296611095348145,0.09312770169134035,0.09328109881223201,0.09342676532402648,0.09356513192461195,0.09369660661319129,0.09382156897891317,0.0939403768551731,0.09405336562125603,0.09416084993643976,0.09426312692961629,0.09436047494381247,0.09445315576954494
MEX,Sixth,10.627555881904161,10.826795576466145,11.029605125746187,11.241395555092456,11.465598509102474,11.702398987344031,11.94641333880818,12.198253930856591,12.459881297493588,12.73111758259909,12.937876016185243,13.211986808446555,13.492764418060075,13.788255735179082,14.09666858139569,14.41950981056769,14.753366388299655,15.101665842560616,15.467166775189012,15.849821463442284,16.251673541240635,16.662036909287483,17.088758776363726,17.53310959278463,17.995384656792506,18.475361707803497,18.966506041854778,19.475057756314953,20.00393834009149,20.556333055672823,21.13261599421678,21.72393459461502,22.334428013114305,22.96632614948597,23.618969872196224,24.29187397565299,24.97519867175133,25.67877722584872,26.40521315933329,27.154058564417525,27.92760055107442,28.712452623555322,29.51903334060767,30.347571626286243,31.197889413734007,32.06191029172587,32.91785691980201,33.77756179019736,34.6441404962277,35.520520434323245,36.408765408638864,37.296421418801366,38.193629518790345,39.099826963741435,40.01627530644572,40.94351408533472,41.865529143479385,42.79648624632598,43.7354735212004,44.68322253349565,45.64239552778268,46.59783041869094,47.56543791353312,48.54644101170902,49.540907217180056,50.54951476964376,51.55401021864098,52.568682568411624,53.59345846591828,54.62790031305665,55.67084926484476,56.70278779609552,57.74399884241468,58.79893121392663,59.872416224147216,60.962533995339996,62.04359390800985,63.13641368191502,64.2401524669565,65.35413602136703,66.47641135150846,0.06857076423528251,0.0690490351014474,0.06954574397890219,0.07006939890926467,0.07061872429552252,0.07118997185194464,0.07177662907664754,0.07235974112880532,0.07295195754378571,0.07355009997210235,0.07414472602683295,0.0747410994283959,0.075323030557736,0.0759316474411005,0.07655607500326421,0.0771958225025614,0.07784625308759777,0.07850114049283036,0.07916878729658965,0.0798476501047461,0.08053682001444658,0.08122957109899648,0.08192266082519942,0.08262158254349324,0.083324898529351,0.08403097600420717,0.08473483399539056,0.08543417383833043,0.08613391544399619,0.08683352078512847,0.08753121152958927,0.08822229718981513,0.08890371286939568,0.08957914461013597,0.09024709639667737,0.09090616519117979,0.09155218094715979,0.09218466447982637,0.09280624782138078,0.09341564911620676,0.0940120911431351,0.09459161125300354,0.09515388952631233,0.09570020567202514,0.09622954022546315,0.09672731928847153,0.09718104065643302,0.09759560388304478,0.09797457255753557,0.09832109895728408,0.09862734402429733,0.09887751957637951,0.09910854734927302,0.09932195276874117,0.09951913554071573,0.09970138127031566,0.09986986881756271,0.10002568250192544,0.10016981854969603,0.10030319089851003,0.10042664057078299,0.10054094161609008,0.10064680411938574,0.10074488166773342,0.10083577580422713,0.10092003942978546,0.10099818222116726,0.10107067252659978,0.10113794218343461,0.10120038716137342,0.1012583755347114,0.10131224262520985,0.10136230042363885,0.10140883378865993,0.10145210759595001,0.10149236501274526,0.1015298306424039,0.10156470963350403,0.10159719562825474,0.101627462759843,0.1016556751118419
MEX,Seventh,13.391003242595515,13.629070073403653,13.870204774755493,14.120350913265996,14.383520449894432,14.66000183313052,14.943012426860856,15.234786142274997,15.536942059877777,15.849374258519351,16.137077628192593,16.45720647538623,16.785131086877776,17.127548914751795,17.48270284805583,17.852453642991687,18.231515581208793,18.625317527601283,19.03628630589644,19.464410795715224,19.911492844326656,20.366059975500523,20.83643687729536,21.32348660864518,21.82733406368002,22.347470088968436,22.875624771017822,23.41982394434638,23.982567816610842,24.567036817752687,25.173466440741983,25.792212913783327,26.427896435851835,27.082095536527028,27.7537480780934,28.44202262955926,29.135282978954095,29.845016688008236,30.573063565559153,31.318537264934438,32.083686588684586,32.85205282921926,33.636329445381556,34.435695175505835,35.24965841622411,36.07325754461545,36.88680311537531,37.70357058593195,38.52712863278033,39.36044650169763,40.20566189361753,41.05218719394746,41.90858482063505,42.77452345224974,43.65136345860667,44.5396949375589,45.42157883083025,46.31331726979555,47.21338802474018,48.123726079897345,49.05574218277341,49.984029950070976,50.92569061990559,51.881998414531864,52.853022100324836,53.839462088360285,54.82188652097705,55.815605998955625,56.82054634559181,57.836256194956405,58.861537063253344,59.875738653010785,60.900300566261464,61.939811520056836,62.99924208566662,64.0766005666991,65.14492367059434,66.22614145809248,67.31938069633478,68.42394391400168,69.53781805871616,0.08726167049015664,0.08769403268151338,0.08814049434236686,0.08860832685874039,0.08909595383379158,0.08959960835941097,0.0901131271164302,0.09061986182383976,0.09113064238245668,0.09164252351106499,0.09214729339843902,0.09264942105024586,0.09313539796876992,0.09363917243047934,0.09415121597590957,0.09467066378631782,0.09519327600433955,0.09571379734812212,0.09623841045108543,0.0967653960728577,0.09729355065757822,0.09781723010967311,0.0983337572564563,0.09884682109964268,0.09935489698508769,0.09985634267850826,0.1003471993441063,0.10082567140368555,0.10129474715179827,0.10175359248475717,0.10220055161378132,0.10263218076844002,0.10304635984427908,0.10344499687576691,0.10382678524845158,0.10419052502236888,0.1045335776256399,0.10485557957917302,0.1051575437767232,0.10543842476059634,0.1056974526341771,0.10593252892058527,0.10614340554078039,0.10633023906178228,0.10649227959542232,0.10662554812056568,0.10672879474289873,0.1068059392913288,0.10686016601595634,0.10689427281081935,0.10691010981369657,0.10691124785112849,0.10690275436880897,0.10688586457654159,0.10686168747012705,0.10683121712176083,0.10679534278374894,0.10675486103523397,0.10671048351526677,0.10666284546709458,0.1066125142463935,0.10655999654910828,0.10650574229679918,0.10645015047185867,0.10639357696177007,0.1063363356039596,0.10627870316560664,0.10622092548219499,0.10616321702537396,0.10610576515955103,0.10604873444570743,0.10599226720177832,0.10593648606080343,0.10588149726373129,0.10582739099361413,0.10577424274529118,0.10572211540859822,0.1056710622617465,0.10562112504545475,0.10557233713367639,0.10552472394347161
MEX,Eighth,18.260397979759773,18.565414394590544,18.87254722847314,19.18853609891203,19.51836044779321,19.86252233754462,20.21180885492467,20.57149567394101,20.94253898225259,21.32499461088287,21.62852565444918,22.011960037991763,22.40553066369186,22.813739840636828,23.23530821607901,23.672087392220504,24.117311352120627,24.578656529659636,25.057926431525175,25.55474826616196,26.071447874055863,26.59176073993367,27.12862188053636,27.681843242294946,28.25135610999034,28.836393216837443,29.426153508363754,30.03129390967735,30.653523719574736,31.296383130012366,31.959743113482084,32.63076246710084,33.316456160921064,34.017462909952094,34.732199391791006,35.45941074665558,36.18448250502894,36.921817952440314,37.67229723012824,38.43454732814891,39.210693583337914,39.98101819834312,40.76102179530332,41.54866060246032,42.342966780883366,43.14396749848715,43.93429436810417,44.73000616875477,45.53504203994059,46.352791126277566,47.185526418972344,48.01884367493812,48.86486707931529,49.7231438243833,50.5951587420386,51.48154686673558,52.36189071172608,53.254651966392224,54.15842774220133,55.07481815486631,56.0124939724211,56.9467971006286,57.89720500620599,58.86507430010668,59.850458090977945,60.85408875175492,61.853988957198865,62.86761405078403,63.89487179289327,64.93526853643053,65.9875085933721,67.02836776047825,68.08183475599306,69.15279710888349,70.24654308581341,71.3609346226979,72.46602119408871,73.58631135380493,74.72086732724671,75.86893658244261,77.02837033735585,0.12064205947477186,0.12094258880359757,0.12124971922981542,0.12156777655931587,0.12189454655467036,0.12222654939543341,0.12255934009870753,0.12288078638693065,0.12319805113478344,0.12350883288013031,0.12380830870964454,0.12409855692537344,0.12437138257917478,0.12464692065834125,0.12491861080732794,0.12518503668398356,0.12544344306475233,0.12569003081915647,0.12592727520673047,0.12615344153400757,0.12636698856936798,0.12656519598276128,0.1267459579209829,0.1269100706819821,0.12705611040194378,0.1271827037476507,0.12728835360869348,0.12737168911558153,0.1274326200378166,0.1274699001702747,0.12748230619773007,0.12746910487415392,0.1274295481507327,0.12736285674729128,0.1272682712681428,0.12714512457836866,0.12699384364149727,0.12681373731891804,0.12660345344875296,0.126362500047303,0.1260901665756362,0.12578797898223035,0.12545527198688616,0.12509072153706569,0.12469409641817224,0.12427669883997404,0.12385363552101335,0.12342644930988533,0.12299724809015103,0.12256787266815954,0.12215985891520732,0.12181674045798126,0.12147854186836038,0.12114592205385427,0.12081942541508672,0.12049949659809929,0.12018649426573012,0.11988069908080717,0.11958232780880768,0.11929153578801087,0.1190084307783122,0.11873307282539824,0.11846548755773191,0.11820566532162725,0.11795356805336198,0.11770913412211026,0.1174722796297341,0.11724290513769334,0.11702089252383305,0.11680611573341736,0.11659843499813376,0.11639770340246666,0.11620376742595638,0.1160164667386013,0.11583563892731,0.11566111830857101,0.1154927368673042,0.11533032542273809,0.11517371561759418,0.11502273795407142,0.11487722530798099
MEX,Ninth,24.61851092264576,24.99461638274367,25.369604758159625,25.75069245961867,26.144160164771403,26.55093161257141,26.958643526988027,27.378118512781374,27.808474174883642,28.250131674069547,29.070078498436736,29.56654160959277,30.075059409499875,30.59225751651072,31.11682432703647,31.6531780224,32.18503256338903,32.72927001374535,33.286122013053586,33.85674193110921,34.44011000121643,35.029127446758075,35.62708658394406,36.23341769118101,36.84761738591664,37.467907471848065,38.078747488564076,38.69665674200753,39.32221769112285,39.95800280524913,40.60442226519111,41.253481337968246,41.909229618096866,42.57040500279306,43.23473715529574,43.90045235638056,44.54985768938333,45.20111190580099,45.85291139270188,46.50311136700155,47.1548065516626,47.77704201025017,48.394280015452935,49.00170716975105,49.598810418900044,50.193180637637866,50.77459857235801,51.3601393529629,51.955142723138316,52.56127334555906,53.180287983382904,53.82309079037687,54.478477189519886,55.14767075181163,55.83205197259721,56.53209844960978,57.22043602203348,57.92428172968406,58.63702966664532,59.36995838198824,60.204979787010565,61.038519195699976,61.891402902871945,62.764921994086755,63.659012474893856,64.57431828788373,65.48744660002568,66.41693972574141,67.36261884514464,68.32389236241494,69.29935025792552,70.26453570922085,71.24458899892646,72.24446114480517,73.26949926714065,74.31742908320219,75.35705286329053,76.41389911644649,77.4869502702943,78.57538415814574,79.67695565183885,0.16489366387518536,0.16484931795746277,0.1647932626923615,0.1647230224978193,0.16463693371676752,0.16453380371740278,0.16441326618603283,0.16427867646078823,0.1641266824145629,0.1639573193063858,0.16377290964361946,0.16357171202685603,0.16335954211819928,0.16312042346597236,0.16285652124517971,0.16256627830126916,0.16225011058252267,0.1619099466764536,0.16154002761093214,0.1611393541994925,0.16070662049836204,0.16024440522555666,0.15975392154495932,0.15922991983214418,0.15867178744750526,0.15807917989285583,0.15745488359572898,0.15680013790115624,0.1561090584755383,0.1553804615276307,0.15461445415593233,0.1538147231104409,0.15298402985209658,0.15211675756131335,0.15121334027175565,0.15027426619313847,0.14930440229172748,0.14830392444738502,0.14726754065225797,0.1461958547732754,0.145088694656689,0.14395222144924008,0.14278642297220512,0.14158748641071944,0.14035613567483946,0.1391277186401264,0.13794065450654802,0.1367922393724067,0.13568179831315938,0.13460867557555592,0.13360917054756824,0.1327563254127745,0.13193386837260404,0.1311410726453323,0.130377177130933,0.12964139569997865,0.12893292729031464,0.12825096093471844,0.12759468125035867,0.1269632750321345,0.12635593482687763,0.12577186102867366,0.1252102651502033,0.12467037338026286,0.12415142531061053,0.12365267777397315,0.12317340634606512,0.12271290410081524,0.12227048279270299,0.12184547427120224,0.12143722985497914,0.12104512016140698,0.12066853688961167,0.12030688998489614,0.11995960966811602,0.11962614350497613,0.11930596106311363,0.11899854779495704,0.11870340769360319,0.11842006352682688,0.11814805392453379
MEX,Tenth,58.050008488200966,58.73071601278494,59.3866604429491,60.02494805366029,60.658873699805376,61.29269989444103,61.898253072445684,62.52219792483109,63.150623503029905,63.786854147125624,64.02857212136911,64.610743077134,65.22408891482968,65.82332633384688,66.41825908654789,67.01091810399866,67.58180217262722,68.16418350553879,68.74764433925169,69.32996818870457,69.9165330885767,70.4612276091961,71.01266797871598,71.55791461993442,72.09609748742722,72.62533965548342,73.11863882724971,73.60969968459156,74.08987524846131,74.56503344583632,75.0339090652511,75.4670222112587,75.890584497417,76.29535055059416,76.67787139548015,77.03581858431146,77.33944195305028,77.62406440488915,77.88208949308341,78.11106792062999,78.31404042654638,78.4551722726007,78.57014434967842,78.6490996191435,78.69083672945187,78.7425627299225,78.81736379661396,78.94199648707243,79.11910267406232,79.35090122072954,79.63750390744516,79.94747769852205,80.30523406849265,80.70809513747017,81.1562824732512,81.64899494523652,82.15321133293843,82.69627675584914,83.27562291407689,83.89120394837721,84.54590435825945,85.21025025506522,85.91261890533997,86.65382130835195,87.43307285264203,88.25048670073502,89.07354715521203,89.92762630873443,90.81201113736256,91.72552710907546,92.66606155663376,93.60033478137483,94.56150215730486,95.55506550349678,96.58698715615641,97.65427477246575,98.71595202121802,99.80562739784891,100.92186142723729,102.06345653106592,103.22757282387118,0.40524243861164155,0.4021779017582536,0.3989951631957428,0.39563930960246335,0.39211759232213717,0.38845321311698516,0.3846877025339047,0.3809407117379677,0.37713106971608384,0.37327837687991616,0.3694433694327189,0.36559077531714396,0.3618238994738798,0.3578781076716124,0.3538218896422881,0.34965679831576035,0.34541194587786367,0.34112541584051226,0.33674169656382136,0.33226885727510513,0.32771054077554873,0.3231099236106132,0.31848547870493915,0.3137988165088748,0.30905688949983096,0.30426797059768157,0.29946388272651664,0.29465676502004323,0.28981030509746736,0.28492447197009346,0.2800079512253615,0.2750910826303066,0.27019196204889284,0.265281148359462,0.26036568308229213,0.2554519775392533,0.2505685254029682,0.24571443185838066,0.2408658881057944,0.23602831991255438,0.23120284357756254,0.22641876962605603,0.22167353025788816,0.21695231053536376,0.21225874137907302,0.20771976511644422,0.2034597376930798,0.19944769380800392,0.195664090498973,0.19209187348365087,0.18885098992796642,0.1861869400469043,0.18366135716719115,0.18126585424166516,0.1789926499914283,0.17683451742548842,0.17478473979691134,0.1728370637132374,0.17098566522294562,0.16922511114610053,0.1675503298122112,0.1659565831933639,0.1644394401737389,0.16299475352631632,0.1616186372245874,0.1603074480478505,0.1590577697661723,0.15786638997371502,0.15673029452955153,0.15564664617782062,0.15461277598214787,0.15362617008349538,0.15268445971927458,0.15178541317744731,0.15092692136602395,0.15010699671558692,0.14932376059829996,0.14857543666102865,0.14786034599360018,0.147176900028613,0.14652359566676545
NGA,First,0.6685283255402298,0.6760935181146951,0.6830027468546088,0.6904619647578013,0.6993560159844765,0.709821617550653,0.7200986785057074,0.7315869655340483,0.7444307907706997,0.7587134623246425,0.7924071917232169,0.8124737575421253,0.8352446594666385,0.8607524141006382,0.8882594489538624,0.9183933733347956,0.9493558801357218,0.9831544322162455,1.0202819238635012,1.0609689130162694,1.1045611739360723,1.1471729689894226,1.1926984102301683,1.2414530907002013,1.2935117133670895,1.3477525113575743,1.3983679411004015,1.4515526601478852,1.5109564440990089,1.5812563790151888,1.6569210141154918,1.7353824573065428,1.8181904670395355,1.9058002999191967,1.998151984884851,2.095067650260809,2.193613005591374,2.2970665219911965,2.4063272174337835,2.5213882662223788,2.643182270886792,2.7561970712171338,2.8687229683790663,2.9856655786605324,3.107040282545423,3.2402504933997247,3.381605425844491,3.531707264141932,3.6877718260656613,3.8500376948395876,4.015024774174102,4.177225242425819,4.34580943090781,4.52092103384524,4.703160082943414,4.89281749155248,5.084547832752258,5.282718234894871,5.487069578738756,5.698294850517013,5.92011826213595,6.14515496191482,6.378605153953678,6.621645671019652,6.874438779265293,7.137503837106519,7.404794763449542,7.680258620536394,7.964325623364562,8.244379062822757,8.522456213910148,8.799125511782323,9.081082931209705,9.371147051726073,9.672382160778483,9.983607091992171,10.295781212033866,10.614782334048572,10.940376223868988,11.272094532157503,11.608603998833008,0.007147582575640016,0.007226967427559443,0.007305734923660896,0.007389184293859902,0.007479597219209786,0.007577578396530676,0.0076731800714552835,0.007773303386657053,0.007881189307048614,0.00799728626699319,0.008120909512282396,0.008272730934075146,0.008445380511356567,0.008640371523607178,0.008848640667523711,0.00907155609432224,0.00929988188059085,0.009540878006322905,0.009798094376731223,0.010071834052703415,0.010352350357248415,0.010604106321581559,0.01086647523491515,0.011142319012503043,0.011431545857843069,0.0117237632224005,0.01197378019025503,0.012230402070281846,0.012524307431247958,0.012890286945084477,0.013271223653256588,0.013656502383523846,0.014052119468995436,0.014460093230410828,0.014879961172479748,0.015311152027094535,0.01574334227796754,0.016184734176992805,0.016637858895302622,0.017102399405740237,0.017579225925679048,0.017981693682350936,0.018357011044281293,0.018738006474604045,0.019124487255521964,0.019557469830350425,0.020026868452265895,0.020522929063041182,0.021024349108551374,0.02152729899672934,0.022011910531049873,0.022460194985905686,0.022913158500785458,0.023372209321665505,0.023837730656788705,0.02430983452185349,0.024778077691927258,0.025250199992704864,0.025727075398556103,0.02620901238134242,0.02669753958165983,0.027182577762540527,0.027672125811255992,0.02816804894023875,0.02867028917442758,0.029179031185652297,0.029684737206798813,0.030193990041198358,0.03070786611853759,0.031191508055239504,0.03165431860124391,0.03204364758724262,0.032219366931681565,0.03239536186861073,0.0325717639146532,0.03274868073616347,0.032924650085718016,0.03310049368510225,0.03327712095802706,0.033454638434063384,0.03363316081024898
NGA,Second,1.260642998173798,1.2763113357445173,1.291263312498505,1.3072755988911904,1.3256706697670557,1.346700384286908,1.3671220792193655,1.3897486714131746,1.4148493777958535,1.4426112873597061,1.4764996997959712,1.5105432107136054,1.5492520215288137,1.5927928681476249,1.6402227941310388,1.6923832722286483,1.7463034197983496,1.8053768082030686,1.870347694669095,1.9415060264449167,2.0181492904091765,2.093375125031798,2.174134290702978,2.260839566413312,2.35364240954721,2.4510429183959195,2.5441063623882445,2.6422517486633534,2.7505876717036255,2.8757288053403705,3.0099439930519907,3.1482512945589516,3.2940023584308,3.447861880796414,3.6097663570498097,3.779494001921312,3.9517455336196026,4.132143514317537,4.32197058732873,4.521245516606033,4.731245172235745,4.929851050883114,5.129453335141722,5.33673336714945,5.551713863604283,5.784388348671954,6.027932081795443,6.284675045839299,6.5509098646606585,6.827116133182879,7.10881107779668,7.385703702756417,7.672624982440963,7.969689626481307,8.277738250767436,8.597185268128513,8.918983629042103,9.250496487938115,9.591552553056758,9.94271641892399,10.306246101536177,10.673097035231683,11.052118890205673,11.444888325193048,11.851627932465833,12.273039209435549,12.698724808594934,13.13592730756255,13.585180874962763,14.030682617948857,14.475018851701961,14.915945513473682,15.364542823081052,15.824659472767475,16.300443788132,16.79034804905173,17.279782268897208,17.77885062489781,18.287227364878753,18.804305309781,19.328317502792455,0.016371519968048073,0.016506328072186986,0.016639641830878772,0.01678063694569314,0.0169330703872359,0.017097833510992252,0.017258125786127013,0.017425264709146526,0.01760479736314242,0.017797311292689043,0.018001518133853957,0.01825326041429486,0.01853853202929368,0.01885930908561673,0.01919963831416654,0.019561319485327886,0.019929269579547,0.02031457893579572,0.020722644303423198,0.021153435907006347,0.021590697149349084,0.02197834010600168,0.022379224877878814,0.022797609883728434,0.023232986453685867,0.02366892197260795,0.024036609120265614,0.024411397025454643,0.024839724192780365,0.025372742155532577,0.025922587208049918,0.026473933246194483,0.027034979821396018,0.027608427890885547,0.02819333896578902,0.028788666759187734,0.029380307720932815,0.029979165122256665,0.030588535594703953,0.031207754664689922,0.031837698103955404,0.0323616818992194,0.03284492037000033,0.0333321216071423,0.0338229687678366,0.0343713816673827,0.0349637019599577,0.03558563986742608,0.036209046931879284,0.03682893238532405,0.03742024245950549,0.03796175636476273,0.03850506607189174,0.039051913976367154,0.03960266982334004,0.0401573897623038,0.040704047945161595,0.04125152383080615,0.04180088860163239,0.042352451592564205,0.04290785611703903,0.04345588123137234,0.044005379671168875,0.04455844443106173,0.0451149423045209,0.04567500053081009,0.04622836921540989,0.04678210339821229,0.04733740241010128,0.04785549829438014,0.048347488839828166,0.04876115375907235,0.048954304310139064,0.04914735771078608,0.04934045685661293,0.04953371755497282,0.04972554947540282,0.04991685102183531,0.05010861161773709,0.050300945476420424,0.050493972158377386
NGA,Third,1.6459722212270265,1.6670554518551766,1.6874385495935598,1.709192692288753,1.733889021328,1.7618530658580087,1.788895539801666,1.818788047832849,1.851849084863412,1.8883356581841995,1.924702794481439,1.9676276727371689,2.016281489426973,2.070890392483772,2.130504631980507,2.1960893333496867,2.2638772155263998,2.338199332084437,2.4199000688911365,2.509300643552582,2.605795818328543,2.70105250698784,2.8034147951285835,2.913306132559855,3.0309141552503203,3.1546738634331346,3.2743376077842625,3.4006462125888115,3.539014376757646,3.696500527274763,3.8650583174901754,4.038233601301399,4.220509343192898,4.412610007491662,4.614451085138236,4.825768274875461,5.039792161446488,5.263571917554084,5.498528247390948,5.744667904742028,6.003423019213252,6.250761662789978,6.500647299480581,6.759918471510597,7.0285977028427,7.316910160678126,7.616024814286231,7.929784161961137,8.254582029228787,8.591145062815533,8.935108925625904,9.2738604326481,9.624291004446738,9.986426898883067,10.361207273066967,10.749081684743958,11.138855315706914,11.539659219703994,11.95128490217797,12.374216066630947,12.810040657377344,13.248519977958555,13.700556740415985,14.167832409233643,14.65056443144696,15.149505620113034,15.651835929397823,16.16665773998034,16.694463146675574,17.21973064538828,17.744891490669282,18.265058192667762,18.793690106919357,19.335082642923688,19.893879494137988,20.468346065078094,21.041011293165823,21.624232798493,22.217576987639788,22.820354396835175,23.43057953826347,0.023262024021049148,0.02342528880167863,0.02358652521091445,0.023756676879229253,0.023940229790088904,0.02413819523180028,0.024330384255989757,0.024530505334854163,0.02474499858278276,0.024974489600380206,0.025217359497146544,0.02551478056771832,0.02585052510896101,0.026226531195688723,0.026624108190338103,0.02704514584730607,0.02747183468074495,0.02791712175807897,0.028386917179445196,0.02888090865288558,0.029380623841234,0.029822991560482296,0.030278926739707945,0.03075298036353625,0.03124438141983258,0.031734853142217904,0.03214867370319516,0.032569241900819404,0.03304702253082177,0.03363680731355836,0.03424244406840007,0.03484683122635776,0.03545907427153248,0.036081935501695056,0.03671425708482591,0.037354777630681596,0.037988192456928235,0.038626376531048556,0.03927270980466604,0.0399263730966503,0.04058819984887021,0.04113836249258982,0.04164502333119541,0.04215403476332959,0.04266504214532419,0.0432323601683967,0.043841145460984415,0.0444769612261724,0.04511150542630621,0.04573990479627904,0.046337578183031136,0.04688367480873997,0.04742957215243548,0.047976947245826664,0.04852615530302809,0.049077225388554364,0.049618130908024936,0.05015785718597543,0.050697414137155714,0.051237102669113715,0.05177854334902545,0.05231070800853775,0.052842390262405926,0.05337557281207179,0.053910104937950246,0.05444609110243398,0.05497361349579375,0.05549957519075624,0.0560250868648426,0.05651454354592752,0.056978438243289596,0.05736614350085229,0.05754233007006863,0.057718189705755554,0.05789385184050674,0.05806942404224014,0.05824346266985895,0.05841678819357194,0.05859029746350989,0.05876409144193863,0.05893827816942848
NGA,Fourth,2.1755860050788547,2.2042205816887055,2.2322168759583896,2.2620188634982985,2.295512777651302,2.333125028882975,2.3693686773973432,2.4093412944353463,2.4534363796102308,2.502009574618358,2.553541747244899,2.6101172952234784,2.6738642511019863,2.745069693998693,2.822759450346298,2.908122701083107,2.996098640891235,3.092460007029166,3.1981945071427136,3.313715831933688,3.4384620957563907,3.5624155593879423,3.695541152342412,3.8383207815797094,3.990990622256649,4.151882900755254,4.308833037644281,4.474499462786205,4.654742944456292,4.857219347333497,5.07342355301853,5.295048581778317,5.528037179022192,5.773198465714705,6.030427939095161,6.29941874809853,6.571342684638705,6.855234719262364,7.152692449182077,7.463716132651385,7.789973012088415,8.104329839643453,8.423189844005664,8.753688216350898,9.095878650102646,9.460434208727825,9.835801766995344,10.22787133892688,10.6331149374121,11.052518125651002,11.481757826403083,11.905612106104117,12.34340668042114,12.795129929254955,13.261863583917963,13.744121959148917,14.227613860594898,14.724122694010273,15.23331008284981,15.755795552776643,16.293936128215012,16.833978505172357,17.389686529604976,17.962911529055727,18.55388961885483,19.163464353616956,19.775442018686448,20.40156943295224,21.042323242870683,21.68207975688068,22.323176877621616,22.957280608027922,23.60117068874422,24.25974984742031,24.938319076165946,25.634924658887883,26.328049316397745,27.03325818274994,27.750010470883947,28.477527192453113,29.213554373429815,0.033641128378560904,0.033834362389040105,0.034024870436376246,0.03422572626262564,0.03444215103104688,0.03467524851167333,0.03490119754260326,0.035135948175898074,0.03538714467502072,0.03565540797260854,0.035938741109181195,0.03628624966578333,0.0366777698464883,0.037115183818336325,0.03757605839256989,0.038062300840508066,0.03855328799667832,0.03906354821195412,0.039599681927744684,0.04016101482673622,0.04072601397287026,0.04122303358273038,0.04173320825497092,0.04226157494112628,0.042807057339772615,0.0433489199003907,0.043802772470123,0.04426232359354133,0.04478366746390478,0.04542673771149905,0.046083864379881656,0.046736535948977816,0.04739441920275032,0.048060431596019464,0.04873321549410023,0.04941133458074161,0.050078730133306326,0.05074779152916499,0.05142203852150313,0.0521005312746167,0.05278403049814194,0.05334772444079761,0.05386370729632672,0.05438006860890984,0.054896438298826296,0.05546866491020144,0.056081243906847336,0.056718559175350076,0.057351507850610675,0.05797516266606429,0.058564917157704996,0.05910069596294906,0.05963405265040778,0.06016668158131881,0.060698912766849016,0.06123076005404642,0.061750776633729056,0.06226755654967033,0.06278212144651374,0.06329476310540458,0.06380699270893217,0.06430852639608665,0.06480759021887295,0.06530607059335887,0.06580381551825032,0.06630090619030576,0.06678829638447643,0.06727232048226175,0.06775403870424603,0.06820033265829341,0.068621327506757,0.06897294487034271,0.06913576226246572,0.06929806142043339,0.06945996363141314,0.0696215679276668,0.06978154876409971,0.06994066405008335,0.07009973861811777,0.07025886389123305,0.07041813710992151
NGA,Fifth,2.686509092537649,2.722510843952005,2.757966994365797,2.79563127093827,2.837673064461451,2.884614985374584,2.9297307082248043,2.979423743046248,3.03413538059909,3.094317954529892,3.1800409369789735,3.251690925248391,3.331720043349211,3.420407502582273,3.516809439661039,3.622420496487692,3.730617634193139,3.8488237933626497,3.978129069631902,4.119102262895761,4.271184665232749,4.423554343970113,4.586837598142016,4.761590051120773,4.948077724491342,5.144629309243158,5.337605695758043,5.541103916817252,5.760994407113681,6.004911690694956,6.2647024082746245,6.530582093423122,6.80969646664391,7.102880610773966,7.409992536837853,7.730670373237016,8.05409811758897,8.391215959270125,8.743704001508313,9.11152894660893,9.496586602051302,9.869945416473143,10.249894334354984,10.643175131245238,11.049900410369716,11.480205559553918,11.919949688651688,12.377235702005406,12.849116653033281,13.336828946125019,13.836561674992117,14.332103208778731,14.843171196208498,15.369750281515891,15.91303052428738,16.47356780888121,17.034072585520644,17.609044549698318,18.197784484456353,18.80140533278782,19.425786337225944,20.050937182940604,20.69317940730993,21.354440551654335,22.034951648346226,22.735609933428027,23.43723417955005,24.153934356427698,24.886112879829113,25.61939347234386,26.35571797086735,27.082995902636213,27.820915303670343,28.574844019735117,29.350605659439918,30.14606132762087,30.936237861870342,31.73948131326213,32.555118202852384,33.38228871649332,34.21851326306717,0.044506666509898936,0.04471930880857473,0.0449286736463055,0.045149058121246394,0.04538613625218879,0.04564103759673111,0.04588769510460911,0.04614357170538933,0.046416877525754914,0.04670819820062571,0.04701526831690294,0.047390606715557275,0.04781226120839527,0.048281847472466236,0.04877505859164895,0.049293699932584936,0.04981558137774044,0.05035609856715843,0.05092196563115646,0.05151217970196019,0.05210405423134456,0.05262317517805886,0.053154221878863,0.0537022283999167,0.054265886759664116,0.054823821542046056,0.05529008540464484,0.055760754682028166,0.05629248798680492,0.0569449325180319,0.05760863609759581,0.05826480305538047,0.05892320521359901,0.05958665533527801,0.06025370070323403,0.06092283233571085,0.06157820257722602,0.06223210554743884,0.0628879163067072,0.0635446550172978,0.06420299402771118,0.0647441791853904,0.06523801386758889,0.06573035999318894,0.06622085786797623,0.0667617464113205,0.06733775746709283,0.06793402042209287,0.06852338047864584,0.06910138572291784,0.0696456959456785,0.07013834570017244,0.07062674849399844,0.07111244580287482,0.07159573856148892,0.07207663653734646,0.07254481010947963,0.07300812140338633,0.07346749062414776,0.07392319440777828,0.07437658915211272,0.07481858352335594,0.07525654088051344,0.07569211256552355,0.07612516134549766,0.07655575711614712,0.07697606655508743,0.07739165431796924,0.07780344165983251,0.07818359902452844,0.07854096325925625,0.07883797795947944,0.07897374947224939,0.0791088696158924,0.07924343966940371,0.07937754258514365,0.07951008149377473,0.07964169134435507,0.0797730527039781,0.07990424180444859,0.08003533870778569
NGA,Sixth,3.419108134836999,3.4657753204383903,3.5120672723728052,3.5611471199918645,3.6155649190929173,3.6759807074463997,3.7338964261038394,3.7975996777880683,3.8676014268203387,3.9444947241669337,4.019012989952307,4.105289888678138,4.201762406303572,4.308859415227307,4.425825810785336,4.5542543846636985,4.686261670217587,4.830851746759013,4.9892278933174845,5.161945089031753,5.348897812931849,5.536639645477871,5.738327625078139,5.954438517930608,6.185308240586943,6.429376303087416,6.671357518916747,6.926924544830654,7.20183661028039,7.503771937978873,7.825094265853822,8.153111930110356,8.49728945774114,8.858516578388866,9.236625511610342,9.631202236324416,10.028760158217086,10.442780868299883,10.875112839153653,11.325719545131843,11.796675682519956,12.257722470556132,12.728960645036057,13.216654365983764,13.72089641411698,14.251157665321516,14.78961141998928,15.347607287634686,15.922860406378152,16.517156528602772,17.12744481840266,17.732682096393777,18.35623956690501,18.997862027645066,19.658880825282065,20.339905676219484,21.019976262187967,21.716570595717673,22.429082507319244,23.158157607422734,23.906133531541755,24.65330434048776,25.41964994217516,26.20721063767139,27.016225116077635,27.84767547090302,28.6781109497743,29.52506447833737,30.38885065132599,31.256762230290594,32.13020930320662,32.99177326982906,33.86529666999915,34.75678406101853,35.67276837319084,36.61088026643081,37.54120879061117,38.486110147233056,39.444748686904255,40.41616540871176,41.397587395263656,0.061342168988690784,0.06156740263358269,0.0617887346755508,0.062021540126566854,0.062271716924926605,0.06254033489011752,0.06279985456840963,0.06306835923264478,0.06335465942002344,0.06365922390298537,0.0639795469752475,0.06437241874262623,0.06481294573517841,0.06530235135298999,0.06581427674101258,0.06635023743725339,0.06688730620222667,0.0674407763051643,0.06801737953511312,0.06861571842913211,0.0692120012694788,0.06973059716985759,0.07025845512655782,0.07080057901438822,0.07135543667951146,0.07190131870466152,0.07235278059802056,0.07280638216066093,0.07331842314056403,0.07394697499624453,0.07458240136928924,0.0752068480440437,0.07582940094027274,0.07645272806312797,0.07707536940327815,0.07769584473270234,0.07829972536207161,0.07889817492790883,0.07949431539025201,0.080087199590955,0.08067734683704952,0.08115653998754861,0.08158973143905414,0.08201921308367978,0.08244467343960794,0.08291296467640069,0.08341024552211969,0.08392220223766561,0.08442450715894462,0.08491329885884714,0.08536935139507322,0.08577824929081436,0.0861809534672203,0.08657883560393644,0.08697214155914759,0.08736088471315324,0.08773694444319992,0.08810657543629156,0.08847060762048116,0.08882928105175109,0.0891836432501641,0.08952680253022702,0.0898643974034859,0.09019775258278968,0.09052676496509972,0.09085148597972507,0.09116621999713066,0.09147508512628533,0.0917788286796588,0.09205627158064292,0.09231460095590192,0.09252911581216103,0.09263123142815323,0.09273258544423241,0.09283325624993966,0.09293330796506148,0.093031927057198,0.09312959011795512,0.09322680522742381,0.09332362818945268,0.09342011667250748
NGA,Seventh,4.18467882873244,4.2425836559156584,4.300329418993754,4.361439283592549,4.428837041272101,4.503324992995141,4.574572355401726,4.652875322905045,4.7387758312568184,4.833015136700116,4.933499755772497,5.038820060506946,5.155929300507011,5.285287327486251,5.426407585389532,5.581167920053998,5.739763484388354,5.913350310286353,6.103196444891138,6.309973831256127,6.533941625044802,6.7603747206977856,7.003463583688115,7.263650450028759,7.541313164784168,7.83514238848519,8.128668033358757,8.438619376869893,8.769996490159295,9.129587084614077,9.511545268424467,9.90071975970863,10.30860317775035,10.736055161738435,11.182848740481086,11.648490614807148,12.116682158666288,12.603574211914268,13.111055729790376,13.639039611457985,14.18981895698353,14.733375544421076,15.291104913526693,15.867733225459837,16.463391326051298,17.085394791942598,17.712135480967536,18.358702467164598,19.024291266307284,19.711241415254214,20.41798755625752,21.121194011561965,21.844702359859706,22.588089602205347,23.352799055414867,24.139468967169957,24.923208084504186,25.724965377383462,26.543793955816838,27.380564620296468,28.23929338785358,29.09503056729638,29.97127768553289,30.870074326579054,31.79163749885972,32.73699242923816,33.67863399402836,34.63737572965479,35.61336041825301,36.59748395317648,37.590158798448726,38.56784529974538,39.55829352252051,40.56802097784302,41.604167310919216,42.66414824556754,43.71353960442723,44.778416306516874,45.857730289736814,46.9504218690212,48.05344811028187,0.08031459544331801,0.08053492250466525,0.08075101634649301,0.08097773557616131,0.08122074119360194,0.08148095724818966,0.08173169231748023,0.08199054398152557,0.08226577879376805,0.08255771109303346,0.08286380299754018,0.08323684430746435,0.08365317255541718,0.08411331861966698,0.08459227643080514,0.08509112692124479,0.08558823050711653,0.086097761723798,0.08662549151600665,0.08716973307514779,0.08770890067993385,0.08817578729399929,0.08864831804225505,0.08913065423107101,0.08962116331712736,0.09010084615392508,0.09049634273560908,0.0908915725455552,0.09133413214824104,0.09187175152828993,0.09241073237034764,0.09293579933675646,0.09345474554578927,0.0939696640333787,0.09447923822916258,0.0949821742661217,0.09546679620332887,0.09594232900515114,0.09641119208501386,0.09687257703149739,0.09732684048990532,0.09769313610350742,0.09802196685954605,0.09834511749139074,0.09866236654921813,0.0990073368663544,0.09936889148493025,0.0997363684086281,0.10009246107791463,0.10043468078159172,0.1007503346933067,0.10103037636459739,0.10130292471043663,0.10156891413997596,0.10182852842724033,0.10208179000102192,0.10232346895665813,0.10255779863816036,0.10278533317008341,0.10300626715476832,0.10322127919073408,0.10342624082782982,0.10362470798283256,0.10381747222838196,0.10400448498275022,0.10418578468079963,0.10435823592330833,0.10452426680795497,0.10468431868701114,0.1048279170895159,0.10495924591592623,0.10506593544088214,0.10511459655015197,0.10516248279217144,0.10520963405481046,0.10525608316054877,0.10530145868683914,0.10534598992604098,0.10538991121663613,0.10543324734912254,0.10547602317219784
NGA,Eighth,5.525386443334462,5.603136407500962,5.681166775094587,5.763577399740604,5.853905672890843,5.953202528722127,6.047934582493651,6.151932403767682,6.265797254398581,6.390533877928188,6.514201168242354,6.6503326798957945,6.80106148327698,6.966971391153968,7.1481201053828824,7.346746562533672,7.5500367775968265,7.772625513174225,8.015878881037224,8.280588848533812,8.567823355002187,8.860086565754694,9.173955757552129,9.509748520276734,9.8679303193233,10.247689343154695,10.630658972582284,11.035215388074965,11.464962144800339,11.925131815391453,12.413037270020142,12.908949832921108,13.42814968881539,13.971454839913433,14.538558700904593,15.128857991460555,15.72119808093179,16.336318863251247,16.976195283480383,17.640685873621734,18.332403538209366,19.022033744010496,19.73298634866532,20.467405102077198,21.225458463074776,22.01085211453678,22.795408063511974,23.600782093312638,24.428617628810432,25.28225380713411,26.16263102483216,27.04107651331966,27.94356788788838,28.869337833446334,29.820024430464596,30.79632728959843,31.76668846534636,32.75783289498116,33.76848079361226,34.79948061062365,35.85465220129169,36.903181022465304,37.97476182706609,39.07145808195868,40.193477842326004,41.3419454553925,42.482228078851186,43.64097814239769,44.818084597059936,46.01024041866136,47.21624334875683,48.402037999296255,49.60225033288721,50.82427165127693,52.07625645228529,53.35529736692164,54.61900469500713,55.9000721437399,57.19713029219322,58.50897316683871,59.832131205490725,0.11645692722575891,0.11662754111680881,0.11679398824914348,0.11696836757338029,0.11715482557174199,0.11735382408014296,0.11754478369115294,0.11774040255036786,0.11794744718408816,0.11816584943226098,0.11839343376434244,0.11867442754995124,0.11898653456891731,0.11932919521668733,0.11968146816567432,0.12004342895581879,0.12039945490026507,0.1207584842804531,0.12112436063452883,0.12149516488450358,0.12185444753583694,0.12215590262073925,0.12245530009441119,0.12275535317414922,0.12305455983390816,0.12333986730624757,0.1235646097768057,0.12378453560671,0.12402998180215988,0.12432879704606037,0.12461950938572679,0.12489424728141271,0.12515667590819793,0.12540792641462065,0.12564718712450915,0.12587374195089626,0.126082973357818,0.12627858824467245,0.1264617005935558,0.1266319043826661,0.12678917971062248,0.12690234448604515,0.1269943396761312,0.12707858851004797,0.12715506515038874,0.12723484837046972,0.12731359192102157,0.12738558924780963,0.12744528653990284,0.12749226398998878,0.12752446674817106,0.12754292611256784,0.12755317356587048,0.12755549448039305,0.12754991553011544,0.12753647117114988,0.1275160145556112,0.12748821351436762,0.1274532528713909,0.12741119771549475,0.1273619160214559,0.12730689564878836,0.12724518673719,0.1271766841125835,0.12710143238887178,0.12701943232920238,0.1269326560199333,0.12683996669652586,0.12674132727663578,0.12664256419797676,0.12654319351012266,0.1264586480523122,0.1264265425321394,0.1263937491589083,0.12636024993481645,0.12632602807195778,0.12629137970882956,0.1262561558519124,0.12622018122411097,0.12618343509831537,0.12614589249899016
NGA,Ninth,7.139415037384296,7.241246209492278,7.343970101279504,7.452199013639785,7.570158145566796,7.699193271032222,7.821970987153234,7.956692703451104,8.10389466229489,8.264901011574093,8.49765416768424,8.678340580060942,8.876134051112443,9.09146893795451,9.32534301978322,9.580813328184366,9.840160759089262,10.123293542943536,10.431523336994408,10.766056484542704,11.128843867661406,11.502641343334496,11.902911946451914,12.329865889683683,12.783994924375603,13.26552650879039,13.755608761525544,14.272641516018915,14.816621579302815,15.388246956946935,15.99230888393327,16.604874541030206,17.244893872575616,17.912894876044664,18.60839141329383,19.33057765170407,20.052490905526966,20.800368391099045,21.57594471527785,22.378897491793442,23.212276682653297,24.05272065321135,24.923953326436827,25.822120523947838,26.747551032622972,27.695578711268038,28.63036582953607,29.582467184585933,30.55863581972064,31.563464905712667,32.602821492537636,33.647936615095375,34.719262123364416,35.81574441695826,36.939169014135366,38.0902376261812,39.22937908126896,40.3908789817309,41.572072017986095,42.77531568131638,44.015834224900615,45.24400831376767,46.49613877277396,47.77402445211401,49.077790537170735,50.4085772957263,51.7243361580206,53.05788986041594,54.40861763919918,55.784922350708534,57.18248645497862,58.55332011737684,59.93913260988748,61.34800141472113,62.78900036878258,64.25888137682468,65.70742876230639,67.17397316779298,68.65664522913474,70.15406379144328,71.66232165413207,0.16418269279052258,0.16422934321497815,0.16427336154273142,0.16431730758686264,0.16436193680101768,0.16440694720085772,0.1644476433513553,0.16448725813495788,0.16452627749141358,0.1645641972323053,0.1646001190787368,0.16463554591092402,0.1646674026416708,0.1646932405001473,0.16471044035934715,0.164717668886706,0.16471353412713222,0.16469780963483835,0.16466870436636355,0.16462465820474376,0.16456737217720652,0.16450824670399739,0.1644370370974726,0.16435192404527377,0.16425211548417112,0.16414197383452883,0.16404444531466605,0.16393774069506045,0.1638041317446008,0.16361998819917975,0.16341597567386568,0.1631974876591045,0.16296185493318432,0.1627076725450599,0.16243517041301134,0.16214473085156952,0.16184337255466175,0.16152641757265412,0.16119207247844491,0.16084068046392666,0.16047176964500973,0.16016051574735543,0.15986919592826976,0.15956936095510965,0.15926128672870613,0.1589074765998383,0.15851494992323742,0.15809341304415056,0.157662899667062,0.1572275317689506,0.15680680430241398,0.1564174681692168,0.15602169109579245,0.15561821593856734,0.15520687332990185,0.15478770863594835,0.15436983763648277,0.15394697831810225,0.1535183525316555,0.15308384045601742,0.1526422791442192,0.15220258343643414,0.15175809230248768,0.15130714752373922,0.15084992618132093,0.15038639523132885,0.14992498691690917,0.14946018889676926,0.14899104775683938,0.14855196549979177,0.148133613913555,0.14777852759211438,0.1476059827167846,0.1474332217106134,0.1472601236223885,0.14708658625397253,0.14691404840106476,0.14674170846113702,0.14656868123962177,0.1463948663026903,0.14622015574957864
NGA,Tenth,15.175207207323323,15.398600839846749,15.626583114964243,15.865477508393955,16.122510514378806,16.400481342480255,16.66332743400051,16.951417700017373,17.26466667018105,17.606021380000985,17.898290773805794,18.24040077928392,18.611152400204457,19.01139908039128,19.449102100244207,19.928518213825072,20.415447581966745,20.94984056508653,21.532027941173425,22.163318179863715,22.854713396007728,23.581589547434664,24.362798750314532,25.19614786445282,26.082412348828193,27.029083450890305,28.023222468998046,29.07440914661097,30.15972829553336,31.253230434551295,32.40409594186516,33.561759402578204,34.76802655760911,36.02180190799115,37.32192471466136,38.666833683793755,40.00269069298695,41.38108323824605,42.8025704443599,44.26631724952569,45.77621193337371,47.35803852013189,49.02491918942252,50.739981444284986,52.503521775086355,54.26503816211831,55.95178308878363,57.64078883088053,59.365396931815404,61.1382752696686,62.992087607564976,64.87251633704317,66.79245068358782,68.74747680629287,70.73993837236011,72.77050650290245,74.76613094318863,76.7905274296705,78.83897334263533,80.91207466287658,83.01382164917287,85.07530782429583,87.16445089645488,89.28162140991186,91.42674874094405,93.60117329386092,95.72779358253568,97.869395639971,100.0230543491955,102.2563152793743,104.54897841214678,106.7848409120613,109.03912598232307,111.32270956762153,113.64849231030686,116.0120448569408,118.32641694277588,120.66270246533561,123.01685881553121,125.38689659943216,127.76722179703528,0.45277469409851256,0.4513285350309252,0.4499074531379455,0.44841376663437466,0.44680959482894156,0.4450880433329644,0.44342544331081746,0.4417048427885588,0.43987082965695734,0.4379203250061182,0.435869300614766,0.43336313519160513,0.4305554757943215,0.42743865121479313,0.4241780341469136,0.4207635155989278,0.41734161874795794,0.41381294257643597,0.41013476052948716,0.406315352265181,0.4025035387854976,0.3991778194625519,0.3957888326529673,0.39230477693430693,0.3887348668544836,0.38521571422097384,0.382289900686415,0.37934564971988793,0.3760261215588744,0.371960981586519,0.36784262579358656,0.36378701181824824,0.3597335246942825,0.3556644653895238,0.3515885614096099,0.3475147448652938,0.3435383573557589,0.3395843173427117,0.33563166032985037,0.33168592507195993,0.32774271491305534,0.3245138219751951,0.3215760901876063,0.3186531285125971,0.31574681379659375,0.31254575049928524,0.30914160390154277,0.30562431730766343,0.3021550557601826,0.2987595400333072,0.2955686985840651,0.2926863122402737,0.28983265929116125,0.28699834190907436,0.28418133404210016,0.2813812992146221,0.27865789111972555,0.2759651751305351,0.27329746359838336,0.2706528894657652,0.2680233614846575,0.2654612006348275,0.2629235887297867,0.26040069421025097,0.25789307820131063,0.25540011565359483,0.25296681828515205,0.2505608490420667,0.24817664184229482,0.24597580005370367,0.24390680925411923,0.24218590542554086,0.24139613372616647,0.24061012057259634,0.23982726022545525,0.23904706170227252,0.2382758936572142,0.2375100673480066,0.23674559973083747,0.23598204201231487,0.23521892495096397
RUS,First,5.474321933331433,5.579490591875766,5.684893969566598,5.792262848510815,5.901456379066154,6.012677660470106,6.118868536720263,6.226256123080717,6.3359272685032195,6.4480779383869695,6.808457832682712,6.948419114533682,7.089985990779869,7.233977407468391,7.372070538025072,7.507027497028561,7.628939303033501,7.750312395964092,7.871377530209282,7.993093246308718,8.1138808807886,8.228436770462304,8.341178488773572,8.452975152660999,8.563845444870015,8.673712790431425,8.771858156559944,8.869583783667592,8.966543125301653,9.062571141537374,9.157742038279054,9.248605187250828,9.339378977330155,9.430760896109902,9.522579855873666,9.615202457811902,9.700020856512332,9.784990761530636,9.870030041528022,9.95477130850383,10.037244660095553,10.10547235276462,10.172966395296378,10.239136937503996,10.304772669339899,10.369103458977248,10.423775932419916,10.477065192857498,10.529730081507754,10.580684112539334,10.629850608710836,10.6836901938313,10.736787433584041,10.79038233590964,10.844496189525056,10.899206642868739,10.941025721483802,10.984378290119894,11.026971448831606,11.07395804356696,11.162181578185626,11.240961997380735,11.319874693553338,11.399434123707488,11.479643044961897,11.556600301121248,11.623841973088263,11.690763103462555,11.757947760503708,11.82539816732151,11.893161215340799,11.954112878523834,12.0145156818459,12.074645670726326,12.13435061345901,12.193704794431234,12.247179617684544,12.299931518143334,12.34890017669964,12.393818573123758,12.438098809834818,0.025434198935775417,0.02556561759793431,0.02569269961176511,0.025823796816279727,0.025958786756751773,0.026097854729522783,0.02622969128759343,0.026362356366439514,0.026499277289127817,0.026640588495793198,0.026776382864490977,0.02691169124514634,0.027049850935839868,0.02719597413710446,0.02732387326658898,0.02743969475481514,0.0275431816153568,0.027647699035004875,0.027753706537148707,0.02786116800326548,0.027970550233985658,0.02806560348295675,0.028162156782632865,0.028260407183288594,0.02836043584823373,0.028462496516651965,0.028465644899152678,0.028388033609201082,0.028311373364085866,0.02823560872254311,0.02816060397766478,0.02808620263350616,0.028011319328969317,0.027937320667886387,0.02786416650963479,0.02779179865514196,0.0277200281591056,0.027648009975030304,0.027576651141237783,0.027505090918560474,0.027426241665682343,0.027347942375296908,0.027269945043220754,0.02719229256340707,0.027114910092316202,0.027037763658206305,0.026961223314948102,0.026885225846972154,0.02680937939208426,0.026733637523568807,0.02665798571200863,0.026582639717674668,0.026507413329125623,0.026432215078220876,0.026356983235269794,0.026281720701439547,0.026206224424136882,0.026130098176675585,0.02605386192084546,0.025977502544975065,0.025900986216469465,0.025823789426538298,0.025745413591998223,0.025666831506587596,0.025588013846848414,0.025502208541049152,0.02541345863844755,0.02532328159945436,0.025232663792573964,0.02514156780074227,0.025049997273214886,0.024957517008236896,0.024863831566455382,0.024769609932116816,0.02467481926056448,0.02457944684817414,0.024483358544016877,0.024386478191175835,0.02428400090328716,0.024175574926618638,0.02406640579888691
RUS,Second,9.110826828081779,9.295606979671222,9.4814306572892,9.670458750019296,9.862541744622963,10.058000140937944,10.244997981464847,10.434243111815322,10.627168099877537,10.824086786100002,11.03224545823554,11.22222906361052,11.415145036787452,11.613149848263573,11.806695327466619,11.997777575562138,12.174827978516966,12.354006016889372,12.535650570912424,12.71981730831533,12.907044240395113,13.077157889879599,13.24968113583148,13.424742472341007,13.60252338324452,13.783424621964846,13.950986570086242,14.121839939216105,14.295285631190966,14.472022284283053,14.651424843109554,14.821213026403626,14.993289721220172,15.168669896793936,15.347129327469755,15.529259533147082,15.700869328346686,15.87495820053831,16.051626176450768,16.23054667077298,16.40862563133067,16.571024175797298,16.735565025455646,16.901951650056134,17.070747870707912,17.241547829517547,17.399392409746213,17.559016985814246,17.72066344539385,17.88373172554452,18.048213448789568,18.204355174538904,18.361942276445046,18.521604706808848,18.683338785164096,18.847219111335733,18.993286097676986,19.141375182388003,19.290826480185142,19.443808784965682,19.6154802800847,19.771052652583787,19.92747089544741,20.085423196191144,20.24492281799869,20.400747800207352,20.540507445471288,20.680378649503595,20.821150123241875,20.962830703365903,21.105490362184742,21.23661395825316,21.36739571867669,21.498204965037516,21.628831996234315,21.759384016209268,21.880003166386764,21.999881889145065,22.11485496459833,22.22453924731682,22.333596088347974,0.04156079824250715,0.04170081364523396,0.04183540791237722,0.04197460011124179,0.04211821943770076,0.04226644200923878,0.04240664911752951,0.04254760276716525,0.0426933312464924,0.042843947509556654,0.04298848966281737,0.04313254502737506,0.04327968025360711,0.043435841088342864,0.04357035864080463,0.043690522566011,0.04379711830017515,0.04390473659328783,0.04401389438155611,0.044124543370596965,0.04423718151011618,0.04433421166100791,0.04443279338721845,0.04453315096722905,0.04463536047381392,0.0447396863851071,0.044737439222196425,0.044648158864439715,0.04455988682408253,0.044472560415971,0.04438602686611362,0.04430010735255908,0.044213546100615,0.0441279280788514,0.04404320411602697,0.04395931417491399,0.04387603708863698,0.043792395075109916,0.04370944182354577,0.04362617772885646,0.043534341577222094,0.04344305256616613,0.0433520231916271,0.043261303632676634,0.043170806481513425,0.04308049481864667,0.042990800547411716,0.04290165332232264,0.04281259390066006,0.042723567734284845,0.04263455796155248,0.042545818775899795,0.04245713243394988,0.042368390085032834,0.042279517645892765,0.04219051953489588,0.04210115440525689,0.04201095238349068,0.04192052706653393,0.04182986174985601,0.0417389158904217,0.0416470663594691,0.0415537159732704,0.04146001741420507,0.04136593889648922,0.04126340551580477,0.041157225106411496,0.04104920469475146,0.0409405217567182,0.04083112834620091,0.04072102529417494,0.04060968831114768,0.04049675313670824,0.040383022275816485,0.04026845467296051,0.040153030783331725,0.04003658403687036,0.039919016375807484,0.039794485041944945,0.039662523882689905,0.03952945520278841
RUS,Third,11.129821880924169,11.362699582946464,11.597379494723334,11.835942460010125,12.078237297692075,12.324643731932577,12.560643056193257,12.79957438825709,13.04292072689861,13.291058256902826,13.415815872211374,13.637178686340134,13.862203049206517,14.09356320776377,14.32230548721527,14.549731567977688,14.762656634506035,14.979343536819082,15.200178640574789,15.424710122236316,15.654677700836865,15.861422008664395,16.073085813097848,16.289367222673974,16.51054547679951,16.737293169557805,16.9497565273197,17.167704966645424,17.390253384079923,17.61859513039913,17.851724025513512,18.07223701012381,18.296575454140644,18.52584944324054,18.759813108685776,18.999186960388812,19.226514806345268,19.457819066750382,19.69324954328287,19.932565245577642,20.1725368671182,20.396055783650418,20.62350643299082,20.854762081855963,21.09026513327747,21.329826388784518,21.554530453762258,21.782949560783408,22.01506507699027,22.25056649763018,22.489489761491452,22.712579031717656,22.938529533413575,23.167632041592437,23.399879374025122,23.63534699783239,23.85014952049222,24.06747964679122,24.287573322333376,24.510895420408847,24.74018620756881,24.949560214887306,25.160476810448834,25.373643452284508,25.589082693769992,25.801447777028454,25.99433726524816,26.187913380203316,26.382995481412195,26.579602585882363,26.7778225212638,26.96186493656086,27.145995977063937,27.33057912901713,27.51537968601662,27.700528199715016,27.873489948497802,28.045969818145817,28.213661730641267,28.37616802262276,28.538337424624864,0.05040098724641,0.05054560604837842,0.05068486786108994,0.05082833636881251,0.05097583734217694,0.05112753993225194,0.051270924344672966,0.05141484910998843,0.05156315150983907,0.05171593969336926,0.05186236578482092,0.05200796201175736,0.05215631687167298,0.05231306040035382,0.052449194774204996,0.052571651410397914,0.05268060185886555,0.052790441020790155,0.052901659934946776,0.053014212032668255,0.05312858316866956,0.053227507117146765,0.053327847795488256,0.053429810884918064,0.053533471496435274,0.053639086156453054,0.05364036785547541,0.053556473618598784,0.05347347355817533,0.05339131104647928,0.05330984173058608,0.05322889978376724,0.05314730341849231,0.05306654507185673,0.052986580942357246,0.05290735416429521,0.05282866008226353,0.05274957251820092,0.05267108782344999,0.052592261363184976,0.05250526420143887,0.05241872761787637,0.05233237910041208,0.05224626756027329,0.05216030969016236,0.05207447257480634,0.05198916491416157,0.05190432130381446,0.05181950602497669,0.05173466781136189,0.051649788743881486,0.05156511241593422,0.051480430214420995,0.051395638945341285,0.05131066899171628,0.05122552252570346,0.05113996910967607,0.05105355613503402,0.05096687133348863,0.050879898996897314,0.0507925972332128,0.050704368889393205,0.05061463660743606,0.050524508114439974,0.050433949706448766,0.0503351805488477,0.05023281973222117,0.05012860022356825,0.050023657298132886,0.04991794126744352,0.049811453114347336,0.04970368032311501,0.04959426954852311,0.04948399417527436,0.04937281103698695,0.049260700094251784,0.04914749684801977,0.04903310290793046,0.04891182198566904,0.0487831805696,0.04865332911017162
RUS,Fourth,13.926776460048714,14.225281923013775,14.526563032006255,14.832679241563529,15.14348357585742,15.459438556182455,15.762313892631223,16.06905723297404,16.381252157496633,16.699359357671764,16.93907514855663,17.23363282899947,17.532762044747432,17.839102317281277,18.143565980854156,18.44770013066564,18.732296780197437,19.02138696558251,19.31543357962555,19.614181634272956,19.91919485633527,20.19649887449483,20.479251319754574,20.767311044995825,21.06100802098432,21.361070558576138,21.64155832400901,21.928149697245857,22.220040815442385,22.518536999410028,22.822592872691025,23.11112430626478,23.404434089409072,23.70374856257687,24.00877264216923,24.32040022880163,24.616338195081966,24.917253038792307,25.223190552079295,25.533927115077745,25.84648462775003,26.136980511245866,26.432133641575316,26.73166950120223,27.036283614778082,27.34560433544617,27.635469496925346,27.92953265449224,28.228040540340583,28.53042760598248,28.836738317006784,29.125720611131865,29.418199315809098,29.71480696667005,30.015566668595344,30.320592096535364,30.59871198996579,30.88060309928911,31.16590265803003,31.456354491262196,31.76370087558046,32.045890090706514,32.33056486097828,32.61846889317052,32.909639082156154,33.19849122209061,33.46317155820088,33.72931862000131,33.99780024878279,34.26865118903573,34.54197934103762,34.797515456805385,35.05372618953613,35.31097807908057,35.56900888730617,35.82797695700748,36.071685684242354,36.31527588470479,36.55421400388434,36.78808588481428,37.02203275791138,0.062548585869054,0.06268066039005162,0.0628074249110408,0.06293819374875939,0.06307278470906849,0.06321134081513409,0.06334213509234565,0.06347334821595822,0.06360867511173027,0.06374819551354928,0.06388180148197442,0.06401465634655394,0.06415004076824289,0.06429334629232507,0.06441670979484361,0.06452684054542318,0.06462443012068571,0.06472279366642607,0.06482239189033728,0.06492317727636981,0.06502559444230817,0.06511374754099135,0.06520317031626657,0.06529405880031633,0.06538647535002773,0.06548065028613177,0.06547905680089726,0.06539926252202656,0.0653202703693204,0.06524202642765864,0.06516439719504008,0.06508722376276922,0.06500937945248281,0.06493228762928055,0.06485590826932133,0.06478019021689552,0.06470493665433912,0.0646292614919563,0.06455412138919582,0.06447861039931979,0.06439521981861641,0.0643122184155154,0.06422934292761338,0.06414664423581402,0.0640640402389585,0.06398149937701599,0.06389941645036029,0.0638177287595841,0.06373601805527834,0.06365423306666641,0.06357235800492912,0.063490627082293,0.06340884021368444,0.06332689712278108,0.06324472949279407,0.06316233930184159,0.0630795037280936,0.0629957829221107,0.06291174486452637,0.06282737498612963,0.06274263074719132,0.06265693303742417,0.0625697165338677,0.062482056741938755,0.06239392056643059,0.06229772674002387,0.062197960349808123,0.06209630663013474,0.06199386799902734,0.06189059577760897,0.06178648626232193,0.06168104016589697,0.0615739056910386,0.06146583674392129,0.061356790749146475,0.061246743625090645,0.061135533167247555,0.06102305913360666,0.060903709681787654,0.06077700306844381,0.0606489821801903
RUS,Fifth,16.406387931625975,16.765638941135663,17.128739731295376,17.49752017145458,17.87183790127977,18.252224623022613,18.617139522252895,18.986824377963195,19.362857833285027,19.745773388993392,20.353372259659427,20.75029748314281,21.152457841275194,21.56138992783432,21.967972869683926,22.375100944891063,22.753247655733926,23.134896801762586,23.52058125697833,23.911246162089274,24.30621430455414,24.6739597877299,25.044372149119166,25.418300248353983,25.796030686797835,26.177985088974022,26.531127148125783,26.88831659929357,27.249154695119664,27.614411012302735,27.983558991026534,28.336015829681166,28.692936431982634,29.055562925515815,29.42353591166593,29.797907188910276,30.151591954389378,30.510092539626985,30.87310586729828,31.24036862173861,31.61007872680656,31.94750722011707,32.288394433551794,32.631893387613054,32.97941901521984,33.32989255431335,33.65451417014376,33.98139547240898,34.311762068070465,34.64408029499945,34.97834343247106,35.30397816296868,35.632319488330566,35.9652420385283,36.30284505700132,36.645321780602295,36.9526085762616,37.265605591627335,37.58128871767327,37.90669013942558,38.29140954999258,38.64625967223651,39.004665078254256,39.36734186123634,39.73434573638864,40.10033918463602,40.438115433305555,40.77831602400555,41.12179082166268,41.46859405051259,41.818856151051364,42.14814110806789,42.478877983780514,42.811392884106546,43.14540515794136,43.48110466409087,43.79885341737667,44.117035038826344,44.431286422926846,44.74121932027955,45.05184477318465,0.07323914697646887,0.07335938145279233,0.07347477697536402,0.07359354856593639,0.07371552389265906,0.07384082369227206,0.07395897570457018,0.07407734459372303,0.07419916978632786,0.07432451363448615,0.07444438491549007,0.07456338279513902,0.07468444047762592,0.07481225052621444,0.0749225448293521,0.07502120856135228,0.07510868366361571,0.07519674994474648,0.07528580945716636,0.07537581738278824,0.07546716173607321,0.07554586280697415,0.07562560258202733,0.07570654636181079,0.0757887472237142,0.07587240557877746,0.07587208171755068,0.07580319597444897,0.07573495133175692,0.07566730489518304,0.07560014182290084,0.07553332528736573,0.07546587974697927,0.07539904007928501,0.07533277107917795,0.07526703086284722,0.07520164793909519,0.07513585508198352,0.07507048105704332,0.0750047401082268,0.07493208760503162,0.07485971867126609,0.07478740623017774,0.07471519430612253,0.07464301118400624,0.0745708289973334,0.07449899501770615,0.0744274548024289,0.07435584163484596,0.07428411111342224,0.07421224929811279,0.07414046195005711,0.07406857333158366,0.07399649503541507,0.07392416576638221,0.07385158926375526,0.07377856605440944,0.07370470914700009,0.07363051666433922,0.07355597688383315,0.07348105000874976,0.07340522357380729,0.07332799546715468,0.0732503146822386,0.07317215311815826,0.0730867758456494,0.07299815306998134,0.0729077739811624,0.07281661673760308,0.07272463610512522,0.07263182607386232,0.0725377396659291,0.07244205977277242,0.07234545539228962,0.07224788619326347,0.07214933000152082,0.07204963663322238,0.07194871565941502,0.07184151872055158,0.07172759394088309,0.07161236359154341
RUS,Sixth,19.93751700249028,20.383016095560393,20.833875838629176,21.291626407248632,21.756138130144418,22.228039117567523,22.681075430005432,23.14016956419468,23.606899044815076,24.081899429939035,24.356098020583737,24.785373224235297,25.221306687837703,25.666841728339257,26.1152692303047,26.567189525727642,26.992977139191915,27.426526193174432,27.868438554138603,28.31804159947348,28.778255346234836,29.19743373439525,29.626218430034516,30.06408932704384,30.511572882524238,30.969816972845,31.400678958009088,31.841367211105084,32.291040601420555,32.75178493006794,33.22204823368306,33.66928774796172,34.12480213392127,34.589958048528814,35.064388496801314,35.5493616232426,36.01222973811137,36.48356512318312,36.96327765439385,37.4513743201945,37.945778099103016,38.41044343616085,38.88328889936605,39.364091101575134,39.85369913759191,40.35182595967749,40.82237569441747,41.300518154439104,41.786529843489326,42.279949497424404,42.780903838551936,43.252634088680445,43.73082959258695,44.216095147692116,44.70850425554861,45.20822757020954,45.66966029485364,46.1374614613084,46.611673227146326,47.09331912438232,47.58845891529204,48.04704258847404,48.51073377224535,48.98020739444408,49.45554301590845,49.931800166614494,50.374124871503014,50.82027758141873,51.27107542704831,51.7266030104608,52.18702268219407,52.62196685528643,53.05951374722177,53.49993481830912,53.942927388790096,54.388723693279424,54.81278455824582,55.23811310668068,55.66064271583955,56.080030957102025,56.5010517678178,0.08835830469685568,0.0884453469473474,0.08852832420716533,0.08861401373947937,0.08870226224826797,0.08879313770921092,0.08887863302783593,0.08896421163868605,0.0890524992093823,0.0891435182621615,0.08923044738033113,0.08931678685248885,0.08940467320376164,0.08949787025029302,0.08957678272878779,0.0896462175506904,0.08970724182498133,0.0897686650952858,0.08983079935686082,0.0898936054229886,0.08995736784324564,0.09001171128895541,0.09006679777451247,0.09012275851129273,0.0901796258189626,0.090237540906611,0.09023345866696882,0.09017872555907654,0.09012444251134949,0.09007057522841395,0.09001703419464135,0.08996371159741251,0.08990982870620892,0.0898563722683752,0.08980331678661427,0.0897506282393544,0.08969817147043163,0.08964533152439894,0.0895927733458731,0.08953986595849107,0.08948133171997347,0.08942296149963846,0.08936457069312675,0.08930619506938454,0.08924777776829636,0.08918929678873157,0.08913103389329331,0.08907294445190499,0.08901473325292321,0.08895636333684978,0.08889782280124013,0.08883927911102171,0.0887805903437326,0.0887216829809953,0.08866250722725086,0.0886030639460744,0.08854319158577054,0.08848257017485038,0.08842160622993377,0.0883602901016904,0.08829858902910327,0.08823607776315046,0.08817234066019249,0.088108158650812,0.08804350536436863,0.08797280183032649,0.08789931940779716,0.0878242851618831,0.08774850610908193,0.08767194492858325,0.08759459271436003,0.08751607405374197,0.08743611866192022,0.0873552841863435,0.08727353248070865,0.08719084192326298,0.08710708333150052,0.08702217665893142,0.08693186329640691,0.08683573709963699,0.0867383592538311
RUS,Seventh,23.306742156094472,23.83843588913342,24.377262239901295,24.924142238235817,25.478956862139377,26.042420721156482,26.583750757681432,27.132483079050367,27.690049147853216,28.257177497132744,28.7589950065566,29.29483348822783,29.838393659909478,30.39183997841932,30.950500487525748,31.51520010015146,32.04623718579872,32.58568043641544,33.13420483954198,33.69170268720366,34.26023824891534,34.783745596045335,35.316750532569785,35.859174829972766,36.41158899181645,36.97510078112582,37.503291266042474,38.04144268119199,38.58896132256258,39.147879618407146,39.716802076721336,40.25958588062181,40.81183198403214,41.374870569002454,41.94828436268786,42.533557047736174,43.09175780327592,43.659690070900155,44.23696243978324,44.82370222980001,45.419370167318455,45.976942128149155,46.543356328662846,47.11807884816947,47.70243399026314,48.29576492767991,48.855140403986205,49.42228507470761,49.99808836148056,50.58157949586812,51.17289066968922,51.73602176323463,52.30636499557647,52.8852445856329,53.47280819500865,54.069295893195715,54.61893285963581,55.17721507017154,55.742740869806354,56.319349004940186,56.93305295138276,57.5037396070373,58.08140371492262,58.66658718304781,59.25940237722127,59.85604458697357,60.413523611234524,60.97662651423323,61.54603790923024,62.1218786268678,62.7043523491116,63.25712508456059,63.81404649201252,64.37526156035103,64.94046091803402,65.5099246767545,66.05413499106253,66.60081466491243,67.14681073181474,67.69190470097998,68.23998214736814,0.10268779348978531,0.10274542493559083,0.1028003351004234,0.10285661660659857,0.10291415966394302,0.10297299342766654,0.10302812717187539,0.10308305213604847,0.1031393198669782,0.10319692838220991,0.10325168841561617,0.10330576133622742,0.10336047640756091,0.10341800363064733,0.1034670247887103,0.1035103887133514,0.10354853402603427,0.10358676259840983,0.10362525353568645,0.10366397967092102,0.10370310503581869,0.10373652388325484,0.10377024849461379,0.10380434836873592,0.10383883799928913,0.1038737952727766,0.10387268464006577,0.10384212573948931,0.10381172894658154,0.1037814781695711,0.1037513262461972,0.10372121198792536,0.10369069760178265,0.10366033998558784,0.10363012861937948,0.10360004529042356,0.10357001608579865,0.10353968708356764,0.10350944111214853,0.10347891495737326,0.10344505064046974,0.10341118586765735,0.10337721425155182,0.10334315612286021,0.10330898052461467,0.10327467436401648,0.103240402410142,0.10320614208370804,0.10317171813251563,0.1031371091898294,0.10310230700189,0.10306741323487927,0.10303234160149961,0.10299704803555304,0.1029615030169977,0.10292570565772742,0.10288955744567586,0.1028528623441005,0.10281586559894365,0.10277855956479677,0.10274092331586679,0.10270269613638751,0.10266361676959108,0.10262416339044504,0.10258431742933466,0.10254062451615976,0.1024950831786438,0.10244844515528315,0.10240120724717258,0.10235333968698236,0.10230483637565028,0.10225545497876465,0.10220502152814795,0.10215388051763633,0.10210200487128133,0.10204937464193031,0.10199590501412678,0.10194153909341702,0.10188353026233483,0.10182158621708717,0.10175862466356639
RUS,Eighth,29.20849053508465,29.89009119344979,30.581844095669954,31.28370263258765,31.995575719335516,32.71832872917256,33.41325124004086,34.11792021560832,34.83354352371511,35.561011502572754,36.10521285661489,36.77986684223952,37.46433173800197,38.16068718965383,38.868581139068525,39.58754894634075,40.26643177743376,40.95720057053873,41.66064611245219,42.376273894486374,43.10745460962959,43.78065688840739,44.46768192196397,45.16807760283214,45.882614980471054,46.612808163467754,47.29977979306366,48.00049671426604,48.71443208409158,49.4443762980019,50.188485249881865,50.89904971777731,51.62289714300857,52.36134997397875,53.113938788706434,53.88251468760657,54.61768643541224,55.36639146821285,56.128018381926594,56.90303166692754,57.69269510913492,58.4367863334817,59.19352992541548,59.96244992870364,60.7450334915888,61.540726993166864,62.29438257622255,63.05946014315862,63.83694646833209,64.62600180329255,65.42685481039574,66.18765373464244,66.95899222574093,67.74218685860589,68.53745715876462,69.34511193640527,70.09458244457151,70.85579427671709,71.62766949023087,72.41334935029242,73.23327855312921,73.99893430647678,74.7748489320385,75.5613334001027,76.35855927936889,77.16468445392336,77.92255140532228,78.68920197382593,79.46509298056975,80.25041518393517,81.04543800559162,81.80343155629295,82.56831210728514,83.3400141356177,84.11822306397849,84.90330546236457,85.65705884160332,86.41543625342344,87.1769029860311,87.94146541148056,88.71144569476353,0.12760196141093558,0.12757690490990156,0.12755164026800217,0.1275260153648792,0.12749999774663526,0.1274735173899456,0.12744800961031577,0.12742215861776043,0.1273957806052214,0.12736880621926963,0.12734261941164543,0.12731654301037548,0.12728994663141405,0.12726245353967872,0.12723571461780606,0.1272094869226773,0.1271851218604199,0.1271604750207882,0.1271354903418467,0.12711016343655585,0.12708440671412294,0.1270610091019035,0.12703727656943112,0.12701318753887794,0.12698871412632748,0.12696380204910904,0.12695656004904415,0.12696366821392924,0.12697051709929247,0.12697711686502278,0.12698348308461174,0.12698963401726376,0.12699565701222346,0.12700144280876555,0.12700699952992828,0.12701233560487232,0.12701746825207094,0.12702245871397336,0.12702724398329837,0.12703188224827414,0.1270368055403357,0.12704149828976968,0.12704597814118646,0.12705024243998056,0.12705429666218013,0.12705814312117153,0.12706176519386375,0.12706516821457253,0.12706837121904285,0.12707137699472965,0.12707418385563143,0.12707678440356412,0.12707918559797277,0.12708138917577758,0.12708339479195213,0.1270852024644135,0.12708681333118074,0.12708823087397428,0.12708944119371282,0.12709044172826106,0.1270912294455062,0.1270918061700106,0.12709216505952461,0.12709229364287186,0.12709218885238294,0.12709180517628596,0.1270911119386537,0.1270900949226791,0.12708875345156403,0.1270870790213267,0.12708506272906822,0.12708268395062652,0.12707992254448658,0.12707678263798008,0.12707325398016694,0.12706932558012884,0.1270649815645613,0.12706020314994387,0.1270547111992285,0.12704840412577006,0.12704153332288678
RUS,Ninth,35.41806650287669,36.268443920310155,37.13311461859438,38.010093828419436,38.899310697194686,39.80176864847407,40.670329511083736,41.55144772527297,42.445685086197045,43.35408735315762,44.93106162028054,45.89259574286134,46.865607358637845,47.84799943106766,48.84492197273578,49.85863205043557,50.80709494891643,51.76512777119092,52.73364368622126,53.71554631486201,54.70785974669319,55.64513758000952,56.58884282752289,57.541269951545566,58.503076632708556,59.47488617798408,60.37838785860346,61.2901300248941,62.2108350174159,63.14174109921111,64.08259103844502,64.98740747513192,65.90540846050484,66.83752725364427,67.78316871119222,68.74459795613681,69.65946656761096,70.58816033161766,71.52885139058343,72.48219718647313,73.45529176188668,74.35552247143083,75.2657688148113,76.18398732540813,77.11368315805055,78.05239364815839,78.93200134064249,79.81828303769225,80.71511956839757,81.61905527841157,82.53021302362009,83.4260624480547,84.33115600583224,85.25030243967527,86.18399325355647,87.13277759411537,88.00128090772573,88.88818965888609,89.78483014266126,90.7090345420894,91.78626778280334,92.7972200049062,93.82312904477479,94.86376946136791,95.91940367823678,96.99264212345373,98.00886271980961,99.03867590617979,100.08197906994195,101.13907752877536,102.21033806315904,103.23719569320386,104.27529806016871,105.32413823941621,106.3834365779602,107.45368432973427,108.48663670392797,109.52785621357155,110.57955391537075,111.64224505616399,112.71448780177968,0.1536054373076797,0.1535084371505705,0.15341541220271762,0.15331809673695634,0.15321661681326537,0.15311082931893627,0.15301040585214057,0.15290892093189692,0.15280303511095203,0.1526926539561791,0.1525862568550969,0.15247954581272397,0.15236986199190172,0.15225221197718122,0.15215243577471535,0.15206446540842813,0.15198679731217823,0.15190804214410902,0.15182777057854105,0.15174601968551082,0.15166239281572083,0.1515908411155773,0.15151781760294325,0.1514431254716659,0.15136670319337892,0.1512883340934563,0.15129496411571033,0.1513710864464215,0.15144625837708814,0.15152053501319,0.15159404961849457,0.1516669547765529,0.1517403150566031,0.15181278788390262,0.15188441593479307,0.15195525381955222,0.15202548783131473,0.15209594306867716,0.15216573353858018,0.15223569795118855,0.15231276461649515,0.15238926568119215,0.15246544366826661,0.15254125545916256,0.15261677528931636,0.15269203314395555,0.15276667027330473,0.15284074692069924,0.152914643868635,0.1529884064654514,0.15306204832596795,0.15313535929903108,0.15320851796401164,0.15328161367939133,0.1533547065788978,0.15342779116105912,0.15350106373137365,0.15357490761502748,0.1536488176244243,0.15372280361985563,0.1537968994123501,0.1538716072393182,0.1539474083869556,0.15402336090388094,0.15409948899472342,0.15418230682209025,0.15426790047336456,0.1543547992062621,0.15444204774796003,0.1545296805226822,0.15461768994853498,0.15470648975984724,0.154796359606583,0.15488665314065522,0.15497739661975604,0.15506859905585377,0.15516038414990058,0.1552528197110342,0.15535047455384404,0.1554536633648544,0.15555741201635473
RUS,Tenth,64.78324518105697,66.43948365164982,68.13047512143076,69.84449380242762,71.58161117754936,73.34345009303243,75.04291617399942,76.7687647708261,78.51812734295885,80.29274460150754,81.37654067939559,82.99392004957303,84.63389626311401,86.29255879165251,88.02056688624062,89.80590848781614,91.5098851509842,93.24893403678048,95.0243243314071,96.83415574956305,98.68807686062854,100.41023333104924,102.17317208539463,103.97469530685603,105.81684248696348,107.70333948060896,109.49435586098585,111.32287111874605,113.18933742767067,115.10070889263022,117.05326791063337,118.92872782954773,120.84485043520202,122.80101641110757,124.79661488051823,126.83581316870175,128.80227618746892,130.80952307456107,132.8542047405057,134.9402700631264,137.09260209280268,139.15123006347204,141.24904770895012,143.38568665949185,145.56421949435395,147.78454735925243,149.91169473985659,152.07515496791754,154.27793236507597,156.51972996907722,158.80152417134803,160.9773256820292,163.18845772617044,165.43718411281094,167.72450839583522,170.0513404161693,172.2483424445539,174.4839993463958,176.75665651544884,179.06844580110132,181.428036120744,183.665301936771,185.94253768864073,188.25645031874998,190.60781534269663,193.02509269473165,195.34685630705158,197.70856782321928,200.1068775388538,202.5427455147462,205.0170909237501,207.41425216537033,209.84719337082655,212.3129397937534,214.8115698289678,217.3442639561616,219.8140117166259,222.3133290573529,224.86698115478117,227.47875552044198,230.12458401834752,0.27456278582452825,0.273871806922199,0.2732091109500544,0.2725267819410567,0.2718258113895314,0.271105520975821,0.2704264487911206,0.2697461556223338,0.26904576026394866,0.2683249083334252,0.26763556322771653,0.26695112556221245,0.26625471245837296,0.26551898815785907,0.26488536078418623,0.26431952356685323,0.2638182894176873,0.26331363488115156,0.26280322398590983,0.2622873137183349,0.26176365649993927,0.2613129820012321,0.260856288694866,0.26039260591186464,0.2599216284698171,0.25944220275492574,0.25944774203293847,0.25984926945236836,0.26024709761826725,0.26064148321596725,0.26103309526374974,0.2614227288008782,0.2618160735756432,0.2622059355262087,0.2625925082127665,0.26297604897170357,0.26335754643694376,0.2637414854671021,0.2641230247856271,0.26450675836652443,0.26493089261473457,0.2653534290156214,0.2657756967528172,0.2661974486103186,0.2666190920686358,0.26704079315611634,0.26746052798480846,0.267878614293993,0.268297194519038,0.2687165267638355,0.2691366982947859,0.2695565040096452,0.2699769749700188,0.27039862986149155,0.27082182325284626,0.2712465454430898,0.2716739561844263,0.2721063302277363,0.27254074750325197,0.27297728982370517,0.27341617870112855,0.2738604314045014,0.2743129909500091,0.2747682949525801,0.27522652322481506,0.2757271644637627,0.27624696810467114,0.27677720842482134,0.2773121578601659,0.2778520865433046,0.278397030214465,0.2789496317826939,0.2795117579433645,0.2800794809979663,0.28065305013516517,0.281232607446455,0.281819036710534,0.28241288911873796,0.28304388435494515,0.2837147328044159,0.2843935348597804
TUR,First,4.531750459709197,4.617456913990709,4.701487529822762,4.78699813738485,4.875328372877094,4.966697191331437,5.055444201072506,5.146075578971843,5.239120432061525,5.3346450248178465,5.548392089121223,5.65896034631374,5.771983542761995,5.888046425161642,6.000014442501243,6.1103725943714995,6.21716093087973,6.325326541615902,6.435093875332069,6.546879548219568,6.660119426311685,6.7739465148380145,6.888094948824624,7.002794503786603,7.117937503397418,7.233095823706268,7.344162795714359,7.455305573066131,7.567221134937853,7.680545052218514,7.795514673541964,7.911259248317133,8.027620176506293,8.146157933528446,8.265765949043333,8.386029289917905,8.503331475574141,8.621322248937998,8.740499350912046,8.860243745952618,8.978896605466328,9.092048055080893,9.205582688009084,9.318846135210963,9.43213500549154,9.544911293149982,9.653125309432571,9.759999807778653,9.866744246929356,9.97349723772,10.080632395641784,10.194106949722297,10.30787071597393,10.422268413033308,10.537548241204096,10.653763750491299,10.76390410437668,10.874861148391176,10.984840774988028,11.097273068679835,11.236853745989167,11.372323628755465,11.508498917423994,11.64614440195573,11.785116377052043,11.921398092945536,12.051868066109558,12.181614735966146,12.31110142209143,12.440074800041033,12.568106205152324,12.68993210569462,12.81059944331223,12.931693608849375,13.054409317521543,13.178022912449732,13.296520522355634,13.414361949327994,13.527752260768501,13.636018797928891,13.742240679522137,0.02565067810747794,0.02574752835558508,0.025838698419642644,0.025934564705056,0.026036462402420663,0.026144552981189447,0.026248289671095243,0.026354414250336,0.026466012416815326,0.026583080440781427,0.02670034793491996,0.026816524395727858,0.02693692442043418,0.027066326275549245,0.02717765211117836,0.02727773579484149,0.027374532190253296,0.027473641079413566,0.027575528196126995,0.027680107405426105,0.027787842588448772,0.02789190050855101,0.02799805470382411,0.02810634882395968,0.028216747332809516,0.028329128955870517,0.028438049142609435,0.028548245712368754,0.02866066452967951,0.028776106229631043,0.028894360741211416,0.029010924402695835,0.029128013514081685,0.029085590609489884,0.02901061561524806,0.028936447290174073,0.0288628884743011,0.02878907479490882,0.028715934913058672,0.028642587978534126,0.028561767287545153,0.028481509191776097,0.028401559071674232,0.02832196151031158,0.02824263713923638,0.02816355460327869,0.028085090079799917,0.028007181140403233,0.027929425962071767,0.027851776278646278,0.0277742168994008,0.027696969274114146,0.027619842274728346,0.027542743124656467,0.027465606737571934,0.027388438132853004,0.027311028130314385,0.027232970343977494,0.02715479764688588,0.027076497121626575,0.026998033102049082,0.026918870379585264,0.026838497077459375,0.02675790935729738,0.026677078423917623,0.026589079624784465,0.026498057520361353,0.026405569679712203,0.026312626865249537,0.026219192098310303,0.02612526575188543,0.026030405075580017,0.025934306184222912,0.0258376524680014,0.02574041263128363,0.025642572940151456,0.025543996495705077,0.025444602647721856,0.025339465472104538,0.025228218648973347,0.02511620661029222
TUR,Second,7.500724982324267,7.652590435516164,7.802902950410026,7.955748832759264,8.11297763650713,8.274931561719951,8.432236123513565,8.592756460597005,8.757170085357778,8.925611141281712,9.10334340744675,9.269935790215927,9.44027439841922,9.615611246851923,9.78749610682904,9.958423702069428,10.126666709480356,10.29840737079717,10.474014494901185,10.653479354086846,10.837435792968376,11.018469120685074,11.20272550511604,11.390042658798334,11.580418975109824,11.773598549773304,11.963488529298749,12.156150995165758,12.352358115364945,12.553548517812612,12.759721966777395,12.965794415907592,13.174672881947485,13.388253189016538,13.605280868144726,13.825329254994926,14.04232069296283,14.262230285271762,14.485890468911537,14.712605088692404,14.940010820756164,15.163202301618112,15.389556659662391,15.618525102980158,15.850241799907076,16.084399760431154,16.313692859484927,16.544210855053322,16.77716205710515,17.013333425370693,17.253341073104544,17.494189072919006,17.737757380255434,17.983853990127738,18.232814456046942,18.484701532475473,18.72961658087364,18.97632287353302,19.223962816134286,19.474038648318878,19.737115807361143,19.9935404118957,20.251841948130576,20.513077801179037,20.777080979494457,21.038550349557102,21.29097048209826,21.543228160533793,21.795952010764257,22.048806073079344,22.301208348720316,22.543779918506612,22.785461168318516,23.028469720291465,23.274513318275325,23.522611229305618,23.762269490490286,24.00166742130396,24.235670601962585,24.463345063847836,24.688824370400113,0.041894459152645794,0.04199499906856568,0.04208875287141135,0.0421880021548345,0.042294207870960394,0.042407514613987625,0.04251614237884115,0.042627363643659155,0.042744823803202554,0.04286848609726601,0.04299248986635305,0.0431154255453972,0.04324303873732256,0.04338092775417394,0.04349731482434744,0.04360026289400751,0.04369956229895443,0.043801306768619014,0.04390602019345719,0.04401358950305948,0.044124510011644094,0.04423135540026746,0.04434037857160487,0.0444516316060521,0.044565063980012025,0.04468053351819471,0.044792159522638625,0.04490500927377812,0.045020142539875956,0.04513840605979535,0.04525954816726716,0.045378730756280385,0.045498245739080255,0.04544743666138081,0.04536186710370802,0.045277137772322416,0.04519302616816863,0.04510854406167865,0.045024756497779206,0.04494065385183672,0.04484789027676729,0.04475567743245713,0.044663724787750984,0.04457208306669327,0.04448066476040365,0.044389432257288024,0.044298821948659604,0.044208761075200234,0.04411878764789792,0.044028847313558134,0.043938919716392466,0.04384926500795123,0.043759660198071086,0.04366999813086373,0.04358020288346163,0.043490278729305866,0.04339998191483722,0.04330883763856104,0.04321746593452082,0.04312585032620556,0.04303394755984073,0.04294113143995907,0.042846795094109436,0.04275210577596282,0.04265703023783169,0.04255340748694687,0.042446096271684136,0.04233692253127505,0.04222707707431642,0.04211651035286395,0.04200522349633212,0.04189268573439302,0.04177853060655702,0.04166356713328289,0.04154775473577767,0.041431073002474166,0.04131335511922765,0.0411945002717567,0.04106860081129067,0.040935186924346265,0.04080064945508096
TUR,Third,9.117143302432002,9.308392691394792,9.498468027320177,9.691657647028666,9.890057190434206,10.094070566120292,10.292285259554685,10.494521560647769,10.701431229813155,10.913184004688867,11.07139099053075,11.271482331732702,11.476016329773937,11.686431867407832,11.89464760321969,12.102922502175568,12.309128321154482,12.520131870893389,12.73637062131376,12.95759823342694,13.185130613704674,13.40782736575405,13.635512222848023,13.867796626931746,14.10474667205376,14.346217974354108,14.584991300984466,14.828226429657489,15.076695605880214,15.332278956247581,15.594849324668877,15.85690846970919,16.123220906507385,16.39573229440052,16.673166784726984,16.955119307355414,17.234105944093326,17.51747538532162,17.806190320649293,18.09957923015391,18.395338046819518,18.687781419503537,18.985157151560877,19.28699169962681,19.593335523639443,19.904028139124975,20.209848091712452,20.518567278102342,20.831401877265222,21.149504121914593,21.47362869459548,21.795510309868003,22.121720487820053,22.451776820390872,22.7860706592037,23.124677479116833,23.45600477900721,23.7899795169032,24.126263274004636,24.465237866213965,24.809207228016657,25.14528798445478,25.484275544869817,25.82730666629395,26.174213872068233,26.519637394691078,26.85462545830778,27.1902242472872,27.527069349643625,27.864796192208395,28.20274918432225,28.529091449364756,28.855152972586545,29.183425734932193,29.515897912023224,29.85146916636523,30.17694347201913,30.502807358268296,30.82373134658059,31.13870736103009,31.45189095571001,0.05067379469958728,0.050779198096510755,0.050877961748699733,0.05098186120582237,0.05109234493525124,0.05120954605096542,0.05132178526959068,0.05143643703514778,0.05155694873114315,0.05168327583083536,0.051809618077504185,0.05193457446321543,0.052063893028704185,0.05220284732087171,0.052321402971485936,0.05242723264099082,0.05252933046163931,0.052633723139208444,0.052740906657576164,0.05285076786189728,0.052963787815298306,0.05307266493590135,0.053183558120704584,0.0532965043469939,0.053411452076012625,0.05352825991274805,0.05364117373356587,0.05375518640396796,0.05387129915732094,0.05399033598743968,0.054112052576732295,0.05423173329707932,0.054351667310835745,0.05430560958123843,0.05422561377226519,0.05414635602667824,0.05406762805893556,0.05398850549761065,0.053909984821867804,0.05383112166462536,0.053744080498886876,0.05365749973486405,0.053571104354420265,0.05348494487702673,0.05339893772621158,0.05331304921281771,0.05322768926023878,0.05314279191681916,0.05305792099552465,0.05297302521544472,0.05288808730290909,0.052803350061282006,0.052718606448756866,0.052633752611483856,0.05254871612672794,0.052463501995631996,0.052377879015837646,0.052291394978009366,0.05220463601537996,0.052117587618025325,0.05203020818858458,0.05194189956345956,0.051852083979022356,0.051761869325813205,0.0516712225144938,0.05157235480915515,0.051469889044141195,0.051365560565712516,0.05126050459398597,0.05115467383233741,0.05104806566881053,0.0509401695062004,0.05083063128394086,0.05072022412717969,0.0506089053246971,0.050496652997732976,0.05038330518114977,0.05026876281140981,0.05014731948550499,0.05001850394596838,0.049888471234300145
TUR,Fourth,11.369251095594127,11.614554373515766,11.859181740085862,12.107752739186601,12.362682573397004,12.624461912741847,12.878844543986913,13.138348916957822,13.403626730434254,13.674900058073547,13.915017165902475,14.17664547554976,14.443888004794623,14.7181059255011,14.991124604296825,15.265464838532807,15.536749040136302,15.814036649984047,16.097842559005205,16.38802838710732,16.685891533667974,16.97864455008232,17.277442688172215,17.581945158854143,17.89223455780948,18.2081222966691,18.520271464799276,18.83793803990954,19.16201649191911,19.494635610251056,19.835721426434834,20.176525577035697,20.522841375189003,20.876614766757456,21.236558242518388,21.602296605295837,21.964341121257988,22.33202256578925,22.70636506750476,23.0866598860552,23.470889467206003,23.850218315212462,24.235645833104186,24.626558077192097,25.023138982326934,25.425121276401217,25.820868777381126,26.220213412409393,26.624747491439436,27.035686266178658,27.453920890739596,27.87113653905214,28.293817363110545,28.721621119462526,29.155043338907856,29.594208081992623,30.023972071071455,30.45772448035962,30.894658184612137,31.33603746150817,31.790311849359192,32.234964989822885,32.6838991540268,33.13837003987301,33.59821454839005,34.05790552770279,34.50519353139624,34.95413809804663,35.40540194116335,35.858585742048255,36.31294854752268,36.75326065470925,37.19412678859459,37.6383938936648,38.088405964924284,38.542919370980954,38.98503978209417,39.42843672184106,39.867475999367315,40.30105558393478,40.73344275375359,0.06285122466546339,0.06294601327896483,0.06303436571474551,0.06312766404128416,0.06322724421452212,0.06333321553920983,0.06343464014480794,0.06353828914153811,0.06364749348615627,0.06376219317707638,0.06387696929517166,0.0639905265788753,0.0641081482074057,0.06423490167132176,0.06434190632594747,0.06443656321590917,0.06452774444603153,0.06462101151193529,0.06471682899344698,0.0648150834268309,0.06491621218657055,0.06501348758620289,0.06511257128377759,0.06521350447776454,0.0653162301330303,0.06542061392361095,0.06552137026555685,0.06562306168472437,0.06572662466014134,0.06583280842642854,0.06594137641803918,0.06604801029691618,0.06615476267578307,0.06611003243367454,0.0660343220914709,0.06595926528094052,0.06588466709897474,0.06580965020915552,0.06573516155427142,0.06566030345117481,0.06557763262774878,0.06549534494237229,0.06541318181716867,0.06533119103373498,0.06524929198757005,0.06516745418912318,0.06508606860701537,0.06500507280715678,0.0649240522279884,0.06484295633705067,0.06476176910897379,0.06468072426140087,0.06459962114581731,0.06451836137333822,0.06443687680953206,0.0643551702359521,0.06427301964852902,0.0641899896810613,0.0641066429420081,0.06402296505764642,0.06393891465316828,0.06385391557101457,0.06376740891232525,0.06368046054022543,0.06359303799130012,0.0634976196915047,0.06339865536966707,0.06329781584154202,0.06319619562832625,0.06309374539794366,0.06299046198430443,0.06288584814526756,0.06277955762228708,0.06267233667949328,0.06256414314786399,0.062454953117512535,0.062344605626696595,0.06223300172326683,0.06211457125996696,0.06198883536643165,0.06186179172998637
TUR,Fifth,13.344736497057779,13.639637452517453,13.934505455904857,14.23405421454411,14.540961253653101,14.855788941272555,15.161794053158475,15.47394486927241,15.792821593690212,16.118690703565406,16.553285925882896,16.888300530734046,17.23016818346571,17.579621563223217,17.92874356903553,18.280732649556473,18.626850184273017,18.979484422434567,19.339190320705214,19.706407814047022,20.081367154370827,20.453645207794327,20.831485403134142,21.214972104618568,21.604123320326952,21.998493397018198,22.386240294258727,22.77916197883682,23.1783715768124,23.585834029097004,24.001784209727603,24.41863881554242,24.841485294619034,25.272145351935553,25.70932663077783,26.152681873338807,26.59085242667703,27.035105884681332,27.48634521420093,27.943801769830124,28.40636618964279,28.85963524615089,29.31880878924947,29.782878640112052,30.25242921685253,30.726761571874448,31.192262493099765,31.660359028550143,32.13341675195613,32.61224153729587,33.097798531755096,33.589584170728024,34.08686359279726,34.59001440131195,35.099665525931556,35.61602509819996,36.1193785705153,36.62834970376881,37.14036876745901,37.660161336018064,38.22094017259093,38.770704769506,39.32625324924714,39.8888888616333,40.45846033894732,41.029775882600674,41.58726705991545,42.14769526328535,42.71168472352634,43.27881918151832,43.848292892706574,44.401751044410226,44.95686225755845,45.51673607269562,46.084029551373334,46.65739120769709,47.21649845110965,47.7780140915263,48.33645533213042,48.890695795011716,49.44467444154233,0.07349059458883461,0.07357732984372978,0.07365829112537535,0.07374351968845194,0.07383420257924471,0.07393042567634636,0.07402242385423219,0.07411629494113234,0.07421494866720117,0.07431831973956168,0.07442158052848079,0.07452358000027302,0.07462903263685017,0.07474233825020908,0.07483833960466413,0.07492352558774479,0.07500554273484869,0.07508931884990173,0.0751752557518111,0.07526324733961423,0.07535367398185633,0.07544060466799352,0.07552903618093819,0.07561899425888756,0.07571042730664916,0.07580321341075394,0.07589271667451625,0.07598295076087362,0.07607472356188247,0.07616868570126789,0.07626462674425676,0.07635877501532752,0.07645294058422998,0.0764150159323493,0.07635003761097073,0.07628557527672192,0.07622146165808756,0.07615694323503591,0.07609283514275329,0.07602836395320714,0.07595711252360708,0.07588613767363393,0.07581521527917194,0.07574438833809642,0.07567358822482304,0.07560278709902232,0.07553232487225989,0.07546214808747967,0.07539189730657886,0.07532152952919285,0.07525103066284944,0.07518060182464904,0.07511007193317165,0.07503935310273305,0.07496838695242064,0.07489717519748958,0.07482552328047987,0.07475305030901391,0.07468024593976678,0.07460709769071924,0.07453356864552563,0.07445915345636829,0.07438335957736368,0.07430712082501631,0.07423040505753316,0.07414660620500861,0.07405961770940431,0.07397090279124964,0.07388141965972007,0.07379112419484699,0.07370001289288393,0.07360764333073094,0.07351370574676847,0.07341885799625626,0.07332305821111472,0.07322628527249084,0.07312839172084389,0.07302928825777547,0.07292401828233726,0.07281213662169507,0.07269896682686834
TUR,Sixth,16.1635538258038,16.529040150972495,16.89542848920455,17.267565331976407,17.648482163851106,18.038841818800737,18.418341859851747,18.8054425698728,19.200635077836143,19.604250716024534,19.92095005895844,20.304382096420632,20.695761150449226,21.09636096020761,21.49982411295666,21.908370067374808,22.31362474011127,22.72821804416448,23.152832203001417,23.58716112398263,24.033360989506814,24.4717703192295,24.92002957452529,25.37756556076234,25.844586751497573,26.32102516060089,26.793451525937563,27.275163114608855,27.767136756208195,28.272326961594597,28.79057103533444,29.308395094987564,29.835494064589053,30.37358208815105,30.921506740656486,31.479030181500956,32.03234299696299,32.59506576293129,33.16837238255653,33.751653018421884,34.34397466535635,34.930898673128326,35.52797209496609,36.13454449262182,36.75087752153641,37.37679192066094,37.99509749941096,38.62044653637506,39.254887338457806,39.90016065158615,40.557488617855334,41.21130954128449,41.87446898793694,42.54646222186593,43.22798994792567,43.91926875336571,44.59849765530377,45.28501733571967,45.97812728433449,46.67867056743507,47.391471484972456,48.09128581215217,48.799041828982276,49.516101294026534,50.24233957713405,50.97306749403445,51.687975048332085,52.407691795508846,53.132790343491486,53.86283902582984,54.59694959311694,55.31230651369082,56.03094652842611,56.756322631283396,57.4915121944965,58.235029551025455,58.9616794585892,59.6924086845783,60.42200575467877,61.14933024787029,61.877831651873954,0.08861634499293175,0.08867704016240138,0.08873304895957847,0.08879252703625369,0.08885636251989303,0.08892459394411077,0.08898976685629624,0.08905635092149178,0.08912671651938081,0.08920078835101465,0.08927489593908193,0.08934817731353174,0.08942410893867772,0.0895062361487445,0.08957424815452546,0.08963340259871078,0.0896901799009801,0.08974824135216526,0.0898078978203308,0.08986906021477364,0.08993200516083907,0.08999232525416584,0.09005371819735217,0.09011620831577676,0.09017974920366555,0.0902442444761191,0.09030626998116871,0.09036875385722999,0.09043232371611798,0.09049744604590995,0.09056395185466175,0.09062906935152767,0.09069406885490533,0.09066266597814372,0.09061150385413695,0.090560691309258,0.09051010038206894,0.09045913494473945,0.09040843860954388,0.09035740147739152,0.09030093414374267,0.09024461938304748,0.09018828092178975,0.09013195281945331,0.09007558095777793,0.09001914413346236,0.08996291278377017,0.08990684568850249,0.0898506562959247,0.08979431049536317,0.08973779545852173,0.08968127466685932,0.08962460943780759,0.08956772895861054,0.08951058532394467,0.08945318101008758,0.0893953567953927,0.08933680458228745,0.08927791982503225,0.08921868943369048,0.08915908327936983,0.0890986904425164,0.08903710925147454,0.08897509365405816,0.08891261879238645,0.08884429243526713,0.08877327466073293,0.0887007520876176,0.0886275038316865,0.08855349348541414,0.08847871291076104,0.08840279781459406,0.08832548851479406,0.08824732326409074,0.08816826325022646,0.08808828962412556,0.08800727717871755,0.08792514683636966,0.08783777892684605,0.08774477999261962,0.0876505613616751
TUR,Seventh,18.82025498007755,19.255531353249776,19.69289568169762,20.13703306688588,20.591286079782027,21.056408163308426,21.508721901990896,21.970104020402676,22.44084949908791,22.921348860583127,23.37918636998034,23.84709871408457,24.324424480326407,24.811857314235933,25.304823228512422,25.8056305513163,26.301522728094586,26.80824573046235,27.326547299801362,27.85641565855163,28.399649660048734,28.935775432775767,29.482824417588116,30.04040047973367,30.608722102854784,31.18762106714956,31.760858031091324,32.344570161710685,32.93984654997142,33.5497956061642,34.17441719659493,34.799382771639024,35.43534934797294,36.083729457251835,36.74348536418679,37.414470450339884,38.080360403997226,38.757367727983166,39.446581268699966,40.14745952519756,40.860444727137,41.56546171869232,42.28204547886933,43.00931530629479,43.747807586197645,44.497131877848375,45.237063867638774,45.984816656924394,46.743055282059025,47.513442516426146,48.29735205481219,49.081334253187244,49.87619558234296,50.68182962585269,51.49908895404856,52.32827916614768,53.14267959183217,53.966778006859954,54.79884692754077,55.64162883660278,56.51326087264618,57.37027322412191,58.237756440448166,59.11703756061247,60.00803090212832,60.90730927382817,61.789412412454986,62.6786961989896,63.575585512691866,64.47964918160872,65.38993994568933,66.27920999150517,67.17392051680568,68.07777284561806,68.99425871770457,69.92178440950285,70.83027363816048,71.74502842935921,72.66179430062415,73.57951908802477,74.50047697305463,0.10282244157167554,0.10286333710527644,0.10290124292186943,0.10294107935789393,0.10298338673980906,0.10302817228392255,0.10307078961593094,0.10311410101774532,0.10315948587128274,0.10320687999703017,0.10325401696439497,0.1033003679874169,0.1033480872572271,0.10339920158874907,0.10344198050125519,0.10347953006960946,0.10351549366538808,0.10355208512443895,0.10358947697849966,0.10362760864854605,0.10366663293817602,0.10370393795441654,0.10374171848527482,0.1037799801197499,0.10381869016729249,0.1038577857070071,0.10389527322866722,0.103932874982523,0.1039709343516952,0.1040097156068821,0.1040491116815622,0.10408753780448907,0.1041257414231122,0.10410914786761698,0.10408126138784396,0.10405348399400279,0.10402574730669391,0.1039977255705829,0.10396977203740022,0.10394155037351725,0.10391023341087025,0.10387890452187452,0.1038474670403199,0.1038159398546896,0.1037842934908009,0.10375251549269633,0.1037207602409237,0.10368900557661927,0.10365708935777164,0.10362499177821013,0.10359270726190122,0.10356032647439399,0.10352777096814636,0.10349500134811314,0.10346198721489037,0.10342873010092204,0.1033951372976013,0.10336102707077234,0.10332662641062743,0.10329192866314066,0.103256913525045,0.10322133823064801,0.10318496088440905,0.10314822425613543,0.10311111209739966,0.10307040424363409,0.1030279629799097,0.10298448572669933,0.10294043488761899,0.10289578314396486,0.10285052436436226,0.10280443302104728,0.10275734403991149,0.10270957987265031,0.10266111438783534,0.10261192936703874,0.10256194406986932,0.1025111049262609,0.10245684294147676,0.1023988799265125,0.10233994520281836
TUR,Eighth,23.48883363525957,24.045870001252062,24.607055927738152,25.176840384324894,25.7590825008942,26.35469181165169,26.93407105305521,27.525070893981948,28.12768492349977,28.7424094808398,29.28115057418257,29.873092544481523,30.476754083510702,31.092469586710866,31.719044337593328,32.358169620088326,32.992290802474976,33.64072052244261,34.3043523497968,34.983032471028395,35.67937486000452,36.366203728899926,37.0679191064002,37.78391118583484,38.51453580438076,39.259767436612655,39.9992691733801,40.75325002286882,41.52281046722321,42.31181713053896,43.12020363930691,43.928969480684465,44.752826480034834,45.59264628774562,46.44770191316354,47.31805573110799,48.18306670566154,49.06328899201183,49.95985411916287,50.8724386933267,51.803326829346425,52.726002098962184,53.6645940977516,54.618218006302506,55.587516024968565,56.57220924258208,57.54646080724959,58.532366600348155,59.53305034566579,60.55065923459664,61.586883296179366,62.62096283083123,63.670188230127394,64.73435454784148,65.81453033242018,66.91112840591127,67.99069024816912,69.0838705104397,70.1890073428836,71.30845941361838,72.45689007574784,73.58783047394164,74.73363886196516,75.89558294748554,77.07365293226567,78.26657803439248,79.43993421194196,80.62463539277901,81.82086415204697,83.0282078319522,84.24563106308345,85.43812957305492,86.63988805129651,87.85500341180686,89.08764256041596,90.33606176089313,91.5616792799002,92.79742916943881,94.04074192800196,95.29074870584705,96.54771114548724,0.1276915137662606,0.12766935040675328,0.1276473797847313,0.1276251266297359,0.12760237188191778,0.12757903998512835,0.1275565128067495,0.12753357885234334,0.1275100862944367,0.12748598027086058,0.12746198657737828,0.12743830950516022,0.12741401278288916,0.12738876540924635,0.12736432872112619,0.12734033293620117,0.12731681310937942,0.1272928287715822,0.12726831799781343,0.12724327682604733,0.1272176084679893,0.1271924834444504,0.12716688661859196,0.127140820521897,0.12711427404580453,0.12708725528654755,0.12706073956415448,0.1270338202301943,0.1270063753900572,0.12697823612994177,0.12694941346257763,0.12692074577770468,0.1268917212703401,0.12689364285127097,0.1269018204333489,0.1269097592827338,0.12691748202200825,0.12692508022546534,0.12693245937794784,0.12693970678009642,0.12694751601262724,0.12695508594964422,0.1269624413886803,0.12696958110542694,0.1269765115832795,0.12698323638246253,0.12698972423769253,0.1269959846982239,0.12700205002368062,0.12700792398689828,0.1270136076517968,0.12701908398574974,0.12702436679014376,0.12702946144232408,0.12703437253889222,0.12703909565228585,0.12704364308286853,0.12704803234848097,0.12705223069885493,0.1270562364823339,0.12706004698655676,0.12706368512588598,0.12706716476821733,0.12707043477489996,0.12707349344145985,0.127076569322969,0.12707947058284091,0.127082122199767,0.12708448433704245,0.1270865513526733,0.12708831365673373,0.12708977081216208,0.12709091257841754,0.12709171842409994,0.12709217960527383,0.12709228661196115,0.12709202737270786,0.12709139016674104,0.1270903007309167,0.12708867943941946,0.1270865535564338
TUR,Ninth,28.30652601595861,28.998281525202557,29.69716347476029,30.406589359745603,31.13090676734862,31.871172870310676,32.5916213543112,33.326615928414434,34.07551739035914,34.83892346157313,35.91205251103186,36.70451892370242,37.511870323642924,38.331916945876216,39.168698300983905,40.02483826794292,40.86881816758736,41.72880764278383,42.605745332396275,43.501104018744684,44.41449819549098,45.325761109260796,46.25093680564964,47.1905967063772,48.14494655602389,49.11330547701092,50.06872046546732,51.038231708085924,52.02334395079256,53.02733724690023,54.051044063881314,55.078909153505904,56.123980338884756,57.186109049998336,58.264880478469514,59.360563184532964,60.44763062089879,61.55192940380046,62.67396744584349,63.81358492029811,64.97774124856898,66.12257394758738,67.28357653692224,68.45885579008446,69.65020888155632,70.85624208114233,72.04575265654873,73.24515745267608,74.45973070827411,75.69043840132514,76.93914897623529,78.20628618868417,79.48969820635116,80.79127750182617,82.11248623264021,83.45400870453982,84.77000195002434,86.10567866249637,87.45444795236348,88.82813864663979,90.30889810409877,91.76996154100628,93.25199523505145,94.75592792463763,96.2818747277661,97.83323760343269,99.36428139775353,100.9128974499879,102.4787079355655,104.06137510494769,105.65982020591039,107.23038712878525,108.81615819063977,110.42142579122698,112.05112131548235,113.70340928132578,115.33007717200822,116.9728749820506,118.6332146519508,120.31075564670348,122.0014157414416,0.15325132726775412,0.15318482431966315,0.15312351084447268,0.153057339779428,0.15298519532844523,0.15290695471143986,0.15283160818451308,0.15275389202853512,0.15267073475789997,0.15258215346646137,0.15249265200623235,0.15240331759832265,0.15230983241759513,0.1522074483928261,0.15212295310248145,0.1520496415364288,0.1519788541997257,0.1519058775249561,0.151830269474377,0.15175211221048068,0.15167100752682589,0.15159279186801738,0.1515125730261397,0.15143028573953718,0.15134596884447502,0.15125972748874036,0.15117624988729247,0.15109155455709075,0.15100474398358502,0.1509151371841874,0.15082293313790557,0.15073202658974297,0.15064065092687065,0.15068639331335482,0.15076003532491336,0.15083287548500088,0.15090510589382522,0.1509775752942169,0.15104937077776714,0.15112135753510475,0.15120066372120247,0.15127940224293224,0.1513578215672734,0.15143587710754372,0.15151364594944772,0.15159115821588628,0.15166804455512506,0.15174436799352578,0.1518205194931846,0.1518965455449293,0.151972460948457,0.15204804839036182,0.15212349447370313,0.15219888775612572,0.15227429293342185,0.15234970340144263,0.1524253222363811,0.1525015456764209,0.1525778518178516,0.1526542513078726,0.1527307803163709,0.15280795661248633,0.15288627819642447,0.15296477324534816,0.1530434671850834,0.15312909487331644,0.15321761409645732,0.15330750597827345,0.15339778364248255,0.1534884813370654,0.1535795942077095,0.153671550013246,0.15376463917031138,0.15385819470161974,0.15395224390942572,0.1540467969293166,0.15414198217476013,0.154237871972432,0.15433920901792655,0.15444632577435316,0.15455406323215581
TUR,Tenth,51.07165321266626,52.405379229365735,53.76133867999888,55.137404463689336,56.539939281817,57.9706547961637,59.36462240352015,60.787242320866184,62.23475286095515,63.70822874730134,64.87807953300681,66.27975475558321,67.70728288197186,69.15495252754461,70.66161656189522,72.22182943538056,73.77716950548366,75.37001668677846,77.00193174571491,78.67242658175736,80.38816044090336,82.08436013485348,83.82122592403685,85.59714213441411,87.41338670704944,89.27082920972543,91.12329410727959,93.01724931401597,94.95321276575206,96.939124705073,98.97495356339398,101.01467295622794,103.09867602934017,105.2217230823152,107.38619286422967,109.5939319051479,111.79746843695482,114.04547257963311,116.33802431305851,118.67752306410007,121.08799258050858,123.4902501132354,125.93891906603221,128.43311724316754,130.9746592220781,133.56396086818947,136.13940332910127,138.7540658533067,141.4146714066959,144.1259371204795,146.89151368250506,149.64964314652926,152.45437477050186,155.30588670260158,158.20682844953018,161.1585409907409,164.08356202286282,167.05506919139705,170.07014302553787,173.1310249559162,176.24563772605856,179.3319116556792,182.47077550257944,185.6610680451969,188.90366186154768,192.22830834888708,195.5328447083981,198.8884371338883,202.291632969164,205.74269865819255,209.24063345274658,212.7001729974906,216.20767229590874,219.76763971422406,223.38841600439395,227.06816489932078,230.71237631829155,234.4059745204356,238.1740098515192,242.01973928130155,245.91427630186328,0.27305762118736915,0.2725603793625497,0.2720967476094734,0.27160831540123953,0.27108822152753587,0.27053598421369984,0.27000804121794314,0.269469278168071,0.26890274945248116,0.2683088426291124,0.2677154428104829,0.2671291966120796,0.266522921572894,0.2658710071883082,0.2653198736829884,0.2648317727255562,0.2643619469927994,0.2638819658777794,0.26338949793656063,0.2628851465633243,0.26236671932235167,0.2618684483800334,0.261361504811792,0.26084572178938126,0.26032139691024897,0.2597892373204077,0.2592759979998302,0.258758542537249,0.25823216810964444,0.2576931226285162,0.257142625215786,0.2566024467082364,0.25606218770076095,0.25628446477148065,0.2566629228060939,0.2570384082821673,0.2574118929369362,0.25778776616660576,0.2581612862676104,0.25853695293451184,0.2589521694970022,0.259365818927398,0.25977920377175057,0.2601920802870235,0.2606048481804492,0.2610176684139627,0.261428563414515,0.2618378410160694,0.26224760068937686,0.26265809352070635,0.2630694049887976,0.26348035605323794,0.2638919563296539,0.2643047121517513,0.2647189724791368,0.2651347255440293,0.2655531085977581,0.2659763473714152,0.26640158276907233,0.2668288962987394,0.26725850374348925,0.2676933591780766,0.2681363422591945,0.2685820082452433,0.26903053425859424,0.2695205713074135,0.2700293617648011,0.2705483625981511,0.27107196947957135,0.27160044480457984,0.27213382506621697,0.2726746965467785,0.2732248842527891,0.27378054533332585,0.2743419247965016,0.274909160137196,0.27548311506032214,0.2760643303862659,0.2766818930716295,0.2773384533596805,0.27800279079038887
USA,First,11.829341539877374,11.760489355034101,11.69056435757008,11.626301873338189,11.571023132216474,11.524600311453241,11.482240967554466,11.44883308466776,11.421444340330206,11.399736820053535,11.801575016143742,11.837923525435327,11.875878265777642,11.916293275474999,11.953936135663335,11.991972584984149,12.023902213375871,12.055258408993733,12.086529002770838,12.11886612242916,12.150007974733805,12.18755113384665,12.221828766165094,12.253199776235135,12.281367267178197,12.305342358290629,12.322318374398547,12.336849404722843,12.349580110928189,12.361546841771188,12.373211047964196,12.38966495734686,12.405504238197835,12.421022171881871,12.435338128801197,12.44813338238616,12.45597267506271,12.463725872573868,12.471398133027604,12.478367013927327,12.487016574460494,12.484906268522032,12.481701468163848,12.476430046226884,12.46987663599819,12.460867060027706,12.446838499165437,12.42867705590806,12.409675782810451,12.389573444156042,12.368857002156597,12.367276398306421,12.364520073229686,12.362384794053966,12.361142727289437,12.360816145208396,12.356123475676103,12.352899183130344,12.347788430162081,12.347325119375787,12.397836638550741,12.447478462379745,12.497579615957834,12.548892170012671,12.60113735131651,12.654272059750925,12.705975473843084,12.756812783568511,12.807138372427278,12.856599927675166,12.904685726657448,12.949146986218397,12.992172494815884,13.035788859709726,13.081288138646443,13.127760716411874,13.171814564125027,13.21473572133802,13.256883072822324,13.297921194075728,13.337156588519603,0.030348509877181594,0.03011642168664812,0.029894747703785463,0.02968788913804813,0.02949514505471839,0.029315842188788722,0.02914938113803134,0.028998886283245942,0.028860042776476955,0.02873231715306305,0.028615235880142937,0.02850828736748254,0.02840646559863662,0.028315559980969997,0.02822863313559129,0.028145505939414686,0.028066026113291054,0.027989433346756982,0.02791621082607998,0.027846200907910578,0.027779268090262463,0.027715300612057715,0.027654679162497833,0.027596765053769668,0.027541409076720334,0.027488528601169578,0.027438025207450218,0.027390355868433646,0.0273448640840492,0.027301413999808496,0.02725990804048847,0.027220254382670752,0.027182039806287306,0.027145426633572577,0.027110334728521715,0.027076674317579853,0.027044364068012715,0.027013260948702475,0.026983372403120064,0.02695461331240922,0.026926947284170114,0.026900260064886782,0.02687374737622428,0.02684814291115272,0.02682335073296522,0.026799331779445063,0.026775986957547983,0.02675186300826139,0.02672834170248583,0.02670535576773917,0.026682889932361845,0.026660831225840034,0.026637778650666015,0.026615103861096494,0.026592700928181882,0.026570582567757375,0.026548642547510614,0.026525960906291737,0.026503392768090904,0.02648092698875896,0.02645848725761796,0.026436032040589474,0.02641262116106778,0.026389155666925887,0.026365576945763188,0.026341820326385816,0.026317872060593495,0.026292818903220373,0.026267525196511887,0.026241913487355176,0.02621600134544957,0.02618967959405904,0.0261618486343415,0.026133624547797604,0.026104944285708764,0.026075781290391883,0.02604604184230118,0.026014565654430027,0.025982512182641734,0.025949873572764525,0.025916637707672528
USA,Second,19.918116293544855,19.857109044914743,19.793457367554424,19.736205575390844,19.690053445609617,19.65499885725097,19.623266601572762,19.602824582592632,19.589961469467713,19.584323400840113,19.578184162415127,19.578008023390595,19.581284412358436,19.590968287269746,19.601812833481,19.615346282441028,19.630374719166262,19.649068382077218,19.67203664720884,19.69868880638592,19.730297989495313,19.759930228429525,19.792584943113134,19.826919129917446,19.862647559269785,19.899073239394394,19.933139223561668,19.969506677128127,20.008317854443618,20.052342252101035,20.1009501191178,20.15214856713479,20.205309246029255,20.26089891861296,20.31763244787531,20.37510095659508,20.42719111702704,20.481567903418018,20.538527259399107,20.597345465111115,20.660357613749014,20.71537293398452,20.77238724541198,20.830663502621924,20.890427104705505,20.95086808339786,21.006458252793802,21.060293527306268,21.115650409235617,21.173320846033757,21.234003448164,21.30355560003793,21.37373282106081,21.44544604911527,21.518981564511844,21.59427518533735,21.666601608520605,21.73964318111047,21.811975890239275,21.88618877672574,21.980707946668677,22.073602310671756,22.167414192420537,22.263162523253445,22.360463481767646,22.459260089546436,22.555457543907,22.650683339020595,22.745395790185377,22.83910032430944,22.931072447029237,23.017148205267194,23.10140535321923,23.186636872900944,23.2746604750527,23.36421820743162,23.449531156631757,23.533452044303093,23.61643718862441,23.698013379022267,23.77720242812904,0.046876862990300056,0.04661584740408672,0.04636584837919459,0.046131940426645965,0.04591344876422362,0.0457097235001336,0.04552017803713115,0.04534847165405707,0.04518977012097697,0.04504353089530009,0.044909270792409854,0.04478645484797015,0.04466936975108966,0.04456470982659544,0.04446451623153999,0.04436859775842776,0.044276791776318894,0.04418823182960244,0.04410348625535017,0.04402238495106859,0.043944779289815016,0.043870549199867916,0.043800144739317905,0.04373283306415357,0.043668446670218575,0.043606895201321126,0.04354807162603453,0.04349251456530126,0.0434394618684682,0.04338876177222417,0.043340303109191805,0.0432939806017291,0.04324931848649148,0.04320650642003634,0.0431654533977761,0.043126057947889845,0.04308822512696988,0.04305179099403798,0.043016766089193935,0.04298305101804825,0.04295060603926316,0.04291929643400098,0.042888182248273385,0.04285812176863635,0.04282900531035003,0.042800788670877346,0.04277335544726504,0.04274499838770906,0.04271733930654369,0.042690302511733405,0.042663869617566984,0.04263790811873179,0.04261076836794681,0.042584065329417005,0.04255767459185088,0.04253161023548858,0.04250575054717772,0.0424790067328481,0.04245238995812955,0.0424258845958354,0.042399403974751844,0.04237289587724916,0.042345250851002166,0.04231753322070476,0.04228967375932808,0.04226159408159181,0.042233279205922555,0.04220364814488356,0.042173723155291026,0.042143411687111804,0.042112732035431984,0.04208155791078443,0.042048583812956446,0.04201513260692571,0.04198112624876134,0.041946535677613764,0.041911245952054775,0.04187387958940448,0.041835812363621945,0.04179703343503331,0.04175752618525133
USA,Third,24.448202774460057,24.411337079507092,24.370325157722018,24.335011564217183,24.31083442396944,24.297911326855257,24.286825365739343,24.287047172028867,24.29480880175467,24.309793518081207,24.090971580571182,24.08080562241869,24.07471705988409,24.076352275519056,24.081042626051754,24.089411452729333,24.10314023012331,24.122650174221352,24.148580070097527,24.179399699307194,24.21833493896836,24.250428099114135,24.288764660461176,24.331130673567124,24.37726403110724,24.426648246976193,24.47602047760235,24.53011627527083,24.588846024930103,24.65592878442693,24.73013775979718,24.805519798711362,24.88421151744209,24.96676434160934,25.051683127841155,25.138529607271686,25.219595740312972,25.304200013288337,25.392787232735632,25.48459390224329,25.581924090404193,25.67257887477892,25.76696312986642,25.864411132953848,25.96485433861899,26.067686588726332,26.165661620854973,26.263323702334738,26.363802394604384,26.468456305870145,26.578098305958303,26.69090353295315,26.80545778021425,26.922067950442887,27.041035374951583,27.16224878481597,27.281228136073576,27.400631318311962,27.520019826478396,27.63981818656179,27.763142051377297,27.884397707929956,28.006956069923742,28.131892720084593,28.25877614415221,28.387549280946665,28.51304736483338,28.637678403224058,28.761873516092034,28.8850703265662,29.006435324494795,29.120634210753792,29.233005566288384,29.346633137928624,29.463617681918272,29.58252344124637,29.696158642048676,29.80848283470668,29.9198914214295,30.02984153097071,30.137207751429724,0.05563467750609225,0.05539300106169303,0.0551611024947951,0.0549437526397668,0.05474040059568847,0.05455050308007607,0.054373573865348086,0.054213087510986656,0.05406457957576793,0.0539275827768347,0.05380168146499538,0.053686403507893304,0.053576410044926935,0.053478009771745556,0.053383739177567585,0.05329342674494292,0.05320692711539986,0.05312343142571633,0.053043482119266454,0.05296692341582543,0.052893622869690925,0.05282347298172814,0.052756900966821806,0.05269322293608933,0.05263228324015315,0.05257399990534113,0.0525182744408411,0.052465621473022826,0.05241532242472578,0.0523672359251866,0.0523212579153272,0.052277291824069656,0.05223488698880606,0.052194226276721344,0.05215522377107275,0.052117784721299514,0.05208182159981726,0.05204717805733619,0.0520138657848841,0.0519817910951335,0.051950916480847785,0.051921116155230394,0.05189149499274347,0.05186287112891101,0.05183513944660205,0.05180825923654924,0.05178212009424017,0.051755094572306024,0.05172872977670618,0.05170295159134001,0.05167774561165699,0.051652983408771086,0.05162709299334373,0.05160161376276527,0.05157642787466836,0.05155154849205279,0.05152685934145117,0.0515013213034125,0.05147590062581756,0.05145058067082567,0.05142527905534056,0.05139994575812914,0.05137352155759755,0.05134702245118254,0.051320382437539974,0.051293525999043195,0.05126643813066953,0.05123808655618898,0.0512094475776683,0.051180430433305404,0.05115105629298531,0.05112120076409427,0.05108961433162214,0.05105756206679355,0.051024970808253814,0.050991809485875936,0.050957971280154515,0.05092213159206491,0.0508856088464587,0.05084839301093957,0.05081046660309648
USA,Fourth,30.7285138061743,30.720949614289765,30.707547377665307,30.699243359500546,30.702389314955674,30.717241771010322,30.732101848213457,30.758576755884434,30.792754270736513,30.834357263326098,30.71552043674512,30.738737632919523,30.76594498055519,30.800513870236472,30.837395855542898,30.877866871076098,30.92199031869169,30.97181316368267,31.0280778490666,31.08944102453567,31.1589184634879,31.221611314242598,31.289980499680826,31.361854893146088,31.436941065274723,31.514566966150728,31.59010775970489,31.66998456939124,31.754258505098022,31.84712823685602,31.94733301031477,32.04919807899779,32.15450820477411,32.26391730698572,32.37566316531728,32.489310416758954,32.59496951004299,32.704474116510525,32.81822682275864,32.93533386571105,33.058794771236904,33.17161786076838,33.288384231710815,33.408075839554996,33.530861764598654,33.6558220229079,33.77400974786408,33.89137268984922,34.01171534595776,34.13633885162946,34.26619153681414,34.40355873558718,34.5428620630471,34.68469283686156,34.8294334742379,34.97697746537577,35.1209004232666,35.26597109554519,35.410845504474075,35.55749922246708,35.7200487289502,35.87990892961239,36.04157270052653,36.206200949714315,36.37330067078376,36.54281720590394,36.70811278066628,36.87268322865049,37.03693879898418,37.20023345256897,37.36159302577239,37.514061935182,37.66468866661801,37.8169375485023,37.97325916473901,38.13200093004551,38.284038539515656,38.43485993539166,38.58480176867593,38.7332334806024,38.878846283961124,0.0673613343106478,0.06713472002864117,0.0669168888306107,0.06671238295385919,0.06652074684826118,0.06634152807153129,0.06617432051528238,0.06602246286381856,0.06588177738661918,0.06575185981389695,0.0656323475354662,0.06552282231971329,0.06541822973371404,0.06532458869088477,0.06523481369131194,0.0651487504608823,0.0650662653955152,0.06498659488850542,0.06491026316816723,0.06483712636850947,0.06476706252921731,0.06469997370272657,0.06463627711831228,0.06457531853595926,0.06451695371237234,0.06446110972418453,0.06440769371693818,0.0643572023244173,0.0643089505001504,0.06426280382546981,0.06421866542874669,0.06417644538549139,0.06413571128822335,0.06409663909800514,0.06405915076977725,0.06402315534486164,0.0639885687038957,0.06395524279227059,0.06392318930539526,0.06389231926552154,0.06386259780037366,0.06383390348746203,0.06380537532721452,0.063777801812766,0.06375108356437781,0.06372517891552551,0.06369998365191766,0.06367392995106833,0.06364850732976585,0.06362364608638815,0.06359933095801514,0.0635754400579551,0.06355045726607488,0.06352586562934165,0.06350155220453654,0.06347753102689321,0.0634536886846907,0.06342902183590722,0.06340446447246274,0.06337999829104173,0.06335554700073717,0.0633310604431774,0.06330551404634954,0.06327989057648314,0.06325412410324262,0.0632281457040759,0.06320193672881738,0.06317449964703803,0.0631467783822264,0.0631186860468852,0.06309024140926978,0.06306132450685685,0.06303072362598983,0.0629996650748408,0.06296807645122492,0.0629359281339685,0.06290311368416977,0.06286835015998793,0.06283291502514846,0.0627967981799731,0.0627599815565051
USA,Fifth,36.32096466251876,36.35251404662455,36.376367810431624,36.40410721649856,36.4428706479204,36.49306269571489,36.54095815377209,36.59990497509814,36.666110783232796,36.73935667903725,37.19869643505449,37.31767455147361,37.43903491543333,37.56394986399151,37.68612275605671,37.809759355950554,37.92669086068309,38.04541237840106,38.16680138247023,38.2914962948102,38.418818024123915,38.547413041619706,38.67484329749863,38.800540635763426,38.92411363335721,39.04425271853001,39.15379160907862,39.26258784543618,39.37146823898974,39.484098736608615,39.60014921043492,39.721172212648455,39.84358548604282,39.96810973502226,40.09275601541593,40.21714757132252,40.32941405929804,40.444014481412154,40.561016751528676,40.67931680167598,40.80346592671085,40.90624167431719,41.01053798744081,41.11439689901574,41.21898892738602,41.32238950049097,41.41488414452907,41.50311778035965,41.59248800735952,41.68323744135815,41.776426574605175,41.895982947601794,42.01610493235571,42.13888311272453,42.26485722281277,42.39400787749335,42.515346939491764,42.639950916112674,42.762807753291035,42.89283440643049,43.09327424666233,43.290459902609435,43.48999097893625,43.69303573758784,43.8990572895674,44.10800317703186,44.311876857824416,44.515269883893154,44.71851323168233,44.92089488225933,45.12131940465297,45.31132349288086,45.49962419390395,45.68992496986032,45.88498201657576,46.082961533109575,46.27296514453833,46.46200521972693,46.65028104028914,46.83708847515873,47.020963948422875,0.07748225111121482,0.07728991178594635,0.07710463370025404,0.07693033975778649,0.0767667074815783,0.07661341103127892,0.07647015448223876,0.07633985497332602,0.07621897719253473,0.07610721043256051,0.07600427526696477,0.07590984266192116,0.07581957387358337,0.07573868353408732,0.07566106672609199,0.07558659852266214,0.0755151716751652,0.07544613123835908,0.07537993549340835,0.07531646803072711,0.07525562775849012,0.07519733520633298,0.07514195546713748,0.07508892718348044,0.07503812867920716,0.07498949805582125,0.07494295933825885,0.07489894770458791,0.0748568689944854,0.07481660929189951,0.07477808640912066,0.07474122192079437,0.07470564363424982,0.07467150436999744,0.0746387370603469,0.07460726427361719,0.07457701328674936,0.07454785688017337,0.07451980493407312,0.0744927820015214,0.07446675705701605,0.07444162431741472,0.0744166313133725,0.07439246872718115,0.07436904879760303,0.0743463386736666,0.07432424428255532,0.07430139111919896,0.07427908754434075,0.07425727088638277,0.07423592952672932,0.0742149565280363,0.07419301794029927,0.0741714203452734,0.074150060603921,0.07412895463915307,0.07410800066869941,0.07408631808492006,0.07406472533080578,0.07404320978812291,0.07402170186204343,0.0740001581593261,0.07397767751397794,0.0739551229785691,0.07393243914555439,0.07390956155839536,0.07388647728899632,0.07386230432573238,0.07383787555321132,0.07381311421653722,0.07378803520321196,0.0737625335105278,0.07373553966001271,0.07370813430528245,0.07368025431386245,0.07365187205931296,0.07362289432789214,0.07359218526588879,0.07356087320520045,0.07352894885593196,0.07349639533428114
USA,Sixth,44.29350401686503,44.38018141730805,44.45673865926948,44.53559788169177,44.624934218544354,44.72534466532322,44.82021670392241,44.92538724450626,45.037234396128994,45.15561784324006,44.89827003839969,44.96432990016954,45.034590027886324,45.11229856656087,45.19361191935506,45.279350635372566,45.37125692866457,45.471196991291805,45.580005590230776,45.69538661093723,45.82261346586362,45.9364726478009,46.059171355691674,46.18758499334679,46.321445781536895,46.4601808356589,46.5971264368199,46.740821500098406,46.89125292057459,47.05433888664946,47.22801915946152,47.401634479590236,47.58051378047139,47.765514304889656,47.954336628674014,48.146561806431,48.327400348553965,48.513992204518324,48.7068495112588,48.90491911389474,49.11192189598646,49.305000000818595,49.504555905944635,49.70917815189642,49.918960415964726,50.13289975398161,50.337653211379106,50.543139912526556,50.75347718112682,50.97058208029841,51.19568215080409,51.42573700338995,51.659624269733555,51.897309084099064,52.13928905217026,52.385405321220055,52.627164752256604,52.87076894331271,53.114990480172295,53.36080920297224,53.61528488012464,53.86569328506071,54.119213292556076,54.37701606464246,54.63850492767512,54.903636017278316,55.16247030682901,55.42119597797302,55.68002860902589,55.93817070032481,56.19436740355358,56.43799071107152,56.680136947374585,56.924812051463086,57.17517583725727,57.42915884915611,57.67334581791757,57.91695086078671,58.15997775753136,58.40162566477964,58.640228804608284,0.09149485446548647,0.09134602218473702,0.09120217313570235,0.09106642404709718,0.0909386044417563,0.09081853091303455,0.09070603740215524,0.0906034807944752,0.09050813882231526,0.09041981094748376,0.0903383184417027,0.09026343523678149,0.09019174529713955,0.09012741309451199,0.09006560381704067,0.09000622983602072,0.08994921441470555,0.08989404006988444,0.08984108339102252,0.08979025529809213,0.08974148355385951,0.089694709438926,0.08965023310753302,0.08960760854379793,0.0895667431678389,0.08952759116513422,0.08949009491082718,0.08945460992400874,0.08942066159191815,0.08938815854088704,0.0893570394952499,0.08932724292713183,0.08929846925713876,0.0892708444347043,0.0892443167214915,0.08921882390737845,0.08919431000484294,0.08917067096866015,0.08914791833533034,0.08912599096388943,0.08910486477907335,0.08908445542542875,0.08906415095146313,0.08904451379949092,0.08902547348658743,0.08900700343843078,0.08898902829361627,0.08897043040917772,0.08895227233947237,0.08893450562096006,0.08891711962239399,0.08890002824204822,0.08888214574865527,0.08886453375087701,0.08884711127639869,0.08882988853892887,0.08881278580851282,0.08879508274500539,0.08877744741414717,0.08875986832621913,0.08874229086819968,0.08872467801246874,0.0887062935569309,0.08868784259817551,0.0886692789974592,0.088650551084124,0.08863164708872125,0.0886118448416347,0.08859182536495451,0.08857152667685693,0.08855095969915049,0.08853003843560962,0.08850788422885103,0.08848538259073753,0.08846248317848755,0.08843916084529614,0.08841533859859554,0.0883900837141723,0.08836432058083732,0.08833804090819944,0.08831123107022838
USA,Seventh,51.93448814956807,52.09373285484167,52.24003033947548,52.38613342385845,52.54118010240054,52.705980634223806,52.861152142421666,53.024650214684996,53.19338542455524,53.36732272196548,53.401825593120954,53.54667344642548,53.69452118840055,53.84682003582545,54.000063858886605,54.15655359536664,54.31390475742902,54.47764859977668,54.64867781170861,54.825518735581845,55.01210526753633,55.18744596098442,55.36857090723005,55.55301558152022,55.740483223669685,55.93010044903014,56.1130326372552,56.30044583249984,56.49278012437906,56.696200404033114,56.90891165117478,57.12259596721008,57.340907755715826,57.56479227086203,57.79166711360264,58.0211755940335,58.23568310252895,58.45565490573061,58.68143752046527,58.911826678111396,59.15163562342525,59.37022858367981,59.594799734747674,59.823214450032935,60.05612007486485,60.29192795675516,60.51534145041833,60.738241346550446,60.96555985477343,61.19880636944782,61.4393541691167,61.69447391023521,61.95343834678687,62.21670336117243,62.48490221313244,62.75790620437525,63.02393195755982,63.29336429405208,63.56287352696898,63.836999984774124,64.14800711479118,64.45415440971509,64.7643061664285,65.07952993373259,65.39918129811531,65.72323388908896,66.03980469363559,66.35681388604003,66.67426411894591,66.99128691813196,67.30647956743545,67.6070431767074,67.9065894178716,68.20926465097972,68.51861115653183,68.83235112278123,69.13456485196002,69.43683885026022,69.7388471699645,70.03970236247358,70.3375523874463,0.10455080701792113,0.10447351687540678,0.104398096286213,0.10432628767895577,0.10425811696354094,0.10419359367789906,0.10413272391363067,0.10407688068612307,0.10402467051877264,0.10397604929526964,0.10393097760935496,0.1038893830593938,0.10384940240031704,0.1038133947006803,0.10377868284833061,0.10374523132353639,0.10371301097206832,0.10368173978536031,0.10365164245541804,0.10362267892757804,0.10359481625859694,0.1035680309946311,0.10354250408972857,0.10351798667933888,0.10349443185917301,0.1034718214305603,0.10345012660890708,0.10342955974427989,0.10340984922045197,0.10339094944339322,0.1033728252472998,0.10335544705648111,0.10333864210754275,0.10332248712454813,0.10330695310259522,0.10329200741205662,0.10327761900500948,0.1032637285789927,0.10325034481833713,0.10323743186566929,0.10322497984012603,0.103212938022774,0.10320094764668454,0.10318934053455504,0.10317807690592706,0.10316714027474701,0.10315648819795734,0.10314545774330143,0.10313467998004991,0.10312412565681695,0.10311378935801653,0.10310362075131563,0.10309297227169319,0.10308247643326439,0.10307208670250399,0.10306180795453307,0.10305159218046486,0.1030410098750621,0.1030304604726891,0.10301993698623454,0.10300940563375773,0.10299884483091518,0.10298781279650857,0.1029767328311955,0.10296557518515743,0.1029543104933602,0.10294292978748006,0.10293099894158114,0.10291892708929322,0.10290667551589489,0.10289425149181777,0.10288160318133709,0.10286819658182085,0.10285456690120444,0.1028406826476277,0.10282652882968857,0.102812056565032,0.10279669895499896,0.10278101483165575,0.10276499950471377,0.1027486432940247
USA,Eighth,65.3277655481281,65.60992178708543,65.87465824057794,66.13524666394808,66.40237436486586,66.67718641948548,66.93544110294107,67.19886288592977,67.46523244692169,67.73468579152507,67.65487800414584,67.85964434167036,68.06707419803293,68.27767497090309,68.49016022670234,68.70632887970447,68.9253012176766,69.15260737240682,69.38914358075789,69.6325530883613,69.88894238329375,70.12730345273889,70.37414195627912,70.62620198699098,70.88324425335259,71.14454427510816,71.39912333319168,71.66021670846595,71.92826004252213,72.2110098038691,72.50591110620438,72.79958834222195,73.09955195877727,73.40691312675558,73.71862256797404,74.03438956814618,74.33155830520681,74.63594977135536,74.94798348919333,75.26634948093238,75.5964936046034,75.90193080915475,76.21585809202571,76.53567126456011,76.86196799148834,77.19310449498357,77.50935066211326,77.82693420822126,78.15074870826288,78.48285654823482,78.82487484245296,79.17859337059821,79.5382685855193,79.9035139205461,80.27507720141136,80.65278451654027,81.02276180165939,81.39706963296629,81.77238845692168,82.15223946249031,82.56166812011756,82.96483759661172,83.37354463442766,83.788673133633,84.20950789932206,84.6360499894562,85.05302190557451,85.47140278792605,85.89083586770427,86.31034242568809,86.72827892827958,87.12803078497642,87.527589016106,87.93129924827832,88.34332091868447,88.76104570301622,89.16420367976986,89.56854229613229,89.97318628386422,90.37710689802715,90.77815450653173,0.12673365809467516,0.126766101546992,0.12679584138979924,0.12682247098154062,0.12684629073842443,0.12686757297871398,0.12688656380171404,0.1269030865246266,0.12691777806520627,0.12693081918785848,0.12694237016020302,0.12695258078068877,0.12696199579584122,0.12697014720585031,0.12697771599382154,0.12698474493091286,0.12699127314384576,0.1269973857214217,0.12700306307361878,0.12700833880535647,0.12701324308141965,0.12701780076752253,0.12702200316483148,0.12702591155604442,0.12702954827263174,0.12703293236016672,0.12703608256242807,0.12703898028148566,0.12704167873635402,0.12704419395760252,0.1270465403476021,0.12704872963742395,0.12705079067829497,0.1270527213058856,0.12705452997067612,0.12705622742247086,0.12705782152731585,0.12705932370426407,0.1270607368929417,0.12706206883666776,0.12706332327739955,0.1270645106419977,0.12706566567721808,0.12706675875047857,0.12706779595414658,0.12706878169144828,0.12706972087743695,0.12707067135008504,0.12707157976976213,0.1270724492321025,0.12707328139227073,0.12707408163462466,0.12707490018492906,0.12707568818467874,0.12707644822593042,0.12707718218320443,0.12707789364668295,0.1270786113356983,0.12707930835601114,0.12707998420499955,0.1270806419031631,0.12708128203871155,0.12708193048664718,0.12708256146902003,0.1270831756229968,0.12708377564718765,0.12708435918095334,0.1270849488134331,0.12708552102092346,0.12708607737648064,0.12708661604237834,0.12708713939141214,0.1270876652102843,0.12708816964707828,0.1270886534569662,0.12708911493982422,0.12708955330297186,0.12708998212579198,0.12709038225786332,0.1270907512109066,0.1270910862497673
USA,Ninth,79.50798953805837,79.97614075197171,80.42087104438201,80.8546773661791,81.28982006014633,81.72784635629476,82.13932025566946,82.54913695025624,82.95702736419776,83.36336869504507,85.00559879672768,85.52714542762335,86.04515384722436,86.55145419195641,87.04400982084573,87.53294406301877,87.9934618151465,88.44992560353198,88.90337340740751,89.3573152853367,89.80699908857085,90.26142804431821,90.7032760572767,91.13432745848795,91.55414252632043,91.96027433847011,92.33446236184105,92.69941185061839,93.05797645907072,93.41604165796974,93.77385389132111,94.13889460995627,94.50375281108575,94.86961556202051,95.23297287039036,95.5938009560179,95.92393863728185,96.25641369240356,96.59061766276929,96.92476093540753,97.26850515247236,97.5566574028239,97.84618343388074,98.13155323690494,98.41629150240853,98.69594761717055,98.94886353655383,99.19394797843965,99.43969556389078,99.68500624915973,99.93172967710572,100.24347725153692,100.5577812987756,100.87790334166715,101.20506378394745,101.53933886597838,101.85396501692803,102.17953050213731,102.5018822368199,102.84436325030146,103.37233525057164,103.8925400830709,104.42040476747934,104.95629070612162,105.49943642004196,106.04989871362577,106.5885669062576,107.1302490986523,107.67389190948067,108.21843301133757,108.7619767523133,109.28359428983283,109.80663477795675,110.33521271815673,110.87415459541813,111.42053421986846,111.9492004197146,112.48109785446958,113.01431639475715,113.54769046574349,114.07877383713824,0.14944488486283125,0.14967312706550231,0.14989110805915884,0.15009448929807842,0.15028395827755747,0.1504601744506218,0.15062372903477858,0.15077155599227246,0.15090790040263052,0.15103329110817562,0.15114819861187084,0.15125313316209996,0.15135300945003247,0.15144215333647087,0.15152737295525667,0.1516088455666713,0.15168672321894072,0.15176175173129755,0.15183345998448483,0.15190200390210643,0.15196751796065297,0.15203011334786973,0.15208941959247574,0.15214606320842747,0.15220019158005735,0.15225188848178559,0.15230124959195399,0.15234782950161832,0.15239227247297218,0.15243471187541605,0.15247524361612733,0.15251396052130253,0.1525512628474168,0.15258699603525896,0.15262123875394665,0.15265407840982043,0.15268559535887527,0.15271592969045356,0.15274507466323803,0.15277311414265957,0.15280008340632628,0.15282609543095108,0.1528519318840679,0.1528768806511475,0.15290103439902009,0.15292443103187117,0.1529471683855371,0.15297066081263547,0.15299356304225528,0.15301594136786278,0.15303780979055165,0.1530592794742187,0.15308171287053987,0.15310377586411741,0.1531255714608159,0.15314708719650574,0.1531684261242233,0.153190483795436,0.15321242696405996,0.15323426861704847,0.15325608011161937,0.15327790508437356,0.15330065521333733,0.15332345379834705,0.153346358832376,0.1533694336765326,0.15339269123759328,0.15341701670541363,0.153441571434637,0.15346643035524984,0.15349157734217206,0.15351711605296936,0.1535441145293831,0.15357148876955867,0.15359929880329284,0.15362757115713543,0.15365639648675053,0.15368689814617217,0.15371795160016394,0.153749563168717,0.15378174663872693
USA,Tenth,146.7579078308235,148.15761431869527,149.50851173578081,150.81690862017217,152.1011851416243,153.36440705719423,154.55224030775395,155.70353804875435,156.82828533447628,157.92786485031965,157.77796183110803,158.61196970923635,159.4390394219653,160.24162997895837,161.04399585744767,161.84647268862466,162.65106427156897,163.4690800995215,164.30042498202425,165.1391562383074,166.0017138611097,166.80692749574888,167.627123948481,168.45691500236433,169.2966779133233,170.14655290793246,170.9802272694128,171.82483566977342,172.68235393736182,173.56908242479545,174.4787930075872,175.3711181680066,176.27648699726558,177.19657684314325,178.1259279316473,179.06506739528422,179.9586536786138,180.8673073472467,181.79144578090143,182.7294161784188,183.69087241072265,184.59764565417973,185.52675563984607,186.4707906262991,187.43091997999704,188.40478025140445,189.34483994006555,190.29872318581693,191.26797442802874,192.2570439634313,193.2688755908971,194.28386385137398,195.3199263337643,196.3692643004356,197.43358207825685,198.51248091361322,199.57643649776304,200.6545316738721,201.7394414872786,202.83256034808792,203.94371290209654,205.03986962607271,206.1544957150511,207.28483695977468,208.43003236418647,209.590456567794,210.72849305264452,211.87841247005764,213.03532939419205,214.19795210379868,215.36334999907555,216.48960712790975,217.62659550852896,218.7761089264943,219.94576404622777,221.13146312528815,222.28472948538385,223.45270756926143,224.62786955495793,225.80853446349292,226.99109936177527,0.25007215976364944,0.2511913303603464,0.2522695600204868,0.2532840230782214,0.25423658083425094,0.2551291201079221,0.2559633378096899,0.2567222327170684,0.2574263651386995,0.2580775283895572,0.2586773242368892,0.25922765705605555,0.25975379805471904,0.26022533985820345,0.26067785542344774,0.261112068916529,0.26152859617474944,0.26193125996309585,0.26231737323318377,0.26268761939282576,0.2630425786079951,0.26338271374833727,0.2637058825913439,0.2640153632389389,0.26431186374162735,0.26459573507451567,0.2648674219963609,0.26512437861284444,0.2653700701064247,0.2656051613681125,0.26583013039084596,0.26604542574290524,0.2662532349055486,0.26645264830127013,0.2666440617237957,0.2668279262430256,0.26700466131851164,0.26717501738510874,0.26733892677348625,0.2674968374984802,0.2676489240354041,0.2677958000198535,0.2679418725827382,0.26808309991568063,0.26821999140242075,0.268352746287439,0.26848190381192616,0.26861550264625667,0.268745899208618,0.2688734512786742,0.2689982341904369,0.2691208705584585,0.26924915370585173,0.2693754568391687,0.26950036613119227,0.26962380716548284,0.2697463604505865,0.2698731833854185,0.26999948363778614,0.2701253415309138,0.2702511623327691,0.27037719775505953,0.27050872281658117,0.2706406844093964,0.2707734149705824,0.2709072814293035,0.27104236929025277,0.2711838331208741,0.27132680522528296,0.27147173420432297,0.27161852913813267,0.27176780665234945,0.271925829384738,0.27208627348978104,0.2722495098058144,0.2724156975808926,0.2725853879600776,0.27276522479708853,0.2729486091064084,0.27313559815282085,0.27332628536044606
