country,quantile,conso_npv,tax_npv,conso_2030,conso_2040,conso_2050,conso_2080,tax_2030,tax_2040,tax_2050,tax_2080
ABW,First,497.0,0.00862,5.9779938073698,6.778467665435659,8.34964294209613,16.95057312582144,5.512838857766053e-5,6.937128027301597e-5,9.928622632107311e-5,0.00036777686460078663
ABW,Second,859.0,0.0452,11.112133390403386,12.460362108967258,15.035359935145953,28.155058478961873,0.0003800707896681121,0.0004591964364434415,0.0006163818534702933,0.001791881546895229
ABW,Third,1070.0,0.0878,14.414800851084154,16.049489245338577,19.13127118253336,34.195242572530496,0.0008586028207801369,0.0010124375632726331,0.0013080705580694092,0.0032965695979201644
ABW,Fourth,1360.0,0.184,18.94755587845709,20.979030191260893,24.76444619613478,42.64196445076436,0.002026549854075475,0.0023435709952926314,0.0029367104993933925,0.006602117252545527
ABW,Fifth,1620.0,0.32,23.29408203414688,25.65889841423296,30.023306992333453,50.00265088809533,0.0038827643913280927,0.004412201735934414,0.0053788923685520375,0.01091206494723877
ABW,Sixth,2000.0,0.615,29.51575921326488,32.349995026665916,37.52789588685022,60.50567511989395,0.008193483597410605,0.009153877697264192,0.010865686146705696,0.01995343866662281
ABW,Seventh,2370.0,1.05,35.97755345096545,39.22227482542535,45.0929951256091,70.31266658517626,0.015317895076073968,0.016814668510159968,0.01941478798695221,0.03215685009240927
ABW,Eighth,3020.0,2.26,47.277484916971495,51.227869654995274,58.286430163114105,87.50653584271502,0.036375347958077835,0.039149165730230265,0.043823392195568515,0.06465788786198537
ABW,Ninth,3720.0,4.45,60.76092701655409,65.30596317511828,73.31041399391164,104.91880341422149,0.08063983847646658,0.08462682837899574,0.09105319881564468,0.11590747813381666
ABW,Tenth,7050.0,36.8,127.35021673617707,133.71999793704984,144.3829651398366,184.16869063117093,0.8522703186475414,0.8419586816721337,0.8245035933493227,0.7443539350359655
AFG,First,107.0,0.161,0.5282254740023343,0.7557033045021762,1.1368990773745098,4.338205791601908,0.001357268908607813,0.0016334687181272366,0.002307997214261386,0.006403809170352883
AFG,Second,148.0,0.475,0.800876819060148,1.132412925486529,1.6643156482034298,5.901009553212246,0.005108282071805608,0.005916268931612239,0.007770215512521419,0.01714314720627545
AFG,Third,163.0,0.661,0.9251736559906953,1.2992351988458337,1.8842583879752788,6.4122348070969455,0.008092308764294454,0.009168274802403422,0.011549151564626658,0.022387035621176977
AFG,Fourth,187.0,1.07,1.107876214611091,1.54727501767544,2.2198349436881717,7.30792301512055,0.014382184070610067,0.01601086640546463,0.019508510524079318,0.034110069753854035
AFG,Fifth,204.0,1.45,1.253821406771986,1.7423853409077446,2.4755924272575456,7.912706659723643,0.021351878617883374,0.023397851155720555,0.027669597999329297,0.04410063781032469
AFG,Sixth,230.0,2.21,1.4659903776009429,2.027199956092985,2.852534499552849,8.85704233056428,0.03518571762111047,0.03797240150965001,0.04362295440161482,0.06356177087973891
AFG,Seventh,249.0,2.96,1.645584660306255,2.263883250387182,3.154074282231147,9.507672217942934,0.05091232707887425,0.05408166081415746,0.060293475647138474,0.08005986669162134
AFG,Eighth,287.0,4.86,1.9713046289065346,2.695717556656229,3.7119492316690827,10.817739010313142,0.09073160323736183,0.09468674891249529,0.10207686439982494,0.12216160157362053
AFG,Ninth,312.0,6.76,2.254562978866481,3.0597898863664166,4.152778948011972,11.60839054708853,0.13946508668924223,0.14229795707706103,0.14698749901028738,0.15413558505416222
AFG,Tenth,445.0,25.2,3.6129886605963093,4.807466765521908,6.2865119712416035,16.022863259918974,0.6334133429402099,0.6148345016733081,0.5782137337263163,0.45593647623887296
AGO,First,67.6,0.00721,0.6998621595631291,0.7760951416641029,0.8899688400909392,2.2421838330186206,5.327520354123179e-5,7.131257312110519e-5,8.786472397005861e-5,0.00027382528271294523
AGO,Second,117.0,0.0394,1.3098258978538133,1.431846043902718,1.6233597278625427,3.810997411010241,0.00036951468079370476,0.0004697353003049003,0.0005575861735105342,0.0014107197713323833
AGO,Third,146.0,0.0781,1.7039401788185624,1.8458805515075256,2.0784099783397623,4.685517282668614,0.0008377718114880071,0.0010326451382355543,0.0011988481252211954,0.002681592054392815
AGO,Fourth,186.0,0.167,2.2453291500138595,2.415203300527898,2.704694029729931,5.903351736398391,0.0019831026848465706,0.0023847488260058227,0.0027197770757293204,0.005512684047773393
AGO,Fifth,222.0,0.294,2.765644663372175,2.9555285948307164,3.293465419901483,6.984485629873943,0.003809408894082937,0.0044802658486513165,0.005028609739353223,0.009328027207824208
AGO,Sixth,274.0,0.573,3.511069396076019,3.728671443389094,4.135188525082125,8.528891566768076,0.008058976083588973,0.009276091604840107,0.010251134325657302,0.01744987996083591
AGO,Seventh,325.0,0.991,4.286987807092407,4.522446911344934,4.9903951805753834,10.002449150499597,0.015105848502785962,0.017003067799498704,0.018490612154330285,0.028793655357830603
AGO,Eighth,415.0,2.17,5.644914666294504,5.910844973460481,6.4855497682524055,12.590200601143858,0.03597704799829043,0.039493809595125044,0.04218178193253274,0.05944658174094577
AGO,Ninth,513.0,4.34,7.270360170680789,7.53864640278372,8.21074225742081,15.306694780675361,0.08005606094310172,0.08511289029698531,0.08883625100009417,0.11022034359654793
AGO,Tenth,984.0,37.2,15.327169509577285,15.505163529649531,16.562413580867876,28.12294759207693,0.8537489931974805,0.840675433017232,0.8306475347496012,0.7648826909798041
ALB,First,382.0,0.121,5.257645377137667,6.007948713025758,6.9873728031329945,11.793158895496221,0.0026969764979869193,0.002595700131533523,0.002534495521498811,0.0026902008179763405
ALB,Second,554.0,0.396,7.622255332754375,8.736720180346385,10.17636500467579,17.100444763887957,0.008779783059238426,0.008520490087020195,0.00836261515897822,0.008762509820067271
ALB,Third,624.0,0.579,8.581414511751268,9.85146370838734,11.483842942275048,19.250133591742262,0.01280270537859496,0.012483321699839515,0.01228800968061542,0.012781482371233307
ALB,Fourth,732.0,0.966,10.06858694168437,11.572767704648049,13.496320822484801,22.575920048013018,0.02129900539921137,0.020845872960846553,0.020567758513990043,0.021268957457747078
ALB,Fifth,813.0,1.35,11.187349293920853,12.871861042557095,15.016916988300249,25.072254117534854,0.029798583387589665,0.0292632396833865,0.02893352509584528,0.029763155106077546
ALB,Sixth,934.0,2.11,12.850402970431771,14.798580644441794,17.266632153179074,28.770935550184102,0.046360714498256156,0.04567697476864111,0.04525431253793778,0.04631556087399648
ALB,Seventh,1030.0,2.88,14.160958378350006,16.32246766462054,19.047653873931356,31.675042766635634,0.06320385345522002,0.06248294973942844,0.06203533970842748,0.06315636789325361
ALB,Eighth,1210.0,4.81,16.618858198404656,19.16987900286214,22.361488765245696,37.088391177102,0.1053726011078749,0.10456630977386014,0.10406233210614506,0.10531969598671584
ALB,Ninth,1340.0,6.81,18.513483091259708,21.377877940127593,24.93371067264241,41.22971793844206,0.14879630737401323,0.14837136815510799,0.14809985588789473,0.14876878602516608
ALB,Tenth,2010.0,25.8,28.017069359174677,32.33942974202904,37.49982938427987,61.39527527717343,0.5608894698420145,0.565193773000336,0.567861755788667,0.5611732836477665
ARE,First,764.0,0.0376,9.061267683299205,11.303579409371002,13.926496981759003,24.70828448395466,0.0002975052144573595,0.0003482333318820826,0.00047188284495548955,0.0015435289501843621
ARE,Second,1210.0,0.15,15.346819126134475,19.003757864143974,22.972372396576194,37.61623053540277,0.0015089685169941516,0.0017143868098514726,0.0021917752714690326,0.005656828041755795
ARE,Third,1430.0,0.248,18.822755495189377,23.193572451426874,27.728040709806447,43.398569393939304,0.002842199785352347,0.0031732286280504963,0.003921308762878128,0.008825630828728979
ARE,Fourth,1750.0,0.457,23.672491995847757,29.05835730480376,34.429242145251195,51.96804170344822,0.005800231250244981,0.006386043328310075,0.007680141522390783,0.015495755321454186
ARE,Fifth,2010.0,0.706,27.95971681745956,34.19605108603765,40.18907545290069,58.73810033897159,0.00975019688284243,0.010601124058406946,0.01244197187643006,0.02275494495799204
ARE,Sixth,2390.0,1.21,34.08808530368927,41.54160967738808,48.427527736039416,68.59249862534364,0.01812360018526711,0.019467095662078018,0.0223132277081631,0.03710263165549733
ARE,Seventh,2730.0,1.84,39.90796479395164,48.44249473899679,55.99637475017415,76.80712313583292,0.02970826247290524,0.031510959248331284,0.035243325457236636,0.053100181246567096
ARE,Eighth,3330.0,3.46,50.14223523933108,60.57806184396185,69.31331649953094,91.69185248207052,0.06088215160287517,0.06367125963919083,0.069283969595499,0.09347524285490502
ARE,Ninth,3890.0,5.75,60.810652419149896,73.00060595657284,82.45045678712285,104.26366063727558,0.11182031924496019,0.11485623687570377,0.12068058267668616,0.14145290243599357
ARE,Tenth,6490.0,32.0,111.25306448693502,130.80897366579907,141.9467604584492,162.53869877323172,0.7592665648441009,0.7482714324181949,0.7257718142842916,0.6205923537069217
ARG,First,438.0,0.0277,4.727547508037132,5.699441036738567,7.188284817353641,15.421616714772439,0.00020964672666589664,0.0002335278457041968,0.0003109410487576461,0.0011820877783034344
ARG,Second,697.0,0.116,8.068299490341138,9.675684637730365,11.997762276165059,23.653629443125,0.0011353162786005768,0.0012395070123646268,0.0015640156951927395,0.004576738148654285
ARG,Third,828.0,0.199,9.973158914546275,11.919602031170369,14.633374364922084,27.48288685880117,0.002222296798517593,0.002397750907179064,0.0029315181836063542,0.0073692030383151535
ARG,Fourth,1020.0,0.377,12.608639895837996,15.029455664171058,18.303832545260022,33.063323421902595,0.004676851448566631,0.0049986567011920295,0.005959177811211174,0.013268198712253251
ARG,Fifth,1170.0,0.596,14.977757030500266,17.80906782929697,21.532434449221125,37.56310258437363,0.008082286323271359,0.00856535641610544,0.009982259134593115,0.0199291820557454
ARG,Sixth,1400.0,1.05,18.355220926194807,21.771826585784478,26.136640496826377,44.07239720653217,0.015431647161930979,0.016219861000874577,0.018491871009361057,0.03321464324728971
ARG,Seventh,1610.0,1.63,21.625540316319224,25.58350165911266,30.485054907160702,49.636812072002265,0.026008355882056227,0.027104538233326873,0.030205163619081193,0.04862627377866024
ARG,Eighth,1970.0,3.16,27.351659334913446,32.25798242463185,38.10696390028062,59.63724933970863,0.05498539785214359,0.056757605211337776,0.061656239473207045,0.08780107044496496
ARG,Ninth,2330.0,5.46,33.5069823117519,39.35534393339555,45.9784778918106,68.45564779700244,0.10508229739109198,0.10715383130038722,0.11267246875287705,0.13723206257857434
ARG,Tenth,3990.0,33.2,62.74611870940241,72.78367971839253,82.45469442031816,109.43133722488928,0.7821659041371553,0.7753293653715282,0.7562263452721126,0.6468005402172392
ARM,First,446.0,0.0846,5.63774824717594,6.553708677413619,8.077629289461228,14.437220019314896,0.0019013019896729378,0.0018270596829976762,0.0018105706727857191,0.0018345941086569775
ARM,Second,661.0,0.299,8.33781776466273,9.718921575804181,11.984186243284109,21.397818120746958,0.006670398400751452,0.006463958590993282,0.006417847929686208,0.006484996276385106
ARM,Third,754.0,0.456,9.503194638286235,11.093813332080408,13.682553310974416,24.416120954679208,0.010150309357945107,0.00988345401286886,0.009823651191054055,0.009910714474299653
ARM,Fourth,894.0,0.787,11.254709816720819,13.153368704466065,16.223289520564027,28.934143860168444,0.017470105797049176,0.01707599710340797,0.016987434346258302,0.017116338310859704
ARM,Fifth,1000.0,1.14,12.614873704227032,14.75756529821926,18.202150182013828,32.44734972520653,0.02519925380442205,0.024715550753671045,0.02460657235918242,0.02476515637587534
ARM,Sixth,1160.0,1.83,14.609948520411246,17.10631504966484,21.09548688711078,37.58297024175861,0.04038186672753578,0.039738806413589886,0.03959353330905874,0.039804885095285236
ARM,Seventh,1290.0,2.58,16.243612991553523,19.036050735117612,23.471552583846112,41.79148947591178,0.05676487129324843,0.0560538308977793,0.0558926908056919,0.056127063465958194
ARM,Eighth,1530.0,4.46,19.247938245261906,22.574174927251793,27.816920833246797,49.48353923738307,0.09793785577801108,0.09708502281961301,0.09689087670283053,0.09717315080910649
ARM,Ninth,1730.0,6.6,21.721128421016402,25.502167438713876,31.407735545541726,55.8149607086927,0.14446251597598997,0.14390958375628285,0.14378221025475943,0.1439672180863019
ARM,Tenth,2660.0,27.6,33.78550981626554,39.66429999593928,48.570581151743426,85.90838106564547,0.5990615208753739,0.6032467359687961,0.6041946124286928,0.6028158829972714
AUS,First,710.0,0.0431,12.453824751278537,13.375300943019983,14.459295436433127,18.644353911732274,0.0009795603156698095,0.0009437072872847801,0.0009564006072350163,0.0008996736595132471
AUS,Second,1110.0,0.175,19.353471860012675,20.854744379426418,22.52816053984552,29.16480286790324,0.003939846859207841,0.0038242267454667205,0.003865268016115437,0.0036809118051417482
AUS,Third,1300.0,0.289,22.653519915441123,24.449852008466024,26.39671997101426,34.25036616279066,0.006484438993085421,0.006321447109253955,0.0063793923503318506,0.006118321106176119
AUS,Fourth,1580.0,0.531,27.423933161733945,29.63607352496422,31.976089151384656,41.56429009909846,0.011881432541169348,0.011622872117998072,0.011714908732820417,0.011299214147104716
AUS,Fifth,1800.0,0.813,31.330806173252082,33.89254923126398,36.54562666854837,47.57991649005138,0.018129228033635196,0.01778984962563596,0.0179107948305383,0.017363265424061664
AUS,Sixth,2130.0,1.38,36.97461714986736,40.03252481997576,43.12834071130581,56.235853957809844,0.030679037074883488,0.030195446054553595,0.0303679916669572,0.029585017761016345
AUS,Seventh,2410.0,2.06,41.891511811981935,45.39224564556422,48.85620185238954,63.804122415152605,0.04562909465269705,0.04505002526298383,0.04525691703714305,0.04431557952805318
AUS,Eighth,2920.0,3.8,50.716911654963695,54.984733601544484,59.07690591485088,77.28209131509306,0.08385917227992376,0.08308437319766687,0.0833616903211431,0.08209546025923478
AUS,Ninth,3390.0,6.11,58.757126541143414,63.74262617158077,68.34473989038968,89.59590216426237,0.13405617927381486,0.13340927218925053,0.1336416587918363,0.13257293842206758
AUS,Tenth,5520.0,30.6,96.89889563151863,104.76907993382775,110.86756019379455,145.8835029299437,0.6643620099759132,0.6677587804099058,0.6665449776458794,0.6720696178876306
AUT,First,1200.0,0.149,19.466887126197946,21.26808623079798,23.395870446529987,33.3522472489249,0.003576301045759797,0.00326043658083389,0.003100079110215532,0.0031489545486692774
AUT,Second,1710.0,0.466,27.576225291939455,30.326222874331236,33.48002759162469,47.67691263247524,0.010941970786946347,0.01018220542757887,0.009789579052974848,0.009909765034142488
AUT,Third,1910.0,0.664,30.674604685617968,33.85735818884018,37.45332312568873,53.30273484450298,0.015404290384016035,0.014501975603267464,0.014030821534349966,0.01417540961995982
AUT,Fourth,2220.0,1.08,35.62836282244925,39.441026840157974,43.70104785647409,62.16438452889687,0.024918806057198095,0.02367710223551151,0.023023072923481363,0.02322420501007578
AUT,Fifth,2460.0,1.49,39.244466496234786,43.55822967393734,48.33298083417432,68.72348387663689,0.033996380604794506,0.032571679862893985,0.03181496968842242,0.032048149666077434
AUT,Sixth,2810.0,2.28,44.68984136016123,49.728932931454054,55.259123642929964,78.53865666878579,0.051617477904544316,0.04985377182148242,0.04890857854481108,0.04920046821078101
AUT,Seventh,3070.0,3.06,48.8278800354846,54.47625010821783,60.623106497346164,86.12492679815307,0.06861597498637759,0.06682572681884197,0.06585570658273228,0.06615605547626631
AUT,Eighth,3580.0,5.01,56.740269487488376,63.49079742400512,70.774438743399,100.49770193742164,0.11120849684277814,0.10932120962022998,0.10828060418416992,0.10860414748787167
AUT,Ninth,3960.0,6.91,62.46492225525193,70.15655022089801,78.36902280913343,111.21293593930858,0.15149435115557064,0.15069894676604204,0.15022760981529898,0.15037656080281395
AUT,Tenth,5900.0,24.7,92.08020347431844,104.25394698954426,117.0362487438138,165.86285643594445,0.5282259502320146,0.5391069452633179,0.5449689785635436,0.5431562841433423
AZE,First,627.0,0.948,9.528093929731222,10.517370903146661,11.524292023954123,17.740872785271677,0.020545907299630725,0.020146814371642976,0.020050264552885496,0.021268246092915825
AZE,Second,776.0,1.88,11.814347613274016,13.05911268106867,14.3020544960718,21.890419650488084,0.04084072957898872,0.04026628575196115,0.04012672985532524,0.04187075189420986
AZE,Third,800.0,2.08,12.197840068556093,13.494563574447087,14.779496590592245,22.555527310052017,0.04523126932253626,0.044728282260046257,0.04460577399216118,0.046128027911686055
AZE,Fourth,875.0,2.78,13.35594546715839,14.78286359995224,16.183447592348518,24.633956258423623,0.060450053230296855,0.059919712693020696,0.059790235900155426,0.06139059194893412
AZE,Fifth,913.0,3.19,13.950185994984771,15.448449486693292,16.908926310613772,25.681929783661634,0.06948190462318395,0.06901895960569798,0.06890563670184131,0.07029804739267481
AZE,Sixth,986.0,4.1,15.091366772037395,16.71734224341885,18.28739039291512,27.710466919219545,0.08936111010761508,0.0889486915540049,0.08884735755263364,0.09008208313000789
AZE,Seventh,1020.0,4.59,15.632936168442617,17.325700832145017,18.948817550211235,28.649959265869597,0.10003815753541702,0.09978885330454647,0.09972710383024777,0.10046597323145895
AZE,Eighth,1110.0,6.13,17.118423939600675,18.975897273486847,20.734282518272593,31.26074944879412,0.13379009896774002,0.13377496916307816,0.13377006287814341,0.13379739849300656
AZE,Ninth,1140.0,6.54,17.469974155529645,19.38104312388589,21.17552862524196,31.832636397700426,0.14279401862873603,0.14320984151682914,0.1433103870963814,0.14204093972419662
AZE,Tenth,1420.0,13.6,21.961694119144006,24.357931208865,26.510649855598476,39.53616759861405,0.29746675070585527,0.3001975897791723,0.3008664476402252,0.2926579401809091
BDI,First,78.0,0.0588,0.2333439504771313,0.3734797362737638,0.6966265829473834,3.574690015310214,0.0004432359568750101,0.000542525019077654,0.000791680666747071,0.0024339619504953683
BDI,Second,116.0,0.214,0.38286285864112396,0.6060755416410235,1.1039483079325534,5.251042596880594,0.0020837182168723296,0.0024526846435505615,0.003322792750138517,0.008101297582147423
BDI,Third,133.0,0.337,0.4618706631763445,0.7262134534819532,1.3047481713116045,5.945788787824231,0.0037543065295569332,0.0043195918237762115,0.005605138327934353,0.011963269703913055
BDI,Fourth,157.0,0.597,0.5729713819280879,0.8961697940296962,1.5926164735379322,7.013538542271429,0.007394508135081852,0.008354518983103614,0.01047410178090391,0.020103615119229746
BDI,Fifth,177.0,0.888,0.668866814116868,1.0410915002267735,1.8320924490074086,7.825434238259062,0.012039922901064516,0.013382414050369182,0.016266562336977045,0.028381298676652303
BDI,Sixth,205.0,1.47,0.8061541832641841,1.2489472233737946,2.177061259957276,9.02802227292959,0.021698222701103345,0.023738373423012778,0.028002103500173386,0.04454373598921352
BDI,Seventh,228.0,2.15,0.9331443957795591,1.4385479154299927,2.4829327261739995,9.987529247610938,0.034446289089345265,0.03707130357553747,0.04239250273430494,0.061279415470439774
BDI,Eighth,272.0,3.88,1.1574731045341686,1.7745452976559226,3.0290201077314216,11.776424942819189,0.06810310713042382,0.07195719682435629,0.07947280455536244,0.10320541421035945
BDI,Ninth,307.0,6.11,1.3821729038689914,2.1037279573254604,3.540402703055753,13.184081558734869,0.11948647697219122,0.12332269644011495,0.1302975683359515,0.14762801282066693
BDI,Tenth,482.0,30.1,2.443558609887112,3.6556486227358618,5.951955325172141,20.17005927441279,0.7305502123674857,0.7148586952171012,0.6833747450115067,0.5723599784768825
BEL,First,1280.0,0.201,19.361946519523347,21.831079948832176,24.756937436133587,37.14435669510987,0.004038285988251483,0.004034861414052121,0.004141730727578641,0.004872567889897147
BEL,Second,1790.0,0.587,27.207689982856675,30.684945692535255,34.739105447465704,51.52179204096842,0.012023777899985249,0.012015877130369884,0.012261624088389697,0.013901292647707208
BEL,Third,1970.0,0.806,30.12344036182583,33.976205340586006,38.42764942182941,56.62270559018603,0.016669064573488268,0.016659908408817384,0.016944169601689832,0.01881376001109311
BEL,Fourth,2270.0,1.28,34.85986170806591,39.322149235303016,44.44182511392366,65.14603597781573,0.02663651441940802,0.026624171198954934,0.027006769288016395,0.02949286734599139
BEL,Fifth,2490.0,1.71,38.26967513100143,43.17124365784844,48.75969688845086,71.14386542917657,0.03594234177815823,0.03592845861259658,0.03635812748004539,0.03911752860074645
BEL,Sixth,2810.0,2.55,43.43927177384943,49.00664899314224,55.31778445417214,80.34988647836542,0.053993697388038484,0.053976876413623656,0.054496589767829166,0.05779192941608605
BEL,Seventh,3060.0,3.33,47.30102592036124,53.36636730918555,60.20036650203449,87.03529862548724,0.07098731344841847,0.0709706912185821,0.07148319543725465,0.07468074929583389
BEL,Eighth,3530.0,5.28,54.757945307484995,61.784305401237475,69.65366309351712,100.17887340870769,0.11364031901026368,0.11362354705902133,0.11413878918506846,0.11726612568111351
BEL,Ninth,3850.0,7.01,59.989563251320504,67.69148308146927,76.24569582627417,108.9356702518372,0.15239649589602824,0.1523907849155319,0.15256290260419889,0.15344520498120756
BEL,Tenth,5570.0,23.1,87.48431608058632,98.73185695137076,111.08676233632514,156.47255857440925,0.5136721895979599,0.5137748236284501,0.5106061018199289,0.49061797413032376
BEN,First,97.9,0.00448,0.4651243730660366,0.6774397801108181,1.042875742341923,4.074135744168825,4.603624231799611e-5,5.739159834577199e-5,6.871515489381747e-5,0.0001553191300647505
BEN,Second,176.0,0.0273,0.8917526345745372,1.2879328416732752,1.9643634077456524,7.277670457047551,0.00032760591802265184,0.0003928746675108935,0.0004556221642857727,0.0008889586404732859
BEN,Third,223.0,0.0574,1.1720837557254777,1.682562463852498,2.551436047241887,9.174489743046065,0.0007542615540132629,0.0008837661739525442,0.0010055700029641137,0.0017977989854062167
BEN,Fourth,288.0,0.128,1.558239458580217,2.2266025733185475,3.3611422148839694,11.801969199214275,0.0018075451972046667,0.0020788595356211297,0.00232955332782916,0.003883558764542393
BEN,Fifth,348.0,0.235,1.9325474783765368,2.749193115268279,4.132728635816147,14.209557812633838,0.003510856124330037,0.003970817326699237,0.004388996363474709,0.00687076597103333
BEN,Sixth,434.0,0.475,2.4702650712347705,3.4992357354378356,5.238999126192403,17.652001589437678,0.007507622038014571,0.00835446003322434,0.009112148365148969,0.013420492486258734
BEN,Seventh,520.0,0.851,3.0347064817361744,4.278656272893929,6.378399868267058,21.050273199326604,0.014230019458923208,0.015570863161387616,0.016750236751050997,0.023158607268358
BEN,Eighth,670.0,1.93,4.0245634331302025,5.644558300693628,8.373131188138165,27.00235053389781,0.03431708831354078,0.036848736935285904,0.03903107523579667,0.050271982987482484
BEN,Ninth,838.0,4.05,5.223080187832607,7.272765637772581,10.717755320650555,33.5718042592696,0.07759132739752521,0.08132991558952148,0.08445981793846463,0.09937092986478137
BEN,Tenth,1640.0,38.1,11.207852633941448,15.297547228255857,22.108220954949577,64.7759417070568,0.8599076377561076,0.8505123149784511,0.8423982646960911,0.8001815859015994
BFA,First,102.0,0.018,0.39689380764313126,0.6089973951235663,0.978008342161281,4.3771195371946945,0.00011028059341666446,0.0001467971155629151,0.00018511552789744295,0.0007254509317545898
BFA,Second,167.0,0.0814,0.7267993264448377,1.1008708655407402,1.7447915720270086,7.108183323795178,0.0006717836547058757,0.0008489087775548688,0.0010258358866910198,0.0030980172356363574
BFA,Third,201.0,0.145,0.9286268340849134,1.3944572402630173,2.1926418593504806,8.477949015074566,0.0014096885744801632,0.0017273220639332744,0.002035445605043179,0.005278637215156949
BFA,Fourth,249.0,0.286,1.2076573226124734,1.8015624026739399,2.815260250116446,10.441343346273108,0.0031364720443443554,0.0037495940620550726,0.0043303871510407925,0.009943275910305817
BFA,Fifth,290.0,0.467,1.4678872854033864,2.176177639136513,3.381487961291557,12.088724004103291,0.005698424689879252,0.006662971866540136,0.007556969208570219,0.015553683523226197
BFA,Sixth,349.0,0.849,1.8405544706785617,2.7125686092943213,4.192046681104117,14.46422562228192,0.011421077335794274,0.013070190646506687,0.014565896580394354,0.026962294429373077
BFA,Seventh,403.0,1.37,2.2156836848567556,3.2444661573824556,4.985285229947129,16.588771212000058,0.020241671705552928,0.022653935538212953,0.02479123698115573,0.04111425467518919
BFA,Eighth,499.0,2.76,2.8733339728221456,4.177594038236795,6.377424845362215,20.380637350422656,0.04527473962747011,0.04942043207081194,0.05299157083953417,0.07770255031084465
BFA,Ninth,594.0,5.04,3.6215121135128268,5.214881311282356,7.893440778187644,23.974831543270945,0.09297856846092906,0.09830682348051913,0.10270266524870604,0.12871505901479205
BFA,Tenth,1040.0,34.8,7.255177413478777,10.196839658666374,15.092039571533153,40.908425675499906,0.8190572933134274,0.803413024378303,0.7898148769709671,0.690906776753721
BGD,First,280.0,0.0761,1.3948955742314983,2.100210653231152,3.3425661938818707,11.95880006738775,0.0005904746997195222,0.0007197066685278725,0.0010418507270359,0.003123008943682943
BGD,Second,415.0,0.264,2.2606799777144633,3.3676067621405457,5.231578200381572,17.31701028098633,0.002625742738571631,0.0030783211564122874,0.004138564081130798,0.009846021315356054
BGD,Third,471.0,0.402,2.704004980525006,4.001187195502709,6.130042543194605,19.428636565304046,0.004580206902385041,0.005249854877981056,0.006762807318503989,0.01409876419632929
BGD,Fourth,558.0,0.695,3.3333545306404924,4.906940684638801,7.434126523810879,22.751181745179995,0.008790924867357452,0.00989625141277118,0.01232073189279212,0.023117632777438862
BGD,Fifth,625.0,1.01,3.867518442488748,5.665797796138528,8.497911691554444,25.20991025118231,0.013984771647914042,0.015490242847875752,0.018703051762292457,0.03192465022693051
BGD,Sixth,723.0,1.64,4.6347918912845465,6.758047472510747,10.036049834933399,28.879813950827668,0.024641741914972246,0.026869330271917014,0.03149265126073878,0.04904594311422557
BGD,Seventh,802.0,2.34,5.330864413280969,7.733967630183946,11.367942922782918,31.71013430155179,0.03821674506414968,0.040999381623501,0.04659789656310955,0.06599714007566933
BGD,Eighth,948.0,4.13,6.567146017771504,9.472639886634392,13.757510844148559,37.039397980210545,0.07360795647610767,0.0775423902924847,0.08514582642386447,0.10843310771286539
BGD,Ninth,1070.0,6.31,7.767757740319045,11.119595600298192,15.907588888062877,40.98772809608067,0.12491202247137598,0.12857004252608392,0.13511411686691557,0.150298087446093
BGD,Tenth,1640.0,29.0,13.440657112089214,18.854868141322882,25.923236521564505,60.47383559756732,0.7080494132174467,0.6915844783224452,0.6586825031036164,0.544115644191409
BGR,First,293.0,0.00459,5.46364091020299,6.014806851571697,6.515621780255862,7.096783978101019,0.00023215710928304467,0.00013412004317290172,7.919684502280565e-5,1.5699642464650636e-5
BGR,Second,539.0,0.0267,9.227705273668729,10.49858435872152,11.727897804425927,13.983711373305947,0.0012335852830379966,0.0007884915751012763,0.0005120077892382241,0.00013449048158158081
BGR,Third,700.0,0.055,11.349178773586745,13.161065601525914,14.969168271147181,18.833704768921415,0.0023878369889908154,0.0016201162549215847,0.0011131010082766645,0.0003462885905596326
BGR,Fourth,920.0,0.121,14.286275361793777,16.822783439724724,19.41209173733864,25.496799659989144,0.004980559479256297,0.003544433483038152,0.00254771633686691,0.0009077002944154687
BGR,Fifth,1130.0,0.22,16.910468966772207,20.187110594476444,23.597017953574326,32.210960580504214,0.008538308933487625,0.006342770729017017,0.004748171694214698,0.001911206733527469
BGR,Sixth,1440.0,0.442,20.64984099166173,24.980486471942605,29.56860113391483,41.897404635906454,0.016175920855436832,0.012527057930302043,0.009754540668856155,0.0044196936183698325
BGR,Seventh,1760.0,0.79,24.246973031255028,29.73576887222754,35.65601660283287,52.51008978029248,0.027043719266907535,0.021866248897278923,0.017736378651400132,0.009085315197562633
BGR,Eighth,2330.0,1.79,30.545858557905994,38.03971213733642,46.28309250570604,71.17000779615735,0.056659849374193626,0.04808067525655282,0.04082613948717449,0.023997943815620437
BGR,Ninth,3020.0,3.81,37.25133041652978,47.30107798721746,58.629646658312005,95.26325870590053,0.10704061756787658,0.09661201935965544,0.08697321422809759,0.060959480534643125
BGR,Tenth,6550.0,38.6,68.99775742407553,91.66745161752287,118.85365211045236,220.71126220202885,0.7757074451415297,0.8084840664709597,0.8357095332908523,0.8982221810912552
BHR,First,677.0,0.0376,7.043600970379053,9.076983252349995,11.677787682642387,23.49686703729504,0.0002975052144573595,0.0003482333318820826,0.00047188284495548955,0.0015435289501843621
BHR,Second,1070.0,0.15,11.931377503862011,15.264515381210142,19.27174579278144,35.7922093081197,0.0015089685169941516,0.0017143868098514726,0.0021917752714690326,0.005656828041755795
BHR,Third,1260.0,0.248,14.634567135216729,18.632103805253593,23.266379240106044,41.30553213783384,0.002842199785352347,0.0031732286280504963,0.003921308762878128,0.008825630828728979
BHR,Fourth,1540.0,0.457,18.40640874062121,23.347120624497837,28.898547284168302,49.48410459910283,0.005800231250244981,0.006386043328310075,0.007680141522390783,0.015495755321454186
BHR,Fifth,1770.0,0.706,21.74103745068098,27.478893826866653,33.743262506332506,55.95308660300302,0.00975019688284243,0.010601124058406946,0.01244197187643006,0.02275494495799204
BHR,Sixth,2100.0,1.21,26.508223809497352,33.38878841806593,40.680112408363854,65.38381826900579,0.01812360018526711,0.019467095662078018,0.0223132277081631,0.03710263165549733
BHR,Seventh,2400.0,1.84,31.036070702154728,38.94416574887324,47.06226791599668,73.26074981683712,0.02970826247290524,0.031510959248331284,0.035243325457236636,0.053100181246567096
BHR,Eighth,2920.0,3.46,39.000084809220034,48.72302434531978,58.31772279699052,87.577039366328,0.06088215160287517,0.06367125963919083,0.069283969595499,0.09347524285490502
BHR,Ninth,3420.0,5.75,47.304896626048446,58.74866662319374,69.46267784600315,99.7215309294494,0.11182031924496019,0.11485623687570377,0.12068058267668616,0.14145290243599357
BHR,Tenth,5720.0,32.0,86.63499256454534,105.73591994197693,120.79850156903306,156.98933723116033,0.7592665648441009,0.7482714324181949,0.7257718142842916,0.6205923537069217
BHS,First,470.0,0.0303,6.458929612226118,7.092160534592857,8.266414238573608,14.989485028449531,0.00022562011525502584,0.00025980095423550965,0.00035814846930265156,0.00128901511241414
BHS,Second,751.0,0.125,11.01301269126288,12.007750845241505,13.728014701789839,22.921041158839124,0.001205249012858093,0.0013517395546779687,0.0017538093679454404,0.004903114902860231
BHS,Third,894.0,0.212,13.59422116669183,14.755840538920124,16.68003041974989,26.567157472717838,0.0023403025307527237,0.0025844045243748107,0.003236073959075762,0.007814736565815885
BHS,Fourth,1100.0,0.399,17.171801318634582,18.57390476818185,20.80626685952906,31.908742873614507,0.004893647581724581,0.00533754954914551,0.006496281399310235,0.01395651434977354
BHS,Fifth,1270.0,0.627,20.377243257674756,21.969098679333595,24.408844365981867,36.18914869673451,0.008408218398030807,0.009069361038636259,0.01075995124213183,0.020810574262263362
BHS,Sixth,1520.0,1.09,24.949787521012585,26.813250190578835,29.552306463549648,42.394738737202005,0.01596426654071548,0.017034615330186232,0.019715815429149828,0.03443908947313241
BHS,Seventh,1740.0,1.69,29.360338962662876,31.445305936440192,34.36858462780451,47.660121547969865,0.026750290493212436,0.028226238129379213,0.03184170604781854,0.0500507936376509
BHS,Eighth,2140.0,3.25,37.090303228173156,39.56700025648321,42.82725248973436,57.15366506278678,0.05618727465537291,0.05854882405977644,0.0641773129256779,0.08963486255888206
BHS,Ninth,2520.0,5.55,45.349505115096996,48.12368084950626,51.446164197462345,65.42221232203809,0.10649159807240453,0.10920669653219243,0.11539690216612133,0.13864244184651534
BHS,Tenth,4330.0,32.9,84.56079726279735,88.38796948920354,91.35701586416424,103.98010173314674,0.7775335325996734,0.7683807703273956,0.7462639989934664,0.6384588572906922
BIH,First,344.0,0.0604,5.1642852435851685,5.7124515613275655,6.771622384212209,10.082431593742918,0.001399548551336116,0.0013410460717873161,0.0013450193081538833,0.0012383670785549878
BIH,Second,521.0,0.229,7.795507526421504,8.646034912156301,10.240134547958014,15.321504117768804,0.0052342108156352525,0.005059730344141448,0.005071633453472796,0.004749302097755483
BIH,Third,602.0,0.363,8.988254326823073,9.983085200363389,11.816879542452297,17.72956943581496,0.008261765995845364,0.00802679130618868,0.008042863327817564,0.0076053923356401406
BIH,Fourth,721.0,0.648,10.743563387971863,11.94357529692377,14.124082222292824,21.232043251325514,0.014640903900870365,0.014281922530791136,0.014306529779670901,0.013633887609286268
BIH,Fifth,815.0,0.964,12.141452374319407,13.50787284152148,15.959304540739051,24.031169937520385,0.021679513144282403,0.02122463429106795,0.02125587843048501,0.02039840123785732
BIH,Sixth,952.0,1.59,14.17380100168205,15.775512199941602,18.60974583397249,28.057004961846516,0.0356356894367732,0.03501056964411969,0.03505359547239336,0.03386785429047763
BIH,Seventh,1070.0,2.31,15.888022433613648,17.691008061007626,20.836953080911783,31.45515414916101,0.05142899140289747,0.050710701931414345,0.05076025906712739,0.04938803165067814
BIH,Eighth,1270.0,4.13,18.997627798736303,21.146821789220525,24.824398606316276,37.49188237571729,0.09138488182029948,0.09047575967935166,0.09053869155161302,0.08878484939146022
BIH,Ninth,1450.0,6.37,21.68604012230182,24.137098986057886,28.23394722341318,42.678716446067256,0.13994756278762688,0.13927459483866678,0.139321532437078,0.13799407879731496
BIH,Tenth,2230.0,29.2,34.54420730378437,38.10100691191694,43.42866770274256,64.97562861815118,0.6303869321444334,0.634594249362471,0.6343039971721881,0.6423398355109748
BLR,First,253.0,0.00456,4.927482602197101,5.402126605642111,5.732264568720268,5.843453286266015,0.00023295626966472974,0.00013811269845993626,7.994452928660424e-5,1.2636045690816233e-5
BLR,Second,463.0,0.0264,8.278404332467757,9.352844295031197,10.234025095190994,11.52635472795604,0.0012370385712112812,0.0008076334693473512,0.0005159747036782738,0.00011229587408126621
BLR,Third,600.0,0.0544,10.162827447230166,11.686556785848333,13.022195802490502,15.573052269973534,0.002393619211917079,0.0016542017605138625,0.0011206039521489376,0.00029566293540436717
BLR,Fourth,788.0,0.12,12.769082532909048,14.891831789895583,16.835739698592842,21.126090738793494,0.004991115662720129,0.0036098492411611224,0.002562836971689366,0.0007889891064876374
BLR,Fifth,970.0,0.217,15.095137182388116,17.828128223796753,20.418200935325725,26.75520517559267,0.008554087439945034,0.006445133243774794,0.004772913477226875,0.0016882257626174096
BLR,Sixth,1230.0,0.436,18.406985297774412,22.004875463842566,25.516462672662737,34.87258349882751,0.016201557015535332,0.012701136688691921,0.009798523882958677,0.003965534160200618
BLR,Seventh,1510.0,0.778,21.58973885182986,26.1344451391341,30.69389263061316,43.81682312952052,0.027079206567280616,0.022119411696339474,0.017803458861471874,0.008284891562209568
BLR,Eighth,1990.0,1.77,27.158327662659513,33.32776273247559,39.68428249939102,59.49363006525172,0.056716896758324385,0.04851271009232497,0.04094730273798247,0.022285162368434207
BLR,Ninth,2580.0,3.76,33.078694080904214,41.30047452636983,50.02921305110936,79.81205719808871,0.10710670082915073,0.09716132864186132,0.08714093813416311,0.057941465014172314
BLR,Tenth,5450.0,38.7,61.03181050175041,78.80662283370928,98.14705502866936,180.6113711735326,0.7754868216742506,0.8068504824675253,0.8352575027493939,0.9046251371707019
BLZ,First,71.3,0.00112,0.7667651562546617,0.8723972006816509,1.1309896050890882,2.5273786218742695,1.8590688392093606e-5,2.0519316864575422e-5,2.3467041729614482e-5,2.9603134723541524e-5
BLZ,Second,140.0,0.00885,1.5336829842074833,1.7425936623485754,2.244740888497207,4.944742074069148,0.00015474298532162692,0.00016794181980027732,0.0001877010613479301,0.00022749328615294872
BLZ,Third,188.0,0.0218,2.0717400422661454,2.349548585812755,3.0141730185862103,6.585228168011554,0.0003915528839395525,0.0004206381950366433,0.0004636389287753366,0.0005485285192742109
BLZ,Fourth,253.0,0.055,2.8136260109625786,3.186567811276409,4.074658870515447,8.843542900479756,0.0010121062546572961,0.0010784313575934684,0.0011755032744922784,0.0013640821599103393
BLZ,Fifth,317.0,0.112,3.558957623563347,4.024584473252221,5.13063660800995,11.070236425764962,0.0021044026659026477,0.002225862311440168,0.0024020033444956696,0.002739228824353261
BLZ,Sixth,410.0,0.251,4.635804073017019,5.234613496334184,6.6531919519742715,14.273058146168722,0.004807434088252388,0.005048717022100978,0.005395480843102319,0.0060499054924672575
BLZ,Seventh,510.0,0.499,5.810484114574959,6.549230016739955,8.297023173827732,17.69386319862642,0.00975810995648165,0.010172257778798143,0.01076179473320574,0.011857610329358628
BLZ,Eighth,685.0,1.27,7.878367786442823,8.861128212753822,11.181621994202583,23.68001753698692,0.02541177782552489,0.026271159005190167,0.027480948793488252,0.029690229893975364
BLZ,Ninth,903.0,3.08,10.52751310813379,11.802097430262483,14.81134558533303,31.084304998555453,0.06338879258990278,0.06483960949678434,0.0668504712801421,0.07043262752245968
BLZ,Tenth,1980.0,40.5,24.233638586491708,26.806833427767145,32.8811675429196,66.9998275313245,0.892952490061625,0.8897548636963913,0.8852589906992209,0.8770606908373247
BOL,First,497.0,0.185,1.3639591098568344,2.3944510084637227,4.6751835989211505,23.31033694293691,4.242701041756716e-5,0.00012297805310152303,0.0004928811684561037,0.010457196221151726
BOL,Second,685.0,0.453,2.5784416994950106,4.258668263765462,7.632064965539138,30.639471134040875,0.0003062679799501821,0.0007344837554385395,0.002270124319460978,0.024842880219772188
BOL,Third,753.0,0.576,3.376648460007762,5.379590932958947,9.1754452077103,32.631852455246495,0.0007112051871548766,0.0015233153836857589,0.004041624415905814,0.030353044082537084
BOL,Fourth,870.0,0.874,4.47246512316341,6.923920498183079,11.350850148553286,36.62421323945964,0.0017161088151365687,0.003357669519410508,0.007884851645444233,0.04386124783646663
BOL,Fifth,955.0,1.14,5.535459954281263,8.351565688485504,13.214757843927499,39.09951083333734,0.003353917292884129,0.006049099278264935,0.01272872614675305,0.05407449122718916
BOL,Sixth,1090.0,1.69,7.059756856595581,10.388954089449351,15.881563802172822,43.18734757007221,0.007215142659527153,0.012025219499788803,0.022749735146332533,0.07442902115090642
BOL,Seventh,1190.0,2.24,8.662466457867241,12.421757697026456,18.32530309219937,45.70925147539835,0.013760892043931815,0.02113261768132892,0.03580599879818695,0.0893838351147841
BOL,Eighth,1390.0,3.72,11.468084244393337,15.973276425410308,22.633535741666527,51.22063414892711,0.033417771466690775,0.04682084546369135,0.07011197810491715,0.129306968493587
BOL,Ninth,1540.0,5.5,14.876502451248138,19.96150479274298,26.87514930638264,53.87340551818269,0.0762340054877062,0.09499489526077859,0.12150800136660772,0.15246890060554516
BOL,Tenth,2380.0,29.5,31.879674131168162,38.99108838601941,46.376928989906204,71.5296183153402,0.8632422620566007,0.8132388761045111,0.7224060788879354,0.39082241504806053
BRA,First,76.2,0.000209,1.0853639776701165,1.2151303213094387,1.4109806000949672,2.3288364180769374,4.690804159133086e-6,4.533419326587786e-6,4.489545328834718e-6,4.547652545076235e-6
BRA,Second,166.0,0.0022,2.340977133335042,2.640253435222506,3.0747895975638593,5.071371608355964,4.916638259984011e-5,4.778411053542203e-5,4.739733923899732e-5,4.7909448416602825e-5
BRA,Third,235.0,0.00643,3.308352011444885,3.7425907671647742,4.36351303741938,7.193830789436412,0.0001431832626726456,0.00013963814182793357,0.00013864392553042908,0.00013996011481885989
BRA,Fourth,332.0,0.0186,4.657001440860685,5.28140339530926,6.163370547063232,10.157590796530569,0.00041430066194547634,0.00040516257370950133,0.000402595106050195,0.00040599357497077233
BRA,Fifth,434.0,0.043,6.082974909822759,6.9115499389612465,8.071178897692082,13.29749704163608,0.000953507155077093,0.0009348029307465258,0.0009295389420210763,0.000936505849245158
BRA,Sixth,584.0,0.109,8.172711448918987,9.302750026554476,10.870363419574836,17.903263113525572,0.0024038591017863753,0.0023624121546076695,0.0023507285481583606,0.002366190228076391
BRA,Seventh,757.0,0.245,10.577647934255337,12.059181790530397,14.09824119313139,23.210915275003067,0.005404398503285495,0.005324559814857259,0.005302015059015975,0.005331846050233189
BRA,Eighth,1070.0,0.716,14.86482797212287,16.97600254047265,19.85509742600031,32.67194681313283,0.015784120508080562,0.015594799162152801,0.015541233076907732,0.01561210178411532
BRA,Ninth,1490.0,2.08,20.797005235942102,23.79086421213915,27.831372362790106,45.76017766041108,0.045601762500386625,0.045217718712689134,0.04510876454900471,0.04525288336292355
BRA,Tenth,3830.0,42.6,53.729387610373124,61.53071053601858,71.6342341033126,117.04916898492115,0.9292410111200068,0.9299685889795473,0.9301745939087438,0.9299020619346551
BRB,First,230.0,0.014,2.977992441361141,3.1984736493970147,3.677890244049293,7.713412320176944,9.08895916520283e-5,0.0001101986167415927,0.00014141455733226944,0.0005840708254917957
BRB,Second,386.0,0.0664,5.376106961661843,5.720486083284026,6.4839927378943765,12.440997595883234,0.0005732903767093012,0.0006713746063809209,0.0008233835216970313,0.002602804772600845
BRB,Third,472.0,0.122,6.855618481586239,7.251307510966137,8.149095734529116,14.856815811900209,0.0012281684776334193,0.0014089426242733572,0.001682163439220033,0.004545817424272617
BRB,Fourth,593.0,0.245,8.88916132742928,9.3581687780723,10.444616816844194,18.275564092012548,0.002778249576466162,0.0031350126998374054,0.0036633814453868865,0.008733549491014956
BRB,Fifth,700.0,0.409,10.795700139358214,11.315669930152136,12.550639981189041,21.169771417033218,0.005123376255340622,0.005696100470852873,0.006528713956965399,0.013905846286481857
BRB,Sixth,853.0,0.758,13.518540207044957,14.109173207504822,15.552114900425174,25.3094698497441,0.010418008826383059,0.011417054277336115,0.012842959578291405,0.0245237810962575
BRB,Seventh,999.0,1.25,16.278354790760027,16.91158625432522,18.519745852396284,29.048245004690283,0.018742548205238768,0.02023570958949864,0.02232517179902206,0.038067745435350256
BRB,Eighth,1250.0,2.57,21.10095445904181,21.80444233442357,23.691717115604874,35.6327247013738,0.04263138560489926,0.045264333518865246,0.048862843592321376,0.07339426884714635
BRB,Ninth,1520.0,4.82,26.650910357377512,27.342175471745936,29.40677562044755,41.95546245027993,0.08944763406250729,0.09296487666519457,0.09760455690586187,0.12470810335453444
BRB,Tenth,2770.0,35.6,53.572942234488565,53.745534931424295,55.88709107541382,70.27091460509305,0.8289664490231701,0.8190963969310192,0.8055254112039018,0.7089340124668493
BRN,First,684.0,0.0196,7.756757983081452,9.721581198817876,12.065722723013995,22.7132772996272,0.00014185898946970801,0.00017607535618944706,0.0002416002228778085,0.0007918541184577377
BRN,Second,1130.0,0.0886,13.708974089597998,16.998569427052317,20.698226807038235,36.06115985927261,0.0008254980943150369,0.0009847917206295854,0.0012742436929421067,0.0033233758438166614
BRN,Third,1360.0,0.157,17.244773412317375,21.23716168936184,25.570890372497306,42.63117163199592,0.0016859117737977227,0.0019646810268574297,0.002455770747412711,0.005605981053930812
BRN,Fourth,1690.0,0.308,22.124920581500042,27.10148949464645,32.33763624138294,52.0299453022406,0.0036705487076129878,0.004198089610835072,0.0051043676425438726,0.010475465411960387
BRN,Fifth,1980.0,0.501,26.607477902916173,32.429570161122484,38.379018458425,59.82476176061645,0.006539891642175558,0.0073548592383069445,0.008723075127341226,0.016268386066683387
BRN,Sixth,2390.0,0.905,33.00707163259778,40.03276908244868,46.99101377531463,71.00448953571019,0.012861904978085153,0.014230298174737935,0.016475639558938,0.02800475273608376
BRN,Seventh,2770.0,1.45,39.348407646227706,47.47250428839316,55.248330283991095,80.85792893229795,0.02235262546416594,0.02431559035166871,0.027457899466287804,0.04239574430061702
BRN,Eighth,3440.0,2.89,50.443987223252314,60.4829851012934,69.66633457715649,98.27750324673478,0.04890949224494424,0.05220469213698316,0.057324273754778006,0.07947726483269466
BRN,Ninth,4110.0,5.19,62.78375677637045,74.65790979206972,84.85488546838417,114.34274862739882,0.09766347796613431,0.10174898038564298,0.10780768359000945,0.13030150798605777
BRN,Tenth,7180.0,34.3,121.93584853441398,141.31170960762594,153.82129959676655,185.23225520697227,0.8053487901392993,0.7928219419981487,0.7731354461968691,0.6833556676496978
BTN,First,407.0,0.0233,2.562993712952792,3.8459273289071816,5.723495457421533,16.598516955743673,0.00016859586165333222,0.00019212969567300616,0.00024617997699265156,0.0009802376510826818
BTN,Second,648.0,0.101,4.419599889941981,6.587177274392427,9.6619666272273,25.713900642226015,0.0009505241117618139,0.001057413199641437,0.0012938489815988797,0.003942022635439741
BTN,Third,770.0,0.175,5.499519966072963,8.162310600105862,11.870171034730657,30.062251043958234,0.0019052816526639643,0.0020896162665712146,0.002488416721904553,0.006487498719769758
BTN,Fourth,943.0,0.337,6.988647701780259,10.33783782881964,14.93023865290016,36.33420056103254,0.004086554898265583,0.0044312504673582045,0.005163699621333595,0.011886276847069483
BTN,Fifth,1090.0,0.54,8.341711136364507,12.30125179636663,17.65477584309426,41.45671240274833,0.007183785636605906,0.007710483272043277,0.008811394880163095,0.01813557452739698
BTN,Sixth,1300.0,0.962,10.269607368531684,15.098205794132069,21.53440769015181,48.83146684457445,0.013945101903931445,0.014819855784552706,0.016618543111607934,0.03068806321860733
BTN,Seventh,1490.0,1.52,12.15884183551146,17.817742561508126,25.24817988640173,55.22818344193445,0.023909636531437538,0.025149729385131273,0.027654831943686294,0.04563987951993954
BTN,Eighth,1830.0,3.0,15.461437528511146,22.570723687640495,31.73638130403818,66.63316904350316,0.05152960412803217,0.053581750835612466,0.057639122905494146,0.08387356125610813
BTN,Ninth,2160.0,5.29,19.077084105090204,27.708274202140363,38.5733242689278,76.92076447399806,0.10092412903499712,0.10341252164635188,0.10816920598226815,0.13406812114480085
BTN,Tenth,3670.0,33.9,36.311974286393635,51.92072730056727,70.11014796464838,123.82799897830036,0.7953967862406511,0.7875552494470646,0.7719147558749506,0.6642987644797854
BWA,First,43.1,2.64e-5,0.5422599934887931,0.6454774079069047,0.7929717641188948,1.373356492571289,4.052421354400258e-7,4.5953220248833676e-7,5.44961625683895e-7,7.311073261441627e-7
BWA,Second,110.0,0.000385,1.401075090056321,1.6789923569635425,2.050953089365371,3.479772141473242,6.285416435640577e-6,6.988917857924338e-6,8.069811260721138e-6,1.0337114270302335e-5
BWA,Third,170.0,0.00138,2.178788907046565,2.6117298789214147,3.1763723423736585,5.330317565325336,2.3349012985691925e-5,2.564445105980918e-5,2.9119071975186492e-5,3.62369850222295e-5
BWA,Fourth,256.0,0.00472,3.3083332071518914,3.9663365868853506,4.807239123918562,7.998266598203534,8.21667119614595e-5,8.935371817178991e-5,0.00010010254823986969,0.00012170555889606895
BWA,Fifth,354.0,0.0126,4.610931439943302,5.524529639987479,6.673800556922448,11.022018793651347,0.00022557748480135507,0.00024312459485186438,0.00026908332848653727,0.0003203615863407185
BWA,Sixth,502.0,0.0369,6.592500084601212,7.89317042279693,9.504847956954606,15.587408377452997,0.0006749039043023704,0.000721113382081806,0.0007887495023241563,0.0009201205539957467
BWA,Seventh,686.0,0.0966,9.079985385974215,10.857344680979256,13.028876087266887,21.215094007898745,0.0018123141665667601,0.0019190256873342143,0.002073482030328153,0.0023682299533696965
BWA,Eighth,1020.0,0.335,13.675590192073,16.327278928384494,19.51512580464434,31.52759490901205,0.00646167077211941,0.006773209961639702,0.007218417054130683,0.008051028749716974
BWA,Ninth,1540.0,1.21,20.8502263069616,24.8218722216778,29.50476762885534,47.198091578085375,0.024115652863210307,0.024951555241446915,0.02612593961647136,0.028263932964284484
BWA,Tenth,4770.0,44.1,67.21044211013947,78.9476211021624,91.81244855062285,143.3192225111334,0.9665976744254816,0.9652695245133535,0.9633864920751576,0.9599073154267777
CAF,First,14.1,9.64e-5,0.07019299144754737,0.09492325887685404,0.1469937937986792,0.6047618465984824,1.5280454032524877e-6,1.714784106526356e-6,2.0053946679554148e-6,2.6277565965827444e-6
CAF,Second,32.6,0.00115,0.16484179767785118,0.22348197880384416,0.34406161013526904,1.391086046081113,1.9214777030595292e-5,2.1167606412851668e-5,2.4138857128353792e-5,3.027711130168653e-5
CAF,Third,47.6,0.00362,0.24363670322942718,0.3300407437265427,0.5059811497544211,2.0259721000350543,6.261521648148802e-5,6.819159344566609e-5,7.655875133589311e-5,9.346576817376578e-5
CAF,Fourth,68.7,0.0112,0.3554426182523926,0.48121951696855053,0.7353284051084154,2.9218272452898715,0.00019830503573344406,0.00021398163221569405,0.00023724078182777748,0.00028340777042347995
CAF,Fifth,91.7,0.0272,0.478666382551755,0.647371903696862,0.9861501089010308,3.8923306211344917,0.0004950861884024643,0.0005298002792427969,0.0005807831002871071,0.000680356427747311
CAF,Sixth,126.0,0.0725,0.6622730743565713,0.8947751339064814,1.3589556908647809,5.329509401502817,0.0013507341197954478,0.0014338218554629943,0.0015546379017902419,0.0017869008339255346
CAF,Seventh,166.0,0.173,0.8825813840112829,1.1906794940186798,1.8025387946735087,7.023167479933575,0.00329605398152467,0.003469621403003328,0.0037193732707724754,0.004191610411160744
CAF,Eighth,238.0,0.54,1.2814897524923552,1.7260239071697545,2.6035833453397963,10.07097780402214,0.010554013691434824,0.011005783072119359,0.011648091750444765,0.012839717859234878
CAF,Ninth,342.0,1.7,1.8665708052288617,2.507308127245523,3.763793814567986,14.426182568112308,0.03430952832112289,0.035348974182366856,0.036803153815816815,0.039432863344467245
CAF,Tenth,940.0,43.3,5.344773425148713,7.119481541498164,10.539789223587876,39.47063360457054,0.949712920623071,0.947906943591624,0.9453540163759286,0.9406587727169687
CAN,First,845.0,0.0869,16.903084509392325,17.446196518526577,17.991402699643846,20.0044094730804,0.0029310438677064526,0.0024625343345855513,0.0020383426458496345,0.0009552398822267074
CAN,Second,1260.0,0.3,24.253863585539182,25.32682192589952,26.44030378573285,30.873782617520256,0.009370275867017204,0.00817582373272941,0.00704663030960796,0.003861520121821073
CAN,Third,1440.0,0.453,27.181709210626224,28.571360128389745,30.03517417626272,36.067777493608475,0.013523804086853388,0.012056070556716836,0.010633039750255856,0.006374105079855735
CAN,Fourth,1720.0,0.777,31.755679560746547,33.54987336114394,35.45586336255617,43.54363956409467,0.022314753876284794,0.02023647678250009,0.018178648598091665,0.011706515550318077
CAN,Fifth,1930.0,1.12,35.16481237434915,37.32145050191596,39.62855216368731,49.65644925792955,0.030990410480040274,0.028539627479297267,0.026063814324502537,0.017899772043396586
CAN,Sixth,2250.0,1.79,40.24666964451791,42.896139619415464,45.7424735726215,58.44854668501131,0.047871868559071676,0.044747810463138527,0.041524273011856676,0.03035227538986092
CAN,Seventh,2510.0,2.53,44.207830667252374,47.32632109820295,50.69192582067854,66.08849304890552,0.06478322637241105,0.06149695075954165,0.05801905534746311,0.04523808529541753
CAN,Eighth,2990.0,4.38,51.66986520980392,55.56421635140321,59.76843004740234,79.69868754063371,0.1071155876266522,0.10345275710501224,0.09942681723047411,0.08333647193108341
CAN,Ninth,3390.0,6.51,57.315996115441116,62.00653243571676,67.08570309181088,92.02054029962778,0.149673817426949,0.1477655087331573,0.14540167331201062,0.13362056712872897
CAN,Tenth,5300.0,27.9,85.8009238596302,93.64613070445225,101.8171029553302,148.31726575081552,0.5514252118370139,0.5710664400533212,0.5916677054698878,0.6666554475772911
CHE,First,1110.0,0.0812,17.366355972774016,19.660568830624914,21.89165853376249,30.89121146889052,0.0017958999249410626,0.0017442997811340114,0.0017760387735782912,0.001758788876458831
CHE,Second,1650.0,0.289,25.76724261196291,29.22551836220986,32.49104069227491,45.864436177200105,0.006376741021876534,0.0062315379459978,0.006320966563940717,0.006272409198827207
CHE,Third,1890.0,0.444,29.42703460349848,33.41009838188318,37.10886200285203,52.39336098163829,0.00977027623484443,0.009581265518318094,0.009697762353215386,0.009634542005690415
CHE,Fourth,2240.0,0.769,34.903318092513196,39.65475674938156,44.00067425550004,62.12320290865196,0.016908314141015762,0.016627554434767336,0.016800708091452017,0.01670678490305233
CHE,Fifth,2510.0,1.12,39.176268649915286,44.53560422384052,49.37084468001265,69.70383749649424,0.024509124846010803,0.024162652033753805,0.024376458638867827,0.024260535260403646
CHE,Sixth,2910.0,1.8,45.43165663454105,51.667593751127214,57.2064226674215,80.74775664197362,0.03946350765320932,0.0390002590222873,0.039286302649906873,0.03913128191106413
CHE,Seventh,3240.0,2.54,50.58289338754932,57.55050958614647,63.64171568217019,89.81261751167644,0.055748304574706795,0.0552326647477004,0.055551284347456625,0.05537870028297833
CHE,Eighth,3840.0,4.42,60.02840381559095,68.30238604325044,75.36705583046417,106.28150174176825,0.09671664077226981,0.09609229524582842,0.096478476621089,0.09626945278355344
CHE,Ninth,4330.0,6.58,67.87802263888338,77.256918544811,85.0494626046671,119.85583554347421,0.1436674278032593,0.1432525042560713,0.14350981809208033,0.14337081265659815
CHE,Tenth,6650.0,27.8,105.9947312437499,120.21523798588353,130.5804457401596,182.78246246673402,0.6050437630278662,0.6080749670141415,0.606202183868413,0.6072166921213735
CHL,First,268.0,0.00219,2.4004906698575055,3.0502320113318535,3.975159376821021,9.661511655565132,1.080958114652462e-5,1.2864550253354667e-5,1.7411821679253815e-5,7.86710493351349e-5
CHL,Second,493.0,0.0141,4.8046318647047315,6.054100433583088,7.764530876345795,17.35621937242978,9.862223667867615e-5,0.00011398140959965482,0.00014655692173368048,0.0005092138447502748
CHL,Third,639.0,0.0312,6.5393421644918845,8.196413799025782,10.410317805483775,22.137863982351526,0.0002638471240686328,0.00029954961489240287,0.00037335454520952065,0.0011078119877406952
CHL,Fourth,839.0,0.0731,8.926254690600688,11.14098278257238,14.040108023493792,28.685084113166475,0.0007131781214842712,0.0007981829160517232,0.000970311723055703,0.0025370497449454465
CHL,Fifth,1030.0,0.14,11.363975814238403,14.12876746417608,17.680107933501624,34.846111061596794,0.0015437369683090874,0.0017056321373377756,0.002027369744263109,0.004730706402017529
CHL,Sixth,1310.0,0.299,14.891200248042095,18.44436251419826,22.921486852547435,43.6225488112809,0.0036670056723568044,0.004001262998792769,0.0046534320478919065,0.009723472756799209
CHL,Seventh,1600.0,0.567,18.811371751796052,23.207049074989232,28.63246537631084,52.55054498494985,0.007750751973222145,0.008348378123123324,0.009491993473863996,0.01768896240423487
CHL,Eighth,2110.0,1.38,25.72042894680151,31.584908519164724,38.64417444340141,68.07135630201361,0.021122019685279207,0.02242230356795841,0.024855243149761293,0.0407404229950068
CHL,Ninth,2730.0,3.21,34.82744096829874,42.507587658399295,51.43971226887823,85.97858823508379,0.05584180616452319,0.05818628484881123,0.06243896205887531,0.08685441247781467
CHL,Tenth,5780.0,40.1,82.9464732302618,99.26846006699677,115.99293354402062,169.8136304798837,0.9089882224729315,0.9041115598331794,0.8950253645136662,0.8360292763373554
CHN,First,358.0,0.0617,2.2073150946725684,3.4177486219080304,5.045241026881632,13.969636670569022,0.00012589100417040398,0.00018386879206794805,0.00030355177076240507,0.002240529594841313
CHN,Second,544.0,0.196,3.880782246328752,5.883115287815225,8.430579499120494,20.53888492343757,0.0007486903859662405,0.0010201989818122612,0.00153380175780867,0.007591132504898516
CHN,Third,630.0,0.291,4.881420030609322,7.306808481021663,10.290493490872986,23.29944609459943,0.0015488713868732295,0.0020257510235179815,0.002882551460714868,0.011323862866902588
CHN,Fourth,759.0,0.502,6.257733531896981,9.272799827199277,12.879761350501173,27.50865909687539,0.003407121636256982,0.004312298981160593,0.0058721224396199164,0.01918320994704043
CHN,Fifth,864.0,0.736,7.5267857701689636,11.051563320447276,15.160854984157723,30.7329508075455,0.006127067829854073,0.007529387149694693,0.00985527003284997,0.02727879059805442
CHN,Sixth,1020.0,1.22,9.33572193805236,13.58573762837431,18.41458950044518,35.493226680913715,0.012158811452641458,0.014520181278410798,0.018290525026093588,0.04311491282896801
CHN,Seventh,1150.0,1.79,11.136791195560143,16.05592742363443,21.493668183416126,39.32691087482938,0.021328473905232074,0.024726572961421316,0.02993375317083866,0.059746377632058055
CHN,Eighth,1390.0,3.31,14.281735523762523,20.37115411676652,26.893958035955887,46.443846858648364,0.04715833559359672,0.05288485266497489,0.06123393313622025,0.10144534079439473
CHN,Ninth,1620.0,5.47,17.806519115516483,25.050417145952398,32.49197122128006,52.137900214308665,0.09543035171326743,0.1025738107771097,0.11220849268509074,0.14661983342964288
CHN,Tenth,2720.0,32.3,34.679865643376715,47.03477919991412,58.618809762747915,80.3165601475915,0.8119663850921414,0.7902230773898298,0.7578859985200009,0.5814560098031991
CIV,First,237.0,0.00531,0.960957300415646,1.6986666386199567,2.846914050709539,10.200919117531033,4.853667210398993e-5,6.209489209730805e-5,7.512714334792624e-5,0.00019108487423469552
CIV,Second,422.0,0.0311,1.834105221670878,3.209189724505573,5.325201016919153,17.959090001453283,0.00034220920535408086,0.00041919156487974277,0.0004902905802013747,0.0010527239376520912
CIV,Third,531.0,0.0641,2.405169011863258,4.178845336424448,6.891600054634306,22.460832169790738,0.0007835135817946026,0.0009351475036879448,0.0010718844055562014,0.0020815865379325794
CIV,Fourth,682.0,0.141,3.1916171752693905,5.5154571589192125,9.052167853966594,28.71025535284909,0.0018692994874502653,0.002185104513927089,0.0024644216921941783,0.004416321385047326
CIV,Fifth,821.0,0.255,3.9520666488821177,6.794707784171962,11.102572933316978,34.376167435443186,0.0036162784932031074,0.004148793897919151,0.004611529989213077,0.007687792287370697
CIV,Sixth,1020.0,0.509,5.043997856704891,8.629827683642329,14.04129420800313,42.47773256501313,0.007703047276165761,0.008678277766119293,0.009511023373383477,0.014782368671149784
CIV,Seventh,1220.0,0.899,6.1872849828982375,10.52968984565276,17.055429162428723,50.384640636388255,0.01454170107050393,0.01607713716318419,0.017363978265779855,0.025096889103212006
CIV,Eighth,1560.0,2.01,8.191762043909252,13.85898263321421,22.33415963890531,64.25378885614406,0.03491060405192801,0.03779045612272658,0.04015133405390257,0.05349491518633063
CIV,Ninth,1940.0,4.16,10.6101016923545,17.807343829011415,28.505334170266494,79.3106703508851,0.07847855579395654,0.08269076215314444,0.0860346759459914,0.10330836772452298
CIV,Tenth,3780.0,37.8,22.668980156393467,37.271081419290944,58.59402793525932,150.91635194852532,0.8577062543675398,0.8470130344223143,0.83822573455043,0.7878879502925472
CMR,First,120.0,0.00674,0.5880162249327329,0.8913397280139969,1.3798302615444493,5.041396984025046,5.220961040621289e-5,6.920589082621784e-5,8.493474275095483e-5,0.0002534127332432809
CMR,Second,209.0,0.0374,1.1066404763632185,1.655175987060124,2.534020880584587,8.642390277901754,0.00036341442635802907,0.0004582960821756878,0.0005422777549371572,0.0013246657041290498
CMR,Third,259.0,0.0748,1.4427777332068237,2.139421036328813,3.2533795152077425,10.66817734957455,0.0008256978234619385,0.0010107082780895,0.0011701582131955692,0.002539588808998405
CMR,Fourth,330.0,0.161,1.9048915471674719,2.80580139925712,4.2441200606113405,13.487356013813518,0.0019578589495870664,0.002340042451793386,0.0026623864459513506,0.0052564913532258915
CMR,Fifth,394.0,0.285,2.349695209601695,3.439525977879601,5.17760258015462,16.00199848034322,0.003766693632360732,0.0044063621440873675,0.004935335731936216,0.00894923416533324
CMR,Sixth,485.0,0.559,2.98735930254022,4.3469520024709976,6.513032335063448,19.59493614332736,0.007980480928123297,0.009143379599000535,0.010086432274508537,0.016841106297679136
CMR,Seventh,575.0,0.971,3.652054942443604,5.2804104260446,7.872780978922157,23.04038962364972,0.01498181613253627,0.016798463889166226,0.018241216778938314,0.027960849810208476
CMR,Eighth,731.0,2.13,4.8159495201834375,6.9139518143544265,10.250984612975717,29.08881991260727,0.03574343199169491,0.039119477129794834,0.041735137543133245,0.05812702208062947
CMR,Ninth,901.0,4.3,6.211709952810883,8.834077615372127,13.002792230437196,35.48507165873428,0.07971230266806366,0.08458486397540045,0.08822570628273914,0.10872694383647875
CMR,Tenth,1710.0,37.3,13.13980366206531,18.243005250249077,26.332184503140603,65.68255191362569,0.8546160938374079,0.8420692005596657,0.8323164142319095,0.7700206852100743
COD,First,103.0,0.0092,0.22555483256730033,0.4231624329461588,0.8134074000585078,4.706262209228087,5.723940338193177e-5,7.931616967986299e-5,9.909020469321878e-5,0.0003596637393076962
COD,Second,172.0,0.0474,0.4214679407601054,0.7779187390001473,1.4771270476697125,7.879329424546726,0.0003920165973912297,0.0005126413151644782,0.0006153838810610731,0.0017598146223806955
COD,Third,210.0,0.0911,0.5474288194403236,1.0001136505288184,1.885062550124621,9.599223413250272,0.0008820833084203367,0.001114299768387028,0.0013062289450822067,0.0032456287046385276
COD,Fourth,263.0,0.19,0.7205567277151821,1.3059155406792873,2.4471711111256247,12.008509272992223,0.0020753669499926023,0.002550133120637756,0.0029330723300977665,0.006513015348047165
COD,Fifth,310.0,0.328,0.8864900112923796,1.5948736193339026,2.972922036999947,14.1158059376584,0.0039649471541431825,0.00475212752207341,0.0053730465729070745,0.010784026565493807
COD,Sixth,378.0,0.629,1.124201212267186,2.0083226477463803,3.724627691917709,17.131026604805513,0.008343744196988965,0.009761575411539007,0.010855480528335225,0.019753461876110753
COD,Seventh,441.0,1.07,1.3708816887290243,2.430770849651877,4.484153334138854,19.960635889366632,0.015554050927114657,0.017747110910428573,0.019399521108975717,0.0318916893904195
COD,Eighth,554.0,2.29,1.8026615959970465,3.1699764967676947,5.8130629231052,24.947715340062874,0.03681733551437359,0.04084553217414258,0.04379644221928318,0.06425363867662053
COD,Ninth,671.0,4.48,2.317138681840081,4.030547271494392,7.334256319160977,30.05244839048282,0.08128426562349939,0.08700007604467018,0.0910171424394361,0.11547818059887797
COD,Tenth,1230.0,36.7,4.863186154690717,8.238256788041172,14.70687700955486,54.166742120977084,0.850628950324694,0.8356371875632772,0.8246045917701285,0.7459608804781034
COG,First,124.0,0.0166,0.7693675392510012,1.0960435020573276,1.564295646052657,5.014862566676406,9.572872409235182e-5,0.00013427893938478864,0.00016842237632744934,0.0006563709650132594
COG,Second,204.0,0.0759,1.3948226450319536,1.9521749829215218,2.7502207634877416,8.077762720409003,0.0005982119392457268,0.0007892553733802651,0.0009497257190896415,0.0028588674490137183
COG,Third,246.0,0.136,1.779923728261868,2.464013227631602,3.4444624739517913,9.625381219342572,0.0012744752078545883,0.0016214785705709208,0.0019038941515273594,0.004927186706350656
COG,Fourth,306.0,0.27,2.310108689874835,3.1705728758679292,4.404833071101244,11.828930524754188,0.0028702390322577287,0.0035470515726012458,0.004083944362184575,0.009366409746848197
COG,Fifth,358.0,0.445,2.806537321103358,3.8216032479002147,5.2795254752350305,13.684863140070982,0.005271935656979552,0.006346872279257515,0.00717977385068544,0.014772074560445738
COG,Sixth,432.0,0.814,3.5160777413814706,4.751320599680054,6.527744268903161,16.350465957367884,0.01067868739935719,0.012534041172596906,0.013938401393614918,0.025811912011358792
COG,Seventh,501.0,1.32,4.233987610896982,5.675280892333218,7.751954046912706,18.7457378135887,0.0191346226544254,0.02187641729936888,0.02390007917559232,0.03968575846762934
COG,Eighth,623.0,2.69,5.489617218489291,7.290990363787177,9.891216360263101,22.996324147264918,0.043327947915780145,0.04809805584914479,0.051513670555901184,0.07569823802963035
COG,Ninth,746.0,4.95,6.930279559441909,9.09379470581354,12.2279277876348,27.055280240538085,0.09038855110725753,0.09663416775978444,0.10090458776082295,0.1268782861410334
COG,Tenth,1320.0,35.1,13.919712338742725,17.680629699450797,23.146615519217253,45.86995319930721,0.8263596003627498,0.8084183811839103,0.7954575006542541,0.6993448959226766
COL,First,105.0,0.000375,1.377788221311402,1.599292375400352,1.913581039219423,3.3006769075946325,9.705860699304455e-6,9.09624156532724e-6,8.549194085295128e-6,6.670962316329901e-6
COL,Second,220.0,0.00358,2.8393465084960066,3.322247389307609,3.9971031200066554,6.997102592400353,9.01667020392599e-5,8.542579771276931e-5,8.112469264781793e-5,6.596999465947615e-5
COL,Third,306.0,0.00983,3.9103464375323127,4.59220595710734,5.540299376348256,9.78171810860189,0.0002438956860080051,0.00023260672697286225,0.00022229654101498327,0.0001853891423459883
COL,Fourth,425.0,0.0272,5.391842170363114,6.351196612429448,7.679543044502547,13.651126197350715,0.0006650980473625067,0.0006376923302387849,0.0006125276654020669,0.0005212825923140718
COL,Fifth,550.0,0.0601,6.916288609757616,8.16657615170601,9.89286903445855,17.69140394718894,0.001451157236795685,0.0013980329171020011,0.0013490138998089017,0.0011691869181051548
COL,Sixth,731.0,0.146,9.131001351722722,10.80685779158468,13.114283332553493,23.58789280457436,0.003473793358386107,0.0033621944907564123,0.0032587248426318863,0.0028747581939580244
COL,Seventh,936.0,0.314,11.609271879287375,13.769662995073727,16.737638785663,30.28268215914254,0.007401360172926619,0.0071981514565758005,0.007008789755132867,0.0062974960403788
COL,Eighth,1300.0,0.876,15.99263868753161,19.013769862582656,23.152281259823063,42.160405852992696,0.02035178306490706,0.019900211897575064,0.01947694174878622,0.017864491947354618
COL,Ninth,1790.0,2.39,21.820868031043492,26.009906971446078,31.730718975392797,58.24946185127271,0.05442768750132842,0.05358945667950644,0.05279741996211658,0.049721165298422305
COL,Tenth,4390.0,42.0,52.93969754427634,63.31536269056046,77.19782393310267,144.00150283903574,0.911885352369547,0.9135871314619946,0.9151846116983734,0.9212935889101452
COM,First,30.3,0.000106,0.23558111196127224,0.3054682616963306,0.43828528979194226,1.1836690519392692,1.677183233196617e-6,1.8808633763190375e-6,2.197606321473125e-6,2.875157839463893e-6
COM,Second,68.2,0.00124,0.5396405233433207,0.6994526546616019,0.9969627963299063,2.649582674431511,2.0777333304864165e-5,2.2874990822733273e-5,2.606453672079856e-5,3.264707840844895e-5
COM,Third,98.6,0.00387,0.7898077994251046,1.0219451546699252,1.4501789233252045,3.8185729096152294,6.708233635602122e-5,7.301591518194773e-5,8.191383331173299e-5,9.987689659241681e-5
COM,Fourth,141.0,0.0118,1.143170401102371,1.4772271697138815,2.0889216499193295,5.460253948176669,0.00021087493961657243,0.0002274288469316334,0.0002519765307471367,0.000300660453978713
COM,Fifth,188.0,0.0287,1.5304495800002156,1.9746616250980942,2.7832956177372408,7.228315971703598,0.0005229444140155328,0.0005593483737036819,0.00061278683763655,0.0007170765437680472
COM,Sixth,256.0,0.076,2.1056181383841874,2.7127460869398465,3.8116669575466635,9.837551161785159,0.0014174673907835307,0.0015040112310196192,0.0016297966985806011,0.0018714444426651746
COM,Seventh,336.0,0.18,2.7923616472362056,3.5909647827267417,5.028807392667196,12.89640054451787,0.0034355780451041655,0.0036150824168437734,0.0038732734408409857,0.004361160291645447
COM,Eighth,480.0,0.558,4.032216277585049,5.174795066656154,7.2195024751138055,18.38347346737642,0.010917532031063472,0.011380953621973899,0.012039596092216196,0.013260841934025207
COM,Ninth,686.0,1.74,5.839512704844755,7.471128250528486,10.370600432887086,26.17095832258875,0.035147032302037605,0.036201634283620554,0.03767656891794923,0.04034251917634783
COM,Tenth,1860.0,43.2,16.488992267521557,20.88145218178244,28.530231635574392,70.3966453533953,0.9482590340244851,0.9464137694565259,0.9438058255056754,0.9390108980247291
CPV,First,104.0,0.00114,0.9172259287448996,1.1862065450843586,1.6101357801019114,3.8666919780319646,1.8929000606733255e-5,2.0890447584318592e-5,2.3887967925392333e-5,3.0126521517271543e-5
CPV,Second,201.0,0.00898,1.8010669645203212,2.321347586420185,3.1298445330087263,7.417502620709902,0.00015707511317628712,0.00017045595809072603,0.00019048546228549954,0.0002308148357939467
CPV,Third,267.0,0.022,2.4167094075365916,3.1069535088795446,4.171547194928014,9.80949265903971,0.0003967145432484779,0.00042614437311136314,0.00046965006329175005,0.0005555223569502092
CPV,Fourth,357.0,0.0556,3.2627480109611637,4.18643351977152,5.602215469097041,13.091986042340968,0.0010239182671133193,0.0010909250449679666,0.001188985146417235,0.001379454745318825
CPV,Fifth,447.0,0.113,4.109961055476321,5.263489965771395,7.022087473092643,16.319156940767797,0.002126102913826077,0.002248638000181217,0.0024263224618655006,0.0027664538907345706
CPV,Sixth,575.0,0.253,5.3312140398072625,6.814986350583696,9.064982297672282,20.953924478984355,0.004850678061853873,0.005093759794544904,0.005443079032559822,0.00610223604496758
CPV,Seventh,712.0,0.502,6.659967761525081,8.496229907637085,11.265821582673496,25.897451406065127,0.009832582220100921,0.010249205612528657,0.010842217390413494,0.011944348848866035
CPV,Eighth,953.0,1.28,8.994619267368126,11.447895291805525,15.12468844175508,34.55415398284824,0.025566909690316397,0.02642995059780107,0.027644796872282246,0.029863030771815707
CPV,Ninth,1250.0,3.09,11.977332988525735,15.194774167717341,19.978481314395353,45.287259225390585,0.06365210053454858,0.06510561873765258,0.06712006070666678,0.07070811458874966
CPV,Tenth,2770.0,40.5,27.36916091580555,34.362381766241995,44.49810518079848,99.05046133165686,0.8923749896552093,0.8891644114335373,0.8846505148962923,0.8764198973952863
CRI,First,641.0,0.278,4.511693424036853,6.275718095094524,9.348105918214765,25.37552422058963,0.0003785010069086842,0.0007981248747665864,0.002039381954093838,0.014416185250275191
CRI,Second,873.0,0.661,7.471664973190269,9.926124868154064,13.890632976871798,32.50823524182848,0.0018340498204315308,0.0033444444853821557,0.007049460541832017,0.031536985482983
CRI,Third,952.0,0.826,9.063047550248593,11.722957988521046,15.832935693987775,34.13412962255606,0.0033633536635407236,0.005636403562431453,0.010636654358773402,0.03681400447123915
CRI,Fourth,1090.0,1.23,11.29178693927849,14.299109391687592,18.771481842686182,37.89354565952077,0.0067186415614512015,0.01052468670886905,0.018183932611964604,0.05130216878401083
CRI,Fifth,1190.0,1.58,13.233223862463598,16.440568432971826,21.040994700943447,40.05755042152932,0.011079126336332054,0.016334189888400092,0.026070238019812723,0.06122208489305851
CRI,Sixth,1340.0,2.29,16.00933760526145,19.52520588420753,24.378318593536388,43.84150246755488,0.020213763480633706,0.02810029168397278,0.04153272872251472,0.0816517617764992
CRI,Seventh,1460.0,2.94,18.603912159682803,22.258114261178676,27.09053491838876,45.9538207276767,0.03250116384863413,0.04251258468118179,0.058028295472180406,0.09490999961955347
CRI,Eighth,1680.0,4.66,23.176464997922576,27.13763901309131,32.09095998436966,50.978251236177094,0.06518116545167695,0.07963799207286194,0.09943771468355539,0.13238172390624414
CRI,Ninth,1840.0,6.35,27.830566875455627,31.701987921121116,36.149251564008814,52.890564192635395,0.11646024939435694,0.1304433256482502,0.14540841968943077,0.14903025490928343
CRI,Tenth,2710.0,25.0,49.81391413254801,53.22941024223945,55.85534213152744,68.61591941649472,0.7422699854360342,0.682667956393884,0.5916131739458421,0.34673483090685303
CUB,First,406.0,0.483,3.637742503848308,4.61145631329875,6.156846779085942,14.96095071990745,0.004675215163093164,0.005510499510527701,0.007480344497117676,0.018251852997977266
CUB,Second,525.0,1.11,5.088790494595802,6.375896478423622,8.312751755621274,18.752169632439802,0.013465183065713697,0.015280675759826242,0.019296296772775966,0.037483774682862084
CUB,Third,555.0,1.34,5.610034798892555,6.981885092944686,8.984198726167692,19.468145291833807,0.018320926924187474,0.020352858716798743,0.024681928422280303,0.042262046198098306
CUB,Fourth,619.0,1.92,6.476034062799153,8.016164546164655,10.204327806864313,21.40237188565202,0.028842484397512597,0.03150222845430182,0.036991261243647225,0.05728993268572726
CUB,Fifth,658.0,2.37,7.0890776425155595,8.732109270239354,11.009689974280121,22.435644419420658,0.03840100180338531,0.04130806828529645,0.04712255122513576,0.06669427473164471
CUB,Sixth,724.0,3.26,8.027894402046828,9.840424825489146,12.288155894769833,24.342346899874066,0.05694322031725177,0.06035665641381299,0.06694980158621497,0.0868410067705441
CUB,Seventh,763.0,3.94,8.714424786416458,10.62836920046387,13.143721347520051,25.302015794074798,0.07386584805525158,0.07710667689197295,0.08308426912505684,0.09846628532122477
CUB,Eighth,851.0,5.75,10.059024061316602,12.195620478322489,14.908376324815285,27.778707301100976,0.11648370166549736,0.11953359554233832,0.12468779046345477,0.1335813735256272
CUB,Ninth,891.0,6.91,10.965856502962376,13.198622071018633,15.913597417282201,28.492012468423763,0.15325224484995376,0.15388539247887692,0.15403777477843192,0.14517618178695538
CUB,Tenth,1180.0,18.8,15.849464068250917,18.730589013735127,21.82800873906946,35.91219485096959,0.4957501737581533,0.475163347946248,0.4356679818858846,0.31395327129933903
CYP,First,530.0,0.0707,9.009619716963954,9.265496619648951,10.03538947558639,14.845449011173015,0.0015567000130187502,0.001515006151986308,0.0015520581319896287,0.0015291259865884352
CYP,Second,800.0,0.259,13.577199356514694,14.0012082468173,15.147302517750255,22.430647474807394,0.005695031443188277,0.005573840148158432,0.005681576099151068,0.005614966323104012
CYP,Third,921.0,0.404,15.618105403606975,16.12698317494286,17.433815158033514,25.831441306225358,0.008876249507683957,0.008715477365465097,0.008858427789918282,0.008770099539790409
CYP,Fourth,1100.0,0.71,18.645702121827764,19.275476402825543,20.82630200494104,30.87232831696981,0.015572055019719235,0.015329469232716298,0.015545199890989738,0.01541196883763809
CYP,Fifth,1240.0,1.04,21.03910788043761,21.770339234853477,23.509747038202452,34.86451560541201,0.02285041218179724,0.02254659257388016,0.02281682071845416,0.022650012575988338
CYP,Sixth,1450.0,1.7,24.53233362725229,25.4095098949685,27.42735738400875,40.6905205820837,0.03723212328027752,0.03681961467630664,0.037186572284482675,0.036960167386743174
CYP,Seventh,1620.0,2.43,27.4527289916822,28.460198613998926,30.704711534724563,45.571372774956046,0.053246741951414295,0.05277931586698317,0.05319520436641686,0.05293875504834796
CYP,Eighth,1940.0,4.28,32.78045098128821,34.02012353299728,36.68579500663576,54.47345689286161,0.09365691234770117,0.09307658719191038,0.09359305989182716,0.0932748410757428
CYP,Ninth,2210.0,6.48,37.318669671042265,38.77708112720756,41.78604078532509,62.082552137924225,0.1415809186381487,0.14117039636657544,0.14153597432640477,0.14131116077330505
CYP,Tenth,3520.0,28.5,59.246800699030445,61.7352187423984,66.47305092128896,98.8872703035201,0.6197328556170508,0.6224737004260181,0.6200351065003656,0.6215389024527517
CZE,First,1070.0,0.0937,15.250549322292322,17.744585843654423,20.592341326409304,32.01200859040866,0.0027978998670547227,0.0022825011489704602,0.0019475770546494705,0.0015483407324139282
CZE,Second,1590.0,0.322,21.975007613447563,25.92776783042415,30.41272270262072,47.99524597366336,0.00903584850893775,0.007702687443097955,0.006798126062727312,0.005670793393150288
CZE,Third,1810.0,0.485,24.679602893455005,29.348589462337728,34.63476147179187,55.12959467879937,0.013116452584844103,0.011464308448839118,0.010314705612573615,0.008844141447171558
CZE,Fourth,2140.0,0.828,28.885635925830883,34.56727409429675,40.9929787128941,65.69881677325769,0.021742183040657302,0.019386133098942316,0.017712029518835815,0.015523665359772277
CZE,Fifth,2400.0,1.19,32.03620866724393,38.55395999233408,45.921002833946496,74.0508085132232,0.03031996645304519,0.027522725717743647,0.025495170885233964,0.02278987656691919
CZE,Sixth,2790.0,1.89,36.72434594323912,44.43821867916723,53.15640318156799,86.23059930049966,0.04702365434223221,0.04343222673313111,0.040773885272827874,0.037150026396194226
CZE,Seventh,3100.0,2.64,40.400635074237414,49.16296507791524,59.06774273327513,96.41256824770885,0.06389907477460219,0.06008834494342912,0.05719653905136026,0.05315384067761544
CZE,Eighth,3680.0,4.53,47.30775312072391,57.93340105676245,69.95525540778418,114.97423325196297,0.10614383166418746,0.1018405193157675,0.09845254006512455,0.09354178743100847
CZE,Ninth,4160.0,6.64,52.58859049447616,64.91737139255152,78.88465145605643,130.79299907400656,0.14919164170589622,0.14685066890885035,0.1447909547279721,0.14149984554543094
CZE,Tenth,6490.0,27.2,79.14485695045073,99.42007025010737,122.58550783121376,207.21526431470264,0.5567294470585429,0.5794298842412284,0.596518471748695,0.6202776824503237
DEU,First,870.0,0.0728,15.60860269714977,16.510141294399745,17.477218716897024,22.5764103963842,0.0020199768929583225,0.0017495171205479288,0.0015726284490327567,0.0012779982457735745
DEU,Second,1310.0,0.264,22.990114171344356,24.55462265449225,26.17798027197016,34.27246675712184,0.0069965585404985035,0.006246264080399362,0.005741135375919678,0.004869774089861693
DEU,Third,1500.0,0.411,26.143276636302858,28.075366638013897,30.052243550249457,39.64794008852569,0.010569055972956513,0.009600468210137153,0.008937259753096494,0.007769451089943174
DEU,Fourth,1790.0,0.719,30.90489254238204,33.33469916539847,35.797750588799595,47.518239952054145,0.0180850522852587,0.016656120327819976,0.015663924614475352,0.013886840758816478
DEU,Fifth,2020.0,1.05,34.58309200107011,37.448389985105884,40.33223076046494,53.83254769077923,0.025949976263546587,0.024197952552630405,0.02296525145099142,0.020721703190888712
DEU,Sixth,2350.0,1.71,39.989129576839396,43.46732433531025,46.94772699971854,62.99719853251555,0.04137435726366063,0.03904752611645537,0.037387732279031416,0.03431612256967431
DEU,Seventh,2640.0,2.45,44.38816984067224,48.438237172057875,52.469856752288045,70.7963859753727,0.05785512271224394,0.055285363755330205,0.05342266263178037,0.04990839010986329
DEU,Eighth,3150.0,4.3,52.50288087012159,57.54556421153108,62.54319021749478,84.9105575674266,0.09923331004622277,0.09615625652175033,0.09387461953533738,0.089452688980468
DEU,Ninth,3580.0,6.49,59.11298314441584,65.15114720364133,71.10671453369652,97.29764088508352,0.14528153136970734,0.14329527148152835,0.14173372955250868,0.13850427411491964
DEU,Tenth,5690.0,28.4,91.50334245647285,102.08487977480803,112.51027177724544,156.64935977842495,0.5926350586529467,0.6077652598334009,0.6187010563578265,0.6392927568497911
DJI,First,94.2,0.00219,0.9167030760067298,1.1412687911409591,1.556369573155545,3.3746534281288,3.615450220915288e-5,3.9981291991936674e-5,4.5593030310081676e-5,5.861609027235975e-5
DJI,Second,180.0,0.0154,1.7797427890108741,2.2142481941666325,3.0018282913131396,6.405679642892921,0.00026837238544190833,0.00029162166830149584,0.0003250024693152599,0.0003997632010252977
DJI,Third,236.0,0.0354,2.3574120452104133,2.9279969356270654,3.95394166929143,8.361416917740637,0.0006337356995726556,0.0006814227471264857,0.0007490285888253407,0.0008972587860053503
DJI,Fourth,313.0,0.0845,3.153159557510346,3.911902363653553,5.266634626701,11.057596234081636,0.0015498462856876113,0.0016524659105534069,0.0017964672046095452,0.0021068317522189065
DJI,Fifth,387.0,0.164,3.932278727646746,4.87182502112583,6.540414762767234,13.645044765505565,0.0030657910213474438,0.0032440609905172203,0.0034918966146175955,0.004017786055498914
DJI,Sixth,494.0,0.349,5.05314900460501,6.252597428555744,8.37128329314452,17.35830633523752,0.006673050036888457,0.007009259146170677,0.007472387788494131,0.008440116343536313
DJI,Seventh,605.0,0.659,6.242532367253686,7.711790898929743,10.29464119447929,21.213368206997625,0.01288254990794945,0.013428688908249876,0.014173676146646132,0.015705116640559194
DJI,Eighth,801.0,1.58,8.33024789087678,10.272819777724768,13.668206398452437,27.96975542459976,0.03171384564398041,0.032776468727887594,0.034209461329334404,0.03709919525935973
DJI,Ninth,1040.0,3.57,10.898929301694826,13.403543092015571,17.754617251733787,36.01398521820919,0.07361812244816911,0.07525636223521137,0.07742971554375971,0.08169338494441591
DJI,Tenth,2200.0,39.4,23.859279647562335,29.113032431387346,38.091135206484275,75.70016494562745,0.8695585320687539,0.86561966837399,0.8603067712840878,0.849581930927108
DNK,First,1340.0,0.292,21.37003612480662,23.2221581286978,25.383360751065535,37.4222323805777,0.006064963738585684,0.005748929500779542,0.005719812436371967,0.007073537589115293
DNK,Second,1810.0,0.781,29.142772494600447,31.794559561211365,34.76924116233505,50.464898193300314,0.01644545708828546,0.015785217501068358,0.015723905262801045,0.018493383532747248
DNK,Third,1970.0,1.02,31.735003312932868,34.699045726074125,37.95443374560563,54.60834051513802,0.02163063967546834,0.020908711637366996,0.020841359544998415,0.02383287739154553
DNK,Fourth,2240.0,1.56,36.23828596053577,39.69295786588583,43.42633724026479,62.04771551355829,0.033146498666525595,0.03222010360593692,0.03213333498234514,0.035932526077425295
DNK,Fifth,2420.0,2.01,39.313279253027154,43.12904089660683,47.194446914774076,67.01153066482918,0.043075294215635426,0.04208237878211967,0.04198901698478481,0.046019657910693325
DNK,Sixth,2720.0,2.9,44.11139619957658,48.46703038514238,53.04671426437026,74.86667325270378,0.06239328296628266,0.061252548916999626,0.06114482098291422,0.06572290972874203
DNK,Seventh,2920.0,3.66,47.46669457530268,52.235926389549135,57.18311557478069,80.200535532458,0.07899343654216905,0.07794100303772927,0.07784104000850967,0.08200083024490397
DNK,Eighth,3320.0,5.59,54.22317238237772,59.77684798757552,65.45642286410146,91.1629781777494,0.12123010275181559,0.12029125586230721,0.12020109432855376,0.12380323865501788
DNK,Ninth,3570.0,7.06,58.41641969620819,64.54351201962781,70.69644186801821,97.58829618186503,0.15408288520981653,0.15398881232277783,0.15397775272069594,0.15411639181318823
DNK,Tenth,4990.0,21.0,82.19556859746575,91.24951800493993,100.04958759576414,135.5142741825607,0.46293743914541563,0.46978103883291455,0.4704278627480251,0.4430046470566212
DOM,First,112.0,0.000376,1.9113437861429352,2.1278457232637598,2.368807757750733,2.966362650408538,1.5151059269887558e-5,1.1504385643833689e-5,8.423467577187657e-6,2.4409750238033897e-6
DOM,Second,241.0,0.00348,3.842533927542471,4.364893586857126,4.958902831379316,6.687640195705983,0.0001305764313052313,0.0001038678110566715,8.012957792339042e-5,2.846320686917453e-5
DOM,Third,339.0,0.00945,5.214503950093364,5.987651016199708,6.880063938943154,9.683803235454569,0.0003374433752552814,0.00027611479156749454,0.00021990145005187914,8.851740450187021e-5
DOM,Fourth,478.0,0.0259,7.106261041271218,8.231285291415972,9.544195515743906,13.898334548511077,0.0008871153051721511,0.0007425295207883757,0.0006066626969590576,0.0002700006307825507
DOM,Fifth,624.0,0.0569,9.02027228519956,10.526682514620754,12.302517999386163,18.46119686425064,0.0018728061762746599,0.0015998860367000076,0.0013375553747180461,0.0006516447426551813
DOM,Sixth,838.0,0.137,11.788713166650693,13.857116081369233,16.318169957751756,25.205971870740377,0.0043420100632157585,0.0037834377489834306,0.0032344676628281214,0.0017203954283222104
DOM,Seventh,1080.0,0.296,14.83218011535909,17.56010582258007,20.837573674375978,33.1541006825859,0.008949386021973987,0.007959876007233135,0.00696425955013772,0.004057386996355809
DOM,Eighth,1530.0,0.828,20.194822159574596,24.100030861438004,28.838954310735737,47.424590836042356,0.023709506809133193,0.021579425381892343,0.019377052354983274,0.012503898595118083
DOM,Ninth,2140.0,2.28,27.14516364261344,32.70859350998122,39.54438509644252,67.79751181404366,0.06045714364147314,0.0566725306995011,0.052609592416364565,0.03870029777632263
DOM,Tenth,5500.0,42.2,63.44432413210703,78.00517224106353,96.12468462167793,182.2190739081024,0.8992988611169267,0.9072708276166336,0.9155619554484568,0.9419769542440486
DZA,First,247.0,0.0426,2.296498344695545,2.8075285983693496,3.626903631697043,9.166963568152907,0.000333012210624818,0.00037562457006121207,0.0005042056638472088,0.0017941670630108309
DZA,Second,382.0,0.165,3.8249827329919404,4.6480248253174645,5.89621743759896,13.70808406076636,0.0016534233023299356,0.0018227633560471022,0.0023120912596490345,0.006371880314527067
DZA,Third,446.0,0.268,4.657463780749445,5.637670359165302,7.075924015611701,15.68773151384997,0.0030756238137710085,0.003345501093426442,0.004105813139312624,0.009763960736626488
DZA,Fourth,538.0,0.489,5.819443332542844,7.022482327748541,8.737987108362159,18.647248017442095,0.006214231112604939,0.0066875244272198795,0.007993707678828113,0.016898947933484013
DZA,Fifth,614.0,0.747,6.838595700541819,8.228268620997028,10.158324923041631,20.95264785961993,0.010352779397790775,0.011034555740180418,0.012880749225620446,0.024497583302964036
DZA,Sixth,723.0,1.27,8.29418575735187,9.950360572130824,12.187841032695541,24.317939318451927,0.01907692724097784,0.02014437666589717,0.022980444252256697,0.03944810008306822
DZA,Seventh,818.0,1.91,9.665108889534835,11.558096158820705,14.04116543444623,27.078230838438095,0.030990261847403174,0.03240948622453121,0.03610239037657276,0.0557311856570994
DZA,Eighth,988.0,3.56,12.075753452519784,14.383880899718624,17.3002111179092,32.104922803530634,0.0628710500996511,0.06504201767861009,0.0705462800822105,0.09669596633071716
DZA,Ninth,1140.0,5.83,14.558394526087572,17.250412134054137,20.486811883036523,36.24070382316328,0.1139949464975214,0.11631358046496659,0.12193874579667424,0.14365378093325057
DZA,Tenth,1860.0,31.6,26.255436992506773,30.541152113274293,34.860121109731736,55.50925706465107,0.751437744477325,0.7428245697790599,0.7206355725250283,0.6051444276452522
ECU,First,431.0,0.169,2.7681001368185836,3.7635942083721043,5.345929182390061,17.771321567694653,0.0005549255509040864,0.0007511122365999745,0.0011664600235967262,0.008256336078801654
ECU,Second,602.0,0.452,4.468524668012191,5.967006471628214,8.237168266174464,23.78469273287893,0.0024977350262488855,0.0031856068968887058,0.004528500169817915,0.020794955677540455
ECU,Third,665.0,0.607,5.343317790568866,7.059305769129221,9.586498834272287,25.589103376823058,0.004387696561334213,0.005406291429076322,0.007302922258181965,0.026246563306867535
ECU,Fourth,769.0,0.959,6.580844958998465,8.620781758420746,11.553043785666683,28.94876049910241,0.008468920661543576,0.01015138258048999,0.013165247930248347,0.038920924412209776
ECU,Fifth,845.0,1.3,7.633965126185544,9.923405784862142,13.141483091067984,31.12702140864446,0.013540778016989169,0.01583387025571633,0.019796688280555773,0.049110626556213614
ECU,Sixth,961.0,1.97,9.143983529614514,11.796963740894013,15.44018006411576,34.61702885299401,0.023976571586689026,0.027372026670235944,0.03302962572160289,0.06913352607366499
ECU,Seventh,1050.0,2.65,10.5185632523273,13.463482369609412,17.40878361743978,36.8994806024105,0.03737431116278757,0.04161938979130557,0.04840975120015362,0.08497877485931604
ECU,Eighth,1220.0,4.42,12.954432784704846,16.43143240840213,20.947939417561525,41.67075781848503,0.07239568119740158,0.07840471634873353,0.08752011095351794,0.12617575710189508
ECU,Ninth,1340.0,6.36,15.333964355609053,19.224217874058706,24.077450593406926,44.26738070805519,0.12374800197195074,0.1293472361803269,0.13701216311366202,0.15377528573762747
ECU,Tenth,1990.0,27.0,26.54812589055583,32.303923923760024,38.64770699082655,59.92559675030518,0.7130553782641512,0.6879283676106268,0.6480685303486629,0.4226072501958634
EGY,First,474.0,0.0953,3.477208518347229,4.915532690672277,7.150370592729214,18.5056927518622,0.0007586352738844101,0.000921220034818015,0.0013240919205730812,0.0038802310586852668
EGY,Second,694.0,0.315,5.5195736498141335,7.716405329221016,10.959541521034103,26.2945671768709,0.003211163500428913,0.0037512232062576647,0.005008849245194106,0.011657360143983157
EGY,Third,785.0,0.468,6.531703583340669,9.069682930337516,12.706166312428493,29.21899268486151,0.0054434349334541825,0.006218130312201732,0.007958019209429752,0.01624319509568714
EGY,Fourth,925.0,0.792,7.980161230610107,11.021958529308534,15.271106201446669,33.94251366852322,0.010211797157453214,0.011458449725027997,0.014176540637794628,0.026061010653242008
EGY,Fifth,1030.0,1.13,9.188632693544486,12.628636472164889,17.32375454507285,37.355681461422215,0.015915037959669972,0.017573385929100648,0.021090724236073062,0.03529351077031201
EGY,Sixth,1190.0,1.8,10.928609321970328,14.947609125136866,20.30353847967072,42.50974843208661,0.027490466146159662,0.02988605600375182,0.03482600542022745,0.05320556039874929
EGY,Seventh,1310.0,2.52,12.476850447800667,16.977901817102005,22.82742859145369,46.37268555642693,0.04176505499995073,0.0446782682231707,0.05049792046616698,0.07020596217925335
EGY,Eighth,1550.0,4.35,15.23941052718867,20.613541879191988,27.386061961025497,53.77683511177371,0.07860656727721481,0.0825846837810579,0.09020521365439545,0.1128477630866895
EGY,Ninth,1740.0,6.46,17.842028580860923,23.948212866264477,31.34429914701388,58.995680959830636,0.12952787634853682,0.13298817043499425,0.13907222198982883,0.15211856492107273
EGY,Tenth,2640.0,27.9,30.1493914758787,39.62847779508075,49.86981616174849,85.68659775764071,0.6870699664032475,0.6699404123496192,0.6358404132203167,0.5184868416923255
ERI,First,18.6,0.00433,0.07686230327669237,0.10646215790777998,0.1657851454715952,0.7681208099873006,4.205457571945184e-5,5.0806506002362245e-5,6.42985803409522e-5,0.0001590075201552879
ERI,Second,33.1,0.0264,0.1465933286014436,0.20153160069485238,0.3097797804077815,1.3562825830354166,0.00030404774991772443,0.00035534709335090074,0.0004313945131288349,0.0009061605009837647
ERI,Third,41.7,0.0558,0.19258353378415138,0.2633637928363076,0.40166136411618975,1.7025570778247057,0.0007067027532135238,0.0008096887511031803,0.0009588247251360096,0.0018279324913503905
ERI,Fourth,53.6,0.125,0.25581843347755323,0.3484192045770663,0.5280777922554671,2.1813402010866967,0.0017065085904886376,0.0019243176407057164,0.002233817210750687,0.003940626654852979
ERI,Fifth,64.6,0.229,0.31725676552425547,0.4304145388132081,0.6486632488433909,2.618726164055187,0.003337379439623395,0.0037098290078842106,0.004230020438706449,0.006958985969116802
ERI,Sixth,80.2,0.465,0.40545149811595843,0.5479931061800497,0.8212827600110041,3.242961580470318,0.007184210434636964,0.00787578630406423,0.008825392882207983,0.013568715808257215
ERI,Seventh,95.8,0.835,0.49830158579483635,0.6706897229727651,0.9992897042751007,3.8571888386761923,0.013711087056841,0.014816050898907748,0.016306029168014914,0.023371375919443063
ERI,Eighth,123.0,1.9,0.6609806688652899,0.8853929188311955,1.3101496499505856,4.9303159212584236,0.0333218643994656,0.03543046717675264,0.0382137764107779,0.05062942744260691
ERI,Ninth,153.0,4.01,0.8588740588100643,1.1428869276672098,1.6759013085588963,6.108135928003636,0.07608831808955888,0.07925020005873794,0.08329739190895165,0.09981459622647884
ERI,Tenth,296.0,38.2,1.846899794344268,2.406255138964439,3.4270075720840456,11.61616216330025,0.8635978269105349,0.8557775065624912,0.8454390541619846,0.7988231714667547
ESP,First,729.0,0.0855,11.897343662773403,12.736957215658444,13.80543553372027,20.459155441509687,0.0017427958393904262,0.001741518219552045,0.0017665951199351511,0.0020493039253301525
ESP,Second,1080.0,0.301,17.76566606681302,19.0339360424495,20.618480288171067,30.253028231726688,0.006227291607996464,0.006223683248101292,0.006294396767059356,0.007076464535153566
ESP,Third,1240.0,0.459,20.339098798831696,21.796353015693626,23.60088524032084,34.433797654527865,0.009575726353024136,0.009571019480533237,0.009663179539462477,0.010671125585250893
ESP,Fourth,1470.0,0.791,24.185139357939235,25.925151870202804,28.063737701001052,40.761008543734945,0.016619312906898956,0.016612308467342882,0.01674934323279589,0.01823431593528639
ESP,Fifth,1650.0,1.14,27.196346442944982,29.158294278546787,31.554817847038812,45.64686513086376,0.024152466031270275,0.02414380798322414,0.024313076839850067,0.02613146924099885
ESP,Sixth,1910.0,1.83,31.604225643881,33.89137368107895,36.66864718259602,52.83749738381178,0.0389866169723929,0.038975021501060074,0.039201564993658324,0.041613296940213235
ESP,Seventh,2120.0,2.58,35.24792032747211,37.804473819764404,40.89141923482026,58.684556230687974,0.05521744984988979,0.05520451620938119,0.05545697254774403,0.05811630839688992
ESP,Eighth,2520.0,4.47,41.92613716065004,44.97671825909784,48.63873206650975,69.48820513414017,0.09607382339121143,0.09605811773967599,0.09636429746719424,0.09954145898363778
ESP,Ninth,2850.0,6.61,47.509765063949295,50.97445410935958,55.104626092252104,78.27466350547485,0.14324014386061262,0.14322962864657804,0.14343396494027577,0.14547257386343126
ESP,Tenth,4450.0,27.6,74.64581916123386,80.12206104940539,86.60099657482634,121.47502739382462,0.6081643731873129,0.6082403785045511,0.6067566085520246,0.5910936825938079
EST,First,1120.0,0.101,11.812672686918363,14.997263181219857,19.029727992269905,38.45664195489767,0.0010258652534492578,0.0011654485365322066,0.001426647897576767,0.003515207423929685
EST,Second,1630.0,0.331,18.137110243841157,22.842553832873335,28.615546948277796,54.46973532492813,0.004087821118828014,0.0045253731758940945,0.005314475785393889,0.010796363691574447
EST,Third,1840.0,0.488,21.133113690649154,26.493003337991055,32.94518837082273,60.608752133018626,0.006691933002519807,0.007298621557242912,0.008369422210495157,0.01523229465964695
EST,Fourth,2160.0,0.823,25.465864594619052,31.806935081400308,39.32288994710083,70.40120632143969,0.012209152609171235,0.013158562893243981,0.014804826376382352,0.024683190246048394
EST,Fifth,2400.0,1.17,28.99712626224274,36.09748303547841,44.39380155001499,77.56196398452872,0.018557631810543113,0.019788078748338052,0.021886574225587794,0.03372722327579139
EST,Sixth,2770.0,1.86,34.095899601793995,42.30835584267452,51.7704006141109,88.33417184761855,0.03128693743841446,0.03301759519506548,0.03591932024556407,0.051285847019782976
EST,Seventh,3060.0,2.59,38.515656812114585,47.63366153044761,57.982902158686244,96.53878302580208,0.04635358639297828,0.04839566103524535,0.05175367974919983,0.06828131732588036
EST,Eighth,3610.0,4.44,46.450093731609684,57.23227036688448,69.26751886354052,112.20578344310647,0.08482249047738043,0.08750180514635791,0.09179372522202292,0.11085901288638694
EST,Ninth,4040.0,6.53,53.625743524495995,65.76040538345238,79.0051960359032,123.58869029414925,0.1348501836555796,0.13699780177079554,0.14024662115325115,0.15135306141881694
EST,Tenth,6210.0,27.5,87.6497550909191,106.35123052837254,125.84153456273621,182.3761162737936,0.6601143982411358,0.6481510519412845,0.6284847071345261,0.5302664820521419
ETH,First,216.0,0.0609,0.7750974886174835,1.218100479927678,2.1084144277883574,9.589032957973302,0.00046125449278906967,0.0005642513811290693,0.0008224754155158184,0.002519846493047578
ETH,Second,321.0,0.221,1.267329434615642,1.9696699405980618,3.3295273127560625,14.041125511852803,0.002151846342951836,0.0025314775049039943,0.0034259252064369403,0.008324694196173595
ETH,Third,366.0,0.345,1.526171560071814,2.355917571850626,3.9283156638956966,15.873767233192781,0.003859745213543338,0.0044385844232242505,0.005753779879019137,0.01224099793061026
ETH,Fourth,435.0,0.61,1.8904754846203162,2.9028904841941836,4.787919631925961,18.699001676226704,0.007575050723500728,0.008554233724175605,0.010714220660853391,0.020500701148779624
ETH,Fifth,488.0,0.905,2.204120044613766,3.368069795160548,5.501043488431629,20.839868752918694,0.012294315159517509,0.01365866069292083,0.01658711549365738,0.028853894228530113
ETH,Sixth,566.0,1.49,2.6532229286927222,4.035422224132779,6.528748686547422,24.014928437873248,0.02208776985748721,0.024153556951765517,0.028466831811387698,0.04515205546906299
ETH,Seventh,631.0,2.17,3.0674701964400986,4.642388016550766,7.437144730299057,26.537884423145844,0.03495172223562495,0.037598995360481106,0.04295991888880998,0.06192681964521494
ETH,Eighth,749.0,3.92,3.7995917736540705,5.718639096015821,9.060295397607632,31.250787374628608,0.06885303045979937,0.07271998064622037,0.0802516784462524,0.10393976212652789
ETH,Ninth,847.0,6.14,4.529757742867032,6.768323504488366,10.572896585395231,34.93371119321247,0.12024673014347555,0.12406109681531446,0.13098195583075553,0.14803314776937063
ETH,Tenth,1330.0,30.0,7.977766008813546,11.71695916183661,17.710049035197642,53.26464999153744,0.7275185353713104,0.7117191624998648,0.6800360983673117,0.5685080809926824
FIN,First,1130.0,0.179,19.06392734401722,20.447186268340623,22.21688877107917,30.670374695599023,0.004497573129703065,0.004029374116236372,0.0037664716022118632,0.0035450885825856994
FIN,Second,1590.0,0.536,26.523178588277936,28.665165942218895,31.292768993311306,43.38030067707792,0.01306853890796838,0.012003215493100019,0.011391300314910691,0.010867658948989868
FIN,Third,1760.0,0.746,29.221567174313233,31.71824700494242,34.71797630725306,48.242447552285576,0.017869959278048055,0.016645231738012037,0.01593236862242655,0.015316565220493692
FIN,Fourth,2040.0,1.2,33.67162803157986,36.67405941612353,40.22850920109879,56.00495925667853,0.028244283408991794,0.026604383865672144,0.025639146569722146,0.02479869410081713
FIN,Fifth,2240.0,1.62,36.83295980910822,40.24136920235837,44.226568012586775,61.675187299058706,0.03773864528635605,0.035906198841168364,0.034815894069565624,0.03385923739308585
FIN,Sixth,2540.0,2.44,41.65652714545205,45.64731759754139,50.26278805540965,70.2078347704805,0.05615433713540345,0.05394990240926806,0.05262275393707563,0.051448593732576396
FIN,Seventh,2770.0,3.22,45.2016497332789,49.685836510498454,54.81639750893552,76.69849131922139,0.07310301470463729,0.07094402943634488,0.06962487487288482,0.06844566395181637
FIN,Eighth,3210.0,5.17,52.112579154405594,57.480682223266534,63.55829638399326,89.09917798153444,0.11574212371912428,0.11359664325520646,0.11225275041081693,0.1110308320679715
FIN,Ninth,3530.0,6.97,56.82116474889255,62.95148284958731,69.80259380752237,98.08953044731393,0.15305164474908853,0.15238160312004648,0.15189950281027215,0.1514228756492865
FIN,Tenth,5160.0,23.8,81.98558789981487,91.69103650359679,102.33541269179199,144.55918627170124,0.5005298796806791,0.5139394177249452,0.5220549367901137,0.529264790352377
FJI,First,253.0,0.00693,2.078744631818102,2.8429888968692505,3.834929718994433,9.431310301032086,5.2633426816054866e-5,7.004146705583501e-5,8.609557623459694e-5,0.00026140136550996385
FJI,Second,439.0,0.0382,3.8701947404796306,5.216939856992912,6.9575565864964215,15.991380486840372,0.0003658433759328181,0.0004628408496175333,0.0005483544665083399,0.0013585014860436973
FJI,Third,547.0,0.0761,5.026484228788881,6.714767649298156,8.893956531001194,19.657701713867844,0.0008305085685979978,0.0010194324731067667,0.001181559785133638,0.0025955773106656464
FJI,Fourth,696.0,0.163,6.61306280056759,8.771704277532228,11.55515018501205,24.751761006440802,0.0019679224326005994,0.0023578363464397366,0.00268521494240658,0.005357727853579433
FJI,Fifth,833.0,0.289,8.137309430947482,10.723449105323839,14.056333238081383,29.278812181077285,0.0037837305037941894,0.004435798787599581,0.0049724689621466235,0.009099224673113063
FJI,Sixth,1030.0,0.565,10.319463362390323,13.513840379474892,17.628271053878994,35.73412564405512,0.008011803998173202,0.00919627875344961,0.010152056124336452,0.017082657095295894
FJI,Seventh,1220.0,0.979,12.590590238376068,16.378711381346157,21.25677330005272,41.89844935413673,0.015031335721483942,0.016880082967515194,0.018340675193728093,0.028292028655452446
FJI,Eighth,1550.0,2.15,16.562566965811676,21.38486227349638,27.590544792749238,52.68740172718696,0.03583675964913581,0.039268941118424654,0.041913447450319836,0.05865319846405751
FJI,Ninth,1920.0,4.32,21.317501413724155,27.254879022362395,34.89365971986682,64.01106385120683,0.0798497527708171,0.08479598034269993,0.08846983022577097,0.10932506569732951
FJI,Tenth,3660.0,37.3,44.86053860884797,55.890685463252574,69.93719060931906,116.4270157005855,0.8542697095526482,0.841512766894091,0.8316502972734149,0.7679746173989528
FRA,First,1040.0,0.165,16.673865648380332,18.360663975757486,20.35426458355242,29.146258100879006,0.003348823564411529,0.0033526977248246924,0.003436994843113802,0.00391289819666268
FRA,Second,1470.0,0.503,23.759464356912854,26.169142710298182,28.965557306184472,41.102098329478046,0.010396575601090554,0.01040594007676762,0.01060903314173128,0.011733397096588981
FRA,Third,1640.0,0.707,26.50712480924835,29.196693433620883,32.28693189501152,45.581043079578656,0.014757799275609565,0.014768951470149984,0.015010374124626073,0.016331776408254232
FRA,Fourth,1900.0,1.14,30.866526983979774,34.00109229861788,37.57371854599433,52.82864056546446,0.024030574647570833,0.024045958159815202,0.024378443082489896,0.026180952725521813
FRA,Fifth,2090.0,1.56,34.07250449174477,37.53406073746536,41.45139078800986,58.06767172661755,0.03297882286377764,0.03299651265482501,0.03337827782897688,0.0354289936406609
FRA,Sixth,2390.0,2.37,38.88489405528919,42.83781682954216,47.28076201923032,65.9994297919609,0.05035989513529249,0.050381847208130506,0.050854822098711436,0.05337047214510079
FRA,Seventh,2610.0,3.15,42.57497676795259,46.90420026209656,51.736104881876855,71.9542312137209,0.06734209913530752,0.06736444999570822,0.06784499846274276,0.07036987846283317
FRA,Eighth,3030.0,5.1,49.597190430287306,54.643440333886225,60.233193673329865,83.42897087653316,0.1098700246863102,0.10989369763394576,0.11040106330920184,0.11301474862349971
FRA,Ninth,3330.0,6.94,54.758834936594745,60.33076477541412,66.44280509601622,91.55123335320053,0.15093833061911704,0.15094851091948397,0.15116372690843152,0.15217845831045995
FRA,Tenth,4910.0,24.2,81.25778022904265,89.53333478674416,98.45151379749404,134.13810218337687,0.5359770544715127,0.5358414341563491,0.5329222661999745,0.5174784243904179
GAB,First,203.0,0.0104,1.7391686601613467,2.325854578137074,2.9778251729548195,7.393201427398391,5.9390615880125957e-5,8.376607992364463e-5,0.00010539197548525595,0.00041314857956350814
GAB,Second,346.0,0.0522,3.240624813874656,4.25834246722645,5.382631013051432,12.260122817775493,0.0004041067396486846,0.0005361442480666755,0.0006472846735512297,0.0019686739045881828
GAB,Third,426.0,0.0987,4.202846716693714,5.46270615598655,6.852047165254561,14.85700618790399,0.0009057504195954499,0.0011586327075854398,0.0013649001039156752,0.003575077187106519
GAB,Fourth,539.0,0.204,5.525264560217129,7.120231756069957,8.876865772550103,18.505216659130944,0.0021244093409149745,0.0026392810311661116,0.003048661597221078,0.007085955238794886
GAB,Fifth,639.0,0.348,6.790514766846023,8.682182626592946,10.7644820475021,21.668937545721,0.004047260026391533,0.004897709636060692,0.005558309500728571,0.011602986205122411
GAB,Sixth,784.0,0.659,8.60250010928241,10.915972049411037,13.461521987698543,26.19679372829178,0.008493794045680087,0.010019862592005206,0.011178129825648161,0.021025778788424807
GAB,Seventh,923.0,1.11,10.479320865663013,13.191411099368668,16.17617614010544,30.40414824384267,0.015789124961772694,0.018140204491980588,0.019880909510485108,0.0335689604928722
GAB,Eighth,1170.0,2.35,13.76354308768275,17.17065989275602,20.92078768576796,37.82334657439804,0.03725564633650441,0.041553782837039095,0.04464351026056706,0.06679232152348274
GAB,Ninth,1430.0,4.56,17.66561868506067,21.78030868772005,26.315925227521166,45.29678483142912,0.08191986200874797,0.0879768892836833,0.09214510576182305,0.11814154397496511
GAB,Tenth,2680.0,36.5,36.92500985042515,44.17006674532687,52.15647489425469,80.26685152779572,0.849000655504864,0.8329937270924892,0.8214277967905748,0.7358255541050797
GBR,First,879.0,0.0693,13.670060621086293,15.021639733465925,16.765347683649413,25.273656581793663,0.001222761740194874,0.0012412075232246388,0.001319817327843717,0.001872338874283272
GBR,Second,1320.0,0.254,20.79273677591597,22.827233837201703,25.372729437257597,37.383145061215394,0.004701630400778974,0.004757964900944373,0.004995997752594176,0.0065900886738721
GBR,Third,1510.0,0.396,24.086210694543702,26.42755706747442,29.30467294359649,42.615025770637835,0.007540285799446132,0.007617212074246146,0.007940630864905918,0.010046666851547
GBR,Fourth,1800.0,0.697,28.89490362428293,31.686941636910365,35.06513186655101,50.45747280138551,0.013533264914253305,0.013652139932142595,0.014149872082039012,0.017317249016116705
GBR,Fifth,2020.0,1.02,32.76483185372529,35.912927524626504,39.668208791970805,56.54441777142265,0.020269509036442344,0.02042176400657163,0.02105680898103305,0.025011889595030444
GBR,Sixth,2350.0,1.67,38.37441304116111,42.037073338161214,46.341015920153566,65.44724956132801,0.03368873169573421,0.03390029701351962,0.0347792234340049,0.04013311110966779
GBR,Seventh,2630.0,2.4,43.16540814258166,47.256608531139435,51.98902860060017,72.72725117212282,0.04917955703721417,0.04942575639526328,0.050443934313431645,0.05649025417471376
GBR,Eighth,3130.0,4.24,51.81813206922355,56.67683958799945,62.182850389643384,86.04530355415882,0.08851633715784428,0.08883338037839147,0.09013648160414786,0.09760921954545204
GBR,Ninth,3560.0,6.45,59.45632328813113,64.95995087824424,71.03779962511527,96.96918534506536,0.13778732634620175,0.13803134828064745,0.13902065399365404,0.14425072161475186
GBR,Tenth,5570.0,28.6,95.9131218401556,104.24438430494328,112.62230860925891,148.96757203282982,0.64356059587189,0.6421189294950488,0.6361565796463456,0.600678460544565
GEO,First,326.0,0.00641,3.602546347416689,4.7135565273538935,6.035258759646392,10.885450148225644,0.0001968192049005858,0.0001692951668492668,0.00014508117348554893,9.087720411085513e-5
GEO,Second,575.0,0.0371,6.144113051679771,8.116030156338566,10.488515982512833,19.436091380953208,0.00107839979478772,0.0009537401629978094,0.0008407911688597761,0.0005732262824994134
GEO,Third,725.0,0.0757,7.599843414629965,10.093179660470359,13.113212294177188,24.68891853453672,0.002125491884872923,0.0019108691317338302,0.0017129814121386677,0.0012280490799582424
GEO,Fourth,931.0,0.165,9.610337301944979,12.818422473986944,16.72395528379539,31.889135315784728,0.00449785775359242,0.004097065731886298,0.003722248456875794,0.0027780119537987136
GEO,Fifth,1120.0,0.293,11.422193519175,15.29290493938152,20.026312406819446,38.62220434823479,0.0078115940476826415,0.007199934483211748,0.0066204328848571,0.005122991682110425
GEO,Sixth,1390.0,0.578,14.003292251773365,18.81646785838364,24.725745591406604,48.21113249086143,0.014986686177123938,0.013972069022596312,0.01299827010180954,0.01041733198075348
GEO,Seventh,1670.0,1.01,16.510042313286103,22.265805561146074,29.360435100064343,57.898140603651186,0.025384561873927184,0.023948091475362098,0.022549999795758276,0.018741528661931028
GEO,Eighth,2140.0,2.2,20.894558757117068,28.287958685345963,37.43169425411918,74.74188855632087,0.053967023981548644,0.051593692509978965,0.04924440098743407,0.04262956806360747
GEO,Ninth,2670.0,4.42,25.63036815953745,34.86475391521236,46.32977220438593,93.97421363206219,0.10387342454955832,0.1010027009170126,0.09808559017745583,0.08944516828276834
GEO,Tenth,5160.0,37.1,48.1161871209721,65.89460152012296,87.71708484408289,183.7066151131127,0.7860781407320057,0.795152541398371,0.8040802038413254,0.828973246808462
GHA,First,123.0,0.00697,0.8541493198213059,1.1757731505545692,1.6789858344582853,4.885164706853848,5.273988389007978e-5,7.02518232008069e-5,8.638810542111127e-5,0.000263434850142371
GHA,Second,216.0,0.0384,1.6182755851686323,2.1985919283800595,3.1047824666706236,8.40540670565279,0.00036645291278232614,0.00046398347755355985,0.0005498833217728583,0.0013670814726933556
GHA,Third,271.0,0.0764,2.1143092051160264,2.847859166503027,3.994399177534948,10.381894561102595,0.0008317151090874933,0.0010216240211890183,0.0011844256215432702,0.0026097426594267987
GHA,Fourth,346.0,0.164,2.797143930957785,3.7426128594958854,5.221433333204071,13.137270172228067,0.0019704454014737773,0.0023623031836223197,0.002690948654319273,0.005383294324563315
GHA,Fifth,414.0,0.289,3.454799231330447,4.593894047968224,6.377940995659792,15.592021750987909,0.003787999981967733,0.004443184006446742,0.004981788907691795,0.009137039264752168
GHA,Sixth,512.0,0.566,4.398386265311499,5.813903920500073,8.033883090548079,19.102411887137926,0.008019650063962295,0.009209542346796898,0.01016851572343234,0.01714345165094074
GHA,Seventh,608.0,0.981,5.382280093881785,7.069042002410797,9.719938825907038,22.46307250525375,0.01504373515202301,0.01690053407683864,0.01836560196019513,0.028375227848665616
GHA,Eighth,777.0,2.15,7.106392766107517,9.267276151652734,12.671207344021383,28.368414516329533,0.0358601156179237,0.03930636310344859,0.04195809682422244,0.05878508870046567
GHA,Ninth,962.0,4.32,9.174126616883875,11.850422497214268,16.084355511260096,34.59483693619369,0.07988412598097483,0.08484877873991181,0.08853088039447503,0.10947444107497925
GHA,Tenth,1850.0,37.2,19.446890313819214,24.516755929280286,32.62349820019629,63.99627835275868,0.8541830198959148,0.8413734352209916,0.8314834704869268,0.7674611981533708
GIN,First,153.0,0.0452,0.6355569817597596,0.9932083452097301,1.750021406207999,6.812897966281242,0.0003427716791720472,0.00040504006402043306,0.0005711734682464085,0.0018968953229478369
GIN,Second,234.0,0.173,1.0657791982986309,1.65212665276359,2.8492038925349803,10.224913709351828,0.0016925747291276494,0.0019373808234664318,0.002556447448195492,0.006658197898622878
GIN,Third,271.0,0.281,1.3000797656446939,2.0047346750979114,3.4145038779669146,11.704649078765303,0.0031383660081059136,0.003526059372053727,0.004476175968179249,0.010134577562798494
GIN,Fourth,326.0,0.51,1.6278763297299441,2.5000720487628527,4.216095475991216,13.932890558793627,0.00632476045880648,0.007001192925496926,0.008617164979134865,0.017446921638960725
GIN,Fifth,370.0,0.774,1.9153278434136898,2.930315331354756,4.897657438764973,15.66629020232064,0.010512656199286704,0.011482464018121015,0.01374550168567508,0.025170854873816945
GIN,Sixth,434.0,1.31,2.326474519772657,3.54626955864931,5.875661603084796,18.21113637392226,0.019328284783480795,0.0208395290034286,0.024283760309977243,0.04034418969153149
GIN,Seventh,488.0,1.96,2.713477363571989,4.119669835474418,6.7640943230970585,20.296473881550803,0.03132596933996932,0.033324862768601984,0.037764041560451406,0.05672331294503906
GIN,Eighth,587.0,3.62,3.3951632226708375,5.131239087004733,8.338008266706836,24.13015479630242,0.06338746364165693,0.06642555204117,0.07295774872247261,0.0978881824848727
GIN,Ninth,674.0,5.9,4.096332621803902,6.153303080188354,9.867417237050304,27.283667916027554,0.11455166999024641,0.11776154431980812,0.12428985831944389,0.14443060556901258
GIN,Tenth,1090.0,31.3,7.413058656449057,10.954822348005225,16.98860078853523,42.53983517891253,0.7493954831701478,0.7372963746638328,0.7107381275382237,0.5993062620123972
GMB,First,43.5,0.0011,0.27101756639529867,0.3852282962001562,0.5871933502016353,1.757268946773389,1.8258058731372857e-5,2.0154380562874708e-5,2.3053089164550358e-5,2.908829999172992e-5
GMB,Second,86.3,0.00872,0.5463445197469271,0.7763110407147454,1.176297355412142,3.4696526873320264,0.0001524427067793361,0.00016546176686226474,0.00018495408709575878,0.00022421565088568418
GMB,Third,116.0,0.0215,0.7401903431895483,1.0501397780343966,1.5849343172172008,4.63657528744334,0.0003864519155844058,0.00041519628856430407,0.0004576973153243912,0.0005416140865468867
GMB,Fourth,156.0,0.0543,1.007822048861082,1.428336209828967,2.149101717786308,6.245939298670877,0.001000415043948369,0.0010660644060143509,0.001162156600002357,0.001348860791337223
GMB,Fifth,196.0,0.111,1.2771475453672048,1.8076978023303625,2.7120696339983157,7.836610735586981,0.002082893774034888,0.002203285691466923,0.0023778942684093245,0.0027122341294647957
GMB,Sixth,254.0,0.249,1.6666513513870016,2.3561393121996232,3.5250625449961404,10.129226193795464,0.004764512002923381,0.005004006364250846,0.005348229044125494,0.005997947070282688
GMB,Seventh,316.0,0.495,2.0921813879319613,2.9530740635761914,4.404893921711669,12.585494273471435,0.009684082780606857,0.010095765039318352,0.010681840177751546,0.011771362666928175
GMB,Eighth,425.0,1.26,2.84197508464663,4.004390784240554,5.952628380988661,16.900299103839014,0.025257309427853376,0.026113036233483822,0.027317776695889313,0.029518114032017182
GMB,Ninth,562.0,3.07,3.804444158084629,5.345778940140958,7.909818786460766,22.278275348045845,0.06312598538396881,0.06457408734224485,0.06658134966278327,0.07015757042523205
GMB,Tenth,1250.0,40.6,8.801783141378811,12.256952781828238,17.876477903263435,49.423368912545044,0.8935276489055692,0.8903429424872314,0.8858650490594541,0.8776989928473136
GNB,First,49.1,0.000461,0.19868071973981785,0.320725928888879,0.5451954708108746,2.1177764221550883,7.551116105293557e-6,8.38140860035949e-6,9.658317266015453e-6,1.2342478850346913e-5
GNB,Second,103.0,0.00425,0.4226899676227074,0.6826582710453437,1.1535909108748321,4.412843066560738,7.315194229538025e-5,7.979612416099334e-5,8.979885600435033e-5,0.00011012262333472346
GNB,Third,141.0,0.0114,0.5906233113742353,0.952614252588886,1.6032933335718005,6.079962035673454,0.0002029992581463415,0.00021909804695318728,0.00024302249411905242,0.0002906406587518173
GNB,Fourth,196.0,0.0311,0.8241619862310243,1.3280767990253983,2.2281989161181284,8.39162888134289,0.0005650580310161865,0.0006046937063375569,0.0006629835671981251,0.0007770880678291481
GNB,Fifth,251.0,0.0675,1.0673052358578605,1.7177940042003401,2.8735698693180587,10.756630297781992,0.0012558869418425834,0.0013337056560493137,0.0014470678815250103,0.0016656575981902598
GNB,Sixth,331.0,0.161,1.4222143276929757,2.286374020528123,3.8138681696440986,14.193349942541946,0.003060774650073457,0.003226311614393729,0.0034652222142845133,0.003919137001427372
GNB,Seventh,421.0,0.343,1.8239430876388136,2.927723152659056,4.868771851395182,18.011430750591405,0.006643837611709531,0.006949275631365377,0.0073857898783893285,0.008202311392507327
GNB,Eighth,580.0,0.94,2.5374475016827898,4.066140141034879,6.7386640761500685,24.764106306704655,0.01865420026074201,0.01934340973134454,0.02031727869535042,0.02210643069647212
GNB,Ninth,789.0,2.51,3.501127042013323,5.595261099588058,9.229704096518315,33.63557570255776,0.05123974734704268,0.05254625259819765,0.05436388027412343,0.05762154431392296
GNB,Tenth,1890.0,41.8,8.730960452395186,13.834284413007817,22.50566660251464,80.37998698251445,0.9182967928410265,0.9156890754825973,0.9120152978217397,0.9052947251687139
GNQ,First,179.0,0.00433,2.1570534616088755,2.575016125863525,3.137741446184282,5.900612302686156,4.205457571945184e-5,5.0806506002362245e-5,6.42985803409522e-5,0.0001590075201552879
GNQ,Second,324.0,0.0264,4.100461053660155,4.856944744778045,5.842447367743341,10.388955774109313,0.00030404774991772443,0.00035534709335090074,0.0004313945131288349,0.0009061605009837647
GNQ,Third,413.0,0.0558,5.380824568741097,6.339415411548819,7.566536789379354,13.029417132909863,0.0007067027532135238,0.0008096887511031803,0.0009588247251360096,0.0018279324913503905
GNQ,Fourth,536.0,0.125,7.1402539427421505,8.377528788131416,9.93761789647394,16.679339434111174,0.0017065085904886376,0.0019243176407057164,0.002233817210750687,0.003940626654852979
GNQ,Fifth,651.0,0.229,8.848930634944372,10.341559596515678,12.198875983017054,20.013517104343247,0.003337379439623395,0.0037098290078842106,0.004230020438706449,0.006958985969116802
GNQ,Sixth,815.0,0.465,11.300865865605312,13.157278531489863,15.43605974714813,24.77301248421528,0.007184210434636964,0.00787578630406423,0.008825392882207983,0.013568715808257215
GNQ,Seventh,981.0,0.835,13.88150811781116,16.095400055096107,18.775480264058007,29.458587565885246,0.013711087056841,0.014816050898907748,0.016306029168014914,0.023371375919443063
GNQ,Eighth,1270.0,1.9,18.402026959577498,21.237955396704525,24.6130333426191,37.65422326374755,0.0333218643994656,0.03543046717675264,0.0382137764107779,0.05062942744260691
GNQ,Ninth,1610.0,4.01,23.900744599449972,27.41034578069153,31.496358543281016,46.669529533162155,0.07608831808955888,0.07925020005873794,0.08329739190895165,0.09981459622647884
GNQ,Tenth,3220.0,38.2,51.38683899673082,57.88916589663719,64.92808763203165,89.36766476228503,0.8635978269105349,0.8557775065624912,0.8454390541619846,0.7988231714667547
GRC,First,622.0,0.0494,9.940748826876057,10.868186304796874,12.026092263776231,17.78196887105295,0.0012973913242937142,0.0012079289027837944,0.0011176082746299594,0.0008715426701021338
GRC,Second,964.0,0.194,15.150277091478914,16.65660497802934,18.53389833595109,27.850609744010075,0.004928421736904621,0.004656193595831944,0.0043767781557632396,0.0035885622297951287
GRC,Third,1130.0,0.316,17.54321457033783,19.344386351911115,21.590507078473905,32.7438432215108,0.007849076276225215,0.007478130966745669,0.007093695710505124,0.0059867683333865405
GRC,Fourth,1360.0,0.574,21.052828476434968,23.27131707516128,26.038783466591738,39.781454073390016,0.01400930426784009,0.0134370766432311,0.012839298865268347,0.011088730691724932
GRC,Fifth,1560.0,0.868,23.86729637156178,26.438174681997474,29.647872347194465,45.59423700766687,0.020877859041717194,0.020146142542336185,0.01937603485520817,0.017084773901253087
GRC,Sixth,1840.0,1.46,27.955921027028396,31.03199335834086,34.876153366405184,53.97732511920358,0.034532116455831804,0.03351706771624187,0.032440532579747626,0.02918493160439598
GRC,Seventh,2080.0,2.15,31.43214759149974,34.963211127858784,39.38227465565009,61.35347548003549,0.05015842699953304,0.04897947081614457,0.04771809342202612,0.04383206856712172
GRC,Eighth,2520.0,3.92,37.72846727796599,42.066670859711216,47.50767188115211,74.55845814896128,0.08977238697795074,0.08825811643497398,0.08661865364925335,0.08144060636270155
GRC,Ninth,2910.0,6.2,43.242814793528225,48.353806577519066,54.78410172034628,86.78503499457332,0.13874646066112392,0.13758762244272535,0.13629986905499034,0.13201257847852318
GRC,Tenth,4800.0,30.1,69.656156425339,78.39201447399219,89.54725039302133,144.83817318090212,0.6378285562585797,0.6447322499389856,0.6521194354326079,0.6749094371609957
GTM,First,335.0,0.0909,0.9979276470736331,1.4853462642177773,2.5794308187326873,15.935091916592198,1.961797875223974e-5,3.950737022328666e-5,0.00010791049952934175,0.0047614992448383065
GTM,Second,489.0,0.248,1.984544792208386,2.8436009416127743,4.649836870844667,22.31135306627426,0.00016180197149185234,0.00028876507207685644,0.0006599323816387183,0.013656429547285227
GTM,Third,555.0,0.337,2.67342598650625,3.743830102309448,5.91161092374856,24.588197026527066,0.000407146351044577,0.0006755912589206816,0.0013880508781140418,0.018537429926479883
GTM,Fourth,660.0,0.54,3.6225422821451727,4.981659354198665,7.649909931952681,28.37633642200344,0.0010477352085908568,0.0016399650730161827,0.003094095189087459,0.029128627407688283
GTM,Fifth,743.0,0.745,4.573692102419638,6.187425419959671,9.267962168897169,31.046582798052224,0.0021697658557025515,0.003222420646909454,0.005630872117216335,0.038716705162671915
GTM,Sixth,867.0,1.17,5.946832970684942,7.918796553033898,11.578598157907184,35.13053603936196,0.004937508086687412,0.006968588077702539,0.011304060765533796,0.05731776180489293
GTM,Seventh,974.0,1.64,7.441006658323797,9.746330458825476,13.900065908198737,38.09920517486863,0.009981788538198958,0.013362865561740047,0.020068090140281696,0.0742262107316416
GTM,Eighth,1170.0,2.94,10.069771413816921,12.947753610666036,17.953595059461986,43.896948279852815,0.025876924885256742,0.032648950626590935,0.04497140142481881,0.11683095810711859
GTM,Ninth,1350.0,4.83,13.426126306657178,16.85513469685791,22.546995395312166,47.76320805171716,0.06417641946296448,0.07506098515823632,0.09257879802587354,0.153340312923635
GTM,Tenth,2280.0,33.3,30.758101775711896,36.31153209390314,44.35063137339167,68.21920590526909,0.8912212916613104,0.8660923611545838,0.8201967885779062,0.4934840651437483
GUY,First,283.0,0.0233,2.5679706135923546,3.264792247708574,4.380619030400223,10.46274242374457,0.0001679040919658383,0.0001916270414800351,0.0002454982222298305,0.000977378137683054
GUY,Second,459.0,0.101,4.496011862199548,5.685021556612212,7.5168209181986505,16.399422446343042,0.0009473399242338307,0.0010551578847451545,0.0012909350823763226,0.003932836513878909
GUY,Third,550.0,0.175,5.623773027893702,7.0838932639972585,9.285390140462074,19.243369066927297,0.0018997470980849115,0.0020857548947998228,0.0024835692222256517,0.0064745782218263185
GUY,Fourth,679.0,0.336,7.183281881334633,9.021875981207154,11.743404537418861,23.353027764925436,0.00407613955302906,0.004424072287787366,0.005154896326865718,0.011865818813196507
GUY,Fifth,790.0,0.539,8.603930567949266,10.775522477765257,13.93744760367753,26.71563571467197,0.007167777917912735,0.007699574389162232,0.008798299845848283,0.018108768974326027
GUY,Sixth,948.0,0.961,10.632203076740234,13.278904933731802,17.067747076146663,31.562609095652846,0.01391836139988955,0.01480183573404273,0.01659736916709461,0.03064993520489017
GUY,Seventh,1090.0,1.52,12.623806649349346,15.717780735515662,20.069547078740477,35.77197812051911,0.023871490573257288,0.025124332576871685,0.027625675287985006,0.04559431605673776
GUY,Eighth,1350.0,2.99,16.111479784834454,19.987490165817718,25.321004684680982,43.28201323805085,0.051466000115415814,0.053540020779242366,0.05759255091643409,0.08381275862452921
GUY,Ninth,1600.0,5.28,19.93757716215619,24.610534912951415,30.861273822450386,50.06108038184261,0.10084609649398257,0.10336248195523967,0.10811580885215817,0.13401763284622958
GUY,Tenth,2770.0,33.9,38.22301268882478,46.41800548564511,56.37299750187652,80.8974035271672,0.7956391428322284,0.7877151424566289,0.7720953970767823,0.6645659766067026
HKG,First,327.0,0.000772,5.830501649043835,6.170704178971496,6.711101858749199,8.55372768319917,1.2770790521720775e-5,1.4128096105336037e-5,1.6207905230029047e-5,2.055478330927058e-5
HKG,Second,651.0,0.00652,11.765440470000167,12.417478975582512,13.414226244448445,16.863876273133766,0.00011329043522968252,0.00012321035140887965,0.0001380954914513907,0.00016818241140290448
HKG,Third,879.0,0.0166,16.024439781823332,16.87272741325767,18.14975831585758,22.63402797005271,0.0002979571741433696,0.00032070413294801886,0.00035440627105894014,0.00042116557368273915
HKG,Fourth,1190.0,0.0433,21.89728891066773,23.014832571507,24.6729907719061,30.571342562336707,0.0007944177976857898,0.0008479831719455381,0.0009265376549339883,0.0010796288496050415
HKG,Fifth,1510.0,0.0908,27.87315851672686,29.24248426288797,31.25168830817696,38.50094424124837,0.0016985066276181185,0.0017995073859771382,0.001946254804330876,0.002228046730870254
HKG,Sixth,1970.0,0.209,36.524563766307054,38.2509897422763,40.753599734375925,49.92803931557494,0.003986642923670656,0.004193129875567631,0.004490412299611965,0.005053039897116418
HKG,Seventh,2470.0,0.427,46.09485652972045,48.17578946952829,51.158994904397794,62.31675632318891,0.008322410791686066,0.008687766658057235,0.009208719603778818,0.010179647216366437
HKG,Eighth,3340.0,1.12,62.96959413726692,65.6550380508853,69.44656882482101,84.04572122007714,0.022366237899889944,0.023151606118305985,0.024258974306333794,0.026286419972971077
HKG,Ninth,4470.0,2.83,85.04208432805885,88.36113686435459,92.96138790674888,111.57542686275912,0.058086266639285296,0.05947881993086107,0.06141208702347401,0.06486520241542984
HKG,Tenth,10200.0,41.1,201.0236797330276,206.01615824842068,212.13772534346515,249.2084906577751,0.9043214989202694,0.9013831442788232,0.8972483046397962,0.8896981121492461
HND,First,66.6,0.000378,0.4835107592219074,0.6373565238025685,0.9162646068894799,2.6139054439207094,6.1643430065164275e-6,6.851156562434353e-6,7.908920143365017e-6,1.0137455311400526e-5
HND,Second,140.0,0.0036,1.033155522417316,1.361264291661471,1.944582465760524,5.4633053077344425,6.176321549190803e-5,6.74529145864749e-5,7.602977979773703e-5,9.349195574130418e-5
HND,Third,194.0,0.00988,1.4498953246948898,1.907224660571866,2.713071945937394,7.556067040864097,0.00017496371126228882,0.00018904413727660873,0.00020999385981766878,0.00025176893814766684
HND,Fourth,269.0,0.0273,2.029852979611741,2.666926688529578,3.781244512633464,10.457918227363075,0.0004951433162370429,0.0005304062271849763,0.0005823219474898813,0.0006841241366974386
HND,Fifth,346.0,0.0602,2.637567419300359,3.4604708563877833,4.891275279514338,13.444954743554465,0.0011170114448522403,0.0011873252552501061,0.0012898587254372527,0.001487884795012057
HND,Sixth,459.0,0.146,3.525931892126974,4.619687604664186,6.510241982913319,17.78857966870472,0.00276195593721923,0.0029138185872707796,0.0031332001193947663,0.0035506323545893754
HND,Seventh,586.0,0.315,4.538533772371734,5.936219750215013,8.338553797288,22.644692660215252,0.0060857735796633035,0.0063705059043193445,0.006777784019010174,0.007540671372407283
HND,Eighth,810.0,0.877,6.339385520647272,8.275396034131251,11.580657425289601,31.22915751913021,0.017377229677975784,0.018031713213582108,0.018957258240777604,0.020659818123062956
HND,Ninth,1110.0,2.39,8.796644865719651,11.448088964783237,15.937786302202998,42.590962566525334,0.04877221492797456,0.05004470028677573,0.051816355985362064,0.05499555877994108
HND,Tenth,2670.0,42.0,22.247054703682647,28.621554041020538,39.079204410679516,101.58359001749203,0.9231477798463172,0.9206581823171914,0.9171492884027694,0.9107259120890895
HRV,First,561.0,0.0803,8.875955166295032,9.910224654333668,11.185012436985264,15.783806236812065,0.0017659287559093546,0.0017206173657060937,0.0017659972300076495,0.0017370429717820958
HRV,Second,837.0,0.287,13.224409695855499,14.79919013006571,16.679423935363882,23.563670325951854,0.006292520415969727,0.006164566550498291,0.006292713451273184,0.006211039077461721
HRV,Third,959.0,0.44,15.126190622667266,16.946895807442854,19.083412111923614,26.97690308250299,0.009660736629446297,0.009493837157633378,0.009660987612733731,0.009554521656800685
HRV,Fourth,1140.0,0.764,17.970217137654508,20.153039069908413,22.679549675661363,32.076749504496036,0.01674571315813633,0.016497376326567142,0.016746086213306668,0.016587754606130423
HRV,Fifth,1280.0,1.11,20.19375100289888,22.665398042949608,25.491975168814367,36.07078442692411,0.02430859627467349,0.024001645033465312,0.024309056168206833,0.024113451456733395
HRV,Sixth,1490.0,1.79,23.448924173929296,26.340803815768606,29.61069034799849,41.91709320614133,0.03919557307509082,0.03878448002248212,0.03919618886792281,0.03893435571736781
HRV,Seventh,1660.0,2.53,26.135383156392027,29.38212426968419,33.01113512863286,46.75188748458796,0.055450300831229364,0.054991824719585816,0.05545098698226767,0.05515915126556031
HRV,Eighth,1970.0,4.41,31.06025598617616,34.95122017988132,39.248282605053,55.61339214263173,0.09635621729468923,0.09579955315258593,0.09635704749957236,0.09600301530988417
HRV,Ninth,2240.0,6.57,35.16701252527963,39.615464806719935,44.45295683942933,63.0285672630568,0.14342858923967702,0.14305601574786023,0.14342914046857155,0.1431927105710634
HRV,Tenth,3510.0,27.9,55.115086561688834,62.23507287477762,69.79497957863954,99.10009145066002,0.6067958243251783,0.6094900839236157,0.6067917955061375,0.608506957367216
HTI,First,33.2,0.000152,0.16227084396410585,0.24230119311306098,0.3806717005621938,1.4250895317039414,2.434554031416626e-6,2.7229166367451336e-6,3.170064822535252e-6,4.12227861136853e-6
HTI,Second,72.8,0.00168,0.3625326191806903,0.5407169780288595,0.8437631657979158,3.109717977567917,2.8400449731962658e-5,3.119291880488973e-5,3.542814137005402e-5,4.41339066141287e-5
HTI,Third,104.0,0.00506,0.523331453765837,0.7790424593722977,1.2102619378894477,4.420315263902088,8.83455326528028e-5,9.595022096154853e-5,0.00010732784410072391,0.0001302141196828503
HTI,Fourth,147.0,0.0151,0.749184639421162,1.1136092563770088,1.7239400144717358,6.251260234225797,0.00026953346320033786,0.0002901088546355944,0.00032055578590573744,0.0003807400800212562
HTI,Fifth,193.0,0.0355,0.9934691951307861,1.4743202401538567,2.274932425992957,8.196818489409209,0.0006506413633631809,0.0006946483798930845,0.0007591229902329101,0.0008845698456106864
HTI,Sixth,260.0,0.0917,1.3543263657765443,2.0066571017883104,3.0865620157485703,11.05274169918535,0.001718064744218263,0.0018198730851782241,0.001967583744053798,0.002250567342949952
HTI,Seventh,339.0,0.212,1.7794659529435544,2.6315680006465385,4.034095683594134,14.35424629842906,0.004052669184115517,0.004257876234354576,0.004552566455346168,0.005108027529624772
HTI,Eighth,478.0,0.636,2.543074008617741,3.752646940224704,5.730164262599183,20.2422643227197,0.012492054633885915,0.013004709579069552,0.013732292895812124,0.015078349632024219
HTI,Ninth,673.0,1.91,3.6354811332479615,5.3471366703072185,8.121296061410495,28.421767288165942,0.03867434175061054,0.03979043080879088,0.04134943298293675,0.04416178172766425
HTI,Tenth,1740.0,42.9,9.924288876030015,14.417227967207195,21.455643205225265,72.93378593488205,0.94202351432419,0.9400124870016748,0.9371725190954192,0.9319574935371965
HUN,First,1010.0,0.128,13.763038938956997,15.995235673893013,18.740686685241624,31.19564966275012,0.003513224796897372,0.003011324024710391,0.0026649345659376096,0.0023423739256133256
HUN,Second,1470.0,0.413,19.55397144360615,22.97898724489406,27.156774447913406,45.60417996399506,0.01079162792737061,0.009570131888945173,0.008698004878587719,0.007860986128208746
HUN,Third,1650.0,0.599,21.776492642157365,25.748716987353834,30.577396511487503,51.60450072995973,0.01522669408378798,0.013765974993300525,0.012702160765337747,0.011662992305194093
HUN,Fourth,1940.0,0.992,25.32311655837403,30.091199324977996,35.87413390373071,60.784415778981796,0.024675508837576417,0.022653665243542346,0.021156574463362006,0.019672469333208997
HUN,Fifth,2160.0,1.38,27.917758136447123,33.32093659402726,39.86316799052308,67.78405748662442,0.03371843994222137,0.031385601869858865,0.02963055861446114,0.02786609598361723
HUN,Sixth,2480.0,2.15,31.821983629817744,38.14431355937909,45.789951601350396,78.1308847783976,0.051275012538431725,0.048369623708449785,0.04614644720872523,0.04387774612309687
HUN,Seventh,2730.0,2.92,34.796456592918545,41.8936496690222,50.4674641056491,86.41941770929368,0.06827036830666322,0.06529927284625979,0.06297836224236683,0.060567023091194105
HUN,Eighth,3210.0,4.85,40.476750705653295,48.97462221514699,59.23503487812467,101.83804648968439,0.11084755319337788,0.10767805062855508,0.10512111880379253,0.10239120907807181
HUN,Ninth,3580.0,6.83,44.60434148372632,54.30526613832983,66.01211261071472,114.06553369536007,0.1513483829781811,0.14994455424520267,0.1486650310435854,0.14716805279995943
HUN,Tenth,5430.0,25.6,65.90504026770677,81.33095891970115,100.01700871982715,174.74273897824668,0.5303331873954923,0.5483218005511753,0.5622368074138437,0.5765910512318354
IDN,First,432.0,0.0414,2.666322410263764,3.935255534084871,5.8737925656824554,17.703545334754413,0.0003281698989585373,0.0003614997280376221,0.000473146068728644,0.0017441096821614412
IDN,Second,666.0,0.161,4.459997128987492,6.555159103053823,9.62387680242684,26.593795776200363,0.001633912321026161,0.0017670840561212022,0.002196508559070756,0.00623100144891596
IDN,Third,776.0,0.262,5.439626060344762,7.971868032451693,11.591136075939145,30.4916861377185,0.0030442755208921726,0.0032571885968929134,0.003928595614009017,0.009580565185893822
IDN,Fourth,937.0,0.479,6.807537995683212,9.954405478282935,14.361220548936005,36.31086020130965,0.006158889943295767,0.006533252300816836,0.0076925648226272144,0.016626512610342134
IDN,Fifth,1070.0,0.734,8.009045034622812,11.686047658893184,16.74077670950391,40.857692226223094,0.010272575270529567,0.010813129208958197,0.01245940661425312,0.02416136554995879
IDN,Sixth,1260.0,1.25,9.725949067797723,14.161010290452618,20.14427475678495,47.493565080322675,0.018950585363913718,0.019798950784623535,0.022339816973592455,0.03899853512034995
IDN,Seventh,1420.0,1.88,11.345413681138092,16.47990077311919,23.27175451021149,52.95567934167299,0.030821163439740056,0.031952056634131754,0.03527767249414371,0.05523074253999913
IDN,Eighth,1710.0,3.52,14.194583895286044,20.5599162086787,28.780912863494763,62.89836925510474,0.06261024294002195,0.06434576901687415,0.06933464722960613,0.09608996236333664
IDN,Ninth,1980.0,5.8,17.135516746512447,24.723720131231815,34.22683580632294,71.12644503199662,0.11371254572148962,0.11557619244314611,0.12073145574330305,0.14325094127914267
IDN,Tenth,3210.0,31.7,31.030775378195532,44.2019728618046,59.213034498961534,109.52076757146067,0.7524676395801324,0.7455948772303976,0.725566185880666,0.6080862642198994
IND,First,106.0,0.00565,1.4134463091118727,1.8267395326112175,2.290685641114017,3.131979521912208,0.000254762154057725,0.00018038669442206173,0.00012061002000565544,1.7546256567163783e-5
IND,Second,201.0,0.0319,2.4210525013749216,3.2094511289995027,4.135337071063913,6.390753842959197,0.0013303957606529701,0.0010044157947866935,0.0007228874983591533,0.0001474952685198478
IND,Third,265.0,0.0644,2.9875508740103442,4.01467429284692,5.251108039521078,8.69816411982254,0.0025490846773848653,0.0019985659644877665,0.0015024046008972334,0.0003754470622042911
IND,Fourth,353.0,0.14,3.7760125860242195,5.1303976347659335,6.79118180352962,11.888384014486684,0.005273682420986649,0.004261516204612351,0.0033171264367630867,0.0009751294788933109
IND,Fifth,439.0,0.249,4.479172069316794,6.1438643524093655,8.218049979901675,15.105445086152237,0.008974733317334381,0.00745186339732402,0.005985061965681496,0.0020362697327425032
IND,Sixth,563.0,0.492,5.484059620157466,7.591406631238291,10.255583300435113,19.758500202128342,0.016882217066530928,0.014391550118609318,0.011915301385420836,0.004671264332736949
IND,Seventh,695.0,0.864,6.4476900493404266,9.007132627274997,12.290241500522136,24.843828439386485,0.028017284092699303,0.024544408105864647,0.020971159961762856,0.009522881075878353
IND,Eighth,928.0,1.92,8.140369420237548,11.48569410171125,15.839344710067383,33.77570012069272,0.0582168196202807,0.05258378261279607,0.04654198832142278,0.024920016986868368
IND,Ninth,1210.0,3.97,9.931294283985334,14.183733607584733,19.815121951659986,45.17552308238002,0.1088292666224158,0.10220947001280646,0.09463383638965273,0.0625499343794955
IND,Tenth,2620.0,38.1,18.427542190037947,26.910453487779236,38.284749358418175,100.86125245152763,0.7696717542676567,0.7913740410942905,0.8142896234200342,0.8947840154260936
IRL,First,1710.0,0.0733,23.292576662576217,30.079035284567315,35.68288011436226,49.46743540154669,0.0017151144497971342,0.001637350132289974,0.0015990244339772828,0.0015208307325720667
IRL,Second,2560.0,0.267,34.648552389516894,44.882603089602,53.32886763039286,74.17088430576484,0.006148974333045308,0.005927390936248717,0.005817304421135642,0.0055908153327104086
IRL,Third,2940.0,0.414,39.63296150140663,51.42924813819246,61.16234447239047,85.2241926886372,0.009473459257275232,0.009182906577672132,0.009037876147869491,0.008738031634660979
IRL,Fourth,3490.0,0.725,47.06689242048483,61.1618021094539,72.78963520623303,101.57639465679505,0.016467006197700355,0.01603279161411248,0.015815210174951258,0.015363544297266616
IRL,Fifth,3940.0,1.06,52.890446494512574,68.81569309274539,81.95181781751094,114.51449999410048,0.023964048136762655,0.023425133512725956,0.02315409804840631,0.022589319957591374
IRL,Sixth,4580.0,1.72,61.40539389485748,79.99214602048427,95.3225568459205,133.37006004543434,0.03873404818653291,0.03800919399196724,0.03764325746661532,0.036877701117511985
IRL,Seventh,5120.0,2.46,68.45128407477118,89.28290496074167,106.46372433932267,149.15738957710417,0.054935473922474325,0.05412302552563181,0.053711057215806435,0.0528452289637442
IRL,Eighth,6100.0,4.32,81.34867561781188,106.25536687040616,126.79789766011811,177.9119200253364,0.09573095407165645,0.09473754593387358,0.09423069038851081,0.0931585850719416
IRL,Ninth,6930.0,6.51,92.15574046873449,120.58617401107193,144.03533194244778,202.4831402223394,0.14300979561771923,0.14233294119020737,0.14198224004572987,0.14122867935592634
IRL,Tenth,11000.0,28.3,144.60492010523254,189.96425719608104,227.42050654882814,321.0519025035789,0.6098211258270363,0.6145917205852708,0.6170092416569976,0.6220872635360744
IRN,First,241.0,0.0183,2.141153643414265,2.7923639546949754,3.6058768342147065,8.891122032487997,0.0001132297131430479,0.000149262463496155,0.00018841260738768713,0.0007391282104851206
IRN,Second,393.0,0.0825,3.7951225368254597,4.875855777095116,6.210585140879273,14.06305862104442,0.000686463334211557,0.000860539732104483,0.0010407075229927987,0.0031447822928412773
IRN,Third,473.0,0.147,4.794165781999193,6.103384882480116,7.710903686657243,16.623598441801732,0.001436417781004398,0.0017478363149158376,0.0020609867988045146,0.00534686202356323
IRN,Fourth,586.0,0.288,6.167633186258806,7.794615372722545,9.781584737901449,20.2700793207677,0.003188705702241755,0.0037886605580676426,0.004377987312404417,0.010054590303800775
IRN,Fifth,683.0,0.471,7.440865406629273,9.340726976667588,11.64995450115989,23.303272961324733,0.005781523203626531,0.006723671236169636,0.0076294780561679066,0.015703667995497078
IRN,Sixth,823.0,0.856,9.256512006330306,11.542611809987354,14.30540077778774,27.64224649499788,0.011564736011641933,0.013172691147517214,0.014685948977633674,0.027181795720182853
IRN,Seventh,952.0,1.38,11.074622277683753,13.71221488805366,16.880725691635877,31.480183618187596,0.020454318100189935,0.02280187401319678,0.02496085817666994,0.041385100896918
IRN,Eighth,1180.0,2.78,14.248913773479648,17.49298261527228,21.350342857584632,38.238599106978036,0.045645396684652104,0.04967060027190153,0.053271122080252364,0.07807946593446313
IRN,Ninth,1400.0,5.05,17.836231265055282,21.652811144700525,26.13066884287431,44.50539467119233,0.09346518510366093,0.09862048483761184,0.10303948252481954,0.12905513652592407
IRN,Tenth,2420.0,34.8,35.04036954777625,40.969722034749964,47.22838711564148,71.80646127665007,0.8176640243656278,0.8024643794250189,0.7887450159428672,0.6893094700963245
IRQ,First,258.0,0.0928,2.5975875425317927,3.1251487475549107,3.947546425093952,9.066688300358836,0.000735988857260958,0.0008941273558914632,0.001286268013331435,0.0037798212876193047
IRQ,Second,381.0,0.308,4.142183212226427,4.928656111509949,6.0757120512368985,12.922094298563419,0.003134064902175564,0.0036627539681365613,0.004894807257115228,0.011422626639855141
IRQ,Third,432.0,0.459,4.9112308162328535,5.8040360774526425,7.0555815655570235,14.376615001676425,0.00533124042001805,0.006092496675740411,0.007803457454310435,0.015969036815364795
IRQ,Fourth,510.0,0.78,6.010974285177394,7.065339766943167,8.491221152920097,16.71472188853493,0.010029121051458124,0.01125795004147922,0.013939166919131578,0.025688995358487572
IRQ,Fifth,571.0,1.12,6.9306550291320015,8.10543688756625,9.641533404437453,18.406278217219,0.015669374065068985,0.01730873594650339,0.02078845434134134,0.03487241868668901
IRQ,Sixth,660.0,1.78,8.254552690542022,9.605371900893083,11.307740039412652,20.950942688497808,0.027131642116439796,0.029506778568418414,0.034408494072456754,0.05269184562364899
IRQ,Seventh,731.0,2.5,9.435452297349363,10.920939782404773,12.719714877219122,22.859687616997153,0.041323263511939996,0.044221160677032835,0.0500153746393042,0.06969390893885372
IRQ,Eighth,863.0,4.33,11.541070928741243,13.271971411616308,15.258340477427422,26.49436202797634,0.07799349885455503,0.08196781842326648,0.08958957523177057,0.11232368664916077
IRQ,Ninth,970.0,6.44,13.531774493408784,15.43243237695957,17.460251374321665,29.058254999192954,0.12897771923073822,0.132464122805783,0.13860813456544274,0.15192607610939177
IRQ,Tenth,1480.0,28.0,22.926724531621336,25.49225895861891,27.523525272574084,41.84681760649649,0.6896740869903452,0.6726240555377482,0.6386662675057957,0.5216315838909289
ISL,First,1640.0,0.186,24.406123495878276,27.628874136393076,31.5195572457268,48.117509695795725,0.0040154961932301865,0.003918951772589942,0.003895674540374756,0.004191562925281142
ISL,Second,2300.0,0.552,34.22278759773337,38.79205754913891,44.246935830912335,67.1781440729544,0.011971171575350171,0.011747469490314213,0.011693326886062477,0.012375660297036437
ISL,Third,2540.0,0.765,37.872537223611715,42.96295822507669,49.00225077917698,74.17133413726204,0.01660807677924304,0.016348158949770646,0.0162851091101448,0.01707570542699028
ISL,Fourth,2930.0,1.22,43.79374181134522,49.702948587473735,56.67103399143015,85.55414312504264,0.026554273746123038,0.02620312160709654,0.02611777950791429,0.027183385573531244
ISL,Fifth,3210.0,1.65,48.057393631582855,54.56604549714821,62.199718294272714,93.68228682392588,0.035849813113895776,0.03545401867069623,0.035357651829787055,0.036556013192720116
ISL,Sixth,3640.0,2.48,54.516735734553585,61.91597144465114,70.53724121316124,105.97846184229647,0.05388155453269614,0.05340091513828299,0.05328365673212405,0.05473534475375057
ISL,Seventh,3960.0,3.26,59.34411618603856,67.42176240577729,76.77423608163203,115.06702567217,0.07087644941880278,0.07040011270991056,0.07028361580717901,0.07171788850283146
ISL,Eighth,4560.0,5.21,68.65744929893309,78.00425762738267,88.71722318379211,132.54489980098776,0.11352839228645967,0.1130455073070001,0.11292691781698638,0.11437346923196409
ISL,Ninth,4990.0,6.99,75.19866045412338,85.46765660867752,97.11748167406985,144.57413332280154,0.1523582289909502,0.15218941529857244,0.15214704381701152,0.15263893680803411
ISL,Tenth,7160.0,23.5,109.5223821545751,124.20871240044231,140.05178057355138,206.1701132281326,0.514356543363249,0.5172923290557663,0.5180092239524158,0.5091520332878605
ISR,First,709.0,0.0366,10.049406126541522,11.349435665338547,13.051177121420652,21.46549419393653,0.0006059769366481018,0.0006084667294499021,0.0006506171861017492,0.00104212151095182
ISR,Second,1120.0,0.152,16.140914816813822,18.250099017416915,20.905706146849948,33.34190578993081,0.0026810564104840853,0.0026899122496459545,0.0028387149686333215,0.004139422110358785
ISR,Third,1320.0,0.256,19.242449797994635,21.762661724557653,24.869891539598772,38.97531759881987,0.004662947116751013,0.004676170085722303,0.004897368329274171,0.006764004633821304
ISR,Fourth,1600.0,0.477,23.642978660911137,26.746809005558834,30.505040533207982,47.1395460916131,0.008928714557050296,0.008950701764467692,0.009317192933250977,0.012322615463629477
ISR,Fifth,1840.0,0.739,27.3673262130787,30.963124318044834,35.24823788232795,53.79012350302946,0.014173989745811954,0.014204141143341124,0.014705044187021916,0.018705504121476042
ISR,Sixth,2180.0,1.27,32.7128578268882,37.012581209553005,42.05206138455977,63.39406051597413,0.02492405090144985,0.024968973153202074,0.02571273783385747,0.03149611726089233
ISR,Seventh,2480.0,1.93,37.548579056845455,42.479930106298774,48.162560778345146,71.69971548945055,0.038572654069414916,0.03862919916121025,0.039561888576784575,0.04660200992073848
ISR,Eighth,3020.0,3.61,46.1328330703014,52.17490176384153,58.98790917894619,86.57956771397522,0.07411712812368149,0.07419785989768142,0.07552312845172132,0.0851512650879204
ISR,Ninth,3510.0,5.94,54.43618301295085,61.53028259001425,69.316448110818,99.9454556619195,0.125395745364308,0.12547216243040454,0.1267155527272257,0.13511854385292515
ISR,Tenth,5820.0,31.4,93.59443139349052,105.2700274364297,116.89219912956999,161.92276095768514,0.7059377367744003,0.7056024133848747,0.7000777548061289,0.6586583960372862
ITA,First,767.0,0.0745,12.535724345821405,13.621175618546303,14.901443436977184,21.36177502293193,0.0018552057980969505,0.0017359004739363351,0.0016314227209607787,0.0014423409350595546
ITA,Second,1150.0,0.27,18.63092581673006,20.34731466742262,22.359487253440516,32.316044084287114,0.006542446291531588,0.006207809669577852,0.005910404024714509,0.005360799489387088
ITA,Third,1330.0,0.418,21.27575916255231,23.2989250843707,25.666023235924982,37.26751763919806,0.009985080789416016,0.009550307726059883,0.009160556958042803,0.008431431611174585
ITA,Fourth,1580.0,0.731,25.24616374136767,27.708955657401408,30.585792822446066,44.57598416678814,0.01722629398664086,0.016581481719128426,0.01599929932130324,0.014899090700511366
ITA,Fifth,1780.0,1.07,28.33787078951234,31.16290372404583,34.459677815343696,50.3886987676657,0.02490025579920782,0.02410569453417746,0.023383455250924036,0.022005462202476067
ITA,Sixth,2080.0,1.73,32.8717420853801,36.218277500983234,40.12072906407111,58.85543613516179,0.03998469733016341,0.03892396273486321,0.03795298360518428,0.03608191419233925
ITA,Seventh,2320.0,2.47,36.595602133775344,40.398834111424215,44.832067969333664,65.98543841086831,0.05632614893501411,0.05514755392282075,0.05405982485751142,0.05193946867791911
ITA,Eighth,2770.0,4.33,43.4397037562581,48.05950234769265,53.44486336707809,78.95482355211227,0.09741238833051309,0.09598892684005028,0.09465992348819659,0.09202707976720133
ITA,Ninth,3150.0,6.51,49.10111661645276,54.46856974727615,60.72783953632694,90.13823612307534,0.14412310485702118,0.1431832631951478,0.1422794693423818,0.14041630965386867
ITA,Tenth,5000.0,28.2,76.7113875208135,85.60409083764438,96.04486444062755,144.05022932864702,0.601644377882395,0.6085750991842379,0.6149626604307805,0.627396102770063
JAM,First,72.3,0.000489,0.6078444024707289,0.6842433254812198,0.8658383760804577,2.684207629781681,1.741338028949162e-6,1.9836499707566166e-6,2.6538415591912926e-6,1.551678485531423e-5
JAM,Second,148.0,0.00392,1.3814549093308486,1.5515441722175627,1.933737390302575,5.401271076192195,2.14423612807387e-5,2.391912709355898e-5,3.0528684656289944e-5,0.00013318851172297442
JAM,Third,203.0,0.00995,2.0153082735767622,2.2576087030922847,2.787752649420424,7.329196389524388,6.897103916794187e-5,7.594446551768177e-5,9.414915959585714e-5,0.0003433500475680562
JAM,Fourth,280.0,0.0262,2.9092683713117578,3.252505506867197,3.986756906536575,9.987032894101203,0.0002161612205237191,0.00023554321047892382,0.00028525298722155705,0.0009008685223333083
JAM,Fifth,360.0,0.0558,3.887039257121715,4.336532683424032,5.280237581431926,12.67252898395966,0.0005346035249810034,0.0005770819796741499,0.0006842957388700413,0.0018984740145283894
JAM,Sixth,475.0,0.132,5.33750283822338,5.942494854387665,7.188955677119073,16.55214803463369,0.0014452641190528465,0.0015459130624234034,0.0017959975607991048,0.004393958992773606
JAM,Seventh,605.0,0.281,7.066084408099727,7.848209408826629,9.43003653577686,20.805171268372987,0.0034934053728263768,0.0037014367851076493,0.004209910892196358,0.00904032863838158
JAM,Eighth,836.0,0.78,10.18339240981983,11.278873583749334,13.44574492725651,28.26822011634381,0.011067336447311877,0.011602255230246925,0.012885335170215468,0.023902590629866462
JAM,Ninth,1150.0,2.15,14.715625099380603,16.230857812122146,19.14523564785538,37.84684190707318,0.03548951202966414,0.03670026801969785,0.03953187785038518,0.06079367314619173
JAM,Tenth,2770.0,42.4,41.27125219010366,44.68837844163679,50.6131143696795,84.81031791421692,0.9476615625471624,0.9455356544697892,0.940479998114501,0.8985780507117785
JOR,First,441.0,0.0555,3.0654369188361947,4.194704215892072,6.200984320510881,17.74903709197557,0.0004161109647071853,0.0005097926698089216,0.0007452162407987658,0.0023037419336575243
JOR,Second,666.0,0.205,5.038583272451074,6.816836034849525,9.837735078258447,26.101877720842133,0.001980075211245955,0.002332724175324875,0.0031655391727439235,0.007758957339053762
JOR,Third,767.0,0.324,6.087742083124425,8.179382694206138,11.640805887955288,29.588539534738285,0.003592907741602252,0.004137306469499284,0.005377093097312003,0.011535015616829939
JOR,Fourth,918.0,0.578,7.559903633641684,10.101515739389002,14.21484942079042,34.90693449774107,0.007116747495735846,0.008047027602473082,0.01010384737949813,0.019488132179233335
JOR,Fifth,1040.0,0.863,8.834735911318939,11.74511063249569,16.360234353753142,38.95913943168078,0.011646716336300808,0.012955098390436156,0.015769952280489673,0.02764515252658062
JOR,Sixth,1210.0,1.44,10.658083079261678,14.098092827290275,19.43944591483471,44.925551338489214,0.0210932738753523,0.02309309983331569,0.02727867630673162,0.04359122620086305
JOR,Seventh,1360.0,2.11,12.350897864440645,16.250428545300007,22.172666397403148,49.69288033257445,0.03365730169617426,0.03624686835108734,0.041504470517581965,0.06025937467015947
JOR,Eighth,1620.0,3.83,15.336344339467399,20.051360281271556,27.018105987522606,58.49085844823287,0.06692483362076145,0.07075752441964328,0.07824527301154761,0.10203761149509144
JOR,Ninth,1850.0,6.07,18.34346282983373,23.787274853419078,31.55121010641898,65.42053718593637,0.11827843973476948,0.12214745150419372,0.12920420082102127,0.14696483800539034
JOR,Tenth,2920.0,30.4,32.498496526134225,41.13432955888099,52.17209416624945,98.467473256623,0.7352935933233504,0.7197731065842177,0.6886057311722751,0.5784159500331406
JPN,First,690.0,0.0689,11.626722948814242,12.527807219114411,13.542720572114325,18.81562388778244,0.0015746295296926198,0.001495258511859898,0.0014404968786307672,0.0014951266603754967
JPN,Second,1040.0,0.254,17.45407722897627,18.877518584924477,20.45524676595429,28.346728108185495,0.005746920137823548,0.0055161767870445496,0.005355362061511951,0.005515791575623826
JPN,Third,1200.0,0.397,20.050182704714288,21.72850719407151,23.574560282000718,32.62151055422728,0.008944908942141418,0.008638776687686624,0.00842415773691561,0.008638263609549305
JPN,Fourth,1430.0,0.699,23.901746835020674,25.942315567927395,28.17046843065688,38.93244624249136,0.01567543554814176,0.015213481008529907,0.014888039313431863,0.01521270458695254
JPN,Fifth,1610.0,1.03,26.94182941676197,29.280494450451574,31.818471332249786,43.924608380861095,0.02297963135762664,0.022401024752681284,0.021991530643633263,0.022400049679947617
JPN,Sixth,1880.0,1.68,31.377737075843765,34.14103091474592,37.117792591006435,51.179239828309846,0.037407207074996916,0.03662154618985958,0.03606287072952965,0.03662021879963665
JPN,Seventh,2100.0,2.41,35.08007460382078,38.21387222939229,41.566052978457364,57.24301198381079,0.053444662355957406,0.052554317521807725,0.051917721552392576,0.05255280909687494
JPN,Eighth,2500.0,4.26,41.833104132815784,45.61546303033818,49.615657094677715,68.21971108400056,0.09390181983671467,0.0927962780114243,0.09199978720344239,0.09279439677694669
JPN,Ninth,2850.0,6.46,47.570693546713024,51.94146894647673,56.50781989791204,77.54880973068344,0.1417527740480425,0.14097045272281847,0.14039650227383146,0.1409691073566649
JPN,Tenth,4460.0,28.6,75.25614253398074,82.12111564694241,88.81750596904126,121.08610982156662,0.6185720111688625,0.6237926878062877,0.6275235316066805,0.6238015318574281
KAZ,First,797.0,0.173,11.937005681054947,14.102708666439499,16.145425704769938,22.603082018143322,0.003749880709220481,0.003657425923676543,0.0036333023475530156,0.003909057973297975
KAZ,Second,1120.0,0.523,16.83329750684111,19.915446748977526,22.795993629409825,31.738587900202706,0.011352330269893105,0.011134364277298534,0.011077266229806522,0.011724466771629279
KAZ,Third,1240.0,0.731,18.683167072037012,22.121955563008296,25.3200656661538,35.145008033637914,0.015886726321751584,0.01563089332608471,0.015563719900023002,0.016321378154911515
KAZ,Fourth,1440.0,1.18,21.657443646648133,25.655420739280473,29.352583279037606,40.63415529115357,0.02557706755498626,0.025228473732926165,0.025136766936867398,0.026166880342335486
KAZ,Fifth,1580.0,1.6,23.81620702352698,28.2246606888389,32.2813887825654,44.58356554746707,0.03474546648946035,0.03434930014564854,0.03424488158238094,0.03541310476566787
KAZ,Sixth,1790.0,2.41,27.074033689958863,32.091778794422225,36.67796406087271,50.52846163640945,0.052536624240135936,0.052051216384924145,0.05192301648155384,0.053351142259103826
KAZ,Seventh,1950.0,3.19,29.532495442001622,35.01571399247108,39.99597282766107,54.96227402037245,0.06953876325049553,0.06905230041756326,0.0689234977806425,0.07035067680388328
KAZ,Eighth,2260.0,5.15,34.248281606558656,40.600753273950524,46.30441344513408,63.422853704214916,0.11216417274651395,0.11166184186143813,0.11152828718275981,0.11299520501145362
KAZ,Ninth,2470.0,6.96,37.618256609369034,44.60508935957064,50.8104042499181,69.33893816826847,0.15186614504226228,0.15167341313450475,0.15162116295970224,0.15217148384598417
KAZ,Tenth,3560.0,23.9,55.12236270912971,65.1295812258785,73.45158467473456,99.05286434750248,0.5225828233752804,0.5255607707959353,0.5263480985987107,0.5175966040717329
KEN,First,63.4,0.000811,0.48940512385721774,0.6676488908291646,0.9703082396677523,2.4267641947228045,1.3426163691049442e-5,1.4848525797228996e-5,1.702727663036555e-5,2.157849034466101e-5
KEN,Second,126.0,0.00679,0.9870598841674476,1.3433334440544882,1.9395969087790665,4.784523589293001,0.00011810208969417654,0.00012840729193018983,0.00014386574856162812,0.0001750961709094079
KEN,Third,169.0,0.0173,1.3432114552394474,1.823988268401982,2.622660810369259,6.417528144519141,0.00030902095970545103,0.00033252691263751497,0.00036734361334297196,0.0004362794886428742
KEN,Fourth,229.0,0.0447,1.834362993687336,2.4867755258302453,3.563932033443531,8.664897365365954,0.0008205289849009615,0.0008756460332153793,0.0009564544353410347,0.0011138717317490633
KEN,Fifth,289.0,0.0933,2.3333522795380914,3.157825221435188,4.511981003890066,10.907305981724091,0.0017478398408089047,0.0018513641662573387,0.0020017406159724624,0.0022903867301152583
KEN,Sixth,375.0,0.214,3.055624190524114,4.1285196601932554,5.881644773190637,14.140083550830559,0.00408769903961482,0.00429854027088698,0.004602020881137277,0.00517616431102319
KEN,Seventh,469.0,0.436,3.853249928440201,5.196366345567277,7.379871602096681,17.641567720161365,0.00850159039111745,0.008873151410869088,0.00940283584264663,0.010389688650196025
KEN,Eighth,634.0,1.14,5.259574393574585,7.077749344327008,10.0160075654224,23.79229574749915,0.022752329036347413,0.023547314196083604,0.024668007594186966,0.026719160067951657
KEN,Ninth,844.0,2.86,7.0946355945968955,9.517839771852932,13.405116791233628,31.588618040130893,0.05877312978638154,0.060173642774313446,0.06211755056560418,0.06558848030930015
KEN,Tenth,1920.0,41.0,16.734067276630615,22.23198686193857,30.85573816259821,71.34877375723134,0.9028763337077382,0.8999045584180093,0.8957231534265764,0.8880892940497677
KGZ,First,321.0,0.154,2.6443159815284103,3.555924929973892,5.045314599612712,12.064456706568544,0.0034698541256744523,0.003316595134976401,0.003205723411141603,0.00336357343447421
KGZ,Second,454.0,0.476,3.7490988301630845,5.054170790459461,7.179528524602482,17.098935836883882,0.01068786298758824,0.010318573668921931,0.010048788181384126,0.010432212142968456
KGZ,Third,506.0,0.676,4.173688726130071,5.634647238858064,8.009860541576806,19.03417467161293,0.015103848249910094,0.014664827632800064,0.014342256819834497,0.014800231456490877
KGZ,Fourth,587.0,1.1,4.849628548947084,6.552383712927427,9.313814960846695,22.085192967057772,0.02450690648125474,0.023902247761615262,0.023455833999849268,0.02408909224764821
KGZ,Fifth,647.0,1.51,5.344373712393483,7.226121361809803,10.271212180978598,24.309264381018775,0.033525485809369836,0.03283115810460733,0.03231616675480028,0.03304610354143258
KGZ,Sixth,735.0,2.31,6.087669734923162,8.233610490345473,11.69423020560065,27.6144215396984,0.05103680569047847,0.05017652673627419,0.04953527456061921,0.0504433701854358
KGZ,Seventh,802.0,3.09,6.654354939130127,9.004108553414667,12.78147891544897,30.116094818794107,0.06802940585254431,0.06715526487835023,0.06649969186797433,0.06742706159703778
KGZ,Eighth,927.0,5.04,7.734157930255524,10.461103221781793,14.81594159793774,34.791801084864375,0.11059492932871173,0.1096718658260589,0.10897284997328777,0.1099599812285508
KGZ,Ninth,1020.0,6.92,8.519953163046385,11.526684714550798,16.299348749950216,38.14259356371981,0.15124445478468637,0.15085264533970028,0.15054367011802045,0.15097694814974172
KGZ,Tenth,1450.0,24.6,12.55053812151198,16.8557643837734,23.399461085266033,53.89802807345514,0.5318004466897818,0.5371102949166954,0.5410797443130886,0.5354614260162196
KHM,First,233.0,0.0801,1.249329223330986,1.8546987298695272,2.8779279692311306,9.716469225196867,0.0006253993330549673,0.0007616256075918454,0.0011007445772163685,0.0032826131161203345
KHM,Second,343.0,0.275,2.015790108461991,2.9594754931224543,4.479170887615469,13.973740450797493,0.002749941196637525,0.003221307118823867,0.004324066481961963,0.010236124778567526
KHM,Third,388.0,0.416,2.4053786654365896,3.5071929371312622,5.232840802727518,15.623646076404906,0.004765624205272035,0.0054581643790617895,0.0070207333803306736,0.014566414745976058
KHM,Fourth,458.0,0.716,2.959335511660515,4.2910988521428886,6.326870937492762,18.219788479123206,0.009099212269537887,0.01023573776767749,0.012725281209173565,0.023766245111548262
KHM,Fifth,511.0,1.04,3.427627785221847,4.94455895901946,7.212744642868046,20.117687825386078,0.014407496643093837,0.015947181472358875,0.019228464357000877,0.0326744785701545
KHM,Sixth,589.0,1.68,4.100437700187812,5.884281709534403,8.489402163454406,22.933054735369616,0.025271495304599753,0.027537338244829148,0.0322332582686746,0.04998172193060659
KHM,Seventh,652.0,2.38,4.7079599467644355,6.71850103471465,9.583503465065132,25.067867340145984,0.039009360001825,0.0418226583632585,0.0474739090559501,0.06695646800277835
KHM,Eighth,766.0,4.18,5.787366760571918,8.201667579560706,11.532362925505009,29.03888445024581,0.0747394841032998,0.07868631135479308,0.08629895896545267,0.10946050565302692
KHM,Ninth,856.0,6.34,6.827576502820629,9.58990630568829,13.249859575102176,31.88674016877399,0.1259828351297391,0.1295991067262399,0.13604479312503534,0.15076031627159314
KHM,Tenth,1270.0,28.7,11.72228674415792,15.979642526679998,20.83585530634908,44.93059647752807,0.7033491518129401,0.6867305689653654,0.6535497905792037,0.5383151118196284
KOR,First,880.0,0.0672,8.778785431647917,11.50191778110793,15.191246633698187,30.93063721752192,0.0005141023600584353,0.0006279010042020745,0.0009124925826800707,0.00276910104064235
KOR,Second,1320.0,0.239,14.13329286903798,18.297366466095344,23.599686559997377,44.60668026053352,0.0023486079395084857,0.002758780779164901,0.0037227865695621176,0.008963010835619028
KOR,Third,1510.0,0.369,16.905228646505662,21.731615313159583,27.64630347368577,50.094381235936964,0.004161522603028745,0.004778771645048013,0.006177799637822663,0.013027372799022947
KOR,Fourth,1800.0,0.646,20.811431244731875,26.59994656675534,33.46010289708057,58.58207179940437,0.008087987338061028,0.009121004449936616,0.011394153337156945,0.02161654931184631
KOR,Fifth,2020.0,0.95,24.146942374640716,30.70229648122984,38.22929872361242,64.91063154042186,0.013012160838371362,0.014437293839202135,0.01748860166269937,0.03017238250006827
KOR,Sixth,2350.0,1.56,28.92036808973547,36.57943636777266,45.08133362807092,74.25546888283883,0.023179484991057698,0.0253157566374665,0.02976467046464676,0.04683629484118153
KOR,Seventh,2630.0,2.25,33.28419606650113,41.86860155575577,51.05378697091288,81.52646448345598,0.03635754544790568,0.03906488874615082,0.04453213974367525,0.0637029666556402
KOR,Eighth,3130.0,4.01,40.99723597645117,51.23030168888006,61.66522236014159,94.99204210606864,0.07091914319184692,0.0748184305819212,0.08238777693690948,0.10592691490409072
KOR,Ninth,3550.0,6.22,48.585363406984726,60.2028965810706,71.3068816896267,105.11758397105355,0.12230677178271568,0.12605697893350945,0.13282139481218114,0.14908156659527713
KOR,Tenth,5520.0,29.5,84.2175541862336,101.71538440039316,114.7970145680653,152.54517742646416,0.7191126735074459,0.7030201933833983,0.670798184252666,0.5579038405166116
KWT,First,630.0,0.0376,8.201417372321737,9.609687828049974,11.472703763145653,19.943321693671834,0.0002975052144573595,0.0003482333318820826,0.00047188284495548955,0.0015435289501843621
KWT,Second,1000.0,0.15,13.92432243529135,16.198470513196355,18.970339672044435,30.409323663792474,0.0015089685169941516,0.0017143868098514726,0.0021917752714690326,0.005656828041755795
KWT,Third,1190.0,0.248,17.09159652522796,19.78617342631437,22.913721570716664,35.09688075338684,0.002842199785352347,0.0031732286280504963,0.003921308762878128,0.008825630828728979
KWT,Fourth,1450.0,0.457,21.512498836671487,24.80967356959999,28.47025116482481,42.04061289553917,0.005800231250244981,0.006386043328310075,0.007680141522390783,0.015495755321454186
KWT,Fifth,1670.0,0.706,25.421879662466033,29.211066601587945,33.2449865367611,47.52225314527594,0.00975019688284243,0.010601124058406946,0.01244197187643006,0.02275494495799204
KWT,Sixth,1990.0,1.21,31.011512228115553,35.5038793615604,40.07056138004984,55.49254138797417,0.01812360018526711,0.019467095662078018,0.0223132277081631,0.03710263165549733
KWT,Seventh,2270.0,1.84,36.320738871356525,41.414686039365044,46.335492810165995,62.12663521426703,0.02970826247290524,0.031510959248331284,0.035243325457236636,0.053100181246567096
KWT,Eighth,2770.0,3.46,45.65808008655293,51.803850823265456,57.338969686043036,74.11799955282005,0.06088215160287517,0.06367125963919083,0.069283969595499,0.09347524285490502
KWT,Ninth,3250.0,5.75,55.391462874476275,62.427715362407206,68.16137831316638,84.20898992853591,0.11182031924496019,0.11485623687570377,0.12068058267668616,0.14145290243599357
KWT,Tenth,5400.0,32.0,101.37263294252153,111.5831254281062,116.45292591425608,130.27510975566958,0.7592665648441009,0.7482714324181949,0.7257718142842916,0.6205923537069217
LAO,First,271.0,0.0274,1.6407874453899607,2.2785475997671845,3.391234198524838,11.236152016036016,0.00020775951690757963,0.00023047791732059243,0.00030556089459332614,0.0011695331130728872
LAO,Second,429.0,0.115,2.833446062297832,3.9191891892849,5.733306708354439,17.37738924086085,0.0011269862833566712,0.001226321521634129,0.0015420312229468638,0.0045379972601563255
LAO,Third,507.0,0.197,3.516719369021379,4.849980076269046,7.023398538341961,20.239583483785665,0.0022081729263249924,0.0023756669624651924,0.0028959024401761244,0.00731598043651796
LAO,Fourth,620.0,0.374,4.463936531846732,6.14232316484626,8.821770592832147,24.40396881763194,0.004650801777203824,0.004958330188183156,0.00589587846200059,0.013185542355209079
LAO,Fifth,713.0,0.592,5.317267830167565,7.299950967536481,10.406069691106715,27.757723724330663,0.008042982429505697,0.00850506624579798,0.009889950298809775,0.019822820212594586
LAO,Sixth,848.0,1.04,6.535492040814947,8.951928197363276,12.664564376054864,32.59180799965041,0.015367189581181395,0.01612188609426249,0.01834555410641685,0.03306613771577989
LAO,Seventh,967.0,1.62,7.717089376937186,10.542998822166952,14.79724583444591,36.70788147937268,0.02591821848289207,0.026968882725386466,0.030007994400896108,0.04845250579981035
LAO,Eighth,1180.0,3.15,9.788083668048472,13.328374651832611,18.523052150740167,44.04108895650034,0.054838691391178286,0.05653946941250705,0.061349570517619835,0.08757563701502263
LAO,Ninth,1380.0,5.45,12.017922587609249,16.289849102107993,22.3535546499149,50.43346594955692,0.10490898632379675,0.10690103712151205,0.11233575805559137,0.13705570189945313
LAO,Tenth,2270.0,33.3,22.608400093440157,30.08610625225989,39.50268930826528,78.46746552430673,0.7827302112876527,0.7761728618109309,0.7574317996009492,0.6478181441923831
LBN,First,341.0,0.0303,3.5825252176272246,4.3506053275693155,5.552554663011361,12.222600042051193,0.00022562011525502584,0.00025980095423550965,0.00035814846930265156,0.00128901511241414
LBN,Second,540.0,0.125,6.085061339436082,7.335442590568491,9.18348782337755,18.63487030765303,0.001205249012858093,0.0013517395546779687,0.0017538093679454404,0.004903114902860231
LBN,Third,639.0,0.212,7.50151824481701,9.001542845708007,11.142757086244604,21.57915479132217,0.0023403025307527237,0.0025844045243748107,0.003236073959075762,0.007814736565815885
LBN,Fourth,781.0,0.399,9.463207701750392,11.314192574224988,13.878399536050953,25.889502221906266,0.004893647581724581,0.00533754954914551,0.006496281399310235,0.01395651434977354
LBN,Fifth,900.0,0.627,11.219680907509629,13.368978918870406,16.264319125243105,29.341214306156246,0.008408218398030807,0.009069361038636259,0.01075995124213183,0.020810574262263362
LBN,Sixth,1070.0,1.09,13.723793285446789,16.298264058376525,19.66681359836749,34.34202163810511,0.01596426654071548,0.017034615330186232,0.019715815429149828,0.03443908947313241
LBN,Seventh,1220.0,1.69,16.13783493619128,19.096859547634086,22.848639515717164,38.58215758809487,0.026750290493212436,0.028226238129379213,0.03184170604781854,0.0500507936376509
LBN,Eighth,1500.0,3.25,20.36604983683206,23.998291943382466,28.426155336999336,46.22024758274058,0.05618727465537291,0.05854882405977644,0.0641773129256779,0.08963486255888206
LBN,Ninth,1760.0,5.55,24.880528834784528,29.154390417691225,34.093631825273704,52.86522771762763,0.10649159807240453,0.10920669653219243,0.11539690216612133,0.13864244184651534
LBN,Tenth,2970.0,32.9,46.271840147757814,53.279017531982824,60.038310380938604,83.7379801233467,0.7775335325996734,0.7683807703273956,0.7462639989934664,0.6384588572906922
LBR,First,106.0,0.0329,0.32169390769861933,0.4868518970268369,0.8988060975163011,4.8992724272301675,0.00024117564049472008,0.0002861475464980559,0.00040694632588877207,0.0013942206530131605
LBR,Second,164.0,0.134,0.5518536753934518,0.8285932565982874,1.4970134620816105,7.5151453785228055,0.0012724224167932113,0.0014620475369249693,0.0019447490743525083,0.005218389567748324
LBR,Third,192.0,0.225,0.6818951290698013,1.0184918845415016,1.817097534698732,8.707885100592263,0.0024527345377799727,0.002765692966584993,0.0035376114824086035,0.008240512885066852
LBR,Fourth,232.0,0.421,0.8626719208673926,1.2833561054180902,2.2668639082631272,10.4676502382364,0.005098843971843143,0.005663539768043902,0.007021183978138246,0.014608502790886248
LBR,Fifth,265.0,0.657,1.0243306823663547,1.518074423028408,2.6574341138164796,11.872726925104699,0.00871484548229062,0.009549894025568781,0.011510908373993631,0.021638537549046186
LBR,Sixth,313.0,1.14,1.2552903770368,1.853615171828158,3.2165677203313296,13.919137144286504,0.016462311624682195,0.017804559933378313,0.020883516438787643,0.03557949242848573
LBR,Seventh,354.0,1.75,1.4774737480398015,2.1730749343450655,3.736805477742092,15.648450345318434,0.027439515476591046,0.029276057935289278,0.03338255554533976,0.05136456978360714
LBR,Eighth,428.0,3.33,1.8675796293075526,2.734649754301451,4.654223283669444,18.788995538616085,0.057294845524070076,0.060205515478078724,0.06651232019671925,0.09130360760231225
LBR,Ninth,495.0,5.63,2.2824566713035623,3.322123343711649,5.579917515313104,21.50803505551936,0.10777382851389501,0.11106938359081449,0.1178515881304164,0.1398878462048763
LBR,Tenth,815.0,32.5,4.255071795834226,6.096878158404534,9.90949834407242,34.49631728268251,0.77324947681156,0.7619171612188186,0.7369486204539551,0.6307643205349578
LBY,First,393.0,0.0376,4.667460026647407,5.398524320135223,6.617399912235316,13.26018341333651,0.0002975052144573595,0.0003482333318820826,0.00047188284495548955,0.0015435289501843621
LBY,Second,617.0,0.15,7.843827500414676,8.998364103574058,10.822712769798807,20.054821914377484,0.0015089685169941516,0.0017143868098514726,0.0021917752714690326,0.005656828041755795
LBY,Third,727.0,0.248,9.59562713558608,10.951022929300652,13.026024044571532,23.088799382106785,0.002842199785352347,0.0031732286280504963,0.003921308762878128,0.008825630828728979
LBY,Fourth,884.0,0.457,12.036064673297213,13.679233141289068,16.12378077654155,27.57489787827471,0.005800231250244981,0.006386043328310075,0.007680141522390783,0.015495755321454186
LBY,Fifth,1010.0,0.706,14.1906431862213,16.0651922537788,18.78047380017903,31.11030569965372,0.00975019688284243,0.010601124058406946,0.01244197187643006,0.02275494495799204
LBY,Sixth,1200.0,1.21,17.26691786433281,19.470857086387493,22.571271011903857,36.24206247722606,0.01812360018526711,0.019467095662078018,0.0223132277081631,0.03710263165549733
LBY,Seventh,1370.0,1.84,20.185121118535697,22.6648060178214,26.044290834228548,40.50599237260457,0.02970826247290524,0.031510959248331284,0.035243325457236636,0.053100181246567096
LBY,Eighth,1660.0,3.46,25.310483199411046,28.2689598763524,32.13057102058015,48.19609839117967,0.06088215160287517,0.06367125963919083,0.069283969595499,0.09347524285490502
LBY,Ninth,1940.0,5.75,30.645851087529152,33.98857384289793,38.10017557743435,54.649797955049095,0.11182031924496019,0.11485623687570377,0.12068058267668616,0.14145290243599357
LBY,Tenth,3180.0,32.0,55.779220125526884,60.31581639026871,64.49407267227241,83.8504502530631,0.7592665648441009,0.7482714324181949,0.7257718142842916,0.6205923537069217
LCA,First,404.0,0.0324,3.518738468290022,4.154189578538569,5.576082517246397,15.645231504200437,0.00023810865422788286,0.0002808952255730419,0.0003971073645702176,0.0013733979598576636
LCA,Second,634.0,0.133,5.99275758288872,7.01588316589167,9.221025515301282,23.86094571353095,0.0012592474137461816,0.0014402241244327897,0.0019066427617475488,0.005156424328164048
LCA,Third,747.0,0.223,7.3885371529955615,8.604240809096524,11.17045024448652,27.603579573890777,0.002430751079087629,0.002729988223343944,0.0034777962467733873,0.008157172374178371
LCA,Fourth,910.0,0.417,9.325512423347014,10.815027426163013,13.902867571701918,33.1080775117319,0.005058823896925029,0.005599571916517557,0.006917574179281333,0.01448131633085812
LCA,Fifth,1050.0,0.651,11.056625668698171,12.77327872548811,16.27495704478551,37.49786990365493,0.008655182149209205,0.00945591995848573,0.011363354696262352,0.02147753749546624
LCA,Sixth,1240.0,1.13,13.52703426746271,15.568740040649052,19.66445301161893,43.87193278721788,0.01636562675844329,0.017654499054510497,0.020655133825198194,0.03535846894892341
LCA,Seventh,1410.0,1.73,15.902979269943007,18.229811220747422,22.817569020668145,49.24912647786013,0.027306054395468484,0.029072206586612283,0.033082716513371135,0.051110909127808433
LCA,Eighth,1720.0,3.32,20.069823741744727,22.8999666156269,28.363134575166058,58.96604165016347,0.057081039265041496,0.0598852890369289,0.06606081837903527,0.09098308758499755
LCA,Ninth,2010.0,5.61,24.501570934991843,27.785603283576254,33.95539160894368,67.34784817836861,0.10752752872464207,0.11071201318021605,0.11738205606307213,0.1396514870892957
LCA,Tenth,3360.0,32.6,45.530528842080656,50.75283491450206,59.8215552080988,106.49969306119233,0.7740776376632087,0.7631693926933791,0.7387567999706883,0.6322501987604505
LKA,First,395.0,0.0268,2.79142659957467,3.8647712257712925,5.545995796778358,15.776640845386904,0.00020385669210290164,0.00022420768570034793,0.0002945679952521608,0.0011436240444744315
LKA,Second,629.0,0.113,4.814493581322479,6.64197832687122,9.377291141295924,24.417336972681085,0.001109712312630376,0.0011991054375187194,0.0014968690642627109,0.004457755289114497
LKA,Third,747.0,0.194,5.974763843002362,8.220942587470446,11.495754700884765,28.46487396375759,0.0021788363380932877,0.002329975520058324,0.002822504453393485,0.007205507673636986
LKA,Fourth,915.0,0.368,7.582193786518132,10.411981961352714,14.448250958121013,34.359736598962506,0.004596623591190839,0.004874734819162187,0.005765091101487926,0.013013672755560155
LKA,Fifth,1060.0,0.584,9.031328507236841,12.377629753165012,17.057028785466063,39.12914277002803,0.00796113936589768,0.008379866573214876,0.009698768930623285,0.01960129507819792
LKA,Sixth,1260.0,1.03,11.099704687200227,15.183478639810245,20.7811868015305,46.02837670765681,0.015232806065537929,0.015918069531700427,0.018041790797835418,0.03275631266047133
LKA,Seventh,1440.0,1.61,13.107913399312805,17.892055071868803,24.314147692537112,51.94602780318511,0.025730051379739015,0.02668613894551466,0.029597589205394948,0.04808927988409578
LKA,Eighth,1770.0,3.13,16.627487320419455,22.63925854551594,30.509776905344594,62.57248436399124,0.05453195036856033,0.05608375099465114,0.060709185036815785,0.08710318101297003
LKA,Ninth,2080.0,5.43,20.424435575310664,27.711679580515174,36.947247261294436,71.98617260037152,0.10454570892474069,0.10637094323290762,0.11162889881616948,0.13668400158380972
LKA,Tenth,3530.0,33.4,38.50709595519221,51.66603262062831,66.81414175840547,115.56815651819215,0.783909314961507,0.7779332072595716,0.7599447345987648,0.6499453700176693
LSO,First,49.1,0.000175,0.25589216324863645,0.3570461301017287,0.5604079301064206,2.082089534709063,2.80863715938584e-6,3.1381598780723445e-6,3.6485831454873445e-6,4.733702221247624e-6
LSO,Second,105.0,0.00189,0.556597754038676,0.7742233131410899,1.2066044163210556,4.419311205921638,3.201331433087037e-5,3.512942876355329e-5,3.9850961855762355e-5,4.9541779949269346e-5
LSO,Third,147.0,0.00561,0.7943946040561081,1.1021573968383966,1.709913068438885,6.209511748497844,9.816823504075841e-5,0.00010653108929445546,0.00011903214620679151,0.00014414390644399338
LSO,Fourth,207.0,0.0165,1.126657977961328,1.5599915190704927,2.4114613949613997,8.697675297880673,0.00029607486435595986,0.0003184359295346168,0.0003514988412302564,0.00041677242064489813
LSO,Fifth,269.0,0.0385,1.4833330274504775,2.049753192709201,3.1580348503995674,11.321349379422925,0.0007073408046550807,0.0007546575507097923,0.0008239304108418645,0.0009585581628652584
LSO,Sixth,361.0,0.0986,2.0080962973313046,2.7694706642748863,4.2530049803512595,15.157427447212012,0.00184908351525751,0.001957406107188065,0.0021144626073744746,0.002415033731035894
LSO,Seventh,467.0,0.225,2.6220371189932745,3.6082172438742166,5.521811392167841,19.560667811926468,0.004316430505069137,0.004532371702147431,0.004842287847484401,0.005425887426782245
LSO,Eighth,655.0,0.669,3.720701212130534,5.106794464557564,7.783080809078936,27.385935793903194,0.013150069737993054,0.013682743805192901,0.014438327175004944,0.015834978177328155
LSO,Ninth,914.0,1.98,5.278064609016064,7.2170767842346315,10.937181303069808,38.15751487883451,0.04010419487593305,0.04124416198331666,0.04283574816669028,0.045704656377998594
LSO,Tenth,2320.0,42.8,14.124796510004614,18.998683342593953,28.104862645381626,96.16770865550721,0.9394438155102053,0.9373654242439744,0.9344312132601658,0.9290456943147305
LTU,First,513.0,0.00905,9.921609171592817,10.291608083999375,10.873918246558794,12.603408221395473,0.0003635859740242558,0.0002544599824914995,0.0001880752064221481,7.747446282703638e-5
LTU,Second,884.0,0.0482,16.24144614447798,17.2061342627589,18.50205518473827,22.547205164353368,0.0017753351865618461,0.0013291132545436846,0.001039188055495881,0.0005028425966373563
LTU,Third,1100.0,0.0939,19.636852273924415,21.061110503878652,22.88243063426427,28.72556715227191,0.00327030119597983,0.0025469596873468315,0.0020583796012483497,0.0010957360613995449
LTU,Fourth,1400.0,0.197,24.374338721225087,26.401188759004718,28.922595038930535,37.1809794476211,0.006556194868427148,0.005269836311677377,0.004373131973520683,0.0025126716601769675
LTU,Fifth,1680.0,0.341,28.500923326740672,31.145361183067823,34.37453601300723,45.1436057530902,0.010846106673961055,0.008969029326535346,0.007622086858805229,0.004690754400617014
LTU,Sixth,2070.0,0.654,34.38806705217091,37.90270030359461,42.13609086987051,56.49475463089445,0.019850471619948896,0.016873022830759504,0.014673719993948297,0.009652340850043907
LTU,Seventh,2460.0,1.11,39.89425382658304,44.36392250771756,49.68993166133742,68.06774291285299,0.03202039322735229,0.028004664565379967,0.024943592361195973,0.01758029643072536
LTU,Eighth,3140.0,2.37,49.57433693955183,55.67992783708475,62.89397643494697,88.25234303165766,0.06444999045985295,0.05819674613446551,0.05324269202285351,0.04054375847239772
LTU,Ninth,3890.0,4.6,59.44744963992703,67.62035292977241,77.20998491345246,111.71832663230745,0.11568694624559954,0.10880640037547207,0.10300527465429293,0.08658138466144044
LTU,Tenth,7530.0,36.4,105.92234853002877,124.03476887996145,145.34591778885795,226.07431397383795,0.7451806745482922,0.7697497675313282,0.788853859272217,0.8367627404037348
LUX,First,1870.0,0.202,31.555810894773483,35.8800164028657,38.83844937619022,48.45338276276301,0.003961843883196289,0.003980800083383405,0.00411938110450196,0.005014218382793718
LUX,Second,2610.0,0.59,44.40006135531137,50.47700033543637,54.513895167084385,67.06369300126117,0.011847024745636859,0.011890936036793738,0.012210364764877994,0.014211478803962443
LUX,Third,2880.0,0.808,49.195279344703884,55.92084314575545,60.31347085649253,73.616340920352,0.016463946774156055,0.016514959083139505,0.016884967810084594,0.019162426823118528
LUX,Fourth,3320.0,1.28,56.96513035574421,64.74768306875168,69.76234263884957,84.6167671904195,0.026359684917329828,0.02642859287129007,0.026927191666335486,0.029950919902925047
LUX,Fifth,3630.0,1.71,62.57184040616505,71.11376299450642,76.55038310797318,92.32894619740182,0.03563063003284,0.03570828801278568,0.0362688706611753,0.03961994017191626
LUX,Sixth,4110.0,2.55,71.06378446179338,80.75876376360974,86.85670829837647,104.18999611451909,0.0536155756031559,0.053709867464669055,0.05438877640257688,0.058384133088875335
LUX,Seventh,4460.0,3.33,77.42591232322835,87.97995818866266,94.53587551158465,112.76358314257396,0.07061308558245999,0.07070651894538067,0.07137706035919902,0.07524580578066983
LUX,Eighth,5150.0,5.28,89.69395553217691,101.91043906809537,109.39643586411283,129.66848493881506,0.11326180848188044,0.11335649595685302,0.1140323980909889,0.11780263303833258
LUX,Ninth,5620.0,7.01,98.34655477805741,111.72357844566544,119.77382498545506,140.83476344945805,0.15226577364997063,0.15229882243254667,0.1525279424564099,0.15356587559673415
LUX,Tenth,8140.0,23.1,143.74525997568855,163.24712400501664,174.57585737699128,201.76875942822878,0.5159806263293739,0.5154047191131582,0.5112630466838499,0.4870425684106721
LVA,First,594.0,0.0214,9.398983603475084,10.73944411374016,12.047691238919843,16.627887379674572,0.0006425563907159568,0.0005593800016492931,0.0004852888847537928,0.00031543495823743587
LVA,Second,965.0,0.099,14.862625260047823,17.126859957842974,19.37960469588263,27.440566598860467,0.002810418881803287,0.0025138666504973704,0.002241876744845048,0.0015823204639360785
LVA,Third,1160.0,0.177,17.61295588158017,20.396053897845977,23.194820878748768,33.33730218985722,0.004855444995673809,0.004412037817276648,0.003998319626675345,0.0029611172747845862
LVA,Fourth,1440.0,0.346,21.51377900914388,25.011237553601823,28.558114483403926,41.539021148388755,0.009247922087185894,0.008509746430155663,0.007811272124787774,0.006011703315546676
LVA,Fifth,1680.0,0.561,24.796239451082954,28.929036029255343,33.15140761573604,48.74064980781863,0.014610607210322459,0.013597212267339604,0.01262578845208488,0.010058748669543288
LVA,Sixth,2020.0,1.01,29.50252321150232,34.53746222201178,39.718899873696316,59.00742807438647,0.025572873650679503,0.024061334849560027,0.02259324124414836,0.018612942535191433
LVA,Seventh,2330.0,1.59,33.735120683393696,39.632123009246556,45.74555569415974,68.69751482886947,0.03938699899353147,0.03748196759770974,0.03560456002689476,0.030368062674709425
LVA,Eighth,2890.0,3.13,41.24564229242339,48.64746985000725,56.38748432556166,85.70784118263144,0.07527553875082486,0.07255115633220516,0.06981607998978458,0.06190912211663367
LVA,Ninth,3450.0,5.48,48.45021540139411,57.432981082517045,66.9266748548646,103.3060469844314,0.12648483803354285,0.12389825953359304,0.12121324707061096,0.11294925685246389
LVA,Tenth,6100.0,33.4,82.35492707755317,98.73145438829353,116.57411774937263,186.39025894826932,0.7011128010057198,0.7124150385200134,0.7236103258354146,0.7552312911389534
MAC,First,1040.0,0.0246,12.3516596526232,16.318429726305837,20.08601173559371,32.633716304484096,0.0001734307080617562,0.00021045421875170956,0.00029468212900699475,0.001007321483816057
MAC,Second,1680.0,0.106,21.380829536170854,27.965133992541706,33.74319388303672,50.718657991110035,0.0009727078925126966,0.0011388760274920909,0.0014973395403368856,0.004028740499668944
MAC,Third,2020.0,0.183,26.62923451527158,34.61381514290771,41.28097156376064,59.3417041704419,0.0019437686542530448,0.002228328139352467,0.0028232708215214244,0.00660923464436576
MAC,Fourth,2490.0,0.351,33.87702655629894,43.82126560168971,51.77928074635428,71.82888535437661,0.004158873755010037,0.004687968618865132,0.0057664587472159206,0.012078727224254474
MAC,Fifth,2900.0,0.561,40.459515431765574,52.10263815352357,61.05291937080411,82.03927459682124,0.007294781324572986,0.008099050323212923,0.00970077173654799,0.018387368739651827
MAC,Sixth,3480.0,0.995,49.84672649560702,63.916685128104504,74.2946559184121,96.8023848087366,0.014130262347161525,0.015459125489141096,0.01804497837951118,0.031045672240046285
MAC,Seventh,4020.0,1.56,59.03894156841064,75.36062508213953,86.86620769241944,109.6394037149273,0.02417338200318508,0.026046758368514878,0.029601902604742485,0.04606650215347963
MAC,Eighth,4970.0,3.06,75.12564464164484,95.4128175870239,108.95425147643678,132.71136865368464,0.05196857414848576,0.055047853149326975,0.06071592976182851,0.08444157482606046
MAC,Ninth,5930.0,5.36,92.71544429228953,116.9779860032062,131.98743919290823,153.66512634281244,0.10146118366116605,0.10515599365364685,0.11163637149790352,0.13453758570340402
MAC,Tenth,10500.0,33.6,176.7986776634053,219.63278066941155,240.96700142848812,253.334388448331,0.793723035505591,0.7819255920116959,0.7599182947813852,0.6617972724852527
MAR,First,271.0,0.0149,1.4915624059595651,2.254837249408145,3.431314441075214,11.329061609085878,0.00010070564583770042,0.00011738093586292496,0.00015125812527613634,0.0006276231351044137
MAR,Second,442.0,0.0698,2.661402069617946,3.9933203848008514,5.989049161385323,18.11607135375781,0.000623597080893164,0.0007070046055658377,0.0008699277962215189,0.0027577993756339476
MAR,Third,534.0,0.127,3.3753281791063507,5.040447209948891,7.494351974523313,21.551246328438893,0.0013213734428942502,0.001473688513204896,0.0017643665210037398,0.004777312256460855
MAR,Fourth,662.0,0.255,4.356087699430184,6.480608078114867,9.568753785952964,26.42358796573342,0.0029629712155453385,0.003261331272812502,0.003820096369287779,0.009118585997494929
MAR,Fifth,774.0,0.423,5.270397388591392,7.813429648197573,11.464072154252444,30.530461408710583,0.005421058964117084,0.005896762233667245,0.0067724523317273504,0.014433986949751008
MAR,Sixth,934.0,0.781,6.574784954437366,9.713771726776374,14.163502644495658,36.41344425250832,0.010939255290155884,0.011763443758390479,0.013254961948153298,0.02531084551172569
MAR,Seventh,1080.0,1.28,7.889157859199166,11.612723683646422,16.82172068150761,41.70547515404917,0.01952476454466454,0.020747632471373234,0.02292045435153424,0.03905872972438694
MAR,Eighth,1340.0,2.63,10.184587024159736,14.926729479835615,21.45492386911499,51.060824218158956,0.04401735740648097,0.04615496555768792,0.049870793896208174,0.07480967481775044
MAR,Ninth,1610.0,4.88,12.804233791019007,18.657690864538196,26.54837829478276,60.007288770555476,0.09131237376397669,0.09413083351344093,0.09887086030301336,0.12604876020371536
MAR,Tenth,2840.0,35.4,25.46297504380537,36.427956957682966,50.222054372662015,100.9124893562926,0.8237765426454343,0.815746957137994,0.8017048283575745,0.7030566820279763
MDA,First,455.0,0.0898,4.147999884190403,5.404274204879325,7.406237327817482,16.746147049730673,0.0020576398323758948,0.001950957765528925,0.0018677159301251113,0.0019499945388109818
MDA,Second,672.0,0.313,6.108381631716177,7.9882620338806385,10.977957373312917,24.747327329098976,0.007099127586694839,0.006807429275586192,0.006577243601944533,0.006804779403478261
MDA,Third,765.0,0.474,6.943397043896077,9.098747190719632,12.523295589216087,28.182482797433515,0.01070003869748514,0.010326658826135067,0.010030069815747424,0.010323254219352138
MDA,Fourth,906.0,0.814,8.206442640281518,10.77086066775954,14.840900763859812,33.34921730918491,0.01827655308527727,0.017729594490651427,0.017292746418752756,0.017724591870014288
MDA,Fifth,1010.0,1.17,9.180629775163005,12.0661000683036,16.641440109209707,37.34613692408765,0.026182775250185197,0.025516627357428972,0.02498182647628057,0.025510516639147034
MDA,Sixth,1170.0,1.87,10.613469467586267,13.966695314994283,19.27690478051787,43.20065296954209,0.04168077281630204,0.04080226761460685,0.04009315855942891,0.040794185058740176
MDA,Seventh,1300.0,2.63,11.777200307488643,15.517881853166926,21.434557406355026,47.96847477671869,0.058189976932413505,0.05722774030658733,0.056446096559497866,0.057218855355123034
MDA,Eighth,1540.0,4.52,13.925951814989121,18.371184958788767,25.386542228322078,56.70850395006926,0.0996282180527215,0.09848965186179397,0.09755628904128634,0.09847908406267816
MDA,Ninth,1730.0,6.64,15.670458310417308,20.706001449860306,28.63513616743585,63.82695588056013,0.1455260983939633,0.14481448245991252,0.14421645905901406,0.1448077877061366
MDA,Tenth,2660.0,27.3,24.226735374729678,32.04761998070363,44.191285176897686,97.78966832233557,0.5906587993525814,0.5963345900417688,0.6009383945379224,0.5963869511465194
MDG,First,96.8,0.0152,0.31763710958730434,0.49058500026469526,0.8402787218111661,4.319069419206139,0.00010406589488765317,0.00011978102120658598,0.00015455573625287132,0.0006422478579278319
MDG,Second,157.0,0.071,0.5708109256002664,0.8765479555297125,1.4796464949567165,6.948468657568628,0.0006406024119920586,0.000718817673748615,0.0008853885885515064,0.0028093342496077153
MDG,Third,189.0,0.129,0.7253609848795428,1.1094277699173962,1.8565905173113644,8.27991997795208,0.0013526437350351278,0.0014950546829830837,0.0017915349680757105,0.0048538371265395095
MDG,Fourth,233.0,0.258,0.9380936635969677,1.4304239078162364,2.3773501217852746,10.174133098304923,0.0030245682177574354,0.003302858962544062,0.0038716800949520616,0.00924526318566312
MDG,Fifth,272.0,0.428,1.1363946131780924,1.727727478357031,2.8536436882714167,11.772053769470418,0.005519771496370336,0.005962501814045857,0.006852380670486698,0.014606980252864664
MDG,Sixth,326.0,0.789,1.4196317111767505,2.1522989524814777,3.533461880891979,14.067526293455701,0.011111147611774607,0.011876534969693634,0.01338956562639573,0.02556749832243349
MDG,Seventh,377.0,1.29,1.7048905767421485,2.57680254490846,4.203707662251652,16.13512269417337,0.019781188474537706,0.020914148661012367,0.02311415550494247,0.039380272736525876
MDG,Eighth,466.0,2.64,2.2037073929512094,3.319144585647875,5.375891252963795,19.80789616097922,0.04446848969122896,0.04644338413778968,0.050197188581768706,0.07526600913448077
MDG,Ninth,555.0,4.9,2.772327963013526,4.155724146201006,6.668471354552627,23.332568920814204,0.09191294559172589,0.09450589251819717,0.09927786950744476,0.12647594233272622
MDG,Tenth,976.0,35.3,5.526704088470665,8.17618242791133,12.801141018784795,39.85170818371978,0.8220845768746902,0.814661025558779,0.8004656807211296,0.7011526148012308
MDV,First,387.0,0.0314,3.0322712650624912,4.183807953140718,5.810521562308427,14.872218907710604,0.00023208344305898008,0.00027065890336525127,0.00037808896097430946,0.0013326042582845312
MDV,Second,611.0,0.129,5.184063259413564,7.099635257278207,9.660908700080082,22.76182689514338,0.0012332669065145427,0.001397456884557771,0.0018324340646309475,0.0050344134311168616
MDV,Third,721.0,0.218,6.402105970330236,8.7255387446508,11.732701209615433,26.372335859051738,0.0023873036893534067,0.002659789411049848,0.003360798961890897,0.007992586926233055
MDV,Fourth,880.0,0.408,8.092468431225694,10.988011335276955,14.634010739330737,31.67157643319104,0.004979585831696164,0.00547347097717114,0.006714190240093699,0.014229527873813926
MDV,Fifth,1010.0,0.639,9.605767270403554,12.996748167674859,17.160218973374317,35.905594409566724,0.008536853322837363,0.009270214385515516,0.011072752023066457,0.021158077192290747
MDV,Sixth,1200.0,1.11,11.765852171076897,15.864562610296296,20.768646958670352,42.04431663971647,0.01617355554963781,0.017357232637557254,0.020203843646784507,0.03491886704844951
MDV,Seventh,1370.0,1.71,13.847013413519985,18.601074504155402,24.13543595023397,47.2316082596241,0.027040444357927115,0.02866730829765744,0.0324880612881398,0.050605018627028986
MDV,Eighth,1670.0,3.28,17.49703830188601,23.402115170232147,30.049452582551634,56.57758538037712,0.05665458285480366,0.05924715514061566,0.06516128681557837,0.09034145982676976
MDV,Ninth,1960.0,5.58,21.388885456462,28.441275549242086,36.035972644397496,64.6531994485324,0.1070345164594839,0.10999604703533929,0.11643930983137578,0.13917425420221607
MDV,Tenth,3270.0,32.7,39.86637004916503,52.10071567529662,63.555744856829406,101.87789906873124,0.7757278075846872,0.7656606663271709,0.7423492341674651,0.6352131906137966
MEX,First,500.0,0.119,2.308932249704834,3.3428132461973723,5.28944362798401,22.38814182742063,2.4311978794289907e-5,5.680322195295572e-5,0.0001778476295712181,0.00660045104426605
MEX,Second,727.0,0.312,4.491515947909729,6.204628449956565,9.17602017617176,30.485020017840416,0.00019328148068027082,0.00038955503841018907,0.0009928697800142515,0.017543436910419173
MEX,Third,827.0,0.413,5.986629552245632,8.041131591558699,11.431763189642268,33.11235603904127,0.0004756747707920699,0.0008772528077684649,0.001978640795510666,0.02281809492178032
MEX,Fourth,982.0,0.647,8.040739873043329,10.561583906525062,14.54828328772248,37.74930935889707,0.0012024768801554711,0.0020653375394007537,0.004224237352570494,0.034656042267501956
MEX,Fifth,1110.0,0.874,10.078753459594129,12.9750104801248,17.374520781019477,40.86897087783021,0.0024506255229553874,0.003948083264186542,0.007394873584874772,0.044678298235494206
MEX,Sixth,1290.0,1.34,13.011994474099897,16.42826190205804,21.402262750985024,45.75810338003039,0.005490580139119368,0.008312947616549278,0.014296855342149993,0.06421584320841157
MEX,Seventh,1450.0,1.84,16.17156739608177,20.008372218108025,25.335767420500364,49.110595443070864,0.010922359738240697,0.015505711127459276,0.0244100965367925,0.08065163248899292
MEX,Eighth,1750.0,3.2,21.71636939256077,26.26394150004431,32.20274326888579,55.89645816373702,0.027807795720679155,0.03672699886531217,0.05236138773118296,0.12266961303643201
MEX,Ninth,2030.0,5.06,28.69568192911549,33.7023919970273,39.65992302062212,59.952269988750444,0.06738761638474113,0.08115284014080207,0.10193955723658764,0.15414577858730835
MEX,Tenth,3450.0,32.0,64.31327596078782,70.09368076684538,74.38929713092485,82.87392079616144,0.8840452773838422,0.8509644703781584,0.7922236340107455,0.4520208092993934
MKD,First,234.0,0.00363,3.372710588699591,3.997215703030758,4.710279097391282,6.87768525195093,0.00011256068982071309,9.627871924135651e-5,8.203528443830308e-5,5.049409721839276e-5
MKD,Second,425.0,0.0233,5.942367849309216,7.112259221424795,8.46080537065652,12.699065955636408,0.0006831395443988915,0.0006010292434626962,0.0005270311920157386,0.0003535453508005193
MKD,Third,545.0,0.0504,7.491899657434026,9.016787095987267,10.78517320224644,16.45328282542374,0.0014303727125425656,0.001279693333292535,0.0011414748661619897,0.0008061067802024902
MKD,Fourth,710.0,0.115,9.619550349116851,11.629113884230131,13.969859979541756,21.59046018379773,0.003176903397377655,0.0028805779668297313,0.002604830742966187,0.001916801707078519
MKD,Fifth,867.0,0.214,11.590667668684496,14.06671980904111,16.962162164226196,26.521647881971486,0.005762762943553324,0.005288592998183402,0.004841528434044604,0.0036970694915598864
MKD,Sixth,1090.0,0.44,14.39952455982377,17.540564051815224,21.22554169810518,33.56198085648079,0.011532330944583849,0.010707847215168027,0.009920323716466999,0.007852263246452535
MKD,Seventh,1320.0,0.801,17.21152505446287,21.04427160259494,25.55504904694651,40.87655490245869,0.020406395393194325,0.019178370434871073,0.017988934934037606,0.014778752928645705
MKD,Eighth,1720.0,1.85,22.119256873017623,27.151237644561753,33.08445554359646,53.596442831995454,0.04556195535133921,0.04340543626554369,0.04128170941386863,0.03535993113566669
MKD,Ninth,2180.0,3.94,27.668024685892185,34.12434182714529,41.74923446068493,68.71719307468192,0.09335581806629731,0.09049275405191858,0.08760261072824287,0.07914579837663031
MKD,Tenth,4380.0,38.4,54.35705099852777,67.41688289543335,82.33896915824397,139.70483775171542,0.8179777609568921,0.826069419771489,0.8340095206877571,0.856039236885745
MLI,First,108.0,0.0624,0.6075728308814708,0.8730361925192387,1.3817310207933131,4.5442477659502964,0.00047397197848294284,0.0005795780386312328,0.0008441779432721571,0.0025801799920518783
MLI,Second,164.0,0.225,1.0111413216919687,1.4394706890982605,2.222965578303342,6.742523913782063,0.0021996018937241978,0.0025866807316683397,0.003498109831923086,0.008480541354567356
MLI,Third,189.0,0.351,1.2240734877814932,1.731660633832239,2.636760763444373,7.647562864941799,0.003933356375385756,0.004521616323614129,0.005857399272291353,0.012433961827528522
MLI,Fourth,227.0,0.619,1.525054222869317,2.147356835567436,3.2335250880952198,9.049342574289089,0.0077006798221308315,0.008693134296299181,0.010881057160263058,0.020775659877998044
MLI,Fifth,256.0,0.916,1.7845250487950444,2.501403455530572,3.729143161251517,10.111343121519258,0.012470793159125726,0.01385020321429954,0.016809155478172837,0.029180082275356668
MLI,Sixth,299.0,1.51,2.157092485135274,3.0108243927603313,4.445399382868779,11.690591959193345,0.0223571789120449,0.02444054535723163,0.028787729975598173,0.04557048707764494
MLI,Seventh,335.0,2.19,2.500893074697873,3.4743468703515004,5.078490565005015,12.943858744475149,0.035300094216247434,0.037962505169924325,0.043350347304843606,0.06237031964753808
MLI,Eighth,402.0,3.94,3.1101819052519244,4.29855535718594,6.212591312781032,15.291420346685266,0.06936771879404363,0.07324315173904795,0.08078514721569201,0.10443973643221725
MLI,Ninth,457.0,6.16,3.717452168426181,5.101685197954377,7.267567160255038,17.119188468290613,0.1207646416425948,0.12456356738517693,0.1314465035668288,0.14830360097797773
MLI,Tenth,730.0,29.9,6.595719637456809,8.898452527023444,12.250273849116907,26.240359844802253,0.7254319632062198,0.7095590177441068,0.6777403722511149,0.5658654305371197
MLT,First,1450.0,0.195,20.651222962551454,23.839790880012192,27.955527646866805,43.57884529132205,0.0036299155780815788,0.0036817682463689606,0.0039039720765330107,0.004991123178030881
MLT,Second,2030.0,0.572,29.28058926696667,33.78088658009536,39.463099833206,60.444999613469804,0.011069242210132339,0.011191885099931667,0.011712636149986468,0.014161062638525236
MLT,Third,2250.0,0.787,32.56817035712982,37.55663396922655,43.77770733551839,66.39458852798171,0.015554275127696606,0.015698498707528995,0.016307601534393375,0.019105859600753086
MLT,Fourth,2590.0,1.25,37.83486578710591,43.616594146957084,50.75840355877368,76.37838911691591,0.025123866250038446,0.025320696423191038,0.02614823168346076,0.029876722660023364
MLT,Fifth,2840.0,1.68,41.67312167099494,48.026171007799604,55.80658730638411,83.38423285921883,0.03423018611206081,0.03445422293031431,0.035392046197762914,0.03953868083865157
MLT,Sixth,3220.0,2.51,47.457075831255494,54.67643929173139,63.44941955668872,94.15843467867126,0.05190496423137469,0.052179924957268475,0.05332551739683741,0.05828851097647565
MLT,Seventh,3500.0,3.29,51.84255781441142,59.70909685328664,69.18986903978261,101.95424410150336,0.06890535088084498,0.0691814786307167,0.07032521879651527,0.07515476554125212
MLT,Eighth,4040.0,5.24,60.234293490946115,69.3502918575009,80.25085713955497,117.32240343904537,0.11150945450519287,0.11179555473547231,0.11296928779029414,0.11771653042978011
MLT,Ninth,4420.0,6.99,66.27983758734958,76.27190743472005,88.08579797399135,127.49041759367815,0.1516137584966438,0.15172530515574859,0.15216222347624347,0.15354716833964943
MLT,Tenth,6410.0,23.3,97.53007919352034,112.11575288774792,129.16270890649628,182.9572652830461,0.526458986607934,0.524770665113459,0.5177532648979731,0.48761957579685844
MMR,First,124.0,0.0256,0.9272370632726517,1.2136312468632233,1.685026401511376,4.918309378991678,0.00019574691600491708,0.00021134149837278267,0.00027230548995588785,0.0010900292252383843
MMR,Second,199.0,0.109,1.6087679821678318,2.1016119588179705,2.8744776563469343,7.65837174631316,0.0010736098108213256,0.001142784379688742,0.001404357661044477,0.004290480946440099
MMR,Third,237.0,0.187,2.0016498272117698,2.6101118561322294,3.5384828928944967,8.952266309695663,0.0021173124084121,0.002234947065515558,0.002671137236853815,0.00697416926213073
MMR,Fourth,291.0,0.357,2.5460067348538,3.3156654734137017,4.46335138165947,10.833534280108948,0.004482684911175624,0.004700164193632368,0.005493885639589982,0.012652420274599643
MMR,Fifth,336.0,0.568,3.038060778977278,3.9510284704061633,5.2847146774121185,12.36227551344909,0.007788579916052387,0.008117434589819398,0.009300319912191747,0.019134044573722583
MMR,Sixth,402.0,1.01,3.740683997545086,4.85842735612976,6.457787424597668,14.57343635443627,0.014948743211382249,0.015489248021923465,0.017405489711127663,0.03210047056781683
MMR,Seventh,461.0,1.57,4.424755230697656,5.737891827030398,7.5768595433651065,16.47966365649188,0.02533119951716257,0.0260888402941115,0.028733135884574094,0.047317250675760494
MMR,Eighth,567.0,3.08,5.62390467334663,7.279669755560264,9.539758409044085,19.901834971109437,0.0538795672081212,0.05511626473669208,0.05935109099773735,0.08609345656619373
MMR,Ninth,669.0,5.38,6.92275234889572,8.936978311043637,11.596947873687334,22.95899109515711,0.10376897152531737,0.10523665947833102,0.11011300816438892,0.13588015495778344
MMR,Tenth,1150.0,33.6,13.119679140983898,16.78917917942116,21.192476508398876,37.17379711643457,0.7864135845755502,0.781662315741913,0.7652552693025361,0.654467522950314
MNE,First,695.0,0.273,8.207172814426093,9.708409891722695,12.131809992810009,23.3730884873343,0.0024600817145571307,0.0029322495451858874,0.00406703385576578,0.010632852999442222
MNE,Second,942.0,0.717,11.93236863015094,13.94726039761603,17.02749928131856,30.512076799232005,0.0081694342754613,0.009373286589615032,0.012090029977976166,0.025154598142987344
MNE,Third,1020.0,0.934,13.468263519019885,15.635326902630316,18.83983083995006,32.43348260860702,0.012048120527779968,0.013527459654370542,0.016745799477392482,0.03066257527653411
MNE,Fourth,1170.0,1.43,15.8271654558968,18.271843765386436,21.78080896985247,36.30197096713202,0.020225101369438524,0.02231987748242686,0.02673990713853093,0.04422669637867195
MNE,Fifth,1260.0,1.85,17.616497555363342,20.235958756941045,23.891079542158717,38.68917870674736,0.028526079418658777,0.030996394294292844,0.036058577888744996,0.05443465096239948
MNE,Sixth,1420.0,2.7,20.264946242842573,23.16191294083297,27.082091844690197,42.63629909458482,0.04473035839310157,0.047879418151529886,0.054134454790827694,0.07480446168344852
MNE,Seventh,1520.0,3.44,22.37349399013042,25.440498751207894,29.454723680919553,45.05742396484901,0.06147836240092307,0.06479106683700205,0.07112631887575546,0.08968545017380633
MNE,Eighth,1740.0,5.34,26.303869579786127,29.727059321760485,34.014700538903575,50.35994227656725,0.10343164606565894,0.10712416079660476,0.11378040648122456,0.12950222316857826
MNE,Ninth,1870.0,6.92,29.38836520824873,32.96394138989026,37.18615219391032,52.883241966889074,0.14775381327173168,0.14967799203202317,0.15244393070234835,0.1523390249210114
MNE,Tenth,2620.0,22.2,44.71389327759429,49.17801285692128,53.48114800506119,69.75292893448977,0.5711770025626891,0.551378094616949,0.5128135408114336,0.38855746629312027
MNG,First,551.0,0.0532,3.9617532452439215,5.923825670761185,8.801538498955937,21.27452968967945,0.00039720801964076755,0.00048696293698434267,0.00071275689737948,0.0022122979510001495
MNG,Second,821.0,0.198,6.399504368443022,9.446442165746596,13.7057593857179,30.778049220273378,0.0019070336282371308,0.0022481131214609662,0.003054446595682935,0.0075158196530005425
MNG,Third,943.0,0.315,7.6924709048799755,11.270101239307365,16.123946928336657,34.70833161325921,0.003478410491279717,0.004007887146544098,0.005214928399606699,0.01122884049015013
MNG,Fourth,1120.0,0.563,9.49669022487207,13.82463330270164,19.54202112569843,40.599707688977915,0.006918639702611811,0.007827538338024019,0.009839137151471805,0.019045670981403875
MNG,Fifth,1260.0,0.845,11.05733827716733,16.00301325701458,22.37369430468989,45.030959536799685,0.01136487419941874,0.012648557431359184,0.015413125679583365,0.027113172656822757
MNG,Sixth,1460.0,1.41,13.280887926299577,19.102253844760877,26.39233682400464,51.41322721824558,0.020657487464722915,0.02262787494559548,0.026756228161953822,0.04289908675880928
MNG,Seventh,1630.0,2.08,15.344478322731328,21.92781001023258,29.924853913395886,56.406757142402384,0.03308581085058538,0.03564916875422709,0.040859490916994395,0.05951329025267964
MNG,Eighth,1920.0,3.79,18.966936275799355,26.869267869116694,36.05697471411117,65.24976370134216,0.06606548431533578,0.06988165766043618,0.07734711325745353,0.10117513960932867
MNG,Ninth,2170.0,6.04,22.61585367283103,31.68944821864451,41.65414891055777,71.88651318030446,0.11738692138110784,0.12127865957365151,0.1283928158370595,0.14646053947015547
MNG,Tenth,3160.0,30.6,39.56095086625607,52.990488093342556,63.90431272082587,96.67989661694126,0.7387381299470599,0.7233435800917172,0.6924099571028145,0.5828361421766495
MOZ,First,44.4,0.00257,0.16212974025053903,0.2550383027126598,0.42408858146462497,1.9152120203510044,2.723742295262061e-5,3.373191579663581e-5,4.039177266519839e-5,8.796960550523868e-5
MOZ,Second,82.1,0.0173,0.3191985872751681,0.4981268021308456,0.8207060148780735,3.5282345846811185,0.00021234484894660553,0.00025342535451834734,0.00029409098909473065,0.0005581323197520835
MOZ,Third,106.0,0.0387,0.42654312380954107,0.6617976134417859,1.084111126317805,4.532051764610395,0.0005164596880195619,0.00060279239051052,0.0006864575077529174,0.00119986954548955
MOZ,Fourth,138.0,0.0908,0.5744575042892204,0.8873348555842273,1.446981131663458,5.91571032422928,0.0012932862929550379,0.0014827579074874777,0.0016632483276812506,0.0027218172106832717
MOZ,Fifth,169.0,0.173,0.7209279043953499,1.1088103446915227,1.8005953768445249,7.217761547573798,0.0026133494675807194,0.0029484492721801874,0.003262709788178227,0.0050319206407289105
MOZ,Sixth,213.0,0.365,0.9320149195083377,1.4275496726204353,2.308714920304148,9.080294088978881,0.005806998452591954,0.006450257912551228,0.0070442777255576025,0.010256972328853323
MOZ,Seventh,259.0,0.682,1.1587232309009146,1.7666920700940527,2.8447125474551265,10.972773976366577,0.011453309634070022,0.01251805570258074,0.0134853106093061,0.018499438653890542
MOZ,Eighth,338.0,1.62,1.5570585301866058,2.3616566922955307,3.783137934865807,14.27914883137903,0.028880850663542207,0.030998699948358646,0.03288604083600794,0.042197560197582494
MOZ,Ninth,430.0,3.62,2.0557886465430895,3.095598808522384,4.924473522703398,18.085773689349264,0.06913335952416585,0.07250239947175179,0.07542398468344393,0.08885776071285356
MOZ,Tenth,871.0,39.2,4.593962947954519,6.761841066813289,10.498999789547607,36.219028500713,0.8800628040051754,0.8722094301242644,0.8652134877603121,0.830588558784661
MRT,First,158.0,0.0281,0.8340239731601363,1.2075338371410347,1.8533152845941827,6.7292193371002975,0.00021209660731227238,0.000237504450310102,0.00031798793122486186,0.001198411184217789
MRT,Second,252.0,0.118,1.4502583959117357,2.092471920949479,3.1552722242216755,10.473362272246813,0.0011461081173235357,0.0012566480718621518,0.0015926961413047361,0.004626972773012932
MRT,Third,298.0,0.201,1.8035630088731596,2.594670886820874,3.8721948778440334,12.221637020792848,0.0022405731779006695,0.0024264098926402903,0.0029778726631493357,0.007438106941609264
MRT,Fourth,365.0,0.38,2.2942548456749297,3.293651263136565,4.87503151257451,14.780159148871876,0.004710527019306582,0.00505091540599206,0.006041404898538967,0.013375069916122983
MRT,Fifth,420.0,0.6,2.7364134526813144,3.9199001052544475,5.758948245042545,16.847774813217544,0.008133050399749384,0.00864338382076038,0.010101958591086825,0.02006653605368535
MRT,Sixth,500.0,1.05,3.368403537395763,4.815258038368429,7.023201931375388,19.849161530619913,0.015514826498183228,0.01634649535173635,0.018681269221097307,0.033406180649943565
MRT,Seventh,571.0,1.64,3.9813412528870056,5.677764785237231,8.218617327721361,22.42022142550649,0.026124561419724697,0.02727962621573929,0.030459894259466345,0.04885007193087524
MRT,Eighth,699.0,3.18,5.057122437757067,7.192007876177577,10.319999939939184,27.062233750212467,0.05517430742420625,0.05703866322779877,0.06205149131455675,0.0880908526695679
MRT,Ninth,819.0,5.47,6.2149601922788555,8.803546893932173,12.491300071586178,31.16837775986873,0.10530505306766655,0.10747864362823556,0.11310473571617309,0.13745781035760382
MRT,Tenth,1380.0,33.2,11.733652746270026,16.418087714282002,22.601513104817794,50.5672708712607,0.7814388962686268,0.774241709934925,0.7546706892634018,0.6454899875233612
MUS,First,516.0,0.0366,5.257494585514798,6.281480696495747,8.23937096639805,18.68911319766025,0.0002627495550816822,0.0003238660031495992,0.0004791279724980981,0.0015417359513362038
MUS,Second,811.0,0.147,8.92000840499356,10.541148634271236,13.497652160218728,28.345188578621432,0.0013641915420504038,0.0016165221310001157,0.0022188880597835857,0.0056516213901946204
MUS,Third,955.0,0.243,10.967468791865821,12.872603489698257,16.253956088827135,32.673100525092636,0.002604972798178626,0.003016288505499658,0.003963016032452685,0.008818727681458808
MUS,Fourth,1160.0,0.451,13.814707753371492,16.128420885951478,20.139019746213428,39.09337638216449,0.005374687515848946,0.006109416896104086,0.007751203852976538,0.015485344672556182
MUS,Fifth,1340.0,0.697,16.3468306308323,18.990985452459057,23.47665191998986,44.17456133983931,0.009124312328041267,0.0102007863916299,0.012541644109697062,0.022741912478854702
MUS,Sixth,1580.0,1.2,19.962457848751356,23.08172549231475,28.256463199337023,51.589001571317795,0.0171229949238958,0.018837359766227798,0.022465151582845275,0.03708494477219944
MUS,Seventh,1800.0,1.82,23.42049107356629,26.943543367183356,32.65161664417758,57.79166283268748,0.028347239310368373,0.030669413405259725,0.03543944438273208,0.053080149951277134
MUS,Eighth,2200.0,3.44,29.492062444384405,33.73547805171437,40.41485023852443,69.09360370980167,0.058740733418286784,0.06237579899083781,0.06957309634150065,0.09345039331880482
MUS,Ninth,2570.0,5.73,35.894299497003104,40.75162554368738,48.10903002668377,78.72094630770258,0.10942423030997846,0.11345798317543178,0.12097042554965386,0.14143535590260253
MUS,Tenth,4320.0,32.1,66.25781881649996,73.80013480319852,84.03728687138788,124.87646555874123,0.7676338882982697,0.7533925647348595,0.72459800211586,0.6207098138807156
MWI,First,33.3,0.00161,0.1496911548710674,0.22710206133313696,0.3676259216758548,1.393190955734747,2.4642507930228285e-5,2.7823562871642424e-5,3.207432810386417e-5,4.529304780577862e-5
MWI,Second,63.9,0.0119,0.29478817094756865,0.44605704708052646,0.7172369737075472,2.661051817971942,0.00019545498272503003,0.0002161193151971492,0.0002430870661011661,0.00032323775933719055
MWI,Third,84.0,0.0282,0.39451941546837677,0.595399157975621,0.9532400516070695,3.4939012575626256,0.0004803503565352791,0.0005244771905755155,0.0005812505114812694,0.000745478359709183
MWI,Fourth,112.0,0.0691,0.5318630649076835,0.8011227291259283,1.278269227777064,4.640085898829091,0.0012129332990862664,0.0013110343601901522,0.0014358069623747788,0.0017889460340383316
MWI,Fifth,139.0,0.137,0.66831786506876,1.004622019972295,1.5979462689779724,5.750968553618126,0.002469437825768152,0.002644984946306643,0.0028659355836269823,0.0034790160402240547
MWI,Sixth,177.0,0.299,0.8650112397008128,1.2977923002706584,2.0579944420439076,7.345686165523167,0.0055273051310062915,0.00586819418572416,0.0062928520534288575,0.00744843538869782
MWI,Seventh,218.0,0.578,1.07706791630323,1.6123037248830465,2.5484240738330155,9.019416493022266,0.010984241350825687,0.011555429413002688,0.01225924372100811,0.014135346514365222
MWI,Eighth,290.0,1.43,1.4497312707080192,2.164686674366909,3.4088110347411122,11.951152158067163,0.02793346747435844,0.02908590399736475,0.030487920312647313,0.03413618539294893
MWI,Ninth,377.0,3.33,1.91913509373275,2.8550541161537546,4.473554860292325,15.498019671297813,0.06759346739431216,0.0694639268283649,0.0716988633015423,0.07731955756681963
MWI,Tenth,808.0,40.0,4.321175450763366,6.357117371626411,9.810736242895645,33.05450480582324,0.8835786996774525,0.8793021062004024,0.8741029661596854,0.860578503896054
MYS,First,275.0,0.00144,3.0805897001057665,3.9131268467203473,4.9877085522561835,9.096983019185744,2.4008671395754156e-5,2.645868600137072e-5,3.019687509563189e-5,3.795732066822438e-5
MYS,Second,531.0,0.0109,6.046761997580188,7.665419556607016,9.70640875271953,17.45605759456481,0.00019128227371106532,0.00020730762533055627,0.00023126054072853883,0.00027937799957543347
MYS,Third,703.0,0.0261,8.086238066252259,10.22959563380648,12.899536933500963,23.01133940328082,0.00047136811053863115,0.0005057308733242254,0.0005564598641042805,0.000656374506123999
MYS,Fourth,939.0,0.0646,10.892684284222986,13.758564238142785,17.291872052727452,30.645567309354018,0.0011928346969269626,0.0012694843780677028,0.0013815135923946164,0.001598676668993934
MYS,Fifth,1170.0,0.129,13.681900046574377,17.253199514679633,21.616903965360024,38.08729033489607,0.0024332603079109927,0.002570838543173763,0.002770097255268323,0.0031507977187444224
MYS,Sixth,1500.0,0.284,17.700759786035025,22.285007486324695,27.834573361238405,48.7588658250226,0.0054566458221932184,0.005724604098940727,0.006109233612587719,0.006833701951207908
MYS,Seventh,1860.0,0.554,22.035778411907696,27.68929090403749,34.467935923728184,60.01512253638348,0.010865118649474165,0.011315529206900005,0.011955937974839112,0.013144088405333702
MYS,Eighth,2470.0,1.38,29.65018596965755,37.170059459855864,46.07358631064701,79.64251597162986,0.02769140293422431,0.028603518913508368,0.029886096190686846,0.03222403418506369
MYS,Ninth,3230.0,3.26,39.24885889941021,49.02969053608056,60.41436633564464,103.43921635348914,0.0671966276939133,0.06868473924474872,0.07074483731856457,0.0744075629526319
MYS,Tenth,6870.0,40.1,88.2776829014307,108.59433963286378,130.2013038605721,215.23836338093957,0.8844774508397115,0.8810917884300045,0.8763343667757304,0.8676674282916568
NAM,First,34.2,2.24e-5,0.3838067974496302,0.44560209607857065,0.579990480340954,1.1769869321969282,3.4236732832938984e-7,3.887878347188468e-7,4.619441072569908e-7,6.217221874607252e-7
NAM,Second,86.0,0.000336,0.9801368809856162,1.1416617880166424,1.476092826234546,2.9385379242552907,5.451440869397411e-6,6.069294871954447e-6,7.019853219085018e-6,9.017868748992832e-6
NAM,Third,132.0,0.00122,1.522052782389578,1.771553635797346,2.27975085726203,4.490399011837918,2.058779126785796e-5,2.2637854297390123e-5,2.5744741386299916e-5,3.212107605942434e-5
NAM,Fourth,199.0,0.00423,2.308799026756148,2.685544368001647,3.4431158177143417,6.7254450892609725,7.341853912779401e-5,7.992483900899924e-5,8.966609402734833e-5,0.00010927680686522467
NAM,Fifth,275.0,0.0115,3.2187509899679463,3.7396672546459926,4.77796518684075,9.265137084788755,0.00020398863743515628,0.00022007006144137204,0.00024388368164021007,0.0002909958864833014
NAM,Sixth,390.0,0.0338,4.6038800053566655,5.342618294655451,6.802981045291285,13.100442925441506,0.0006174514158588066,0.0006603126955529886,0.0007231031476306321,0.0008452289189389309
NAM,Seventh,533.0,0.0897,6.3491221281343755,7.355601998091664,9.332223252843002,17.844408159991147,0.001678171392578559,0.0017784051908630047,0.0019235983457831366,0.0022010049040624515
NAM,Eighth,796.0,0.315,9.576673670804347,11.072944766014077,13.989944440241366,26.54171841277711,0.006065089157174997,0.006361958571547911,0.006786485168233034,0.007581247875907438
NAM,Ninth,1200.0,1.15,14.645487950151,16.878306475697933,21.201789031807373,39.82926863277397,0.023033552150388215,0.02384552879390921,0.024986909398894603,0.027066560698809406
NAM,Tenth,3720.0,44.2,47.663125928065575,54.08108486072419,66.30082247977079,121.56810769975067,0.9683019471079709,0.9670247039106724,0.9652131276250784,0.9618639242419375
NER,First,94.6,0.0839,0.3245830805920245,0.4670627947737847,0.7906320819041028,4.191227549315471,0.0006581868798155057,0.0008009457802517184,0.0011558965230756455,0.0034312759730448458
NER,Second,139.0,0.285,0.5271708568689997,0.7512626456037075,1.2412680851848663,6.077529400096915,0.002865220096072526,0.0033539107380504488,0.0044958131834658376,0.010595293836424272
NER,Third,157.0,0.429,0.6298541047525344,0.8918952926616942,1.4533066495472098,6.809602599909849,0.004936579529983597,0.0056500628240075184,0.007257943714893407,0.014994068990208062
NER,Fourth,185.0,0.736,0.776411970515262,1.0942003070739479,1.763501824403203,7.978128090980301,0.009381904267463888,0.010546772945524028,0.013095302071681976,0.024356018987480643
NER,Fifth,206.0,1.06,0.9001194122671017,1.2627960649584533,2.015252890817707,8.837525046594047,0.014793165588690978,0.016363700592632813,0.01970656988488189,0.03335256527328923
NER,Sixth,238.0,1.71,1.0782643390012898,1.506264251913775,2.381018965986069,10.131992303282235,0.025843100082401493,0.028143113983099596,0.03290363791092239,0.05082301314815174
NER,Seventh,263.0,2.42,1.2387923172436395,1.7224123521436536,2.6959022595546753,11.12319415861395,0.03972468883152305,0.04256492291683039,0.04826211689892288,0.06781273924836699
NER,Eighth,310.0,4.23,1.5249034067729819,2.1093516580532334,3.265113850790659,13.015972739234817,0.07575322838863766,0.07970992868255418,0.08732820202306464,0.11036710100758812
NER,Ninth,347.0,6.38,1.7996827036025498,2.4721195429807823,3.772823604370701,14.401028715277842,0.1269293161098212,0.1305066973074579,0.13686138869934014,0.1511494960226659
NER,Tenth,531.0,28.5,3.1033585271309465,4.193955684725333,6.1947016007517455,21.53382603591138,0.6991146102255901,0.6823599442295915,0.6489331290897511,0.5331184275127803
NGA,First,142.0,0.0061,0.7747015079664687,1.071641660832725,1.618468458935971,5.939608901628916,5.064863746426251e-5,6.615494868398908e-5,8.071087455274701e-5,0.00022543775438281887
NGA,Second,250.0,0.0346,1.473481459003875,2.014579297255246,3.0105498555649923,10.336557205995616,0.00035443684423285606,0.00044161417658954215,0.0005200335910545947,0.0012044561456434732
NGA,Third,313.0,0.0701,1.9288002926232926,2.616481949011904,3.884698816637127,12.845699218750244,0.0008078794711245648,0.0009785846390149063,0.0011282727517782135,0.0023389701415345906
NGA,Fourth,401.0,0.152,2.555743368035824,3.4460884699233088,5.090426418096242,16.33590865148813,0.0019205217991935162,0.002274355753059956,0.002578278391356002,0.004891208098615432
NGA,Fifth,481.0,0.272,3.1607588834898723,4.237705626608514,6.2306787067126885,19.47214940632391,0.0037033857284445412,0.004297442494487495,0.004798160745506242,0.008404562360125442
NGA,Sixth,596.0,0.537,4.029176064269038,5.372747215380737,7.864071444005716,23.956271906703545,0.007863909100945792,0.008947194595435916,0.009843370505875587,0.01595831085650839
NGA,Seventh,708.0,0.94,4.936538665544072,6.544058816890737,9.53304529512972,28.28975940275763,0.014797220835947787,0.016495021186242263,0.017871799743661744,0.026742022085811588
NGA,Eighth,905.0,2.08,6.5269681501861685,8.595953855552535,12.454776405983884,35.8959503713943,0.03539486291871162,0.038562180859958266,0.04107062371112625,0.056173936030200565
NGA,Ninth,1120.0,4.24,8.439935363975236,11.017764061560056,15.850846944885221,44.03016627083692,0.0791975120659259,0.08379432664446641,0.08731140243846146,0.10647605883911357
NGA,Tenth,2160.0,37.5,17.959473700059675,22.915341881013617,32.33145533075,82.51261276019059,0.8559096225980092,0.8441431247020612,0.8347973472466271,0.7775850376880641
NIC,First,240.0,0.0182,1.1033770378615537,1.6594691985355334,2.5888447734121436,10.27154395984246,0.00011145150951683678,0.00014777864162811825,0.00018642784210344754,0.0007308935016224052
NIC,Second,389.0,0.0818,1.9828681423451884,2.939811559665213,4.525006330275362,16.429855352077976,0.0006776208539065563,0.0008535438873771428,0.0010317612131322562,0.003116648942230231
NIC,Third,466.0,0.146,2.5172457361574003,3.69866501201444,5.647639661745526,19.498391744075334,0.001420326611699163,0.0017355020762879754,0.0020456282804382515,0.005305837509244182
NIC,Fourth,576.0,0.287,3.2536837135334262,4.747255759491303,7.202603144425013,23.882264744767504,0.003157275751623615,0.003765178902245722,0.004349373674948116,0.009987680521607645
NIC,Fifth,669.0,0.469,3.938342974053958,5.708991033018961,8.611610562938834,27.54578645294634,0.005731543224598011,0.006687196710600311,0.0075859043973182634,0.01561354639528775
NIC,Sixth,804.0,0.852,4.916571762413716,7.082440547083908,10.622479579884308,32.80940451898075,0.01147836976860441,0.013111115479722464,0.014613826447044575,0.027049950736359758
NIC,Seventh,927.0,1.37,5.898715277848284,8.440564903319691,12.583593931868561,37.49472657609809,0.02032653687892625,0.022713029384766017,0.024858989301317806,0.04122248098804194
NIC,Eighth,1140.0,2.77,7.616959958244144,10.816825927194573,16.012689544764946,45.8106645601605,0.04542279100385106,0.049520415691913865,0.053103299587324196,0.07785327688059601
NIC,Ninth,1360.0,5.04,9.565933106284787,13.44885466000811,19.726852206005784,53.62459846234724,0.0931731835260068,0.0984322890145495,0.10283740619641467,0.12885125823842236
NIC,Tenth,2350.0,34.8,18.987888147803528,25.982588597375027,37.064229314464924,89.38797797091375,0.8185009008712674,0.803033950210909,0.7893873830599584,0.6902684262865877
NLD,First,1200.0,0.187,19.046997741880457,21.20448366185941,23.46020289102157,33.43681732441653,0.0040277939430990685,0.003837247517413324,0.003797790195185697,0.004324578800837896
NLD,Second,1680.0,0.554,26.76138720703433,29.898295725322026,33.10624595315465,46.75577719116251,0.011999568406136373,0.011557064811086972,0.011464748054932562,0.012678378066873715
NLD,Third,1860.0,0.768,29.629986628070185,33.1678918735563,36.742992882311114,51.62538913312694,0.016641003889792755,0.016126184030632238,0.016018310944995513,0.017423747874257753
NLD,Fourth,2150.0,1.23,34.28822271788306,38.44292820436341,42.60300157515098,59.61386542813436,0.026598683190459004,0.025902382858397226,0.02575594621594727,0.027649439062868868
NLD,Fifth,2360.0,1.65,37.642907896823345,42.263245939667215,46.85247698592261,65.3191415357305,0.03589978473460827,0.03511411780489355,0.03494829933536585,0.037076809365990615
NLD,Sixth,2680.0,2.48,42.72850659046722,48.038602537009545,53.27375659489205,74.0069255068365,0.05394213014279266,0.052986922257171144,0.05278454605822776,0.055361886775647705
NLD,Seventh,2910.0,3.26,46.52932407436281,52.384904139593694,58.11396242999613,80.43339425820217,0.07093634721007902,0.06998829819496365,0.06978647149137553,0.07233153170331712
NLD,Eighth,3370.0,5.21,53.868152159294404,60.742780917935654,67.41585409182814,92.92329549324576,0.1135888851289551,0.1126254389431051,0.11241869411480367,0.11498329788471742
NLD,Ninth,3690.0,6.99,59.02160185485414,66.68530008879645,74.0487916052067,101.53152696694539,0.15237895316415345,0.15203773996157485,0.15196147548209354,0.15282941786351345
NLD,Tenth,5380.0,23.5,86.11849051388732,97.71554255623988,108.66946460497145,147.32661847323018,0.5139868501899243,0.519824603620762,0.5210637181070726,0.5053409126019754
NOR,First,1110.0,0.239,19.652678719930286,21.220338197777693,22.31107170607223,28.185068461668575,0.005184936240911655,0.005063644207251419,0.005034386474727394,0.005405902250116858
NOR,Second,1530.0,0.672,27.08134780528178,29.284924478453323,30.790643005544805,38.68842721133742,0.014582289089391869,0.014319170841353531,0.0142554557661605,0.015057516845599557
NOR,Third,1670.0,0.902,29.6713581004328,32.11322428533084,33.766185006793435,42.30084567396292,0.019577255803132118,0.01928312264818423,0.019211736048527907,0.02010581908699268
NOR,Fourth,1910.0,1.4,34.04186625064916,36.86466167938326,38.755932250790536,48.42992118197537,0.03049369107922995,0.030109086819743516,0.03001556162548329,0.031181873368693463
NOR,Fifth,2080.0,1.85,37.09101412693435,40.18815668211192,42.24518181705193,52.67267510480002,0.040212921082268246,0.03979300118824413,0.03969069511089583,0.04096113696735918
NOR,Sixth,2340.0,2.71,41.78962273888408,45.297466891978694,47.60045595987787,59.213537508533015,0.059080043098239346,0.058587573771398706,0.05846734296242338,0.05995344434820463
NOR,Seventh,2530.0,3.49,45.16568799485963,48.98023180936747,51.45855339942027,63.86592294874752,0.0759060610533829,0.07543924129929801,0.0753249663101697,0.07672895317455308
NOR,Eighth,2900.0,5.43,51.84199687521519,56.237112762785976,59.04046793337587,73.06681326640182,0.11842316358830036,0.11798514577374176,0.1178773938854352,0.11918677667849983
NOR,Ninth,3140.0,7.05,56.204165321828654,61.0068761299074,64.01961097287443,78.9672509999178,0.15369304968600808,0.15360468608721883,0.1535819118718998,0.15383036103931808
NOR,Tenth,4440.0,22.1,80.1194923305523,86.92351189841408,90.80814428676126,110.98917339144609,0.4828465892791355,0.48581532736356586,0.4865405499442771,0.4775882162406625
NPL,First,171.0,0.0659,0.9173229864010843,1.369339910746178,2.1527914321749315,7.229673347309414,0.000503522640368587,0.0006151672553275952,0.0008945066892077537,0.002719504347625617
NPL,Second,256.0,0.235,1.4951287517874572,2.2072148153380406,3.38704725570625,10.530527742208214,0.002309565655727758,0.00271370826793771,0.003663996628919279,0.008837139134738077
NPL,Third,292.0,0.364,1.7961484284061124,2.6335363452042704,3.9852188511093,11.864960657767078,0.004101955309223786,0.004711666457213447,0.006094264643487007,0.01287312380620017
NPL,Fourth,347.0,0.639,2.221014286314235,3.2389430053977066,4.84609481518307,13.930386465079685,0.00798717201176476,0.009009681490505631,0.011260775735037174,0.021398640901377834
NPL,Fifth,389.0,0.941,2.5849479127180897,3.750864140780558,5.554993182055358,15.477197700995863,0.012871630811553956,0.014284965025594985,0.01731247059152409,0.029915989524619983
NPL,Sixth,452.0,1.54,3.1065269975030265,4.485531389782072,6.575578314532247,17.765779102057834,0.022966619842305143,0.025089304646922165,0.029512139089070976,0.04651025075181507
NPL,Seventh,503.0,2.23,3.5847615973559814,5.14895132076424,7.468791065125156,19.555725765591855,0.03608464957353458,0.038780543193501965,0.04422763109167319,0.06336099300894764
NPL,Eighth,596.0,3.99,4.431092281234905,6.3252664864626595,9.059890826856071,22.880236555088583,0.07052032071930309,0.0744137229396734,0.08197657099737186,0.10554746854987011
NPL,Ninth,674.0,6.2,5.266988771452443,7.45817389682317,10.515013483229303,25.4022832740911,0.12191306048989214,0.12567610558819797,0.13247159144271975,0.14888690911211347
NPL,Tenth,1040.0,29.6,9.205689836580746,12.734459003226979,17.161281224338776,37.398025320717906,0.7207415029463262,0.7047051351351251,0.672586053090989,0.5599499808626921
NZL,First,846.0,0.0806,12.359946781410871,13.528438719382589,15.139619923043016,25.09667435585464,0.0013666807911342656,0.00134809690788534,0.0014246609608881587,0.0022636487975671283
NZL,Second,1250.0,0.285,18.719118836765542,20.513815051392566,22.871977662097546,36.759603935143936,0.005136390509203485,0.0050808482609688375,0.00530860266560036,0.007652640695867028
NZL,Third,1430.0,0.436,21.614398701130188,23.699826254280698,26.366570549577343,41.6382551300284,0.008130192362471892,0.00805530126581061,0.008361554219571306,0.011401345456305117
NZL,Fourth,1700.0,0.756,25.87125705182705,28.378514468331225,31.51142769978909,49.06674081499669,0.014440096995680983,0.014325566736200685,0.01479285767939176,0.0192952141496688
NZL,Fifth,1900.0,1.1,29.26937483046372,32.11537425164946,35.59846470080858,54.73640854913616,0.021425307110167713,0.02128004388988515,0.021871469428761347,0.027413492685006542
NZL,Sixth,2210.0,1.77,34.20956117046055,37.5422436880082,41.53358681551688,63.08293940328289,0.03528668965623551,0.03508686605469708,0.03589864863664022,0.04329021731096674
NZL,Seventh,2460.0,2.51,38.38804012650997,42.13365681538227,46.52047539858859,69.77089462076772,0.05102843173806103,0.05079856711773126,0.05173004160284497,0.05993540989357546
NZL,Eighth,2910.0,4.37,45.96697504038685,50.44444307280625,55.540628585457895,82.12197039036191,0.09087869785369646,0.09058731534745337,0.09176400498725686,0.10166396968958763
NZL,Ninth,3290.0,6.53,52.54970223762129,57.66136550277767,63.276787708172535,91.90811109608218,0.13957421667369407,0.13935776047659387,0.14022495628949194,0.14674785570545962
NZL,Tenth,5080.0,28.0,84.10895475434894,91.93409880618778,99.52642129802952,139.03684789638206,0.6327332963096546,0.6340796339427738,0.6286232035295531,0.5803362056159961
OMN,First,424.0,0.0376,4.616045253688801,5.623295603483696,7.025011853566913,14.691014078838593,0.0002975052144573595,0.0003482333318820826,0.00047188284495548955,0.0015435289501843621
OMN,Second,671.0,0.15,7.826761011301691,9.464967309262905,11.599591639873406,22.37809643902922,0.0015089685169941516,0.0017143868098514726,0.0021917752714690326,0.005656828041755795
OMN,Third,791.0,0.248,9.602917476542348,11.555848251462749,14.004589215159811,25.82018414983968,0.002842199785352347,0.0031732286280504963,0.003921308762878128,0.008825630828728979
OMN,Fourth,964.0,0.457,12.081497597687656,14.482784956385215,17.392748345272356,30.918555607535264,0.005800231250244981,0.006386043328310075,0.007680141522390783,0.015495755321454186
OMN,Fifth,1110.0,0.706,14.272866365553176,17.04676478486366,20.30381141715029,34.94327592659896,0.00975019688284243,0.010601124058406946,0.01244197187643006,0.02275494495799204
OMN,Sixth,1310.0,1.21,17.405571326358846,20.712033921649585,24.464936914950503,40.795387405840735,0.01812360018526711,0.019467095662078018,0.0223132277081631,0.03710263165549733
OMN,Seventh,1500.0,1.84,20.38069971607069,24.154429157292775,28.284241793353512,45.6668666962291,0.02970826247290524,0.031510959248331284,0.035243325457236636,0.053100181246567096
OMN,Eighth,1820.0,3.46,25.612349608231376,30.20456022600833,34.992949080188104,54.47412677841879,0.06088215160287517,0.06367125963919083,0.069283969595499,0.09347524285490502
OMN,Ninth,2130.0,5.75,31.065246716006367,36.39136778024041,41.59295679609462,61.888394092645974,0.11182031924496019,0.11485623687570377,0.12068058267668616,0.14145290243599357
OMN,Tenth,3510.0,32.0,56.822495912326346,65.03140866133423,71.09338493874837,95.79634521045304,0.7592665648441009,0.7482714324181949,0.7257718142842916,0.6205923537069217
PAK,First,269.0,0.117,1.5240858915082138,2.1754137212762217,3.360292394465651,11.160416490768188,0.0009567177137053066,0.0011576734917169225,0.001652808155666133,0.0047408844439665665
PAK,Second,385.0,0.371,2.388602412876286,3.372158753032022,5.0851198764052885,15.640880097434241,0.0038662918943606593,0.0045013162340623025,0.005971625504682677,0.013610819437434848
PAK,Third,431.0,0.537,2.804439131488794,3.9326993353656623,5.849519962405481,17.24065332772053,0.006380836793888845,0.007265519749054676,0.009241053925560388,0.01848585057923962
PAK,Fourth,503.0,0.893,3.4057116134295775,4.750744130825833,6.988038304185486,19.89731682081864,0.011717200904452085,0.013107088000011445,0.016119868499023884,0.029060518407033845
PAK,Fifth,556.0,1.25,3.8995555104252966,5.413090472166082,7.883036998361094,21.76816442501268,0.017913806050802707,0.01972176107260953,0.02353341637000631,0.03864162635772713
PAK,Sixth,635.0,1.96,4.613410280345475,6.37340717559196,9.189529922814476,24.6231473380396,0.030372283734287086,0.03292488454769426,0.038155130094224686,0.05722877594539568
PAK,Seventh,697.0,2.69,5.23714537576827,7.198307750380175,10.272908402355565,26.69503653248054,0.0452620595613589,0.048287024096181,0.05428698177584016,0.07414069764533268
PAK,Eighth,812.0,4.56,6.357123790205561,8.685912100709166,12.246105033115484,30.725650732376366,0.08336857743554583,0.08736059822930944,0.09493867858702691,0.11674873615946392
PAK,Ninth,898.0,6.59,7.3817982874668395,10.008772081966749,13.900087254697548,33.40486878716338,0.13364741856618706,0.13688687226277912,0.14247111116446873,0.15331980584414215
PAK,Tenth,1330.0,26.9,12.251593987301977,16.270310443415067,21.704743105361352,47.347512640350736,0.6665148073454116,0.6487872623165813,0.6136293259235002,0.49402228518026364
PAN,First,394.0,0.00716,3.0358582754445984,4.171300133410286,5.741806424009816,14.847089997306547,1.9451348604685677e-5,2.7830441018762162e-5,4.387397165247394e-5,0.0002739012555497831
PAN,Second,693.0,0.0361,6.032261009666124,8.144999044889868,10.92378088805935,25.2232833163472,0.00016066150179214978,0.00021616354219636093,0.00031486065070338097,0.0014110375327643246
PAN,Third,871.0,0.0693,8.124807297060537,10.850050428427892,14.329638794079472,31.003751258255797,0.00040463302918883657,0.0005245710432762125,0.0007285899931130921,0.002682114162785591
PAN,Fourth,1120.0,0.146,11.007279845882307,14.572337919647321,19.01151644575264,39.04824143511328,0.001042003754562573,0.001311241838503053,0.001753107396796419,0.005513622150117741
PAN,Fifth,1350.0,0.254,13.896359215567236,18.251148706998276,23.550827216832204,46.183372485966586,0.0021592696646971755,0.002645354574855245,0.00341754490562602,0.009329409826009832
PAN,Sixth,1680.0,0.494,18.066879744653814,23.54695855493416,30.06214220981392,56.363360104307354,0.00491665676272241,0.005868908600930118,0.007333951323412899,0.01745209461363206
PAN,Seventh,2010.0,0.859,22.60600199882056,29.224134845367715,36.89885825545046,66.05943050461677,0.009945998016477957,0.011556620271381112,0.013951847818201645,0.028796673923499726
PAN,Eighth,2580.0,1.9,30.59131791205749,39.187006322033355,48.85849814101153,83.03736706563132,0.02580265642927764,0.029088293045836162,0.03378471382680896,0.05945134190738601
PAN,Ninth,3240.0,3.93,40.790856919692146,51.626073708544254,63.32731088275199,100.77395472353659,0.06405103660499563,0.06946777258004701,0.07678973035507417,0.11022569272012653
PAN,Tenth,6410.0,38.1,93.47540912966211,114.50353673895938,134.28480741249095,182.5528024674397,0.891497632887681,0.879293244061956,0.861881779758611,0.7648641119081284
PER,First,149.0,0.00153,1.8322248993970538,2.276247883032461,2.8030467611268617,4.752063632860439,4.401769135686964e-5,3.8438835153861324e-5,3.3887133846253114e-5,2.4291297557654137e-5
PER,Second,287.0,0.0114,3.4339223370662624,4.309023115293314,5.350245907009985,9.246842412386185,0.0003157112641442366,0.0002823013574139793,0.0002543887181111959,0.0001931452591829336
PER,Third,380.0,0.0272,4.481227023405994,5.6533549102794485,7.051730378104696,12.325832120770105,0.0007303075395988811,0.0006623681038404964,0.0006047938083249968,0.0004753815275076898
PER,Fourth,507.0,0.0669,5.917209419157977,7.497486826655064,9.386497502616146,16.555166539863553,0.0017567567758501638,0.0016115698870442891,0.0014871097508123983,0.0012018206997132027
PER,Fifth,633.0,0.133,7.306635487615348,9.292513015977896,11.671025202119731,20.749994216177456,0.003423811526138889,0.003173188340145506,0.0029560807232230438,0.002449444325721826
PER,Sixth,814.0,0.291,9.296912031150665,11.866343634426151,14.949043612947927,26.78372930931847,0.007345635560613926,0.006875915537589763,0.00646478455266416,0.005488272969868886
PER,Seventh,1010.0,0.566,11.38456151566647,14.582629062195595,18.426682809975617,33.27654102455997,0.01397059829872929,0.01321263535589979,0.012541886401190187,0.010918469948772032
PER,Eighth,1340.0,1.4,15.036043151194097,19.33481505041694,24.509323775363704,44.64767411510107,0.03382067916820906,0.032357348467773765,0.031045605019943034,0.027799890671588775
PER,Ninth,1760.0,3.29,19.45834502270999,25.137434163686102,31.98472497014447,58.90286254566931,0.07684405807951819,0.07461296585262628,0.07257590862164102,0.06737465393586932
PER,Tenth,3850.0,40.0,41.47395746211221,53.99887004983174,68.91919792339151,129.67802762578594,0.8617484240958405,0.8671732682625123,0.8720355552702438,0.8840746293642177
PHL,First,355.0,0.115,1.8329409749404986,2.5200924233939688,3.7251278649870736,14.227878251734628,0.0002190594169757347,0.00028967244601170016,0.00044740787370065613,0.003811470709469068
PHL,Second,510.0,0.307,3.1440857199577787,4.257145528746461,6.125744536465167,20.218384885748367,0.0011766473056725043,0.0014766487731733028,0.0020995418783989073,0.011496782967289008
PHL,Third,574.0,0.419,3.8904792577040115,5.218865462532195,7.3931833886103115,22.47369637395187,0.0022921606892101908,0.0027895386172499654,0.003778841418164953,0.016055762313911738
PHL,Fourth,675.0,0.678,4.925353515950014,6.558656570224726,9.175187896089668,26.103580327939707,0.0048053837977081034,0.005706198704362863,0.00743658264743089,0.025806806963493332
PHL,Fifth,752.0,0.943,5.854627063798133,7.743661736787147,10.71115074221906,28.72814535096487,0.008275771619623147,0.009612478434764652,0.012099290394420448,0.03500591579280064
PHL,Sixth,868.0,1.49,7.180885580852196,9.435694896531038,12.907076567830185,32.68056914605091,0.015748237032312356,0.017904361936777653,0.021789258988156694,0.052854896450124256
PHL,Seventh,963.0,2.09,8.462974677615142,11.043393720801927,14.932581373641703,35.644291836002076,0.026449976629748642,0.029411433824562367,0.03456458876623965,0.06985666765240739
PHL,Eighth,1140.0,3.69,10.71052001382015,13.865363013842735,18.497326448024005,41.29959958018422,0.055702001837888274,0.060417788764397136,0.06827897268995559,0.1124906675795099
PHL,Ninth,1290.0,5.77,13.119213352078635,16.80787998456311,22.041706565798393,45.28833822456274,0.10592482732347444,0.11130557744458681,0.11966536553445162,0.15198814325390303
PHL,Tenth,2010.0,30.3,24.564171529092945,30.599686354451773,38.292050610726335,65.36095328054098,0.7794059343473866,0.7610863010541137,0.7298401498090806,0.5206328863170916
PNG,First,95.9,0.0034,0.5872573804924558,0.8702353450552426,1.2650850854127833,3.7738914092277986,4.20779627352402e-5,5.018482393582963e-5,5.901824459903173e-5,0.00010866369826939711
PNG,Second,173.0,0.0219,1.1073267663977564,1.6279990226983447,2.346145398604296,6.746859459433389,0.000304187254721656,0.00035175965215096175,0.00040201979700234307,0.0006637038818458367
PNG,Third,220.0,0.0477,1.4490029806341336,2.119263843127881,3.0378987193725324,8.551959235047214,0.0007069858185689608,0.0008025543573261474,0.0009016719696374348,0.0013949424855298996
PNG,Fourth,286.0,0.11,1.917803802128781,2.793478060519026,3.987251724476575,11.033726552142841,0.0017071124624089661,0.001909343628202597,0.002115969551891414,0.0031076015352747744
PNG,Fifth,347.0,0.205,2.3725105421005126,3.4425845195815308,4.8944868446550975,13.338227475633222,0.0033384199231232085,0.003684401880685365,0.004033112040514636,0.005652415512879316
PNG,Sixth,434.0,0.423,3.0243163273254363,4.371994425521931,6.191514725727457,16.621203272562457,0.007186157177260601,0.007828898089511562,0.00846803522920043,0.011341401708660855
PNG,Seventh,522.0,0.774,3.7096589797402575,5.341074855917624,7.532281880135316,19.908605360320664,0.013714222791583018,0.014741686452589246,0.01574882269236259,0.02012351830431844
PNG,Eighth,675.0,1.79,4.908961483297077,7.034570212859889,9.869696478780677,25.622257517937786,0.033327904645728865,0.03528979002335938,0.03718061613279435,0.045068339717884084
PNG,Ninth,850.0,3.87,6.366136298833786,9.064540120013119,12.630024393182518,32.04451041080732,0.07609749968226608,0.07904188887079441,0.08181130286344568,0.09270670401524404
PNG,Tenth,1670.0,38.6,13.630203621397182,19.006430030094503,25.773466224455333,61.36271355484987,0.8635754322816035,0.8562994922214444,0.8492794314785521,0.8198327091400934
POL,First,615.0,0.0243,8.96411702721445,10.21509754691017,11.745848099013505,18.234138985833972,0.0005346955968658685,0.0004864781027480703,0.00047553431930157976,0.0005647024291518327
POL,Second,985.0,0.11,14.356870823510075,16.45857547471808,18.95371661142922,29.118458841403985,0.0024241306405789528,0.002246307408355489,0.0022054504438967604,0.0025331063694387763
POL,Third,1180.0,0.194,17.133219149224942,19.70844723178703,22.715734775062213,34.687375087449134,0.004276327206680702,0.0040051175017310585,0.003942354857191294,0.004441038290838034
POL,Fourth,1440.0,0.377,21.048373393675732,24.27866504887651,28.003269459179275,42.55528656499922,0.008281709207538969,0.007822830072772263,0.007716014057011188,0.008558344336932902
POL,Fifth,1670.0,0.604,24.38219040552257,28.192983803827953,32.538750373976335,49.23337268399485,0.013281452056827316,0.012641967401000119,0.012492303945879097,0.013664336416643087
POL,Sixth,2000.0,1.07,29.15367577459479,33.79052242948985,39.024323567872756,58.7985236357381,0.023586250166844232,0.022617852585633556,0.022389971885491335,0.02416207099718316
POL,Seventh,2300.0,1.68,33.50296660515055,38.926497541456925,44.98565715533111,67.48583446978368,0.03687741732721177,0.03563626113911695,0.0353424326747938,0.037609792958009675
POL,Eighth,2830.0,3.27,41.19510009405411,47.995392464709084,55.51161774033152,82.87116307492876,0.07167594011305124,0.0698626855403771,0.06943014841410333,0.07273554915114755
POL,Ninth,3340.0,5.63,48.73105038139256,56.972070087413485,65.9614694104985,97.8609950522078,0.12304869221449818,0.12125974153613589,0.12082724903955663,0.12407609396906162
POL,Tenth,5780.0,32.9,84.1762979990563,99.1839119491518,115.21208606644541,168.53508225961616,0.7160133854699028,0.7234207587121295,0.7251785403627751,0.7116549650815933
PRT,First,699.0,0.0507,9.627523712063502,10.886895032392658,12.52994499831467,21.60552303752425,0.0008044929242555917,0.0008560708043800092,0.0009366501331248302,0.0014466983394561682
PRT,Second,1070.0,0.197,15.090236814208675,17.007826870469376,19.46900410143948,32.64124713840323,0.0033658038729045578,0.0035374973423335284,0.003801357423912125,0.005373641685143325
PRT,Third,1240.0,0.319,17.76870269704347,19.98545193405974,22.80500973049382,37.625210298173066,0.005667215555044523,0.005913797088286363,0.006289115778770913,0.008448606691608676
PRT,Fourth,1500.0,0.578,21.60440109713975,24.26122740843314,27.615227420207184,44.98137251306111,0.010574497340064862,0.010971675330549609,0.011571463254185062,0.014925179837186633
PRT,Fifth,1700.0,0.873,24.787391167035437,27.794679595173342,31.566035452119976,50.82947763430203,0.016400730640157866,0.01692952575687313,0.017722223091116575,0.022038343124372625
PRT,Sixth,1990.0,1.46,29.36866028061987,32.885646630009354,37.2678197708008,59.346955219224036,0.02819682631789633,0.028961352417490437,0.030098867923418454,0.03612684915130697
PRT,Seventh,2250.0,2.15,33.42227091474835,37.368512088500644,42.2533236689789,66.51654426278168,0.04263054145132167,0.04356112317152901,0.044934086155102256,0.0519907707413571
PRT,Eighth,2710.0,3.92,40.658080326020844,45.383708949264594,51.19180164368687,79.55734860510468,0.0798000694425028,0.08107231458534862,0.08292872721819743,0.09209144014536602
PRT,Ninth,3110.0,6.2,47.419412940878324,52.815135723591474,59.387054076064594,90.79530430323373,0.13058602051531412,0.13169514886817069,0.13327843295431843,0.14046298404677315
PRT,Tenth,5070.0,30.1,79.39089543059906,87.99460344284842,98.32545426218178,144.96152960573002,0.6819738019405376,0.6765014946350385,0.668439076067854,0.6270954862374293
PRY,First,213.0,0.00132,1.626879099081485,2.3058912353927523,3.280488769256534,8.075541086146055,2.2019079966613864e-5,2.4278614510690892e-5,2.7728178197726187e-5,3.489599258127124e-5
PRY,Second,412.0,0.0102,3.1994975053780754,4.524809383809678,6.395877755406269,15.529491771665858,0.00017805375104123976,0.00019306179119889924,0.00021550604240183816,0.0002606309066323668
PRY,Third,546.0,0.0245,4.286644150292488,6.0493602458917595,8.515877184568975,20.512539862785324,0.0004427212735412354,0.00047520178730868284,0.0005231758126205609,0.0006177383689577786
PRY,Fourth,730.0,0.0611,5.782383696547804,8.147189446306262,11.431916899923083,27.360966588771866,0.0011284233642948377,0.0012014184411262441,0.0013081557121158622,0.0015152133232402205
PRY,Fifth,910.0,0.123,7.273489380990907,10.231171091259391,14.313135090717692,34.06208727203929,0.0023168070404653578,0.0024487201790349433,0.0026398575477423595,0.003005296803197821
PRY,Sixth,1170.0,0.272,9.422813297947759,13.233421865171438,18.458894055074243,43.684414533128255,0.005228207140938086,0.005486858432563245,0.005858282615060654,0.006558343893511608
PRY,Seventh,1450.0,0.535,11.74915248201969,16.469878266432875,22.901140822331392,53.88643491830387,0.010478220784025145,0.010916084888095725,0.011538901757320124,0.012695151368780595
PRY,Eighth,1930.0,1.34,15.836844745383365,22.152592696371038,30.68896104825449,71.73480984909385,0.02690096205934936,0.027795042780094318,0.02905274572926802,0.03134677212161773
PRY,Ninth,2530.0,3.2,21.017034376870424,29.30675759297266,40.396666346377074,93.6236228675751,0.06589095099390373,0.0673667057127658,0.06941053643825197,0.07304678303768151
PRY,Tenth,5490.0,40.3,47.61117821834877,65.67483475456058,88.92807397171849,200.9957306785619,0.8874136345124745,0.8840926273733015,0.879425110167021,0.8709191741837992
PSE,First,313.0,0.0476,1.825225903240966,2.5324170703487265,3.98172268952541,13.316206593467895,0.0003511283779059973,0.00043124067985122143,0.0006333381969399704,0.0019867932926206787
PSE,Second,477.0,0.181,3.0302019086346004,4.1570976345614365,6.382416836946938,19.790715497721518,0.0017259207381345666,0.0020380496595611484,0.0027779680441978034,0.006905818559609939
PSE,Third,552.0,0.292,3.6828325003939684,5.017776898860494,7.598152533608592,22.570276276805565,0.003191637041358409,0.003683339755285497,0.004807286720816225,0.010452902069186242
PSE,Fourth,662.0,0.527,4.5949060453610455,6.226724885386458,9.325267912481783,26.765784264539835,0.006418365091130148,0.007272589024623971,0.009168240104469634,0.017914895279073455
PSE,Fifth,750.0,0.798,5.392568256513098,7.271496217817856,10.782310716513656,30.01296589216278,0.010647733530263768,0.011867606972807155,0.014501840507016608,0.025742732808562888
PSE,Sixth,879.0,1.34,6.532338575809899,8.766220278133803,12.873400107658991,34.78310972422831,0.01954014999744423,0.02143354263743107,0.02541157980473719,0.041101041571348744
PSE,Seventh,989.0,2.0,7.602469881804155,10.15060157590314,14.757349417515844,38.6700743350693,0.031608200406318364,0.03410170232857294,0.039185025731459176,0.05755574887080751
PSE,Eighth,1190.0,3.68,9.486168428101408,12.593065574825955,18.099771130676665,45.826506354966554,0.06382022263691332,0.0675896534161031,0.07498908285616172,0.09887906208115366
PSE,Ninth,1360.0,5.95,11.417402598823552,15.043539540090924,21.308966394618317,51.66166788721005,0.1150157117700083,0.1189620881065715,0.126217001179445,0.14506010486338033
PSE,Tenth,2200.0,31.0,20.541328163121722,26.560125782073996,36.29589916446273,79.95451795107229,0.7476809304105229,0.7326201874191924,0.7023086368547566,0.5944009006042565
PYF,First,260.0,0.0358,3.273049990446648,3.6856636217500367,4.297897896470521,8.386113957928666,0.00024376337591838993,0.0003164934999899146,0.0004289978032041832,0.0014630473440590034
PYF,Second,410.0,0.143,5.550487383723844,6.159729583697076,7.051345838114926,12.705368188860593,0.0012835129173623555,0.0015866245576125133,0.0020294819991897215,0.005421748743848197
PYF,Third,483.0,0.237,6.831058666523477,7.514449216928524,8.509650666911552,14.651593854053873,0.00247121438948788,0.002968069952252743,0.003669999771359144,0.008512883717315142
PYF,Fourth,589.0,0.44,8.60783473917114,9.40317113089432,10.556136063506278,17.5225822875813,0.005132448646481373,0.006024030747185081,0.007249634087542885,0.015022741248493128
PYF,Fifth,677.0,0.681,10.193047899238572,11.064181782329975,12.323458757897512,19.798524854824937,0.008764893938289874,0.010076686533174494,0.011835115435502367,0.022161212301991192
PYF,Sixth,804.0,1.17,12.45445964916549,13.435231925371394,14.848369039007727,23.104826443502144,0.016543332355916256,0.0186413130591577,0.021383560824638898,0.03629463740961749
PYF,Seventh,918.0,1.79,14.625575978702486,15.674561169341434,17.183413604823272,25.874180126737627,0.02755122986439665,0.03040620128767467,0.034036524171645495,0.05218216657197574
PYF,Eighth,1120.0,3.39,18.432452287657842,19.60701116219125,21.290495603462286,30.88179308685268,0.05747357149874324,0.06196826740878951,0.06749233282608148,0.09233126391877715
PYF,Ninth,1310.0,5.68,22.47117974502574,23.671758714308705,25.393813520826782,35.14946935134534,0.10797926993243447,0.113013877823539,0.11886234126573615,0.14063640706627004
PYF,Tenth,2200.0,32.3,41.61318354963259,42.716851076617765,44.2751301204884,54.96886491484127,0.7725567630809695,0.7549984351306244,0.7330120118150997,0.6259738916776529
QAT,First,623.0,0.016,7.426610686653808,9.235207298211181,11.104350338940005,20.396381425028096,0.00011313615372922703,0.00012612478457552545,0.00016329075248711536,0.0006810659521014549
QAT,Second,1050.0,0.074,13.381211939288875,16.589503098143556,19.65024430239162,32.87609950643192,0.000685998661064203,0.000749827813348298,0.0009260402442400677,0.0029449439910712106
QAT,Third,1280.0,0.134,16.99862126418728,21.018408620017183,24.67535508197414,39.15833510377734,0.001435572940767309,0.001550914525253608,0.0018626574911609949,0.005054187679719942
QAT,Fourth,1610.0,0.267,21.98758481151949,27.134458667757688,31.630319401259914,48.11823904013604,0.003187056443278647,0.003411070542102291,0.0040062376289835624,0.009575546191209754
QAT,Fifth,1900.0,0.44,26.62486788316547,32.79128711669734,37.97917927652392,55.64807784947137,0.005778902282222161,0.0061332875635409295,0.007060197247571265,0.015056292517351813
QAT,Sixth,2320.0,0.808,33.25323129330304,40.87583322201949,47.044869592834736,66.46828397525242,0.011560210016137488,0.012169456731405402,0.013738406957761063,0.026231506052530617
QAT,Seventh,2710.0,1.31,39.90552971272064,48.94228400371837,55.95648147248838,76.16326525799884,0.02044762651649782,0.02134406335567087,0.023614403888236806,0.04020856413380568
QAT,Eighth,3410.0,2.68,51.54841644623182,63.05566096646232,71.53631511501787,93.37420174784756,0.045633748310817485,0.047185161580257574,0.051036584178394004,0.07643499182854036
QAT,Ninth,4130.0,4.95,64.74426247882802,78.89551864185374,88.6090023636156,109.72414371485142,0.09344992476674635,0.0954648943002711,0.1003178210278038,0.12755900097350883
QAT,Tenth,7540.0,35.2,128.54587417947783,154.64859847357306,168.54883367282497,185.20448048759664,0.8177078239087392,0.8118651988035744,0.7972743605833613,0.6962539006801604
ROU,First,948.0,0.18,12.28717967935346,14.807149360185898,17.86146877998963,29.637888642315566,0.0038915345877652122,0.0037976661815006087,0.0037750355742087443,0.00406274233231337
ROU,Second,1340.0,0.539,17.32256944567684,20.917454687866645,25.247934958417577,41.67843582650598,0.01168368872235714,0.011464457049230464,0.011411399714899403,0.012080147503513359
ROU,Third,1480.0,0.75,19.210657724234597,23.22174469751633,28.03785400744608,46.149302017045464,0.01627387925933613,0.016017970758111406,0.015955897715364573,0.01673435837406665
ROU,Fourth,1710.0,1.2,22.262872070183604,26.935006889647244,32.530925800533055,53.4206702766212,0.02610257319158772,0.02575548378643389,0.025671135306995087,0.02672449767877747
ROU,Fifth,1880.0,1.63,24.470012573966585,29.6278269249634,35.792098825891046,58.65377145526081,0.035340472930611565,0.03494777643531555,0.034852169630496546,0.03604126032695498
ROU,Sixth,2140.0,2.45,27.809542030198518,33.696752936090824,40.71929152626498,66.59377898471814,0.05326274415280786,0.052783906500376544,0.05266709791846215,0.05411349100743729
ROU,Seventh,2330.0,3.23,30.317851538494327,36.763564785922874,44.43708418741511,72.52253075206215,0.07026282594403893,0.0697858332506264,0.06966918632835874,0.07110562614370113
ROU,Eighth,2700.0,5.18,35.14697907345268,42.65623449995754,51.5797768641836,83.9834716649528,0.11290573319563335,0.11241803965346926,0.11229829104576212,0.11375957082661711
ROU,Ninth,2960.0,6.98,38.568197697456654,46.85693762185814,56.68166700567149,92.01715680401954,0.15213943907902644,0.15196123293291075,0.1519165749774198,0.1524369080943259
ROU,Tenth,4340.0,23.7,56.46269345830054,68.7550090457184,83.29864700518203,134.36618317318948,0.5181371089368356,0.521067633452025,0.5217832117880328,0.5129413977122927
RUS,First,415.0,0.00724,6.562678552477057,7.6329799982640845,8.637209425314408,11.409725434452639,0.00022179566978064344,0.00019100755729464854,0.0001638889894179743,0.00010304107839835362
RUS,Second,716.0,0.041,11.024687738826566,12.929665527390064,14.75574489358024,20.004716212895048,0.0011885962402142514,0.0010523767254986068,0.0009288088120757508,0.0006354272177128131
RUS,Third,893.0,0.0825,13.543305912193645,15.961774850690565,18.307444918148448,25.20523220804399,0.0023122928547606005,0.0020809917765247875,0.0018674852566378385,0.001343139427618675
RUS,Fourth,1140.0,0.178,17.02184039943361,20.138831533123266,23.188044432385663,32.320198077598704,0.004842324437689386,0.004415215173521974,0.004015346685542251,0.003005865788241759
RUS,Fifth,1360.0,0.314,20.132820915860776,23.90157277081142,27.615082522755607,38.9187714998517,0.008331245107796183,0.00768611052639213,0.007074230808619689,0.005489828177585188
RUS,Sixth,1680.0,0.612,24.55978342047912,29.250829575510902,33.900653880865775,48.289626958529254,0.015838785144332627,0.014779589620486857,0.01376190575015283,0.011059055341708217
RUS,Seventh,1990.0,1.05,28.82467417665766,34.44321649992378,40.043543691273264,57.6705793900014,0.026575953553087502,0.025092970848192477,0.023648012113632853,0.01970355714008965
RUS,Eighth,2530.0,2.29,36.28067636571146,43.49552222621048,50.71139395649321,73.92185204836576,0.055905765255166884,0.053488474590577005,0.051092794377939725,0.044332075911559014
RUS,Ninth,3130.0,4.53,44.23900930930439,53.25489711374298,62.299953071634185,92.19876595580087,0.10616318184807912,0.10330063925825377,0.10038711658868002,0.0917316724353642
RUS,Tenth,5860.0,36.7,81.81327973919666,98.76830902302302,114.99775848297593,174.97798063010322,0.7786200598890928,0.7879126239232578,0.797060410617301,0.8225963374817221
RWA,First,38.6,0.000384,0.219951460671206,0.3216131753514159,0.5005075971310895,1.5779153070763292,6.2672002473234e-6,6.964719374002047e-6,8.038847987192145e-6,1.0301441092951236e-5
RWA,Second,80.0,0.00365,0.4649507200004289,0.6787716710556421,1.049530430572724,3.2609875684675482,6.262191716157382e-5,6.838407057125812e-5,7.706923408336518e-5,9.474894636179216e-5
RWA,Third,111.0,0.01,0.6499114264163232,0.9468966661426589,1.4579440260515275,4.4917651666232485,0.00017709882643590616,0.00019133403686350694,0.00021251201757648526,0.00025473582302708775
RWA,Fourth,153.0,0.0276,0.9068223737436679,1.3192290347152078,2.0244905608379216,6.195321158252317,0.0005005108147549251,0.000536111897063256,0.0005885208232477308,0.000691275684472178
RWA,Fifth,196.0,0.0608,1.1755078777976873,1.7073593064061117,2.6120878164429846,7.9458156064755086,0.0011277510939572144,0.001198649831821954,0.0013020277147047505,0.0015016584351208184
RWA,Sixth,259.0,0.147,1.5677685870761906,2.2735932539087806,3.468081563233201,10.489039553757928,0.0027852295792635553,0.0029381663645216115,0.003159082537717701,0.0035793838294555323
RWA,Seventh,330.0,0.317,2.014185875773423,2.9156798142398714,4.433509903401296,13.329782357785454,0.006129565463430256,0.006415938184116351,0.006825533399201756,0.007592675396172295
RWA,Eighth,456.0,0.882,2.8072700758447713,4.055504847444761,6.144857185473714,18.353557045307706,0.017478301810222575,0.0181355665980711,0.01906498421038601,0.020774489502144756
RWA,Ninth,622.0,2.4,3.88761351635529,5.5996009043293,8.444537159295432,25.01192271226046,0.048969823198364175,0.050245092947408046,0.052020514198919295,0.05520615911303895
RWA,Tenth,1510.0,42.0,9.793649922066091,13.982825355752658,20.803559030443406,60.36913948402906,0.9227628300961624,0.920263791350189,0.9167417170161757,0.9102945718291137
SAU,First,659.0,0.0376,8.117073568033767,9.416371606239125,11.322155827091704,21.753066389606175,0.0002975052144573595,0.0003482333318820826,0.00047188284495548955,0.0015435289501843621
SAU,Second,1050.0,0.15,13.780682963517641,15.873178990705588,18.724885995979,33.17958606829164,0.0015089685169941516,0.0017143868098514726,0.0021917752714690326,0.005656828041755795
SAU,Third,1240.0,0.248,16.915190660565575,19.389505363218845,22.619907988843707,38.30116822992962,0.002842199785352347,0.0031732286280504963,0.003921308762878128,0.008825630828728979
SAU,Fourth,1510.0,0.457,21.290479498804817,24.31387393100802,28.11073517787025,45.89347387085815,0.005800231250244981,0.006386043328310075,0.007680141522390783,0.015495755321454186
SAU,Fifth,1740.0,0.706,25.159689500881342,28.62938663485499,32.83181912221482,51.892799780938375,0.00975019688284243,0.010601124058406946,0.01244197187643006,0.02275494495799204
SAU,Sixth,2070.0,1.21,30.692242963028157,34.80139778808089,39.58628568408333,60.62657784106003,0.01812360018526711,0.019467095662078018,0.0223132277081631,0.03710263165549733
SAU,Seventh,2360.0,1.84,35.947744442799966,40.60133814115611,45.792986934774135,67.90767038999464,0.02970826247290524,0.031510959248331284,0.035243325457236636,0.053100181246567096
SAU,Eighth,2880.0,3.46,45.192089038359725,50.80334513228561,56.71475641151251,81.10098337159911,0.06088215160287517,0.06367125963919083,0.069283969595499,0.09347524285490502
SAU,Ninth,3370.0,5.75,54.83110657197792,61.24866541260356,67.48928190200795,92.24309059113634,0.11182031924496019,0.11485623687570377,0.12068058267668616,0.14145290243599357
SAU,Tenth,5620.0,32.0,100.423972399765,109.85652543740495,116.24755092526709,143.84368360479684,0.7592665648441009,0.7482714324181949,0.7257718142842916,0.6205923537069217
SDN,First,312.0,0.0423,2.703629036366859,3.4310153731956743,4.680920193020992,11.897999502901774,0.00033179543538646854,0.0003720460643098631,0.0004962682948952544,0.0017815313659942853
SDN,Second,490.0,0.164,4.576728847082328,5.786725605068854,7.7563430781024625,18.044266809933553,0.0016485260167797048,0.0018086977589447924,0.0022826971877127024,0.006336405573222014
SDN,Third,574.0,0.266,5.60294156557262,7.0629186234009325,9.369523042368742,20.744798942970267,0.0030677604444400435,0.003323229797664573,0.0040608735353563855,0.009717845347264725
SDN,Fourth,698.0,0.487,7.03968230866743,8.855165199342263,11.651841721840386,24.7990785935857,0.006200356611644198,0.0066486729270022376,0.007917521163042888,0.016830524254146346
SDN,Fifth,799.0,0.744,8.303426622967606,10.422022193303663,13.613130622155868,27.975252805579846,0.01033268134998825,0.010978863392984458,0.012774383762809333,0.024413234064381832
SDN,Sixth,947.0,1.27,10.112618633115787,12.667311092483118,16.42917978381939,32.637205774445405,0.01904528359741035,0.020057608515123768,0.02281907631758458,0.039335445627869635
SDN,Seventh,1080.0,1.9,11.820812839763619,14.772307121301052,19.018268386809968,36.48905650092488,0.030947932556036322,0.032294745882660854,0.03589515394858862,0.055605950379513804
SDN,Eighth,1310.0,3.55,14.831945049781256,18.488632086979568,23.6067468311133,43.56688881319455,0.06280580534229006,0.06486767923864846,0.07024275067258699,0.09654460843093603
SDN,Ninth,1520.0,5.83,17.94289871054703,22.284998297449906,28.152663719193637,49.47002433497919,0.113924379847411,0.11612948995152045,0.12163793755930712,0.1435536649668637
SDN,Tenth,2540.0,31.6,32.71049414084237,40.270592401969104,49.608851468539335,78.20467287904216,0.7516954787986135,0.7435189664711405,0.721873337558116,0.6058807899898075
SEN,First,140.0,0.0164,0.6278606480870366,0.8867389337704092,1.403507256495523,6.096687134296115,0.00011815709998840612,0.0001295580075283403,0.00016802918143398092,0.0007021690148066828
SEN,Second,229.0,0.0756,1.1300325800162496,1.5930278131705675,2.483548774325137,9.820442558052148,0.0007108297125091718,0.0007664859098185868,0.000947915922400842,0.0030179788554352167
SEN,Third,276.0,0.136,1.4340676348925236,2.0175604646837435,3.117254541294755,11.688876331090578,0.001480612382411452,0.0015807889023800098,0.0019007484520516807,0.005161497382114839
SEN,Fourth,342.0,0.271,1.8536193060397441,2.6041037944723477,3.9948521921513525,14.357722093770166,0.00327479710887272,0.003468735925152533,0.004078024328540429,0.009751652732900507
SEN,Fifth,398.0,0.447,2.242863560110114,3.146006880170336,4.794983102139783,16.597036460005175,0.0059180910517502875,0.006223999973548344,0.007170674945239102,0.015294864762827834
SEN,Sixth,480.0,0.819,2.7992696704311206,3.9205477616375735,5.937684304734729,19.81766547881634,0.011800156633164747,0.012324534144519146,0.01392320192775345,0.026582579143721478
SEN,Seventh,555.0,1.33,3.356486878998325,4.692314444706214,7.059310576263071,22.698399880723336,0.020801721671105684,0.021570869532117506,0.023878396236792714,0.04064442581944949
SEN,Eighth,688.0,2.71,4.3318910322358715,6.0427122719823165,9.020580325356793,27.82014054593563,0.04624872015202102,0.04757484847577633,0.05147751654829133,0.07704638330506786
SEN,Ninth,820.0,4.98,5.433673759250029,7.554839023933828,11.164587540306735,32.673949714802305,0.09425288677834953,0.09596549259428383,0.10086023148587796,0.12811899679146474
SEN,Tenth,1440.0,35.1,10.751745436188184,14.771066008325626,21.190207663416473,55.201619019859876,0.815394027409827,0.8103946865348755,0.7955952609716186,0.6936794521922113
SGP,First,384.0,0.00111,6.1611939638227256,7.2409016372863295,8.17285277733985,10.182725684328425,1.839992506531579e-5,2.0310033007339883e-5,2.3229652456474062e-5,2.930790481218766e-5
SGP,Second,754.0,0.00878,12.261256313986356,14.378941963940129,16.12115130975678,19.802637199715914,0.0001534246581276808,0.00016652049661877009,0.00018612680813031435,0.00022561499452979986
SGP,Third,1010.0,0.0216,16.536111253117845,19.350728140190753,21.60370211035468,26.320585486880724,0.0003886306436566008,0.0004175206874606267,0.0004602352469632289,0.0005445677625568493
SGP,Fourth,1360.0,0.0546,22.424595723022417,26.199113428068944,29.15018307118088,35.280294406183934,0.0010054108204083335,0.0010713490436100944,0.0011678600813312696,0.0013553657935086885
SGP,Fifth,1700.0,0.111,28.337957364852564,33.051635457361996,36.6586626073569,44.10581953059564,0.0020920884671460816,0.0022129370411361035,0.002388201074272766,0.0027237751653003016
SGP,Sixth,2200.0,0.249,36.8762773220052,42.93804867023419,47.47257127495703,56.78155078135266,0.004782867956783748,0.005023127436451507,0.0053684374840043125,0.006020169560553411
SGP,Seventh,2740.0,0.497,46.18834284457869,53.67388824416874,59.136945763538435,70.29994879686112,0.00971575411227222,0.010128491865323837,0.010716049023599378,0.011808266105776661
SGP,Eighth,3680.0,1.27,62.57126768198923,72.5341951203673,79.56616277036619,93.88505470268763,0.025323428915271094,0.02618072105905951,0.027387625181335574,0.029591794659469168
SGP,Ninth,4850.0,3.07,83.55645365668965,96.50351846228462,105.20410678254834,122.91911960817369,0.06323855579496442,0.06468782263836496,0.06669662977722424,0.07027539893050866
SGP,Tenth,10600.0,40.6,191.94731400757314,217.94322875637934,230.4645164603095,259.1586092899144,0.8932814387063045,0.8900911996989672,0.8856056056706825,0.8774257391229844
SLB,First,118.0,0.0168,0.6203558923599919,0.9367017824262258,1.373685430967893,4.810922167257491,9.779041714061068e-5,0.00013609075844030202,0.00017083330878816941,0.0006663297893967818
SLB,Second,193.0,0.0767,1.117519009555702,1.6580156464390212,2.39998356569136,7.709867455263684,0.0006087571788208686,0.0007979532010551912,0.0009608053099255701,0.0028936606119723818
SLB,Third,231.0,0.138,1.4225373847783287,2.087968522451431,2.9989414722505874,9.169530718320095,0.0012939896764917688,0.0016369785161949246,0.0019231342207649766,0.004978591701874312
SLB,Fourth,286.0,0.273,1.8421270221969324,2.681016956001555,3.8269172322233014,11.246786033930988,0.0029088768715113556,0.0035768171056137447,0.004120124441851995,0.009451154402011492
SLB,Fifth,334.0,0.448,2.234320569788009,3.226722711915727,4.580013333112444,12.992848996692134,0.005334145797006882,0.00639347619290793,0.007235341767023332,0.014887362593452387
SLB,Sixth,402.0,0.82,2.794502948509545,4.005622840725548,5.654268669696006,15.498406316298427,0.010787521330946317,0.01261334158453613,0.01403116209307933,0.025982291186911997
SLB,Seventh,464.0,1.33,3.360394527128971,4.778887265675606,6.7068191519641855,17.74464356927052,0.019297789788862173,0.02199181506075658,0.024032306955465602,0.03989829513976361
SLB,Eighth,575.0,2.7,4.349724264052022,6.130983846745694,8.546462501205756,21.72544706466618,0.04361672338412172,0.048295132428819075,0.051733943715038595,0.0759982008763071
SLB,Ninth,685.0,4.96,5.482669266445049,7.638465017784289,10.554879250193181,25.511502054790995,0.0907764092700256,0.09688502232517547,0.1011744539668453,0.127156209352174
SLB,Tenth,1200.0,35.1,10.978619601633465,14.843056933614502,19.99041731027116,42.91640639151959,0.8252779962850727,0.8076733728265006,0.7946178942212171,0.6980879043461359
SLE,First,111.0,0.0521,0.4397277957626094,0.6617627675164611,1.1403787330716109,4.871835973747622,0.00038805863333882945,0.00047590707462774574,0.0006970216447898062,0.002167822631002726
SLE,Second,168.0,0.195,0.7335038557822045,1.092548383000365,1.8377859741670415,7.26005279911434,0.0018714273167865436,0.002206845222918039,0.003000207866568285,0.007396712021155305
SLE,Third,193.0,0.31,0.8914928569204985,1.3191527278361108,2.188230112399652,8.273175457478967,0.003422361205749566,0.003944500463363138,0.005135423880608402,0.011078221042150522
SLE,Fourth,231.0,0.556,1.1132592383425597,1.639034134399315,2.6889784048953995,9.816407898921787,0.006821328799205756,0.007719669541049064,0.00970891349174973,0.01882724636065862
SLE,Fifth,262.0,0.836,1.3064310319508488,1.914390661435776,3.109694893715663,11.003857560551149,0.011225996102590077,0.012497430883486637,0.015237028951610741,0.026849684948629517
SLE,Sixth,306.0,1.4,1.5830374966640939,2.309342839352971,3.715428388302542,12.756906359756531,0.02044207166955215,0.022397785801541604,0.0264975641615004,0.042555077412677694
SLE,Seventh,343.0,2.06,1.8414280940745458,2.6733161501645273,4.25838906137447,14.17506120815929,0.03280233019770971,0.03535252053755242,0.040539009852783116,0.05914093373907476
SLE,Eighth,410.0,3.77,2.297496944275316,3.3176446391808287,5.226044823412165,16.804720211251773,0.06563736053825463,0.0694450180689008,0.07689875065603179,0.10074207915230945
SLE,Ninth,468.0,6.02,2.7611071983789586,3.958726121618585,6.147490704364291,18.922081125814085,0.11693946751582683,0.12084215354479952,0.1279841782852336,0.14620277463434767
SLE,Tenth,749.0,30.6,4.956341475933315,6.987168448205263,10.495434267563656,29.35465031445761,0.7404495980209859,0.7251181688617611,0.6943019012091242,0.5850394480579937
SLV,First,218.0,0.0332,1.8641059805488367,2.2033564409503485,3.007260113492891,8.502976605478874,0.00024272291778387788,0.00028880786478614105,0.000411950256456582,0.0014047399419448606
SLV,Second,343.0,0.135,3.184542740024007,3.7324011903306995,4.984674451441889,12.994176403645103,0.0012790564870701017,0.001473070659098805,0.0019640572902856032,0.005249614228376145
SLV,Third,405.0,0.227,3.9291661933264326,4.580053554962176,6.039754115013485,15.036171711626917,0.0024637915084602968,0.0027836982206995695,0.003567853093515561,0.0082824467221774
SLV,Fourth,493.0,0.423,4.963678261562795,5.761601103013719,7.521448645132586,18.046519145088535,0.005118954715656491,0.005695755189618197,0.007073473322481085,0.014672420248538293
SLV,Fifth,566.0,0.66,5.887929738099034,6.8074356534054346,8.806172726254118,20.44538329211853,0.008744802729371753,0.00959716303411575,0.011585251951159576,0.02171935490035593
SLV,Sixth,672.0,1.14,7.207750820799996,8.301663579131985,10.64405672506413,23.93426103844495,0.01651081678104375,0.017879948835403926,0.02099839397754157,0.03569030926654897
SLV,Seventh,766.0,1.75,8.476363584884712,9.722672348993084,12.351277855894818,26.874920645725407,0.027506408898058537,0.02937833342836098,0.03353310040825646,0.05149157672110537
SLV,Eighth,934.0,3.34,10.70285803588695,12.219320317313771,15.359148932415343,32.20229044599134,0.05740189249842155,0.060365913784426406,0.0667384969888743,0.09146379069008044
SLV,Ninth,1090.0,5.63,13.068272526845167,14.827020008111203,18.386020324398,36.79211252515398,0.10789692499561337,0.11124791027933446,0.11808587737360682,0.14000545588829694
SLV,Tenth,1830.0,32.5,24.304688160456866,27.120001409729547,32.47014082859527,58.42289452092137,0.7728346284685202,0.7612893987041558,0.7360415453378225,0.6300202913925756
SRB,First,393.0,0.111,5.666676442020477,6.344399573787545,7.292322976811908,11.903712195098658,0.002483533434735467,0.002379481047279856,0.002309568162511222,0.002439317726604363
SRB,Second,572.0,0.369,8.24644161868556,9.259249891955003,10.656577193288413,17.320388375001244,0.00823046441357992,0.007958613475995949,0.0077743708645580285,0.008115282546678197
SRB,Third,646.0,0.545,9.308649364173714,10.467769202752985,12.0559516254112,19.5473926748877,0.012124014651098634,0.011785174286369162,0.011554367650827811,0.011980696100189309
SRB,Fourth,759.0,0.917,10.941768963718367,12.316612368613914,14.186466004093768,22.94965249433203,0.020333637075189807,0.019848131346356532,0.019516028849425267,0.020128577468184854
SRB,Fifth,845.0,1.3,12.179574662564848,13.721724898859545,15.805735678877111,25.51750410020658,0.028655282744407342,0.02807626848883855,0.02767861591121071,0.028411062238495547
SRB,Sixth,970.0,2.03,14.012427067462887,15.79524172776804,18.18424601128143,29.288429504086103,0.044896705561067625,0.04414978834026585,0.04363465668570123,0.044582120399625585
SRB,Seventh,1070.0,2.8,15.469985075526015,17.448644642658504,20.078873753569454,32.26509656084297,0.061655444955896074,0.06085847654164811,0.06030605201895442,0.06132035766877523
SRB,Eighth,1250.0,4.72,18.187944203617516,20.514014858798287,23.562186472498947,37.73074343159329,0.10363259024598669,0.10272509137190985,0.10209133645933365,0.10325201132348916
SRB,Ninth,1400.0,6.76,20.316279899784725,22.92358266929368,26.290510583241932,41.941309399804894,0.14786481721144729,0.14735802440529217,0.14699584878445754,0.1476539945244932
SRB,Tenth,2060.0,26.3,30.88313530151821,34.6459276787335,39.07207770717662,61.30192384347617,0.5701235097065912,0.574860950696044,0.5781391546130201,0.5721165800034645
STP,First,166.0,0.0941,1.151619495808974,1.5563886070051547,2.3385862166165783,6.751688428880853,0.0007479880410230219,0.0009084840798305601,0.0013063158071933705,0.0038330795348087586
STP,Second,243.0,0.312,1.8321996742401045,2.4492107960094613,3.5936946655595996,9.617774604593794,0.003174977675752096,0.0037097058310146982,0.00495534470444316,0.011547324934006726
STP,Third,275.0,0.464,2.170252417398349,2.8817089325345635,4.17104466258832,10.698859730051044,0.005390829533040406,0.0061592313122564284,0.007885576871823065,0.016114810250963913
STP,Fourth,324.0,0.787,2.653916901055723,3.5055716931036325,5.0190469365576575,12.444785143855647,0.010126215056196673,0.011364529810674342,0.014065376717726001,0.02588695112685925
STP,Fifth,362.0,1.12,3.0579388722514285,4.019777719016689,5.699160781415278,13.710354154906849,0.015800035200057867,0.01744951194079153,0.02094927908076715,0.03509665450270275
STP,Sixth,417.0,1.79,3.6396952491217838,4.762231630088622,6.687524313576897,15.624085554870227,0.027322620351249823,0.0297086671366002,0.034630791160563966,0.05296562079173729
STP,Seventh,462.0,2.51,4.158048031772766,5.413466759620881,7.5271301348843185,17.064417991056587,0.04155857965912786,0.04446466839328603,0.05027250618457527,0.06996707064104543
STP,Eighth,545.0,4.34,5.0829564914463665,6.580405227947216,9.046763267490078,19.832062182506608,0.07832036815729602,0.08229676852107112,0.08991798976165198,0.11260372157201518
STP,Ninth,610.0,6.45,5.9561825954918195,7.654252898629355,10.373702092171563,21.797752840370933,0.12927160658616707,0.1327441521418043,0.13885631977522925,0.15202977597957731
STP,Tenth,936.0,28.0,10.089969836054824,12.729952053086249,16.667364920437898,31.990060895842745,0.6882867797400891,0.6711942808326709,0.6371604999360267,0.5199549906662835
SUR,First,123.0,0.000357,1.060943183549627,1.458590258436508,2.0240307362810768,4.508887530566582,5.8166792557020696e-6,6.467212499865425e-6,7.469518277468536e-6,9.582589402181439e-6
SUR,Second,260.0,0.00343,2.271207291133898,3.1199940514675166,4.301036119901486,9.435306154902774,5.8842305023038426e-5,6.428493068668253e-5,7.249239958265792e-5,8.921228729353186e-5
SUR,Third,361.0,0.00948,3.191940125853623,4.377120218996529,6.008145219503008,13.065022602904968,0.0001676729965931978,0.00018122342040521462,0.00020139142551297643,0.0002416292207185975
SUR,Fourth,501.0,0.0263,4.473701881157472,6.126808738453064,8.381231494021884,18.098018721028925,0.00047675770871126043,0.0005108588656134399,0.00056107997015599,0.0006596078795061017
SUR,Fifth,647.0,0.0583,5.819359352605669,7.957768519022304,10.851545649750012,23.287240828566546,0.0010801198149885773,0.0011484181992094961,0.0012480417293737275,0.0014405359863785062
SUR,Sixth,858.0,0.142,7.78741232323131,10.63343373260265,14.455143379056393,30.833259830824527,0.002681785943502265,0.002829936542311278,0.0030440131892412697,0.0034515249144130484
SUR,Seventh,1100.0,0.307,10.035200282498861,13.677869648583409,18.531298899346858,39.28142674803515,0.005934482161016384,0.006213526700603051,0.006612767673688257,0.007360895355107284
SUR,Eighth,1520.0,0.86,14.034349325859166,19.08767854724559,25.756405277150094,54.20198920857291,0.017026864084916646,0.017671661917858905,0.018583718581288374,0.02026207716598325
SUR,Ninth,2080.0,2.36,19.506575098469828,26.441699265075748,35.478213574681206,73.95572344722036,0.048084030592474875,0.04934674104097831,0.051105163954649466,0.05426171847790066
SUR,Tenth,5000.0,42.1,49.507154747054564,66.12960894040972,86.52680336640745,174.61867320340946,0.924483627713518,0.9220268811698338,0.9185638615582298,0.9122232161232968
SVK,First,473.0,0.023,10.969045425245985,10.810757109363243,10.721527870211427,9.654705032355519,0.0013302996556092987,0.0006703806464183584,0.0003253584655646029,2.907798970061137e-5
SVK,Second,800.0,0.0954,16.601851332318365,17.0878645520485,17.707628459690657,18.286839034197023,0.0050274960505197535,0.0029077818358241017,0.0016225576137878053,0.00022414988959107557
SVK,Third,990.0,0.162,19.17467100510571,20.23384363707244,21.50888126596594,24.087451023009883,0.007983235773228944,0.00499942799735626,0.0030260066517433927,0.0005414752495286657
SVK,Fourth,1260.0,0.307,22.94965824628461,24.704589553091512,26.802324823126803,32.026179398927674,0.014215197816493668,0.00948546760591773,0.0061266029639227,0.0013485550106609964
SVK,Fifth,1500.0,0.487,25.96832091387749,28.457758986384576,31.444386488581742,39.8257996890137,0.0211398663335593,0.014933996251127988,0.01022573430799657,0.0027116912515516996
SVK,Sixth,1850.0,0.86,30.35264944888028,33.84352573231462,38.06581898137421,51.01172993654659,0.03489376503743484,0.026051139821501434,0.018876722884643243,0.0059969015142141155
SVK,Seventh,2200.0,1.35,34.06914847041421,38.673498521949,44.3054520102978,62.94615357645748,0.050576077491053154,0.03998408294601642,0.03072219154000544,0.011769625960717126
SVK,Eighth,2820.0,2.67,40.801764904071995,47.25438773846465,55.26653197554538,83.83153698081634,0.09030465399711671,0.07611910235369858,0.06245737989374361,0.029514645242351437
SVK,Ninth,3520.0,4.8,46.672034427506105,55.44745737622718,66.5767470697258,109.7864568772525,0.13914671485155053,0.12726792729126782,0.11354664278411004,0.07015202093200992
SVK,Tenth,7040.0,35.1,74.78250721708028,94.0407722898992,119.99257104933587,241.10498329250888,0.6353826929934338,0.6975806932508714,0.7530708028944825,0.8777118569596744
SVN,First,1160.0,0.268,17.620383019038652,19.72240560266669,22.32104120122809,33.68382971094639,0.005802979232261312,0.005668934035348349,0.005636593350240635,0.006047062410757365
SVN,Second,1580.0,0.733,24.130901050350293,27.061834013000794,30.646547845292158,46.010283568448806,0.015898810244314845,0.015616571149221204,0.015548210815564999,0.016408308739722856
SVN,Third,1730.0,0.968,26.33133416276299,29.559443291054492,33.48512253074204,50.127277040233274,0.02103335299372587,0.02072332297932552,0.020648058917227714,0.021590181589141156
SVN,Fourth,1980.0,1.49,30.12181050247579,33.84313511537718,38.34948116248411,57.277740575390915,0.03238052367301184,0.031981126793388756,0.03188397952990963,0.03309475632830123
SVN,Fifth,2150.0,1.94,32.72663331903843,36.7966185789386,41.70681939647963,62.16411668851861,0.0422548234024469,0.041825090806757316,0.04172036484463632,0.043020022382656675
SVN,Sixth,2410.0,2.82,36.77646317070935,41.38001584052128,46.916101346964034,69.78938980573827,0.061451317089747194,0.060955478620964315,0.060834381953989505,0.06233002193820977
SVN,Seventh,2600.0,3.59,39.63113267007727,44.62418021107584,50.608197166790816,75.12643266443222,0.07812518608979178,0.07766510175832264,0.07755242242524464,0.07893536314609276
SVN,Eighth,2970.0,5.53,45.348878678842595,51.104443624148715,57.98182028143153,85.87415785154981,0.12045693450582191,0.12004199916290581,0.1199398322400848,0.1211787992675912
SVN,Ninth,3210.0,7.06,48.95141336637611,55.21947008208823,62.67569288672159,92.55443169892791,0.15400823412334905,0.15395740024951077,0.15394377655166733,0.1540787704968675
SVN,Tenth,4530.0,21.4,69.16706752274378,78.19240365052418,88.89649864056395,130.45779225368238,0.46858783864552916,0.47156497444425544,0.4722923793714343,0.46331671370065963
SWE,First,1260.0,0.179,20.53744715706632,22.6832398951912,24.98005025689565,34.886760657991545,0.0038712105531734137,0.003777781976054314,0.00375525773189467,0.004041619909189194
SWE,Second,1770.0,0.537,28.90048413796055,31.9745954351038,35.227943890273714,48.94755464407318,0.011636335990620087,0.011417843491645036,0.01136496490363319,0.012031467241046187
SWE,Third,1970.0,0.747,32.03785751399948,35.47979555453935,39.0995186697703,54.17004800500918,0.01621868262149249,0.015963439064962053,0.01590152767035938,0.0166779750553252
SWE,Fourth,2280.0,1.2,37.10425519042319,41.12202904888075,45.327026306532936,62.65336500500966,0.02602779858047827,0.025681386917279003,0.0255972035951014,0.026648524935539136
SWE,Fifth,2500.0,1.62,40.76900265883247,45.214702985452426,49.84762591264007,68.75955823837798,0.035255970259227276,0.03486379257427648,0.034768314229263214,0.03595584902533424
SWE,Sixth,2840.0,2.44,46.31099553617833,51.39527206635356,56.67274646055646,78.0175555402655,0.05315983263972666,0.05268130229044709,0.052564570455036236,0.05401005962353595
SWE,Seventh,3090.0,3.22,50.47588823289416,56.056031026382456,61.82439337616868,84.9330323073804,0.07016047170068941,0.06968337942820343,0.0695667097516842,0.07100348083308564
SWE,Eighth,3580.0,5.18,58.48971813719054,65.00587129829127,71.71354457953615,98.2900082013944,0.11280135386861025,0.11231287133419546,0.11219293272465247,0.1136566269917449
SWE,Ninth,3930.0,6.97,64.17431746573978,71.3936314788525,78.7836545078818,107.66188098024784,0.1521017963362388,0.1519220314562811,0.1518769957833615,0.15240204465144655
SWE,Tenth,5740.0,23.7,93.89275046922886,104.67499539670891,115.61486171920531,156.99045824763996,0.5187665474497434,0.521696171466656,0.5224115231550137,0.513572351733753
SWZ,First,95.8,0.000373,0.7877134374580999,0.9853093339723847,1.379254459373843,3.6695556794271886,6.079841839013541e-6,6.757847701711209e-6,7.802154095896842e-6,1.0002673337495698e-5
SWZ,Second,201.0,0.00356,1.679994009800213,2.100169220379279,2.9216288864074174,7.657673605971022,6.105591604401558e-5,6.668588530322491e-5,7.517343838023498e-5,9.245621711707865e-5
SWZ,Third,279.0,0.00978,2.356559906351385,2.941015323180095,4.074416829162499,10.587548103991569,0.00017320228453587274,0.00018715487968265927,0.00020791606199663856,0.0002493204378177356
SWZ,Fourth,386.0,0.027,3.297798686598271,4.11066557540559,5.676316568130752,14.649522181796256,0.0004907095558859125,0.0005256927512123895,0.0005772005573628317,0.0006782147153574142
SWZ,Fifth,498.0,0.0598,4.2842300716473565,5.332623106000614,7.341413917519336,18.832498821485636,0.0011081298040575094,0.0011779592449373331,0.0012797935224636151,0.0014764905990984755
SWZ,Sixth,660.0,0.145,5.726020496831367,7.117510363998496,9.770040257098653,24.916901372052287,0.002742686749043126,0.002893658957507773,0.0031117680397766165,0.003526821030590414
SWZ,Seventh,842.0,0.313,7.369904184375388,9.145360043901844,12.514314500082328,31.725793742604804,0.006049473011284056,0.006332843640357687,0.0067381977022970265,0.007497552519552715
SWZ,Eighth,1170.0,0.873,10.293257477181225,12.74878514401488,17.383321323655345,43.777658510901574,0.017293331951844515,0.01794550256163986,0.018867827156745606,0.02056460944448273
SWZ,Ninth,1600.0,2.38,14.28451438635708,17.64107408268063,23.939454957562383,59.78360662035069,0.048607874891513046,0.049878036655716475,0.05164654856777965,0.0548203738050337
SWZ,Tenth,3900.0,42.0,36.155600809701,44.237156691414405,59.159686773793766,144.7680794865689,0.923467455993953,0.9209857075759409,0.9174877727991019,0.9110841585576122
SYR,First,204.0,0.0405,1.1623301027209114,1.752523981123964,2.6333863542068316,8.457493303163952,0.0003241847869782288,0.0003501079400462319,0.000448628920762949,0.0017033715468786292
SYR,Second,314.0,0.157,1.9393318518648721,2.9145580852530286,4.313835579053241,12.696194389198885,0.0016178116224862898,0.0017218575494884732,0.002104167571313175,0.006115663747610721
SYR,Third,365.0,0.257,2.3637531039284845,3.544273201169335,5.199564673155818,14.561207688192031,0.0030183653292586363,0.00318515404554931,0.0037860084246986976,0.009429895035273573
SYR,Fourth,440.0,0.471,2.955856492079972,4.424185898596517,6.443949883836023,17.340937118746364,0.0061130901987022715,0.0064069851763715775,0.007448865603310924,0.01640204362879078
SYR,Fifth,501.0,0.723,3.47599718419823,5.193621551186771,7.515529561741501,19.517708978486713,0.010206119533767228,0.010631326741096282,0.012116611907031298,0.02388358696459462
SYR,Sixth,590.0,1.23,4.2188382287623085,6.292416376215212,9.046408095356167,22.693846439742806,0.018845775825187067,0.01951444097040838,0.021815805777934794,0.03862605630190404
SYR,Seventh,666.0,1.86,4.919724926702389,7.323331737764202,10.457080598039113,25.316184485087096,0.030680700061261754,0.031573988493050174,0.03459906538650368,0.05481473322540351
SYR,Eighth,803.0,3.49,6.151987841536129,9.13492389232162,12.937255389092574,30.090467097762545,0.0623932491249955,0.06376783118323907,0.06833018586978185,0.0955838387266486
SYR,Ninth,927.0,5.77,7.424678080704224,10.987519193587287,15.399102644497416,34.06443012558874,0.11347695506933639,0.11495965410095081,0.1197173919798995,0.14291044331874692
SYR,Tenth,1500.0,31.8,13.428937458382325,19.621955301473946,26.62838665854988,52.7297295379306,0.7533237484480266,0.7478886537997996,0.7296332685587632,0.6105303675041486
TCD,First,57.7,0.00485,0.24135960249754945,0.3635053252874582,0.5901720529693556,2.4597763540860145,4.717488833807705e-5,5.951923444639698e-5,7.160800901552536e-5,0.00017096881660539376
TCD,Second,103.0,0.029,0.4623634629129404,0.6900582064181991,1.1097348229626125,4.369786936215564,0.00033427343856524906,0.00040482707231949205,0.00047133449912489263,0.0009614270560700386
TCD,Third,130.0,0.0604,0.6073288958719152,0.900568977158053,1.4397054553217945,5.490773140115588,0.0007676383691822767,0.0009071574809847901,0.0010357060825153502,0.0019242130260603868
TCD,Fourth,168.0,0.134,0.8070411364570094,1.1908432847320238,1.8949707472185513,7.0455069649749325,0.0018358209203384241,0.0021273200200069863,0.0023909772657949575,0.004122151721014194
TCD,Fifth,202.0,0.244,1.000442995833311,1.469273753186231,2.328118231517806,8.46362606859324,0.0035591823162188594,0.00405213741246046,0.004490547931961822,0.0072384532557134215
TCD,Sixth,251.0,0.49,1.278264051197434,1.8688925569989645,2.949256386377858,10.491963929313622,0.007597307847208449,0.00850267150933982,0.009294529861524537,0.014036352783604336
TCD,Seventh,300.0,0.873,1.5695972671448322,2.283557467913323,3.588035379535788,12.484668255260004,0.014373232405091472,0.01580300924873035,0.01703145278041086,0.02403970129946362
TCD,Eighth,386.0,1.97,2.0805415977533084,3.010492735055669,4.7072333752739395,15.979340731570288,0.0345901879276276,0.03728148464840544,0.03954565025279167,0.05174625145532246
TCD,Ninth,482.0,4.1,2.698315081056124,3.875469892644928,6.0208447181701645,19.81130805266856,0.07800041092560157,0.08195722214684324,0.0851858304897579,0.10118951284796962
TCD,Tenth,942.0,37.9,5.783727623553562,8.150371469254498,12.447406060723562,38.10750044145538,0.8588947709618281,0.8489046512264632,0.8404823628271025,0.7945709677381765
TGO,First,66.3,0.00175,0.29477407777831205,0.42664980512878836,0.6803435307049441,2.7955957692414484,2.510482222862321e-5,2.8838624269051265e-5,3.3481824567824393e-5,5.132535967215066e-5
TGO,Second,128.0,0.0127,0.5864396125922791,0.8466044709464082,1.3403994542216482,5.3590494167999445,0.00019848647485560647,0.0002226224223888552,0.0002518715447859852,0.0003583350275447624
TGO,Third,168.0,0.0299,0.7873591521365192,1.1333618792814748,1.7861496288729823,7.031706645603925,0.00048686037561559547,0.0005382482880226034,0.0005995621650116024,0.0008156237302520213
TGO,Fourth,223.0,0.0726,1.06457373465124,1.5291275626197105,2.4011198605007946,9.337382629808227,0.0012274719464530415,0.0013414430466872549,0.0014757307376462151,0.0019367616983637897
TGO,Fifth,277.0,0.143,1.3402047726137187,1.920623529317899,3.0056455144418117,11.5624269960746,0.0024955613602205716,0.0026990651074091706,0.002936120422241699,0.003730940791726807
TGO,Sixth,354.0,0.31,1.7379462171424156,2.485095450880059,3.8759833316127885,14.75605332177373,0.005578239470701927,0.005972573537759698,0.006426778296512766,0.007914682176885518
TGO,Seventh,434.0,0.596,2.1668567370266922,3.0901692742924984,4.802196292260718,18.08879959081478,0.011069952945862774,0.011729199125625192,0.012479518690464911,0.014877680248996711
TGO,Eighth,576.0,1.46,2.9212137312996393,4.152957099437663,6.425418421537708,23.91900711968204,0.02810726516485949,0.029433865409413885,0.03092280308968005,0.035546923521893065
TGO,Ninth,745.0,3.38,3.8709286131434517,5.477367140932168,8.423104741988936,30.894406517876355,0.06787753321866233,0.0700226926367654,0.0723833556187805,0.07942236390260096
TGO,Tenth,1570.0,39.8,8.721402665166044,12.119093929619364,18.187472527780614,64.55682487178525,0.8829335242205401,0.878011451801659,0.8724907776103084,0.8553453635420641
THA,First,902.0,0.311,4.669533169092938,7.390585362070671,11.988667697015158,38.19416548486551,0.00068164523623409,0.0012324826562286292,0.0026345062891944483,0.015703306498884257
THA,Second,1200.0,0.733,7.49278477593238,11.421100204323874,17.570964695398168,48.604626761366035,0.002946955298641138,0.004731341904710157,0.00862012589661651,0.033584062125724165
THA,Third,1300.0,0.91,8.912830611413874,13.292418833947355,19.848594845685497,50.832653692398246,0.005057148245955263,0.007580876294589982,0.012606251989242822,0.03871803272156249
THA,Fourth,1470.0,1.35,10.938377184668525,16.0330580045418,23.37141652864758,56.23702875319649,0.009580411891199042,0.013596013447653687,0.021020523521194743,0.05342341142040807
THA,Fifth,1590.0,1.72,12.641442925916538,18.241804945925868,26.025383270605666,59.264951988093046,0.015062893478640493,0.02034990606369107,0.02946984875891042,0.06318905466273117
THA,Sixth,1770.0,2.47,15.091415143686053,21.44865069944199,29.959924380178116,64.64131450592927,0.026241233513526623,0.0338004880236166,0.0459412229344443,0.08355249363640056
THA,Seventh,1900.0,3.14,17.290306550893828,24.18818139213527,33.061114654804165,67.53394572563909,0.04022066107940009,0.04930966193277687,0.06276202716384162,0.09625775739411797
THA,Eighth,2160.0,4.9,21.206332718678745,29.138811258799333,38.84292510233769,74.5745016950377,0.07645199402350085,0.08868397432479445,0.10487923529922484,0.1329303896707514
THA,Ninth,2320.0,6.53,24.94543699724348,33.50132526760417,43.291834008678485,77.02144454524999,0.12757463358838336,0.13791651315916253,0.14853768194370992,0.14776784412920912
THA,Tenth,3260.0,23.8,42.61789611325471,54.18269642606448,64.9830783362882,98.37731353083637,0.6961824236445192,0.6427987421927761,0.5635285762036204,0.33487364774021083
TJK,First,190.0,0.0884,1.7035385646022465,2.2105596782893286,2.932313399500603,7.090102882144261,0.0020212562249873577,0.0019203063312675415,0.001848495489534945,0.0019196703670295136
TJK,Second,281.0,0.309,2.51410085805598,3.2737664001278737,4.3513890353947655,10.49026886164225,0.007000050610317473,0.006722939874006643,0.006523759659321229,0.0067211836147464754
TJK,Third,320.0,0.47,2.8604922430610977,3.731724176444237,4.965449991552079,11.950586458878417,0.010573520566567239,0.010217999667286816,0.009960904216399896,0.010215738416049077
TJK,Fourth,378.0,0.807,3.3837068798373675,4.420038520263913,5.884045908435608,14.138974359673213,0.018091586732004946,0.017569797176311006,0.017190561632579916,0.017566468942274784
TJK,Fifth,423.0,1.16,3.7878846966935904,4.953503305909962,6.596675430883779,15.828780455578228,0.025957926062689235,0.025321286793691476,0.024856370761281405,0.025317214882493923
TJK,Sixth,489.0,1.86,4.381915411037302,5.734980356455219,7.636196701777346,18.292250608974452,0.041384831296633826,0.040543657765382615,0.03992631225647874,0.04053826231945562
TJK,Seventh,543.0,2.61,4.865186020317507,6.372863336645288,8.484763128627558,20.290870067360437,0.05786658362629323,0.05694319144314706,0.056261537694347885,0.056937248173880836
TJK,Eighth,641.0,4.5,5.7563469013600015,7.5424728502718645,10.028611639747565,23.9210251312547,0.09924684868268699,0.09815075026550309,0.09733479871208037,0.09814366107186842
TJK,Ninth,720.0,6.63,6.4817223277981855,8.498902910805961,11.288688526521582,26.8502619259828,0.1452899559796785,0.14459885440815343,0.14407263860981073,0.14459432359772326
TJK,Tenth,1080.0,27.4,10.025983596163988,13.078916882937955,17.112467444451347,40.16192952678709,0.5925674402181412,0.5980112162752504,0.6020246209681649,0.598046228614478
TKM,First,390.0,0.00769,4.699734951353329,6.762480569133681,8.544373838315625,11.515911934326471,0.00023536436752042477,0.00020281359200448123,0.00017412502704662453,0.00010967931273387115
TKM,Second,682.0,0.0431,7.975821794840191,11.595244624591823,14.791533874971586,20.493161478305158,0.001247430283770638,0.0011050846856306073,0.0009758838364937689,0.0006687816240554726
TKM,Third,856.0,0.0861,9.823398102573368,14.36139115154631,18.418750272287078,25.930655539252943,0.002411005405440511,0.002170966202905597,0.0019492685249275262,0.0014042126111748574
TKM,Fourth,1090.0,0.184,12.38458461990467,18.186975436483642,23.422548309865167,33.39902520963524,0.005022836127754894,0.00458207256744173,0.004169192633855693,0.0031257554126414857
TKM,Fifth,1310.0,0.324,14.673195949941803,21.631058798262732,27.95876955197945,40.323616915704754,0.008601472838403032,0.007939135608313063,0.007310597108411965,0.005681353000408227
TKM,Sixth,1620.0,0.629,17.936716775727163,26.5378103150525,34.41199846790334,50.17648176531466,0.016278499251061354,0.015196638320537187,0.01415660990803077,0.011391525181026598
TKM,Seventh,1930.0,1.08,21.0752994137217,31.292800511168423,40.707037299698555,60.02367634625919,0.027185647859256153,0.025679352489981884,0.024210855763514366,0.02019786585313986
TKM,Eighth,2460.0,2.33,26.574249613913654,39.598930147113386,51.65383095207959,77.10075644438636,0.056887872197534745,0.054449190030193405,0.052030833563360836,0.04519825477459367
TKM,Ninth,3050.0,4.58,32.42235631765939,48.51891878717704,63.48804700818,96.21263759884323,0.10730450428507878,0.10444748316132181,0.10153714312810296,0.09287789798343707
TKM,Tenth,5700.0,36.6,60.07336266844941,90.06202720439238,116.90608747865494,181.80903347684287,0.7748253673841795,0.7842272633416703,0.7934854905062554,0.8193446742467889
TLS,First,191.0,0.0822,0.8305306703526638,1.3484743390289493,2.2083094253359277,8.194615719161586,0.0006435693081465578,0.0007834197216694367,0.0011313243858268372,0.0033651345893618767
TLS,Second,279.0,0.28,1.331413543724207,2.137659593450523,3.4178276982626086,11.751909621951793,0.0028139786939300605,0.003294981509934208,0.00441952248270084,0.010435981746108833
TLS,Third,316.0,0.423,1.5847473328580604,2.5271197965827996,3.985243304690764,13.129165348689124,0.004860722954343624,0.005564932011845714,0.007152757945330302,0.014804718025811918
TLS,Fourth,372.0,0.727,1.9450544230503735,3.08506346985836,4.811219406867833,15.3121976840491,0.009256647244529907,0.010408988620456605,0.012931460488378715,0.024095278325449665
TLS,Fifth,414.0,1.05,2.2489155214177092,3.5493863815796005,5.480137524703331,16.91293642455115,0.014622508993218644,0.016179434819183776,0.019495155437490204,0.033053214834501805
TLS,Sixth,477.0,1.69,2.6854653712336614,4.217855499176794,6.4477987624397,19.308011325889602,0.02559050897305064,0.027875487683730524,0.03260761378722813,0.05045218896850368
TLS,Seventh,528.0,2.4,3.0787414609568757,4.810711491730448,7.278873119489339,21.134972611144285,0.03940906257736776,0.042237498766078886,0.04791461478409642,0.06743603450062004
TLS,Eighth,621.0,4.21,3.7779043678486244,5.867954572674439,8.771674319913101,24.5878842028981,0.07530679861364221,0.07925929580693374,0.08687539899136955,0.10996947531133207
TLS,Ninth,694.0,6.36,4.449676049079511,6.857981081208975,10.097419491691742,27.098000584674214,0.1265140062918652,0.13010868899356734,0.13650378387645767,0.1509810141988058
TLS,Tenth,1050.0,28.6,7.620826084049965,11.500571812287905,16.25862150326013,39.52305627870988,0.7009821963499054,0.6842872720665998,0.6509683678211213,0.5354069594995043
TON,First,178.0,0.0744,1.2598862728754094,1.6987012487616564,2.4302285089105427,7.009708797666512,0.0005760669898291025,0.000702402422369227,0.0010175088757393333,0.0030567729280958694
TON,Second,264.0,0.259,2.0291169943461775,2.704660021457042,3.777254073368761,10.095628187656263,0.002574062016209624,0.003018784138428058,0.004061226536686227,0.009682698487490647
TON,Third,300.0,0.396,2.4230859153064728,3.207474635922666,4.417682316088152,11.31191911709876,0.004502660116478111,0.005162678344284493,0.0066547309141568286,0.01390196728049997
TON,Fourth,356.0,0.686,2.981054215885563,3.9242472736512886,5.343867573230774,13.215027296212993,0.008661456034109196,0.009753588091742562,0.012150511042220617,0.02284350760152397
TON,Fifth,398.0,1.0,3.4547367473107067,4.52466095366911,6.098759615029553,14.621390163429156,0.01380656121101092,0.01529748216553912,0.018481116389549395,0.031606437019475096
TON,Sixth,461.0,1.63,4.134130883041819,5.38704390428141,7.1867305090375,16.709622411604236,0.02437522063271591,0.02658642511362941,0.031178569090562474,0.04864706297278586
TON,Seventh,512.0,2.33,4.750865859261587,6.1575581585836066,8.127662111906993,18.31662289383657,0.03787985140396373,0.040649193795547024,0.04622471134952101,0.06558601122714415
TON,Eighth,605.0,4.11,5.844316335461451,7.526244513279894,9.80694370640491,21.316886049159592,0.07312435810105775,0.0770530583211166,0.08465162379650176,0.10798906426339977
TON,Ninth,682.0,6.29,6.907677932415535,8.822524921025707,11.313310286564512,23.529932405177213,0.12444975594117937,0.12812508430210573,0.13471018519823688,0.15009156907115817
TON,Tenth,1040.0,29.1,11.913296192921626,14.845667676390688,18.161661020069797,34.07486104053122,0.7100500075534464,0.6936513033052378,0.6608698168068255,0.5465949091484265
TUN,First,284.0,0.0366,2.650092799219555,3.4086019045442777,4.688523330102039,10.44097388853866,0.00026269389618167367,0.00032376693113871525,0.00047893501316897627,0.001541352812865238
TUN,Second,445.0,0.147,4.479386108495072,5.696797899691739,7.649758974272678,15.783699365517846,0.0013639566495487012,0.0016161212806702753,0.0022181670322204442,0.0056505089167050125
TUN,Third,523.0,0.243,5.500682017272153,6.947321582722446,9.199309496764975,18.173737990128306,0.0026045850736345737,0.0030156427930080384,0.003961908103216667,0.008817252504347067
TUN,Fourth,635.0,0.451,6.9198421783364985,8.692001958552966,11.380721079131279,21.713847705526245,0.005373987752690078,0.0061082747091337035,0.007749317204805166,0.015483119422815833
TUN,Fifth,729.0,0.697,8.181145009487077,10.224651088113117,13.252408877876787,24.510885064650438,0.00912327736493487,0.010199128127885308,0.012538999620383776,0.022739127006142498
TUN,Sixth,863.0,1.2,9.981125754541917,12.412965917222012,15.928945447960176,28.584089938691832,0.017121331275605955,0.0188347427461388,0.022461122953192986,0.03708116502940723
TUN,Seventh,982.0,1.82,11.701731103950088,14.476915503310606,18.385888095753316,31.983481317494608,0.028344962360541816,0.03066590433645443,0.035434248096540624,0.05307586870215152
TUN,Eighth,1190.0,3.44,14.720888753988692,18.102301059880414,22.71449719385339,38.15568129501224,0.05873712510432327,0.06237037198380954,0.06956544396114565,0.09344508192136605
TUN,Ninth,1390.0,5.73,17.90230387293782,21.841043418648198,26.98867956034522,43.38808099865147,0.10942014255995318,0.11345208306358417,0.12096276822370816,0.14143160632373394
TUN,Tenth,2320.0,32.1,32.96174176540553,39.33732971088685,46.64019653395541,68.02577484637561,0.7676479379625859,0.7534139640281771,0.7246290897916176,0.6207349173604656
TUR,First,383.0,0.00905,5.43300627707886,6.413733150811077,7.510347663297344,11.406167386099066,0.00027602475981902057,0.00023823205815701412,0.00020486885112504572,0.0001296861738818106
TUR,Second,661.0,0.0492,9.09843132377565,10.84530884332069,12.818217486058272,19.99966140897935,0.0014199146813993772,0.0012597782285069519,0.001114198316060676,0.000767106173638163
TUR,Third,823.0,0.0966,11.130012218274203,13.338653671794141,15.848679777681197,25.120246021963904,0.002696690109635536,0.0024316373725723887,0.002186461179090643,0.0015818995170374308
TUR,Fourth,1050.0,0.204,13.952050666376206,16.79318544428551,20.036483762394862,32.15929021501963,0.005539812617699614,0.0050604381410271175,0.004610714151105582,0.003470876810505328
TUR,Fifth,1250.0,0.354,16.450898345773936,19.87593393576848,23.80145425819788,38.63341301963712,0.009367989662343198,0.008657590005727607,0.007982438061592004,0.00622736380947767
TUR,Sixth,1540.0,0.679,20.014418356790095,24.26877173826283,29.160778006115315,47.84711943884724,0.017513866272352206,0.01636953139776908,0.015267798214512046,0.012330278289875391
TUR,Seventh,1820.0,1.15,23.407960218895205,28.486891407674875,34.34641588223933,56.98608887500596,0.02888083384495642,0.027311446628602427,0.025779080957506716,0.021579259463528955
TUR,Eighth,2310.0,2.45,29.360690406560533,35.86922061561271,43.393753685662546,72.88388409586649,0.05958402568812492,0.05708968359042641,0.05461193873273067,0.047589242708802375
TUR,Ninth,2850.0,4.72,35.59999905014907,43.69823817052316,53.08349565358463,90.54072569174419,0.11037463996250772,0.10753749966029762,0.10464055919115145,0.09598394262811663
TUR,Tenth,5350.0,36.1,65.08243504951022,80.44304998455796,97.8655005238523,172.05436748191414,0.764346202401162,0.7740441629169134,0.7836019423451251,0.8103403444251362
TWN,First,841.0,0.0541,10.343213078686476,12.427673378882709,15.415304205456971,27.422381653775005,0.0004039875375292015,0.0004951526895617838,0.0007244061305753282,0.0022451622054582283
TWN,Second,1290.0,0.201,16.98782165260987,20.177127382000418,24.4392601681649,40.33419865174825,0.0019333096128234483,0.0022785578814946725,0.00309443740310784,0.007603469250923796
TWN,Third,1500.0,0.318,20.529336494598137,24.214351996532,28.927636169378452,45.750963111552416,0.0035196735641844406,0.004054537931045604,0.005273407829898158,0.011339412302066346
TWN,Fourth,1800.0,0.569,25.4927167538242,29.90287007645947,35.32877395270508,53.99994375543495,0.006990138439490738,0.007906770958370153,0.009934734800997274,0.01920569835401376
TWN,Fifth,2050.0,0.851,29.79666374107557,34.7748650235279,40.67589844120869,60.30569360349723,0.011466729678796351,0.012759363110653373,0.015542164557535997,0.02730584843453666
TWN,Sixth,2410.0,1.42,35.94935972045551,41.74774420393173,48.352869978876925,69.59317024816013,0.020815189467869116,0.02279626897336598,0.02694541973644411,0.04315014270589342
TWN,Seventh,2720.0,2.09,41.67144350816357,48.140003985428095,55.189460333838156,77.04781986212043,0.033292927121277155,0.03586583620905997,0.041093411502118087,0.059784387787846484
TWN,Eighth,3280.0,3.8,51.75696748167853,59.42855792170554,67.32525086264903,90.82223020469219,0.06637750076177464,0.07019976117455881,0.07767350180855058,0.10148933686456285
TWN,Ninth,3780.0,6.05,61.945864880426356,70.57023797783492,78.75436639598735,101.76558801425743,0.11771164220040138,0.12159524312206572,0.12868878141768694,0.14664566143182936
TWN,Tenth,6140.0,30.5,109.94065675414255,122.57864974023717,131.48636958088375,154.61070077721106,0.7374889016158535,0.7220485079498239,0.6910297348130857,0.5812308806628691
TZA,First,123.0,0.0269,0.5370301361309521,0.8022790392277214,1.2962216747995192,5.387750824828115,0.0002040325977679539,0.00022448922181459832,0.0002950595961890225,0.0011447902761490343
TZA,Second,194.0,0.113,0.9266573179056324,1.3795664262014093,2.1930869378998117,8.345849128477603,0.0011104922637318036,0.0012003305514185205,0.0014988956931852753,0.004461375533330652
TZA,Third,229.0,0.194,1.1501369123504035,1.7078226317880139,2.6891205691010023,9.732983080485807,0.0021801623269751126,0.002332035548554429,0.0028258049909673276,0.007210498994704036
TZA,Fourth,279.0,0.369,1.459778330181619,2.1634112357334643,3.3807099510598886,11.75567914312527,0.004599074443406588,0.004878508368402158,0.005770982088999112,0.01302144616534901
TZA,Fifth,321.0,0.584,1.7389380446938485,2.572176224553424,3.9919887772505303,13.39446407905659,0.007964844797371683,0.008385524908297267,0.009707393887924302,0.01961132532678119
TZA,Sixth,381.0,1.03,2.1374181992993893,3.1557773163575873,4.865100316335142,15.769607073091088,0.01523889447123145,0.015927290922629705,0.018055516479640186,0.032770356379384864
TZA,Seventh,435.0,1.61,2.524315537094222,3.7192335502651144,5.693897665367082,17.811602507166743,0.02573858420770649,0.02669894768591378,0.029616164141593855,0.048105765533078736
TZA,Eighth,530.0,3.13,3.2024480254856393,4.707123718972402,7.149051497980888,21.492486819078312,0.05454587428705608,0.0561044274723728,0.0607382282943289,0.08712466091213908
TZA,Ninth,620.0,5.43,3.9340371969358787,5.763121652727525,8.663593860336121,24.770888307787096,0.10456222545123486,0.10639505020539895,0.11166106896841846,0.1367009604507064
TZA,Tenth,1050.0,33.4,7.419048109248541,10.761382031047376,15.75116495122259,40.28828306597578,0.783855815153518,0.7778533951151978,0.7598308858587536,0.649848820428377
UGA,First,83.8,0.00606,0.3430026687160002,0.5217003243824324,0.8512886324922547,3.59874965563785,5.054613759679736e-5,6.595609782271628e-5,8.04364026585285e-5,0.00022367918428441296
UGA,Second,145.0,0.0344,0.6433690533574241,0.9660892530745273,1.5595977408252597,6.189938192244529,0.0003538456216178527,0.0004405220591379602,0.0005185807312040137,0.001196804529792088
UGA,Third,181.0,0.0698,0.8382115733835224,1.248420404321181,2.002290919862943,7.66388219269056,0.0008067039776297308,0.000976475953551558,0.0011255286012019795,0.0023261060494579643
UGA,Fourth,230.0,0.152,1.1058135717023028,1.6365011604782094,2.6112423201251036,9.709474406142942,0.0019180549981966766,0.0022700344792162736,0.0025727544626471034,0.004867645125639922
UGA,Fifth,275.0,0.271,1.3635549079643567,2.0060609715028526,3.1859789036554194,11.545179709793953,0.003699197581554946,0.0042902630376052305,0.004789131397645948,0.008369234814477019
UGA,Sixth,338.0,0.536,1.732876995503061,2.534992683065401,4.007827030020347,14.166020328436062,0.007856187150814915,0.008934237702817125,0.009827335370519127,0.015900739170397915
UGA,Seventh,401.0,0.938,2.1182145848628284,3.080045007401629,4.846451229842089,16.696904181926513,0.014784976424068442,0.01647493865165886,0.017847371179130614,0.02666206332771805
UGA,Eighth,510.0,2.08,2.7926293395408908,4.03342084147166,6.312534866487783,21.13401288932896,0.03537170395369818,0.03852520709431483,0.041026555311548286,0.05604488079811976
UGA,Ninth,629.0,4.24,3.602749175804208,5.157355614989906,8.01515466918066,25.87836140716347,0.07916322966008742,0.08374169089752057,0.08725051696852248,0.10632560509500553
UGA,Tenth,1200.0,37.5,7.625477570093228,10.671903737413334,16.280006392416503,48.330829295738695,0.8559955544947351,0.8442806740263548,0.834961789574922,0.7780832419051072
UKR,First,689.0,0.283,7.730094381731118,9.823466769685025,12.222297841601836,23.088684569021105,0.006120523923756529,0.005980004673019899,0.005946098454743498,0.006376337165860273
UKR,Second,936.0,0.763,10.540230023977312,13.40974252269708,16.66962971319879,31.301788015710635,0.016560563644796824,0.016268891500294487,0.0161982387997924,0.017086961069081592
UKR,Third,1020.0,1.0,11.47470542212174,14.608574219042138,18.153959285034137,33.98005599536629,0.021755884133138864,0.02143817170978709,0.02136103423313333,0.02232636182054379
UKR,Fourth,1160.0,1.53,13.100717418025939,16.681961254565426,20.71117994542086,38.65174656958137,0.033306540082850264,0.03290016857767779,0.03280131248115449,0.0340330397048554
UKR,Fifth,1250.0,1.99,14.209239547974631,18.09767585750161,22.452797293416733,41.794963085158265,0.043246117108821265,0.04281196481296196,0.04270614672722884,0.044018945108608064
UKR,Sixth,1400.0,2.88,15.939640344568371,20.298553177652067,25.14811907441979,46.67702100811127,0.06258862077412365,0.06209163454465466,0.06197023838878025,0.0634690264852259
UKR,Seventh,1500.0,3.64,17.147135509118925,21.837019046258337,27.02524419322882,50.02442056016262,0.07917253540452773,0.07871622110017315,0.07860443650906067,0.0799756542499424
UKR,Eighth,1710.0,5.57,19.57972513371929,24.916579375563437,30.754674213399834,56.7069797757641,0.12138795445817098,0.12098466456383478,0.12088531783839769,0.12208878757241419
UKR,Ninth,1830.0,7.06,21.083352958080447,26.827232051036457,33.05360230223014,60.706843057504365,0.15409477083876216,0.15406210359337835,0.1540529085266092,0.1541330184435926
UKR,Tenth,2500.0,21.1,29.603709611105334,37.44076376441867,45.446730676934585,82.28309098253797,0.46176648963105177,0.46474617492421794,0.4654742680410996,0.4564918683798758
URY,First,463.0,0.0286,4.659244585938979,5.740985693625568,7.391313545378574,16.75129080951689,0.00021512722771381646,0.00024245050608462062,0.0003268026483113879,0.0012186426949513975
URY,Second,735.0,0.119,7.939832096692523,9.724722167821435,12.300136838908411,25.64569892402269,0.0011594241955167539,0.0012778891777878913,0.001628392729253717,0.004689025132858214
URY,Third,872.0,0.203,9.80571950665657,11.964591550431743,14.976445365760057,29.766081609376954,0.0022630908183268166,0.0024618466112681214,0.0030353972280315073,0.00752305243647077
URY,Fourth,1070.0,0.384,12.388297153146965,15.070871285182209,18.707867774471463,35.78263313091579,0.004751966810037011,0.005115418127220697,0.006143202729003616,0.013506607806480945
URY,Fifth,1230.0,0.606,14.706780446776328,17.841947860856873,21.981527078740175,40.624853524045115,0.008195449927654794,0.00873953552684867,0.01024982088205147,0.02023533464535298
URY,Sixth,1470.0,1.06,18.012283880137517,21.793280019820607,26.65221760023997,47.63781720495438,0.015616956046244905,0.016502290434015264,0.018914711628186618,0.03364119953564401
URY,Seventh,1680.0,1.65,21.208265839942648,25.58607814915464,31.05121279854912,53.62084598408906,0.026267069097769855,0.027494653342604106,0.030773105540222088,0.049124183660409104
URY,Eighth,2060.0,3.19,26.805529292028492,32.23103940962422,38.77051589950474,64.39646700596406,0.0554056384048233,0.057383086134373915,0.06253603465909312,0.08844492555904537
URY,Ninth,2430.0,5.49,32.809267799054275,39.27597456224423,46.71220907138997,73.87223028637115,0.10557719513185534,0.10787531001076145,0.11363204428238276,0.13773218317949085
URY,Tenth,4140.0,33.1,61.327709149819164,72.50196687479514,83.66862075164563,118.24093974092278,0.7805480823400573,0.7729075201290353,0.7527604876734637,0.6438848453492964
USA,First,550.0,0.00647,11.383870242081906,11.380872632072107,11.599340685693477,12.833645928815992,0.00017914174189884714,0.00015193635807253614,0.00013682250420344317,0.00011594921400793732
USA,Second,962.0,0.0376,19.586227779685384,19.79686343443554,20.313792085218733,22.69654367427906,0.0009987585715164721,0.000873112914326953,0.000801459670289166,0.0006999358861318994
USA,Third,1210.0,0.0767,24.332436321582225,24.74460369656183,25.487591779358837,28.640207061361156,0.0019888072907334057,0.0017699689231783053,0.0016432206272218074,0.0014608798872643395
USA,Fourth,1540.0,0.167,30.883957562192837,31.563158658191643,32.611153684667066,36.812503629430616,0.0042432644145519085,0.003830741998104855,0.003588793797115169,0.003236399378535654
USA,Fifth,1850.0,0.298,36.82034798329946,37.79405738732356,39.15504803344622,44.38012237242911,0.007423969546216266,0.006788959664631063,0.006412213579676024,0.005857240461134427
USA,Sixth,2290.0,0.585,45.281413602510284,46.67645333522658,48.48518385066016,55.172744900305034,0.01434521554095665,0.013282781290126321,0.012645199588172944,0.011695362906072366
USA,Seventh,2730.0,1.02,53.54750875080616,55.43486661072742,57.73793368545331,65.96985475218506,0.02447871127828027,0.022960518478145148,0.02203813491327415,0.02064724366501458
USA,Eighth,3500.0,2.23,68.00850727513435,70.74783236105014,73.91019560226209,84.83319301797273,0.05247504464566408,0.049938367697616455,0.04837415833006859,0.0459807828381193
USA,Ninth,4350.0,4.46,83.76967245534792,87.67105713185967,91.9368836979133,106.13638759402335,0.10207758201451503,0.09895524453793456,0.09698545621166876,0.09390373164605491
USA,Tenth,8450.0,37.0,159.00310136190734,168.76812884866033,178.54447726256276,208.90916682370528,0.791789504955667,0.8014483681378638,0.80737454077831,0.8164024741176646
UZB,First,325.0,0.0336,3.5870737793211487,4.561338814934079,5.852269923199041,10.894629919196998,0.0008513911081962894,0.0007905774388370276,0.0007574156016016799,0.0006243254216973697
UZB,Second,516.0,0.143,5.615306152837071,7.179834188107347,9.237778512432225,17.407246772024727,0.0035220129394385935,0.00331908206514612,0.0032070240268822787,0.002746144393168715
UZB,Third,611.0,0.243,6.603221814021619,8.46743008503123,10.910498762157287,20.70239058183841,0.005891637262372909,0.0055997770301754665,0.00543742160062736,0.004759974965605387
UZB,Fourth,747.0,0.458,8.0218807068579,10.310108980635142,13.298172987383188,25.370978757258605,0.010936085420361064,0.010465422993590457,0.010202020589182436,0.009089845701548341
UZB,Fifth,861.0,0.715,9.19491401533776,11.840671709183576,15.28481679794748,29.302957253412927,0.016882270166734385,0.01625495495777035,0.0159019082503202,0.014394686545582396
UZB,Sixth,1020.0,1.24,10.885069951919654,14.04173083982905,18.13533330361012,34.9266562725449,0.02889321977668514,0.02798524173017739,0.027471315992920093,0.02525246059952843
UZB,Seventh,1170.0,1.89,12.374073155745021,15.989993031805266,20.66125811964767,39.977470477600114,0.0434784486386904,0.042371871316026405,0.041741512960922635,0.03898547329672061
UZB,Eighth,1430.0,3.56,15.035866887237699,19.459778235176458,25.13902729127404,48.87738194648567,0.08095974721928088,0.07944440511296068,0.0785739630414476,0.07470551117524735
UZB,Ninth,1670.0,5.9,17.50506431698755,22.699234850567375,29.31842820961762,57.35222457759408,0.13159779988863687,0.13027247524710564,0.1294987326355258,0.12595090580704707
UZB,Tenth,2780.0,31.7,29.177668190186544,37.8049668240248,48.33365337527547,95.28068628746084,0.6769873875796034,0.6834961921082104,0.6872086853005699,0.7034906720938543
VCT,First,201.0,0.00862,2.0141595562442145,2.348005175057837,2.9570908559238496,7.4065537694867025,5.512838857766053e-5,6.937128027301597e-5,9.928622632107311e-5,0.00036777686460078663
VCT,Second,346.0,0.0452,3.7455550642001323,4.3181583110246615,5.327454543258318,12.307543128097848,0.0003800707896681121,0.0004591964364434415,0.0006163818534702933,0.001791881546895229
VCT,Third,429.0,0.0878,4.859483526401401,5.562882842255907,6.779951588405837,14.950440176396986,0.0008586028207801369,0.0010124375632726331,0.0013080705580694092,0.0032965695979201644
VCT,Fourth,544.0,0.184,6.388428147167888,7.272669924656456,8.77794696274325,18.647418374709137,0.002026549854075475,0.0023435709952926314,0.0029367104993933925,0.006602117252545527
VCT,Fifth,648.0,0.32,7.854663033364864,8.896048518186145,10.643553379912719,21.87024547045619,0.0038827643913280927,0.004412201735934414,0.0053788923685520375,0.01091206494723877
VCT,Sixth,796.0,0.615,9.953597385803306,11.217400974182675,13.306530546263946,26.471182491146052,0.008193483597410605,0.009153877697264192,0.010865686146705696,0.01995343866662281
VCT,Seventh,940.0,1.05,12.13369382501063,13.602004295060649,15.991919136034932,30.770051276058854,0.015317895076073968,0.016814668510159968,0.01941478798695221,0.03215685009240927
VCT,Eighth,1190.0,2.26,15.946446298183478,17.76888838187493,20.67795941073369,38.31509073957359,0.036375347958077835,0.039149165730230265,0.043823392195568515,0.06465788786198537
VCT,Ninth,1470.0,4.45,20.4965408952814,22.65719927751908,26.019583614030676,45.96921043999371,0.08063983847646658,0.08462682837899574,0.09105319881564468,0.11590747813381666
VCT,Tenth,2760.0,36.8,42.98042670338915,46.466133140745065,51.425549126183945,81.08691697621813,0.8522703186475414,0.8419586816721337,0.8245035933493227,0.7443539350359655
VNM,First,243.0,0.015,1.4718421256947647,2.1418257865712262,3.145306210358765,9.934218041038688,0.00010181427771814684,0.0001181759264119377,0.0001523499588136542,0.0006324634853705827
VNM,Second,400.0,0.0702,2.6517449376894042,3.834597189548145,5.548364692408716,15.996380356328551,0.000629219229927331,0.0007109224678460483,0.0008750539201868326,0.002774883543305328
VNM,Third,485.0,0.128,3.3736909034811826,4.857469758386443,6.966778323959348,19.066520774903662,0.0013317245193156192,0.0014807801659325673,0.0017733817310594524,0.004802704650046021
VNM,Fourth,603.0,0.256,4.367487586525047,6.267254935360848,8.925174969093602,23.423121364730115,0.0029833813394825478,0.003275123378036814,0.003837224791938763,0.009160652739441886
VNM,Fifth,706.0,0.425,5.294947733407161,7.573672475836607,10.71624978060751,27.0917655377521,0.005453797251430138,0.0059186078741432484,0.006799008987884729,0.014491476015960863
VNM,Sixth,854.0,0.784,6.619841906601922,9.43881060721506,13.26949468527224,32.340747888625806,0.010996315512957159,0.011801045618329634,0.01329971149758444,0.025396198339443624
VNM,Seventh,991.0,1.28,7.955716743411692,11.30394367840418,15.783970533539442,37.04931963942096,0.019609967959926,0.020803031245739845,0.0229848930317954,0.03916574800384128
VNM,Eighth,1230.0,2.63,10.291444568832912,14.561899159533125,20.16608865697923,45.339229042521055,0.04416743144978852,0.04625098962582108,0.049979462272726434,0.07496171436475323
VNM,Ninth,1480.0,4.89,12.957788361506703,18.229815349178132,24.974567574820018,53.20266436311091,0.09151250604813908,0.09425584033176912,0.099006532828236,0.12619136132688566
VNM,Tenth,2580.0,35.4,25.85648085904702,35.663374351052646,47.066332170634404,87.91628235818484,0.8232138424113155,0.8153854833659698,0.8012923809797743,0.7024227975309515
VUT,First,191.0,0.0295,1.0842227104636126,1.5334435474798565,2.264760389223387,7.829368289415776,0.00022045722523781876,0.00025122053777344836,0.00034256551493887916,0.001254327441771279
VUT,Second,299.0,0.122,1.8552727983038035,2.607881000818117,3.7805386974395954,12.015599168544238,0.0011827549988807893,0.0013153440102277193,0.0016917501981956163,0.004797920499477829
VUT,Third,352.0,0.208,2.2936310678597183,3.2111287657331324,4.604527059993355,13.949452350861556,0.00230245493968436,0.002524128088935599,0.0031370466428234435,0.007671681929247128
VUT,Fourth,428.0,0.392,2.9012505104299895,4.049212736041441,5.75583768681531,16.77987958494388,0.004824278154593337,0.005228482850313949,0.006322439349689234,0.013736198682050269
VUT,Fifth,492.0,0.617,3.4465301195249274,4.796175527263425,6.7641761369702795,19.05420582931362,0.008304152885444062,0.008907665312266836,0.010509303244864276,0.020529289082902663
VUT,Sixth,583.0,1.08,4.224590588379887,5.862299528134742,8.204333143942698,22.35175021171051,0.015794574990462714,0.016774045602690215,0.019323020063745075,0.03404951081310943
VUT,Seventh,663.0,1.67,4.976336534306615,6.884281210452936,9.557652964836924,25.158831317134364,0.026514464003991923,0.027868731578424923,0.0313189477228528,0.04959913617321956
VUT,Eighth,807.0,3.22,6.29409230794873,8.676751338694087,11.935449462024478,30.220959187421606,0.05580634382868494,0.05798032662795784,0.06337668142004227,0.08905619298548297
VUT,Ninth,942.0,5.52,7.7055328291306395,10.572540627054137,14.372243816976988,34.65445924101093,0.10604694869468344,0.10855956670721703,0.1145400779033706,0.1382020696416925
VUT,Tenth,1570.0,33.0,14.416508327614627,19.523197829139274,25.720318990075103,55.42317761105535,0.7790035702783366,0.7705904886841923,0.7494381679394778,0.6411036727510463
WSM,First,101.0,0.00736,0.7212024791879879,0.9887204985985999,1.3527326386966103,3.8928722296483422,5.359882505456942e-5,7.195619333040792e-5,8.876202124649213e-5,0.00028024151189399624
WSM,Second,174.0,0.04,1.3422352805885416,1.8125756601626533,2.450852401161398,6.5724720720420455,0.00037136293090384183,0.00047321763084552817,0.0005622550464330116,0.0014375022704946991
WSM,Third,216.0,0.0791,1.7425797570947812,2.33126578808563,3.1299364111388384,8.058188778063231,0.0008414247633376698,0.001039308782489897,0.0012075766330538818,0.002725529658966055
WSM,Fourth,274.0,0.169,2.291967851576943,3.0436036275550027,4.0630211232909765,10.122828668230069,0.0019907312258798868,0.0023983053811081193,0.0027372029904850865,0.005591576095385437
WSM,Fifth,327.0,0.297,2.8193865358762533,3.718599920244257,4.938277729176519,11.947955073689139,0.003822303461959576,0.004502640664662427,0.005056879541748579,0.009444162512122987
WSM,Sixth,401.0,0.578,3.5743909450675604,4.683248347291684,6.1869575081458965,14.545356516608884,0.008082646750785722,0.009316207518699715,0.010300962948668108,0.0176357068221123
WSM,Seventh,474.0,0.998,4.359488276451015,5.671871668436498,7.451686240511551,17.007512804809515,0.015143209576092937,0.017064810541437592,0.018565918690385368,0.029046653442434487
WSM,Eighth,601.0,2.18,5.732306280787963,7.397732511303757,9.653579309649581,21.29648875405511,0.03604732451425855,0.03960654592056646,0.04231633987790642,0.05984509809579108
WSM,Ninth,738.0,4.35,7.373185164002208,9.413874368571527,12.17460010043849,25.729125393561997,0.08015927452497072,0.08527145149131717,0.0890195626943887,0.11066707026106727
WSM,Tenth,1360.0,37.1,15.47516039092819,19.13784300625846,23.93490415662792,45.33914295468259,0.8534881234267566,0.8402555558755427,0.8301445395556843,0.7633264593297316
YEM,First,63.8,0.0362,0.4276882182564399,0.5702055677294805,0.8271431119927556,2.6239292266964527,0.00026003360214569757,0.00031904467751965365,0.0004697573749341356,0.0015230679571251824
YEM,Second,99.5,0.145,0.7283956046997008,0.9610426887078057,1.3609367004769324,3.990872608162583,0.0013527230527754042,0.0015969859382022496,0.002183805132092796,0.005597331866951094
YEM,Third,117.0,0.241,0.8968568810607658,1.1755186074516828,1.6415526678469605,4.604567238617545,0.002586029931950822,0.0029847953895027874,0.003909033695806499,0.008746686481730173
YEM,Fourth,142.0,0.447,1.1312137624817642,1.4750758247967168,2.036894851313198,5.513672470954731,0.0053404859056491805,0.006053669986132117,0.007659206690816577,0.015376616185860555
YEM,Fifth,162.0,0.692,1.3398450192335813,1.7387484954080121,2.3768605470263195,6.233175320126968,0.009073708027692416,0.010119792691524564,0.012412581477965461,0.022605707741366454
YEM,Sixth,191.0,1.19,1.6378492331197898,2.1155620123153263,2.863358284146993,7.281227552505757,0.017041609333571673,0.018709455811456232,0.02226838875041062,0.036899972166141826
YEM,Seventh,217.0,1.81,1.9231258937699456,2.471592417535231,3.3108557312366975,8.157297212296937,0.02823581933350718,0.030497756780986447,0.03518538643262412,0.05287049300633667
YEM,Eighth,263.0,3.42,2.424081332583865,3.09738541507412,4.099501766979682,9.747727228732794,0.058564028104425285,0.062110150031472584,0.06919844465550648,0.09318999954929355
YEM,Ninth,306.0,5.72,2.952889200792545,3.744142957574232,4.880186574945654,11.098752695247454,0.10922394581627082,0.11316872474659975,0.12059465437252863,0.14125098717698698
YEM,Tenth,504.0,32.1,5.459726798256648,6.773503620655143,8.46763770989708,17.450916200345223,0.7683216168920115,0.7544396239466036,0.7261187414173148,0.6219391378682075
ZAF,First,35.1,1.0e-5,0.4032810757273326,0.4919652570138183,0.6260071493267559,1.1688070705816704,1.5019029877995005e-7,1.7180967262659755e-7,2.061449565000134e-7,2.820419991396895e-7
ZAF,Second,90.6,0.00017,1.057628402792657,1.2916285923547788,1.631246080431394,2.9882944561103915,2.715424589486016e-6,3.0429668989339787e-6,3.550308530357598e-6,4.627979480813017e-6
ZAF,Third,142.0,0.000671,1.6765447537950944,2.044377269969885,2.5687796548091,4.655092209773175,1.1111078323655898e-5,1.2290058110316422e-5,1.4087677618035121e-5,1.781185222163471e-5
ZAF,Fourth,217.0,0.00247,2.585134401398989,3.1483065007020077,3.9398746244731275,7.079046918675737,4.2267253537206577e-5,4.626355880067145e-5,5.2279738428339694e-5,6.449477638568898e-5
ZAF,Fifth,304.0,0.00709,3.6605994444567043,4.450923466341529,5.549185448458549,9.896260997367378,0.00012447957424167557,0.00013496412369807254,0.0001505670281882382,0.00018167397857981848
ZAF,Sixth,438.0,0.0221,5.315569548374505,6.452735791890688,8.015741640781751,14.192831571153656,0.0003987155701333171,0.0004283377375248775,0.000471927236929426,0.0005572959134732289
ZAF,Seventh,608.0,0.0621,7.451313151488939,9.02701634912264,11.170179018124815,19.633947863909178,0.0011492088510035795,0.0012228487823107309,0.001329940245394829,0.0015358032988733315
ZAF,Eighth,925.0,0.233,11.446413620451324,13.833994743013168,17.042440251295623,29.712981984997686,0.004436680487309691,0.004670554485661955,0.005006121313326,0.005637627529487252
ZAF,Ninth,1430.0,0.927,17.938197452406058,21.600153961422503,26.44816274989307,45.640060035345115,0.018341485673444537,0.019043450270882695,0.020032795980844526,0.021842882753375533
ZAF,Tenth,4730.0,44.6,62.53109633965719,73.99744282157114,88.24684785690417,148.3976862093052,0.975493185897118,0.9744380762064391,0.9729385243257838,0.9701574998761235
ZMB,First,43.2,0.000116,0.20840184012818433,0.32339692860864167,0.5206103677561535,1.8137652574332788,1.839861277068384e-6,2.061908351334083e-6,2.40696654518925e-6,3.1442544501668713e-6
ZMB,Second,97.9,0.00134,0.4811330592951434,0.7478041205133329,1.1965629038383523,4.0994174918894135,2.2455865705148688e-5,2.470809703181961e-5,2.8130493133520103e-5,3.5186521001297157e-5
ZMB,Third,142.0,0.00414,0.7051639786346354,1.0948240028848655,1.744399106260613,5.920018443802573,7.183583332211649e-5,7.814698513792396e-5,8.760563539347537e-5,0.0001066834436134484
ZMB,Fourth,203.0,0.0126,1.0219072465897254,1.5853464940686834,2.5175511416697294,8.480232712707645,0.00022414890971072978,0.00024162285806442186,0.00026752123259784463,0.00031884140300474106
ZMB,Fifth,270.0,0.0303,1.3685444704306458,2.120612378044846,3.357033082744052,11.234053590633913,0.0005521599158846605,0.0005903232866795386,0.0006463174348121016,0.0007555119410594377
ZMB,Sixth,368.0,0.0797,1.8834161502951123,2.915074772717273,4.600774022942049,15.299552540050398,0.0014869790231504787,0.001577095402516922,0.0017080156029392539,0.0019593540358002733
ZMB,Seventh,483.0,0.187,2.4969242006957306,3.8585903398606267,6.0700623970488445,20.05646825735683,0.0035798792170617265,0.0037654727749261672,0.004032316231303598,0.004536238153355189
ZMB,Eighth,689.0,0.576,3.6044721744380337,5.560275848324225,8.71480202566421,28.59054663233372,0.011290437705834891,0.011765697373404953,0.012440927279342146,0.013692233975439215
ZMB,Ninth,982.0,1.78,5.2133912987957345,8.01917810505057,12.505849782228285,40.66021279369792,0.03599676905274696,0.037066526894666496,0.03856220333895403,0.04126433460279171
ZMB,Tenth,2650.0,43.2,14.656750666956265,22.316435112117865,34.23867295071166,108.87121199369632,0.9467734946153061,0.9448883444192203,0.9422245557849789,0.9373284716694845
ZWE,First,92.8,0.0193,0.5573732959854787,0.764370403807782,1.1484649688865343,3.8306639414139845,0.00012367392960443475,0.00015782080129918342,0.00019988111658869639,0.0007867819918318551
ZWE,Second,151.0,0.0862,0.995476071366734,1.349046004494665,1.9994964231560457,6.101441304619448,0.0007378833047053066,0.0009006343995339406,0.0010920498362387415,0.003306308601813719
ZWE,Third,181.0,0.153,1.2592015339509484,1.6934910470768059,2.4897057355757273,7.223110210522103,0.0015294370031392233,0.0018182609099658814,0.0021487729653542923,0.005581313845175667
ZWE,Fourth,224.0,0.298,1.622928751403579,2.169786223328308,3.1693934872262965,8.831405690201098,0.0033695246657092365,0.003922323846060043,0.004541002173791607,0.010435526911956554
ZWE,Fifth,261.0,0.485,1.9593963366844593,2.605213998973879,3.7831562213772605,10.170065473423199,0.006067804771635425,0.006930711002787696,0.007876976374993934,0.016214955893155334
ZWE,Sixth,314.0,0.878,2.4400254608935126,3.22703475873088,4.659295908919898,12.097855327024707,0.012057293174812763,0.013521241548702684,0.015094382787856743,0.027927122935649674
ZWE,Seventh,362.0,1.41,2.919947798475961,3.83972408318556,5.510580970875054,13.807032233419113,0.021179678106530545,0.02330327806819793,0.025535880048172917,0.042300732558358485
ZWE,Eighth,448.0,2.83,3.7597064534968787,4.912020433029459,7.000305118430156,16.85426575362792,0.04690201507491471,0.05051512582131673,0.05421472613731385,0.07934643580742282
ZWE,Ninth,533.0,5.1,4.704442311587186,6.09335453964937,8.605321434370477,19.70374516779192,0.09509977893933734,0.0996729157219028,0.10416871776799591,0.1301858432870051
ZWE,Tenth,934.0,34.6,9.257200280331276,11.710831924478306,16.114144795597884,32.997575737468274,0.8129329110296111,0.7992576878802331,0.7851276107916932,0.6839149781676309
