"time","regionwpp","gini_cons_rwpp"
2020,Australia and New Zealand,30.131334684053535
2020,Caribbean,56.46580826000793
2020,Central America,52.189767784928165
2020,Central Asia,41.287228436682
2020,Eastern Africa,48.94330403687661
2020,Eastern Asia,50.18333645447015
2020,Eastern Europe,35.558119205812844
2020,Middle Africa,57.9840974309171
2020,Northern Africa,37.8615815188315
2020,Northern America,36.60233570390496
2020,Northern Europe,27.60353094532384
2020,Oceania,52.80834526443279
2020,South America,51.16595386316121
2020,South-eastern Asia,44.92780801089218
2020,Southern Africa,65.37518579212423
2020,Southern Asia,37.42358790071947
2020,Southern Europe,30.138716781177877
2020,Western Africa,48.52443178594825
2020,Western Asia,49.85083202569385
2020,Western Europe,24.63375392943341
2021,Australia and New Zealand,30.173684864411676
2021,Caribbean,56.47477729679302
2021,Central America,52.081548270297695
2021,Central Asia,41.37097150967364
2021,Eastern Africa,48.84336815008723
2021,Eastern Asia,49.59515978341713
2021,Eastern Europe,35.56742138958775
2021,Middle Africa,57.64839872739991
2021,Northern Africa,37.73849304157615
2021,Northern America,36.78570232123634
2021,Northern Europe,27.66747821429334
2021,Oceania,52.439843831905364
2021,South America,51.19405846588165
2021,South-eastern Asia,44.889306372775906
2021,Southern Africa,65.37608618586441
2021,Southern Asia,37.65690143966651
2021,Southern Europe,30.169600265966068
2021,Western Africa,48.5547774546788
2021,Western Asia,49.98827831153676
2021,Western Europe,24.72258512268901
2022,Australia and New Zealand,30.222252472390032
2022,Caribbean,56.48171740865813
2022,Central America,51.96435646083586
2022,Central Asia,41.44616231407774
2022,Eastern Africa,48.7490831101546
2022,Eastern Asia,49.03440443529945
2022,Eastern Europe,35.58262709656539
2022,Middle Africa,57.30304310231169
2022,Northern Africa,37.61855027680827
2022,Northern America,36.96588007345078
2022,Northern Europe,27.74903601582679
2022,Oceania,52.10044166855674
2022,South America,51.23656195386488
2022,South-eastern Asia,44.8658108187864
2022,Southern Africa,65.38544128330895
2022,Southern Asia,37.8907606350694
2022,Southern Europe,30.206991919407855
2022,Western Africa,48.59273037587393
2022,Western Asia,50.122262341825774
2022,Western Europe,24.813945825535555
2023,Australia and New Zealand,30.26895160693943
2023,Caribbean,56.48625731477033
2023,Central America,51.828256490617264
2023,Central Asia,41.503224536927696
2023,Eastern Africa,48.65548878226562
2023,Eastern Asia,48.49652404509541
2023,Eastern Europe,35.59593383159552
2023,Middle Africa,56.93809856573182
2023,Northern Africa,37.503563056579914
2023,Northern America,37.135915500742115
2023,Northern Europe,27.831124735878277
2023,Oceania,51.7836448604541
2023,South America,51.27606211995044
2023,South-eastern Asia,44.83550810343537
2023,Southern Africa,65.39127993174772
2023,Southern Asia,38.11611437606253
2023,Southern Europe,30.240826870346638
2023,Western Africa,48.62586476287696
2023,Western Asia,50.25410838774462
2023,Western Europe,24.90232517070794
2024,Australia and New Zealand,30.31160417062404
2024,Caribbean,56.48312456124387
2024,Central America,51.670704792124766
2024,Central Asia,41.53937493611366
2024,Eastern Africa,48.55874297736946
2024,Eastern Asia,47.97953670459165
2024,Eastern Europe,35.60606589721793
2024,Middle Africa,56.56707560830192
2024,Northern Africa,37.38986500833601
2024,Northern America,37.294358027822305
2024,Northern Europe,27.912505271378762
2024,Oceania,51.48238954447919
2024,South America,51.30735643918243
2024,South-eastern Asia,44.79307676477937
2024,Southern Africa,65.38764017084588
2024,Southern Asia,38.329270953996186
2024,Southern Europe,30.270927136678694
2024,Western Africa,48.661471488434316
2024,Western Asia,50.37888461875255
2024,Western Europe,24.9867129582249
2025,Australia and New Zealand,30.350193616112264
2025,Caribbean,56.47513708834673
2025,Central America,51.49389674216209
2025,Central Asia,41.56690035882278
2025,Eastern Africa,48.45897299708
2025,Eastern Asia,47.47870671719099
2025,Eastern Europe,35.61402005272143
2025,Middle Africa,56.17578465549968
2025,Northern Africa,37.27784114635728
2025,Northern America,37.441841525340756
2025,Northern Europe,27.99705486683628
2025,Oceania,51.19641641942643
2025,South America,51.32947373361745
2025,South-eastern Asia,44.74026184496829
2025,Southern Africa,65.37466199968884
2025,Southern Asia,38.52798489427158
2025,Southern Europe,30.29710180659393
2025,Western Africa,48.70159125877258
2025,Western Asia,50.496147713840855
2025,Western Europe,25.066651761897774
2026,Australia and New Zealand,30.38736814847116
2026,Caribbean,56.46958058121001
2026,Central America,51.30374978664243
2026,Central Asia,41.61548945091642
2026,Eastern Africa,48.3546332879186
2026,Eastern Asia,47.01707129367989
2026,Eastern Europe,35.63840696367393
2026,Middle Africa,55.81439914478601
2026,Northern Africa,37.171420307277714
2026,Northern America,37.57960717574309
2026,Northern Europe,28.08321936428335
2026,Oceania,50.924005368609215
2026,South America,51.34416607991312
2026,South-eastern Asia,44.68187694319283
2026,Southern Africa,65.35575806928904
2026,Southern Asia,38.7097557767099
2026,Southern Europe,30.326543247471704
2026,Western Africa,48.72848362322273
2026,Western Asia,50.55883861527377
2026,Western Europe,25.14365803588987
2027,Australia and New Zealand,30.45409490952844
2027,Caribbean,56.46353306084393
2027,Central America,51.10915765183144
2027,Central Asia,41.65601890538504
2027,Eastern Africa,48.253233358794034
2027,Eastern Asia,46.577816839170794
2027,Eastern Europe,35.6626478830357
2027,Middle Africa,55.43632975650539
2027,Northern Africa,37.07120814555225
2027,Northern America,37.70517672633509
2027,Northern Europe,28.169477180942337
2027,Oceania,50.66942319407168
2027,South America,51.35934796577182
2027,South-eastern Asia,44.62154146254278
2027,Southern Africa,65.33486317085612
2027,Southern Asia,38.88491827764362
2027,Southern Europe,30.354642151134215
2027,Western Africa,48.75508801299233
2027,Western Asia,50.61577506394883
2027,Western Europe,25.22114822360244
2028,Australia and New Zealand,30.518263829156833
2028,Caribbean,56.452232987940576
2028,Central America,50.90232809523432
2028,Central Asia,41.68537205064897
2028,Eastern Africa,48.150208529455796
2028,Eastern Asia,46.157840717886955
2028,Eastern Europe,35.68438573508743
2028,Middle Africa,55.04543944589173
2028,Northern Africa,36.976848401733875
2028,Northern America,37.82169210424553
2028,Northern Europe,28.253166307882793
2028,Oceania,50.42902956595867
2028,South America,51.369020917700325
2028,South-eastern Asia,44.55756760170324
2028,Southern Africa,65.30934141071585
2028,Southern Asia,39.04565215788267
2028,Southern Europe,30.377479618100978
2028,Western Africa,48.77554863017792
2028,Western Asia,50.66516194883306
2028,Western Europe,25.29472143954088
2029,Australia and New Zealand,30.580068824150164
2029,Caribbean,56.43443214661339
2029,Central America,50.68523320169778
2029,Central Asia,41.6988763994226
2029,Eastern Africa,48.04640040008721
2029,Eastern Asia,45.74734099551705
2029,Eastern Europe,35.702976690662425
2029,Middle Africa,54.63672448499359
2029,Northern Africa,36.88784666400373
2029,Northern America,37.92960277122166
2029,Northern Europe,28.33425889158967
2029,Oceania,50.19980555947079
2029,South America,51.37304868140582
2029,South-eastern Asia,44.486963301766025
2029,Southern Africa,65.27993749195362
2029,Southern Asia,39.19440480092007
2029,Southern Europe,30.394968632762698
2029,Western Africa,48.791196554480365
2029,Western Asia,50.706901889842015
2029,Western Europe,25.364249989776155
2030,Australia and New Zealand,30.639453508748726
2030,Caribbean,56.15789703780294
2030,Central America,50.33100704738551
2030,Central Asia,41.65807191219173
2030,Eastern Africa,47.22598164447902
2030,Eastern Asia,45.29178989552847
2030,Eastern Europe,35.7129420726217
2030,Middle Africa,53.404883035408446
2030,Northern Africa,36.6741932969342
2030,Northern America,38.02911463886542
2030,Northern Europe,28.401146564179314
2030,Oceania,49.66377575299035
2030,South America,51.23478089181255
2030,South-eastern Asia,44.26108389773198
2030,Southern Africa,65.01399052338374
2030,Southern Asia,39.085237213394564
2030,Southern Europe,30.38496837649234
2030,Western Africa,48.34037208131079
2030,Western Asia,50.68458032223404
2030,Western Europe,25.41465979261126
2031,Australia and New Zealand,30.695835359192714
2031,Caribbean,56.031198629229806
2031,Central America,50.04292781159041
2031,Central Asia,41.65581920467396
2031,Eastern Africa,46.81334021220991
2031,Eastern Asia,44.90730893583432
2031,Eastern Europe,35.738645257385926
2031,Middle Africa,52.631972468505595
2031,Northern Africa,36.532538509050916
2031,Northern America,38.119943101696265
2031,Northern Europe,28.472476446968642
2031,Oceania,49.298260124454174
2031,South America,51.166702512930584
2031,South-eastern Asia,44.111966056313534
2031,Southern Africa,64.88975504024958
2031,Southern Asia,39.09137103312226
2031,Southern Europe,30.387905374150392
2031,Western Africa,48.11106594574177
2031,Western Asia,50.65987124922415
2031,Western Europe,25.47049758127642
2032,Australia and New Zealand,30.75054169132576
2032,Caribbean,55.90700696078201
2032,Central America,49.75663859998676
2032,Central Asia,41.64027150714702
2032,Eastern Africa,46.41530938515075
2032,Eastern Asia,44.54422137756566
2032,Eastern Europe,35.761302184885935
2032,Middle Africa,51.83633232690674
2032,Northern Africa,36.397713968078094
2032,Northern America,38.207319663063274
2032,Northern Europe,28.541455138716287
2032,Oceania,48.9415431816564
2032,South America,51.09961635072899
2032,South-eastern Asia,43.96196645613202
2032,Southern Africa,64.77436471214463
2032,Southern Asia,39.089010506704724
2032,Southern Europe,30.39170145897714
2032,Western Africa,47.87770621157428
2032,Western Asia,50.629478022027996
2032,Western Europe,25.524775206243078
2033,Australia and New Zealand,30.800385972852684
2033,Caribbean,55.779187313108736
2033,Central America,49.447321736090544
2033,Central Asia,41.6119694562056
2033,Eastern Africa,46.03233477544251
2033,Eastern Asia,44.14527339219276
2033,Eastern Europe,35.77730426899244
2033,Middle Africa,51.03108093091038
2033,Northern Africa,36.2604921382319
2033,Northern America,38.2862057230982
2033,Northern Europe,28.603016473825704
2033,Oceania,48.59374663187985
2033,South America,51.01943840210126
2033,South-eastern Asia,43.79892303379478
2033,Southern Africa,64.65422943870776
2033,Southern Asia,39.06757315102993
2033,Southern Europe,30.388108074508935
2033,Western Africa,47.64467287708527
2033,Western Asia,50.58909081204703
2033,Western Europe,25.57158920819589
2034,Australia and New Zealand,30.827800375613545
2034,Caribbean,55.65138401979297
2034,Central America,49.12234717717148
2034,Central Asia,41.566718429242044
2034,Eastern Africa,45.66912626888282
2034,Eastern Asia,43.75134277571675
2034,Eastern Europe,35.80098322142682
2034,Middle Africa,50.25413216171124
2034,Northern Africa,36.13041716954726
2034,Northern America,38.36292408864779
2034,Northern Europe,28.6597607644282
2034,Oceania,48.26166333382673
2034,South America,50.94040712148562
2034,South-eastern Asia,43.63368230419162
2034,Southern Africa,64.53519841494693
2034,Southern Asia,39.05102756243082
2034,Southern Europe,30.380390937457236
2034,Western Africa,47.4201422787587
2034,Western Asia,50.546622217096626
2034,Western Europe,25.614280808643386
2035,Australia and New Zealand,30.838656702254674
2035,Caribbean,55.528430280875796
2035,Central America,48.783809889079954
2035,Central Asia,41.505387582245845
2035,Eastern Africa,45.34101732598543
2035,Eastern Asia,43.365527618061606
2035,Eastern Europe,35.82961130929263
2035,Middle Africa,49.517864260894484
2035,Northern Africa,36.007077659848186
2035,Northern America,38.43687276912782
2035,Northern Europe,28.713123910819505
2035,Oceania,47.948655460612954
2035,South America,50.86387256942437
2035,South-eastern Asia,43.470644861523056
2035,Southern Africa,64.42143832256697
2035,Southern Asia,39.04341934466551
2035,Southern Europe,30.369137923905143
2035,Western Africa,47.213111422002285
2035,Western Asia,50.50232056798549
2035,Western Europe,25.65341136436956
2036,Australia and New Zealand,30.84647589435079
2036,Caribbean,55.431663125843755
2036,Central America,48.438689491234044
2036,Central Asia,41.46044235299495
2036,Eastern Africa,45.059027590318834
2036,Eastern Asia,43.00281528550869
2036,Eastern Europe,35.871471727032755
2036,Middle Africa,48.88014476388989
2036,Northern Africa,35.8898530859852
2036,Northern America,38.507489209136246
2036,Northern Europe,28.7652870701244
2036,Oceania,47.65822893468581
2036,South America,50.793078396021585
2036,South-eastern Asia,43.31046614443821
2036,Southern Africa,64.31892301584901
2036,Southern Asia,39.047453078161354
2036,Southern Europe,30.359884505189072
2036,Western Africa,47.024057579714906
2036,Western Asia,50.45805440852362
2036,Western Europe,25.69180574767138
2037,Australia and New Zealand,30.852548284765557
2037,Caribbean,55.33702065478856
2037,Central America,48.08579638247377
2037,Central Asia,41.402095831093
2037,Eastern Africa,44.80621342854931
2037,Eastern Asia,42.64733083897028
2037,Eastern Europe,35.91225434940242
2037,Middle Africa,48.26248477989594
2037,Northern Africa,35.77367916623615
2037,Northern America,38.57572278401982
2037,Northern Europe,28.815376638883095
2037,Oceania,47.385384279217035
2037,South America,50.731062610101674
2037,South-eastern Asia,43.16244321070002
2037,Southern Africa,64.22287210741979
2037,Southern Asia,39.063131969296805
2037,Southern Europe,30.35310197231169
2037,Western Africa,46.851905806177996
2037,Western Asia,50.407160085750036
2037,Western Europe,25.72902597533151
2038,Australia and New Zealand,30.856092783277678
2038,Caribbean,55.237731486889885
2038,Central America,47.71670249515694
2038,Central Asia,41.3296175057825
2038,Eastern Africa,44.570349044289514
2038,Eastern Asia,42.296395299677414
2038,Eastern Europe,35.95146293957718
2038,Middle Africa,47.66019612478125
2038,Northern Africa,35.65097382712494
2038,Northern America,38.64082566962024
2038,Northern Europe,28.860436341212292
2038,Oceania,47.12235303377241
2038,South America,50.67041912945136
2038,South-eastern Asia,43.026402282582055
2038,Southern Africa,64.12755666918252
2038,Southern Asia,39.07820335704422
2038,Southern Europe,30.342720876523188
2038,Western Africa,46.6876969488311
2038,Western Asia,50.34732551376564
2038,Western Europe,25.76353202446846
2039,Australia and New Zealand,30.857316769160104
2039,Caribbean,55.14628641111017
2039,Central America,47.333941686539305
2039,Central Asia,41.24418462320456
2039,Eastern Africa,44.36198626246224
2039,Eastern Asia,41.95281279161094
2039,Eastern Europe,35.98877885880114
2039,Middle Africa,47.1222627207986
2039,Northern Africa,35.53079387801574
2039,Northern America,38.703692451806624
2039,Northern Europe,28.901180800037096
2039,Oceania,46.873106680967425
2039,South America,50.61086413186935
2039,South-eastern Asia,42.892523424607276
2039,Southern Africa,64.03715268426646
2039,Southern Asia,39.10101160563073
2039,Southern Europe,30.329681483680915
2039,Western Africa,46.5394808268492
2039,Western Asia,50.28251945257125
2039,Western Europe,25.795956356924066
2040,Australia and New Zealand,30.855993304524798
2040,Caribbean,55.05339189917926
2040,Central America,46.9360918653841
2040,Central Asia,41.14411135660028
2040,Eastern Africa,44.173075521594996
2040,Eastern Asia,41.61194666747221
2040,Eastern Europe,36.023938483391404
2040,Middle Africa,46.620964983464575
2040,Northern Africa,35.40715929581335
2040,Northern America,38.76359287366253
2040,Northern Europe,28.939554695874747
2040,Oceania,46.640131871167156
2040,South America,50.54966066594169
2040,South-eastern Asia,42.751587795653734
2040,Southern Africa,63.948269740543836
2040,Southern Asia,39.13010015189968
2040,Southern Europe,30.31368486342423
2040,Western Africa,46.410919500463166
2040,Western Asia,50.21165068238318
2040,Western Europe,25.825816297434656
2041,Australia and New Zealand,30.851818028845912
2041,Caribbean,54.98838801348498
2041,Central America,46.53857296618451
2041,Central Asia,41.05506316574061
2041,Eastern Africa,44.04087777014922
2041,Eastern Asia,41.28908134683371
2041,Eastern Europe,36.06680473618411
2041,Middle Africa,46.248858194130094
2041,Northern Africa,35.281314119665375
2041,Northern America,38.82025877286508
2041,Northern Europe,28.975978376545086
2041,Oceania,46.45848527228331
2041,South America,50.49521100729031
2041,South-eastern Asia,42.59967555142907
2041,Southern Africa,63.880311488450836
2041,Southern Asia,39.181060610446394
2041,Southern Europe,30.30214176190782
2041,Western Africa,46.34396667861331
2041,Western Asia,50.14032517829463
2041,Western Europe,25.855783861878123
2042,Australia and New Zealand,30.846851422983512
2042,Caribbean,54.92136672334098
2042,Central America,46.1307473681936
2042,Central Asia,40.95312099591126
2042,Eastern Africa,43.91889932637554
2042,Eastern Asia,40.9710430119695
2042,Eastern Europe,36.107594581769575
2042,Middle Africa,45.89312777023444
2042,Northern Africa,35.15659960033233
2042,Northern America,38.874249472608156
2042,Northern Europe,29.010387584367336
2042,Oceania,46.28771699837273
2042,South America,50.44305339075237
2042,South-eastern Asia,42.44707147625775
2042,Southern Africa,63.813816816946556
2042,Southern Asia,39.24273966288787
2042,Southern Europe,30.29371530877185
2042,Western Africa,46.283428196035814
2042,Western Asia,50.06399732302356
2042,Western Europe,25.884593689890778
2043,Australia and New Zealand,30.840409267201174
2043,Caribbean,54.84723499819886
2043,Central America,45.70671144980789
2043,Central Asia,40.83792768060981
2043,Eastern Africa,43.798919569299244
2043,Eastern Asia,40.65475848619329
2043,Eastern Europe,36.146084390745514
2043,Middle Africa,45.556903396457216
2043,Northern Africa,35.02903490726883
2043,Northern America,38.926366477478915
2043,Northern Europe,29.04002001766841
2043,Oceania,46.119935353617336
2043,South America,50.38954368697617
2043,South-eastern Asia,42.29147630140169
2043,Southern Africa,63.74474376088814
2043,Southern Asia,39.305126844188365
2043,Southern Europe,30.282763326474793
2043,Western Africa,46.22278928021082
2043,Western Asia,49.98262556519251
2043,Western Europe,25.910807158198423
2044,Australia and New Zealand,30.83266852973141
2044,Caribbean,54.770061935210634
2044,Central America,45.26891520927325
2044,Central Asia,40.71231287573518
2044,Eastern Africa,43.68776873711866
2044,Eastern Asia,40.34030492208345
2044,Eastern Europe,36.18245571033114
2044,Middle Africa,45.26014636717157
2044,Northern Africa,34.90164484623772
2044,Northern America,38.97702128867384
2044,Northern Europe,29.06519616512213
2044,Oceania,45.95759882646533
2044,South America,50.33686016998118
2044,South-eastern Asia,42.136528026066244
2044,Southern Africa,63.677079202424025
2044,Southern Asia,39.372393867977706
2044,Southern Europe,30.269983451474758
2044,Western Africa,46.169035534781955
2044,Western Asia,49.89630680860415
2044,Western Europe,25.934913454621622
2045,Australia and New Zealand,30.824058105883
2045,Caribbean,54.69440402945196
2045,Central America,44.818485509390094
2045,Central Asia,40.575484999364164
2045,Eastern Africa,43.586987301610236
2045,Eastern Asia,40.026945342378895
2045,Eastern Europe,36.21732493335017
2045,Middle Africa,44.987220577091236
2045,Northern Africa,34.77039097165271
2045,Northern America,39.02663557221096
2045,Northern Europe,29.086211845433496
2045,Oceania,45.807271787388615
2045,South America,50.28483962845023
2045,South-eastern Asia,41.97631227276695
2045,Southern Africa,63.611975753342875
2045,Southern Asia,39.44539030076264
2045,Southern Europe,30.255927790371828
2045,Western Africa,46.1296721220922
2045,Western Asia,49.8047079873956
2045,Western Europe,25.957169925185397
2046,Australia and New Zealand,30.814185099290636
2046,Caribbean,54.645311934041985
2046,Central America,44.36817644605
2046,Central Asia,40.446808938536805
2046,Eastern Africa,43.52729524527703
2046,Eastern Asia,39.72692495279517
2046,Eastern Europe,36.25720967850512
2046,Middle Africa,44.835676378622225
2046,Northern Africa,34.629014232081445
2046,Northern America,39.07439703562745
2046,Northern Europe,29.103996207267357
2046,Oceania,45.70749758186068
2046,South America,50.23905449231805
2046,South-eastern Asia,41.80043462998704
2046,Southern Africa,63.566889914650645
2046,Southern Asia,39.53843684658942
2046,Southern Europe,30.247896868569768
2046,Western Africa,46.14859181413351
2046,Western Asia,49.708809306656576
2046,Western Europe,25.98037983654997
2047,Australia and New Zealand,30.804954461721845
2047,Caribbean,54.58882382069454
2047,Central America,43.90672664563411
2047,Central Asia,40.310828762418716
2047,Eastern Africa,43.46579852784913
2047,Eastern Asia,39.42959644502437
2047,Eastern Europe,36.29518632404469
2047,Middle Africa,44.70151726629119
2047,Northern Africa,34.48603970044317
2047,Northern America,39.120181337033785
2047,Northern Europe,29.121093327903225
2047,Oceania,45.610274385401794
2047,South America,50.19515528274603
2047,South-eastern Asia,41.62203340043362
2047,Southern Africa,63.522341937845006
2047,Southern Asia,39.63934757140848
2047,Southern Europe,30.24255144063268
2047,Western Africa,46.16722123044639
2047,Western Asia,49.60854262615584
2047,Western Europe,26.002808041052816
2048,Australia and New Zealand,30.793800953912243
2048,Caribbean,54.52399794053129
2048,Central America,43.427918092714535
2048,Central Asia,40.164256718206914
2048,Eastern Africa,43.39532734590108
2048,Eastern Asia,39.130936777356595
2048,Eastern Europe,36.33135834727845
2048,Middle Africa,44.55216083995168
2048,Northern Africa,34.33508802095098
2048,Northern America,39.1639328523639
2048,Northern Europe,29.13415010426199
2048,Oceania,45.498598985291494
2048,South America,50.14742934905527
2048,South-eastern Asia,41.4363707282174
2048,Southern Africa,63.48547152988226
2048,Southern Asia,39.73770410742361
2048,Southern Europe,30.234987715688533
2048,Western Africa,46.15641228705449
2048,Western Asia,49.501352691343214
2048,Western Europe,26.02270117602714
2049,Australia and New Zealand,30.77998891656426
2049,Caribbean,54.462117029290624
2049,Central America,42.930414110009174
2049,Central Asia,40.00518366641472
2049,Eastern Africa,43.31338593897485
2049,Eastern Asia,38.83138306865277
2049,Eastern Europe,36.3657014714903
2049,Middle Africa,44.32390009942644
2049,Northern Africa,34.173876302067185
2049,Northern America,39.205023402207395
2049,Northern Europe,29.142848628677243
2049,Oceania,45.358012184395946
2049,South America,50.09467608541591
2049,South-eastern Asia,41.242512279571386
2049,Southern Africa,63.46952326057114
2049,Southern Asia,39.82917822507659
2049,Southern Europe,30.224855321062805
2049,Western Africa,46.08726980383864
2049,Western Asia,49.38595401429069
2049,Western Europe,26.040016592547488
2050,Australia and New Zealand,30.76404686918215
2050,Caribbean,54.39051009547491
2050,Central America,42.415462569503326
2050,Central Asia,39.83398175230288
2050,Eastern Africa,43.225414891438874
2050,Eastern Asia,38.527999530253254
2050,Eastern Europe,36.39834419000323
2050,Middle Africa,44.08930399237079
2050,Northern Africa,34.00890199304705
2050,Northern America,39.24340031019131
2050,Northern Europe,29.147879963026924
2050,Oceania,45.21561945254575
2050,South America,50.03657163811148
2050,South-eastern Asia,41.042853633916465
2050,Southern Africa,63.44794857246736
2050,Southern Asia,39.91715241761078
2050,Southern Europe,30.21262324910694
2050,Western Africa,46.00908421880909
2050,Western Asia,49.26503191334035
2050,Western Europe,26.054856761117406
2051,Australia and New Zealand,30.74690748754394
2051,Caribbean,54.32157432365514
2051,Central America,41.88959399775953
2051,Central Asia,39.67447229443817
2051,Eastern Africa,43.12543821420434
2051,Eastern Asia,38.229087674264406
2051,Eastern Europe,36.435776217782134
2051,Middle Africa,43.85458631859045
2051,Northern Africa,33.8366578435231
2051,Northern America,39.27933129367762
2051,Northern Europe,29.14826887370623
2051,Oceania,45.06675837434493
2051,South America,49.97252873325664
2051,South-eastern Asia,40.834942251442286
2051,Southern Africa,63.42192312328203
2051,Southern Asia,40.000028815959254
2051,Southern Europe,30.20353123783117
2051,Western Africa,45.91263153832692
2051,Western Asia,49.13660525065282
2051,Western Europe,26.068482860594955
2052,Australia and New Zealand,30.730683285202964
2052,Caribbean,54.251597549338726
2052,Central America,41.35328241637222
2052,Central Asia,39.512384793824396
2052,Eastern Africa,43.02223162422507
2052,Eastern Asia,37.93018995571131
2052,Eastern Europe,36.472567159010794
2052,Middle Africa,43.62792349900886
2052,Northern Africa,33.661522167592395
2052,Northern America,39.31453336660775
2052,Northern Europe,29.147972520176424
2052,Oceania,44.91763135829103
2052,South America,49.90890799499468
2052,South-eastern Asia,40.62463771573128
2052,Southern Africa,63.395965425088185
2052,Southern Asia,40.090377630410856
2052,Southern Europe,30.196239016754234
2052,Western Africa,45.81461461928278
2052,Western Asia,49.00449793269743
2052,Western Europe,26.082214264407
2053,Australia and New Zealand,30.713108012081847
2053,Caribbean,54.17463335573984
2053,Central America,40.802747304048914
2053,Central Asia,39.34281875935035
2053,Eastern Africa,42.915462725623144
2053,Eastern Asia,37.627209567681064
2053,Eastern Europe,36.50742730863428
2053,Middle Africa,43.455693809731955
2053,Northern Africa,33.48058614007314
2053,Northern America,39.34845625038981
2053,Northern Europe,29.14382008520562
2053,Oceania,44.76689149406248
2053,South America,49.84302483346639
2053,South-eastern Asia,40.40998623331511
2053,Southern Africa,63.36817536856998
2053,Southern Asia,40.18186835354527
2053,Southern Europe,30.18775205339672
2053,Western Africa,45.71361696230234
2053,Western Asia,48.86842454603766
2053,Western Europe,26.093990174759085
2054,Australia and New Zealand,30.707697688861746
2054,Caribbean,54.09088777804847
2054,Central America,40.23918742087673
2054,Central Asia,39.17006671433434
2054,Eastern Africa,42.80522078653277
2054,Eastern Asia,37.321380929183334
2054,Eastern Europe,36.54113853770404
2054,Middle Africa,43.294770932709525
2054,Northern Africa,33.2944206779743
2054,Northern America,39.38145801329309
2054,Northern Europe,29.13593838481532
2054,Oceania,44.615206756189
2054,South America,49.77519803895483
2054,South-eastern Asia,40.19088773896513
2054,Southern Africa,63.339085584218765
2054,Southern Asia,40.27466291401893
2054,Southern Europe,30.17850690187025
2054,Western Africa,45.60962363042975
2054,Western Asia,48.72851037106045
2054,Western Europe,26.10452485446686
2055,Australia and New Zealand,30.705477659916802
2055,Caribbean,54.00540614079716
2055,Central America,39.662833708340806
2055,Central Asia,38.993625289537626
2055,Eastern Africa,42.694934179523614
2055,Eastern Asia,37.0139181721683
2055,Eastern Europe,36.5746136023013
2055,Middle Africa,43.13366568548744
2055,Northern Africa,33.10524844430045
2055,Northern America,39.413999773635844
2055,Northern Europe,29.124505564818293
2055,Oceania,44.46293955910292
2055,South America,49.706739615171
2055,South-eastern Asia,39.96877875245595
2055,Southern Africa,63.310099978317155
2055,Southern Asia,40.36999233133152
2055,Southern Europe,30.16856660671401
2055,Western Africa,45.503454863975534
2055,Western Asia,48.5860793688083
2055,Western Europe,26.1135916301221
2056,Australia and New Zealand,30.702567516022494
2056,Caribbean,53.9333436077051
2056,Central America,39.078345122839586
2056,Central Asia,38.83260453430086
2056,Eastern Africa,42.58728852731224
2056,Eastern Asia,36.7117848110361
2056,Eastern Europe,36.61334767549107
2056,Middle Africa,42.971162786786365
2056,Northern Africa,32.91585164055011
2056,Northern America,39.445690986133016
2056,Northern Europe,29.109958444445283
2056,Oceania,44.31053550515607
2056,South America,49.642418518815745
2056,South-eastern Asia,39.745235107171695
2056,Southern Africa,63.283667635663576
2056,Southern Asia,40.470375786648916
2056,Southern Europe,30.161786097222176
2056,Western Africa,45.389828344625016
2056,Western Asia,48.440568866027434
2056,Western Europe,26.123192151793617
2057,Australia and New Zealand,30.700194274393233
2057,Caribbean,53.8614387632979
2057,Central America,38.48392912122662
2057,Central Asia,38.66595201740335
2057,Eastern Africa,42.479627266683195
2057,Eastern Asia,36.40950275819392
2057,Eastern Europe,36.65211035636489
2057,Middle Africa,42.81662189529314
2057,Northern Africa,32.72900430037051
2057,Northern America,39.476723765249574
2057,Northern Europe,29.095294946759864
2057,Oceania,44.15826398793783
2057,South America,49.58080184434834
2057,South-eastern Asia,39.52370373767913
2057,Southern Africa,63.25768145123254
2057,Southern Asia,40.57949421430038
2057,Southern Europe,30.155415349407377
2057,Western Africa,45.27321184303972
2057,Western Asia,48.2948960580174
2057,Western Europe,26.13346713786484
2058,Australia and New Zealand,30.696605105160124
2058,Caribbean,53.783924917160775
2058,Central America,37.87550390172161
2058,Central Asia,38.49335457028822
2058,Eastern Africa,42.370772171311444
2058,Eastern Asia,36.10493476401757
2058,Eastern Europe,36.68955805285172
2058,Middle Africa,42.668501924310576
2058,Northern Africa,32.543819624562786
2058,Northern America,39.506380920432214
2058,Northern Europe,29.077214749768743
2058,Oceania,44.00372610255019
2058,South America,49.51943947661057
2058,South-eastern Asia,39.302863994436876
2058,Southern Africa,63.22894584760208
2058,Southern Asia,40.69057152562401
2058,Southern Europe,30.14793981623143
2058,Western Africa,45.150980503595406
2058,Western Asia,48.1489445911528
2058,Western Europe,26.141932227996634
2059,Australia and New Zealand,30.691907302080512
2059,Caribbean,53.702226042597445
2059,Central America,37.254356510794295
2059,Central Asia,38.31746100737803
2059,Eastern Africa,42.26374793368848
2059,Eastern Asia,35.79572610430617
2059,Eastern Europe,36.7259881383422
2059,Middle Africa,42.532453674900594
2059,Northern Africa,32.36100129963031
2059,Northern America,39.53502669466964
2059,Northern Europe,29.05624930542068
2059,Oceania,43.849380663795046
2059,South America,49.45869928867417
2059,South-eastern Asia,39.08843207932975
2059,Southern Africa,63.19857477369144
2059,Southern Asia,40.80498368531309
2059,Southern Europe,30.139697737003246
2059,Western Africa,45.02441541155022
2059,Western Asia,48.0028274502132
2059,Western Europe,26.148761696960676
2060,Australia and New Zealand,30.68480299622358
2060,Caribbean,53.61206850719
2060,Central America,36.61926855445454
2060,Central Asia,38.13975723400027
2060,Eastern Africa,42.152977477249465
2060,Eastern Asia,35.47972253739218
2060,Eastern Europe,36.76488958369006
2060,Middle Africa,42.39723133079174
2060,Northern Africa,32.16945631552228
2060,Northern America,39.56224289359454
2060,Northern Europe,29.032141206803885
2060,Oceania,43.69247136829273
2060,South America,49.40048278811062
2060,South-eastern Asia,38.89527021929986
2060,Southern Africa,63.16553915952259
2060,Southern Asia,40.91364751661963
2060,Southern Europe,30.13023227117131
2060,Western Africa,44.89108555712278
2060,Western Asia,47.85242721733525
2060,Western Europe,26.154078366986155
2061,Australia and New Zealand,30.676143518077392
2061,Caribbean,53.53080614783785
2061,Central America,35.97423708575729
2061,Central Asia,37.974241103964346
2061,Eastern Africa,42.041034180549985
2061,Eastern Asia,35.167036833491494
2061,Eastern Europe,36.80714885818368
2061,Middle Africa,42.33484182287164
2061,Northern Africa,31.957405903864
2061,Northern America,39.58748438596693
2061,Northern Europe,29.003863865663604
2061,Oceania,43.570776647052156
2061,South America,49.33300600733439
2061,South-eastern Asia,38.66384534018508
2061,Southern Africa,63.129485365337516
2061,Southern Asia,41.02619147054902
2061,Southern Europe,30.12095847765579
2061,Western Africa,44.79567902532473
2061,Western Asia,47.69118465360336
2061,Western Europe,26.1597103382055
2062,Australia and New Zealand,30.667127388971593
2062,Caribbean,53.4531020739184
2062,Central America,35.320294080491976
2062,Central Asia,37.80552963920183
2062,Eastern Africa,41.92982753736416
2062,Eastern Asia,34.85363220569724
2062,Eastern Europe,36.84825478657885
2062,Middle Africa,42.30874205355448
2062,Northern Africa,31.740163461393145
2062,Northern America,39.61257128788449
2062,Northern Europe,28.974554180977208
2062,Oceania,43.4659578291658
2062,South America,49.264040366912454
2062,South-eastern Asia,38.41792730630118
2062,Southern Africa,63.09274893594594
2062,Southern Asia,41.151522201779756
2062,Southern Europe,30.112095407959316
2062,Western Africa,44.719332815317614
2062,Western Asia,47.528051070862176
2062,Western Europe,26.16655874726881
2063,Australia and New Zealand,30.660182785822876
2063,Caribbean,53.37357318974476
2063,Central America,34.654026772019364
2063,Central Asia,37.63576831540938
2063,Eastern Africa,41.81979765870523
2063,Eastern Asia,34.536147343682444
2063,Eastern Europe,36.889631730123185
2063,Middle Africa,42.28629756120981
2063,Northern Africa,31.52672176689464
2063,Northern America,39.6369585342764
2063,Northern Europe,28.942337566139642
2063,Oceania,43.36102397493313
2063,South America,49.19437860682372
2063,South-eastern Asia,38.16978250684144
2063,Southern Africa,63.05568977419513
2063,Southern Asia,41.28320342058984
2063,Southern Europe,30.102855526696004
2063,Western Africa,44.64075415914621
2063,Western Asia,47.36629415881737
2063,Western Europe,26.172446127997162
2064,Australia and New Zealand,30.66148358582481
2064,Caribbean,53.29796827758706
2064,Central America,33.976566547247344
2064,Central Asia,37.46560214181702
2064,Eastern Africa,41.71153577591937
2064,Eastern Asia,34.214233918597614
2064,Eastern Europe,36.93298103451852
2064,Middle Africa,42.27057208321199
2064,Northern Africa,31.31765355168472
2064,Northern America,39.66088987031489
2064,Northern Europe,28.907206680023023
2064,Oceania,43.25573826082767
2064,South America,49.12457998915123
2064,South-eastern Asia,37.91977694465736
2064,Southern Africa,63.01773588492638
2064,Southern Asia,41.41980356150121
2064,Southern Europe,30.09340959305895
2064,Western Africa,44.56024547292614
2064,Western Asia,47.20632746076632
2064,Western Europe,26.177646056632398
2065,Australia and New Zealand,30.665578174907893
2065,Caribbean,53.228707387073015
2065,Central America,33.3025261782538
2065,Central Asia,37.295485359621416
2065,Eastern Africa,41.60172438141743
2065,Eastern Asia,33.8885002615136
2065,Eastern Europe,36.97623068224907
2065,Middle Africa,42.21244629201273
2065,Northern Africa,31.111553381445844
2065,Northern America,39.684729291461984
2065,Northern Europe,28.869370992666532
2065,Oceania,43.13455088418294
2065,South America,49.055913238087356
2065,South-eastern Asia,37.66898225052451
2065,Southern Africa,62.99517075723857
2065,Southern Asia,41.55861805520331
2065,Southern Europe,30.084116237988567
2065,Western Africa,44.45029091372099
2065,Western Asia,47.047337987466165
2065,Western Europe,26.182090861693652
2066,Australia and New Zealand,30.67444343992385
2066,Caribbean,53.16829302264665
2066,Central America,32.650019913108075
2066,Central Asia,37.13724158949798
2066,Eastern Africa,41.49161770635814
2066,Eastern Asia,33.568735464019994
2066,Eastern Europe,37.02316980649378
2066,Middle Africa,42.09893012170269
2066,Northern Africa,30.907625146423356
2066,Northern America,39.709485318677196
2066,Northern Europe,28.828290628015907
2066,Oceania,42.99804069624358
2066,South America,48.99112908847307
2066,South-eastern Asia,37.416464253673354
2066,Southern Africa,62.989725195029145
2066,Southern Asia,41.701262948678064
2066,Southern Europe,30.07465250219461
2066,Western Africa,44.30668395888162
2066,Western Asia,46.88762827665869
2066,Western Europe,26.18772044946489
2067,Australia and New Zealand,30.684068863212133
2067,Caribbean,53.1182541290832
2067,Central America,32.017991662462286
2067,Central Asia,36.97986641058595
2067,Eastern Africa,41.38450796524964
2067,Eastern Asia,33.249044054175414
2067,Eastern Europe,37.068927793590234
2067,Middle Africa,41.96054043439652
2067,Northern Africa,30.71024648135907
2067,Northern America,39.73653335306517
2067,Northern Europe,28.786324805247787
2067,Oceania,42.855628115545485
2067,South America,48.93194223311461
2067,South-eastern Asia,37.1665663039785
2067,Southern Africa,62.99533110019553
2067,Southern Asia,41.85620735854805
2067,Southern Europe,30.066893026824815
2067,Western Africa,44.14902147721165
2067,Western Asia,46.729977494411656
2067,Western Europe,26.195294156423188
2068,Australia and New Zealand,30.694164622334608
2068,Caribbean,53.06932323725775
2068,Central America,31.406862759573784
2068,Central Asia,36.823497881011136
2068,Eastern Africa,41.279755544967855
2068,Eastern Asia,32.925720099780875
2068,Eastern Europe,37.11417310027976
2068,Middle Africa,41.82219362469333
2068,Northern Africa,30.518881360006134
2068,Northern America,39.76321229189779
2068,Northern Europe,28.742103097065907
2068,Oceania,42.714025375472886
2068,South America,48.87405559276914
2068,South-eastern Asia,36.91763333266209
2068,Southern Africa,63.00178828946024
2068,Southern Asia,42.017779713658854
2068,Southern Europe,30.059447427241892
2068,Western Africa,43.99139121404616
2068,Western Asia,46.57421509566433
2068,Western Europe,26.202040202381838
2069,Australia and New Zealand,30.703216193334182
2069,Caribbean,53.01963432307275
2069,Central America,30.818038436322936
2069,Central Asia,36.66783417103776
2069,Eastern Africa,41.178110812565194
2069,Eastern Asia,32.59779034344703
2069,Eastern Europe,37.15930278006745
2069,Middle Africa,41.6888422488519
2069,Northern Africa,30.332411688626593
2069,Northern America,39.78898437238367
2069,Northern Europe,28.695486166010298
2069,Oceania,42.5752551276819
2069,South America,48.81596364833243
2069,South-eastern Asia,36.66963856098491
2069,Southern Africa,63.00803914975725
2069,Southern Asia,42.18247759303502
2069,Southern Europe,30.05173674416639
2069,Western Africa,43.83489233142903
2069,Western Asia,46.41937755793819
2069,Western Europe,26.20788379050296
2070,Australia and New Zealand,30.710717671078314
2070,Caribbean,52.968906245570224
2070,Central America,30.25081009405426
2070,Central Asia,36.5151823167448
2070,Eastern Africa,41.07937487778983
2070,Eastern Asia,32.265974004828735
2070,Eastern Europe,37.20318736452057
2070,Middle Africa,41.58389914069822
2070,Northern Africa,30.144732152524156
2070,Northern America,39.81360153129599
2070,Northern Europe,28.64510390312951
2070,Oceania,42.4486973193126
2070,South America,48.75518076609495
2070,South-eastern Asia,36.4132775487132
2070,Southern Africa,63.0128027513555
2070,Southern Asia,42.35098950312626
2070,Southern Europe,30.04358833592562
2070,Western Africa,43.69110727560468
2070,Western Asia,46.26407637984329
2070,Western Europe,26.21281906844999
2071,Australia and New Zealand,30.71683048289673
2071,Caribbean,52.92181264713314
2071,Central America,29.705089203482338
2071,Central Asia,36.373291696269305
2071,Eastern Africa,40.9836196608687
2071,Eastern Asia,31.93599193549872
2071,Eastern Europe,37.25091152470661
2071,Middle Africa,41.500147461347936
2071,Northern Africa,29.951170290937057
2071,Northern America,39.83693204336882
2071,Northern Europe,28.591769001847922
2071,Oceania,42.33826853577867
2071,South America,48.69171025360082
2071,South-eastern Asia,36.14299012842359
2071,Southern Africa,63.01774835229299
2071,Southern Asia,42.52319475364601
2071,Southern Europe,30.033309732008817
2071,Western Africa,43.560144068910844
2071,Western Asia,46.10151997231924
2071,Western Europe,26.21870098873451
2072,Australia and New Zealand,30.722738558401286
2072,Caribbean,52.87717250155701
2072,Central America,29.18278280774871
2072,Central Asia,36.23250305578729
2072,Eastern Africa,40.8937279610889
2072,Eastern Asia,31.60422594700023
2072,Eastern Europe,37.29841544855965
2072,Middle Africa,41.41535198478579
2072,Northern Africa,29.764525096380368
2072,Northern America,39.86092599114821
2072,Northern Europe,28.537929474066814
2072,Oceania,42.22914810218619
2072,South America,48.631503404577
2072,South-eastern Asia,35.87798787090719
2072,Southern Africa,63.024577118482306
2072,Southern Asia,42.709589032712
2072,Southern Europe,30.025474759635884
2072,Western Africa,43.42803611077706
2072,Western Asia,45.942272363962644
2072,Western Europe,26.226699823517308
2073,Australia and New Zealand,30.728994675051435
2073,Caribbean,52.835767639794895
2073,Central America,28.68285318197259
2073,Central Asia,36.09332629727309
2073,Eastern Africa,40.810115344579145
2073,Eastern Asia,31.268655798896816
2073,Eastern Europe,37.34611884915218
2073,Middle Africa,41.33801343840702
2073,Northern Africa,29.585324753683828
2073,Northern America,39.88478229060135
2073,Northern Europe,28.482391520351413
2073,Oceania,42.12067743572625
2073,South America,48.57596259233432
2073,South-eastern Asia,35.61789770188675
2073,Southern Africa,63.03350110596186
2073,Southern Asia,42.9027556596008
2073,Southern Europe,30.018043430948183
2073,Western Africa,43.295119707686425
2073,Western Asia,45.78652160636665
2073,Western Europe,26.234256111510845
2074,Australia and New Zealand,30.735006516390495
2074,Caribbean,52.798448408020704
2074,Central America,28.20173485177815
2074,Central Asia,35.95581526973497
2074,Eastern Africa,40.73081365439748
2074,Eastern Asia,30.92831665209488
2074,Eastern Europe,37.39375901060491
2074,Middle Africa,41.26047246893769
2074,Northern Africa,29.412322693045745
2074,Northern America,39.90846275069071
2074,Northern Europe,28.425142997955533
2074,Oceania,42.01247927129259
2074,South America,48.52317160156794
2074,South-eastern Asia,35.36160778665014
2074,Southern Africa,63.04419768122153
2074,Southern Asia,43.099897204477244
2074,Southern Europe,30.010885126385034
2074,Western Africa,43.161857001418724
2074,Western Asia,45.63331812452347
2074,Western Europe,26.241328246931772
2075,Australia and New Zealand,30.7414589426517
2075,Caribbean,52.77242949765899
2075,Central America,27.738926410958342
2075,Central Asia,35.81893820627631
2075,Eastern Africa,40.657415877475955
2075,Eastern Asia,30.583639895887416
2075,Eastern Europe,37.44233827515053
2075,Middle Africa,41.1840922876852
2075,Northern Africa,29.24612961303783
2075,Northern America,39.932001970707006
2075,Northern Europe,28.366410646694717
2075,Oceania,41.90650422979623
2075,South America,48.47412798497999
2075,South-eastern Asia,35.10991023981909
2075,Southern Africa,63.05788672097839
2075,Southern Asia,43.30233628077238
2075,Southern Europe,30.004368644122437
2075,Western Africa,43.02887059690512
2075,Western Asia,45.48370578322789
2075,Western Europe,26.248171118606933
2076,Australia and New Zealand,30.74805946870356
2076,Caribbean,52.76629481885706
2076,Central America,27.29501495601525
2076,Central Asia,35.694448054011474
2076,Eastern Africa,40.5881887841808
2076,Eastern Asia,30.23934587870727
2076,Eastern Europe,37.495818854408114
2076,Middle Africa,41.09185836351337
2076,Northern Africa,29.086018167685523
2076,Northern America,39.95527686532605
2076,Northern Europe,28.305400836340056
2076,Oceania,41.80063240339642
2076,South America,48.42844593708513
2076,South-eastern Asia,34.85916084027458
2076,Southern Africa,63.07439212776522
2076,Southern Asia,43.509070107725734
2076,Southern Europe,29.99653990606106
2076,Western Africa,42.89104283737544
2076,Western Asia,45.329899499297
2076,Western Europe,26.256724114747243
2077,Australia and New Zealand,30.756585581321705
2077,Caribbean,52.7684433261733
2077,Central America,26.8695438615989
2077,Central Asia,35.57316130401702
2077,Eastern Africa,40.52551598371252
2077,Eastern Asia,29.892410233171773
2077,Eastern Europe,37.550812387731014
2077,Middle Africa,40.99805491129338
2077,Northern Africa,28.933747345472582
2077,Northern America,39.979601806051335
2077,Northern Europe,28.244816003610396
2077,Oceania,41.697377901666144
2077,South America,48.38940502772395
2077,South-eastern Asia,34.613674677024875
2077,Southern Africa,63.09618510333257
2077,Southern Asia,43.727654682086126
2077,Southern Europe,29.992692789234
2077,Western Africa,42.75507613547589
2077,Western Asia,45.17963336971604
2077,Western Europe,26.26799081649196
2078,Australia and New Zealand,30.765110311569188
2078,Caribbean,52.77566511070333
2078,Central America,26.461120788843928
2078,Central Asia,35.4560613969948
2078,Eastern Africa,40.468829399947026
2078,Eastern Asia,29.541294712384314
2078,Eastern Europe,37.60620516745732
2078,Middle Africa,40.90349039396948
2078,Northern Africa,28.78911299060274
2078,Northern America,40.00544617710311
2078,Northern Europe,28.18301014426723
2078,Oceania,41.595709664962044
2078,South America,48.354600015190385
2078,South-eastern Asia,34.373389595220516
2078,Southern Africa,63.12245926496915
2078,Southern Asia,43.95431056352166
2078,Southern Europe,29.990505619657526
2078,Western Africa,42.62085763745489
2078,Western Asia,45.03336523041028
2078,Western Europe,26.27941340379074
2079,Australia and New Zealand,30.77358844275988
2079,Caribbean,52.793162260575954
2079,Central America,26.069010443752916
2079,Central Asia,35.34312856626762
2079,Eastern Africa,40.4190408674463
2079,Eastern Asia,29.186432586814703
2079,Eastern Europe,37.663617111851266
2079,Middle Africa,40.80859097314864
2079,Northern Africa,28.652652553095947
2079,Northern America,40.03204499539193
2079,Northern Europe,28.120338869055317
2079,Oceania,41.496121161991084
2079,South America,48.32452535730383
2079,South-eastern Asia,34.1384451203087
2079,Southern Africa,63.154071746088206
2079,Southern Asia,44.1929932857974
2079,Southern Europe,29.989806404245556
2079,Western Africa,42.4886454437182
2079,Western Asia,44.89117374160614
2079,Western Europe,26.291147156605987
2080,Australia and New Zealand,30.782323501870756
2080,Caribbean,52.81777066192461
2080,Central America,25.691920479772534
2080,Central Asia,35.231473603043106
2080,Eastern Africa,40.37587687170898
2080,Eastern Asia,28.827315681243704
2080,Eastern Europe,37.721415662092284
2080,Middle Africa,40.71252091977904
2080,Northern Africa,28.523516677349114
2080,Northern America,40.05895328680067
2080,Northern Europe,28.056670556483354
2080,Oceania,41.39784454601774
2080,South America,48.29859991647609
2080,South-eastern Asia,33.908102094373405
2080,Southern Africa,63.19003226426503
2080,Southern Asia,44.4419616906643
2080,Southern Europe,29.989954457390056
2080,Western Africa,42.35718674823019
2080,Western Asia,44.7525501467382
2080,Western Europe,26.303170583978996
2081,Australia and New Zealand,30.79195513154369
2081,Caribbean,52.78700603843731
2081,Central America,25.311756951053255
2081,Central Asia,35.12061160181563
2081,Eastern Africa,40.26910064250622
2081,Eastern Asia,28.446665039786723
2081,Eastern Europe,37.77678074955162
2081,Middle Africa,40.519248074259906
2081,Northern Africa,28.375880390007957
2081,Northern America,40.08557281472393
2081,Northern Europe,27.97917799782539
2081,Oceania,41.24989264754362
2081,South America,48.236102523540936
2081,South-eastern Asia,33.65686327654949
2081,Southern Africa,63.1620457693808
2081,Southern Asia,44.64904185095797
2081,Southern Europe,29.973972941573024
2081,Western Africa,42.167584833487126
2081,Western Asia,44.576193290529176
2081,Western Europe,26.306603624863456
2082,Australia and New Zealand,30.802819706858298
2082,Caribbean,52.759570855845084
2082,Central America,24.94511915383768
2082,Central Asia,35.01237223330751
2082,Eastern Africa,40.16522775885534
2082,Eastern Asia,28.06335679421892
2082,Eastern Europe,37.83317904002672
2082,Middle Africa,40.32033629967131
2082,Northern Africa,28.232850792595343
2082,Northern America,40.11312178825692
2082,Northern Europe,27.901958514770087
2082,Oceania,41.10336143578728
2082,South America,48.17626553868912
2082,South-eastern Asia,33.40850384772018
2082,Southern Africa,63.13367713830553
2082,Southern Asia,44.86469040717935
2082,Southern Europe,29.960274214967697
2082,Western Africa,41.97607236845613
2082,Western Asia,44.4002214675848
2082,Western Europe,26.31191889746347
2083,Australia and New Zealand,30.820411735540887
2083,Caribbean,52.73338324114292
2083,Central America,24.59103479613276
2083,Central Asia,34.90722526703394
2083,Eastern Africa,40.06242389471346
2083,Eastern Asia,27.674957938751277
2083,Eastern Europe,37.89003779587681
2083,Middle Africa,40.114550646943314
2083,Northern Africa,28.093909425417962
2083,Northern America,40.14097443341855
2083,Northern Europe,27.823204654020017
2083,Oceania,40.955482142673105
2083,South America,48.116491922526805
2083,South-eastern Asia,33.16266522899767
2083,Southern Africa,63.10329728142294
2083,Southern Asia,45.083048719383356
2083,Southern Europe,29.946382737675492
2083,Western Africa,41.78070926672177
2083,Western Asia,44.2239551229072
2083,Western Europe,26.316990493912584
2084,Australia and New Zealand,30.843319049810525
2084,Caribbean,52.706173399711886
2084,Central America,24.24874478496264
2084,Central Asia,34.805023899955145
2084,Eastern Africa,39.96140144986846
2084,Eastern Asia,27.280935554797736
2084,Eastern Europe,37.9486244054295
2084,Middle Africa,39.90245880379568
2084,Northern Africa,27.95938088139902
2084,Northern America,40.16919222701585
2084,Northern Europe,27.742838085060484
2084,Oceania,40.805804530484835
2084,South America,48.05687778767833
2084,South-eastern Asia,32.919226072590746
2084,Southern Africa,63.0734101527068
2084,Southern Asia,45.30260228710148
2084,Southern Europe,29.932191946246434
2084,Western Africa,41.58200262134635
2084,Western Asia,44.04731532374129
2084,Western Europe,26.321933979804513
2085,Australia and New Zealand,30.857524313828044
2085,Caribbean,52.67803328837637
2085,Central America,23.917849968538363
2085,Central Asia,34.70446911843332
2085,Eastern Africa,39.862714626667994
2085,Eastern Asia,26.881008759058744
2085,Eastern Europe,38.01249328865666
2085,Middle Africa,39.68403715745907
2085,Northern Africa,27.829669560632908
2085,Northern America,40.19754627677594
2085,Northern Europe,27.661010598025726
2085,Oceania,40.65458565036941
2085,South America,47.998137811349295
2085,South-eastern Asia,32.677821562960574
2085,Southern Africa,63.043488089685425
2085,Southern Asia,45.523808045640735
2085,Southern Europe,29.917671837355186
2085,Western Africa,41.379386720345934
2085,Western Asia,43.87205374076402
2085,Western Europe,26.326016100243876
2086,Australia and New Zealand,30.869797764761575
2086,Caribbean,52.6510718604321
2086,Central America,23.599048409783663
2086,Central Asia,34.61864793044942
2086,Eastern Africa,39.76582593974989
2086,Eastern Asia,26.479319865703133
2086,Eastern Europe,38.0803049100404
2086,Middle Africa,39.43524852759239
2086,Northern Africa,27.702209219964757
2086,Northern America,40.22589852342211
2086,Northern Europe,27.57646706907977
2086,Oceania,40.50150318902617
2086,South America,47.94170949062675
2086,South-eastern Asia,32.43790980249628
2086,Southern Africa,63.01271257775048
2086,Southern Asia,45.74924098743374
2086,Southern Europe,29.90264798281892
2086,Western Africa,41.1705028853806
2086,Western Asia,43.688207664237666
2086,Western Europe,26.332472194816603
2087,Australia and New Zealand,30.883034003911725
2087,Caribbean,52.628845040475625
2087,Central America,23.291449981656243
2087,Central Asia,34.53667489232437
2087,Eastern Africa,39.6714101882889
2087,Eastern Asia,26.07475581828993
2087,Eastern Europe,38.15107502426187
2087,Middle Africa,39.18152183617032
2087,Northern Africa,27.579353806883944
2087,Northern America,40.25678011165219
2087,Northern Europe,27.492156750367513
2087,Oceania,40.34830718709976
2087,South America,47.88941139341034
2087,South-eastern Asia,32.20130440246649
2087,Southern Africa,62.98351862455887
2087,Southern Asia,45.98500812591979
2087,Southern Europe,29.889473728186644
2087,Western Africa,40.96026992623365
2087,Western Asia,43.5057450346676
2087,Western Europe,26.3408667114021
2088,Australia and New Zealand,30.896260375761475
2088,Caribbean,52.61217467274726
2088,Central America,22.99454647166783
2088,Central Asia,34.456803087953425
2088,Eastern Africa,39.57946951108653
2088,Eastern Asia,25.664737710837215
2088,Eastern Europe,38.22258534665437
2088,Middle Africa,38.92262047277164
2088,Northern Africa,27.461616090046093
2088,Northern America,40.289630195085465
2088,Northern Europe,27.40662086288097
2088,Oceania,40.1941790782292
2088,South America,47.8385569770694
2088,South-eastern Asia,31.969913753210122
2088,Southern Africa,62.95469102615083
2088,Southern Asia,46.226973404360905
2088,Southern Europe,29.876347614953858
2088,Western Africa,40.74874265128585
2088,Western Asia,43.32420509751742
2088,Western Europe,26.349569143575735
2089,Australia and New Zealand,30.909679426465164
2089,Caribbean,52.59785790646312
2089,Central America,22.709284776981775
2089,Central Asia,34.378593255441814
2089,Eastern Africa,39.48973105568818
2089,Eastern Asia,25.24946203372096
2089,Eastern Europe,38.294867404172805
2089,Middle Africa,38.69108717268723
2089,Northern Africa,27.340344291195606
2089,Northern America,40.32365298910507
2089,Northern Europe,27.31999535467793
2089,Oceania,40.054542149204764
2089,South America,47.78716951965478
2089,South-eastern Asia,31.72929079753466
2089,Southern Africa,62.92648360459019
2089,Southern Asia,46.47793885460736
2089,Southern Europe,29.863571387481613
2089,Western Africa,40.55469359929589
2089,Western Asia,43.14216104979991
2089,Western Europe,26.35872196005593
2090,Australia and New Zealand,30.923578322307232
2090,Caribbean,52.58997413346087
2090,Central America,22.43544591452782
2090,Central Asia,34.302782526683906
2090,Eastern Africa,39.402884554909434
2090,Eastern Asia,24.829009952381398
2090,Eastern Europe,38.36788194739533
2090,Middle Africa,38.477639378390904
2090,Northern Africa,27.217980782262963
2090,Northern America,40.35911569368498
2090,Northern Europe,27.23199735153301
2090,Oceania,39.92539055144384
2090,South America,47.736443803120565
2090,South-eastern Asia,31.482776904609366
2090,Southern Africa,62.90060806758522
2090,Southern Asia,46.737290398089115
2090,Southern Europe,29.851261300991894
2090,Western Africa,40.37339491053373
2090,Western Asia,42.96028858769034
2090,Western Europe,26.36817411853265
2091,Australia and New Zealand,30.93930540963621
2091,Caribbean,52.587535326209434
2091,Central America,22.17236497509809
2091,Central Asia,34.235759039991365
2091,Eastern Africa,39.31865891714601
2091,Eastern Asia,24.408859599660104
2091,Eastern Europe,38.4426898651018
2091,Middle Africa,38.237556077621804
2091,Northern Africa,27.09673708100233
2091,Northern America,40.3956662948457
2091,Northern Europe,27.141175036503995
2091,Oceania,39.797799401218725
2091,South America,47.68938866211663
2091,South-eastern Asia,31.238254448389213
2091,Southern Africa,62.87654309566495
2091,Southern Asia,47.0032079758802
2091,Southern Europe,29.839396094384085
2091,Western Africa,40.191806657308504
2091,Western Asia,42.76951756051517
2091,Western Europe,26.381961923567943
2092,Australia and New Zealand,30.95835260473825
2092,Caribbean,52.589001727017504
2092,Central America,21.91914497237235
2092,Central Asia,34.17136879194338
2092,Eastern Africa,39.237524505962185
2092,Eastern Asia,23.98497877350536
2092,Eastern Europe,38.519448872912676
2092,Middle Africa,37.996579031426236
2092,Northern Africa,26.97802989150695
2092,Northern America,40.43438624439651
2092,Northern Europe,27.050670623359707
2092,Oceania,39.67320470475393
2092,South America,47.64552748593047
2092,South-eastern Asia,30.995209322303907
2092,Southern Africa,62.853707903142464
2092,Southern Asia,47.27745650848192
2092,Southern Europe,29.828505928079707
2092,Western Africa,40.01170166587649
2092,Western Asia,42.58061197283638
2092,Western Europe,26.398102572411375
2093,Australia and New Zealand,30.977521122246543
2093,Caribbean,52.591755359925685
2093,Central America,21.67389678245648
2093,Central Asia,34.10879622019625
2093,Eastern Africa,39.15720087202956
2093,Eastern Asia,23.557186853830103
2093,Eastern Europe,38.596856186680384
2093,Middle Africa,37.752126857289525
2093,Northern Africa,26.86056163671644
2093,Northern America,40.47347047268124
2093,Northern Europe,26.95906922505742
2093,Oceania,39.54845366961912
2093,South America,47.60094112856592
2093,South-eastern Asia,30.75074135447764
2093,Southern Africa,62.829390195273135
2093,Southern Asia,47.55473223165225
2093,Southern Europe,29.817599845282672
2093,Western Africa,39.83068388452118
2093,Western Asia,42.39144320892407
2093,Western Europe,26.41460247059868
2094,Australia and New Zealand,30.997145060317788
2094,Caribbean,52.59377628588098
2094,Central America,21.43610413126602
2094,Central Asia,34.04716520500326
2094,Eastern Africa,39.076815162837875
2094,Eastern Asia,23.122737410665195
2094,Eastern Europe,38.67470321126234
2094,Middle Africa,37.5028622697549
2094,Northern Africa,26.74324916372992
2094,Northern America,40.51227829770827
2094,Northern Europe,26.866421544184504
2094,Oceania,39.4228771830015
2094,South America,47.554587389920755
2094,South-eastern Asia,30.50506981483352
2094,Southern Africa,62.801297547678026
2094,Southern Asia,47.83516686000873
2094,Southern Europe,29.8061749799011
2094,Western Africa,39.64762347628863
2094,Western Asia,42.202217772662465
2094,Western Europe,26.430983719195567
2095,Australia and New Zealand,31.021449299268333
2095,Caribbean,52.59644225658633
2095,Central America,21.20566574687679
2095,Central Asia,33.988077406068484
2095,Eastern Africa,38.996449666624855
2095,Eastern Asia,22.68248174075893
2095,Eastern Europe,38.753622401598875
2095,Middle Africa,37.2501458956112
2095,Northern Africa,26.626626207144177
2095,Northern America,40.55208316027547
2095,Northern Europe,26.772629247574997
2095,Oceania,39.29733169693357
2095,South America,47.50734119015334
2095,South-eastern Asia,30.259611143593546
2095,Southern Africa,62.77119914123297
2095,Southern Asia,48.117252154182566
2095,Southern Europe,29.79432957629946
2095,Western Africa,39.46342072309861
2095,Western Asia,42.011959722563574
2095,Western Europe,26.447333732020084
2096,Australia and New Zealand,31.04640978665625
2096,Caribbean,52.598067570852436
2096,Central America,20.98303180128518
2096,Central Asia,33.937286658373544
2096,Eastern Africa,38.91659311428448
2096,Eastern Asia,22.246670963878046
2096,Eastern Europe,38.8332535829921
2096,Middle Africa,36.9674721511938
2096,Northern Africa,26.5097049831148
2096,Northern America,40.59468401809143
2096,Northern Europe,26.67592922617814
2096,Oceania,39.17253321234888
2096,South America,47.46260571266916
2096,South-eastern Asia,30.015271028841184
2096,Southern Africa,62.74032755049524
2096,Southern Asia,48.40772562496909
2096,Southern Europe,29.78280028234117
2096,Western Africa,39.27807046753706
2096,Western Asia,41.81312748435957
2096,Western Europe,26.46863769841623
2097,Australia and New Zealand,31.072225438874845
2097,Caribbean,52.595991298381506
2097,Central America,20.767954741050687
2097,Central Asia,33.88897361453953
2097,Eastern Africa,38.83729457415761
2097,Eastern Asia,21.804568729277918
2097,Eastern Europe,38.914345336731415
2097,Middle Africa,36.685861046823476
2097,Northern Africa,26.37414375163285
2097,Northern America,40.6394111141025
2097,Northern Europe,26.57996516081056
2097,Oceania,39.0490797409214
2097,South America,47.42584393663343
2097,South-eastern Asia,29.805740314478157
2097,Southern Africa,62.709238991364735
2097,Southern Asia,48.69275998334359
2097,Southern Europe,29.7721068210123
2097,Western Africa,39.09021837977562
2097,Western Asia,41.60128314504661
2097,Western Europe,26.492687335627707
2098,Australia and New Zealand,31.093522550151853
2098,Caribbean,52.59597769834379
2098,Central America,20.560451688345793
2098,Central Asia,33.84266896827253
2098,Eastern Africa,38.76128924526512
2098,Eastern Asia,21.35734377072467
2098,Eastern Europe,38.99986089632712
2098,Middle Africa,36.40012543388629
2098,Northern Africa,26.23981655879355
2098,Northern America,40.685470052109096
2098,Northern Europe,26.483963001312105
2098,Oceania,38.92629169421795
2098,South America,47.390893426553404
2098,South-eastern Asia,29.60119730103372
2098,Southern Africa,62.67832620442677
2098,Southern Asia,48.980254275164725
2098,Southern Europe,29.761278914643086
2098,Western Africa,38.902797013113855
2098,Western Asia,41.38910271059615
2098,Western Europe,26.51682329579188
2099,Australia and New Zealand,31.110216834068805
2099,Caribbean,52.597447206995795
2099,Central America,20.360361026798657
2099,Central Asia,33.80052521858623
2099,Eastern Africa,38.688966688754434
2099,Eastern Asia,20.904829246045864
2099,Eastern Europe,39.090366594308534
2099,Middle Africa,36.11200257193303
2099,Northern Africa,26.107886993646723
2099,Northern America,40.733056584394504
2099,Northern Europe,26.388431714300964
2099,Oceania,38.80483933260486
2099,South America,47.356943726749634
2099,South-eastern Asia,29.39802385696666
2099,Southern Africa,62.648024071185574
2099,Southern Asia,49.270791370981826
2099,Southern Europe,29.750578975187025
2099,Western Africa,38.7167424282179
2099,Western Asia,41.17715423410502
2099,Western Europe,26.541890215318986
2100,Australia and New Zealand,31.12749898933993
2100,Caribbean,52.60142412228177
2100,Central America,20.167197868853393
2100,Central Asia,33.761044370461235
2100,Eastern Africa,38.62012832674111
2100,Eastern Asia,20.447286029248346
2100,Eastern Europe,39.18199472236559
2100,Middle Africa,35.83400622886188
2100,Northern Africa,25.978487410115925
2100,Northern America,40.78395062444491
2100,Northern Europe,26.293096935281568
2100,Oceania,38.68483365984936
2100,South America,47.32445598957824
2100,South-eastern Asia,29.197830163012384
2100,Southern Africa,62.619079473898864
2100,Southern Asia,49.56521632782618
2100,Southern Europe,29.740385737976638
2100,Western Africa,38.5325469077074
2100,Western Asia,40.96504156076861
2100,Western Europe,26.568403957859843
2101,Australia and New Zealand,31.1543439775388
2101,Caribbean,52.49993222237492
2101,Central America,20.134261233087614
2101,Central Asia,33.732655732213246
2101,Eastern Africa,38.623458219263185
2101,Eastern Asia,20.44882510503996
2101,Eastern Europe,39.17589491423783
2101,Middle Africa,35.72246295916308
2101,Northern Africa,25.9627839020526
2101,Northern America,40.78803917137277
2101,Northern Europe,26.246440500508328
2101,Oceania,38.60870949332238
2101,South America,47.28021605846244
2101,South-eastern Asia,29.102783462679938
2101,Southern Africa,62.59178100824991
2101,Southern Asia,49.436369623830956
2101,Southern Europe,29.7045929031146
2101,Western Africa,38.468661945906746
2101,Western Asia,40.72781002732171
2101,Western Europe,26.587155165577414
2102,Australia and New Zealand,31.18151528136357
2102,Caribbean,52.46066526752067
2102,Central America,20.12044255561065
2102,Central Asia,33.68494636507382
2102,Eastern Africa,38.64073990280161
2102,Eastern Asia,20.46198698846098
2102,Eastern Europe,39.18942755373038
2102,Middle Africa,35.621492158735535
2102,Northern Africa,25.957566784924424
2102,Northern America,40.79280272932442
2102,Northern Europe,26.22782831337247
2102,Oceania,38.592980074925265
2102,South America,47.27163394635028
2102,South-eastern Asia,29.050524664859978
2102,Southern Africa,62.60189787446819
2102,Southern Asia,49.39684891047804
2102,Southern Europe,29.707388590904316
2102,Western Africa,38.41649090306554
2102,Western Asia,40.56372813063902
2102,Western Europe,26.611868471917077
2103,Australia and New Zealand,31.208580801115993
2103,Caribbean,52.42395812334024
2103,Central America,20.108279995436718
2103,Central Asia,33.639293552946725
2103,Eastern Africa,38.65762246153501
2103,Eastern Asia,20.475110763583615
2103,Eastern Europe,39.20269768490634
2103,Middle Africa,35.52660970678794
2103,Northern Africa,25.95401606029295
2103,Northern America,40.79762090862946
2103,Northern Europe,26.21129120167751
2103,Oceania,38.57959120099519
2103,South America,47.264359392194066
2103,South-eastern Asia,29.0008025471181
2103,Southern Africa,62.61230993251008
2103,Southern Asia,49.3594434840805
2103,Southern Europe,29.710600739666404
2103,Western Africa,38.36843047378302
2103,Western Asia,40.407525685912304
2103,Western Europe,26.638528007422835
2104,Australia and New Zealand,31.235238068680538
2104,Caribbean,52.389254557606435
2104,Central America,20.096775276893908
2104,Central Asia,33.595917224018734
2104,Eastern Africa,38.67426588353524
2104,Eastern Asia,20.488233606845085
2104,Eastern Europe,39.21569367431914
2104,Middle Africa,35.43668413202319
2104,Northern Africa,25.95112111654192
2104,Northern America,40.802225918256156
2104,Northern Europe,26.195707111323685
2104,Oceania,38.56712063046572
2104,South America,47.257483167178904
2104,South-eastern Asia,28.953420608932845
2104,Southern Africa,62.62226274867597
2104,Southern Asia,49.323313366295096
2104,Southern Europe,29.714144692099964
2104,Western Africa,38.322539034225045
2104,Western Asia,40.257934137220985
2104,Western Europe,26.664739115561886
2105,Australia and New Zealand,31.261303440544186
2105,Caribbean,52.35646545834243
2105,Central America,20.08554859623075
2105,Central Asia,33.55422749598169
2105,Eastern Africa,38.69037620252591
2105,Eastern Asia,20.501119555007108
2105,Eastern Europe,39.22841955270826
2105,Middle Africa,35.35085457403646
2105,Northern Africa,25.947858246052213
2105,Northern America,40.80627001476218
2105,Northern Europe,26.181891598808704
2105,Oceania,38.555040661900186
2105,South America,47.25039785169969
2105,South-eastern Asia,28.907939760552992
2105,Southern Africa,62.63101220276042
2105,Southern Asia,49.28730757665534
2105,Southern Europe,29.717494097886643
2105,Western Africa,38.2793603292896
2105,Western Asia,40.115090893876015
2105,Western Europe,26.69016781051461
2106,Australia and New Zealand,31.28679492787736
2106,Caribbean,52.325913361111276
2106,Central America,20.074938152089672
2106,Central Asia,33.514928063873306
2106,Eastern Africa,38.706273490501175
2106,Eastern Asia,20.51366972274522
2106,Eastern Europe,39.240874596965725
2106,Middle Africa,35.269110247461555
2106,Northern Africa,25.944483380940042
2106,Northern America,40.809997754068576
2106,Northern Europe,26.170575474980495
2106,Oceania,38.543583783569524
2106,South America,47.24336881540516
2106,South-eastern Asia,28.864451133059887
2106,Southern Africa,62.63958935661673
2106,Southern Asia,49.252091509366025
2106,Southern Europe,29.72076489650206
2106,Western Africa,38.23756837777168
2106,Western Asia,39.9789361366679
2106,Western Europe,26.71514084612525
2107,Australia and New Zealand,31.311350857686993
2107,Caribbean,52.29738768874377
2107,Central America,20.065260244282257
2107,Central Asia,33.479020262409875
2107,Eastern Africa,38.72221920577026
2107,Eastern Asia,20.52608691809894
2107,Eastern Europe,39.253081875612494
2107,Middle Africa,35.19652246598959
2107,Northern Africa,25.941710300790888
2107,Northern America,40.81375688304156
2107,Northern Europe,26.160572064365084
2107,Oceania,38.53313316060252
2107,South America,47.237046060929444
2107,South-eastern Asia,28.823503925945815
2107,Southern Africa,62.650979027494635
2107,Southern Asia,49.2195116116946
2107,Southern Europe,29.72407290371315
2107,Western Africa,38.198422792364894
2107,Western Asia,39.85115072155594
2107,Western Europe,26.739449055225606
2108,Australia and New Zealand,31.335173669834138
2108,Caribbean,52.272074975910954
2108,Central America,20.056560437296866
2108,Central Asia,33.445627447758675
2108,Eastern Africa,38.73801236516492
2108,Eastern Asia,20.538462987118322
2108,Eastern Europe,39.265054248009434
2108,Middle Africa,35.12861675947363
2108,Northern Africa,25.939664079039204
2108,Northern America,40.817691607887326
2108,Northern Europe,26.151693382529828
2108,Oceania,38.52412508494076
2108,South America,47.23148799909893
2108,South-eastern Asia,28.785042817406747
2108,Southern Africa,62.66283917949664
2108,Southern Asia,49.18995401798725
2108,Southern Europe,29.727572640818778
2108,Western Africa,38.1631127026413
2108,Western Asia,39.73004146338042
2108,Western Europe,26.763383798917673
2109,Australia and New Zealand,31.35883916821829
2109,Caribbean,52.24959566340601
2109,Central America,20.049249297862204
2109,Central Asia,33.41433636987983
2109,Eastern Africa,38.7540886265441
2109,Eastern Asia,20.55089371425467
2109,Eastern Europe,39.27676358244483
2109,Middle Africa,35.06986986509908
2109,Northern Africa,25.93882580435718
2109,Northern America,40.82199625369478
2109,Northern Europe,26.14387977438284
2109,Oceania,38.51703956786885
2109,South America,47.22712146800632
2109,South-eastern Asia,28.749642840062606
2109,Southern Africa,62.6757118729671
2109,Southern Asia,49.163241119871515
2109,Southern Europe,29.731598121726677
2109,Western Africa,38.131523048151195
2109,Western Asia,39.61477827301465
2109,Western Europe,26.78737492440284
2110,Australia and New Zealand,31.38317878451007
2110,Caribbean,52.23048024348316
2110,Central America,20.043380244660725
2110,Central Asia,33.38517211951384
2110,Eastern Africa,38.771101486584314
2110,Eastern Asia,20.563490299768006
2110,Eastern Europe,39.288224157694884
2110,Middle Africa,35.02041510332852
2110,Northern Africa,25.93979484334703
2110,Northern America,40.826896459087706
2110,Northern Europe,26.136774023034803
2110,Oceania,38.51156574743975
2110,South America,47.22439226107582
2110,South-eastern Asia,28.716965029960306
2110,Southern Africa,62.690437632726415
2110,Southern Asia,49.140003313914704
2110,Southern Europe,29.73635653124944
2110,Western Africa,38.103684865181364
2110,Western Asia,39.50603521905691
2110,Western Europe,26.810864230660414
2111,Australia and New Zealand,31.407869230886742
2111,Caribbean,52.21542768541596
2111,Central America,20.03924624829878
2111,Central Asia,33.358065142606996
2111,Eastern Africa,38.78950938129044
2111,Eastern Asia,20.576750549402334
2111,Eastern Europe,39.299459757968336
2111,Middle Africa,34.978360965637734
2111,Northern Africa,25.942907246731295
2111,Northern America,40.83285367914442
2111,Northern Europe,26.1303061239353
2111,Oceania,38.50834626986792
2111,South America,47.224421736207844
2111,South-eastern Asia,28.687309317277965
2111,Southern Africa,62.707958603448866
2111,Southern Asia,49.12282026977799
2111,Southern Europe,29.741704347182463
2111,Western Africa,38.080856299619015
2111,Western Asia,39.40362012173182
2111,Western Europe,26.83437658069714
2112,Australia and New Zealand,31.431813392325925
2112,Caribbean,52.20211631584348
2112,Central America,20.035805544665664
2112,Central Asia,33.33220337901164
2112,Eastern Africa,38.80767713689792
2112,Eastern Asia,20.590072045631302
2112,Eastern Europe,39.31055285707146
2112,Middle Africa,34.94298439008254
2112,Northern Africa,25.946440523915903
2112,Northern America,40.83889375509493
2112,Northern Europe,26.124462837395868
2112,Oceania,38.505920207829725
2112,South America,47.22554124841736
2112,South-eastern Asia,28.659459505102447
2112,Southern Africa,62.72580114208672
2112,Southern Asia,49.1071319671164
2112,Southern Europe,29.747012274580342
2112,Western Africa,38.06009920639326
2112,Western Asia,39.30661453101507
2112,Western Europe,26.857228022708313
2113,Australia and New Zealand,31.454681235142257
2113,Caribbean,52.18857841674449
2113,Central America,20.03212339079994
2113,Central Asia,33.307026884806135
2113,Eastern Africa,38.82433999196344
2113,Eastern Asia,20.602686256779634
2113,Eastern Europe,39.321424852157705
2113,Middle Africa,34.90839234448195
2113,Northern Africa,25.94886356427164
2113,Northern America,40.844756014516115
2113,Northern Europe,26.119546038479058
2113,Oceania,38.50296084080487
2113,South America,47.22545970113927
2113,South-eastern Asia,28.63246364662615
2113,Southern Africa,62.74155893106208
2113,Southern Asia,49.090602093237834
2113,Southern Europe,29.751887085113538
2113,Western Africa,38.03888684363983
2113,Western Asia,39.213918730803954
2113,Western Europe,26.879130049242406
2114,Australia and New Zealand,31.475854747892207
2114,Caribbean,52.174504866762206
2114,Central America,20.028111796132464
2114,Central Asia,33.28250574842251
2114,Eastern Africa,38.839129005371476
2114,Eastern Asia,20.614511137370073
2114,Eastern Europe,39.3319925736229
2114,Middle Africa,34.874094457266835
2114,Northern Africa,25.9499794976632
2114,Northern America,40.85199865855502
2114,Northern Europe,26.11637001215854
2114,Oceania,38.49919384973415
2114,South America,47.22390559073446
2114,South-eastern Asia,28.606007845541725
2114,Southern Africa,62.75476971082483
2114,Southern Asia,49.072381619683725
2114,Southern Europe,29.756176210779373
2114,Western Africa,38.01702162891267
2114,Western Asia,39.12498791999255
2114,Western Europe,26.900052482172754
2115,Australia and New Zealand,31.495455732898137
2115,Caribbean,52.16168225072977
2115,Central America,20.02405544692749
2115,Central Asia,33.25899219369557
2115,Eastern Africa,38.852216121244254
2115,Eastern Asia,20.62569683754134
2115,Eastern Europe,39.34224326950755
2115,Middle Africa,34.84076769351496
2115,Northern Africa,25.950208135543917
2115,Northern America,40.858447244866355
2115,Northern Europe,26.113746772626456
2115,Oceania,38.49511769805947
2115,South America,47.22134347321152
2115,South-eastern Asia,28.58053217159835
2115,Southern Africa,62.7666510371526
2115,Southern Asia,49.053548112262746
2115,Southern Europe,29.75990528767909
2115,Western Africa,37.995408930481034
2115,Western Asia,39.04061005912425
2115,Western Europe,26.92011218316175
2116,Australia and New Zealand,31.5139430864809
2116,Caribbean,52.149527336293744
2116,Central America,20.020123965843695
2116,Central Asia,33.23681341290179
2116,Eastern Africa,38.864215602444574
2116,Eastern Asia,20.636463467396027
2116,Eastern Europe,39.35220079069914
2116,Middle Africa,34.80862060240675
2116,Northern Africa,25.95024670891206
2116,Northern America,40.86447339674795
2116,Northern Europe,26.11138107374984
2116,Oceania,38.49148859089677
2116,South America,47.218396911364735
2116,South-eastern Asia,28.556501035174264
2116,Southern Africa,62.7776885522449
2116,Southern Asia,49.03502979765513
2116,Southern Europe,29.763335076495068
2116,Western Africa,37.97490511224808
2116,Western Asia,38.96020113452323
2116,Western Europe,26.93949170088814
2117,Australia and New Zealand,31.531322468022438
2117,Caribbean,52.137806639304074
2117,Central America,20.01623403204995
2117,Central Asia,33.21589173987096
2117,Eastern Africa,38.87514520542368
2117,Eastern Asia,20.646922730039563
2117,Eastern Europe,39.3618774205887
2117,Middle Africa,34.77801738013895
2117,Northern Africa,25.94994350066422
2117,Northern America,40.870056835056715
2117,Northern Europe,26.10967259675263
2117,Oceania,38.48798774821862
2117,South America,47.215076812736
2117,South-eastern Asia,28.533504392359532
2117,Southern Africa,62.78780241000845
2117,Southern Asia,49.01698000726391
2117,Southern Europe,29.766451893191714
2117,Western Africa,37.95543919931248
2117,Western Asia,38.883458759919876
2117,Western Europe,26.958110192166274
2118,Australia and New Zealand,31.548564130111423
2118,Caribbean,52.127320697142565
2118,Central America,20.012746718676766
2118,Central Asia,33.195981543399
2118,Eastern Africa,38.885775033284276
2118,Eastern Asia,20.657207612108408
2118,Eastern Europe,39.37131525014088
2118,Middle Africa,34.750126687026395
2118,Northern Africa,25.949990608032003
2118,Northern America,40.87559125499354
2118,Northern Europe,26.108630412988987
2118,Oceania,38.48501749183448
2118,South America,47.21226904527995
2118,South-eastern Asia,28.511901446314525
2118,Southern Africa,62.79813229271465
2118,Southern Asia,49.00059406664106
2118,Southern Europe,29.76948434615636
2118,Western Africa,37.93787703585636
2118,Western Asia,38.81070057670826
2118,Western Europe,26.976284194697797
2119,Australia and New Zealand,31.565885182866804
2119,Caribbean,52.1182314198704
2119,Central America,20.010041015748214
2119,Central Asia,33.17722805342118
2119,Eastern Africa,38.89644304239859
2119,Eastern Asia,20.667358842052153
2119,Eastern Europe,39.38058020039499
2119,Middle Africa,34.72517745431816
2119,Northern Africa,25.95056578489814
2119,Northern America,40.88119902707534
2119,Northern Europe,26.108266655455736
2119,Oceania,38.48341152597943
2119,South America,47.21001420205191
2119,South-eastern Asia,28.491783664915005
2119,Southern Africa,62.80887615522115
2119,Southern Asia,48.98596176629013
2119,Southern Europe,29.772639772509635
2119,Western Africa,37.922661714815575
2119,Western Asia,38.741618098504205
2119,Western Europe,26.993850081027304
2120,Australia and New Zealand,31.58323349951999
2120,Caribbean,52.11137305224831
2120,Central America,20.008362339416408
2120,Central Asia,33.15961992249168
2120,Eastern Africa,38.907843425746336
2120,Eastern Asia,20.677641351398535
2120,Eastern Europe,39.389862454688185
2120,Middle Africa,34.70568225313748
2120,Northern Africa,25.952350490463694
2120,Northern America,40.88733585019373
2120,Northern Europe,26.108428056742383
2120,Oceania,38.48306448420011
2120,South America,47.20909673987421
2120,South-eastern Asia,28.473566081957813
2120,Southern Africa,62.82120407235947
2120,Southern Asia,48.97427325415613
2120,Southern Europe,29.776261245758207
2120,Western Africa,37.91041020816017
2120,Western Asia,38.67661056973688
2120,Western Europe,27.010959723036265
2121,Australia and New Zealand,31.600998874003672
2121,Caribbean,52.10783916896986
2121,Central America,20.00797238911396
2121,Central Asia,33.143503851470335
2121,Eastern Africa,38.92074238953569
2121,Eastern Asia,20.688249285283433
2121,Eastern Europe,39.39895150842432
2121,Middle Africa,34.68969323011919
2121,Northern Africa,25.956021890794823
2121,Northern America,40.89512181460204
2121,Northern Europe,26.108786401352546
2121,Oceania,38.48438264039853
2121,South America,47.2100725505495
2121,South-eastern Asia,28.457518575877216
2121,Southern Africa,62.83603500868171
2121,Southern Asia,48.966245057505375
2121,Southern Europe,29.78033221753691
2121,Western Africa,37.901761277529644
2121,Western Asia,38.615790658672466
2121,Western Europe,27.027781936152095
2122,Australia and New Zealand,31.618968999257913
2122,Caribbean,52.10673859011763
2122,Central America,20.00851299347346
2122,Central Asia,33.128658612983486
2122,Eastern Africa,38.93464102230979
2122,Eastern Asia,20.699060170007044
2122,Eastern Europe,39.408004114930506
2122,Middle Africa,34.67686770216609
2122,Northern Africa,25.9612532610765
2122,Northern America,40.90348355228706
2122,Northern Europe,26.10954800553742
2122,Oceania,38.487004766163935
2122,South America,47.21252157200091
2122,South-eastern Asia,28.443275703161675
2122,Southern Africa,62.85267052720691
2122,Southern Asia,48.96113264346056
2122,Southern Europe,29.784815089074712
2122,Western Africa,37.89617183473517
2122,Western Asia,38.558673149452005
2122,Western Europe,27.044477263038758
2123,Australia and New Zealand,31.635466328189743
2123,Caribbean,52.105392688319796
2123,Central America,20.008811638697566
2123,Central Asia,33.1141308536365
2123,Eastern Africa,38.94687141953739
2123,Eastern Asia,20.7091932779619
2123,Eastern Europe,39.41677183570853
2123,Middle Africa,34.66691996375175
2123,Northern Africa,25.965527581918124
2123,Northern America,40.911137869379566
2123,Northern Europe,26.11027068899574
2123,Oceania,38.48877949077991
2123,South America,47.21374865778749
2123,South-eastern Asia,28.42951789180823
2123,Southern Africa,62.86718755409879
2123,Southern Asia,48.954604556316994
2123,Southern Europe,29.78871332828632
2123,Western Africa,37.8896774976603
2123,Western Asia,38.50375584942185
2123,Western Europe,27.06070756555583
2124,Australia and New Zealand,31.650314811139335
2124,Caribbean,52.10277777950196
2124,Central America,20.008593148446252
2124,Central Asia,33.09978760718604
2124,Eastern Africa,38.957153239794096
2124,Eastern Asia,20.718545533932797
2124,Eastern Europe,39.425245052798275
2124,Middle Africa,34.65793299925792
2124,Northern Africa,25.96840432907559
2124,Northern America,40.91773527322484
2124,Northern Europe,26.11097302692471
2124,Oceania,38.489426740262545
2124,South America,47.21344763402193
2124,South-eastern Asia,28.41578788365844
2124,Southern Africa,62.879128527180406
2124,Southern Asia,48.94607571519529
2124,Southern Europe,29.791915429251503
2124,Western Africa,37.881842472236826
2124,Western Asia,38.45049941558827
2124,Western Europe,27.076037141815235
2125,Australia and New Zealand,31.663910678265683
2125,Caribbean,52.099513640506245
2125,Central America,20.0080210712418
2125,Central Asia,33.085822570244616
2125,Eastern Africa,38.966135119462564
2125,Eastern Asia,20.727308744837813
2125,Eastern Europe,39.43343416655303
2125,Middle Africa,34.650208057685106
2125,Northern Africa,25.970432110800523
2125,Northern America,40.92358222121595
2125,Northern Europe,26.111839099407774
2125,Oceania,38.489398375253714
2125,South America,47.212242161193174
2125,South-eastern Asia,28.40255955569866
2125,Southern Africa,62.88935251372205
2125,Southern Asia,48.93650275858299
2125,Southern Europe,29.794626250415845
2125,Western Africa,37.8732120468559
2125,Western Asia,38.39913763519789
2125,Western Europe,27.090612673323733
2126,Australia and New Zealand,31.675854069101206
2126,Caribbean,52.09483387171474
2126,Central America,20.006787324742348
2126,Central Asia,33.072012344123536
2126,Eastern Africa,38.97320307798218
2126,Eastern Asia,20.735264709283285
2126,Eastern Europe,39.441391552523086
2126,Middle Africa,34.641591632705726
2126,Northern Africa,25.970961465940512
2126,Northern America,40.92832608193984
2126,Northern Europe,26.112510125096833
2126,Oceania,38.488164176180995
2126,South America,47.20939471203209
2126,South-eastern Asia,28.389072068925003
2126,Southern Africa,62.89689134609855
2126,Southern Asia,48.92499773052599
2126,Southern Europe,29.79663399646597
2126,Western Africa,37.862874764198295
2126,Western Asia,38.34916711320773
2126,Western Europe,27.104310147426958
2127,Australia and New Zealand,31.68707826059105
2127,Caribbean,52.09043228799217
2127,Central America,20.005582788364862
2127,Central Asia,33.05867977077366
2127,Eastern Africa,38.979617638331376
2127,Eastern Asia,20.74288587821016
2127,Eastern Europe,39.449107587270404
2127,Middle Africa,34.63316445302489
2127,Northern Africa,25.97128135783837
2127,Northern America,40.93360140248112
2127,Northern Europe,26.113119945149066
2127,Oceania,38.48686756322248
2127,South America,47.20642782716524
2127,South-eastern Asia,28.37613900161955
2127,Southern Africa,62.903840679394385
2127,Southern Asia,48.91377398361776
2127,Southern Europe,29.798439243299413
2127,Western Africa,37.85282673059065
2127,Western Asia,38.30146025646144
2127,Western Europe,27.117379198092806
2128,Australia and New Zealand,31.69795122982295
2128,Caribbean,52.08710738316178
2128,Central America,20.004669602944603
2128,Central Asia,33.04603987316703
2128,Eastern Africa,38.98592159982641
2128,Eastern Asia,20.75035552147142
2128,Eastern Europe,39.456575022108
2128,Middle Africa,34.62550215872149
2128,Northern Africa,25.971894855895705
2128,Northern America,40.93901489997105
2128,Northern Europe,26.11367428110043
2128,Oceania,38.48590887640384
2128,South America,47.20378156989575
2128,South-eastern Asia,28.36406738532915
2128,Southern Africa,62.91099159096554
2128,Southern Asia,48.903510224861435
2128,Southern Europe,29.800228516696947
2128,Western Africa,37.843757012860024
2128,Western Asia,38.25658767286413
2128,Western Europe,27.12997262320833
2129,Australia and New Zealand,31.708690360881064
2129,Caribbean,52.08560000632687
2129,Central America,20.00423730189027
2129,Central Asia,33.034130332290346
2129,Eastern Africa,38.992454466679405
2129,Eastern Asia,20.757779898043793
2129,Eastern Europe,39.463802281758475
2129,Middle Africa,34.61895371156345
2129,Northern Africa,25.973102516074675
2129,Northern America,40.9445438595343
2129,Northern Europe,26.114282690208057
2129,Oceania,38.48553668912125
2129,South America,47.201754529918816
2129,South-eastern Asia,28.35301885806558
2129,Southern Africa,62.91878807004121
2129,Southern Asia,48.89470301521719
2129,Southern Europe,29.802147090375897
2129,Western Africa,37.836142977899456
2129,Western Asia,38.214329417899506
2129,Western Europe,27.142119979646395
2130,Australia and New Zealand,31.71984582101608
2130,Caribbean,52.08607627446504
2130,Central America,20.004609152203656
2130,Central Asia,33.02319137880936
2130,Eastern Africa,39.000105200411994
2130,Eastern Asia,20.76543923189149
2130,Eastern Europe,39.47080681340722
2130,Middle Africa,34.61558982492292
2130,Northern Africa,25.97565340211112
2130,Northern America,40.95065770166215
2130,Northern Europe,26.11492852321291
2130,Oceania,38.486665066722914
2130,South America,47.20117921450324
2130,South-eastern Asia,28.343418533949105
2130,Southern Africa,62.92843757600277
2130,Southern Asia,48.88866204990947
2130,Southern Europe,29.804425411090918
2130,Western Africa,37.83113601625061
2130,Western Asia,38.17497200483899
2130,Western Europe,27.154304251173045
2131,Australia and New Zealand,31.732238926633727
2131,Caribbean,52.090010126610764
2131,Central America,20.00640722592273
2131,Central Asia,33.013551878297065
2131,Eastern Africa,39.01017274052023
2131,Eastern Asia,20.7737564783379
2131,Eastern Europe,39.47761288538736
2131,Middle Africa,34.61634224988508
2131,Northern Africa,25.98084207143483
2131,Northern America,40.95819858098997
2131,Northern Europe,26.115705166596115
2131,Oceania,38.49024444747684
2131,South America,47.203313387331036
2131,South-eastern Asia,28.335995768705757
2131,Southern Africa,62.94177144602653
2131,Southern Asia,48.88745854213035
2131,Southern Europe,29.807514618465447
2131,Western Africa,37.83060028644094
2131,Western Asia,38.139570129082756
2131,Western Europe,27.16645845025809
2132,Australia and New Zealand,31.744701043959278
2132,Caribbean,52.0951463999495
2132,Central America,20.00867961443511
2132,Central Asia,33.00461446387537
2132,Eastern Africa,39.02085374021844
2132,Eastern Asia,20.782125215373526
2132,Eastern Europe,39.484205306628084
2132,Middle Africa,34.619189862388566
2132,Northern Africa,25.98679588898527
2132,Northern America,40.966125871792954
2132,Northern Europe,26.116520453014402
2132,Oceania,38.49456101230491
2132,South America,47.206267345130115
2132,South-eastern Asia,28.329606766564197
2132,Southern Africa,62.95605427980391
2132,Southern Asia,48.88791843931948
2132,Southern Europe,29.810792158006194
2132,Western Africa,37.831790316557345
2132,Western Asia,38.10718763265868
2132,Western Europe,27.178359802913477
2133,Australia and New Zealand,31.755983116386055
2133,Caribbean,52.09923025611225
2133,Central America,20.010421160207414
2133,Central Asia,32.995812632772115
2133,Eastern Africa,39.03006765796455
2133,Eastern Asia,20.789894023263855
2133,Eastern Europe,39.4905667290125
2133,Middle Africa,34.62108233246788
2133,Northern Africa,25.991664401805536
2133,Northern America,40.97317890267842
2133,Northern Europe,26.11717534815199
2133,Oceania,38.49795733852606
2133,South America,47.20804708504147
2133,South-eastern Asia,28.32302079775033
2133,Southern Africa,62.96837586703479
2133,Southern Asia,48.88677184690202
2133,Southern Europe,29.813557077685715
2133,Western Africa,37.83176762898783
2133,Western Asia,38.07571917533963
2133,Western Europe,27.18958333825121
2134,Australia and New Zealand,31.765961152612654
2134,Caribbean,52.10197766238842
2134,Central America,20.011516232367654
2134,Central Asia,32.98701609427024
2134,Eastern Africa,39.03761493008062
2134,Eastern Asia,20.797038538040624
2134,Eastern Europe,39.49670965171599
2134,Middle Africa,34.621628812544714
2134,Northern Africa,25.99522869646762
2134,Northern America,40.979240280310236
2134,Northern Europe,26.11786629805266
2134,Oceania,38.500244089118674
2134,South America,47.20842364936608
2134,South-eastern Asia,28.316157891427096
2134,Southern Africa,62.978418760034316
2134,Southern Asia,48.883653321682274
2134,Southern Europe,29.81572956302081
2134,Western Africa,37.8300678936494
2134,Western Asia,38.04481767679846
2134,Western Europe,27.200103216886617
2135,Australia and New Zealand,31.774237880223843
2135,Caribbean,52.10250644791614
2135,Central America,20.01164579811494
2135,Central Asia,32.97801796497559
2135,Eastern Africa,39.04289481036791
2135,Eastern Asia,20.803351438910056
2135,Eastern Europe,39.50264282097429
2135,Middle Africa,34.62014060074452
2135,Northern Africa,25.9968774140793
2135,Northern America,40.98395200508271
2135,Northern Europe,26.11843182926492
2135,Oceania,38.50091075876225
2135,South America,47.20674228531614
2135,South-eastern Asia,28.308528585232295
2135,Southern Africa,62.9852410916067
2135,Southern Asia,48.87748897794424
2135,Southern Europe,29.817207829563586
2135,Western Africa,37.825714670796984
2135,Western Asia,38.01413628142427
2135,Western Europe,27.20981930599038
2136,Australia and New Zealand,31.781154303620873
2136,Caribbean,52.10140870189015
2136,Central America,20.01110330495841
2136,Central Asia,32.96889793860114
2136,Eastern Africa,39.04639948924071
2136,Eastern Asia,20.808945852973437
2136,Eastern Europe,39.50835635632579
2136,Middle Africa,34.617163124044836
2136,Northern Africa,25.997070689330748
2136,Northern America,40.98760951935097
2136,Northern Europe,26.118790653480772
2136,Oceania,38.50038866729815
2136,South America,47.20353854606003
2136,South-eastern Asia,28.30038297946693
2136,Southern Africa,62.9896034666368
2136,Southern Asia,48.86917871302323
2136,Southern Europe,29.818088285930955
2136,Western Africa,37.8194956621126
2136,Western Asia,37.98397256451338
2136,Western Europe,27.218855563353372
2137,Australia and New Zealand,31.78760538182903
2137,Caribbean,52.10030050441503
2137,Central America,20.010514390675382
2137,Central Asia,32.96009480488156
2137,Eastern Africa,39.04948415117637
2137,Eastern Asia,20.814281692143055
2137,Eastern Europe,39.51387791346228
2137,Middle Africa,34.614220822191655
2137,Northern Africa,25.997077857976336
2137,Northern America,40.99101087857413
2137,Northern Europe,26.119051884071354
2137,Oceania,38.499745762890925
2137,South America,47.20020338147002
2137,South-eastern Asia,28.292533845824863
2137,Southern Africa,62.99353405549972
2137,Southern Asia,48.86111513763289
2137,Southern Europe,29.818820816848657
2137,Western Africa,37.81361000303072
2137,Western Asia,37.955056654295305
2137,Western Europe,27.22744830322874
2138,Australia and New Zealand,31.794117322780124
2138,Caribbean,52.10010783445185
2138,Central America,20.010284196932915
2138,Central Asia,32.95182529906473
2138,Eastern Africa,39.05295062480931
2138,Eastern Asia,20.8196302190089
2138,Eastern Europe,39.51922574835507
2138,Middle Africa,34.61217871302971
2138,Northern Africa,25.997644228176142
2138,Northern America,40.99482012201321
2138,Northern Europe,26.11928083355437
2138,Oceania,38.49961947900269
2138,South America,47.19752887513167
2138,South-eastern Asia,28.285448558402848
2138,Southern Africa,62.99820697837788
2138,Southern Asia,48.854420401652376
2138,Southern Europe,29.819677459670757
2138,Western Africa,37.808935326598814
2138,Western Asia,37.927797071545655
2138,Western Europe,27.235758481394257
2139,Australia and New Zealand,31.800524754684734
2139,Caribbean,52.10054810920859
2139,Central America,20.010267045818253
2139,Central Asia,32.94397927975101
2139,Eastern Africa,39.05657063004888
2139,Eastern Asia,20.824904214222073
2139,Eastern Europe,39.524401014736554
2139,Middle Africa,34.61080945018402
2139,Northern Africa,25.998549137700877
2139,Northern America,40.998651250874914
2139,Northern Europe,26.119462699188034
2139,Oceania,38.49977877532673
2139,South America,47.19523795592799
2139,South-eastern Asia,28.278932012311486
2139,Southern Africa,63.00320711901417
2139,Southern Asia,48.848621450515495
2139,Southern Europe,29.820565001305965
2139,Western Africa,37.805040358324504
2139,Western Asia,37.902005664516736
2139,Western Europe,27.243780566822196
2140,Australia and New Zealand,31.807008672678183
2140,Caribbean,52.101840480260364
2140,Central America,20.01058328152112
2140,Central Asia,32.93673418352494
2140,Eastern Africa,39.0605577996169
2140,Eastern Asia,20.830196569173154
2140,Eastern Europe,39.529413343352715
2140,Middle Africa,34.61025047852253
2140,Northern Africa,26.00005304413564
2140,Northern America,41.002657755928865
2140,Northern Europe,26.119631636409224
2140,Oceania,38.500428492700856
2140,South America,47.19358414355632
2140,South-eastern Asia,28.273121543049484
2140,Southern Africa,63.00891856797346
2140,Southern Asia,48.84406021356966
2140,Southern Europe,29.82158276082778
2140,Western Africa,37.802308369385784
2140,Western Asia,37.877765938717545
2140,Western Europe,27.25157390595072
2141,Australia and New Zealand,31.814022487700555
2141,Caribbean,52.104758726648015
2141,Central America,20.01157645283911
2141,Central Asia,32.93017151594064
2141,Eastern Africa,39.0655880375089
2141,Eastern Asia,20.835742948320757
2141,Eastern Europe,39.53427901056408
2141,Middle Africa,34.61125381865067
2141,Northern Africa,26.002743524886895
2141,Northern America,41.00723507207302
2141,Northern Europe,26.11983439319019
2141,Oceania,38.50211720424088
2141,South America,47.19328178467421
2141,South-eastern Asia,28.26841556034445
2141,Southern Africa,63.01635196429576
2141,Southern Asia,48.84184175815918
2141,Southern Europe,29.822973588951385
2141,Western Africa,37.80172902410044
2141,Western Asia,37.85548363205393
2141,Western Europe,27.259332483379595
2142,Australia and New Zealand,31.82162677819811
2142,Caribbean,52.10937091849566
2142,Central America,20.013282175468206
2142,Central Asia,32.924290740031736
2142,Eastern Africa,39.07177084167763
2142,Eastern Asia,20.841575578843674
2142,Eastern Europe,39.539004702527336
2142,Middle Africa,34.61391361958768
2142,Northern Africa,26.006687669685036
2142,Northern America,41.01242940024257
2142,Northern Europe,26.12015377213126
2142,Oceania,38.50489579327707
2142,South America,47.19438981269768
2142,South-eastern Asia,28.264839707987832
2142,Southern Africa,63.025613765965716
2142,Southern Asia,48.84208712655003
2142,Southern Europe,29.82475946034846
2142,Western Africa,37.80340659072792
2142,Western Asia,37.835133187328296
2142,Western Europe,27.266999396263003
2143,Australia and New Zealand,31.828940523753513
2143,Caribbean,52.1140152938127
2143,Central America,20.014986755493425
2143,Central Asia,32.91865189963925
2143,Eastern Africa,39.07773909226542
2143,Eastern Asia,20.84724318774107
2143,Eastern Europe,39.54357242139892
2143,Middle Africa,34.61664943867291
2143,Northern Africa,26.010622724159127
2143,Northern America,41.017451319228556
2143,Northern Europe,26.120490668094476
2143,Oceania,38.50763687178862
2143,South America,47.19546877430183
2143,South-eastern Asia,28.261530409344005
2143,Southern Africa,63.034647021592605
2143,Southern Asia,48.84247846909062
2143,Southern Europe,29.82645754169262
2143,Western Africa,37.80523267278291
2143,Western Asia,37.81572782309439
2143,Western Europe,27.274339649868296
2144,Australia and New Zealand,31.835625304716064
2144,Caribbean,52.11803846430065
2144,Central America,20.01643188569915
2144,Central Asia,32.91307749838435
2144,Eastern Africa,39.08294208705492
2144,Eastern Asia,20.852561872323605
2144,Eastern Europe,39.54797793808389
2144,Middle Africa,34.61880170676608
2144,Northern Africa,26.01398823575689
2144,Northern America,41.02199548332672
2144,Northern Europe,26.120729803815124
2144,Oceania,38.50989988737261
2144,South America,47.195973623362875
2144,South-eastern Asia,28.258136062180483
2144,Southern Africa,63.042650464063854
2144,Southern Asia,48.84208475732308
2144,Southern Europe,29.82788309452964
2144,Western Africa,37.806365293197786
2144,Western Asia,37.7968460108157
2144,Western Europe,27.28127050378575
2145,Australia and New Zealand,31.841782178199463
2145,Caribbean,52.121604108351605
2145,Central America,20.01767550297373
2145,Central Asia,32.907601522650154
2145,Eastern Africa,39.08753669213354
2145,Eastern Asia,20.857580116703645
2145,Eastern Europe,39.55222959539313
2145,Middle Africa,34.62056549829455
2145,Northern Africa,26.01691087602145
2145,Northern America,41.02614778782785
2145,Northern Europe,26.120887279944327
2145,Oceania,38.51179941110985
2145,South America,47.196042392639725
2145,South-eastern Asia,28.25472697417588
2145,Southern Africa,63.04984151809627
2145,Southern Asia,48.841173892066436
2145,Southern Europe,29.82909235764062
2145,Western Africa,37.80701341234689
2145,Western Asia,37.7785390770093
2145,Western Europe,27.287840103938166
2146,Australia and New Zealand,31.846974542857254
2146,Caribbean,52.12388024416974
2146,Central America,20.018346970595502
2146,Central Asia,32.902001712272444
2146,Eastern Africa,39.09083778177198
2146,Eastern Asia,20.862067881132873
2146,Eastern Europe,39.55632299231695
2146,Middle Africa,34.621126832704974
2146,Northern Africa,26.018728569209415
2146,Northern America,41.029516730226945
2146,Northern Europe,26.120903763417402
2146,Oceania,38.512776078805366
2146,South America,47.19497452316723
2146,South-eastern Asia,28.250864362425787
2146,Southern Africa,63.055192287751005
2146,Southern Asia,48.83860320491671
2146,Southern Europe,29.829846798073945
2146,Western Africa,37.80609996492679
2146,Western Asia,37.76029415648594
2146,Western Europe,27.2939248786102
2147,Australia and New Zealand,31.851649632753176
2147,Caribbean,52.12566792569646
2147,Central America,20.01879275533156
2147,Central Asia,32.896479711411075
2147,Eastern Africa,39.093527186496146
2147,Eastern Asia,20.866256156372742
2147,Eastern Europe,39.56027205446304
2147,Middle Africa,34.62125427409468
2147,Northern Africa,26.020080275694646
2147,Northern America,41.03249680638292
2147,Northern Europe,26.120833165157364
2147,Oceania,38.513381674086666
2147,South America,47.19346406216118
2147,South-eastern Asia,28.24696704444314
2147,Southern Africa,63.05971770885961
2147,Southern Asia,48.83543716741272
2147,Southern Europe,29.830387171689665
2147,Western Africa,37.8046323612903
2147,Western Asia,37.74253379713457
2147,Western Europe,27.299658472138688
2148,Australia and New Zealand,31.856099921814174
2148,Caribbean,52.127493132904235
2148,Central America,20.019238970265008
2148,Central Asia,32.89118378486737
2148,Eastern Africa,39.09605115279824
2148,Eastern Asia,20.870296156654433
2148,Eastern Europe,39.56409023159857
2148,Middle Africa,34.62143785943468
2148,Northern Africa,26.021380746817435
2148,Northern America,41.03534428036397
2148,Northern Europe,26.120714999762384
2148,Oceania,38.513967017083495
2148,South America,47.191966461675605
2148,South-eastern Asia,28.243284875188834
2148,Southern Africa,63.064073791395536
2148,Southern Asia,48.832390986656904
2148,Southern Europe,29.830871895314104
2148,Western Africa,37.803275116942814
2148,Western Asia,37.725559538174736
2148,Western Europe,27.305131365037738
2149,Australia and New Zealand,31.86017042578486
2149,Caribbean,52.12906894421039
2149,Central America,20.01955159297566
2149,Central Asia,32.88601088216634
2149,Eastern Africa,39.098164610771846
2149,Eastern Asia,20.87416484065301
2149,Eastern Europe,39.567776898388374
2149,Middle Africa,34.62135640013457
2149,Northern Africa,26.02238892883655
2149,Northern America,41.03791766636897
2149,Northern Europe,26.120536838664776
2149,Oceania,38.51432536397432
2149,South America,47.19020886933407
2149,South-eastern Asia,28.23964446608258
2149,Southern Africa,63.06788506227221
2149,Southern Asia,48.829041458237654
2149,Southern Europe,29.831212855304656
2149,Western Africa,37.80165459438969
2149,Western Asia,37.70918612096068
2149,Western Europe,27.310309136029787
2150,Australia and New Zealand,31.864182324670498
2150,Caribbean,52.130926063175664
2150,Central America,20.0199811977253
2150,Central Asia,32.881095992174636
2150,Eastern Africa,39.10034449063566
2150,Eastern Asia,20.877975008998106
2150,Eastern Europe,39.571347644398
2150,Middle Africa,34.62156661362208
2150,Northern Africa,26.023570091093084
2150,Northern America,41.040498885543464
2150,Northern Europe,26.120348392132797
2150,Oceania,38.51484495407487
2150,South America,47.1886831193153
2150,South-eastern Asia,28.23634586101811
2150,Southern Africa,63.07187464765658
2150,Southern Asia,48.82617838729715
2150,Southern Europe,29.831581283488617
2150,Western Africa,37.80066853354853
2150,Western Asia,37.69366782663397
2150,Western Europe,27.315323258370938
2151,Australia and New Zealand,31.868230690792743
2151,Caribbean,52.133215400269606
2151,Central America,20.020591880616934
2151,Central Asia,32.87647485562566
2151,Eastern Africa,39.10273772131383
2151,Eastern Asia,20.881769632195812
2151,Eastern Europe,39.5748075916007
2151,Middle Africa,34.62219321210913
2151,Northern Africa,26.025067343875463
2151,Northern America,41.043168593125756
2151,Northern Europe,26.12016100493051
2151,Oceania,38.51563236841251
2151,South America,47.18752363586667
2151,South-eastern Asia,28.233441833056716
2151,Southern Africa,63.076243384618635
2151,Southern Asia,48.82401370961951
2151,Southern Europe,29.832025814030416
2151,Western Africa,37.800299113072455
2151,Western Asia,37.679047791214515
2151,Western Europe,27.320175050954987
2152,Australia and New Zealand,31.872764820598487
2152,Caribbean,52.13673861109989
2152,Central America,20.02173386262882
2152,Central Asia,32.87235653281577
2152,Eastern Africa,39.106021901359256
2152,Eastern Asia,20.885784512696404
2152,Eastern Europe,39.57817521421774
2152,Middle Africa,34.62399619924419
2152,Northern Africa,26.027513976304917
2152,Northern America,41.04632204391079
2152,Northern Europe,26.120019247359494
2152,Oceania,38.517238236174656
2152,South America,47.187421232066384
2152,South-eastern Asia,28.231359552439272
2152,Southern Africa,63.082008292588476
2152,Southern Asia,48.823680915115375
2152,Southern Europe,29.832787012905726
2152,Western Africa,37.80158488176433
2152,Western Asia,37.66577275728196
2152,Western Europe,27.3249959448286
2153,Australia and New Zealand,31.878374867779247
2153,Caribbean,52.14255420573686
2153,Central America,20.023867089791736
2153,Central Asia,32.86900282794907
2153,Eastern Africa,39.11110140696543
2153,Eastern Asia,20.89033055552747
2153,Eastern Europe,39.58147219386561
2153,Middle Africa,34.62801046915924
2153,Northern Africa,26.031777686579183
2153,Northern America,41.0504789086894
2153,Northern Europe,26.11999280530739
2153,Oceania,38.520389096137286
2153,South America,47.189286052744706
2153,South-eastern Asia,28.230666314317432
2153,Southern Africa,63.09050892707937
2153,Southern Asia,48.82664173736018
2153,Southern Europe,29.834180838956215
2153,Western Africa,37.805891406478054
2153,Western Asia,37.654436961236826
2153,Western Europe,27.329958639415253
2154,Australia and New Zealand,31.884671951097676
2154,Caribbean,52.14991881819522
2154,Central America,20.026670226692644
2154,Central Asia,32.86621268028522
2154,Eastern Africa,39.11736204687415
2154,Eastern Asia,20.895207523032866
2154,Eastern Europe,39.584689524540195
2154,Middle Africa,34.6334872372033
2154,Northern Africa,26.037277920435464
2154,Northern America,41.05528854434981
2154,Northern Europe,26.12004038962681
2154,Oceania,38.52458018783338
2154,South America,47.19248904090776
2154,South-eastern Asia,28.231004942012916
2154,Southern Africa,63.10082662627092
2154,Southern Asia,48.831851611575416
2154,Southern Europe,29.835992338209394
2154,Western Africa,37.81227450061628
2154,Western Asia,37.644625649041785
2154,Western Europe,27.334962738297364
2155,Australia and New Zealand,31.8903298624039
2155,Caribbean,52.15637373838504
2155,Central America,20.02908017394205
2155,Central Asia,32.863336237204166
2155,Eastern Africa,39.12276323320789
2155,Eastern Asia,20.899722786140984
2155,Eastern Europe,39.58778505955962
2155,Middle Africa,34.63813272301337
2155,Northern Africa,26.04203980960822
2155,Northern America,41.05956896896554
2155,Northern Europe,26.120005901259447
2155,Oceania,38.528137495055326
2155,South America,47.194934143554335
2155,South-eastern Asia,28.231009462787426
2155,Southern Africa,63.109885903100604
2155,Southern Asia,48.83587241426319
2155,Southern Europe,29.83750117446924
2155,Western Africa,37.817586673012116
2155,Western Asia,37.634851460709484
2155,Western Europe,27.339645530001278
2156,Australia and New Zealand,31.894878652323033
2156,Caribbean,52.16104646986253
2156,Central America,20.030717848672808
2156,Central Asia,32.86013986134524
2156,Eastern Africa,39.126580694977875
2156,Eastern Asia,20.903628393249818
2156,Eastern Europe,39.59074509556899
2156,Middle Africa,34.6421570473213
2156,Northern Africa,26.045361987155857
2156,Northern America,41.06290164823623
2156,Northern Europe,26.119840030349906
2156,Oceania,38.53046764327104
2156,South America,47.19587725563166
2156,South-eastern Asia,28.23021517272757
2156,Southern Africa,63.11659512086312
2156,Southern Asia,48.837576019647955
2156,Southern Europe,29.838453141838528
2156,Western Africa,37.820692464615036
2156,Western Asia,37.62458100857771
2156,Western Europe,27.343881837265727
2157,Australia and New Zealand,31.89848563055735
2157,Caribbean,52.164237845554595
2157,Central America,20.03171189634081
2157,Central Asia,32.856698311645616
2157,Eastern Africa,39.129064603831765
2157,Eastern Asia,20.907009155693146
2157,Eastern Europe,39.59357919846873
2157,Middle Africa,34.64480197518505
2157,Northern Africa,26.047479522364725
2157,Northern America,41.06543513256638
2157,Northern Europe,26.11959577190177
2157,Oceania,38.531776836248355
2157,South America,47.19557651810575
2157,South-eastern Asia,28.228772153078907
2157,Southern Africa,63.12133629713408
2157,Southern Asia,48.83729891725146
2157,Southern Europe,29.838938820911665
2157,Western Africa,37.82196102579718
2157,Western Asia,37.61396736626068
2157,Western Europe,27.347723722619577
2158,Australia and New Zealand,31.90107110981808
2158,Caribbean,52.165786296997396
2158,Central America,20.032024364818213
2158,Central Asia,32.85296524709658
2158,Eastern Africa,39.1300817918939
2158,Eastern Asia,20.909818881951026
2158,Eastern Europe,39.59628813101865
2158,Middle Africa,34.64586470018922
2158,Northern Africa,26.048233816719524
2158,Northern America,41.0670944160362
2158,Northern Europe,26.119296487692623
2158,Oceania,38.53195686123616
2158,South America,47.19390252404878
2158,South-eastern Asia,28.226588896810156
2158,Southern Africa,63.12391094484191
2158,Southern Asia,48.83481873886666
2158,Southern Europe,29.83891292726817
2158,Western Africa,37.82123259119636
2158,Western Asia,37.602871193617915
2158,Western Europe,27.351157405260196
2159,Australia and New Zealand,31.903067887775638
2159,Caribbean,52.166330342185674
2159,Central America,20.031907111980374
2159,Central Asia,32.849104525410056
2159,Eastern Africa,39.13017183879752
2159,Eastern Asia,20.912239753324258
2159,Eastern Europe,39.598889170966345
2159,Middle Africa,34.64600326014615
2159,Northern Africa,26.04813604799574
2159,Northern America,41.06819171590716
2159,Northern Europe,26.1189472946306
2159,Oceania,38.53144771132655
2159,South America,47.191410744051865
2159,South-eastern Asia,28.224001891260286
2159,Southern Africa,63.125126854454194
2159,Southern Asia,48.83102808043667
2159,Southern Europe,29.83857239715597
2159,Western Africa,37.81928881848167
2159,Western Asia,37.59164573216793
2159,Western Europe,27.354282928327578
2160,Australia and New Zealand,31.90495826542392
2160,Caribbean,52.16691255736343
2160,Central America,20.031801123973025
2160,Central Asia,32.8453955543635
2160,Eastern Africa,39.13021419102094
2160,Eastern Asia,20.91457119317539
2160,Eastern Europe,39.60140713284126
2160,Middle Africa,34.64615397912887
2160,Northern Africa,26.04803107036755
2160,Northern America,41.06923522123091
2160,Northern Europe,26.11857296691582
2160,Oceania,38.530957179007075
2160,South America,47.1889769816471
2160,South-eastern Asia,28.221543924136228
2160,Southern Africa,63.12630009179312
2160,Southern Asia,48.82738563408324
2160,Southern Europe,29.83822662603366
2160,Western Africa,37.817445614527045
2160,Western Asia,37.580868904932174
2160,Western Europe,27.35726374151497
2161,Australia and New Zealand,31.907211219071918
2161,Caribbean,52.16837200530371
2161,Central America,20.032070090941545
2161,Central Asia,32.84204810646063
2161,Eastern Africa,39.13091954592964
2161,Eastern Asia,20.917057936972583
2161,Eastern Europe,39.60386154564546
2161,Middle Africa,34.64709562074795
2161,Northern Africa,26.04860706917016
2161,Northern America,41.07063627729435
2161,Northern Europe,26.118236767135272
2161,Oceania,38.531060398935146
2161,South America,47.187319590802446
2161,South-eastern Asia,28.219650306663624
2161,Southern Africa,63.12849376370391
2161,Southern Asia,48.82506773583728
2161,Southern Europe,29.83812172102951
2161,Western Africa,37.81677816741045
2161,Western Asia,37.57101298953316
2161,Western Europe,27.360235399105193
2162,Australia and New Zealand,31.910286706776247
2162,Caribbean,52.1715289934356
2162,Central America,20.03307113114623
2162,Central Asia,32.8392696641
2162,Eastern Africa,39.13298503960334
2162,Eastern Asia,20.919941304390477
2162,Eastern Europe,39.60627141202977
2162,Middle Africa,34.64965462449783
2162,Northern Africa,26.050541927363646
2162,Northern America,41.07279733484228
2162,Northern Europe,26.117996144069622
2162,Oceania,38.53231936993833
2162,South America,47.18714160340376
2162,South-eastern Asia,28.21874779921849
2162,Southern Africa,63.13274701808638
2162,Southern Asia,48.82522052346161
2162,Southern Europe,29.83850203588574
2162,Western Africa,37.81834731174598
2162,Western Asia,37.56255015434391
2162,Western Europe,27.363331057382823
2163,Australia and New Zealand,31.914622517421876
2163,Caribbean,52.17716016122935
2163,Central America,20.03514167790037
2163,Central Asia,32.83725977952656
2163,Eastern Africa,39.1370733658313
2163,Eastern Asia,20.92345228121104
2163,Eastern Europe,39.60865496422983
2163,Middle Africa,34.654523025101724
2163,Northern Africa,26.054483589252087
2163,Northern America,41.07610050453889
2163,Northern Europe,26.117898657198424
2163,Oceania,38.535266606706564
2163,South America,47.18910970886192
2163,South-eastern Asia,28.219241224196878
2163,Southern Africa,63.14004588733546
2163,Southern Asia,48.828932162658134
2163,Southern Europe,29.839600007500167
2163,Western Africa,37.82316553198406
2163,Western Asia,37.55592779667296
2163,Western Europe,27.366680038355895
2164,Australia and New Zealand,31.919996145005847
2164,Caribbean,52.18483645219756
2164,Central America,20.03809907408467
2164,Central Asia,32.835907666985165
2164,Eastern Africa,39.142837136383335
2164,Eastern Asia,20.927478982009262
2164,Eastern Europe,39.61100582573458
2164,Middle Africa,34.66129537597009
2164,Northern Africa,26.060102483516978
2164,Northern America,41.08034468417499
2164,Northern Europe,26.11791992665644
2164,Oceania,38.53961200285845
2164,South America,47.192864127983825
2164,South-eastern Asia,28.220917486379093
2164,Southern Africa,63.14986120080288
2164,Southern Asia,48.835602176919934
2164,Southern Europe,29.841292220413607
2164,Western Africa,37.83069565864068
2164,Western Asia,37.55089341290585
2164,Western Europe,27.37022751666167
2165,Australia and New Zealand,31.92460380606228
2165,Caribbean,52.19125319745217
2165,Central America,20.04051828143112
2165,Central Asia,32.8343597975179
2165,Eastern Africa,39.14751169268733
2165,Eastern Asia,20.931084763869023
2165,Eastern Europe,39.613255008739046
2165,Middle Africa,34.66688834597598
2165,Northern Africa,26.064718970380518
2165,Northern America,41.083934255599175
2165,Northern Europe,26.11784676796276
2165,Oceania,38.543103104832
2165,South America,47.195588319856796
2165,South-eastern Asia,28.222028014198486
2165,Southern Africa,63.158039632458696
2165,Southern Asia,48.84058443316377
2165,Southern Europe,29.842603246799015
2165,Western Africa,37.83668433296512
2165,Western Asia,37.54551153816976
2165,Western Europe,27.373473094125345
2166,Australia and New Zealand,31.928131665053794
2166,Caribbean,52.19583728365507
2166,Central America,20.042150365173228
2166,Central Asia,32.83242765096954
2166,Eastern Africa,39.15061562437678
2166,Eastern Asia,20.93410417413608
2166,Eastern Europe,39.61539202156459
2166,Middle Africa,34.67078416171194
2166,Northern Africa,26.0678558096739
2166,Northern America,41.0865926424333
2166,Northern Europe,26.11764491544477
2166,Oceania,38.54534933027178
2166,South America,47.19679204198641
2166,South-eastern Asia,28.22226513559336
2166,Southern Africa,63.16385982092889
2166,Southern Asia,48.84307697990842
2166,Southern Europe,29.843364632600355
2166,Western Africa,37.840380394436934
2166,Western Asia,37.5394194950772
2166,Western Europe,27.376336496531906
2167,Australia and New Zealand,31.930554732540095
2167,Caribbean,52.1985442153067
2167,Central America,20.042974317826534
2167,Central Asia,32.83010199043819
2167,Eastern Africa,39.15211008080597
2167,Eastern Asia,20.936521596377844
2167,Eastern Europe,39.61741860632664
2167,Middle Africa,34.672893236502134
2167,Northern Africa,26.06946389595368
2167,Northern America,41.08829887632241
2167,Northern Europe,26.117309896920915
2167,Oceania,38.546320381719035
2167,South America,47.19643591273481
2167,South-eastern Asia,28.221602442868132
2167,Southern Africa,63.167265920343674
2167,Southern Asia,48.843083618668004
2167,Southern Europe,29.843562926131995
2167,Western Africa,37.84171058701027
2167,Western Asia,37.5325627066772
2167,Western Europe,27.378810735822512
2168,Australia and New Zealand,31.93160378588633
2168,Caribbean,52.1988846091066
2168,Central America,20.042777011430246
2168,Central Asia,32.82724943401636
2168,Eastern Africa,39.15158297872878
2168,Eastern Asia,20.938194271570154
2168,Eastern Europe,39.619327120194825
2168,Middle Africa,34.67275378403887
2168,Northern Africa,26.06913182479218
2168,Northern America,41.08881647159137
2168,Northern Europe,26.116809457763424
2168,Oceania,38.54568291828944
2168,South America,47.1941013399686
2168,South-eastern Asia,28.21979116816884
2168,Southern Africa,63.167642086571085
2168,Southern Asia,48.83985128403161
2168,Southern Europe,29.843055553195796
2168,Western Africa,37.84003031560488
2168,Western Asia,37.52463375622739
2168,Western Europe,27.380822873708865
2169,Australia and New Zealand,31.932373050563445
2169,Caribbean,52.19885333127472
2169,Central America,20.042420652379178
2169,Central Asia,32.82439425268677
2169,Eastern Africa,39.150709075082446
2169,Eastern Asia,20.939689622023394
2169,Eastern Europe,39.62116734508996
2169,Middle Africa,34.67224781762557
2169,Northern Africa,26.068474509331097
2169,Northern America,41.089112767823096
2169,Northern Europe,26.116274249466898
2169,Oceania,38.54479638353716
2169,South America,47.19148716212729
2169,South-eastern Asia,28.21787460107963
2169,Southern Africa,63.167504282790254
2169,Southern Asia,48.83618474880684
2169,Southern Europe,29.8424354403501
2169,Western Africa,37.83790912654581
2169,Western Asia,37.516776052240886
2169,Western Europe,27.38268296906199
2170,Australia and New Zealand,31.93325069621933
2170,Caribbean,52.19914993047574
2170,Central America,20.04220838931019
2170,Central Asia,32.82172002616175
2170,Eastern Africa,39.1500793782928
2170,Eastern Asia,20.941210186811077
2170,Eastern Europe,39.622957399263825
2170,Middle Africa,34.672079690741775
2170,Northern Africa,26.068063631191762
2170,Northern America,41.089529253200126
2170,Northern Europe,26.115751427117573
2170,Oceania,38.54414723716495
2170,South America,47.18919021745975
2170,South-eastern Asia,28.21619940809086
2170,Southern Africa,63.16773768433208
2170,Southern Asia,48.83306700586125
2170,Southern Europe,29.841911199770266
2170,Western Africa,37.83624582554381
2170,Western Asia,37.509387875734035
2170,Western Europe,27.384500853353444
2171,Australia and New Zealand,31.93444459097874
2171,Caribbean,52.20014275545317
2171,Central America,20.04229773355739
2171,Central Asia,32.81932157586791
2171,Eastern Africa,39.15000855997093
2171,Eastern Asia,20.942865574025404
2171,Eastern Europe,39.62470698794718
2171,Middle Africa,34.672548512997814
2171,Northern Africa,26.068205070565043
2171,Northern America,41.09024743695757
2171,Northern Europe,26.115266828843176
2171,Oceania,38.5439799065912
2171,South America,47.18752574957428
2171,South-eastern Asia,28.214963367119594
2171,Southern Africa,63.168810423866084
2171,Southern Asia,48.831013275666635
2171,Southern Europe,29.841591173565973
2171,Western Africa,37.83551899398425
2171,Western Asia,37.50267551356643
2171,Western Europe,27.386337199089184
2172,Australia and New Zealand,31.93623697745256
2172,Caribbean,52.202334386269555
2172,Central America,20.04290722332911
2172,Central Asia,32.81732941414646
2172,Eastern Africa,39.150924130434106
2172,Eastern Asia,20.944804681521134
2172,Eastern Europe,39.62642854903535
2172,Middle Africa,34.67413117210878
2172,Northern Africa,26.06931659564875
2172,Northern America,41.09151410862877
2172,Northern Europe,26.11485519588186
2172,Oceania,38.54463705646438
2172,South America,47.18692396136532
2172,South-eastern Asia,28.21443037122222
2172,Southern Africa,63.17136011729598
2172,Southern Asia,48.83072659532601
2172,Southern Europe,29.84162513154338
2172,Western Africa,37.836382279893144
2172,Western Asia,37.49692926418362
2172,Western Europe,27.388273686996456
2173,Australia and New Zealand,31.93917734503602
2173,Caribbean,52.206712085795104
2173,Central America,20.04446549904877
2173,Central Asia,32.81600327990919
2173,Eastern Africa,39.153662134413736
2173,Eastern Asia,20.94731644736001
2173,Eastern Europe,39.62814566961015
2173,Middle Africa,34.67776209634739
2173,Northern Africa,26.072215317584657
2173,Northern America,41.09381143222288
2173,Northern Europe,26.114583178961226
2173,Oceania,38.546793037232874
2173,South America,47.188229394369685
2173,South-eastern Asia,28.21511474703584
2173,Southern Africa,63.17663638958564
2173,Southern Asia,48.83359086387742
2173,Southern Europe,29.842306397606677
2173,Western Africa,37.840123262508385
2173,Western Asia,37.49272216438939
2173,Western Europe,27.390466916465428
2174,Australia and New Zealand,31.942855436871476
2174,Caribbean,52.212511457028654
2174,Central America,20.04664460787353
2174,Central Asia,32.815135493840764
2174,Eastern Africa,39.15758859117808
2174,Eastern Asia,20.950190777227107
2174,Eastern Europe,39.629841892318396
2174,Middle Africa,34.682726836113886
2174,Northern Africa,26.0763024222749
2174,Northern America,41.09677354826404
2174,Northern Europe,26.114403291922628
2174,Oceania,38.54992862248334
2174,South America,47.190792408782656
2174,South-eastern Asia,28.216612007401665
2174,Southern Africa,63.18368229168101
2174,Southern Asia,48.83852684607959
2174,Southern Europe,29.84341348869428
2174,Western Africa,37.84576246730502
2174,Western Asia,37.48962558839892
2174,Western Europe,27.392806454127694
2175,Australia and New Zealand,31.946512440329577
2175,Caribbean,52.2183386101684
2175,Central America,20.048843223268165
2175,Central Asia,32.81435085647004
2175,Eastern Africa,39.16153756649763
2175,Eastern Asia,20.953034484040245
2175,Eastern Europe,39.631486034750196
2175,Middle Africa,34.68771570227105
2175,Northern Africa,26.080450278291245
2175,Northern America,41.09972817426577
2175,Northern Europe,26.114226187476675
2175,Oceania,38.55309502418702
2175,South America,47.193427390779874
2175,South-eastern Asia,28.218184887901998
2175,Southern Africa,63.190744752376915
2175,Southern Asia,48.84357165894002
2175,Southern Europe,29.844530608106012
2175,Western Africa,37.85150437340157
2175,Western Asia,37.486816970945114
2175,Western Europe,27.395084261796754
2176,Australia and New Zealand,31.949753138976877
2176,Caribbean,52.22346955756656
2176,Central America,20.050748077193248
2176,Central Asia,32.81345353726337
2176,Eastern Africa,39.16490287941805
2176,Eastern Asia,20.9556418424647
2176,Eastern Europe,39.633062429901145
2176,Middle Africa,34.692076963557206
2176,Northern Africa,26.08405246853387
2176,Northern America,41.102325813959695
2176,Northern Europe,26.114006380723964
2176,Oceania,38.555799223457576
2176,South America,47.19551783172733
2176,South-eastern Asia,28.21944860531893
2176,Southern Africa,63.19691213758993
2176,Southern Asia,48.84770662586533
2176,Southern Europe,29.845443687923634
2176,Western Africa,37.856409077112474
2176,Western Asia,37.48384164591059
2176,Western Europe,27.39719279452757
2177,Australia and New Zealand,31.951956782227686
2177,Caribbean,52.226773901536916
2177,Central America,20.051869243723885
2177,Central Asia,32.812139441248966
2177,Eastern Africa,39.16673289198762
2177,Eastern Asia,20.9576880566118
2177,Eastern Europe,39.63454509191102
2177,Middle Africa,34.6947320267569
2177,Northern Africa,26.086174416321484
2177,Northern America,41.10401881623602
2177,Northern Europe,26.1136703628587
2177,Oceania,38.557270883235084
2177,South America,47.196100203574076
2177,South-eastern Asia,28.219802918267334
2177,Southern Africa,63.20076429967365
2177,Southern Asia,48.84934291362448
2177,Southern Europe,29.845818586082373
2177,Western Africa,37.85900640949329
2177,Western Asia,37.480020836381556
2177,Western Europe,27.398961254104037
2178,Australia and New Zealand,31.953028185031407
2178,Caribbean,52.22808325587103
2178,Central America,20.052131971922904
2178,Central Asia,32.81036340655188
2178,Eastern Africa,39.1668816846277
2178,Eastern Asia,20.95912106180009
2178,Eastern Europe,39.635932421755626
2178,Middle Africa,34.69549888409613
2178,Northern Africa,26.08666469103138
2178,Northern America,41.10472487881598
2178,Northern Europe,26.11320536595443
2178,Oceania,38.55739452191145
2178,South America,47.195028550557794
2178,South-eastern Asia,28.21915488736302
2178,Southern Africa,63.2020850460453
2178,Southern Asia,48.84824529212075
2178,Southern Europe,29.845606126925972
2178,Western Africa,37.85906588978172
2178,Western Asia,37.475234751708086
2178,Western Europe,27.400364670738142
2179,Australia and New Zealand,31.953586850756466
2179,Caribbean,52.22853009859563
2179,Central America,20.052024500059673
2179,Central Asia,32.80843851477506
2179,Eastern Africa,39.16630027640302
2179,Eastern Asia,20.96026161779747
2179,Eastern Europe,39.637255716521125
2179,Middle Africa,34.69544399798803
2179,Northern Africa,26.08644150843613
2179,Northern America,41.104992695654644
2179,Northern Europe,26.112685023989712
2179,Oceania,38.55694090364903
2179,South America,47.193264146762104
2179,South-eastern Asia,28.218099035410305
2179,Southern Africa,63.20230042622992
2179,Southern Asia,48.846015779537666
2179,Southern Europe,29.845142698730243
2179,Western Africa,37.85804270565123
2179,Western Asia,37.47013385131268
2179,Western Europe,27.40157703247803
2180,Australia and New Zealand,31.954019571863856
2180,Caribbean,52.228819838253315
2180,Central America,20.05185049796765
2180,Central Asia,32.80653716859003
2180,Eastern Africa,39.165580500938546
2180,Eastern Asia,20.961310946032086
2180,Eastern Europe,39.638534629959565
2180,Middle Africa,34.69523092121971
2180,Northern Africa,26.08607871153872
2180,Northern America,41.1051639345251
2180,Northern Europe,26.112155458631747
2180,Oceania,38.556388935295516
2180,South America,47.19140445363088
2180,South-eastern Asia,28.21700428220808
2180,Southern Africa,63.2022982000608
2180,Southern Asia,48.843638186984606
2180,Southern Europe,29.84463731071436
2180,Western Africa,37.85684294109366
2180,Western Asia,37.46512196417555
2180,Western Europe,27.40270793366122
2181,Australia and New Zealand,31.95441542809654
2181,Caribbean,52.229110350724994
2181,Central America,20.051678420377428
2181,Central Asia,32.804699649662794
2181,Eastern Africa,39.164855717116254
2181,Eastern Asia,20.962316041865847
2181,Eastern Europe,39.63977446289739
2181,Middle Africa,34.695009790059395
2181,Northern Africa,26.08570686982432
2181,Northern America,41.10531651885401
2181,Northern Europe,26.111627652553437
2181,Oceania,38.55584652058184
2181,South America,47.18958557319084
2181,South-eastern Asia,28.215954312595315
2181,Southern Africa,63.2022792139189
2181,Southern Asia,48.84133193770026
2181,Southern Europe,29.844137244629465
2181,Western Africa,37.85567047093572
2181,Western Asia,37.46028503934724
2181,Western Europe,27.40378643997765
2182,Australia and New Zealand,31.954906021370366
2182,Caribbean,52.22963378952343
2182,Central America,20.05161151322916
2182,Central Asia,32.80298685678993
2182,Eastern Africa,39.164325410850864
2182,Eastern Asia,20.963358262751797
2182,Eastern Europe,39.640982140575076
2182,Middle Africa,34.69500344548209
2182,Northern Africa,26.085520794465822
2182,Northern America,41.105565737464914
2182,Northern Europe,26.111117664615335
2182,Oceania,38.555473795699946
2182,South America,47.18800603988811
2182,South-eastern Asia,28.21507097615452
2182,Southern Africa,63.20254130417631
2182,Southern Asia,48.83942538884476
2182,Southern Europe,29.843712510437115
2182,Western Africa,37.85482951606802
2182,Western Asia,37.455755148812386
2182,Western Europe,27.404870799188785
2183,Australia and New Zealand,31.95553462582481
2183,Caribbean,52.2304633162463
2183,Central America,20.051681270551214
2183,Central Asia,32.80141619856494
2183,Eastern Africa,39.16405347787055
2183,Eastern Asia,20.964450113821442
2183,Eastern Europe,39.6421603366413
2183,Middle Africa,34.69528365192982
2183,Northern Africa,26.08558383760684
2183,Northern America,41.10594865818182
2183,Northern Europe,26.110631076304713
2183,Oceania,38.555321041469526
2183,South America,47.18672744294139
2183,South-eastern Asia,28.214389999184775
2183,Southern Africa,63.203178638967294
2183,Southern Asia,48.83801895671027
2183,Southern Europe,29.843385258671873
2183,Western Africa,37.85441621558512
2183,Western Asia,37.45157080872801
2183,Western Europe,27.405952490186536
2184,Australia and New Zealand,31.95650756388515
2184,Caribbean,52.231968805162765
2184,Central America,20.05204797855278
2184,Central Asia,32.800084838535426
2184,Eastern Africa,39.16435351843681
2184,Eastern Asia,20.965699248091596
2184,Eastern Europe,39.64331895903932
2184,Middle Africa,34.69620265744435
2184,Northern Africa,26.086203759253834
2184,Northern America,41.1066462483042
2184,Northern Europe,26.110192897186124
2184,Oceania,38.555640725958895
2184,South America,47.186064695175745
2184,South-eastern Asia,28.21410584303017
2184,Southern Africa,63.204659607932534
2184,Southern Asia,48.837629991253095
2184,Southern Europe,29.84326616634405
2184,Western Africa,37.85491125421352
2184,Western Asia,37.447946418929945
2184,Western Europe,27.407091604027656
2185,Australia and New Zealand,31.95808938328799
2185,Caribbean,52.23462461399642
2185,Central America,20.05291821595314
2185,Central Asia,32.79911790614598
2185,Eastern Africa,39.16562788582638
2185,Eastern Asia,20.967245549795877
2185,Eastern Europe,39.64447028422313
2185,Middle Africa,34.69820791678
2185,Northern Africa,26.087776646064142
2185,Northern America,41.10789047245183
2185,Northern Europe,26.10983526572923
2185,Oceania,38.556756674846504
2185,South America,47.186422025465546
2185,South-eastern Asia,28.21446861625816
2185,Southern Africa,63.20758486507945
2185,Southern Asia,48.8389223923722
2185,Southern Europe,29.84349554146455
2185,Western Africa,37.85693251251878
2185,Western Asia,37.445159903816716
2185,Western Europe,27.40836468453942
2186,Australia and New Zealand,31.960759668494454
2186,Caribbean,52.239294377177
2186,Central America,20.054667869595733
2186,Central Asia,32.798746407546275
2186,Eastern Africa,39.16860784569245
2186,Eastern Asia,20.96934190581976
2186,Eastern Europe,39.64563648575812
2186,Middle Africa,34.702118000672755
2186,Northern Africa,26.09102210666414
2186,Northern America,41.11010263772119
2186,Northern Europe,26.109615624513793
2186,Oceania,38.55925813014789
2186,South America,47.18853557388769
2186,South-eastern Asia,28.21593483107847
2186,Southern Africa,63.213053719612944
2186,Southern Asia,48.8431069532588
2186,Southern Europe,29.84432999649158
2186,Western Africa,37.861605597939274
2186,Western Asia,37.44371755860669
2186,Western Europe,27.409909970073087
2187,Australia and New Zealand,31.963719998634588
2187,Caribbean,52.24451247509627
2187,Central America,20.056663347963166
2187,Central Asia,32.79857919986515
2187,Eastern Africa,39.17206616876783
2187,Eastern Asia,20.971574744691424
2187,Eastern Europe,39.64678107115205
2187,Middle Africa,34.706553287994346
2187,Northern Africa,26.094747655277573
2187,Northern America,41.1125749423233
2187,Northern Europe,26.109439801692247
2187,Oceania,38.562147644361744
2187,South America,47.19116219930406
2187,South-eastern Asia,28.217729537810143
2187,Southern Africa,63.219228970356056
2187,Southern Asia,48.84811861050338
2187,Southern Europe,29.845334748591057
2187,Western Africa,37.867042216585745
2187,Western Asia,37.44276013715577
2187,Western Europe,27.41150533070318
2188,Australia and New Zealand,31.96624407976021
2188,Caribbean,52.24895296030638
2188,Central America,20.058329975131173
2188,Central Asia,32.798250580738575
2188,Eastern Africa,39.17488713094386
2188,Eastern Asia,20.973565685842743
2188,Eastern Europe,39.647870967173304
2188,Middle Africa,34.71028636239719
2188,Northern Africa,26.097864168855267
2188,Northern America,41.11466527243701
2188,Northern Europe,26.109221818911976
2188,Oceania,38.564522332319484
2188,South America,47.19317285113824
2188,South-eastern Asia,28.219150578572894
2188,Southern Africa,63.22442199158935
2188,Southern Asia,48.85209068222878
2188,Southern Europe,29.846116268238276
2188,Western Africa,37.87152425074254
2188,Western Asia,37.44150088354772
2188,Western Europe,27.41294708591262
2189,Australia and New Zealand,31.968686427651694
2189,Caribbean,52.25326312944212
2189,Central America,20.059947526082667
2189,Central Asia,32.79793381535807
2189,Eastern Africa,39.17761413965586
2189,Eastern Asia,20.975498993995245
2189,Eastern Europe,39.648924553247866
2189,Middle Africa,34.71391140200879
2189,Northern Africa,26.10089843290684
2189,Northern America,41.11668743170185
2189,Northern Europe,26.10900346389471
2189,Oceania,38.56682352646814
2189,South America,47.195116335117504
2189,South-eastern Asia,28.22053780602296
2189,Southern Africa,63.2294515548363
2189,Southern Asia,48.8559339393543
2189,Southern Europe,29.84686707176074
2189,Western Africa,37.875884933755444
2189,Western Asia,37.4403116421405
2189,Western Europe,27.414336042667742
2190,Australia and New Zealand,31.970222629461542
2190,Caribbean,52.25594235632656
2190,Central America,20.06086466352066
2190,Central Asia,32.79722280061854
2190,Eastern Africa,39.178983019100144
2190,Eastern Asia,20.976943940715387
2190,Eastern Europe,39.64990327793245
2190,Middle Africa,34.716000043538564
2190,Northern Africa,26.102612208921627
2190,Northern America,41.117913476264434
2190,Northern Europe,26.108686669223857
2190,Oceania,38.56802795752916
2190,South America,47.195715043562814
2190,South-eastern Asia,28.221095572940413
2190,Southern Africa,63.232417453346024
2190,Southern Asia,48.85753625177074
2190,Southern Europe,29.847141372189867
2190,Western Africa,37.878173993509634
2190,Western Asia,37.43830090847027
2190,Western Europe,27.415441351286773
2191,Australia and New Zealand,31.970611006864846
2191,Caribbean,52.256557479648436
2191,Central America,20.060891689965388
2191,Central Asia,32.79600008485808
2191,Eastern Africa,39.17862508923271
2191,Eastern Asia,20.97777203422737
2191,Eastern Europe,39.65079775931564
2191,Middle Africa,34.71613995548424
2191,Northern Africa,26.102636753368635
2191,Northern America,41.118131902652436
2191,Northern Europe,26.108242225298284
2191,Oceania,38.567839588607455
2191,South America,47.194597422539886
2191,South-eastern Asia,28.2205918686671
2191,Southern Africa,63.23276902985704
2191,Southern Asia,48.856290113662126
2191,Southern Europe,29.84681069520576
2191,Western Africa,37.87781838948625
2191,Western Asia,37.435200118961376
2191,Western Europe,27.41619545923264
2192,Australia and New Zealand,31.97070082195781
2192,Caribbean,52.25666117944172
2192,Central America,20.060700197123893
2192,Central Asia,32.794684100406535
2192,Eastern Africa,39.17784418579373
2192,Eastern Asia,20.978424445766564
2192,Eastern Europe,39.65165215747888
2192,Middle Africa,34.71579669385676
2192,Northern Africa,26.102238324984484
2192,Northern America,41.11809487874982
2192,Northern Europe,26.107770537777952
2192,Oceania,38.56731442618422
2192,South America,47.19308083734646
2192,South-eastern Asia,28.21984563076434
2192,Southern Africa,63.23247116611448
2192,Southern Asia,48.85438347547293
2192,Southern Europe,29.846336879631608
2192,Western Africa,37.87682258752376
2192,Western Asia,37.43191128027945
2192,Western Europe,27.416837770630664
2193,Australia and New Zealand,31.970986945661206
2193,Caribbean,52.25715343268611
2193,Central America,20.060680281315868
2193,Central Asia,32.79351630770986
2193,Eastern Africa,39.177398188062895
2193,Eastern Asia,20.979159693915506
2193,Eastern Europe,39.65249160038837
2193,Middle Africa,34.71582126622916
2193,Northern Africa,26.10215651094947
2193,Northern America,41.118239465285725
2193,Northern Europe,26.107330393137573
2193,Oceania,38.56706504623517
2193,South America,47.19192972560826
2193,South-eastern Asia,28.219331579858675
2193,Southern Africa,63.23266402489214
2193,Southern Asia,48.85308201970204
2193,Southern Europe,29.845987561888165
2193,Western Africa,37.876352713346506
2193,Western Asia,37.42895929232404
2193,Western Europe,27.417508652955647
2194,Australia and New Zealand,31.97158081702849
2194,Caribbean,52.25823243193588
2194,Central America,20.060918455192933
2194,Central Asia,32.792548415455336
2194,Eastern Africa,39.177455789835136
2194,Eastern Asia,20.980037297849208
2194,Eastern Europe,39.65332159048067
2194,Middle Africa,34.71640242192002
2194,Northern Africa,26.102558496517858
2194,Northern America,41.11866298721401
2194,Northern Europe,26.106935259401354
2194,Oceania,38.567226694654444
2194,South America,47.19131286412264
2194,South-eastern Asia,28.219153991918944
2194,Southern Africa,63.23359985893795
2194,Southern Asia,48.85266142447975
2194,Southern Europe,29.845821626334157
2194,Western Africa,37.876667647810436
2194,Western Asia,37.4264595298591
2194,Western Europe,27.41824090042151
2195,Australia and New Zealand,31.972616688929456
2195,Caribbean,52.260137193595924
2195,Central America,20.061519103660785
2195,Central Asia,32.7918431068035
2195,Eastern Africa,39.17822042809718
2195,Eastern Asia,20.981128944573157
2195,Eastern Europe,39.654148617384166
2195,Middle Africa,34.71776778197153
2195,Northern Africa,26.10364621691499
2195,Northern America,41.1194827288865
2195,Northern Europe,26.10660135048235
2195,Oceania,38.56796249036254
2195,South America,47.19143396019696
2195,South-eastern Asia,28.21943898556931
2195,Southern Africa,63.23558287306774
2195,Southern Asia,48.853455183085615
2195,Southern Europe,29.845910077965243
2195,Western Africa,37.8780805964535
2195,Western Asia,37.42455233036566
2195,Western Europe,27.419073754704826
2196,Australia and New Zealand,31.974712755314272
2196,Caribbean,52.263986120802386
2196,Central America,20.062968628312206
2196,Central Asia,32.79170018966777
2196,Eastern Africa,39.18063704162158
2196,Eastern Asia,20.98275960759608
2196,Eastern Europe,39.65500277595737
2196,Middle Africa,34.72097709148212
2196,Northern Africa,26.106348173244598
2196,Northern America,41.12124305191385
2196,Northern Europe,26.10640246540541
2196,Oceania,38.57003440699778
2196,South America,47.19324481640044
2196,South-eastern Asia,28.220778323897022
2196,Southern Africa,63.24003184353639
2196,Southern Asia,48.857033807117034
2196,Southern Europe,29.846585410450643
2196,Western Africa,37.88204819263967
2196,Western Asia,37.4238975201763
2196,Western Europe,27.420182756161893
2197,Australia and New Zealand,31.97793794912487
2197,Caribbean,52.26989312950181
2197,Central America,20.06531841935839
2197,Central Asia,32.79214838186615
2197,Eastern Africa,39.184807069652905
2197,Eastern Asia,20.98496889473438
2197,Eastern Europe,39.65588749437394
2197,Middle Africa,34.726142437611784
2197,Northern Africa,26.110772063355014
2197,Northern America,41.124002062834734
2197,Northern Europe,26.106347379434425
2197,Oceania,38.57352098000977
2197,South America,47.19684474245334
2197,South-eastern Asia,28.22323316588502
2197,Southern Africa,63.247095626445926
2197,Southern Asia,48.86355379969949
2197,Southern Europe,29.8478816194077
2197,Western Africa,37.888730105008506
2197,Western Asia,37.424568155859106
2197,Western Europe,27.421589271128965
2198,Australia and New Zealand,31.981412925168584
2198,Caribbean,52.27624762742131
2198,Central America,20.0678714073117
2198,Central Asia,32.792751287129285
2198,Eastern Africa,39.18937837846315
2198,Eastern Asia,20.9873004288589
2198,Eastern Europe,39.65675936635762
2198,Middle Africa,34.73174455882102
2198,Northern Africa,26.115602769809776
2198,Northern America,41.12698059249542
2198,Northern Europe,26.106332100305707
2198,Oceania,38.577326586663574
2198,South America,47.200866643362716
2198,South-eastern Asia,28.225951954324557
2198,Southern Africa,63.25473753351112
2198,Southern Asia,48.87074526032649
2198,Southern Europe,29.849319775836847
2198,Western Africa,37.89604541143987
2198,Western Asia,37.4256194857189
2198,Western Europe,27.423047609330098
2199,Australia and New Zealand,31.984034056537514
2199,Caribbean,52.28104058240994
2199,Central America,20.069755647365284
2199,Central Asia,32.79296526693276
2199,Eastern Africa,39.19265765810955
2199,Eastern Asia,20.98917788765533
2199,Eastern Europe,39.65756278106127
2199,Middle Africa,34.73588391685656
2199,Northern Africa,26.119183423303305
2199,Northern America,41.129203550477285
2199,Northern Europe,26.106225477452938
2199,Oceania,38.580083537020116
2199,South America,47.20360174241698
2199,South-eastern Asia,28.227870411354417
2199,Southern Africa,63.26041040337369
2199,Southern Asia,48.87577827415264
2199,Southern Europe,29.85030191327489
2199,Western Africa,37.90138219890977
2199,Western Asia,37.42586201996971
2199,Western Europe,27.424248013936747
2200,Australia and New Zealand,31.98545366619374
2200,Caribbean,52.28364798587464
2200,Central America,20.07069826043093
2200,Central Asia,32.7926213383682
2200,Eastern Africa,39.194113944806475
2200,Eastern Asia,20.990417034742137
2200,Eastern Europe,39.658281042212096
2200,Middle Africa,34.73796835287235
2200,Northern Africa,26.12098608308564
2200,Northern America,41.13036598665314
2200,Northern Europe,26.105985598489667
2200,Oceania,38.581365918134125
2200,South America,47.20451587608281
2200,South-eastern Asia,28.228655728818808
2200,Southern Africa,63.26331906408296
2200,Southern Asia,48.87777520421217
2200,Southern Europe,29.85064211029389
2200,Western Africa,37.90391647179838
2200,Western Asia,37.424915132962155
2200,Western Europe,27.4250925607312
2201,Australia and New Zealand,31.985836988544403
2201,Caribbean,52.28438067347092
2201,Central America,20.0708317841773
2201,Central Asia,32.79180351664195
2201,Eastern Africa,39.194003766351315
2201,Eastern Asia,20.99110107454365
2201,Eastern Europe,39.65892509270148
2201,Middle Africa,34.73828497936591
2201,Northern Africa,26.121251611601615
2201,Northern America,41.130616636736676
2201,Northern Europe,26.105631320422873
2201,Oceania,38.58138379814857
2201,South America,47.20386921433146
2201,South-eastern Asia,28.22846958603087
2201,Southern Africa,63.26385436348332
2201,Southern Asia,48.877176561796176
2201,Southern Europe,29.850432984464703
2201,Western Africa,37.90403868391863
2201,Western Asia,37.42294814577534
2201,Western Europe,27.42562748816333
2202,Australia and New Zealand,31.985806730409205
2202,Caribbean,52.284378758581695
2202,Central America,20.070649322863332
2202,Central Asia,32.790819780478664
2202,Eastern Africa,39.193284482131574
2202,Eastern Asia,20.991553169234578
2202,Eastern Europe,39.65952987418255
2202,Middle Africa,34.73791165776916
2202,Northern Africa,26.12090913012608
2202,Northern America,41.13050769068005
2202,Northern Europe,26.105235979154884
2202,Oceania,38.58091193029942
2202,South America,47.20262783359637
2202,South-eastern Asia,28.227913175694752
2202,Southern Africa,63.26346077042029
2202,Southern Asia,48.875590493574705
2202,Southern Europe,29.850014220381382
2202,Western Africa,37.90322187154622
2202,Western Asia,37.42062381190863
2202,Western Europe,27.426028048233064
2203,Australia and New Zealand,31.98596655831505
2203,Caribbean,52.28474166606851
2203,Central America,20.07062755827107
2203,Central Asia,32.789966388253866
2203,Eastern Africa,39.19288207294329
2203,Eastern Asia,20.99208845470315
2203,Eastern Europe,39.660127934911316
2203,Middle Africa,34.737885891326314
2203,Northern Africa,26.12086258708537
2203,Northern America,41.1305728543863
2203,Northern Europe,26.10487104249728
2203,Oceania,38.58069815011014
2203,South America,47.201724996788386
2203,South-eastern Asia,28.22756729285132
2203,Southern Africa,63.26353269438769
2203,Southern Asia,48.87456517558384
2203,Southern Europe,29.849713222170138
2203,Western Africa,37.90289276781742
2203,Western Asia,37.41858560129572
2203,Western Europe,27.426464695156128
2204,Australia and New Zealand,31.986019217046024
2204,Caribbean,52.284925331721865
2204,Central America,20.07053076151415
2204,Central Asia,32.789095116392275
2204,Eastern Africa,39.1923389995231
2204,Eastern Asia,20.99255266029445
2204,Eastern Europe,39.660703849091306
2204,Middle Africa,34.73769383209078
2204,Northern Africa,26.120666232518097
2204,Northern America,41.13054869800852
2204,Northern Europe,26.104501287269244
2204,Oceania,38.58037231656262
2204,South America,47.200698364262195
2204,South-eastern Asia,28.227144269723325
2204,Southern Africa,63.26338074815698
2204,Southern Asia,48.87333243591314
2204,Southern Europe,29.84936782722265
2204,Western Africa,37.90234576088025
2204,Western Asia,37.416511372830286
2204,Western Europe,27.426854705636572
2205,Australia and New Zealand,31.986049354063084
2205,Caribbean,52.28508295385481
2205,Central America,20.07042535196355
2205,Central Asia,32.78824641513971
2205,Eastern Africa,39.19178436646469
2205,Eastern Asia,20.992990340106843
2205,Eastern Europe,39.66126261796923
2205,Middle Africa,34.737480533880216
2205,Northern Africa,26.12044630077346
2205,Northern America,41.13050984734619
2205,Northern Europe,26.104136674496914
2205,Oceania,38.58003852348002
2205,South America,47.199677508794835
2205,South-eastern Asia,28.226724756839516
2205,Southern Africa,63.26319945513248
2205,Southern Asia,48.87210701132183
2205,Southern Europe,29.849023582823975
2205,Western Africa,37.90177941654278
2205,Western Asia,37.41448883477503
2205,Western Europe,27.427222583371247
2206,Australia and New Zealand,31.98623061900019
2206,Caribbean,52.285528889239075
2206,Central America,20.070447861198915
2206,Central Asia,32.78750416752061
2206,Eastern Africa,39.19148356491675
2206,Eastern Asia,20.993492823442494
2206,Eastern Europe,39.661813598557316
2206,Middle Africa,34.73754377528895
2206,Northern Africa,26.120463126121862
2206,Northern America,41.13060932990314
2206,Northern Europe,26.103797784790572
2206,Oceania,38.57991065701096
2206,South America,47.19892920489315
2206,South-eastern Asia,28.22647401804943
2206,Southern Africa,63.26338790375221
2206,Southern Asia,48.87133013025036
2206,Southern Europe,29.848774060359773
2206,Western Africa,37.90160270089835
2206,Western Asia,37.41270158490835
2206,Western Europe,27.427617934429804
2207,Australia and New Zealand,31.986750013169463
2207,Caribbean,52.28660036069357
2207,Central America,20.070745043093297
2207,Central Asia,32.786958262889954
2207,Eastern Africa,39.19172202532728
2207,Eastern Asia,20.99415888476912
2207,Eastern Europe,39.66236645061478
2207,Middle Africa,34.738205819416734
2207,Northern Africa,26.120997940194535
2207,Northern America,41.13101156806245
2207,Northern Europe,26.103506877377924
2207,Oceania,38.58021835648717
2207,South America,47.198740096779446
2207,South-eastern Asia,28.226570678457108
2207,Southern Africa,63.26437451618485
2207,Southern Asia,48.87147454525511
2207,Southern Europe,29.848719454976447
2207,Western Africa,37.902255881310154
2207,Western Asia,37.41134815741631
2207,Western Europe,27.428094239458645
2208,Australia and New Zealand,31.98808425612807
2208,Caribbean,52.28915990585037
2208,Central America,20.071692037332767
2208,Central Asia,32.786840302628484
2208,Eastern Africa,39.19322909967313
2208,Eastern Asia,20.99523943510775
2208,Eastern Europe,39.66294561767505
2208,Middle Africa,34.740285261285564
2208,Northern Africa,26.122767997301466
2208,Northern America,41.1321364565886
2208,Northern Europe,26.10332072253243
2208,Oceania,38.58154898878645
2208,South America,47.199843777428896
2208,South-eastern Asia,28.227472328852343
2208,Southern Africa,63.26725470908432
2208,Southern Asia,48.87375196501509
2208,Southern Europe,29.849116478512983
2208,Western Africa,37.90486449663284
2208,Western Asia,37.410939058384685
2208,Western Europe,27.42878667677573
2209,Australia and New Zealand,31.99019654000992
2209,Caribbean,52.29313226943333
2209,Central America,20.073257666660993
2209,Central Asia,32.78712837743267
2209,Eastern Africa,39.19594502423145
2209,Eastern Asia,20.996717893650896
2209,Eastern Europe,39.663548570898044
2209,Middle Africa,34.74371179082745
2209,Northern Africa,26.12573265527427
2209,Northern America,41.1339493432882
2209,Northern Europe,26.103235314501205
2209,Oceania,38.58385207280026
2209,South America,47.202178086797986
2209,South-eastern Asia,28.229140264184238
2209,Southern Africa,63.27193568431824
2209,Southern Asia,48.87805300327379
2209,Southern Europe,29.849942549904185
2209,Western Africa,37.90933893131552
2209,Western Asia,37.41143461052303
2209,Western Europe,27.42968619409254
2210,Australia and New Zealand,31.992632246081776
2210,Caribbean,52.2976834569711
2210,Central America,20.07508113805514
2210,Central Asia,32.78759583138857
2210,Eastern Africa,39.199169560566816
2210,Eastern Asia,20.998358991712962
2210,Eastern Europe,39.66415121667026
2210,Middle Africa,34.74769800449664
2210,Northern Africa,26.129204156680963
2210,Northern America,41.136046830610965
2210,Northern Europe,26.103196945457086
2210,Oceania,38.5865605988835
2210,South America,47.20503577339166
2210,South-eastern Asia,28.231132417334592
2210,Southern Africa,63.277361640971286
2210,Southern Asia,48.88320062411964
2210,Southern Europe,29.850949108865166
2210,Western Africa,37.914603134247216
2210,Western Asia,37.412346043397804
2210,Western Europe,27.430665978585367
2211,Australia and New Zealand,31.994726762652892
2211,Caribbean,52.30160256975935
2211,Central America,20.07663699087381
2211,Central Asia,32.787914489439984
2211,Eastern Africa,39.201881593353605
2211,Eastern Asia,20.999815880511363
2211,Eastern Europe,39.66471837297121
2211,Middle Africa,34.7510971986015
2211,Northern Africa,26.132179265840882
2211,Northern America,41.13784122587347
2211,Northern Europe,26.103126692018463
2211,Oceania,38.588850563393784
2211,South America,47.20738774119653
2211,South-eastern Asia,28.232806146491995
2211,Southern Africa,63.28199606102167
2211,Southern Asia,48.887487943659735
2211,Southern Europe,29.85177515624322
2211,Western Africa,37.9190821278673
2211,Western Asia,37.412957399295976
2211,Western Europe,27.431539605109023
2212,Australia and New Zealand,31.996252307834894
2212,Caribbean,52.30447914614622
2212,Central America,20.077746063975255
2212,Central Asia,32.78797298991094
2212,Eastern Africa,39.20373254502678
2212,Eastern Asia,21.00096839335137
2212,Eastern Europe,39.66523863335034
2212,Middle Africa,34.753518644912695
2212,Northern Africa,26.13431139839797
2212,Northern America,41.139132260517464
2212,Northern Europe,26.102997141759232
2212,Oceania,38.59044199842199
2212,South America,47.208883221812314
2212,South-eastern Asia,28.23394240278887
2212,Southern Africa,63.28531615899511
2212,Southern Asia,48.89033694875735
2212,Southern Europe,29.852298284025736
2212,Western Africa,37.922233088866975
2212,Western Asia,37.41302008670857
2212,Western Europe,27.43224303164631
2213,Australia and New Zealand,31.99711337833442
2213,Caribbean,52.30614493470753
2213,Central America,20.078334037440015
2213,Central Asia,32.78772567655821
2213,Eastern Africa,39.20457741492562
2213,Eastern Asia,21.001765044140086
2213,Eastern Europe,39.66570806611891
2213,Middle Africa,34.754800559632315
2213,Northern Africa,26.13545270670663
2213,Northern America,41.139836984848976
2213,Northern Europe,26.102796479727886
2213,Oceania,38.59121954158784
2213,South America,47.209376787402846
2213,South-eastern Asia,28.2344503677443
2213,Southern Africa,63.287106259391024
2213,Southern Asia,48.891511523117615
2213,Southern Europe,29.852468186177106
2213,Western Africa,37.92382937006522
2213,Western Asia,37.41242717273536
2213,Western Europe,27.432749275484625
2214,Australia and New Zealand,31.997475122001795
2214,Caribbean,52.306905817927785
2214,Central America,20.078532453679188
2214,Central Asia,32.78725523813222
2214,Eastern Africa,39.204671287844306
2214,Eastern Asia,21.002290584141292
2214,Eastern Europe,39.66613725902768
2214,Middle Africa,34.755230611204624
2214,Northern Africa,26.135848669061623
2214,Northern America,41.14010282633522
2214,Northern Europe,26.102543805097866
2214,Oceania,38.59139038343127
2214,South America,47.20912589840083
2214,South-eastern Asia,28.234490773682808
2214,Southern Africa,63.287753137785785
2214,Southern Asia,48.89144399856704
2214,Southern Europe,29.85237598480417
2214,Western Africa,37.92426256262473
2214,Western Asia,37.411351930497005
2214,Western Europe,27.433104990643997
2215,Australia and New Zealand,31.997351399081886
2215,Caribbean,52.30679074863467
2215,Central America,20.07835298604448
2215,Central Asia,32.78656935849238
2215,Eastern Africa,39.20403651120168
2215,Eastern Asia,21.002551206933617
2215,Eastern Europe,39.6665283787641
2215,Middle Africa,34.75483474876171
2215,Northern Africa,26.135517480602743
2215,Northern America,41.139943080462785
2215,Northern Europe,26.10224036936515
2215,Oceania,38.59097349583962
2215,South America,47.20815329693124
2215,South-eastern Asia,28.234077782381206
2215,Southern Africa,63.287292550248964
2215,Southern Asia,48.890176092990956
2215,Southern Europe,29.852030309566047
2215,Western Africa,37.92356553632388
2215,Western Asia,37.40980566530325
2215,Western Europe,27.43331393875934
2216,Australia and New Zealand,31.996815741470286
2216,Caribbean,52.305936693679556
2216,Central America,20.077854320443578
2216,Central Asia,32.78570494013362
2216,Eastern Africa,39.20278686169816
2216,Eastern Asia,21.002584459682794
2216,Eastern Europe,39.66688688933253
2216,Middle Africa,34.753741543886996
2216,Northern Africa,26.134567710956524
2216,Northern America,41.13942364882179
2216,Northern Europe,26.101894531132075
2216,Oceania,38.5900613895668
2216,South America,47.20657368115653
2216,South-eastern Asia,28.233282977037533
2216,Southern Africa,63.285897738808394
2216,Southern Asia,48.88790169989612
2216,Southern Europe,29.85147203165681
2216,Western Africa,37.92191272159009
2216,Western Asia,37.40786417790076
2216,Western Europe,27.43339661157478
2217,Australia and New Zealand,31.996631459674862
2217,Caribbean,52.30573357280299
2217,Central America,20.077639483197274
2217,Central Asia,32.78503743331118
2217,Eastern Africa,39.20209396855121
2217,Eastern Asia,21.002789092302976
2217,Eastern Europe,39.66725529561792
2217,Middle Africa,34.7532675057975
2217,Northern Africa,26.134149888686764
2217,Northern America,41.13921945137182
2217,Northern Europe,26.10159661394249
2217,Oceania,38.58959929343424
2217,South America,47.20556671652858
2217,South-eastern Asia,28.232842980818873
2217,Southern Africa,63.285333501101704
2217,Southern Asia,48.886578988269136
2217,Southern Europe,29.85111565092531
2217,Western Africa,37.92111315501181
2217,Western Asia,37.40634512457035
2217,Western Europe,27.433568256541108
2218,Australia and New Zealand,31.99696594554915
2218,Caribbean,52.306481295477525
2218,Central America,20.077839458239666
2218,Central Asia,32.78464671662604
2218,Eastern Africa,39.20221261001551
2218,Eastern Asia,21.003254230021895
2218,Eastern Europe,39.66764187219809
2218,Middle Africa,34.753698241829056
2218,Northern Africa,26.13451855697395
2218,Northern America,41.1394771169074
2218,Northern Europe,26.101366640089196
2218,Oceania,38.58979166480072
2218,South America,47.205387955041545
2218,South-eastern Asia,28.23291726422532
2218,Southern Africa,63.285981554139425
2218,Southern Asia,48.88662765417067
2218,Southern Europe,29.85105031844384
2218,Western Africa,37.9215615474898
2218,Western Asia,37.405427923359014
2218,Western Europe,27.43387682913969
2219,Australia and New Zealand,31.998033579166396
2219,Caribbean,52.308563977815226
2219,Central America,20.07862205625983
2219,Central Asia,32.78463535897682
2219,Eastern Africa,39.20346925848612
2219,Eastern Asia,21.004094050466193
2219,Eastern Europe,39.668057370289134
2219,Middle Africa,34.75539969774264
2219,Northern Africa,26.13599992392306
2219,Northern America,41.140384477420525
2219,Northern Europe,26.101230280278997
2219,Oceania,38.59090039081181
2219,South America,47.206364898948294
2219,South-eastern Asia,28.233710215139496
2219,Southern Africa,63.288331097643535
2219,Southern Asia,48.88858574013
2219,Southern Europe,29.85139032076667
2219,Western Africa,37.92376387502365
2219,Western Asia,37.40534299958114
2219,Western Europe,27.43438363020516
2220,Australia and New Zealand,32.000149709077604
2220,Caribbean,52.312547600766024
2220,Central America,20.080234434987076
2220,Central Asia,32.785155097391794
2220,Eastern Africa,39.206344837046814
2220,Eastern Asia,21.005475967255904
2220,Eastern Europe,39.668518307751555
2220,Middle Africa,34.75891106824509
2220,Northern Africa,26.139073634316112
2220,Northern America,41.14221818391614
2220,Northern Europe,26.101225271519723
2220,Oceania,38.593311238741634
2220,South America,47.208980144707624
2220,South-eastern Asia,28.235523041640676
2220,Southern Africa,63.293103425359476
2220,Southern Asia,48.89324750615209
2220,Southern Europe,29.852304307270572
2220,Western Africa,37.928465860089844
2220,Western Asia,37.40642999709607
2220,Western Europe,27.43517855733444
2221,Australia and New Zealand,32.002872540625035
2221,Caribbean,52.31761952948233
2221,Central America,20.08232547326223
2221,Central Asia,32.785984960731085
2221,Eastern Africa,39.21015831387642
2221,Eastern Asia,21.00717191020891
2221,Eastern Europe,39.668999859524945
2221,Middle Africa,34.763465740099875
2221,Northern Africa,26.143077267055936
2221,Northern America,41.14458549675746
2221,Northern Europe,26.10129958890184
2221,Oceania,38.59647218337248
2221,South America,47.212545749416535
2221,South-eastern Asia,28.237925828050336
2221,Southern Africa,63.29926959060295
2221,Southern Asia,48.899466227567245
2221,Southern Europe,29.853549741530117
2221,Western Africa,37.93461840752528
2221,Western Asia,37.408215462480854
2221,Western Europe,27.43613832382401
2222,Australia and New Zealand,32.0060330615453
2222,Caribbean,52.323467599236295
2222,Central America,20.0847604899419
2222,Central Asia,32.78704255663154
2222,Eastern Africa,39.214649335024276
2222,Eastern Asia,21.009095114263943
2222,Eastern Europe,39.66949298473281
2222,Middle Africa,34.768769793366516
2222,Northern Africa,26.147757841175867
2222,Northern America,41.14733587398236
2222,Northern Europe,26.101433307189126
2222,Oceania,38.60017114610219
2222,South America,47.2167975276367
2222,South-eastern Asia,28.240753417936304
2222,Southern Africa,63.3064350926686
2222,Southern Asia,48.90681588399168
2222,Southern Europe,29.855033464846414
2222,Western Africa,37.94181995695283
2222,Western Asia,37.410517977459534
2222,Western Europe,27.43721605399614
2223,Australia and New Zealand,32.00855325914507
2223,Caribbean,52.32813012533981
2223,Central America,20.086687722890773
2223,Central Asia,32.78779290497873
2223,Eastern Africa,39.21816199809314
2223,Eastern Asia,21.010682392638103
2223,Eastern Europe,39.66993659860378
2223,Middle Africa,34.772963513129795
2223,Northern Africa,26.15148799470486
2223,Northern America,41.14951616053766
2223,Northern Europe,26.10149859970292
2223,Oceania,38.6030737397018
2223,South America,47.22007039523177
2223,South-eastern Asia,28.24296485358886
2223,Southern Africa,63.31210626476107
2223,Southern Asia,48.91251014609814
2223,Southern Europe,29.856169614305728
2223,Western Africa,37.94751537694623
2223,Western Asia,37.41217796503591
2223,Western Europe,27.43810844729424
2224,Australia and New Zealand,32.00939908012952
2224,Caribbean,52.329735735778016
2224,Central America,20.087292495839648
2224,Central Asia,32.78772890717061
2224,Eastern Africa,39.21910889792812
2224,Eastern Asia,21.011390352831683
2224,Eastern Europe,39.67027201604587
2224,Middle Africa,34.77426815251139
2224,Northern Africa,26.152701083966257
2224,Northern America,41.15021457975594
2224,Northern Europe,26.10137214169086
2224,Oceania,38.60390598180494
2224,South America,47.220769076236024
2224,South-eastern Asia,28.243565256490655
2224,Southern Africa,63.31389920747856
2224,Southern Asia,48.91390597788856
2224,Southern Europe,29.856398989656086
2224,Western Africa,37.94924373480271
2224,Western Asia,37.41207862208071
2224,Western Europe,27.438523601701803
2225,Australia and New Zealand,32.00932661748661
2225,Caribbean,52.32967382175957
2225,Central America,20.087175231612875
2225,Central Asia,32.78722831116294
2225,Eastern Africa,39.21865611422355
2225,Eastern Asia,21.011609977690426
2225,Eastern Europe,39.67054587192855
2225,Middle Africa,34.773995781900524
2225,Northern Africa,26.152530716228206
2225,Northern America,41.15010337185474
2225,Northern Europe,26.10114253427085
2225,Oceania,38.60361084570716
2225,South America,47.22006848165741
2225,South-eastern Asia,28.243289841428165
2225,Southern Africa,63.3135765245143
2225,Southern Asia,48.91297091060309
2225,Southern Europe,29.85613670388929
2225,Western Africa,37.94880305304957
2225,Western Asia,37.411026449960616
2225,Western Europe,27.438673364376598
2226,Australia and New Zealand,32.00872883533927
2226,Caribbean,52.32866593327081
2226,Central America,20.08664783387637
2226,Central Asia,32.78648721580968
2226,Eastern Africa,39.21741007314701
2226,Eastern Asia,21.011544692851913
2226,Eastern Europe,39.67078307978902
2226,Middle Africa,34.77282817943781
2226,Northern Africa,26.15156623863104
2226,Northern America,41.14953185344152
2226,Northern Europe,26.10085577074983
2226,Oceania,38.60267794138892
2226,South America,47.218579080055534
2226,South-eastern Asia,28.242518019299112
2226,Southern Africa,63.31205430524136
2226,Southern Asia,48.910726970948915
2226,Southern Europe,29.855598415031892
2226,Western Africa,37.94712833787415
2226,Western Asia,37.40944000253634
2226,Western Europe,27.43866799380079
2227,Australia and New Zealand,32.0081610266822
2227,Caribbean,52.327724556050725
2227,Central America,20.086149405863196
2227,Central Asia,32.785780027016465
2227,Eastern Africa,39.216224962996904
2227,Eastern Asia,21.011484185181217
2227,Eastern Europe,39.67101681485907
2227,Middle Africa,34.77172452669901
2227,Northern Africa,26.150644450591365
2227,Northern America,41.148991631922094
2227,Northern Europe,26.100577366379696
2227,Oceania,38.60179532743455
2227,South America,47.21715993057849
2227,South-eastern Asia,28.241787099962323
2227,Southern Africa,63.310619646844835
2227,Southern Asia,48.908605421251394
2227,Southern Europe,29.855086551630095
2227,Western Africa,37.94553912985066
2227,Western Asia,37.40791441623372
2227,Western Europe,27.438663887804893
2228,Australia and New Zealand,32.00789108890714
2228,Caribbean,52.32733497481448
2228,Central America,20.08589098725473
2228,Central Asia,32.78523756884333
2228,Eastern Africa,39.21551127998981
2228,Eastern Asia,21.011569319738044
2228,Eastern Europe,39.6712622023184
2228,Middle Africa,34.77114552460261
2228,Northern Africa,26.150170623701463
2228,Northern America,41.14871894823091
2228,Northern Europe,26.100339078264057
2228,Oceania,38.601293154217586
2228,South America,47.21622352007202
2228,South-eastern Asia,28.241355177548044
2228,Southern Africa,63.30988992756392
2228,Southern Asia,48.90729037757886
2228,Southern Europe,29.8547458509276
2228,Western Africa,37.94467072775163
2228,Western Asia,37.406737237375154
2228,Western Europe,27.438736928887764
2229,Australia and New Zealand,32.00814564085732
2229,Caribbean,52.327905265005015
2229,Central America,20.086050513195985
2229,Central Asia,32.784970234807886
2229,Eastern Africa,39.2156153749557
2229,Eastern Asia,21.011920066204226
2229,Eastern Europe,39.671531368802704
2229,Middle Africa,34.77147938587137
2229,Northern Africa,26.15048887625875
2229,Northern America,41.14891294623959
2229,Northern Europe,26.100167914057693
2229,Oceania,38.601449358992745
2229,South America,47.21611741359091
2229,South-eastern Asia,28.241439700333615
2229,Southern Africa,63.31038477621593
2229,Southern Asia,48.90735589624313
2229,Southern Europe,29.854697908079686
2229,Western Africa,37.94505976021938
2229,Western Asia,37.406152369402434
2229,Western Europe,27.438951575332737
2230,Australia and New Zealand,32.009585182698345
2230,Caribbean,52.33063005670644
2230,Central America,20.08714802263256
2230,Central Asia,32.78530229563916
2230,Eastern Africa,39.21754941388613
2230,Eastern Asia,21.012884100714757
2230,Eastern Europe,39.67186105856335
2230,Middle Africa,34.77386119853261
2230,Northern Africa,26.152599974445145
2230,Northern America,41.150155635780195
2230,Northern Europe,26.10014246812611
2230,Oceania,38.60307713272597
2230,South America,47.217858342752095
2230,South-eastern Asia,28.2426768166971
2230,Southern Africa,63.31362497782358
2230,Southern Asia,48.91048647245562
2230,Southern Europe,29.855299257637213
2230,Western Africa,37.94827528288813
2230,Western Asia,37.40687152808633
2230,Western Europe,27.439494745586757
2231,Australia and New Zealand,32.01174524555768
2231,Caribbean,52.33465433460829
2231,Central America,20.08881424078517
2231,Central Asia,32.78599887280791
2231,Eastern Africa,39.22059584796429
2231,Eastern Asia,21.014221902266428
2231,Eastern Europe,39.67222315902781
2231,Middle Africa,34.77748406602519
2231,Northern Africa,26.155807744999038
2231,Northern America,41.15203368112521
2231,Northern Europe,26.100208180919537
2231,Oceania,38.605596060543945
2231,South America,47.220722749494826
2231,South-eastern Asia,28.244613533646756
2231,Southern Africa,63.318526440230904
2231,Southern Asia,48.91547052382492
2231,Southern Europe,29.85629427494807
2231,Western Africa,37.953211073695314
2231,Western Asia,37.408397537792126
2231,Western Europe,27.440236797750472
2232,Australia and New Zealand,32.01370650853761
2232,Caribbean,52.33830182566521
2232,Central America,20.090321932617172
2232,Central Asia,32.78660362980421
2232,Eastern Africa,39.22333996460594
2232,Eastern Asia,21.015454220699326
2232,Eastern Europe,39.67256380482418
2232,Middle Africa,34.780759813257056
2232,Northern Africa,26.158725825107254
2232,Northern America,41.15373319189466
2232,Northern Europe,26.100256233924313
2232,Oceania,38.60786652488564
2232,South America,47.22328733777026
2232,South-eastern Asia,28.246359114396924
2232,Southern Africa,63.32295822423131
2232,Southern Asia,48.919937624089016
2232,Southern Europe,29.85718196727909
2232,Western Africa,37.95768013860048
2232,Western Asia,37.40974165706987
2232,Western Europe,27.440919379810325
2233,Australia and New Zealand,32.01546419623593
2233,Caribbean,52.34156653575255
2233,Central America,20.091667843665206
2233,Central Asia,32.787114813878304
2233,Eastern Africa,39.225775010493535
2233,Eastern Asia,21.01657786902109
2233,Eastern Europe,39.672883322784
2233,Middle Africa,34.7836815624202
2233,Northern Africa,26.161345355029297
2233,Northern America,41.1552506295223
2233,Northern Europe,26.10028577858401
2233,Oceania,38.60988397074809
2233,South America,47.22554570595072
2233,South-eastern Asia,28.24790960829624
2233,Southern Africa,63.326911649555306
2233,Southern Asia,48.92387950887098
2233,Southern Europe,29.857960434748065
2233,Western Africa,37.961671072062586
2233,Western Asia,37.41089669313027
2233,Western Europe,27.441541069292086
2234,Australia and New Zealand,32.016731898027295
2234,Caribbean,52.34393077596842
2234,Central America,20.092626404511194
2234,Central Asia,32.7873915663222
2234,Eastern Africa,39.227461587681844
2234,Eastern Asia,21.017442232085415
2234,Eastern Europe,39.6731653268624
2234,Middle Africa,34.78575680855798
2234,Northern Africa,26.163231827853828
2234,Northern America,41.15633356199844
2234,Northern Europe,26.100262578736988
2234,Oceania,38.61129585358398
2234,South America,47.22705652168031
2234,South-eastern Asia,28.248988928396912
2234,Southern Africa,63.329726586295365
2234,Southern Asia,48.92656463430072
2234,Southern Europe,29.85847480924484
2234,Western Africa,37.96450255906585
2234,Western Asia,37.41155237221108
2234,Western Europe,27.442021062374877
2235,Australia and New Zealand,32.01723207732208
2235,Caribbean,52.34489537252642
2235,Central America,20.092979614804918
2235,Central Asia,32.787298319947844
2235,Eastern Africa,39.227974819895195
2235,Eastern Asia,21.01790057797217
2235,Eastern Europe,39.673394328263356
2235,Middle Africa,34.78650969241048
2235,Northern Africa,26.163962876107938
2235,Northern America,41.15673804502072
2235,Northern Europe,26.10015331013429
2235,Oceania,38.611761932948774
2235,South America,47.22739334533408
2235,South-eastern Asia,28.249330405974504
2235,Southern Africa,63.330765694054136
2235,Southern Asia,48.92728839888605
2235,Southern Europe,29.858575762556683
2235,Western Africa,37.96551477505794
2235,Western Asia,37.41140713001698
2235,Western Europe,27.44228081910336
2236,Australia and New Zealand,32.01704525600597
2236,Caribbean,52.344613504856596
2236,Central America,20.09279260837893
2236,Central Asia,32.78687721223115
2236,Eastern Africa,39.22744086375367
2236,Eastern Asia,21.017992999099278
2236,Eastern Europe,39.673576847318515
2236,Middle Africa,34.786082964098064
2236,Northern Africa,26.163656378697198
2236,Northern America,41.156537126607695
2236,Northern Europe,26.099967014786785
2236,Oceania,38.61138533610724
2236,South America,47.22668373120449
2236,South-eastern Asia,28.249014040567033
2236,Southern Africa,63.330222048576346
2236,Southern Asia,48.92626943629779
2236,Southern Europe,29.858309136215055
2236,Western Africa,37.964900445788174
2236,Western Asia,37.41054449798966
2236,Western Europe,27.442342523525554
2237,Australia and New Zealand,32.01652715197447
2237,Caribbean,52.34373689534593
2237,Central America,20.092347460328952
2237,Central Asia,32.78630585707063
2237,Eastern Africa,39.22640831412281
2237,Eastern Asia,21.01790408595292
2237,Eastern Europe,39.67373573615802
2237,Middle Africa,34.78509317674874
2237,Northern Africa,26.16284696884108
2237,Northern America,41.15604670349846
2237,Northern Europe,26.09974547374847
2237,Oceania,38.610608381983624
2237,South America,47.225479468089304
2237,South-eastern Asia,28.248385289272804
2237,Southern Africa,63.328924148977705
2237,Southern Asia,48.92443088026823
2237,Southern Europe,29.857869864162723
2237,Western Africa,37.96350699780966
2237,Western Asia,37.409344880567375
2237,Western Europe,27.442306049194087
2238,Australia and New Zealand,32.016275533400496
2238,Caribbean,52.34335343221872
2238,Central America,20.092116492519807
2238,Central Asia,32.785879944699836
2238,Eastern Africa,39.22579629121117
2238,Eastern Asia,21.01794630405749
2238,Eastern Europe,39.67390714833847
2238,Middle Africa,34.78457204755685
2238,Northern Africa,26.162437083185885
2238,Northern America,41.15579554715447
2238,Northern Europe,26.099559300661923
2238,Oceania,38.610170519495135
2238,South America,47.224704214029956
2238,South-eastern Asia,28.248022289829677
2238,Southern Africa,63.328256513853276
2238,Southern Asia,48.92331068464344
2238,Southern Europe,29.857583140305266
2238,Western Africa,37.96275660796162
2238,Western Asia,37.4084505568284
2238,Western Europe,27.44233983865456
2239,Australia and New Zealand,32.01637452596149
2239,Caribbean,52.34361267263736
2239,Central America,20.092165285719688
2239,Central Asia,32.785639374817954
2239,Eastern Africa,39.22573255854829
2239,Eastern Asia,21.01816487992849
2239,Eastern Europe,39.674095320215486
2239,Middle Africa,34.78466253564125
2239,Northern Africa,26.162555477091587
2239,Northern America,41.155857042508615
2239,Northern Europe,26.09941850024029
2239,Oceania,38.61017378532665
2239,South America,47.22448578099936
2239,South-eastern Asia,28.248005017223576
2239,Southern Africa,63.32841011479804
2239,Southern Asia,48.92311829941747
2239,Southern Europe,29.85749343651989
2239,Western Africa,37.96284815484228
2239,Western Asia,37.40795240507211
2239,Western Europe,27.44246806970736
2240,Australia and New Zealand,32.01711959848392
2240,Caribbean,52.3450475470046
2240,Central America,20.092726141163553
2240,Central Asia,32.78572822380088
2240,Eastern Africa,39.22666944695159
2240,Eastern Asia,21.01871587017996
2240,Eastern Europe,39.67431695933428
2240,Middle Africa,34.785871687018144
2240,Northern Africa,26.163650726818588
2240,Northern America,41.15649118841844
2240,Northern Europe,26.099358263935102
2240,Oceania,38.61098100347675
2240,South America,47.22527801535428
2240,South-eastern Asia,28.24861748717815
2240,Southern Africa,63.330064244502715
2240,Southern Asia,48.924604888832945
2240,Southern Europe,29.85775984745942
2240,Western Africa,37.964483236195434
2240,Western Asia,37.408169128866575
2240,Western Europe,27.442774537983894
2241,Australia and New Zealand,32.01898327979382
2241,Caribbean,52.34851011746251
2241,Central America,20.0941705683789
2241,Central Asia,32.78637718276123
2241,Eastern Africa,39.22933054242428
2241,Eastern Asia,21.01984881155019
2241,Eastern Europe,39.67459923204011
2241,Middle Africa,34.789010558311695
2241,Northern Africa,26.166440462841933
2241,Northern America,41.15811382237018
2241,Northern Europe,26.099434922472398
2241,Oceania,38.613172295537446
2241,South America,47.22780685835737
2241,South-eastern Asia,28.25031394550024
2241,Southern Africa,63.334305695571125
2241,Southern Asia,48.92897229601623
2241,Southern Europe,29.858636945632355
2241,Western Africa,37.968784687900836
2241,Western Asia,37.40961100192095
2241,Western Europe,27.443393176329778
2242,Australia and New Zealand,32.021814700866535
2242,Caribbean,52.35371615102444
2242,Central America,20.096377049060976
2242,Central Asia,32.78750785513278
2242,Eastern Africa,39.23348023169986
2242,Eastern Asia,21.021488011651
2242,Eastern Europe,39.674932322131795
2242,Middle Africa,34.79381348538251
2242,Northern Africa,26.170701908599092
2242,Northern America,41.16058895231687
2242,Northern Europe,26.099631060793627
2242,Oceania,38.61655540648563
2242,South America,47.2318338095679
2242,South-eastern Asia,28.252944890497744
2242,Southern Africa,63.34077812283976
2242,Southern Asia,48.93581592354401
2242,Southern Europe,29.860039680569628
2242,Western Africa,37.97539244183028
2242,Western Asia,37.41211824652382
2242,Western Europe,27.444282557038235
2243,Australia and New Zealand,32.02440938553721
2243,Caribbean,52.35847026845519
2243,Central America,20.09839288656039
2243,Central Asia,32.788522111422935
2243,Eastern Africa,39.23726445857696
2243,Eastern Asia,21.023005320267174
2243,Eastern Europe,39.67524268849303
2243,Middle Africa,34.79819920036462
2243,Northern Africa,26.174617802416833
2243,Northern America,41.162850059178346
2243,Northern Europe,26.09980418829778
2243,Oceania,38.61963823545089
2243,South America,47.23549507437319
2243,South-eastern Asia,28.255343667146704
2243,Southern Africa,63.34668730844424
2243,Southern Asia,48.94203037517926
2243,Southern Europe,29.86131124233431
2243,Western Africa,37.98143861882366
2243,Western Asia,37.41439546669625
2243,Western Europe,27.445104030680056
2244,Australia and New Zealand,32.02612594260579
2244,Caribbean,52.36161154281547
2244,Central America,20.099712605829723
2244,Central Asia,32.78910397353041
2244,Eastern Africa,39.23969849884763
2244,Eastern Asia,21.024063811077554
2244,Eastern Europe,39.67549128999224
2244,Middle Africa,34.80106342741607
2244,Northern Africa,26.17721603515779
2244,Northern America,41.16433120873113
2244,Northern Europe,26.09987795286557
2244,Oceania,38.621630870986046
2244,South America,47.23780257568748
2244,South-eastern Asia,28.256891790084282
2244,Southern Africa,63.35054930786761
2244,Southern Asia,48.94598428466281
2244,Southern Europe,29.862104044031312
2244,Western Africa,37.98539586406733
2244,Western Asia,37.41575045258969
2244,Western Europe,27.445676556658682
2245,Australia and New Zealand,32.026824473283796
2245,Caribbean,52.362895141639854
2245,Central America,20.10022787531902
2245,Central Asia,32.78918735172773
2245,Eastern Africa,39.240570435647726
2245,Eastern Asia,21.02458745923883
2245,Eastern Europe,39.67567072351841
2245,Middle Africa,34.80216979188526
2245,Northern Africa,26.17828005609031
2245,Northern America,41.16491115758683
2245,Northern Europe,26.099835142657923
2245,Oceania,38.622365645108836
2245,South America,47.23854417075479
2245,South-eastern Asia,28.257457167246258
2245,Southern Africa,63.352048373575265
2245,Southern Asia,48.94731507454608
2245,Southern Europe,29.862344703374077
2245,Western Africa,37.98693192600098
2245,Western Asia,37.41602801776551
2245,Western Europe,27.445959934775743
2246,Australia and New Zealand,32.02656367900963
2246,Caribbean,52.3624371725365
2246,Central America,20.09998723473636
2246,Central Asia,32.788804693320195
2246,Eastern Africa,39.23997395006822
2246,Eastern Asia,21.024604090109733
2246,Eastern Europe,39.67578668175413
2246,Middle Africa,34.801624924406305
2246,Northern Africa,26.177893545333575
2246,Northern America,41.164644395095706
2246,Northern Europe,26.099682041155603
2246,Oceania,38.621920166089474
2246,South America,47.237815116659476
2246,South-eastern Asia,28.257099685151488
2246,Southern Africa,63.35132977031055
2246,Southern Asia,48.94619021117599
2246,Southern Europe,29.862068051153656
2246,Western Africa,37.98618800101501
2246,Western Asia,37.415286826777816
2246,Western Europe,27.445969900443146
2247,Australia and New Zealand,32.026135114441786
2247,Caribbean,52.361682959205424
2247,Central America,20.099617374783207
2247,Central Asia,32.78835027158706
2247,Eastern Africa,39.239128746420704
2247,Eastern Asia,21.024525777854564
2247,Eastern Europe,39.675890397920455
2247,Middle Africa,34.80079871724158
2247,Northern Africa,26.177249408474346
2247,Northern America,41.16423278195862
2247,Northern Europe,26.09951188214339
2247,Oceania,38.621275942709055
2247,South America,47.23684127326102
2247,South-eastern Asia,28.25658670453528
2247,Southern Africa,63.35023504972508
2247,Southern Asia,48.944662358102065
2247,Southern Europe,29.861706876912564
2247,Western Africa,37.98505138341888
2247,Western Asia,37.41437717603944
2247,Western Europe,27.445928903444283
2248,Australia and New Zealand,32.025730661777985
2248,Caribbean,52.360981529963624
2248,Central America,20.09926986388706
2248,Central Asia,32.787918948494266
2248,Eastern Africa,39.2383298453673
2248,Eastern Asia,21.024452926771886
2248,Eastern Europe,39.67599403947659
2248,Middle Africa,34.80002238451174
2248,Northern Africa,26.17663746501382
2248,Northern America,41.163846059805294
2248,Northern Europe,26.09934728613439
2248,Oceania,38.6206700981413
2248,South America,47.235918886620354
2248,South-eastern Asia,28.256103682255684
2248,Southern Africa,63.34920915351443
2248,Southern Asia,48.94322637984807
2248,Southern Europe,29.861365575624177
2248,Western Africa,37.98397916638052
2248,Western Asia,37.41350522366673
2248,Western Europe,27.445891074196993
2249,Australia and New Zealand,32.02526261583314
2249,Caribbean,52.360172553926176
2249,Central America,20.098875178143416
2249,Central Asia,32.78746672645969
2249,Eastern Africa,39.237441863426525
2249,Eastern Asia,21.024340053689627
2249,Eastern Europe,39.67609206608387
2249,Middle Africa,34.79914395579797
2249,Northern Africa,26.175925550662882
2249,Northern America,41.16340639017926
2249,Northern Europe,26.099177837213006
2249,Oceania,38.619993657269625
2249,South America,47.234911732303075
2249,South-eastern Asia,28.255565389613224
2249,Southern Africa,63.34804777478933
2249,Southern Asia,48.94165415078149
2249,Southern Europe,29.860996032028808
2249,Western Africa,37.98276194611745
2249,Western Asia,37.41257622984975
2249,Western Europe,27.44583189100389
2250,Australia and New Zealand,32.024921167055
2250,Caribbean,52.359601150072876
2250,Central America,20.09858334975121
2250,Central Asia,32.787087273224635
2250,Eastern Africa,39.236756871739686
2250,Eastern Asia,21.024286951443827
2250,Eastern Europe,39.676196214597326
2250,Middle Africa,34.79849119019072
2250,Northern Africa,26.175401385892627
2250,Northern America,41.1630817669014
2250,Northern Europe,26.09902601694145
2250,Oceania,38.61948121661509
2250,South America,47.23411300672886
2250,South-eastern Asia,28.255155368055895
2250,Southern Africa,63.347190970321954
2250,Southern Asia,48.94043454318506
2250,Southern Europe,29.860701426156666
2250,Western Africa,37.98185235725953
2250,Western Asia,37.41179484729571
2250,Western Europe,27.445805083714703
2251,Australia and New Zealand,32.02480947672592
2251,Caribbean,52.35945278735983
2251,Central America,20.098475330201637
2251,Central Asia,32.786830584174176
2251,Eastern Africa,39.23643252576241
2251,Eastern Asia,21.024348355768296
2251,Eastern Europe,39.67631238927005
2251,Middle Africa,34.79824077662741
2251,Northern Africa,26.175221919212
2251,Northern America,41.16296280179847
2251,Northern Europe,26.098904096335218
2251,Oceania,38.61925904936605
2251,South America,47.23368072123044
2251,South-eastern Asia,28.254972520677057
2251,Southern Africa,63.346875524140955
2251,Southern Asia,48.939829353755826
2251,Southern Europe,29.860537094737083
2251,Western Africa,37.98149532042068
2251,Western Asia,37.41127243937257
2251,Western Europe,27.445840005533384
2252,Australia and New Zealand,32.025236515449684
2252,Caribbean,52.36028588554298
2252,Central America,20.098794348853133
2252,Central Asia,32.786848045059536
2252,Eastern Africa,39.236942505451466
2252,Eastern Asia,21.024687043349388
2252,Eastern Europe,39.676458918375346
2252,Middle Africa,34.798923857909436
2252,Northern Africa,26.175855813109017
2252,Northern America,41.163321774813696
2252,Northern Europe,26.098848799759367
2252,Oceania,38.61970712479614
2252,South America,47.234090181830624
2252,South-eastern Asia,28.25531432070889
2252,Southern Africa,63.347813980556644
2252,Southern Asia,48.940628838471056
2252,Southern Europe,29.860669963816378
2252,Western Africa,37.98242563286358
2252,Western Asia,37.41134256444241
2252,Western Europe,27.446024098231447
2253,Australia and New Zealand,32.02651380664561
2253,Caribbean,52.36266090142081
2253,Central America,20.099785045397667
2253,Central Asia,32.787291357910675
2253,Eastern Africa,39.238764659196335
2253,Eastern Asia,21.025467945689513
2253,Eastern Europe,39.676653937061346
2253,Middle Africa,34.80107455724397
2253,Northern Africa,26.177776985323042
2253,Northern America,41.16443253013262
2253,Northern Europe,26.09889730709014
2253,Oceania,38.62120710957093
2253,South America,47.235819303130455
2253,South-eastern Asia,28.256479804942813
2253,Southern Africa,63.35072240565811
2253,Southern Asia,48.9436254864696
2253,Southern Europe,29.861267563870086
2253,Western Africa,37.98538407131282
2253,Western Asia,37.41234386621244
2253,Western Europe,27.446445768388372
2254,Australia and New Zealand,32.02860180111786
2254,Caribbean,52.36649828918303
2254,Central America,20.101414360374292
2254,Central Asia,32.788137936070605
2254,Eastern Africa,39.24183626069748
2254,Eastern Asia,21.02667288562401
2254,Eastern Europe,39.6768940126055
2254,Middle Africa,34.80462033828626
2254,Northern Africa,26.180929667520303
2254,Northern America,41.16625802263157
2254,Northern Europe,26.09904530481728
2254,Oceania,38.623705760965876
2254,South America,47.23880287721869
2254,South-eastern Asia,28.25842796291731
2254,Southern Africa,63.35550193846711
2254,Southern Asia,48.94870416533088
2254,Southern Europe,29.86230595929804
2254,Western Africa,37.99027541798701
2254,Western Asia,37.41423645703179
2254,Western Europe,27.44709468687816
2255,Australia and New Zealand,32.03065445327251
2255,Caribbean,52.37025519811169
2255,Central America,20.103012865748227
2255,Central Asia,32.78896692243478
2255,Eastern Africa,39.244852003447406
2255,Eastern Asia,21.027860939673815
2255,Eastern Europe,39.677125704725924
2255,Middle Africa,34.80809828478861
2255,Northern Africa,26.184037518508063
2255,Northern America,41.16804867392414
2255,Northern Europe,26.09919281731692
2255,Oceania,38.62615481576306
2255,South America,47.24173175523596
2255,South-eastern Asia,28.260339031372794
2255,Southern Africa,63.36018666157521
2255,Southern Asia,48.95367463926661
2255,Southern Europe,29.86332314117739
2255,Western Africa,37.995082917906586
2255,Western Asia,37.41610811661786
2255,Western Europe,27.44773307406092
2256,Australia and New Zealand,32.03228613353532
2256,Caribbean,52.37323297693024
2256,Central America,20.104276478730654
2256,Central Asia,32.78958797111624
2256,Eastern Africa,39.24721888469769
2256,Eastern Asia,21.028829763004353
2256,Eastern Europe,39.67732501098702
2256,Middle Africa,34.81084394924405
2256,Northern Africa,26.186516315791053
2256,Northern America,41.16946398781138
2256,Northern Europe,26.099293982959182
2256,Oceania,38.628079036810625
2256,South America,47.244010708726236
2256,South-eastern Asia,28.2618409104348
2256,Southern Africa,63.363884381148594
2256,Southern Asia,48.95754574404947
2256,Southern Europe,29.864109796568883
2256,Western Africa,37.99888757479337
2256,Western Asia,37.4175411529329
2256,Western Europe,27.448252155967623
2257,Australia and New Zealand,32.033564111835574
2257,Caribbean,52.37555851446025
2257,Central America,20.105259382781426
2257,Central Asia,32.790035922060845
2257,Eastern Africa,39.24904201410584
2257,Eastern Asia,21.029613184924756
2257,Eastern Europe,39.67749696095595
2257,Middle Africa,34.812975927284384
2257,Northern Africa,26.18846528454757
2257,Northern America,41.17056467945099
2257,Northern Europe,26.09935642312564
2257,Oceania,38.629564027047536
2257,South America,47.24574579595142
2257,South-eastern Asia,28.26300015269254
2257,Southern Africa,63.366755316973666
2257,Southern Asia,48.9604984562412
2257,Southern Europe,29.864703878415355
2257,Western Africa,38.00185026555134
2257,Western Asia,37.41860610132548
2257,Western Europe,27.44867051155353
2258,Australia and New Zealand,32.03409731271023
2258,Caribbean,52.37652576372298
2258,Central America,20.105653777658006
2258,Central Asia,32.790118609929486
2258,Eastern Africa,39.249720870696336
2258,Eastern Asia,21.030005221972203
2258,Eastern Europe,39.67761734242963
2258,Middle Africa,34.81382167776754
2258,Northern Africa,26.189290642575003
2258,Northern America,41.17100608796109
2258,Northern Europe,26.099333501959165
2258,Oceania,38.63012925507423
2258,South America,47.24633514099352
2258,South-eastern Asia,28.263440273708085
2258,Southern Africa,63.3678967696742
2258,Southern Asia,48.96153158351275
2258,Southern Europe,29.86489381610653
2258,Western Africa,38.00303909052012
2258,Western Asia,37.418878814501966
2258,Western Europe,27.448877595201182
2259,Australia and New Zealand,32.03410022476936
2259,Caribbean,52.37653096977759
2259,Central America,20.105630563838872
2259,Central Asia,32.78994523766254
2259,Eastern Africa,39.24958803990002
2259,Eastern Asia,21.030116110527075
2259,Eastern Europe,39.67770139308975
2259,Middle Africa,34.8137551359585
2259,Northern Africa,26.189313281799542
2259,Northern America,41.17097971467585
2259,Northern Europe,26.099250144693542
2259,Oceania,38.63004311083653
2259,South America,47.24611316904337
2259,South-eastern Asia,28.263370771298924
2259,Southern Africa,63.36781261755551
2259,Southern Asia,48.96120954913172
2259,Southern Europe,29.86479839000893
2259,Western Africa,38.00296674334227
2259,Western Asia,37.41858801456743
2259,Western Europe,27.44893327282334
2260,Australia and New Zealand,32.033656523046176
2260,Caribbean,52.375730460235204
2260,Central America,20.105256816766826
2260,Central Asia,32.78955706280282
2260,Eastern Africa,39.24877392734771
2260,Eastern Asia,21.0299883325753
2260,Eastern Europe,39.677755706035356
2260,Middle Africa,34.81292324172589
2260,Northern Africa,26.18865746074306
2260,Northern America,41.17056077650787
2260,Northern Europe,26.099115919040372
2260,Oceania,38.62941118049221
2260,South America,47.24521113854827
2260,South-eastern Asia,28.262873934912847
2260,Southern Africa,63.3667013531543
2260,Southern Asia,48.959755717256215
2260,Southern Europe,29.864464504276356
2260,Western Africa,38.001833781330774
2260,Western Asia,37.41782254525177
2260,Western Europe,27.448860764354066
2261,Australia and New Zealand,32.03296480234865
2261,Caribbean,52.374488069862934
2261,Central America,20.104690059286057
2261,Central Asia,32.78905530717555
2261,Eastern Africa,39.24758537790467
2261,Eastern Asia,21.0297249170047
2261,Eastern Europe,39.67779400502316
2261,Middle Africa,34.81167055642054
2261,Northern Africa,26.187621902275282
2261,Northern America,41.16992576977019
2261,Northern Europe,26.098954076412184
2261,Oceania,38.628480253526476
2261,South America,47.2439371203528
2261,South-eastern Asia,28.26214267533622
2261,Southern Africa,63.365026727002416
2261,Southern Asia,48.957687600354305
2261,Southern Europe,29.864001218574288
2261,Western Africa,38.000114557902975
2261,Western Asia,37.41679556764694
2261,Western Europe,27.448715788841938
2262,Australia and New Zealand,32.03271148182072
2262,Caribbean,52.37405121520986
2262,Central America,20.104472380461047
2262,Central Asia,32.78877921669441
2262,Eastern Africa,39.24707907236993
2262,Eastern Asia,21.029685084378258
2262,Eastern Europe,39.677860225646455
2262,Middle Africa,34.81118185026251
2262,Northern Africa,26.18724447504821
2262,Northern America,41.16968178504976
2262,Northern Europe,26.098845811429783
2262,Oceania,38.628098094908836
2262,South America,47.243351092050645
2262,South-eastern Asia,28.261840425612306
2262,Southern Africa,63.364380578087776
2262,Southern Asia,48.95677538094603
2262,Southern Europe,29.86378215933172
2262,Western Africa,37.99944554025245
2262,Western Asia,37.41624794047098
2262,Western Europe,27.44869177863194
2263,Australia and New Zealand,32.033003617598865
2263,Caribbean,52.3746095684583
2263,Central America,20.10468714134035
2263,Central Asia,32.78878072200868
2263,Eastern Africa,39.247417763406034
2263,Eastern Asia,21.02992650914146
2263,Eastern Europe,39.677959885842995
2263,Middle Africa,34.811638893772034
2263,Northern Africa,26.18768958428017
2263,Northern America,41.169922077510975
2263,Northern Europe,26.098804050541702
2263,Oceania,38.62839423199418
2263,South America,47.24361567608
2263,South-eastern Asia,28.262068893809555
2263,Southern Africa,63.36500588915648
2263,Southern Asia,48.95728591354214
2263,Southern Europe,29.863863890892972
2263,Western Africa,38.00008045574472
2263,Western Asia,37.41629659104646
2263,Western Europe,27.44881942784403
2264,Australia and New Zealand,32.034105230203465
2264,Caribbean,52.376637056337216
2264,Central America,20.10554144376968
2264,Central Asia,32.789199900923904
2264,Eastern Africa,39.24900555381576
2264,Eastern Asia,21.030589293908974
2264,Eastern Europe,39.678108575036575
2264,Middle Africa,34.813493920205474
2264,Northern Africa,26.18935951655672
2264,Northern America,41.17087849029781
2264,Northern Europe,26.098860352055908
2264,Oceania,38.62969148912914
2264,South America,47.24513542631641
2264,South-eastern Asia,28.263081168424975
2264,Southern Africa,63.36750892906853
2264,Southern Asia,48.95988944342626
2264,Southern Europe,29.86438817511825
2264,Western Africa,38.002647347405016
2264,Western Asia,37.41722830081713
2264,Western Europe,27.449173738657606
2265,Australia and New Zealand,32.03632625913775
2265,Caribbean,52.38068880248292
2265,Central America,20.107278147222374
2265,Central Asia,32.790186081903094
2265,Eastern Africa,39.25231657937367
2265,Eastern Asia,21.0318382431403
2265,Eastern Europe,39.67832507586486
2265,Middle Africa,34.81727741197371
2265,Northern Africa,26.192727204195165
2265,Northern America,41.172822953591215
2265,Northern Europe,26.099051814561847
2265,Oceania,38.632368074024726
2265,South America,47.2483846985174
2265,South-eastern Asia,28.265173939397314
2265,Southern Africa,63.37260093897097
2265,Southern Asia,48.965371535837576
2265,Southern Europe,29.865521224835945
2265,Western Africa,38.00788407315139
2265,Western Asia,37.41938146977617
2265,Western Europe,27.449842849349793
2266,Australia and New Zealand,32.03916467207905
2266,Caribbean,52.38584377513433
2266,Central America,20.109498707484263
2266,Central Asia,32.79148237646883
2266,Eastern Africa,39.256575037735075
2266,Eastern Asia,21.033413493929487
2266,Eastern Europe,39.67857636444947
2266,Middle Africa,34.82211806688138
2266,Northern Africa,26.197038096515435
2266,Northern America,41.175309103683944
2266,Northern Europe,26.099319441524216
2266,Oceania,38.635798945352384
2266,South America,47.25258353343236
2266,South-eastern Asia,28.267858823123504
2266,Southern Africa,63.37910969017706
2266,Southern Asia,48.97242277123546
2266,Southern Europe,29.866987059136108
2266,Western Africa,38.01459265052429
2266,Western Asia,37.422216695499344
2266,Western Europe,27.45068620203419
2267,Australia and New Zealand,32.042152835405616
2267,Caribbean,52.39124884842106
2267,Central America,20.11183297835082
2267,Central Asia,32.792851000043655
2267,Eastern Africa,39.26105955834274
2267,Eastern Asia,21.035071527060722
2267,Eastern Europe,39.67883201006508
2267,Middle Africa,34.827206755903894
2267,Northern Africa,26.201586831833623
2267,Northern America,41.17792237339559
2267,Northern Europe,26.09960801610285
2267,Oceania,38.63940456782924
2267,South America,47.257008251571264
2267,South-eastern Asia,28.270682545370462
2267,Southern Africa,63.385947317404856
2267,Southern Asia,48.9798309862973
2267,Southern Europe,29.868529961234813
2267,Western Africa,38.02165744140531
2267,Western Asia,37.42522902548302
2267,Western Europe,27.451572426851456
2268,Australia and New Zealand,32.04401887532873
2268,Caribbean,52.39459641737305
2268,Central America,20.113277240474403
2268,Central Asia,32.79364907179687
2268,Eastern Africa,39.26381185750607
2268,Eastern Asia,21.036145931385164
2268,Eastern Europe,39.67900798035444
2268,Middle Africa,34.83034883670637
2268,Northern Africa,26.20444802333619
2268,Northern America,41.179538376707555
2268,Northern Europe,26.099766848799533
2268,Oceania,38.641616524699174
2268,South America,47.259707900252224
2268,South-eastern Asia,28.272416961988966
2268,Southern Africa,63.39016433364666
2268,Southern Asia,48.984318185746645
2268,Southern Europe,29.86945781812942
2268,Western Africa,38.02604274911481
2268,Western Asia,37.42704303144322
2268,Western Europe,27.45214296511236
2269,Australia and New Zealand,32.0443439160929
2269,Caribbean,52.395138236994754
2269,Central America,20.113503660478216
2269,Central Asia,32.79366866518032
2269,Eastern Africa,39.264191182584796
2269,Eastern Asia,21.036413592756276
2269,Eastern Europe,39.679077829392284
2269,Middle Africa,34.830827784586305
2269,Northern Africa,26.204981386707793
2269,Northern America,41.17978991518285
2269,Northern Europe,26.099745626456183
2269,Oceania,38.64192486338265
2269,South America,47.26002150898374
2269,South-eastern Asia,28.272661663277887
2269,Southern Africa,63.390799770249906
2269,Southern Asia,48.98482381721401
2269,Southern Europe,29.869546112891143
2269,Western Africa,38.026749803875504
2269,Western Asia,37.42719962027792
2269,Western Europe,27.452278659554352
2270,Australia and New Zealand,32.04394584810437
2270,Caribbean,52.3943724852149
2270,Central America,20.113161049577855
2270,Central Asia,32.79332823868213
2270,Eastern Africa,39.26346205839657
2270,Eastern Asia,21.03629857563618
2270,Eastern Europe,39.67909903071636
2270,Middle Africa,34.83006316750963
2270,Northern Africa,26.204417602859564
2270,Northern America,41.179404061769276
2270,Northern Europe,26.09964028732108
2270,Oceania,38.641345874845534
2270,South America,47.25922253978645
2270,South-eastern Asia,28.272211314697415
2270,Southern Africa,63.389764796952264
2270,Southern Asia,48.98348094058953
2270,Southern Europe,29.869244465202982
2270,Western Africa,38.025733956815344
2270,Western Asia,37.42657808827232
2270,Western Europe,27.452208781903664
2271,Australia and New Zealand,32.04323116026595
2271,Caribbean,52.39304252673129
2271,Central America,20.112571575632998
2271,Central Asia,32.79283536270956
2271,Eastern Africa,39.26225254581226
2271,Eastern Asia,21.036012042077346
2271,Eastern Europe,39.679100255660416
2271,Middle Africa,34.82875990710479
2271,Northern Africa,26.203368959315476
2271,Northern America,41.178741866256274
2271,Northern Europe,26.099498547292654
2271,Oceania,38.64038390600282
2271,South America,47.25794322612096
2271,South-eastern Asia,28.271460408837257
2271,Southern Africa,63.38800834142866
2271,Southern Asia,48.9813478073053
2271,Southern Europe,29.868775991555196
2271,Western Africa,38.02396708398774
2271,Western Asia,37.42561659595651
2271,Western Europe,27.452047411197356
2272,Australia and New Zealand,32.042555962901446
2272,Caribbean,52.39179637738118
2272,Central America,20.112016703122393
2272,Central Asia,32.792370623732126
2272,Eastern Africa,39.261111525194536
2272,Eastern Asia,21.035740041155293
2272,Eastern Europe,39.679105664849246
2272,Middle Africa,34.82753357957904
2272,Northern Africa,26.20237352579462
2272,Northern America,41.17811868167198
2272,Northern Europe,26.099362409897964
2272,Oceania,38.6394790603239
2272,South America,47.25673579655698
2272,South-eastern Asia,28.270753418679462
2272,Southern Africa,63.38635822508074
2272,Southern Asia,48.97934548276339
2272,Southern Europe,29.86833505515385
2272,Western Africa,38.02229961871433
2272,Western Asia,37.42470007372276
2272,Western Europe,27.451894805139077
2273,Australia and New Zealand,32.04220578763079
2273,Caribbean,52.391150814141696
2273,Central America,20.11172143190514
2273,Central Asia,32.792077675433084
2273,Eastern Africa,39.26047790415019
2273,Eastern Asia,21.035632682936267
2273,Eastern Europe,39.6791336749871
2273,Middle Africa,34.82687598005043
2273,Northern Africa,26.201864184279877
2273,Northern America,41.17778651422732
2273,Northern Europe,26.09926573116752
2273,Oceania,38.63898271381281
2273,South America,47.25604157908094
2273,South-eastern Asia,28.270365557383315
2273,Southern Africa,63.385475021976134
2273,Southern Asia,48.97820706718967
2273,Southern Europe,29.86807650398724
2273,Western Africa,38.02141244014976
2273,Western Asia,37.42413816643477
2273,Western Europe,27.451831633675283
2274,Australia and New Zealand,32.04278780439856
2274,Caribbean,52.392203866909526
2274,Central America,20.112164027016632
2274,Central Asia,32.79226178674417
2274,Eastern Africa,39.261284751702874
2274,Eastern Asia,21.03600938397534
2274,Eastern Europe,39.67922316946648
2274,Middle Africa,34.82783242076515
2274,Northern Africa,26.20276192160169
2274,Northern America,41.178281012276585
2274,Northern Europe,26.09928061275184
2274,Oceania,38.639641636984656
2274,South America,47.25679875014599
2274,South-eastern Asia,28.270881806818338
2274,Southern Africa,63.38676257463778
2274,Southern Asia,48.97949010089171
2274,Southern Europe,29.86832939345838
2274,Western Africa,38.0227532800788
2274,Western Asia,37.42458938546349
2274,Western Europe,27.452029476283357
2275,Australia and New Zealand,32.04444458823552
2275,Caribbean,52.39520532234074
2275,Central America,20.11345488139682
2275,Central Asia,32.79299169246066
2275,Eastern Africa,39.26374805990456
2275,Eastern Asia,21.036947766459235
2275,Eastern Europe,39.6793817600809
2275,Middle Africa,34.83064373678708
2275,Northern Africa,26.205287223809037
2275,Northern America,41.17972570173967
2275,Northern Europe,26.09942443007469
2275,Oceania,38.641626704536236
2275,South America,47.259223497253444
2275,South-eastern Asia,28.272436683431934
2275,Southern Africa,63.39054259786554
2275,Southern Asia,48.98354618017997
2275,Southern Europe,29.869168414318636
2275,Western Africa,38.02666052724604
2275,Western Asia,37.42621193367697
2275,Western Europe,27.45252941964189
2276,Australia and New Zealand,32.04665016527226
2276,Caribbean,52.39919116162817
2276,Central America,20.115176625283837
2276,Central Asia,32.79399815161845
2276,Eastern Africa,39.267054518894895
2276,Eastern Asia,21.038175342111032
2276,Eastern Europe,39.67957325706877
2276,Middle Africa,34.834396966590475
2276,Northern Africa,26.208648964653314
2276,Northern America,41.18165294380596
2276,Northern Europe,26.09963540659166
2276,Oceania,38.64428385641041
2276,South America,47.26249647392606
2276,South-eastern Asia,28.274518864546394
2276,Southern Africa,63.395586189890096
2276,Southern Asia,48.98900328129301
2276,Southern Europe,29.870304359401345
2276,Western Africa,38.031877382928414
2276,Western Asia,37.428439404678926
2276,Western Europe,27.4531841236211
2277,Australia and New Zealand,32.04850655270883
2277,Caribbean,52.40252806327348
2277,Central America,20.116619852581863
2277,Central Asia,32.79482568080745
2277,Eastern Africa,39.269820051875115
2277,Eastern Asia,21.03922292952518
2277,Eastern Europe,39.67973701854888
2277,Middle Africa,34.837540116914134
2277,Northern Africa,26.211494575593797
2277,Northern America,41.18326767320548
2277,Northern Europe,26.099807416365195
2277,Oceania,38.64650354541013
2277,South America,47.265225109990894
2277,South-eastern Asia,28.27625979195112
2277,Southern Africa,63.39980636780158
2277,Southern Asia,48.99353946053715
2277,Southern Europe,29.871247103249132
2277,Western Africa,38.036259188567456
2277,Western Asia,37.43030112170942
2277,Western Europe,27.45374103049656
2278,Australia and New Zealand,32.04970061487637
2278,Caribbean,52.404652264456075
2278,Central America,20.117538138233826
2278,Central Asia,32.7953172834448
2278,Eastern Africa,39.27156398133853
2278,Eastern Asia,21.039925141474214
2278,Eastern Europe,39.67985244793972
2278,Middle Africa,34.8395350353627
2278,Northern Africa,26.213348666382963
2278,Northern America,41.18429416359008
2278,Northern Europe,26.09990310887369
2278,Oceania,38.64790210806852
2278,South America,47.26692658508895
2278,South-eastern Asia,28.277358588319856
2278,Southern Africa,63.402480436913855
2278,Southern Asia,48.99635430604725
2278,Southern Europe,29.871827449597532
2278,Western Africa,38.03905848288771
2278,Western Asia,37.431453907954904
2278,Western Europe,27.454111462400732
2279,Australia and New Zealand,32.0502821950166
2279,Caribbean,52.4056608875437
2279,Central America,20.11797237991253
2279,Central Asia,32.79550041197172
2279,Eastern Africa,39.272365355446226
2279,Eastern Asia,21.04030601919291
2279,Eastern Europe,39.679924066232175
2279,Middle Africa,34.84047145949951
2279,Northern Africa,26.214273134116972
2279,Northern America,41.18477831804546
2279,Northern Europe,26.0999279562931
2279,Oceania,38.64854466755805
2279,South America,47.26768128767844
2279,South-eastern Asia,28.2778656791276
2279,Southern Africa,63.40373038786655
2279,Southern Asia,48.99758758341122
2279,Southern Europe,29.872074617726696
2279,Western Africa,38.04039535785613
2279,Western Asia,37.43194823664666
2279,Western Europe,27.454308577729947
2280,Australia and New Zealand,32.05002555476541
2280,Caribbean,52.40515013661451
2280,Central America,20.117745751185723
2280,Central Asia,32.79526289349892
2280,Eastern Africa,39.27187870421527
2280,Eastern Asia,21.0402454867463
2280,Eastern Europe,39.679937834128154
2280,Middle Africa,34.83996304452788
2280,Northern Africa,26.21392144494603
2280,Northern America,41.18452214691839
2280,Northern Europe,26.09985485860804
2280,Oceania,38.64815603737508
2280,South America,47.26714246204864
2280,South-eastern Asia,28.277565067831745
2280,Southern Africa,63.40303808387571
2280,Southern Asia,48.99666715284745
2280,Southern Europe,29.87186721008044
2280,Western Africa,38.03973166009911
2280,Western Asia,37.431536856868064
2280,Western Europe,27.454268169548257
2281,Australia and New Zealand,32.049368428150956
2281,Caribbean,52.40392116593782
2281,Central America,20.117205415395745
2281,Central Asia,32.79482870572039
2281,Eastern Africa,39.270780859376586
2281,Eastern Asia,21.039970678649667
2281,Eastern Europe,39.67992541272807
2281,Middle Africa,34.838769533769565
2281,Northern Africa,26.212955690052553
2281,Northern America,41.183914740911476
2281,Northern Europe,26.09973514815138
2281,Oceania,38.64727961093681
2281,South America,47.265991280148256
2281,South-eastern Asia,28.276881822512934
2281,Southern Africa,63.40142672560862
2281,Southern Asia,48.994734499421355
2281,Southern Europe,29.871445971487987
2281,Western Africa,38.038114993372574
2281,Western Asia,37.43069243535615
2281,Western Europe,27.45411308028487
2282,Australia and New Zealand,32.04897805079945
2282,Caribbean,52.40318712894094
2282,Central America,20.11687863189522
2282,Central Asia,32.79453620803068
2282,Eastern Africa,39.27010027962616
2282,Eastern Asia,21.03983041060431
2282,Eastern Europe,39.67993271999717
2282,Middle Africa,34.83804412032789
2282,Northern Africa,26.212389457095497
2282,Northern America,41.183546830074306
2282,Northern Europe,26.09964759893586
2282,Oceania,38.64673936956464
2282,South America,47.265262044816225
2282,South-eastern Asia,28.276461085800975
2282,Southern Africa,63.400447346625555
2282,Southern Asia,48.99351476489855
2282,Southern Europe,29.87117518050688
2282,Western Africa,38.03713966181803
2282,Western Asia,37.43013832590165
2282,Western Europe,27.45403132616495
2283,Australia and New Zealand,32.04890894016117
2283,Caribbean,52.40304372498379
2283,Central America,20.116807649820245
2283,Central Asia,32.79441165041739
2283,Eastern Africa,39.269919543034604
2283,Eastern Asia,21.039854342865283
2283,Eastern Europe,39.67996252610391
2283,Middle Africa,34.837878903100616
2283,Northern Africa,26.212307420960812
2283,Northern America,41.183465659957896
2283,Northern Europe,26.099598832185933
2283,Oceania,38.64660076048594
2283,South America,47.26503744670936
2283,South-eastern Asia,28.276354342342813
2283,Southern Africa,63.40022292801315
2283,Southern Asia,48.993142402021306
2283,Southern Europe,29.87108339419713
2283,Western Africa,38.0369348532021
2283,Western Asia,37.42993467909841
2283,Western Europe,27.454038629996802
2284,Australia and New Zealand,32.04940610147524
2284,Caribbean,52.403931947021576
2284,Central America,20.117185000421145
2284,Central Asia,32.794577521191215
2284,Eastern Africa,39.27061445370974
2284,Eastern Asia,21.040172041792715
2284,Eastern Europe,39.680030462779214
2284,Middle Africa,34.838694603375586
2284,Northern Africa,26.213084203069315
2284,Northern America,41.18388682864298
2284,Northern Europe,26.09961803280214
2284,Oceania,38.64716390691498
2284,South America,47.26569496269235
2284,South-eastern Asia,28.276796903291412
2284,Southern Africa,63.40131820692427
2284,Southern Asia,48.994242550801204
2284,Southern Europe,29.871302852797044
2284,Western Africa,38.03808470792873
2284,Western Asia,37.430348569137095
2284,Western Europe,27.454204482741673
2285,Australia and New Zealand,32.051029308498435
2285,Caribbean,52.40686176571678
2285,Central America,20.118451176299246
2285,Central Asia,32.795314835331624
2285,Eastern Africa,39.273044827274006
2285,Eastern Asia,21.041078659397527
2285,Eastern Europe,39.68017336178917
2285,Middle Africa,34.841454156828355
2285,Northern Africa,26.21557442128566
2285,Northern America,41.18530371224844
2285,Northern Europe,26.099771751957235
2285,Oceania,38.649115802294176
2285,South America,47.26809839439312
2285,South-eastern Asia,28.27832728220656
2285,Southern Africa,63.40502657727907
2285,Southern Asia,48.99824868872216
2285,Southern Europe,29.87213665599775
2285,Western Africa,38.041925353983075
2285,Western Asia,37.431990537539406
2285,Western Europe,27.454687371341535
2286,Australia and New Zealand,32.05372179511787
2286,Caribbean,52.41171994070832
2286,Central America,20.120558966523916
2286,Central Asia,32.79659137594493
2286,Eastern Africa,39.27711986272833
2286,Eastern Asia,21.042547727023475
2286,Eastern Europe,39.6803862285136
2286,Middle Africa,34.84605402520984
2286,Northern Africa,26.219697353183236
2286,Northern America,41.18766334185029
2286,Northern Europe,26.10005380331515
2286,Oceania,38.652380663959995
2286,South America,47.27215477436815
2286,South-eastern Asia,28.280887051418446
2286,Southern Africa,63.4112070063269
2286,Southern Asia,49.004997412036744
2286,Southern Europe,29.873550790393466
2286,Western Africa,38.048320647351375
2286,Western Asia,37.43480248549247
2286,Western Europe,27.455472268656322
2287,Australia and New Zealand,32.05646091254177
2287,Caribbean,52.41664268867936
2287,Central America,20.122699189209214
2287,Central Asia,32.797886815614596
2287,Eastern Africa,39.28126111050432
2287,Eastern Asia,21.044046145479456
2287,Eastern Europe,39.680598036715864
2287,Middle Africa,34.85072422190534
2287,Northern Africa,26.22390189828554
2287,Northern America,41.19005906086777
2287,Northern Europe,26.100343615136268
2287,Oceania,38.655693054727536
2287,South America,47.276276442348575
2287,South-eastern Asia,28.283485785475904
2287,Southern Africa,63.41748161441494
2287,Southern Asia,49.011836807983755
2287,Southern Europe,29.87498546232068
2287,Western Africa,38.05482639997919
2287,Western Asia,37.437676962352384
2287,Western Europe,27.456271494543927
2288,Australia and New Zealand,32.058459557952986
2288,Caribbean,52.420203746259375
2288,Central America,20.12425092968826
2288,Central Asia,32.79880312846615
2288,Eastern Africa,39.284256684537056
2288,Eastern Asia,21.045161079453578
2288,Eastern Europe,39.68075406402711
2288,Middle Africa,34.85411557382676
2288,Northern Africa,26.226989667924272
2288,Northern America,41.1917951118057
2288,Northern Europe,26.100547970749233
2288,Oceania,38.65808376319997
2288,South America,47.27924534758934
2288,South-eastern Asia,28.285364056682027
2288,Southern Africa,63.42202241352943
2288,Southern Asia,49.01674636628357
2288,Southern Europe,29.876012026856458
2288,Western Africa,38.059559409408905
2288,Western Asia,37.43975794783907
2288,Western Europe,27.456862881920685
2289,Australia and New Zealand,32.058951598695714
2289,Caribbean,52.42102208566912
2289,Central America,20.124611500489564
2289,Central Asia,32.79895521965326
2289,Eastern Africa,39.284929218749554
2289,Eastern Asia,21.04548842715772
2289,Eastern Europe,39.68080150281281
2289,Middle Africa,34.85489581607162
2289,Northern Africa,26.22779024162032
2289,Northern America,41.192196186474476
2289,Northern Europe,26.10057576026321
2289,Oceania,38.65861351811333
2289,South America,47.279879515715706
2289,South-eastern Asia,28.285785198829316
2289,Southern Africa,63.42305111031408
2289,Southern Asia,49.01775010824174
2289,Southern Europe,29.876215325175437
2289,Western Africa,38.06068788544543
2289,Western Asia,37.44020763930749
2289,Western Europe,27.457029516408582
2290,Australia and New Zealand,32.058574501725175
2290,Caribbean,52.42026767367989
2290,Central America,20.12428727782094
2290,Central Asia,32.79867074886358
2290,Eastern Africa,39.284265687910036
2290,Eastern Asia,21.045357835523504
2290,Eastern Europe,39.68078800556363
2290,Middle Africa,34.85417517367946
2290,Northern Africa,26.227266103630598
2290,Northern America,41.191829988812856
2290,Northern Europe,26.10050153657184
2290,Oceania,38.65807534775776
2290,South America,47.27917264188761
2290,South-eastern Asia,28.28536940268691
2290,Southern Africa,63.42206372606469
2290,Southern Asia,49.016517205519605
2290,Southern Europe,29.87594722877276
2290,Western Africa,38.05973942577516
2290,Western Asia,37.43971422724215
2290,Western Europe,27.456949945030473
2291,Australia and New Zealand,32.05818314677123
2291,Caribbean,52.419497904893575
2291,Central America,20.123954602834715
2291,Central Asia,32.798385038511846
2291,Eastern Africa,39.283586002872184
2291,Eastern Asia,21.04521507530066
2291,Eastern Europe,39.680775368729115
2291,Middle Africa,34.85343681895188
2291,Northern Africa,26.22671430756487
2291,Northern America,41.191454595364085
2291,Northern Europe,26.1004259596767
2291,Oceania,38.657526344781346
2291,South America,47.27845157221928
2291,South-eastern Asia,28.2849443386592
2291,Southern Africa,63.42105532408837
2291,Southern Asia,49.01527037193745
2291,Southern Europe,29.875676004245832
2291,Western Africa,38.05876061339255
2291,Western Asia,37.439204980587704
2291,Western Europe,27.456864701471417
2292,Australia and New Zealand,32.05747255836799
2292,Caribbean,52.41815902909046
2292,Central America,20.12337262662527
2292,Central Asia,32.79794344578164
2292,Eastern Africa,39.28242000161326
2292,Eastern Asia,21.04490055955921
2292,Eastern Europe,39.680742207452724
2292,Middle Africa,34.852152739969
2292,Northern Africa,26.225671137576434
2292,Northern America,41.19080011194028
2292,Northern Europe,26.10031296255002
2292,Oceania,38.65659033455611
2292,South America,47.27724379174063
2292,South-eastern Asia,28.28421534661807
2292,Southern Africa,63.41931619703711
2292,Southern Asia,49.01322002493451
2292,Southern Europe,29.875235196163175
2292,Western Africa,38.05702192925047
2292,Western Asia,37.43834830757464
2292,Western Europe,27.456687823793047
2293,Australia and New Zealand,32.05681379957505
2293,Caribbean,52.41692589882234
2293,Central America,20.122834635860798
2293,Central Asia,32.797534440827825
2293,Eastern Africa,39.2813400942611
2293,Eastern Asia,21.04460817159932
2293,Eastern Europe,39.68071499427843
2293,Middle Africa,34.850966002378314
2293,Northern Africa,26.224700192994632
2293,Northern America,41.19019523519185
2293,Northern Europe,26.10020629495935
2293,Oceania,38.65572552614367
2293,South America,47.27612459636639
2293,South-eastern Asia,28.283541268817203
2293,Southern Africa,63.4177110308471
2293,Southern Asia,49.0113287228354
2293,Southern Europe,29.87482764714038
2293,Western Africa,38.055411300917896
2293,Western Asia,37.437547037877295
2293,Western Europe,27.456523838032965
2294,Australia and New Zealand,32.05673470044008
2294,Caribbean,52.416754350646855
2294,Central America,20.122756831513655
2294,Central Asia,32.79742448096954
2294,Eastern Africa,39.28115879672909
2294,Eastern Asia,21.044615055137683
2294,Eastern Europe,39.68072992996028
2294,Middle Africa,34.850788804010335
2294,Northern Africa,26.224605417248092
2294,Northern America,41.1901062761939
2294,Northern Europe,26.10016847167813
2294,Oceania,38.6555815368121
2294,South America,47.27591027128142
2294,South-eastern Asia,28.28343112164511
2294,Southern Africa,63.41746515904685
2294,Southern Asia,49.01095782286937
2294,Southern Europe,29.874740460947535
2294,Western Africa,38.055190314646126
2294,Western Asia,37.43737567291063
2294,Western Europe,27.45652182745424
2295,Australia and New Zealand,32.05786808884543
2295,Caribbean,52.418786079017465
2295,Central America,20.12363719378918
2295,Central Asia,32.797931473891495
2295,Eastern Africa,39.28284860523483
2295,Eastern Asia,21.045254856339568
2295,Eastern Europe,39.68082946300022
2295,Middle Africa,34.85271236951686
2295,Northern Africa,26.226353019271187
2295,Northern America,41.19109108468946
2295,Northern Europe,26.10027470392353
2295,Oceania,38.65693486982362
2295,South America,47.27757735576397
2295,South-eastern Asia,28.284493687188572
2295,Southern Africa,63.420043365545986
2295,Southern Asia,49.01373195804197
2295,Southern Europe,29.875316482279146
2295,Western Africa,38.05787059513044
2295,Western Asia,37.43852455831771
2295,Western Europe,27.4568609368405
2296,Australia and New Zealand,32.06003409753624
2296,Caribbean,52.42268364123781
2296,Central America,20.12533111993733
2296,Central Asia,32.798960395973786
2296,Eastern Africa,39.2861281705855
2296,Eastern Asia,21.046436924865475
2296,Eastern Europe,39.68099917746031
2296,Middle Africa,34.85641934446431
2296,Northern Africa,26.22967545838293
2296,Northern America,41.19298745896414
2296,Northern Europe,26.10050432997255
2296,Oceania,38.65955763357327
2296,South America,47.28084178006391
2296,South-eastern Asia,28.28655138075753
2296,Southern Africa,63.42501674331196
2296,Southern Asia,49.01916698447515
2296,Southern Europe,29.876454170196354
2296,Western Africa,38.063020178521256
2296,Western Asia,37.440802014818786
2296,Western Europe,27.457491499246345
2297,Australia and New Zealand,32.062709641262366
2297,Caribbean,52.4274895782586
2297,Central America,20.127427338183423
2297,Central Asia,32.8002434770406
2297,Eastern Africa,39.29018836265463
2297,Eastern Asia,21.047889935784525
2297,Eastern Europe,39.68120146870078
2297,Middle Africa,34.861000069597736
2297,Northern Africa,26.23378159974248
2297,Northern America,41.19533039988639
2297,Northern Europe,26.100795929353637
2297,Oceania,38.662800337015746
2297,South America,47.28488939196467
2297,South-eastern Asia,28.289096145376647
2297,Southern Africa,63.43116174135144
2297,Southern Asia,49.02589614683315
2297,Southern Europe,29.877865763146616
2297,Western Africa,38.069387071885785
2297,Western Asia,37.44364204730246
2297,Western Europe,27.458266772138984
2298,Australia and New Zealand,32.06507681474244
2298,Caribbean,52.43171753437963
2298,Central America,20.129276464728818
2298,Central Asia,32.801365425749296
2298,Eastern Africa,39.293767673354196
2298,Eastern Asia,21.049186282220944
2298,Eastern Europe,39.681377930532236
2298,Middle Africa,34.865037529910126
2298,Northern Africa,26.237428483506875
2298,Northern America,41.1973956238489
2298,Northern Europe,26.10105292917453
2298,Oceania,38.66565359041054
2298,South America,47.288452457426544
2298,South-eastern Asia,28.291337343103606
2298,Southern Africa,63.436572490449805
2298,Southern Asia,49.031799054541736
2298,Southern Europe,29.879104740981433
2298,Western Africa,38.07501390435171
2298,Western Asia,37.44615608097206
2298,Western Europe,27.458956310525906
2299,Australia and New Zealand,32.06614061076492
2299,Caribbean,52.433568107390016
2299,Central America,20.130091858370136
2299,Central Asia,32.80182369956073
2299,Eastern Africa,39.29533428991263
2299,Eastern Asia,21.049803043450765
2299,Eastern Europe,39.68145747202705
2299,Middle Africa,34.866812110026224
2299,Northern Africa,26.239099169831626
2299,Northern America,41.19830426633353
2299,Northern Europe,26.10115742322492
2299,Oceania,38.6668945288708
2299,South America,47.28999306193309
2299,South-eastern Asia,28.292316216584723
2299,Southern Africa,63.438937685666374
2299,Southern Asia,49.034309422807
2299,Southern Europe,29.879629337964886
2299,Western Africa,38.077518905487295
2299,Western Asia,37.447259705955105
2299,Western Europe,27.459278972875367
2300,Australia and New Zealand,32.06659847641413
2300,Caribbean,52.434318268879565
2300,Central America,20.130427914660487
2300,Central Asia,32.80197592520029
2300,Eastern Africa,39.295967667009535
2300,Eastern Asia,21.050101816523892
2300,Eastern Europe,39.681492416507425
2300,Middle Africa,34.86753766116557
2300,Northern Africa,26.239848390019205
2300,Northern America,41.19867670900508
2300,Northern Europe,26.10119113668361
2300,Oceania,38.667389003185626
2300,South America,47.2905968716681
2300,South-eastern Asia,28.292710252772224
2300,Southern Africa,63.439892073149906
2300,Southern Asia,49.035252379486494
2300,Southern Europe,29.879823653466886
2300,Western Africa,38.078573707623775
2300,Western Asia,37.44770710701104
2300,Western Europe,27.459430376289617
