country,quantile,conso_2020,conso_2021,conso_2022,conso_2023,conso_2024,conso_2025,conso_2026,conso_2027,conso_2028,conso_2029,conso_2030,conso_2031,conso_2032,conso_2033,conso_2034,conso_2035,conso_2036,conso_2037,conso_2038,conso_2039,conso_2040,conso_2041,conso_2042,conso_2043,conso_2044,conso_2045,conso_2046,conso_2047,conso_2048,conso_2049,conso_2050,conso_2051,conso_2052,conso_2053,conso_2054,conso_2055,conso_2056,conso_2057,conso_2058,conso_2059,conso_2060,conso_2061,conso_2062,conso_2063,conso_2064,conso_2065,conso_2066,conso_2067,conso_2068,conso_2069,conso_2070,conso_2071,conso_2072,conso_2073,conso_2074,conso_2075,conso_2076,conso_2077,conso_2078,conso_2079,conso_2080,conso_2081,conso_2082,conso_2083,conso_2084,conso_2085,conso_2086,conso_2087,conso_2088,conso_2089,conso_2090,conso_2091,conso_2092,conso_2093,conso_2094,conso_2095,conso_2096,conso_2097,conso_2098,conso_2099,conso_2100,tax_2020,tax_2021,tax_2022,tax_2023,tax_2024,tax_2025,tax_2026,tax_2027,tax_2028,tax_2029,tax_2030,tax_2031,tax_2032,tax_2033,tax_2034,tax_2035,tax_2036,tax_2037,tax_2038,tax_2039,tax_2040,tax_2041,tax_2042,tax_2043,tax_2044,tax_2045,tax_2046,tax_2047,tax_2048,tax_2049,tax_2050,tax_2051,tax_2052,tax_2053,tax_2054,tax_2055,tax_2056,tax_2057,tax_2058,tax_2059,tax_2060,tax_2061,tax_2062,tax_2063,tax_2064,tax_2065,tax_2066,tax_2067,tax_2068,tax_2069,tax_2070,tax_2071,tax_2072,tax_2073,tax_2074,tax_2075,tax_2076,tax_2077,tax_2078,tax_2079,tax_2080,tax_2081,tax_2082,tax_2083,tax_2084,tax_2085,tax_2086,tax_2087,tax_2088,tax_2089,tax_2090,tax_2091,tax_2092,tax_2093,tax_2094,tax_2095,tax_2096,tax_2097,tax_2098,tax_2099,tax_2100
BRA,First,1.0304582617336955,1.034349858892067,1.0365227347722477,1.0390195432365374,1.042889157632532,1.0482017529052285,1.0542944623552584,1.0607071183649923,1.067991884028538,1.0761293684439663,1.0849008442347992,1.0944183389987043,1.1043026045042856,1.1157993610494568,1.1275960308613013,1.1401027722456598,1.15297804616113,1.1663735369442365,1.1808307151433688,1.196304086912587,1.2129561525152486,1.229977695195132,1.2474071984897024,1.2654701511409492,1.28410212439121,1.303054831729809,1.3218285292230452,1.3408404580157556,1.3607519275857032,1.3820915131634386,1.4049414926399901,1.4283646656357118,1.4521102539724113,1.4765975691810471,1.501621186540943,1.5269048001478442,1.5517464005979023,1.576899384249623,1.6029804361556461,1.6298040791346597,1.6577288997400346,1.6860697616856246,1.7149402836027865,1.7444189106290673,1.7744131093131523,1.804849835399625,1.8346901786956493,1.864134612096879,1.8940903551331827,1.9250559325098937,1.9572989332695891,1.9902809853754522,2.023549791682827,2.057347992279417,2.09179986468808,2.1268853415504667,2.1615379918883555,2.195998403744954,2.230435300163007,2.264966367542959,2.3006705317226834,2.336069974753089,2.3717962557685235,2.408475923602467,2.4459936040075134,2.4843576495736426,2.522336619161111,2.5599920592991188,2.597717786761252,2.6353150930441216,2.672467707830194,2.7080477574869803,2.743095364819884,2.778949585585788,2.8164904597268423,2.855179843231119,2.8931007246605964,2.930876534576989,2.968846572005095,3.006777321339075,3.044062250944797,0.006957127589196116,0.006990624450573925,0.007018969771234521,0.007049774252220614,0.007084707530210407,0.007124116620222992,0.007165567439053377,0.007205913642341358,0.007250472334893406,0.007299393041831757,0.007351018002285112,0.0074065243177767965,0.007462518649962546,0.007528820856181001,0.00759755304113557,0.007669291592195034,0.007741848938528089,0.007814508012114911,0.007890587723794697,0.00797004706756362,0.008053088611347603,0.008136667334522693,0.0082207800103296,0.008307649131365218,0.008397159145891106,0.008488960977300002,0.008580640901382417,0.008672510232255848,0.008767231842457156,0.008865529208416312,0.008967329669503593,0.009069946162514221,0.009172684067462229,0.009277869369932244,0.009385209165818755,0.00949436437739761,0.009602581955433006,0.0097108478394359,0.009821423069820466,0.009934091142608539,0.01004925198238685,0.010163931434320303,0.010278877901403036,0.010395463953083975,0.010513610560466605,0.010633185465938163,0.01075126615521387,0.01086822814008409,0.010986521043288459,0.011106611993485779,0.01122878549581845,0.011350900852721602,0.011471971899524782,0.011594212052605754,0.011717700449107629,0.011842431057082794,0.01196494089599668,0.012085903482316938,0.012207221352147295,0.01232914899260333,0.012453777736980816,0.012575945767688371,0.012697129482749406,0.01281953546617651,0.012943042435625695,0.013067632861006125,0.013189343086831617,0.013309402200435295,0.013429731405543124,0.013550119922499389,0.013670306212782615,0.013786061975003466,0.013899981110036288,0.014014731572954364,0.014131104434375078,0.014248633827179688,0.014362291517661213,0.014474619857612683,0.014525259529649932,0.014517392881406618,0.014509515330503599
BRA,Second,2.1853187858607472,2.1975259435588073,2.2071946800337305,2.2175789656055724,2.230324147892335,2.245567638239826,2.262016714083526,2.2791653651765884,2.297978424213997,2.318449392466019,2.3399843366376616,2.3629390089061135,2.3867422656623156,2.4135278729887713,2.441143278992589,2.470239353415229,2.4999739116695094,2.5308241159128717,2.5637082486562233,2.5985727411355812,2.635678419867493,2.673386154528426,2.71207972594746,2.75216226355862,2.7935427811996467,2.8358326842917596,2.877907259596534,2.9206844225628434,2.9652535241860702,3.012468433755331,3.0624334093034875,3.1133915334447892,3.165187701357926,3.218543490473609,3.273145571853198,3.3285730730631355,3.383331136673794,3.4389030166273504,3.4962906542255587,3.5552223605002347,3.6162634095680426,3.677851864131619,3.740585888622507,3.804610847832388,3.8698075915715235,3.93605985802487,4.001331598545936,4.066260609071912,4.132317103887504,4.2002703028595905,4.270545160239273,4.341990110477294,4.4141227825766,4.487408291812695,4.562045243103736,4.638011706589184,4.713078539383265,4.7880909227152735,4.863362616648347,4.939125211400686,5.017392113569992,5.094859129939679,5.173059138691378,5.253036370118955,5.334626208672055,5.417846019918425,5.500037596907481,5.581944893902032,5.664249870177967,5.746646708589625,5.82865288286029,5.90766482691068,5.986036759746525,6.065915879553306,6.148677262582177,6.233503940710167,6.316510501819538,6.399483755110735,6.482986902286843,6.566662955360002,6.649602306961306,0.01563701619954315,0.015691553023927347,0.015736981249778674,0.015786637061282072,0.015843325257818102,0.01590761594680381,0.0159753782218598,0.01604092468495997,0.01611360887875121,0.016193654124610487,0.016278272207254134,0.016369373509546904,0.01646097522183415,0.016570129384332912,0.016683092782134278,0.01680078290080024,0.016919558227754837,0.017037999791403,0.017161779825482334,0.017290786508864217,0.017425304632366325,0.01756035440101666,0.01769573947960049,0.017835227554505752,0.017978596389553507,0.01812524959046549,0.018271307775490808,0.018417098112134562,0.018567020951861454,0.018722176048731234,0.01888239954307414,0.01904341904536554,0.019203982081362453,0.019367886081635637,0.019534643995481403,0.01970370090400121,0.019870782156787486,0.02003727768311548,0.020206811512028678,0.02037902102216947,0.02055448642436471,0.020728666424435063,0.020902571573974144,0.021078411849575332,0.021256043268654462,0.021435255047762204,0.021611669154313964,0.021785738811516676,0.02196125327732335,0.02213888626280731,0.022319035160987998,0.022498512995790976,0.022675726133200003,0.02285410574741762,0.02303375007675451,0.023214640342525204,0.023391749926139967,0.023565924314674812,0.02374009796926916,0.023914628455286694,0.024092494488696003,0.02426631695177693,0.024438083995059135,0.024611084140446004,0.0247851384998683,0.024960205969494637,0.025130715495924855,0.025298292874527305,0.025465783791491274,0.025632893299620717,0.025799264536627807,0.025959031441318888,0.026115712967333955,0.026273135814548855,0.026432377372057118,0.026592784689860562,0.02674746309877652,0.026899823775754995,0.026968072866720823,0.02695681587217772,0.02694554034219109
BRA,Third,3.0651404960492483,3.08475345002211,3.1014538298393104,3.1191456739207553,3.139846148986297,3.163738065764552,3.18906609175109,3.215465463981844,3.2440618676254585,3.2748599287392013,3.3069468108905884,3.3409013331930164,3.376121979783019,3.415113076814131,3.4553474122377317,3.4976302644582167,3.5407246223998112,3.585451171986114,3.63290735603681,3.683039622059342,3.73617234511012,3.790043277316246,3.8454032177423993,3.9027182074562123,3.961883475974753,4.022422321995451,4.082725210248706,4.1441560885949436,4.208027219253086,4.275405719877535,4.346402482879252,4.418668954778392,4.492234099353678,4.567965750021514,4.645485538945909,4.72428471235124,4.802263838995519,4.881506013045315,4.963205799281011,5.047043708583515,5.133716029368213,5.220975783130707,5.309895808996132,5.400613954845545,5.493003572501533,5.586919351959634,5.679586007321639,5.77206601135252,5.866137107432246,5.962737509704801,6.062392941577008,6.163487251311747,6.265661491312956,6.369458135422187,6.47512685252786,6.582646320624173,6.688909993346936,6.795352210602597,6.902306129856557,7.010088767858815,7.121380503027627,7.231472291441886,7.342689807417385,7.456277660648861,7.572045368009891,7.69001951154226,7.80644789105562,7.922759537767577,8.03975451404684,8.157062903946699,8.274099930272593,8.38711915943021,8.499570551862991,8.614043110923275,8.732223823693353,8.853128181194542,8.971405617153346,9.089859111828186,9.20912350258358,9.328765818452231,9.447701002352447,0.02257823401801242,0.022646065668016902,0.022702830856784033,0.022764687725626287,0.022835056765500156,0.022914617035831142,0.022998298062191256,0.023079314475183788,0.02316889984367029,0.023267304326880362,0.02337109865379862,0.023482604360517145,0.023594653674511006,0.0237276246408824,0.023865026845219527,0.024007959479404064,0.024151998593958012,0.024295528174883826,0.024445290521155134,0.024601126336389695,0.02476335641397019,0.024925970266467635,0.02508880880237552,0.02525630690701262,0.0254281781720753,0.02560369452278795,0.02577821262048395,0.025952200687696547,0.02613082029721751,0.026315359639795966,0.02650559879502526,0.026696456622486247,0.026886517638314785,0.02708019712235244,0.027276907040914063,0.027475979151146697,0.027672387844166372,0.02786783766438267,0.02806651075641417,0.028267972468297854,0.028472885907789097,0.028675947676577503,0.028878395336011428,0.02908274332908714,0.02928882001310566,0.02949637024541234,0.029700333184097042,0.029901305507764365,0.030103608246530467,0.030308013881702147,0.03051496905269596,0.030720818227313755,0.03092381158242804,0.031127805701953375,0.031332913625597945,0.031539108206636315,0.031740675170497244,0.03193866180366328,0.032136341203272856,0.03233412216128076,0.03253537003275319,0.03273174977395919,0.03292558000286013,0.033120510618757,0.033316337993054425,0.033513012836473184,0.03370429458632049,0.033892080133712775,0.03407950595738909,0.03426624542359352,0.03445190255591592,0.03462996679023504,0.0348044249972713,0.03497948344048037,0.03515633382469138,0.035334246776760184,0.035505609372185505,0.035674248723019365,0.03574985279418637,0.03573765607313909,0.03572543695651468
BRA,Fourth,4.287923063654891,4.318239773359937,4.345242637672768,4.373626979044073,4.405866015236858,4.4422027789896195,4.480251001815941,4.519893271264697,4.562454506139557,4.60795719494066,4.655021333801881,4.704565930477737,4.755966362347548,4.812179924449884,4.870231978198313,4.931118530081325,4.99304220014846,5.057319378519145,5.125269471632507,5.196843995165575,5.272445793511757,5.348954405062892,5.427666826345683,5.509125146965729,5.593211511549621,5.679340009273662,5.765221964391437,5.852846014015664,5.943798906793114,6.039415730129713,6.139808388446896,6.241831696707112,6.345812915661264,6.4528024958535966,6.562344349565712,6.673826171165783,6.784306921801473,6.896693918430115,7.012414560981863,7.131095224626193,7.2535941747653805,7.376700368959848,7.50218771632401,7.630178993121805,7.760544180736068,7.893103383035348,8.024070619986276,8.155124210191083,8.288418762325296,8.4250961672793,8.565807318582566,8.708285523523331,8.852401417720637,8.998796629866218,9.147783309174592,9.29934392288804,9.449157081462465,9.59951424073236,9.75076756922774,9.903349397456736,10.060826596704192,10.216530289798147,10.373912617361308,10.534463824924966,10.697964317307527,10.864455125637582,11.028657629288615,11.193023011685229,11.358494480713391,11.52462608189727,11.690710887071964,11.851392703925157,12.011662509310966,12.174645759504338,12.342411640341252,12.513777102765513,12.68137379094154,12.849470834196262,13.01877770855176,13.188773338419534,13.358171907020358,0.03255473413970367,0.03263402254516663,0.03269988590588292,0.032771851556079444,0.03285397470712026,0.03294704879724835,0.03304503338339064,0.033139619437621455,0.033244401034797574,0.03335965119988271,0.033481303329686275,0.033612061198265056,0.03374324493604628,0.03389935596016083,0.034060522756318504,0.0342280120102727,0.03439660365211816,0.03456424842628582,0.03473899179139532,0.03492061748895262,0.03510946619508809,0.035298509036521035,0.03548744588723281,0.03568153848123345,0.03588043326273678,0.03608326235435647,0.036284643996573177,0.036485016995214774,0.036690436047541006,0.03690235194893629,0.03712047862423883,0.03733896345370561,0.037556086774385884,0.03777699714323795,0.03800100271479927,0.03822732921108935,0.038450254423245525,0.03867163705273259,0.03889630721089689,0.039123754344709924,0.039354711230709036,0.039583190514588376,0.039810517452977486,0.04003959793932715,0.04027022369282762,0.04050210393040629,0.040729591718361956,0.0409532899881134,0.041178100007710924,0.041404868755738296,0.04163407961241457,0.041861667223544716,0.04208561564134508,0.04231029893465534,0.04253582984416971,0.042762176430705616,0.0429830671653029,0.04319958067982214,0.04341541222843776,0.04363100929895516,0.04385002985267534,0.044063399046970354,0.04427357607813804,0.04448461820947888,0.04469629442674912,0.04490854990146008,0.04511465077080592,0.045316590459093184,0.045517838878799476,0.04571804744820624,0.0459167957266193,0.04610711595827451,0.04629323474941864,0.04647973218685748,0.04666787587508113,0.046856881134960865,0.04703864541717606,0.04721720464070007,0.0472970009059338,0.04728376225932707,0.04727049702798665
BRA,Fifth,5.57346061922051,5.615828724929922,5.654643033074947,5.695229835550755,5.7404894325033,5.7907228377935,5.842891712241504,5.897277166774202,5.955285452359079,6.016957553820753,6.080394519897239,6.146906527435979,6.215936893878815,6.290665460046412,6.367859785776606,6.448698804476075,6.530788437889044,6.616045655483863,6.705935331965405,6.8004181443868825,6.899972440788445,7.0005808073439715,7.104195770252736,7.211378484790147,7.322000834503453,7.435373846234347,7.54848991190679,7.664050260100012,7.783849799007124,7.9094841984140025,8.04105972452536,8.17461475480479,8.310876136376509,8.451016936232548,8.59450985491818,8.74064800383986,8.885605372322486,9.033199290479317,9.185022896184373,9.340656991073093,9.501112637108516,9.662155971127547,9.826378159237617,9.993834357767604,10.164400025426994,10.337861195040034,10.509380924323864,10.68135952773916,10.856255741322647,11.035402727452526,11.21957081244896,11.405811843162057,11.594351505153297,11.785855367737101,11.980698665170465,12.178868174185542,12.374772292092612,12.57170665779801,12.769963165330779,12.970093810019154,13.176567145337993,13.38064855824051,13.58706336711692,13.79746334709443,14.01160831250158,14.229554428800496,14.444414965963663,14.659840810534325,14.87684058030586,15.094899150447043,15.313197519789965,15.524675975628668,15.736027576254509,15.950809913893938,16.171453895846916,16.396596029031816,16.6167705070838,16.837888025268626,17.060653303316677,17.284463359510816,17.50785910598668,0.04336372320852694,0.04345186965854539,0.04352509482409049,0.043605040023657456,0.04369618747343831,0.04379939582490248,0.043907958249778355,0.04401270041776184,0.04412862373774632,0.04425600494192694,0.044390329304913996,0.04453456066812974,0.044679130627450894,0.04485094506658618,0.04502811663559408,0.0452120203531475,0.04539690947625973,0.045580552384077266,0.04577173428400048,0.04597019062813167,0.04617626602057893,0.046382275139370426,0.046587901278535016,0.04679885138998028,0.04701471739463495,0.047234541312770294,0.04745248457322181,0.04766903801468978,0.04789072693068616,0.04811909125542664,0.048353793138698156,0.04858852053446113,0.048821439064846935,0.04905805734413288,0.0492976160198279,0.04953927838070739,0.04977693587485564,0.05001259253251263,0.0502513776392258,0.05049273568056526,0.05073742587641444,0.05097910811051625,0.051219198501862254,0.05146075771293269,0.051703560427344177,0.051947292850272525,0.05218603025545382,0.05242043141990232,0.05265563302426126,0.052892515014924354,0.05313157157234494,0.053368563242225116,0.053601411010715166,0.05383466299738618,0.05406843255943947,0.054302681570185724,0.054530933322812586,0.05475433586033255,0.054976702359533745,0.05519849741116225,0.05542347864079226,0.055642328985902136,0.05585760007712559,0.05607344254738992,0.056289620143564575,0.05650607181327608,0.05671594694056772,0.05692130263198824,0.05712567209245831,0.05732870348756844,0.05752997787097335,0.057722459096059935,0.05791045618007365,0.05809859234621083,0.05828814403005696,0.05847831515388151,0.05866096905172756,0.0588401851984606,0.05892021965296993,0.05890697700903181,0.058893709108749394
BRA,Sixth,7.452553259216476,7.513065273862409,7.569813346417976,7.6289065345059495,7.6938081425058735,7.764900643358088,7.838204056921664,7.914658722042715,7.995736492372481,8.081507454482402,8.169282425994078,8.26098484746166,8.356193562367343,8.45829550126361,8.563797047004098,8.674120309297635,8.7859889103704,8.902232822207756,9.024484805586322,9.152724017601905,9.28752943575064,9.423580166234885,9.563836909743213,9.708863387604412,9.85852209039287,10.011986930975567,10.165194001013596,10.321905693830715,10.484170667240267,10.653938685239137,10.831299193175882,11.011123380530142,11.194777823705506,11.383579663964865,11.57691164046308,11.773944725556488,11.969560059083507,12.168908812524522,12.373777650407284,12.583693691246053,12.799871841970921,13.016570254666988,13.237629163046332,13.46298707368427,13.692535490632608,13.926015832231078,14.157070279435658,14.389195874760826,14.625230504179067,14.866757041687892,15.114705798758582,15.365127774045394,15.618845675499502,15.876529816328663,16.138641461363928,16.405176906860245,16.66869231856704,16.934008191533216,17.201301758633374,17.471295974063676,17.749732300346423,18.024854755589985,18.303293102451843,18.586883902123002,18.875364129146398,19.1688137369736,19.457989111075474,19.748383699635717,20.04106228826718,20.335422071551076,20.630499586867682,20.91672565769037,21.20331698648037,21.494368931437428,21.792787958579368,22.09698272980903,22.394441697254948,22.69354455145698,22.994946656407652,23.297940978615046,23.600857761676878,0.05962599148372587,0.059717791153508594,0.059793159864612415,0.059875837538679436,0.05997060979222834,0.06007838548962143,0.060191964953947026,0.060301074859333365,0.06042223770064391,0.06055572507666558,0.060696719097376964,0.06084831198563511,0.06099995340668392,0.06118106348828151,0.061367664634922665,0.0615611741287637,0.06175549071423959,0.06194798185537543,0.06214817421502279,0.062355750860642996,0.06257103060104204,0.06278593754997662,0.06299992667667086,0.06321916442563269,0.06344319175223603,0.06367098802539052,0.0638964734151374,0.0641199783102438,0.06434843488732735,0.06458339621300674,0.06482447025250541,0.0650651376005285,0.06530334172323309,0.06554490584189372,0.06578903145596711,0.06603484459723605,0.0662761249686583,0.06651476572535579,0.06675612888415564,0.06699963115714576,0.06724601795813834,0.0674888955141558,0.06772956548309575,0.06797123935956652,0.06821367654499588,0.06845655738565003,0.06869398708038396,0.0689265089185773,0.06915937142822319,0.06939343357677688,0.06962916987863305,0.06986237726807087,0.07009086484933974,0.07031929562338836,0.07054776975691306,0.07077624917318173,0.07099841308015219,0.07121525530905161,0.07143066966156768,0.07164510767080692,0.07186219260419771,0.07207292356661442,0.07227965457166474,0.07248653276584717,0.07269332433968125,0.07289996440294147,0.07309991478068785,0.07329503919646835,0.07348885741894264,0.07368103651141077,0.07387118973669891,0.07405265679935882,0.0742294397754421,0.07440603825821028,0.0745836442276716,0.07476150578498061,0.07493198085847573,0.07509883281343188,0.07517296299712563,0.07516009264093486,0.0751471950627853
BRA,Seventh,9.603342246557013,9.685903543055698,9.764742273471551,9.846545009879033,9.935353091280898,10.03163215445624,10.130339605371775,10.2334058840668,10.342147275236135,10.456663526399042,10.573317419388399,10.694788826930196,10.820974307907116,10.95504521245937,11.093576563408218,11.238247441354265,11.384764382491017,11.537143967403406,11.697057519579237,11.86451034881555,12.040187583006796,12.217282103942141,12.400047314537465,12.588935987287792,12.783806197879832,12.983687004430795,13.183301514229063,13.387729809415289,13.599177599577109,13.81997350652327,14.05017993087784,14.283358691568317,14.521750088414837,14.766714189051692,15.01754395143246,15.273288133925504,15.527347548719646,15.78648961326017,16.05259038052668,16.325128658519564,16.60553306455134,16.88632148535648,17.172896926727077,17.46496862694164,17.762456979725165,18.065055352921775,18.364677352468675,18.66620499870624,18.97276145577001,19.28618791627222,19.60758338762511,19.931858040980742,20.260708023006625,20.59465798462434,20.934266603773178,21.279540569484038,21.620927726892223,21.965169908794618,22.312163514619872,22.66282604852722,23.024314712824545,23.381415534806166,23.74309266095904,24.111229689102956,24.485548135868495,24.866159455080425,25.241115249550923,25.618223332219323,25.998457271785178,26.3811300551856,26.765129503757528,27.13801106832161,27.51202158957498,27.891663344921163,28.280339930610143,28.676233014032814,29.063381314223236,29.45315349852074,29.84599883660004,30.241108297554497,30.636614318266012,0.0787778067671,0.07886919366998195,0.07894428621865175,0.07902653238257284,0.07912064852924107,0.07922750062766652,0.0793399492788342,0.07944791337274039,0.07956760893912938,0.07969926351153521,0.0798381019406558,0.07998713230500992,0.08013602189938585,0.08031344312406608,0.08049592705858243,0.08068482970923435,0.0808741803818467,0.08106144767878279,0.08125584460408004,0.08145702358796418,0.08166525128885707,0.08187269682434056,0.08207886258648017,0.08228964687391659,0.08250457960018685,0.08272265296524933,0.0829380446754647,0.08315110104791339,0.08336839907288739,0.08359137561099507,0.08381961848608166,0.08404693626154634,0.0842714107692174,0.0844985052583112,0.08472744791389071,0.08495740280801906,0.08518255883969615,0.08540471971153028,0.08562886026000739,0.08585441696051194,0.08608206290694946,0.0863058894444346,0.0865271249258994,0.08674871250449434,0.08697042157118791,0.08719195170037593,0.08740794267984718,0.08761893495585878,0.08782969091990922,0.08804098016670345,0.0882532186183693,0.08846262303829983,0.08866726383787962,0.08887131245964813,0.08907486000565581,0.08927786598906245,0.08947473584314619,0.08966640139078447,0.08985630847381146,0.09004486326958987,0.09023524164877683,0.09041956301478686,0.09059992601825732,0.09077994890967074,0.09095942464535768,0.09113829739070377,0.09131092704755879,0.09147896722581451,0.09164545731817769,0.09181011938862325,0.09197262869009272,0.09212733123894891,0.09227768093312295,0.09242751154759543,0.09257782818516518,0.092727988553916,0.09287156361986942,0.09301175788741263,0.09307394955865562,0.09306318474985244,0.09305239413419002
BRA,Eighth,13.428922858591177,13.551662097314077,13.671006733537153,13.794418469941657,13.926859213799673,14.068935919478248,14.21373596465372,14.365094304705892,14.523946172238356,14.690447541684714,14.85920522526044,15.03434112067152,15.21637683845919,15.407871873202764,15.60574194753067,15.81208228916834,16.020771315397532,16.238006488967,16.465441482876564,16.703136492712336,16.951948778042574,17.20243976984284,17.46125710640929,17.728606279602413,18.00434604924541,18.28727289479993,18.569942699821016,18.85981880333061,19.159292171554515,19.4713187893147,19.79589749706127,20.124306955108295,20.4604460896844,20.80568334439458,21.15917488687258,21.519782568935497,21.878273870410496,22.244305397409207,22.61981881745342,23.004231406597967,23.39931496405822,23.794473184760005,24.197988215893933,24.609123945876,25.02786738920999,25.453834569380987,25.875892261731536,26.301463758939267,26.73405956931311,27.17592880751652,27.62844387574193,28.08447581763029,28.54742017702327,29.017483737072446,29.495385744856844,29.981156762524652,30.461504160334552,30.94669480336961,31.436071060059223,31.930887389292575,32.44073179625428,32.94424516181829,33.454629750835984,33.973752770236615,34.50132378922917,35.037510320608796,35.56554423666633,36.09751357854612,36.63415203090447,37.17464559148005,37.71765380016093,38.245581696757355,38.776140398469806,39.314378415906056,39.864493716652746,40.42432507781587,40.971814103097685,41.523772756422744,42.08020190681337,42.64013641395952,43.20143834208876,0.11394885772929787,0.11401615758936372,0.1140690536002281,0.11412811406974124,0.11419715267639498,0.11427686311929472,0.11436140107829249,0.11444135410657535,0.1145311794734556,0.11463102058866417,0.11473703822512835,0.11485149940642934,0.11496514412166477,0.11510312374928112,0.11524479399374524,0.11539114968159761,0.11553742266770117,0.11568090357399112,0.11582950922296478,0.11598288623690411,0.11614115385890426,0.11629824384927089,0.11645322106348815,0.11661112601597587,0.11677153156779016,0.11693363202720929,0.11709302810267562,0.117249501045969,0.11740841919630109,0.1175707549650128,0.1177361218756133,0.1178999464236697,0.11806039148297452,0.11822186578653425,0.11838376709408523,0.1185454650267427,0.11870284897685748,0.11885681459800601,0.11901124581809565,0.11916570827873935,0.11932062087743879,0.1194719450979088,0.11962019046076296,0.11976770653952808,0.1199143062688911,0.12005977501130029,0.12020061954493634,0.12033689556082316,0.12047206979415094,0.1206066112895,0.12074075522687389,0.12087205698543091,0.12099893348984653,0.12112448029886605,0.121248732444511,0.12137166108751216,0.12148986906055063,0.12160359474861343,0.1217153679225014,0.12182543210696962,0.12193561941250289,0.12204134632507965,0.12214354584753473,0.12224467537982793,0.12234460428906503,0.12244328975309414,0.12253761789263223,0.12262824945080962,0.12271722601063845,0.12280440449292293,0.122889632487226,0.12296991319641497,0.12304687745715513,0.12312286691690262,0.12319838227712991,0.12327308318715094,0.12334369656940437,0.12341167745740098,0.12344089587838925,0.1234343148267288,0.12342771395467654
BRA,Ninth,18.684707198058767,18.86683893396008,19.04692040265031,19.23245004571321,19.429487138207953,19.638797406372333,19.850938695659174,20.07317144296407,20.305079466070534,20.546877119957568,20.790617335109346,21.042581434882955,21.30472806973961,21.577154509725876,21.858530219784765,22.151471274368596,22.447335475813624,22.75582297053522,23.078021630135197,23.414080101093422,23.76506975002368,24.117949010736837,24.48312743212865,24.86005778735159,25.2486161972445,25.64730583484386,26.045698243589584,26.45491467834457,26.877141459294897,27.31613981295326,27.771799099554524,28.23232942747307,28.70438511066369,29.188911590875186,29.68491048858908,30.191027246619562,30.69441309218573,31.209043316676073,31.736498173792743,32.276144843874675,32.83017883888235,33.383687163627776,33.94935753706625,34.52548288889389,35.112171305065814,35.708941476223146,36.30049304679963,36.898195666493805,37.50560085699465,38.125455436083215,38.75947366950738,39.397748224344284,40.04664853520038,40.705389741219115,41.374911269691644,42.055277666537044,42.72809427804312,43.40908024042514,44.096266049748756,44.791365926846574,45.50720478088454,46.213992414758295,46.931308013556276,47.660420643673966,48.4010534146885,49.15346217254284,49.89424299071989,50.642040433228516,51.39670241651873,52.157281160666116,52.92216479428472,53.66669234090678,54.41659617139873,55.17699201324597,55.953061958987426,56.7422575852147,57.5142487284661,58.293873846016865,59.07998576652027,59.87144342321065,60.66584423783042,0.16404222519701234,0.1640647668562032,0.16408257151812178,0.16410204973759515,0.16412432994421036,0.16414952179447875,0.16417574074277436,0.1642002264716046,0.16422715827899093,0.16425644649684706,0.16428685974525253,0.16431893316178742,0.16435005214325418,0.16438677106390817,0.16442336940808758,0.1644599928455506,0.16449537634643477,0.16452886967931926,0.16456227514113667,0.16459536382781803,0.16462800555043705,0.16465886582193912,0.16468773927514305,0.1647155592785689,0.16474213507586172,0.16476723193452605,0.16479014305247788,0.16481082500498004,0.16483002080183626,0.16484770337680413,0.16486366571761482,0.1648773786621259,0.1648886334184918,0.16489782400461828,0.16490482879869156,0.16490955350840086,0.1649119024417254,0.16491187551961342,0.1649095878575704,0.16490496587818532,0.16489791376427682,0.16488861069532057,0.16487697949807784,0.1648629843846251,0.16484659785395625,0.16482781597594,0.1648071583252564,0.16478461156449611,0.16475983267854455,0.1647326968817829,0.16470309579384698,0.1646715449416289,0.16463830557682607,0.1646029082445187,0.16456532207819086,0.16452554456312163,0.16448474108014574,0.1644427578405284,0.16439906806085652,0.16435360276757316,0.1643055586804446,0.1642569565902548,0.16420727473110144,0.1641556871495523,0.16410224102964582,0.16404694202444176,0.16399161030717757,0.16393576512878627,0.16387859919285153,0.1638202370153114,0.1637608365097494,0.16370257197094734,0.16364423131327963,0.1635845097178452,0.16352298592876888,0.16345989591766347,0.16339798627823587,0.16333594796076556,0.16330768548842295,0.16331202992889818,0.16331637459015522
BRA,Tenth,47.6690096865838,48.204336746287865,48.75091104984299,49.31003261580263,49.89234379128527,50.49925285175156,51.10766161494388,51.748507221724466,52.409271957487036,53.090400866996035,53.76844610710896,54.46355344677968,55.18857214948505,55.92063813595582,56.67574382064704,57.45887896691239,58.24735468151508,59.073103607000235,59.93089492762574,60.821483456724316,61.746901908896504,62.67435698407935,63.637949476102314,64.63061961740864,65.65247433811355,66.7006719790976,67.7482537266384,68.82864584361913,69.94006041397932,71.09014047744812,72.27796189043806,73.47544236835301,74.70741816066464,75.96992870277427,77.26142632851833,78.57974692144171,79.89210567877431,81.23812605108192,82.61458372219438,84.0208794098286,85.46109447691482,86.89622227749213,88.3660717413197,89.86157144240812,91.38373113315224,92.93162474893765,94.46723378133093,96.02642889793307,97.60981143759564,99.22225948567365,100.86704939086096,102.51893157715429,104.20480401467638,105.91527637981247,107.65244024783927,109.41657250038341,111.16140098020522,112.93637798062909,114.72923156365644,116.54412245403117,118.41048740824422,120.25234143185214,122.12770695668564,124.03109347295651,125.96252642514054,127.92282260638548,129.8518501607555,131.80877298009113,133.7853077694935,135.78011343150786,137.79049249287758,139.7526815747402,141.73965107303314,143.75241864996997,145.80051084891957,147.88002552263393,149.91579241101914,151.9804092571817,154.06323030288303,156.16250019142788,158.27538379730822,0.4625142836678816,0.46191795538471236,0.4614271661906153,0.46088947565254534,0.46027400732383794,0.4595749347439298,0.4588387085898784,0.45813095853187785,0.45734580977792133,0.4564815366911557,0.45556925949364824,0.45458899908690253,0.45360830531920654,0.4524387226663198,0.45123393284426017,0.4499847872990342,0.4487306110011591,0.4474879604237666,0.4461958126709677,0.4448562074567689,0.4434670768274084,0.4420804797765744,0.44069957494014445,0.4392849299418087,0.43783947763903364,0.43636978628994466,0.4349150208870923,0.4334727305489023,0.4319984899718846,0.43048226173287485,0.42892652389764485,0.4273732952335968,0.4258355129797108,0.4242758920473515,0.42269954580052405,0.42111208203525896,0.4195536225185747,0.4180116316733151,0.41645174699178483,0.41487770306706656,0.4132846230715325,0.4117138150877427,0.4101565788659356,0.4085923824277798,0.40702273979857034,0.40544969238694223,0.4039114019021355,0.40240405513286376,0.4008939195800577,0.3993753821765789,0.39784531958801483,0.3963309352249735,0.39484609597889503,0.3933609179395604,0.39187468915966,0.39038764157998646,0.3889408744552558,0.3875275845702123,0.3861228107686023,0.38472358786577227,0.3833062369021803,0.38192946997696736,0.3805776291955096,0.37922396481285353,0.377869972197388,0.3765160330471088,0.375204979091493,0.37392431069836446,0.3726513279337084,0.37138819301024345,0.37013746567331396,0.3689428915334381,0.3677779605168662,0.3666133981983947,0.36544132384500283,0.36426666497364624,0.36313979421648773,0.3620357016854412,0.36154410032794576,0.36162777375850347,0.3617116234922475
CHN,First,1.3190796463239256,1.3969335587424867,1.4761475073874957,1.5580847351734919,1.64348166042907,1.7325977957710763,1.8218915374970885,1.9132443960716552,2.0078354465952035,2.105733135728861,2.204106268490541,2.303533368669564,2.4044791307885998,2.516717558664338,2.632908553721248,2.753605118313806,2.8746820348511193,2.9993805465695837,3.129116840187222,3.264138514538365,3.40484161971209,3.5457215119513763,3.690855508008213,3.8415103935629964,3.9979107981473017,4.160059206040625,4.321654587442182,4.487846649810657,4.660508986009073,4.840681893176785,5.028995269400675,5.218475762351477,5.413752849433576,5.6165082256697625,5.826833803192509,6.044777241885706,6.262621151883171,6.487254509146123,6.720702846222118,6.963181813620779,7.215597617133586,7.467570388764519,7.727564705584269,7.997229245143863,8.276900214065734,8.566984885660617,8.856096109482369,9.15325107999977,9.461424107414393,9.781882593247646,10.115589707595563,10.44875861795269,10.792776449850809,11.14930745351818,11.519101309065443,11.902761017607483,12.289135393070021,12.688180608724023,13.101117769759307,13.528629810587676,13.971845426933816,14.419648742156474,14.883624257449906,15.365535435778584,15.865971451530857,16.385789096616612,16.9112491979352,17.45526246726643,18.01902050162283,18.603057776610758,19.207803301774106,19.816404701105874,20.446207354969086,21.100384993116688,21.781628894658656,22.490189115331585,23.2053442919012,23.94567248366966,24.713267139305298,25.50895604810807,26.333173844894986,0.01517458576288664,0.015508892725057441,0.01584042982754707,0.01617905449860408,0.016526294344346885,0.016882542081547526,0.017227745925029195,0.017568175765693857,0.017915621445001775,0.018269645190798402,0.018618518258237765,0.018959987827580852,0.01929460135588375,0.019698052514271012,0.020110008197016978,0.020531238272487,0.020945715875917755,0.02136221625752442,0.021788678422912117,0.02222523099546309,0.02267217655086422,0.023111713910206888,0.023554225912010885,0.02400681248576219,0.024469488211907062,0.024942081838962946,0.025407806101628055,0.02587699979614034,0.02635671066428064,0.026847925697161983,0.027351988635859286,0.027852963695710508,0.02835902230353244,0.028876293819806526,0.029404576114130245,0.02994376415059812,0.030478568174203392,0.03101924044127432,0.0315717095496921,0.03213600845751904,0.0327127075542129,0.03328401350876389,0.033861739272726926,0.03445149335841204,0.035053385755175547,0.035667603511734695,0.03627609568168536,0.03689065084608922,0.03751788603972044,0.03815853007804945,0.03881304467093481,0.03946451042632688,0.04012476676463844,0.04079845364274044,0.04148588157312139,0.0421556018028881,0.0427294026686622,0.04331587518105311,0.04391825610416273,0.04453695447455746,0.04517228130622948,0.04582469405709722,0.04649286917692507,0.04717922208802313,0.0478841457368261,0.04860810097957399,0.04935163421233854,0.05011421995223597,0.05089759064394953,0.05170219535744992,0.052528737922182246,0.05337370461289465,0.05423991153066822,0.05512964284128611,0.05604376167458591,0.056982951630058065,0.057937203803004184,0.05891469934495304,0.05991894405661516,0.060950752204951594,0.06201100756166469
CHN,Second,2.3382909043197815,2.4752882181298936,2.614751059310977,2.758554656857278,2.9077386408297,3.0626756398573702,3.2174693349039845,3.3756561292520457,3.5388137574039282,3.7070486862695047,3.875190574599316,4.045095382515957,4.217525140580987,4.405379559778817,4.598976561413357,4.799080701475652,4.99871244520459,5.203534088401781,5.415434105570153,5.634752306293192,5.861999669552786,6.0881143676179095,6.320171450099012,6.559773527351336,6.807210629503099,7.062438712944732,7.315057284186641,7.573758923113386,7.8409598254698425,8.118073253371858,8.405816798861478,8.692992348469106,8.98751892817374,9.29148639710952,9.604954938372897,9.927918846683848,10.248059665969876,10.576468832178815,10.915594687624486,11.265636582436366,11.627694508700522,11.985573879031453,12.352819634665753,12.73127097238559,13.121252680007528,13.523160990631995,13.919873640454185,14.32536859383915,14.743104266740088,15.174559858643594,15.62080382143245,16.061237223388062,16.513166200303107,16.97827290198243,17.457307869678402,17.950806049209312,18.441956843403755,18.945710265322816,19.4631628422444,19.99490100220671,20.542058513787104,21.087779248322338,21.64897334215067,22.227337406391758,22.823239075341142,23.437349697760258,24.04954348899838,24.678195258141017,25.324212865571692,25.987793176008154,26.668953995484596,27.34449739048491,28.037501767559394,28.751047413537123,29.48772916986313,30.247190204208913,31.003266624979414,31.77886282095255,32.57539613927946,33.393092871736734,34.231671758011714,0.02862768399370235,0.029081681136379777,0.029528975004829965,0.029983378953144225,0.030446756901602156,0.030919435597964146,0.0313745602302845,0.03182025851494705,0.03227268926553717,0.03273112060039809,0.03318061427024277,0.0336176432969188,0.03404305144981501,0.03455643908670656,0.03507739408846021,0.035606700593729675,0.03612438298283407,0.03664111727596537,0.037166955573704634,0.03770185988201035,0.03824600709016283,0.03877796038925605,0.03930995986463865,0.03985071773095133,0.040400064447590325,0.04095763727630801,0.04150401300669996,0.04205088418659904,0.042606548433771846,0.04317191209900218,0.0437483520831411,0.04431796993656725,0.04488960694155368,0.045470219330926376,0.046059402076215256,0.04665686647908312,0.04724610111702587,0.04783787373456845,0.048438668695945826,0.049048335676040736,0.049667270174766534,0.05027691807240684,0.050889296806275686,0.05151036009087916,0.052140033649654846,0.05277832476688506,0.053406965283740594,0.0540376254218877,0.05467705119246459,0.0553257525176284,0.05598396532414467,0.056635305163429545,0.057290918734764995,0.057955354442103174,0.05862870069742011,0.05928232983746435,0.059846360851441925,0.060419521140001244,0.061004773453877975,0.06160228494790384,0.06221211664825826,0.06283446170296672,0.0634678157977847,0.06411422122095013,0.0647737690270654,0.06544660597559611,0.06613294383445438,0.06683199926534211,0.06754505363730674,0.06827218242396729,0.06901367926397964,0.06976607527802063,0.07053157138812143,0.0713118243623863,0.07210719979607257,0.07291788216921662,0.07373492212987266,0.07456503073051078,0.07541077423188057,0.07627237812466592,0.07715010363582307
CHN,Third,2.957392185593111,3.129679671198473,3.3050208178901137,3.4854492912223214,3.672146196481076,3.8655270300549422,4.0584146289160605,4.255416235376004,4.458133382470395,4.666687631308033,4.8744736609612165,5.0843882350959495,5.2973758536176305,5.526508004359284,5.761959644128376,6.004580830190169,6.24581853553914,6.492784671013569,6.747434618584428,7.010133623833497,7.281419019264778,7.550331312671726,7.825689303792823,8.109061922694305,8.400746508849501,8.700641313148175,8.996159379573847,9.298014713724369,9.608684481762484,9.929736119255884,10.261841768724373,10.59162946218839,10.928874895354593,11.275646356959783,11.631952954909483,11.997721921776343,12.358326423297578,12.727100050996604,13.106448738057386,13.496516334564205,13.898441224980875,14.2932424977994,14.697070190555191,15.111573487514578,15.537019288868333,15.973739743835631,16.402084736396787,16.83841868336603,17.28609385980226,17.746616504409385,18.221031342933333,18.685748255650143,19.16083122062693,19.647674799682335,20.146961171905417,20.659116811686978,21.164852337252775,21.681376797680276,22.209505163334057,22.749702087225472,23.303021640324346,23.850133503250067,24.410240275392315,24.984800459656686,25.574004092861045,26.178350068200057,26.775164621194783,27.384967143740994,28.008378697193205,28.645375078261942,29.29570991119908,29.93417803909582,30.585660457332963,31.252961800838808,31.938485536979947,32.64153963473618,33.33502775763751,34.042539368833346,34.764930183100425,35.50209802844653,36.253396434074574,0.03716568017141926,0.037655849204852834,0.03813700420105383,0.038623717249542576,0.03911794129618804,0.03961996107789895,0.04010153131919032,0.04057167194565506,0.04104703942299149,0.04152684899993744,0.04199537097043623,0.04244955954865893,0.04289047369664206,0.04341849585372536,0.04395207022287753,0.04449194522774982,0.04501771665071107,0.04554057416672597,0.0460704926618244,0.0466073647306124,0.04715128963427463,0.04768075427183518,0.048208306244084564,0.04874239463405765,0.049282783113498624,0.0498290358585085,0.05036194266167401,0.050893323516301964,0.05143109861895041,0.05197609497255065,0.05252951783424482,0.05307394442308888,0.05361818570993186,0.05416872602264877,0.05472510451901209,0.055286968444341826,0.05583852938477442,0.0563902890235306,0.056948170615355315,0.057511949641029375,0.058081928944743025,0.05864067909517503,0.059199691181457834,0.05976426597331138,0.060334256662256266,0.06090959169922781,0.06147350008648146,0.06203689307196284,0.06260569839035263,0.06318030943072063,0.06376085795322377,0.0643324405659714,0.06490534305867744,0.0654834189229466,0.0660666679946373,0.06662894182961084,0.06710702371125812,0.06759098858611608,0.06808324480551785,0.06858382112417274,0.06909265489645167,0.0696097908290212,0.07013386710303927,0.07066645803587605,0.07120751025056062,0.07175701158317908,0.0723149989185896,0.0728807021310351,0.07345501744402899,0.07403785703764496,0.07462930393357946,0.07522645450615652,0.07583092184977294,0.07644386209469546,0.07706538897063554,0.07769547144208869,0.07832702949989903,0.07896513893610003,0.07961160161085651,0.08026639684732438,0.08092952086016524
CHN,Fourth,3.8073685240992923,4.0282351492606105,4.253001198064197,4.48391717715804,4.722347386132652,4.968768485065015,5.214230549829298,5.464807693242109,5.722165451567095,5.986449606629353,6.249061621790298,6.51434286909986,6.78346545206545,7.069977755573846,7.363703869535968,7.665614672167203,7.964971862118038,8.270881344449931,8.585427835344115,8.90902423164242,9.242254865359094,9.571520725619141,9.908056280496767,10.253438578939964,10.607992140962766,10.971558175313506,11.328501667945277,11.692331430798387,12.065666552042904,12.450298165503929,12.846870131883739,13.238971336431486,13.638970461801835,14.048986555137372,14.468989280000462,14.898849411036625,15.320681121502046,15.750954118565387,16.19211321240441,16.644268850933287,17.10864698752264,17.56228816746698,18.02503955406616,18.498423724969943,18.98267755867469,19.478098019195393,19.961321173139204,20.45217593029094,20.95403437430685,21.468498259940738,21.99664664189603,22.510495454386675,23.03415182287239,23.568798752875047,24.11510055696682,24.673417474948938,25.220804634990483,25.777857200476564,26.34517699774839,26.923157463183383,27.512844608811626,28.091237184726012,28.68106047692777,29.283636796743796,29.899033836994743,30.527647670388415,31.14290844876518,31.768826511206605,32.40582561648874,33.05372252216036,33.71206661055164,34.35214850333908,35.002217630614936,35.664988122238015,36.3428418063006,37.034820233026466,37.71130162067167,38.39812071140678,39.09573791425381,39.80382696220188,40.52147053209547,0.04922676520463441,0.04974116830537639,0.05024427548298199,0.0507516373496783,0.051265194875012486,0.05178514532951084,0.05228212631066587,0.052765412881835345,0.05325255234120697,0.05374266225687457,0.054219834614314066,0.05468065999279208,0.05512632922555311,0.05566008106234953,0.056197473183014976,0.05673918306091358,0.057264853824622174,0.05778555978194728,0.058311365662482524,0.05884207928976376,0.059377713945245415,0.059897239664172305,0.06041283736017841,0.060932877506588434,0.061457053257725144,0.06198487846901386,0.06249801398755253,0.06300765845152038,0.06352147054288224,0.06404014067328519,0.06456474799410701,0.06507896443123043,0.06559092032928453,0.06610675789284105,0.06662597490248616,0.06714818000861834,0.06765893905055816,0.06816775262036649,0.06868010587481516,0.06919572479346632,0.06971479995346186,0.07022175004078259,0.07072675336725663,0.07123463035626719,0.0717451798785171,0.07225827292065017,0.07275921623199853,0.0732574993462276,0.07375837080767236,0.07426209189530197,0.0747686949664241,0.07526549831527023,0.07576115891946593,0.07625900840392283,0.0767589753466584,0.07723967538808789,0.07765007116651663,0.07806387524967877,0.07848307233083913,0.07890759520907759,0.0793372997698676,0.07977212831401169,0.08021084785408461,0.08065468252200338,0.08110348381449783,0.08155713746337338,0.08201556446697401,0.08247802572203312,0.0829451429610756,0.08341672653557376,0.08389272183774095,0.08437068706722448,0.08485181181060476,0.08533689443518692,0.0858258907650741,0.08631863630466986,0.08680950441270868,0.08730235950727908,0.08779845921491049,0.08829763721779928,0.08879973586116979
CHN,Fifth,4.5979178086475825,4.8635232331342095,5.133754541774645,5.410961841222935,5.6966537509013095,5.991347044865103,6.284545561912748,6.583732292313002,6.890484027645981,7.204964842000006,7.516713108230412,7.831595766075484,8.150995632291409,8.48775459271733,8.832231177226754,9.185484055097284,9.534852061006703,9.891284613280801,10.256845675923653,10.631976616496836,11.017282949183185,11.396884552466737,11.784213612970431,12.18070698198767,12.586698938092345,13.001963798753938,13.408231551248926,13.821528117991633,14.244445422263555,14.678945845841472,15.125594644733413,15.56540613796968,16.01307140928947,16.470602038224595,16.93791943872744,17.414829387168055,17.88072103112045,18.354793696115543,18.839363935353365,19.334494261427178,19.841458036531115,20.3340515189663,20.83527091801305,21.346358707960857,21.86750822857089,22.3989624010356,22.914466853811867,23.43670489314731,23.96886496702187,24.512596484155416,25.068977779877848,25.606603772913438,26.152860478220475,26.708593807999414,27.27442952580387,27.850647807085625,28.411461361781903,28.980179168510816,29.557116497411755,30.1425864960905,30.737601581247155,31.316336803214874,31.904271312113686,32.50252465302854,33.111048774429605,33.730132991243394,34.330330594742804,34.938263761467084,35.55414172040057,36.177643449441746,36.80814201795588,37.41463683569017,38.027651050736715,38.649733709077665,39.28320475643842,39.92689435836748,40.549981234319645,41.17945186772917,41.8153574244761,42.45719588503592,43.10384618787051,0.06073546696280758,0.061242657908478465,0.06173690484686005,0.062233419017362714,0.06273405802905806,0.06323895138013193,0.06371974756304859,0.06418569812201326,0.06465362627883205,0.0651226613613875,0.0655775848108808,0.06601546472946374,0.06643759439325421,0.06694056619629134,0.06744487107903697,0.0679511012301332,0.06844026832822613,0.0689228813374508,0.06940820239567386,0.0698959978545533,0.07038622019594883,0.07085963722652158,0.0713275499146319,0.0717974895629625,0.07226912647994563,0.07274196819092242,0.07319956959012049,0.07365212377131886,0.07410638302487713,0.07456290641764755,0.07502256056677437,0.07547097896341858,0.07591541838276655,0.07636115820019061,0.07680770723353661,0.07725467760730313,0.07768965891201832,0.07812093337970302,0.0785530990416156,0.07898586771777477,0.07941934694570375,0.07984044407576352,0.0802578240558227,0.08067541555656076,0.08109300313874396,0.08151042533446329,0.08191566434394318,0.08231659672495209,0.0827174078516189,0.08311825619592385,0.08351910985978901,0.08390980686751043,0.08429736123883198,0.08468432297023137,0.08507058282719988,0.08543924859007805,0.08575054685466413,0.0860627509195797,0.08637728407137989,0.08669401013815003,0.08701273087643138,0.08733331428114509,0.0876547655393815,0.08797789202119739,0.08830248778432252,0.08862836743270949,0.0889553691434228,0.08928286331276754,0.0896111862596208,0.08994008804971197,0.09026941363947909,0.09059737279782416,0.09092468734072003,0.09125178192686934,0.09157849592527971,0.09190458603015213,0.09222624138628296,0.09254592304227374,0.09286431654042976,0.09318116698902047,0.09349622162698563
CHN,Sixth,5.725069527815439,6.054476762806465,6.389563891484842,6.732802612498587,7.085893311168467,7.449409115816925,7.8106579199154105,8.179137204812488,8.556293078472253,8.942317848610816,9.32407006336618,9.709645902924535,10.100708101743807,10.509055397830188,10.925855239923411,11.352288401774654,11.772955153579773,12.201432126172726,12.639756697343724,13.088416769380752,13.548051562515328,13.99953578419551,14.45944113122099,14.929018101427133,15.408624021867306,15.897951499560119,16.37497613175394,16.859310974879236,17.35352156667642,17.859814983794017,18.378659826502552,18.88740373834541,19.404065025534123,19.930530240319037,20.46667205830738,21.012224598795818,21.542681018695173,22.08113767683165,22.629766086560455,23.188584319880157,23.758949819055303,24.310003401269743,24.86926182064122,25.43763193107333,26.01527025583758,26.602373297546627,27.16849069817783,27.740439948917405,28.321218773324095,28.912570146597265,29.51560439728882,30.093956018042693,30.679769118362277,31.27350267635705,31.87576444197103,32.48676327069805,33.07657732006539,33.67249086965261,34.274500774276945,34.88285309111107,35.498561781041204,36.09167503199593,36.69174658524948,37.29970145372578,37.91538560767388,38.53900020074262,39.136841676936726,39.739487691098915,40.346933742819395,40.95873347550272,41.57408409139594,42.15837743122736,42.745771746975905,43.3387113647875,43.93953155947711,44.54684870727727,45.127538736900775,45.71083119021154,46.29636706468153,46.88348931579919,47.470879940418,0.07754619948131763,0.07800987719351683,0.07845954225912267,0.07890952170678281,0.07936138550292125,0.07981513711610257,0.08024511617346079,0.08065950173794541,0.08107389916686782,0.08148744691785093,0.08188695850124085,0.08226936980976868,0.08263595845212815,0.08307334062161174,0.08350956537305688,0.08394505742186392,0.08436365782569019,0.08477418228272761,0.08518472447119788,0.08559499357144823,0.08600486428927705,0.08639848096010094,0.08678504717136722,0.08717096842260313,0.08755589485795627,0.0879393642457755,0.08830835856514771,0.08867083828572515,0.08903232184922383,0.08939314254552262,0.08975392530480578,0.09010366258134898,0.09044776163579753,0.090790387268791,0.0911310935493015,0.09146952565287395,0.09179661786112558,0.09211831036439944,0.09243808323894534,0.09275565441794194,0.09307101646065892,0.09337503585788885,0.09367365911595069,0.09396975646955974,0.09426310651243833,0.0945535320153274,0.09483302261400063,0.09510676610307951,0.09537764652972557,0.09564567852969999,0.0959107550406073,0.09616657609008457,0.09641739541576963,0.09666488084419922,0.09690888444746727,0.09714001406910532,0.09733702182569394,0.09753243338050661,0.09772705157262661,0.0979206838297373,0.09811309814736298,0.09830410014709963,0.09849299039357842,0.0986801332748249,0.0988652827704154,0.09904820101572318,0.09922866739894104,0.09940620077102849,0.09958084623466877,0.09975232351019221,0.09992039866851954,0.10008402452532261,0.10024343862261371,0.10039869072470159,0.10054953014615266,0.10069566176938745,0.10083526345160275,0.10096930844479896,0.10109790508886454,0.10122074327154279,0.1013375070615675
CHN,Seventh,6.858347173133975,7.2511902650532924,7.650671082261043,8.059229994464243,8.478725147027232,8.909761979783056,9.337600634591857,9.773831817342389,10.219540098649215,10.67493997575152,11.12418880147333,11.577895600711592,12.03800709881763,12.51351116243635,12.997712270169055,13.491883469408517,13.978043910500608,14.472396104790004,14.976740902772452,15.491592770282512,16.017596306305546,16.532629158914386,17.05634438202947,17.589588077717867,18.132721819520423,18.685339184495927,19.221943692293976,19.765635507714038,20.318727912570047,20.88363128279573,21.460648298804887,22.02381468290383,22.594358415132493,23.173825859014215,23.76203022712203,24.358620364111427,24.93562395040925,25.519786976734885,26.11291473477119,26.714964682173363,27.32734068351248,27.915162632113518,28.51007400787572,29.11243110413015,29.722338368220143,30.339926790517428,30.93132331175014,31.526980577324345,32.12944655312725,32.74051745835978,33.36130285414373,33.95137901447242,34.54700190562005,35.14806649074972,35.75514646704613,36.36836421566554,36.95442508191759,37.54400222156018,38.13667128595428,38.73260343130687,39.33279520739591,39.90397340490586,40.479070611986984,41.05873384537564,41.64271061892458,42.23111507203277,42.786982475345496,43.34400674064226,43.90194262864833,44.460242209403276,45.01795311369153,45.53811772145774,46.0574196781211,46.57811717889009,47.10252258239953,47.6290886310928,48.12381968221574,48.6170151433728,49.10787024633039,49.595618128170635,50.07880887718487,0.09485074857067222,0.09522640690968646,0.09558796270310704,0.09594681830915511,0.09630418099519976,0.0966599821227581,0.09699438706660617,0.09731422080100324,0.09763136884607952,0.0979451532383246,0.09824558687841421,0.09853089766296166,0.09880231175426296,0.09912200876411517,0.09943755189910435,0.09974920095533882,0.10004547193938583,0.10033294016830416,0.10061719430826997,0.10089795675918939,0.10117506526608404,0.10143784866276104,0.10169278190224132,0.10194401244678662,0.10219124090886182,0.1024340984937773,0.10266434809035087,0.10288728914868589,0.10310626234447269,0.10332139598382105,0.10353294105791779,0.10373438777106449,0.10392910975515071,0.10411940300570242,0.10430494009108596,0.10448545147242513,0.10465607267142367,0.10482018712368446,0.10497951134176203,0.10513381757752939,0.10528301590312307,0.10542274451473216,0.10555603319269205,0.10568410545002536,0.10580677714590253,0.10592388797992262,0.10603220134441266,0.10613401344097924,0.10623035415145103,0.10632113373579268,0.10640620826414716,0.10648349459557116,0.10655452237799386,0.10661969357344793,0.10667886384183538,0.10672964421298352,0.1067678425612653,0.10680190620062839,0.10683181809926934,0.10685735818128456,0.1068782967300482,0.1068944069333012,0.1069054334671215,0.10691119086224282,0.10691143397831065,0.10690591360829992,0.10689437663323481,0.10687659387245495,0.1068522858851134,0.10682118772572179,0.10678302041021054,0.10673774068924803,0.10668501187890564,0.10662446760313994,0.10655580383751234,0.10647872295307079,0.10639390997143518,0.1063005360810159,0.10619806001061798,0.10608616665024659,0.10596453149416427
CHN,Eighth,8.837101990051769,9.340820921629897,9.852894452284438,10.375692972273516,10.911331419267194,11.460473470947353,12.004798078295988,12.559552967797163,13.12521383930965,13.702039144288626,14.269423306701519,14.842435667509724,15.423474832714563,16.016801413405076,16.619354513206705,17.23256897092607,17.833937630550984,18.444251428829737,19.064931460751144,19.696554684103972,20.339785771016224,20.96724439308052,21.60398584303444,22.25020544886631,22.906292119603194,23.57169390339949,24.214813300641598,24.864852607447194,25.523741614244628,26.194253818338122,26.87644045235751,27.53850597111841,28.20732850438496,28.88394397808255,29.56809578353853,30.259322810467808,30.923514152464467,31.593835351929567,32.27155233618353,32.95655854475985,33.65037273979941,34.31093880625731,34.97721903107413,35.64874596983533,36.325580604070474,37.007786896238386,37.655260832958916,38.30498535889644,38.95888328951714,39.61888894033058,40.28616417139667,40.91290674548965,41.54279059513221,42.174901928058674,42.809811259058854,43.44755472277472,44.048671706335064,44.65001899625955,45.25058911502803,45.85048733104753,46.45074711708314,47.01198066442591,47.57336423095589,48.135205263329354,48.69715544235556,49.259257875341795,49.778409034069554,50.294238044331784,50.80620713813097,51.3136664862165,51.815488355018,52.26983359205129,52.71857504044549,53.16382332156283,53.60797605004649,54.04928961618943,54.45106636912019,54.846553503503436,55.23438519114122,55.61369146636851,55.982869782557344,0.1258664586608755,0.12602076525442174,0.12616407780049102,0.12630198925973402,0.1264347039315234,0.12656193564045332,0.12667626047030958,0.12677993214731292,0.12687820188409596,0.12697065948173528,0.12705488169861612,0.12712946485822416,0.127195164559835,0.12727239286306521,0.12734229055307156,0.1274047194983529,0.1274578037578764,0.127502501793929,0.1275401281519575,0.12757041897560822,0.12759313622083568,0.12760794072594503,0.12761497784612105,0.12761473524221556,0.12760699992571722,0.127591615827343,0.1275698260389823,0.12754081075582802,0.12750435263821708,0.12746012970614645,0.1274078585533758,0.12734971285915267,0.127284405433934,0.12721129359784344,0.12713027091778994,0.12704124508489095,0.12694734464895305,0.12684641024918203,0.1267374361504808,0.12662030797294213,0.12649477569252549,0.12636536580514107,0.12622904363476362,0.12608460376873676,0.12593194175833033,0.12577093922770544,0.12560688073902296,0.12543634574460263,0.12525757973368729,0.12507028885527924,0.12487426092445378,0.12467515113306282,0.12446899662739887,0.12425442212062988,0.12403128681135585,0.12381134435591958,0.1236245645931393,0.12343073834791518,0.12322872466785435,0.12301829413930722,0.12279925618906784,0.12257137132091432,0.12233503730101933,0.12208933757330521,0.12183406323190801,0.12156898433280217,0.12129384392615768,0.1210087918455462,0.12071314178858024,0.1204066868721287,0.12008912746307454,0.11976180995879458,0.1194236561507903,0.119073775503842,0.11871183147168335,0.11833756450558812,0.11795502149171938,0.1175610009512947,0.11715413850019227,0.11673415589988853,0.11630075577826461
CHN,Ninth,11.089211135873224,11.716964502507373,12.354706965293826,13.004287580406267,13.668025288079651,14.346583139575518,15.0180384548782,15.701998010578533,16.397568077107607,17.105042315915767,17.798395781814204,18.498540866651993,19.208409298881783,19.92178244511519,20.643592779490938,21.375387819459426,22.09002272999968,22.813469233299514,23.54613178783248,24.2886135738912,25.041540082385875,25.772312038412306,26.511917652908238,27.259218160072713,28.014598037374785,28.77730473982341,29.509661570698764,30.2474874008125,30.991682818657072,31.745348635730597,32.50809182601788,33.24252140938765,33.981565117016586,34.72513174744091,35.47287754042171,36.22420189354261,36.939252018393496,37.65777683695834,38.37989275109531,39.1054023061076,39.83589384652495,40.522908944882204,41.212618992074965,41.9031153728265,42.594398358319935,43.28644067581547,43.93412033879141,44.5804829419765,45.22615736248129,45.87317114096892,46.52270586122444,47.12094518485786,47.71827042489447,48.31247627025281,48.904125138244225,49.493155611758894,50.03511585766107,50.57233443257401,51.102953109380024,51.627022017886134,52.145610408296356,52.61449898070128,53.078156502952204,53.53637015933659,53.988734723573124,54.4352494356334,54.82837599686631,55.212360529018056,55.58632025806586,55.94957949166968,56.30090872675985,56.59593371012623,56.879770224988704,57.154237177131776,57.42178302879164,57.68058237200692,57.894046604731074,58.09613486563534,58.28483526648332,58.45928507339038,58.61787103532495,0.16219050104196997,0.16196994871990755,0.16174541173339277,0.16150958680335836,0.1612614826626309,0.16100083291342399,0.16074330548363586,0.1604855725907128,0.16021772646261406,0.15994023824232032,0.15966216494155205,0.15938720913937446,0.15911546225942602,0.15877764202294167,0.1584283854624349,0.15806717078324942,0.15770778771484786,0.1573437112073663,0.15696763448824477,0.1565795424698279,0.15617926707907853,0.1557826058611226,0.15538127471252225,0.15496849205373464,0.15454436805419441,0.1541091534436857,0.1536778578092128,0.15324211632896095,0.15279519680131695,0.15233638938781024,0.15186448386522072,0.15139387803543927,0.15091798195307837,0.15043090198026504,0.14993297256739638,0.1494244363632264,0.14891907093115997,0.1484084056946986,0.1478867758958053,0.14735431501704113,0.14681070892481238,0.14627186564327713,0.1457279629680592,0.14517363418024531,0.14460896833596174,0.14403398212380536,0.14346480661031688,0.14289157478351763,0.14230813674004755,0.14171408058988674,0.14110923199990838,0.1405081484651445,0.13990129506465124,0.13928442885540954,0.1386575119387979,0.13804557931609188,0.13751005298053434,0.13696492794206389,0.13640739548495368,0.13583730356660068,0.1352546033103783,0.13465912554699766,0.13405232949187657,0.13343228381162728,0.1327989233327282,0.1321521378443542,0.13149175697731802,0.1308185706504172,0.13013138930071005,0.1294301848276209,0.12871472316276042,0.12798840712488602,0.12724917624364346,0.1264954919094544,0.1257270679631682,0.12494379682063786,0.12415440377876687,0.12335247926556775,0.1225356288037021,0.1217037205839476,0.12085659507944928
CHN,Tenth,21.98306303984111,23.207459534715248,24.44948279830725,25.707511232618636,26.984565485536713,28.28121920409037,29.55900258208024,30.85899630502878,32.172607549264825,33.50034471255546,34.78954500369159,36.091561478350066,37.41148956642692,38.68486301483173,39.96152939464022,41.24354102283353,42.482123809175384,43.72828868631551,44.97687684013492,46.22875157890808,47.484425815494326,48.68717049294478,49.89649775551312,51.104417394823045,52.31148239454886,53.51622444153044,54.65268801072178,55.788267634895305,56.91860116212037,58.04841284284859,59.175355685503355,60.23620035977045,61.29288203127597,62.339920031201615,63.37690661567925,64.40294418828415,65.35148814165517,66.29344727251312,67.22365161562833,68.14185864678548,69.05025653499203,69.87054231451484,70.6830378973888,71.47954539810955,72.26017727302427,73.02487996172607,73.70468954816465,74.37162314263092,75.02085350744116,75.65517516320672,76.27625392480982,76.80161818242871,77.31373097743632,77.8052654873221,78.277157526659,78.72934951998052,79.0932982553995,79.43790313928224,79.75820409041735,80.05443533750294,80.32825190464088,80.51182184353878,80.67563954315956,80.81789136208958,80.93837227267231,81.0373427941902,81.04476662664078,81.02853278108894,80.98684227000479,80.91928553070193,80.8245860058893,80.64265558157746,80.43735699411783,80.21001175793738,79.9638432524324,79.69701020399312,79.36689439413163,79.01632251319167,78.64133538123947,78.24135914297048,77.81492759755079,0.3486159101497145,0.3455427526423225,0.3425554161406136,0.33956087685263786,0.33654800146151703,0.3335160767402086,0.3306352194577692,0.3278495554928811,0.3250572748867733,0.3222635637103729,0.3195584850560651,0.31695974313425657,0.31445905285319986,0.3114809810149224,0.30850038994192547,0.3055136829561816,0.3026323410998885,0.29979431572805915,0.29694462386373227,0.29408455547152346,0.29121425972822873,0.2884458183280784,0.28571303907220363,0.28297149991433806,0.2802229807426034,0.2774701663557028,0.2748082641486313,0.27217795575891957,0.2695396550820072,0.2668899625170521,0.26422362410455347,0.26162353730297894,0.25904758755497037,0.25646485888098475,0.25387795802904595,0.251288884736639,0.2487690972487576,0.24627059736859264,0.24376643959558256,0.24125801872871522,0.2387444294459921,0.23630118338606898,0.2338779964049945,0.2314517347960024,0.22902334716301948,0.2265934404202783,0.2242316470643977,0.2218920345167015,0.2195498685632596,0.21720387817171705,0.21485387099636707,0.21255906837762847,0.2102782417978075,0.20799601622436895,0.2057126445215065,0.20352762059777033,0.20167711278682415,0.19981698305245696,0.19793837940951858,0.19604169438920852,0.19412766212590435,0.1921966068674451,0.19025404387518913,0.18829457858994963,0.18631890007336535,0.1843275397643884,0.18232084448856917,0.18030203247713938,0.17826834584494594,0.17622056765998853,0.17415887369847377,0.17209372343962828,0.17001981318415962,0.16793356859843792,0.16583502944983558,0.1637247263751303,0.16162650007470816,0.15952352369620598,0.15741017194193055,0.15528688221061288,0.1531540210407459
COD,First,0.14355622902761384,0.14963212650891172,0.155900458148618,0.16259646248511156,0.16991782831558888,0.17795137357182816,0.18589144116589731,0.19451703589892488,0.2039368507803426,0.2142390635201395,0.22554134618529387,0.23783751003109607,0.25173413390277205,0.2673057259121168,0.28441832776234116,0.3033234353001657,0.322966440901911,0.3445437226900152,0.36835238256606434,0.39459484034768166,0.42307625393537335,0.45109974777995254,0.48143472380018,0.5143426671518492,0.5499996555611825,0.5879516992967273,0.624138939501626,0.6626420241551396,0.7058979190936266,0.757248080333368,0.8130478203287066,0.8708588312989589,0.9327972429045883,0.9992952896809449,1.0705802204103427,1.1468386863495108,1.2249875656027518,1.308252202962341,1.397318054638296,1.492484462866067,1.5944396052489977,1.6897238695010863,1.7858948705232824,1.887071888170528,1.9934505800206643,2.112171833763677,2.239143632210258,2.3764897579863336,2.521262734075411,2.673506713660033,2.8299928148681595,2.98272582991072,3.1430250270268116,3.311300838346235,3.488177816941963,3.6741482622729515,3.862165470644735,4.05851081657108,4.2634926273340525,4.477635439755463,4.702007623833123,4.928975837710335,5.166173740871117,5.414679292962095,5.674984730721317,5.947799358502581,6.2238999027706985,6.5110636915091336,6.809961516615197,7.107240113175831,7.40553979320245,7.7018199715309,8.00608023735627,8.320332815279466,8.646722847946027,8.984834708310915,9.321741317524147,9.667855610501645,10.02326932399024,10.387929223969754,10.761234939312558,0.003319445834997404,0.003408092186174415,0.003498988486744372,0.0035950609405347193,0.0036975422606917636,0.003807089828270809,0.003913755074702964,0.004025626084880029,0.004145280751476467,0.004273303164665029,0.004410144826292795,0.004574685596329111,0.004762337104709637,0.004972349138944055,0.005197486501463229,0.005439001399933679,0.005685552788256121,0.005946452218526674,0.006225021884041265,0.0065219766621660135,0.006826809824029244,0.007098463359981643,0.007381685249237187,0.007679592033507468,0.00799246516511493,0.008308979534609453,0.008574199494903654,0.008846157735255057,0.009163469460986711,0.009571773835422747,0.009998433773229138,0.010428544285340794,0.010873005280233813,0.011334001843832464,0.011811599465942799,0.01230575004526203,0.012800599811210636,0.013309324993753147,0.013834435985193258,0.014376047995119124,0.014934944706427752,0.015394906044839035,0.015819914888790837,0.016252612505820184,0.016693022606849947,0.017201396537144444,0.017762802827021914,0.018366009107734886,0.01897875263552371,0.01959513776300563,0.020187516396821353,0.020727475498843562,0.02127514695662249,0.02183227448273804,0.022399268808614814,0.022976372791418273,0.023546605350901834,0.02412399574904473,0.024709652903888296,0.025303895412109305,0.02590760314683721,0.02650451186695333,0.027108749761658987,0.02772208573021077,0.028344617571976316,0.02897658879294217,0.029602159139580437,0.030234285713203454,0.03087408948917405,0.0314715641529151,0.03204048884152862,0.032593957871625924,0.03314568298630517,0.0336974610137836,0.0342507250428691,0.03480506726325791,0.03534482826175129,0.035883319134917324,0.0364211165550765,0.036958213145886355,0.037494291114974806
COD,Second,0.26639888824539676,0.2779222459636433,0.2899009915458355,0.30269465550599745,0.31661383766389645,0.3318147081958639,0.34681186083738225,0.3630860137133608,0.3808300258508408,0.4002127005010161,0.42144042737496834,0.44410795420529775,0.46951622269884324,0.4978177582766798,0.5288758411697334,0.5631018969956549,0.5985156255407781,0.6373240837966768,0.6799962108383037,0.7268703200170189,0.7777409773548674,0.8282343269653034,0.882830129512145,0.9419453094824312,1.005882631139396,1.07408197326088,1.140151451770492,1.2104832140798327,1.2884789654749078,1.3787676436193184,1.4764201770011418,1.5770315568909357,1.6844677931896832,1.7993737270825978,1.9221119325885476,2.0529897544470326,2.186454559619723,2.328114885959955,2.4789501612170852,2.6394130200190156,2.8104920739648587,2.9727538042774393,3.1378030995075648,3.3111043206314363,3.4929919629657173,3.6928234434488365,3.9029957996049034,4.128151469458432,4.364550276032859,4.612357875507979,4.867579154436928,5.117468693253251,5.378782213282439,5.652085517096486,5.93825247324979,6.2379737080070425,6.539276731684997,6.852785723707148,7.178902965072781,7.5183470767193805,7.872601583379016,8.228684727438853,8.599158136149217,8.985425076047635,9.388126489656191,9.808183893614636,10.230315020878448,10.66743065777293,11.120349293731616,11.5731757405214,12.029167424003523,12.480156416656044,12.942211197161345,13.417989571344377,13.910334110411856,14.418721416692309,14.922799938971428,15.439260346583586,15.968206767360538,16.50957787889434,17.062593310366807,0.009227206526273188,0.009412866292380627,0.009601888488606375,0.009800422239564,0.010010805452547338,0.010234131487349132,0.010449992857902393,0.0106746204008166,0.010913159727966356,0.011166453562110336,0.011435047839890276,0.011757789968031907,0.012123017072976498,0.01252791240478557,0.012956960867607089,0.013411724596232976,0.013870616722909275,0.014350210755124663,0.014855992176307025,0.015388353060026767,0.015927191938115422,0.016399538937508895,0.016886424318169353,0.01739291444906946,0.0179188934783319,0.018444271953435884,0.01887659977269027,0.019315644201914076,0.019825862167680057,0.02048049660879744,0.021155860001615918,0.02182845786884504,0.022514821345044008,0.023217930589947203,0.023937345753424023,0.0246724780661905,0.02540007007804734,0.02613903394957176,0.026892686094871405,0.02766072688848908,0.02844377107990816,0.029076803982353423,0.029653732510292383,0.030235911906267565,0.030823251130801622,0.031498637516205984,0.032240494676316636,0.03303051673647039,0.03382409814349711,0.03461330045509637,0.035362157508316415,0.036036401579587034,0.03671408681478738,0.03739735618255757,0.038086554573674464,0.03878181911508227,0.039463228693208285,0.040147266937291835,0.04083523144214946,0.041527390445042084,0.04222461850943475,0.04290866548772981,0.04359539916607339,0.0442867782287479,0.04498278946650473,0.045683573420125564,0.04637212941687548,0.04706239626144076,0.04775557648099792,0.04839609332421439,0.04900031327897016,0.049584386009286205,0.050162615527057905,0.050736956371990015,0.05130891275208781,0.05187812217963589,0.0524290941301584,0.05297527739732551,0.05351736550628939,0.054055425713836286,0.05458922491459536
COD,Third,0.3452082250280453,0.3602621054645998,0.3759517014935361,0.39270269083841686,0.4108918528517732,0.43071870067291584,0.4502654352734288,0.471471395400692,0.49457414018615214,0.5197941233834962,0.5473911976280866,0.5765436604035442,0.6090670574402238,0.6451629565980328,0.6847321847909208,0.7282749025978369,0.7732193527030998,0.8224141523807138,0.8764072771484109,0.9356085435989706,0.9998737561429,1.0640047219514042,1.1333026456869897,1.2082503091233918,1.2892182178515865,1.3756747260223186,1.4601851517642785,1.5501660725950797,1.649216407925223,1.762216087090984,1.884137349710652,2.0093593666333995,2.142819107971058,2.28524190897675,2.4370451697237168,2.598581725059827,2.762797547149995,2.9367108170026106,3.121408167150225,3.3173964179485136,3.525789380249687,3.725292678879444,3.929195741390056,4.143051231887252,4.367261165154984,4.611274064855084,4.865265560315066,5.135717577922919,5.419024304355538,5.715515750412249,6.021385961473109,6.3215643193559306,6.634829811370691,6.961758618571451,7.3033150635922865,7.6602511507458475,8.017857918171238,8.389145388534011,8.774492551966532,9.174670479535761,9.591323838092501,10.008561937736719,10.44156954881977,10.891816614193898,11.359962823662256,11.846973560370099,12.33436125019824,12.837714885039048,13.35782671547422,13.879602876981364,14.40615086001825,14.92552207490674,15.456874731689247,16.003118162664364,16.567381028594227,17.149067709283607,17.72419047250174,18.312532074616236,18.914149583246687,19.528952290012416,20.15605453950456,0.014198272544210938,0.014445219475568049,0.014695881380493483,0.014958230025504326,0.015235233092006476,0.015528183838627942,0.015810347724279465,0.01610304173479481,0.016412706146335266,0.016740264085030675,0.017086233726652862,0.01749848628921964,0.01796216660010503,0.018473037102717346,0.019011279707797136,0.01957841504219638,0.020147155850058704,0.020738116118999908,0.021357544851450416,0.02200544579487703,0.022657546840124488,0.02322724954060379,0.02381146783349357,0.02441589604338018,0.0250400990111512,0.025660626459389362,0.026170916107147304,0.02668702176086041,0.027282152178350758,0.028037866564934753,0.028812513893379875,0.029578861393927642,0.03035600432293976,0.031147056581985407,0.031951295482399035,0.032767847786705696,0.03357066716373928,0.0343809964324131,0.035202269308518684,0.036033982588909705,0.03687663200917971,0.037556819257217114,0.038175477339376124,0.03879702999504015,0.039421350466338344,0.04013350626538573,0.04090932133682536,0.04172984261415336,0.04254934659097551,0.04335993583135908,0.044125947929562384,0.04481334451374547,0.045501012304665606,0.046191042477966335,0.04688375021456351,0.047579230965452815,0.048257377735562525,0.04893499621325205,0.04961331951155022,0.050292594417294195,0.05097367177440504,0.051638533732434294,0.052303001465631105,0.05296892575919047,0.05363626562703809,0.0543051300161315,0.054959055008630506,0.05561166904194641,0.05626407832642161,0.05686559724187186,0.05743170152571925,0.05797672615618712,0.05851444654399696,0.05904675529619453,0.05957511287681177,0.060099208994195186,0.06060462339987605,0.06110404501978604,0.0615981347073436,0.062086991099988845,0.06257043329250093
COD,Fourth,0.45338522890515903,0.4733015494663572,0.4941082941740858,0.516317542506576,0.5403926929204186,0.5665925404631038,0.5924057694827236,0.6204026375219034,0.6508836292923019,0.6841406137057698,0.7205044200844455,0.7585872933826432,0.8009100713157389,0.847744394005129,0.8990442952880507,0.9554305687102311,1.0135173649178353,1.0770351341859128,1.1466419658041311,1.2228479199770856,1.3055889241793461,1.3885199932328451,1.4780877358585056,1.5748693738735353,1.679330849423981,1.7909770090792163,1.9009086413085725,2.017977456279196,2.1460791373483348,2.2904761940334493,2.445957179876489,2.6052350310490002,2.774728822505975,2.9552820664347705,3.14739725117337,3.351501483837669,3.5584755122724085,3.777280547483744,4.009159681185901,4.2547079015992635,4.51521821511829,4.7665638005801805,5.02446385415377,5.294705951814316,5.577791749012483,5.883502619559656,6.198996510698053,6.533262400669127,6.882774107883376,7.2480638661884935,7.625452042325784,7.996547650654587,8.383174450011273,8.785954057625343,9.205990855963895,9.644141796482735,10.081891698419843,10.535595880609344,11.005638903757072,11.492888967375558,11.999232919432917,12.504703910787303,13.028181333902552,13.571267198652231,14.134683361407761,14.719491434730639,15.30270377178181,15.903730078769845,16.523382292121724,17.146951864517103,17.77749469067811,18.398106170063606,19.032337349664456,19.68345551277924,20.35499426183681,21.04629110512459,21.72815115050909,22.42481990397693,23.136327536191747,23.8625707606935,24.6025496195034,0.022370864154380873,0.022695081869577836,0.02302304292529184,0.02336523684809665,0.02372537459335615,0.02410494219740635,0.024469220091589493,0.024845645611424258,0.025242488709326383,0.02566069197601281,0.026100663454657353,0.0266245823604658,0.02721150815670405,0.027855042251899144,0.028529089897308374,0.029235009520788148,0.029938748905441386,0.03066537213474709,0.03142220024700338,0.032208684134881954,0.032994607192611825,0.03367557454644304,0.03436983204550471,0.03508401685491438,0.03581728443821443,0.036541494655348415,0.03713167210542819,0.03772561535439206,0.038408924971856204,0.03927495656950373,0.040156692587835933,0.0410233433062326,0.04189633658814871,0.042779058465832256,0.04367050375890547,0.04456952189785183,0.04544778962570047,0.046328423960062155,0.047215096145603534,0.04810711671067144,0.04900485960203611,0.049722643720798966,0.05037067669268329,0.05101855136148304,0.05166611723206808,0.052403011417155344,0.053203147142005414,0.05404503014731773,0.05488051735133563,0.05570152430555858,0.05647179867066619,0.05715822088885203,0.05784130393483559,0.05852317940421693,0.059204135412780606,0.05988424138976309,0.060544186546940444,0.0612002466256585,0.061853666800992316,0.06250468353499752,0.06315408918122431,0.06378503922534698,0.06441244489068462,0.0650380781120816,0.065661888670184,0.06628396009057033,0.0668893170986326,0.06749047275919019,0.06808848230602356,0.06863628727467784,0.06914886687608802,0.06964035476269424,0.07012313875084958,0.0705989827402818,0.07106923100526723,0.07153366513585811,0.07197982104426617,0.07241886855913389,0.072851465387693,0.0732777582434467,0.07369765425983692
COD,Fifth,0.5569700193431212,0.5815649683539799,0.6073013135561266,0.6347649654928832,0.664498516816868,0.6968167288906529,0.7286425927327081,0.7631562572390971,0.8007115934620825,0.8416687456472156,0.8864233448060059,0.9329331500500059,0.9844432350396715,1.0412918682211794,1.1035119144345362,1.1718306753057768,1.242085364704077,1.3188462741081037,1.402855860573563,1.4947098142936905,1.5944680289537354,1.6948588615344986,1.8032360680898105,1.920244352251072,2.0464319546464083,2.181403270887432,2.31516250923661,2.4576257041575853,2.6126900565464175,2.7856027971657475,2.9714666751872634,3.161432578761029,3.363303328099118,3.578000425496097,3.806088182730981,4.048045482446671,4.292834324221118,4.5511998448322855,4.824485920434928,5.113346248014948,5.419206782572032,5.716466580566014,6.022586453073942,6.34309466040524,6.678574713425562,7.038306511728583,7.406598724244066,7.794981042363741,8.200404746702706,8.62365270720673,9.061573553593409,9.493038750085208,9.941896583920432,10.408760507544507,10.894831181014897,11.401030342012525,11.905473097780039,12.427465661707476,12.967351265713528,13.526053699360933,14.105635950509301,14.682564464575961,15.278926568948302,15.896375032059566,16.535653113068168,17.197869096774344,17.856156232351708,18.533205279354974,19.229786135489064,19.932874597932642,20.645167132402502,21.344811569237432,22.059078541461894,22.79149464127652,23.545897822650957,24.32156034605429,25.084973029017096,25.86409444755915,26.6589011084953,27.469266624838593,28.29408741648111,0.03155582260714868,0.031944513393524776,0.032336620809519434,0.03274455794080838,0.0331725973958344,0.033622320432948084,0.03405260539504655,0.03449593030317649,0.0349618174275167,0.035451159536934486,0.03596420101235171,0.03657213356192786,0.037249997707580515,0.037989532768677406,0.03876020535820921,0.039563081567054015,0.04035917147899857,0.041176800457565485,0.04202374616795135,0.042898899434327564,0.043768604524516405,0.044518723107766084,0.04527976610287166,0.04605872759468347,0.04685440216188959,0.04763639903278365,0.04827157041508775,0.048908213714262426,0.04963670350410971,0.05055370365730724,0.05148166486422774,0.05238814600738865,0.05329577482519114,0.054207935649716384,0.055123449500860955,0.056041013601639995,0.056931778307923044,0.05781949537464509,0.05870778875477552,0.05959587998044876,0.06048405592889565,0.061191174321983954,0.06182711216681144,0.06246000022729824,0.06308969409409242,0.06380187195240222,0.06457008161949404,0.06537321375092484,0.06616538172104923,0.06693916974738319,0.06766123701331024,0.06830160773856189,0.06893558271962201,0.06956514001947216,0.07019055229004798,0.07081188302445014,0.07141153310177223,0.0720045457644596,0.07259206168245035,0.07317431511065284,0.07375203298464916,0.07431025581774661,0.07486241788762035,0.0754100839446292,0.07595321738599863,0.07649189692289976,0.07701315564966733,0.0775279923830764,0.07803732933395077,0.07850186407495151,0.0789346858449722,0.07934768559017986,0.07975152686725208,0.08014776473059188,0.08053758277341777,0.08092084685830114,0.08128730440936452,0.08164633492973698,0.08199852879410952,0.08234406006606801,0.08268290383282717
COD,Sixth,0.7052329234442968,0.7365417628099571,0.7693582497564858,0.8043687975905034,0.8422252548320015,0.8833221657912683,0.9237733570738996,0.9676341455619769,1.015334734160965,1.067333345911391,1.1241146689303394,1.1826838037839038,1.247330341446551,1.3184901927954982,1.3963159750715517,1.4816846967364328,1.5693204407980184,1.6649956262987127,1.7695705989973243,1.8837634321204573,2.007817515733751,2.133155825947893,2.2684080821809904,2.4143140602858417,2.571540193093827,2.7398436336673417,2.907691941836509,3.0864875213540524,3.280095970603256,3.493699244711244,3.72290678658765,3.9566419112694393,4.204690863541773,4.468086184942508,4.747484616880791,5.043444346558167,5.34218921799932,5.6570093944403235,5.989390688096774,6.340076735852406,6.710682119854576,7.0735127593784535,7.448504174799223,7.840809550041285,8.251132942445748,8.688042872865946,9.131801286303086,9.59758624178877,10.083026111220086,10.58925411346551,11.11384992392348,11.631750614947531,12.169740063644213,12.728434043271207,13.309175132609537,13.912986247850656,14.513171754065304,15.133267957880646,15.77357799963565,16.435115656539402,17.120200091268643,17.800192180451287,18.50177720943704,19.22669711194393,19.975743065298758,20.750106561321346,21.517371794909504,22.304962651081407,23.11361681181162,23.932443484334783,24.763683302828305,25.57852979018797,26.409598843143055,27.26078010171292,28.136338469606674,29.035474797456484,29.918470561791143,30.818654402413546,31.735948068801097,32.670208133663245,33.62020539795366,0.046857172020551965,0.0473167596694513,0.0477787446124724,0.048257938801006844,0.04875914363577453,0.04928394619607286,0.049784228036358354,0.05029759219208235,0.05083515994189472,0.051397641205622104,0.051984979748089265,0.05268155119714251,0.05345532472269344,0.05429541785877796,0.055165440739833524,0.05606593063328832,0.056953213976824714,0.057858228231432746,0.05878925633944243,0.05974445210866426,0.06068598312078114,0.06148994841521255,0.062300272855314184,0.0631243812830285,0.06396065585302639,0.06477624983651709,0.06543086526606129,0.06608318655029137,0.06682845461175757,0.06776599050682826,0.06870716319493954,0.06961953779188976,0.07052570584620399,0.07142905485656027,0.07232829148986639,0.07322203128525226,0.07408281540707097,0.07493345863291825,0.07577748786982202,0.07661409746185235,0.07744347407727117,0.07809463090141294,0.07867395209768464,0.07924665103295565,0.07981261892497282,0.08045121870807181,0.08113747761910453,0.08184991370936955,0.08254616239539249,0.08321971256998371,0.08384130914467548,0.08438658202498474,0.08492208300163985,0.08544960639540652,0.08596939398736794,0.08648151293895148,0.08697196507844195,0.08745295106201295,0.08792550170138146,0.08838984121492892,0.08884655695394231,0.08928429661478769,0.08971346385497306,0.09013534422939881,0.09054992487553096,0.09095727754656525,0.09134806591243164,0.09173041068629657,0.09210507233321152,0.0924423461134609,0.09275289792421271,0.09304678028052046,0.09333153798355416,0.09360836610058547,0.09387815569761285,0.094140901394209,0.09438999191750494,0.09463176697534544,0.09486673573054943,0.09509510296556965,0.09531694640267534
COD,Seventh,0.8589899903557461,0.8972915840149441,0.93748934219192,0.9803613086557228,1.0266681908418602,1.076886124715912,1.1262939086979713,1.1798631079117277,1.2380916081516242,1.301538944511678,1.3707769972397315,1.441644388801962,1.5195917851035088,1.605155505947063,1.6986564813098837,1.801113879197189,1.9061029227725728,2.0206355745434155,2.145661933315187,2.2820111630906292,2.4301915016550626,2.580538515298214,2.7427084883383954,2.9175037197884923,3.105698918738119,3.3073086137817787,3.509678572474718,3.7252744736068504,3.957494970445054,4.2108727796976,4.482300441904733,4.758444510980365,5.051091862138401,5.3613380174516445,5.689906468882752,6.037408545992047,6.387322920183971,6.755464829180747,7.143398050019716,7.551922504059781,7.982796238275509,8.407980396345327,8.849100135172224,9.310208051031134,9.792112468516649,10.301451211963649,10.814368390604905,11.350029654026114,11.907355921884765,12.487930667694506,13.090674841630332,13.687087359669304,14.305706945853421,14.94707845073657,15.612640907577434,16.303474372329443,16.988309444416462,17.69469303002148,18.422821549939993,19.173752709778974,19.949998658347408,20.71813587825811,21.509134867216535,22.324730695674084,23.1657159551271,24.033310752905823,24.88998280469906,25.76750896217813,26.66651503987102,27.58007357842957,28.50952524405191,29.41864960738175,30.344902764203976,31.292447478311285,32.26588923413542,33.264350443394356,34.24263176285468,35.23882425896979,36.252753739841474,37.28424335077838,38.33193838940504,0.06523944471590368,0.06574365712574468,0.06624879380856442,0.06677078068924364,0.06731462192972805,0.06788176756557844,0.06842029406242596,0.0689708654397889,0.06954500289678367,0.07014315338312656,0.07076492338249289,0.07149662695273869,0.07230411817947466,0.07317478395363473,0.07407032035074843,0.07499061760392363,0.0758906671210361,0.07680203151144777,0.0777323990938098,0.07867927668653893,0.07960543239760691,0.08039162202669435,0.08117844920148296,0.08197271176822503,0.08277250097199781,0.08354689411630299,0.08416609264937908,0.08477931106405683,0.08547335458571576,0.08633583579473704,0.087193155923978,0.0880157664533117,0.08882456160752861,0.0896224580800538,0.0904082214959186,0.0911805754300095,0.09191593629598714,0.09263443667098847,0.09333903617529449,0.09402903524619234,0.0947045696306351,0.0952308180427557,0.09569552615535114,0.09615052887716992,0.09659578403879923,0.09709120250140836,0.09761553167670455,0.09815179907931783,0.09866833432405679,0.09916078406560482,0.09960917780987152,0.0999976862776327,0.10037403960134564,0.10073954169178066,0.10109440673304285,0.10143872322632924,0.10176319117971155,0.10207633054210288,0.10237887276564614,0.10267103131965714,0.10295323690228582,0.1032185809303089,0.10347377742578227,0.1037196361841185,0.10395619041471206,0.10418352058157376,0.10439649763422021,0.10459992212348078,0.10479426306981829,0.10496528043344167,0.1051192060659759,0.10526121315375138,0.10539536669742831,0.10552239010394705,0.10564282224552353,0.10575676656139271,0.10586151237444069,0.1059600640444597,0.10605274997453669,0.10613977164280092,0.10622127621432881
COD,Eighth,1.1279176278721472,1.178476425458645,1.2316221094605475,1.2882853346720071,1.3494106702283941,1.4156164810525127,1.4807215721601592,1.551303078096783,1.627978159181884,1.7114842507992827,1.802536745018665,1.8949296889365455,1.9961484668559635,2.1069093054066794,2.227835357028997,2.360191407975477,2.495541181024003,2.643065477954802,2.8038704337109146,2.978981290342181,3.1693716594350305,3.363480389986968,3.572754071882464,3.7981064746252806,4.0405039494714154,4.30041690705147,4.563229697309649,4.843260215965045,5.143084923897518,5.466099378077526,5.811447380320139,6.161858811388316,6.532630143536117,6.924973948235353,7.339741416508406,7.777651153994132,8.217384041103346,8.679172278891373,9.164722502698266,9.674949662006176,10.211868008172143,10.74660221127637,11.30382211315907,11.885752318472212,12.493392310602685,13.130191540605415,13.76514425684103,14.424379616274988,15.108981186144495,15.821293323537198,16.562446652969765,17.29780529060108,18.05923620080045,18.84719498649031,19.663306423778078,20.5087721729523,21.344289734346024,22.20448131328642,23.08940124301291,24.00020951809506,24.93977609344953,25.866236136556115,26.81813552418784,27.79724096890238,28.804385455626857,29.84087681329818,30.860147406817333,31.90172830268259,32.96611029711769,34.05252580455392,35.16091283925813,36.242354383432456,37.34290935906012,38.46722240328201,39.620493624486464,40.801746897700795,41.95599414908993,43.12986856914254,44.3230725913335,45.535399741601374,46.765310933715526,0.10312214384467419,0.10362091414954497,0.10411721564782266,0.10462731383647354,0.10515567289729887,0.10570318369544711,0.10621938254812437,0.10674281588304328,0.10728487715856778,0.10784536221608189,0.10842324417364545,0.10910696601293812,0.10985630573365854,0.11065647949547763,0.11146845106942813,0.11229090091936907,0.11308402382908846,0.11387423851090109,0.11466783388884577,0.11546157484793973,0.11622184664934328,0.11684966046034911,0.11746698466155285,0.11807934050524214,0.11868465841667863,0.11925752763569676,0.11969829513811904,0.12012687064853668,0.12061035485703679,0.12121129959257729,0.12179271609841759,0.12233580041367753,0.12285405299714497,0.12334954541933976,0.12382139638813222,0.12426878618391136,0.1246796062022571,0.1250649669860404,0.12542671748582016,0.1257644928301103,0.1260783098523469,0.12630238236381192,0.12648601824825217,0.1266566196007426,0.12681427502775794,0.12698474482446284,0.12715741473751122,0.12732076902658995,0.12746166979207538,0.12757921188363944,0.1276687938290816,0.12773128780234672,0.12777994606415033,0.12781527155041478,0.1278373810574448,0.12784637525668763,0.1278432338318877,0.1278279618174622,0.12780083493213296,0.12776199143770467,0.12771147241028852,0.1276516872660275,0.12758121139961928,0.12750004346591792,0.1274082722229478,0.12730595977083944,0.12719659617328571,0.1270778896169773,0.12694984156723785,0.12682159587474878,0.12669243844626857,0.1265619326592409,0.1264269204661407,0.12628719824780876,0.1261425662372807,0.12599332811148514,0.12584436681741074,0.12569204962771097,0.12553642381952757,0.12537766499693284,0.12521604193751482
COD,Ninth,1.4481836266875705,1.513417588359599,1.5820815005800546,1.6552530473098193,1.7340857114162715,1.8193638114383524,1.9031801186887525,1.994049071977031,2.092693551983303,2.200061011068185,2.31702111241563,2.4343886572748,2.5623107840059682,2.7017162855162375,2.8537232387964266,3.0198521668127323,3.1892919935200923,3.3737858109612944,3.574529232225027,3.7927357177633154,4.030157754643025,4.273765051725079,4.5362499897255235,4.818551093193229,5.121821475093988,5.44736313967196,5.779611399645437,6.133682644230674,6.509904956077056,6.908632818606666,7.333923546278149,7.763981778352161,8.21811547983174,8.69753143805306,9.203153602478606,9.73574683181366,10.26856922740145,10.826788299624122,11.412097948990963,12.025452989972433,12.66904279410508,13.31805396690716,13.998306908100153,14.70788507828769,15.447957279691986,16.214928615603085,16.969569505293894,17.746860439420118,18.552084018610632,19.388740266316205,20.262140085720368,21.13208338186845,22.030921137744812,22.958810028041697,23.917473965870396,24.908141372470737,25.883130068905952,26.884431152190743,27.91176643270036,28.966302047978086,30.051161979389903,31.11588162909714,32.20669835089386,33.32518403600452,34.47211066800633,35.64876094524521,36.79958792445938,37.97182765162732,39.165634515169664,40.39178969659368,41.647484904074744,42.86844414934343,44.10907072711379,45.374345027748525,46.66995000301269,47.99477211064412,49.28472654966072,50.59444815076706,51.92340064232204,53.27130490725428,54.636411569844576,0.1570856818609975,0.15743431140020708,0.15777627689634496,0.15812139125189079,0.15847205849882304,0.15882811432105237,0.1591572938505656,0.15948520188074852,0.15981719190348348,0.16015226923781645,0.16048887612765086,0.16086308734333582,0.1612547131779487,0.16165257483850912,0.16203664578694196,0.16240437182941284,0.16273659593056644,0.16304574511424824,0.1633320690412772,0.16359242033631308,0.1638175535630578,0.16398863411566705,0.1641369805729735,0.16426244925283168,0.16436347477468968,0.16443791736787478,0.16448601295869342,0.16451776062422943,0.16452817384057924,0.1645002487685254,0.1644374156174269,0.16434220876443692,0.16421440461907405,0.16405333706250141,0.16385904967041248,0.1636317509406774,0.16337937637263036,0.16309769638684501,0.1627856555967826,0.16244358402856185,0.16207145641053916,0.16176112745375534,0.16147016026031408,0.1611653983805394,0.1608471161810588,0.16046295836496757,0.1600210491222903,0.15953230271500438,0.15902589040471313,0.1585082560758807,0.1580066340533566,0.15754730932947308,0.15707650297683962,0.1565928625546081,0.1560963757884148,0.15558714947988378,0.1550797898277334,0.15456313150741013,0.1540363601357331,0.15349949512196337,0.15295208551391865,0.15240839222972916,0.1518567647018605,0.1512957641229897,0.15072555895404702,0.15014619540795024,0.14957154587016824,0.1489908062522218,0.14840309952215772,0.147858187850709,0.1473423222944471,0.1468405468102661,0.14634129596016568,0.1458430601061376,0.14534470220339468,0.14484663350717583,0.1443622317881475,0.14388021273928975,0.1434000430154511,0.1429217598608939,0.14244565189923863
COD,Tenth,3.0318676956622457,3.170047102367645,3.315955629845969,3.4712599526022276,3.638074968256396,3.817994168172663,3.9946088514711415,4.186094793118058,4.3936179847486905,4.61916543008075,4.864190082829528,5.103594394877467,5.361236401025336,5.639145460877701,5.941273193960045,6.27031194648864,6.603755104639722,6.965982186764648,7.358430028290075,7.783176757421741,8.2463248474487,8.729236846496173,9.24887203657573,9.806091486088008,10.4029134187269,11.045371981142921,11.715965753368872,12.430880431465418,13.176792957957726,13.935804663357798,14.740779328240853,15.548023299269444,16.3964320719311,17.28700978976806,18.221026130472644,19.19948835312615,20.169514276923156,21.18009052661212,22.232646760551553,23.328366101384358,24.470202848677584,25.65942049981921,26.924098831224747,28.239633768740365,29.608014075373593,30.987639013027714,32.29999463986271,33.624548481942014,34.98895910140708,36.402588331386355,37.89227985114361,39.39187659383764,40.933332901646395,42.5154137098581,44.140346376673385,45.80957060799561,47.43577565202591,49.0961326890275,50.78892883273145,52.51548608209928,54.28018504499671,55.99189320758823,57.73343824616441,59.50557575537191,61.30903047234424,63.1451881722242,64.91624501675821,66.70633520640835,68.5143176366734,70.40522384012247,72.36298177602538,74.25082498567913,76.16269421724972,78.10502518846461,80.0856345476517,82.10304068169604,84.0501289316828,86.01973898793577,88.0104383368672,90.02180025717853,92.0513520057621,0.5470239458908616,0.5439785844378263,0.5409225469441402,0.537759067426877,0.5344569502439395,0.5310063204372469,0.5277228803590048,0.5243586604692447,0.520842315336649,0.5171697016325997,0.5133416857082767,0.5088240907178705,0.5038205115441489,0.4984028701865769,0.4928041197206629,0.4870209468878009,0.48133425339682023,0.47554280494700635,0.46959393630987134,0.46349891693426465,0.4574944239498135,0.45236058548977354,0.44718813715940003,0.44192997021511765,0.4365955657289055,0.43138963940804165,0.42719377609248993,0.4230102183462016,0.4182425498219272,0.41226782810136614,0.40626438404494936,0.40043933371494933,0.39464533256849094,0.388859621450231,0.3830888469941381,0.3773402447624995,0.3717913607354337,0.36629216661276254,0.3608188265833183,0.35537503626964506,0.34995792670276027,0.3456686939110715,0.3418274296404439,0.3380166961126833,0.3342367702972608,0.32997145191279575,0.325382679242726,0.3206006031131171,0.315899846641381,0.31132296730248865,0.30706542764433814,0.3033000843459728,0.29958029562549154,0.2958937252408388,0.2922381811340482,0.28861269181198124,0.28511888865384016,0.28166857378130516,0.2782544981240757,0.27487476198565,0.2715246326230142,0.2682900368289357,0.26509276944609655,0.2619232602227153,0.2587812748110604,0.25566589745040186,0.25265147809650784,0.24967415516216648,0.24672816757100674,0.2440411836590089,0.24153707890181753,0.23914641670624778,0.2368074682172494,0.23451106528867932,0.23225018916573448,0.23002545999448898,0.22789622585707983,0.2258080615722944,0.22375743650942326,0.22174325226457636,0.2197655761315072
DEU,First,14.458982494736171,14.603467565132744,14.736222795535248,14.860949855404433,14.979326436415544,15.092001122841303,15.204853654627149,15.312432226199242,15.415353891120002,15.513980821281793,15.607580493740008,15.704648062273721,15.798452879005845,15.892096436087943,15.981918757674313,16.068644408410037,16.15975965091943,16.24945515050367,16.33756529133476,16.42427977637261,16.510057616429712,16.602520480768977,16.69525143664478,16.787359461762545,16.87896269466894,16.970078611961956,17.0692583885966,17.169651497333174,17.27099145217513,17.373905780782405,17.47871023936835,17.591728090168996,17.706557732090836,17.823168950047947,17.941519882628217,18.06148376126135,18.18870769877886,18.318077686249197,18.450416626908982,18.585652085551907,18.724225147163363,18.870234533896095,19.018917753154344,19.171264666484788,19.327223537296035,19.486839165213834,19.654010834232917,19.824003310533335,19.99838648427749,20.17764960866412,20.362094986919367,20.557766479477202,20.75747219208555,20.962319027509874,21.172423476129072,21.387834234904386,21.615953003107496,21.848040562331505,22.085496592688386,22.328376116484577,22.57693463280078,22.838278352405275,23.10441841347377,23.37735376326491,23.656975335419485,23.943283208767458,24.242449597306017,24.546259485521155,24.85691640018042,25.174245717327608,25.498028285654918,25.835213081082024,26.177445665579103,26.527842743702173,26.887037126874368,27.254634624941502,27.639254130453747,28.03017874311418,28.429479005165142,28.8369574790113,29.252242107416404,0.0459829435042608,0.045799358147447414,0.04561514750550407,0.045435355489189366,0.04526036964900908,0.045090517595542605,0.044926002069181036,0.04476620626445853,0.044612168916207416,0.04446387803194368,0.04432135690351288,0.04418449035237277,0.044052450400512706,0.043931695447918306,0.043813827500173305,0.043698774519222064,0.0435866525025481,0.043478517835165424,0.043373230181087415,0.04327067458520012,0.04317079701116407,0.0430738443009433,0.042981579785821115,0.04289195120508722,0.04280478135449831,0.04272005562781801,0.0426379938415379,0.042559840455647605,0.04248407308849442,0.0424105318477942,0.0423391873102212,0.04227009849293246,0.042203462880875155,0.04213883559102554,0.04207613490720066,0.042015263151421345,0.04195594595767677,0.04189750331866181,0.0418407144249639,0.041785493679541576,0.04173181401121522,0.04167900110220197,0.04162574413610556,0.041573874459651904,0.041523268167636934,0.04147388295015853,0.04142505487578687,0.04137554535850833,0.04132708775319613,0.04127962557415724,0.04123315963190702,0.04118685390971464,0.04113937208875184,0.04109274226924083,0.04104686587740694,0.041001745308171134,0.040956332133313456,0.040909138775948824,0.04086253166853593,0.0408164825711436,0.04077092122109043,0.04072467627360778,0.04067623047397594,0.04062819226731771,0.04058046862790963,0.04053297593370873,0.04048426013900092,0.04043271553416058,0.04038132674466749,0.04033000535565843,0.040278747592033544,0.04022568318981979,0.0401695364715017,0.040113340655476414,0.040057005997963295,0.040000505227224245,0.03994192868741369,0.03988048754299592,0.03981876376485423,0.039756699743967915,0.03969426119088879
DEU,Second,21.00684232343091,21.248570019638333,21.474377928111746,21.688476445197363,21.892958475019192,22.088638307544358,22.284069301326944,22.471384696347467,22.651302667127425,22.8243169572812,22.989382541803227,23.15878812439779,23.322840845411573,23.484898908376028,23.641172978752262,23.79262920253371,23.95026520275748,24.10523293759774,24.257483077844896,24.407317899734057,24.555377379485204,24.71302368811684,24.87035049303226,25.026475374242185,25.181612821858963,25.335833070993907,25.501830145002664,25.669050403113967,25.837350893101203,26.00759268183714,26.180225749108683,26.364843821576162,26.551852733844548,26.741298513959567,26.933175881276938,27.127369001208812,27.33242642319563,27.54071669801967,27.75324071051503,27.969951306605505,28.19144507890649,28.424033208281525,28.660932773902886,28.903237338362985,29.15092328038731,29.404078562464985,29.668826680370984,29.938347553359424,30.214475019151873,30.49786482915016,30.788930616330283,31.09705117785771,31.411793613037954,31.734358328789813,32.064927203094705,32.403582927239476,32.761861723189824,33.126988789406795,33.50048592299487,33.88244524858062,34.27322179536102,34.68389446206101,35.10279992013886,35.5321841527918,35.971942449825946,36.42210979833452,36.89256195472223,37.37145863448723,37.86124278330197,38.36172401432839,38.87264366145451,39.40520317440194,39.9471223998944,40.50199193623766,41.070671260275546,41.65269253982512,42.26203805830258,42.88275624441319,43.51714413138952,44.16499410456859,44.82586684503325,0.06298482930750286,0.06281036563522795,0.06263499895826417,0.06246353670242439,0.0622963739293264,0.062133844567903114,0.0619761664965396,0.06182277069347911,0.06167467749196659,0.0615318991190203,0.061394480280878835,0.06126233425287143,0.06113468041717924,0.061017790797112996,0.06090356378759275,0.06079193468724211,0.06068302900480793,0.06057788191267588,0.060475395334829304,0.0603754659748322,0.06027804680758636,0.06018338886337959,0.06009322347828989,0.060005555358150206,0.059920216832311676,0.05983719902026195,0.059756724953344824,0.05968002324315151,0.05960560507049697,0.0595333199580095,0.05946314216560593,0.05939513631235681,0.05932950076716929,0.05926580024963631,0.05920396007344568,0.05914388555445565,0.05908531012052012,0.059027564849870914,0.05897141970589275,0.05891679565161049,0.05886366495627439,0.05881136430960594,0.058758596322031315,0.05870717530066762,0.05865698133337669,0.058607973076396605,0.05855949320372384,0.05851031234445348,0.05846215252142807,0.058414957820077294,0.058368733353578076,0.05832264619539778,0.05827536539481476,0.05822891118532762,0.05818318601292413,0.05813819273130431,0.05809288751037197,0.058045782902955034,0.05799924215630697,0.05795323688624051,0.05790769701606852,0.05786145141933995,0.057812982768472944,0.05776489815039012,0.0577171041058089,0.05766951766136668,0.05762068339341587,0.057568984534056004,0.05751741575843949,0.05746588708678259,0.05741439504065939,0.05736105930154476,0.05730459408084623,0.05724804693428225,0.0571913267636907,0.057134405294105656,0.05707535823504401,0.05701338490566312,0.05695108576042565,0.0568884042789417,0.05682530399468315
DEU,Third,23.704806147902023,23.99774186126874,24.273392614542452,24.535837528772277,24.787278650408687,25.028553273935536,25.269304545041244,25.50067335127497,25.72333209817804,25.93780937922093,26.14291023114932,26.352519132377147,26.555725786060997,26.755541144130582,26.948678096285406,27.136197761618433,27.330599576660276,27.52163756129172,27.70938388037979,27.89419137458388,28.076773562252292,28.27011277511368,28.462640913725224,28.65362474845771,28.843329461266926,29.03184824065151,29.233684455363726,29.436546789240477,29.640455842815957,29.84637910643987,30.054825361251776,30.276845200308017,30.50140739305428,30.72862550980499,30.958515016709175,31.19097578651652,31.435877290534254,31.68451110429693,31.93788908246213,32.19598355095625,32.45945905797377,32.73568012178119,33.01707310847969,33.30462220544836,33.59832763254985,33.89830081225299,34.21173844890912,34.53099195204024,34.85785280718931,35.193052886348084,35.53705155482625,35.900831373488295,36.27262107669839,36.65347467757072,37.04361308892172,37.44313555731036,37.86557986405835,38.29648800292655,38.73720219690078,39.18783717794285,39.648798874440565,40.13312007071785,40.62762180294032,41.134385892151016,41.65332562018936,42.18450512875703,42.739683500745166,43.305555022477904,43.88433772266603,44.475851448813245,45.0798289141282,45.70968190723531,46.35148615291338,47.00867836049992,47.68223426287075,48.3716702860095,49.09374267031853,49.830193849558974,50.58309957848897,51.35226672535661,52.137247339043896,0.06973441608044877,0.06958980795529192,0.06944428214140921,0.0693018316562269,0.06916279441726352,0.06902746233395092,0.0688960282484732,0.0687680310893594,0.06864433286929787,0.06852495798898345,0.06840995613626705,0.06829926725443758,0.06819224689984944,0.06809417196332594,0.06799825589854659,0.06790444979168342,0.06781286503291035,0.06772437714172358,0.06763806783995185,0.06755385582273941,0.06747170416979047,0.06739182923422504,0.06731569857226445,0.0672416318858242,0.06716949066907565,0.06709927249703034,0.06703116864610288,0.06696622273868773,0.06690317761836741,0.06684190911840947,0.06678239971125423,0.06672470450271928,0.06666899471809222,0.06661490460251926,0.06656237063759235,0.06651131730163308,0.06646151725474947,0.06641240391094749,0.06636463216621412,0.06631813812411812,0.06627289913031255,0.0662283507611203,0.06618338839499453,0.06613955849495061,0.06609675980818834,0.06605495766453727,0.0660135928373152,0.06597161600532885,0.06593049766549638,0.06589019104185538,0.06585069900635564,0.06581131285734429,0.06577089348857858,0.06573116848171158,0.06569205475563963,0.06565355483745719,0.0656147759162249,0.06557444542332104,0.06553458453637111,0.06549517039266066,0.06545614185737118,0.06541649697224547,0.06537493336827695,0.06533368477713371,0.06529267216990431,0.06525182486571142,0.0652098929541753,0.06516548568123841,0.06512117533798568,0.06507688366066171,0.06503260818973847,0.06498673086703666,0.0649381442085727,0.0648894681255156,0.06484062430876404,0.0647915883955025,0.06474070112175859,0.06468727032976133,0.06463353638234969,0.06457944879474108,0.0645249763051907
DEU,Fourth,27.849880479295646,28.213092020463154,28.556717543246773,28.884874423070794,29.199961170927693,29.50288119068403,29.804961251399074,30.095816419233635,30.376115481174967,30.646452342750532,30.905425968262787,31.169322063560635,31.42536687577794,31.676362597634984,31.91939686924103,32.15567290346411,32.399950633845954,32.63993799731355,32.875840297900275,33.10808394972189,33.337494358458855,33.579490839401295,33.820107997072824,34.05874305523719,34.2957324381734,34.53120568778081,34.78236959026985,35.03440647225296,35.287506848504584,35.54278410753995,35.800831684054444,36.07487317265879,36.35175682239702,36.63167413404431,36.914672404400555,37.20067046301364,37.5014807294181,37.80676081594155,38.11757750966463,38.43392795520067,38.75657378901747,39.094398200647504,39.43859210641926,39.790077317310406,40.14888255658718,40.515153958235665,40.89763323462902,41.28738495786125,41.686224326095676,42.09498863216623,42.51420409089736,42.957158373607555,43.410042101052895,43.87380736607881,44.34872520263196,44.83492033703015,45.34880330868245,45.87335436761718,46.40979524012362,46.95826819674563,47.51924874782496,48.10855055787239,48.71067489402723,49.32762172186281,49.95932364691312,50.6058789027223,51.28170198427993,51.97124073707928,52.67657173776247,53.39752357434357,54.13381694200275,54.901953851205526,55.68550964965864,56.48789513659483,57.31023473862094,58.15202208115528,59.033909864974376,59.934217323482166,60.85487898224555,61.7957186397376,62.75627035677242,0.07987663329150563,0.07975536174007558,0.07963316990295727,0.07951341367990251,0.07939638726364856,0.0792823479639898,0.07917146906973258,0.0790633715648389,0.07895879403703003,0.07885776797969403,0.07876034728203453,0.07866649219894956,0.0785756651806007,0.0784923583410625,0.07841081924028315,0.07833101162042393,0.07825303396118045,0.078177635947042,0.07810404143480791,0.07803218372454422,0.0779620372543107,0.0778937886926763,0.07782869679831952,0.07776533041908297,0.07770357493100018,0.077643429956211,0.07758506282761868,0.07752937119897987,0.07747528227345832,0.07742269013549748,0.07737158198955194,0.07732200857501564,0.07727411917862019,0.07722760112358681,0.0771824017088054,0.07713845692428929,0.0770955739715182,0.07705326535146949,0.0770120963391152,0.07697201227730321,0.07693299574923183,0.07689456160650619,0.07685575490157935,0.07681791332790083,0.07678094782062209,0.07674483151865681,0.07670907997902279,0.07667278853678826,0.07663722589736205,0.07660235471435037,0.07656817751670351,0.07653407929771208,0.07649907708814327,0.07646466468463087,0.07643077045902515,0.07639739839377806,0.07636377385031876,0.07632879161103776,0.07629420670881781,0.07625999745351113,0.0762261129922185,0.07619168289248178,0.0761555733693319,0.076119725687434,0.07608407210634473,0.0760485502084661,0.07601207243670863,0.0759734290864474,0.07593485590964873,0.07589628422221309,0.07585771346221853,0.07581773354813605,0.0757753747585675,0.07573292306426173,0.07569030717896116,0.07564750768998772,0.07560307451526051,0.07555640145649585,0.07550944250369637,0.07546215449416976,0.07541450883687306
DEU,Fifth,30.993449999649002,31.416582485478298,31.818618603951307,32.203502342831364,32.57374504888803,32.93026997873255,33.28567390870635,33.62841465385715,33.95910544957846,34.278376652767946,34.58465655588875,34.89606917263716,35.198430048458555,35.49410336308649,35.7808003945837,36.05982892076255,36.347695230450384,36.63046719610017,36.90849448995902,37.18226218682498,37.45267783723001,37.737058765304646,38.01948103876209,38.29953178863116,38.57760681853105,38.85386472187919,39.14762341727666,39.442018403050085,39.737438698947166,40.03511469159163,40.33570624886657,40.65415054513193,40.97561311372319,41.30036678142392,41.628487092013444,41.95991357514074,42.30800941493056,42.66116875917354,43.0204622474368,43.385910422637416,43.758350005905214,44.14790408548035,44.544857229767594,44.949984474235016,45.36334492558337,45.78511476728656,46.22530548412108,46.67402674072222,47.133015702993866,47.603191675766986,48.08513463507753,48.59402388583881,49.11450363024899,49.64733186118434,50.192824707098794,50.75112776328009,51.34101830380386,51.94352602668179,52.55963103648645,53.18950319156017,53.83367552412703,54.510270591231205,55.20203831208071,55.91074107645314,56.63633573431612,57.378957112956044,58.15526187487535,58.94801805259809,59.7589832512804,60.58800652611814,61.43480172649145,62.318508706329105,63.22079894911858,64.14483007649842,65.09185801424366,66.06136509643196,67.07732515594132,68.11537106425229,69.17712436113173,70.26243550122241,71.37083816012517,0.08741006877218324,0.08732098947408859,0.08723107851997533,0.087142809201073,0.08705640949501488,0.08697207777163721,0.08688995538131994,0.08680977078127336,0.08673208396808166,0.08665692998846762,0.08658435949935205,0.08651435311028907,0.08644652043794884,0.08638423205972601,0.08632319651197731,0.08626339336443226,0.08620489878424036,0.08614828246549258,0.08609296496255765,0.08603890115287575,0.0859860741539838,0.08593463092335284,0.08588552336732294,0.08583767779739433,0.08579100939545672,0.08574552311502757,0.08570134658056915,0.08565916364864383,0.08561816583102272,0.08557827437135858,0.08553948421848326,0.08550183302033268,0.08546543809041648,0.08543006429311155,0.08539567280715969,0.0853622174901457,0.08532955230697213,0.08529730541429158,0.0852659121620347,0.0852353302602313,0.08520554788534153,0.08517619489192685,0.08514654343013459,0.08511761554861741,0.08508934300959865,0.08506170860091922,0.08503434042143272,0.08500654638701843,0.08497929829444699,0.08495256723234712,0.08492635803385899,0.0849001984580214,0.08487333240490785,0.08484690835612653,0.08482087069737315,0.08479522396774654,0.08476937229614533,0.0847424656391941,0.08471585232755784,0.08468951759148016,0.08466342141171115,0.08463689320091729,0.08460906046321623,0.08458141677587933,0.08455391033925115,0.08452649361298058,0.08449832632258836,0.08446847360849218,0.08443866012433877,0.08440883499619856,0.08437899596074777,0.08434805171684014,0.08431525031969764,0.08428235914224148,0.08424932488327057,0.08421612995395998,0.08418165080040337,0.08414541269677386,0.08410893190096283,0.08407217515497545,0.08403511956281225
DEU,Sixth,35.647670576070794,36.155534054904194,36.639973806493984,37.10478676411448,37.552660289158105,37.98456435809845,38.414978115152756,38.83064928887263,39.23213898688534,39.6201379016878,39.99283748382592,40.371053171875545,40.73851728849694,41.09710022345868,41.44525065812303,41.784425201366076,42.13369533658352,42.47674661186776,42.81411776984476,43.14637897418559,43.47455939608048,43.8187600668037,44.16023523558301,44.49880351717146,44.83494838712293,45.168870118089984,45.52297830205529,45.87744420234653,46.23290940681698,46.59077021081317,46.95177832689711,47.333383770446034,47.7182995685579,48.10690728424996,48.49932515362825,48.895522005279716,49.311115130678054,49.73263973926707,50.16118306527601,50.59680278350838,51.040441852399084,51.504011365429896,51.976444607890116,52.458349438291336,52.949829397154765,53.45109991428236,53.97400934718061,54.507243430631796,55.05246736522679,55.61071374989019,56.18263631250325,56.78614405013648,57.40360103133033,58.03553536104265,58.682326522839475,59.344149059842074,60.04319006707172,60.757604599612115,61.48808805309186,62.23484785147449,62.9984974598497,63.8004729427945,64.62093285667241,65.46136888209924,66.32177144494656,67.20232393242101,68.1228910032205,69.0637554835609,70.02630307923927,71.01040648546623,72.01577382356632,73.06530495363504,74.13786369943817,75.23633012588016,76.36213611432407,77.51475360721496,78.72289721425959,79.95828548922994,81.22216944045275,82.51443576264003,83.83461694972637,0.09834944474046245,0.09829680494888807,0.09824346911215347,0.0981909084811066,0.09813927240515426,0.09808869409020804,0.0980392708539327,0.09799085583343134,0.0979437992986736,0.09789813761787194,0.09785391848349093,0.0978111418086528,0.09776958299556422,0.09773132454388139,0.09769374820559187,0.09765684586984986,0.09762067092477285,0.0975855826038823,0.09755122749293076,0.09751758298075155,0.09748464510765853,0.09745250734890527,0.09742177457937526,0.09739177794270698,0.09736247131215721,0.09733385881929063,0.0973060267672295,0.09727941059749848,0.09725350369730966,0.09722826166413986,0.09720368109804693,0.09717979232174363,0.09715667049341677,0.09713416948286517,0.0971122679267382,0.0970909377216332,0.09707008722877315,0.0970494828599929,0.09702940094957423,0.09700981779605956,0.09699072801678991,0.09697189485595147,0.09695285159129344,0.09693425430852885,0.09691606193583738,0.09689826264452363,0.09688062061774748,0.0968626861063476,0.09684508974509663,0.09682781127838412,0.09681085513009306,0.0967939176966397,0.09677650773371914,0.09675936928836416,0.09674246739581302,0.09672580535290644,0.09670899617565644,0.09669148692516312,0.09667415297878805,0.09665698649098836,0.09663996197696793,0.09662264102674857,0.09660445281561876,0.0965863717410118,0.09656836565427937,0.09655040301856577,0.09653193287911405,0.09651233959012803,0.09649275417517635,0.09647314294083141,0.096453504589246,0.09643312056815607,0.09641149147627782,0.09638978141894382,0.09636795532746532,0.09634600195654894,0.09632317508970971,0.09629915869300489,0.0962749547795247,0.09625054192852145,0.09622590310106138
DEU,Seventh,39.352575123422824,39.93728503361987,40.497065645420115,41.035313206453836,41.554803449680264,42.056502994542534,42.556377621667224,43.03981160306242,43.507247334416036,43.95940326759571,44.394258358242084,44.83480031064892,45.26310256193447,45.68023509342701,46.085724047508016,46.48114076439172,46.88764496354691,47.28689560139302,47.679647630991106,48.066541229313415,48.44869886736489,48.84850757042248,49.24476837156576,49.637619443218455,50.027619734820185,50.415004378205886,50.82473088570646,51.23442113079563,51.64502125043226,52.05806733937442,52.47438908650019,52.9135291915998,53.35614112921925,53.80272375843572,54.25343493475276,54.70827459373413,55.18476889031631,55.66793818457075,56.15882792181885,56.657531113311784,57.16507722430681,57.69493289404343,58.23499828686933,58.7856032188672,59.346897115342315,59.919132647689274,60.51576099628545,61.124373319769035,61.746428472979076,62.38305952280322,63.034980857057924,63.7224820864323,64.42612068934883,65.14606130140831,65.88274572295072,66.63637476904087,67.43212590106786,68.24585612744647,69.07781471422552,69.928242704679,70.79782920539633,71.71094354845292,72.64569457658423,73.60310010284543,74.58318979861433,75.5862010240437,76.63489111816143,77.70760604332546,78.8051161616184,79.92732952770335,81.07395816081656,82.27133170936463,83.49607208470219,84.75049271166996,86.03618944241802,87.35263829661189,88.73287125839104,90.14536387765848,91.59075978314065,93.0689938429874,94.5796175443056,0.1068975116011508,0.10689388109637875,0.10688981632382911,0.10688544015359358,0.10688078646346154,0.10687589634613119,0.10687080460905818,0.10686552266367631,0.10686011379331302,0.1068546100202804,0.1068490440961131,0.10684344236739074,0.1068377983140801,0.10683242843453024,0.10682699392461324,0.10682150484230869,0.1068159784711148,0.10681048219716618,0.10680497242501254,0.10679945590987516,0.10679393920392623,0.10678844838500598,0.10678309689594756,0.10677778128388934,0.1067724991282254,0.10676725954591408,0.10676208380225469,0.10675706344938012,0.10675210974364475,0.10674721954788281,0.10674239923479288,0.10673765828966837,0.10673301837401,0.10672845379268378,0.10672396532537946,0.10671955081391991,0.10671519512148954,0.10671085020240939,0.10670657832244519,0.10670237733392418,0.10669824788026039,0.10669414242982174,0.10668995833073923,0.10668584076385094,0.10668178319977624,0.10667778457821216,0.10667379344690735,0.1066697089898901,0.10666567335733312,0.10666168428204931,0.10665774498012452,0.10665378481322682,0.10664968918879697,0.10664563128550117,0.10664160455622716,0.10663761196848821,0.10663356027189916,0.10662931411042828,0.10662508581188973,0.10662087317052026,0.10661667175500016,0.10661237189637411,0.10660783043264856,0.10660328899511062,0.10659873961056374,0.10659417480091996,0.10658945394679148,0.10658441622901345,0.10657934975048107,0.10657424513670902,0.10656910367787566,0.10656373488300087,0.10655800208108826,0.10655221078950539,0.10654635210251562,0.10654042153404833,0.10653421601281084,0.10652764321929781,0.10652097529205495,0.10651420519285706,0.10650732632899826
DEU,Eighth,46.26243637347332,46.981649294446,47.67287958568741,48.33902261971635,48.98305304111904,49.605962287102365,50.22650226751966,50.827515366967056,51.409296433526,51.972631364985574,52.51513444660843,53.063786364949536,53.597577408145895,54.116446618432484,54.62149505236451,55.11450321273145,55.62047819840472,56.11741123156927,56.60640086162718,57.08821509399271,57.56414982102721,58.060799421642166,58.552567835893356,59.04007370462952,59.524012625850766,60.00468602016328,60.51172390761796,61.01814960031166,61.52538643124349,62.035214116000155,62.548600640171976,63.08892339002628,63.6330867675479,64.18178449382177,64.73524451291354,65.29352387574438,65.87760811702108,66.46971895606445,67.07086221735283,67.68119545309813,68.30190174709675,68.94923374095002,69.60914117413837,70.28155571733049,70.96670411861857,71.66490644602636,72.39248919907881,73.13497555989049,73.89355280503476,74.66952243482568,75.46370652442258,76.30066205149151,77.15758369703806,78.03410894456728,78.93078281606752,79.84785180598683,80.81584394725542,81.80635307126806,82.81897198299964,83.85400279992882,84.91225948785464,86.0233354206745,87.1615175585623,88.32713723765907,89.52029118733012,90.74130523654394,92.01805693590836,93.3252715861108,94.66281917607223,96.03066711828944,97.42852950764721,98.88878044639002,100.38388234158998,101.91534197015876,103.48502656617474,105.09242177010863,106.77818449273552,108.5048714332172,110.2722297896806,112.08027565447956,113.92859305243543,0.12251566139473861,0.12258027469236156,0.1226448818011295,0.12270771696857975,0.12276865880198122,0.12282760737940711,0.12288450992731924,0.12293959284522854,0.12299251578554694,0.12304329884075825,0.1230919522416142,0.12313853035053147,0.12318333066814421,0.123224184544628,0.12326395190681985,0.123302664775114,0.1233402897437486,0.12337648147093856,0.12341162953709926,0.12344577896109847,0.12347895316523426,0.12351107692527848,0.123541574813197,0.12357113307168582,0.12359981450862834,0.12362762958942183,0.12365451154695818,0.1236800590796411,0.12370477647113555,0.12372871850836595,0.12375190022017145,0.12377430664842125,0.12379587634012171,0.12381675845097188,0.12383698167559366,0.12385658137085748,0.12387564742668483,0.12389440137950496,0.12391259453870303,0.12393025706328864,0.12394739889560413,0.12396423836282369,0.12398119287748252,0.12399767991323787,0.12401374085317908,0.12402939121797778,0.12404484235949446,0.12406048519728323,0.12407577392845004,0.12409072597519828,0.12410534325835697,0.12411988944150204,0.1241347831341285,0.12414938811104857,0.12416373637148115,0.12417782797426483,0.12419199111279303,0.12420668759536395,0.12422117973149033,0.1242354768658618,0.12424960153583174,0.12426391676580423,0.1242788902403576,0.12429371397568721,0.12430841766353933,0.12432302720584351,0.12433798877394471,0.12435379257031023,0.12436952070003575,0.12438520164519229,0.12440083512379753,0.12441699061082279,0.1244340523755815,0.12445109619067285,0.12446814793128867,0.12448521581381505,0.12450287472883123,0.12452135756653923,0.1245398843553384,0.12455847102958686,0.12457712818125759
DEU,Ninth,51.68466558546915,52.53305278181804,53.35198512796102,54.14325585742676,54.90987112016181,55.652737062835364,56.39275454048962,57.110768892642206,57.80675342074926,58.48149242386904,59.13224962519151,59.78921429392947,60.428952730318734,61.04945861280095,61.65433230838257,62.245506473802386,62.851127166730876,63.44597159891138,64.03157459165847,64.60880780704963,65.1791001466,65.77251298570047,66.35947126462897,66.94131332699013,67.51886385752776,68.09247024313042,68.69565570056365,69.29733992976055,69.89959145432184,70.50440951920798,71.11287197678159,71.75160764927213,72.39429518924763,73.04186337956038,73.69460957726966,74.35265129597725,75.03998506315479,75.73655746836035,76.44318953386535,77.16010564047014,77.8886206043654,78.64751321478043,79.42132266207074,80.20927881960884,81.01169921648446,81.82896751119729,82.68004083454964,83.54892044654073,84.43619305764076,85.3433163986956,86.27120173281088,87.24830477281125,88.2492086773497,89.27265456152493,90.31930082462152,91.38943550415114,92.51851260212678,93.67477189705636,94.85669379377298,96.06464473567537,97.29956771633985,98.59593732817196,99.92509191839632,101.28612661465874,102.67922817583695,104.10483212753364,105.59573283662702,107.12394249464435,108.68776120718198,110.2872461279391,111.92213484397205,113.63071483070895,115.38218281303016,117.17647837421251,119.01575221660029,120.89953297565866,122.87590411465779,124.90246831153486,126.9774109790894,129.10087178039223,131.27250874013885,0.13451513184924352,0.13468219608171714,0.13485006387189644,0.1350141336453882,0.13517403089735983,0.13532943904628494,0.13548015377193953,0.1356267226909931,0.1357681752935506,0.13590450339387963,0.13603566855124238,0.13616175928705568,0.1362835238792308,0.13639498453238164,0.1365038746550809,0.13661025522459314,0.1367140099972558,0.13681415542899208,0.13691173904050594,0.13700686052528407,0.13709956658754469,0.13718962015945368,0.1372753766419984,0.13735873732024037,0.13743986188559582,0.1375187597751877,0.13759522128924243,0.1376680817059048,0.13773875627249155,0.13780739046219018,0.13787400756700888,0.1379385496573083,0.1380008288640079,0.13806125942984993,0.13811991400095802,0.1381768810078392,0.13823241663200647,0.13828715525513838,0.13834036676675512,0.13839212707731105,0.13844246290284662,0.13849200343346224,0.13854197834987153,0.1385906681803423,0.1386381891329875,0.1386845788042036,0.13873046048868687,0.13877699777152477,0.13882256072398477,0.1388672028967717,0.13891092102073516,0.13895450215478547,0.1389992038724774,0.1390431168381428,0.13908633420729352,0.1391288516980504,0.13917165829416336,0.13921615591037326,0.13926011388404924,0.13930355886109802,0.139346557212906,0.13939021389820436,0.13943596081370252,0.1394813382414888,0.13952643223746225,0.13957132258865118,0.13961738099936905,0.13966613175855916,0.13971475057391033,0.13976332167146108,0.13981184805210792,0.13986210168262317,0.13991529265439107,0.13996854874977027,0.14002195582389407,0.14007553970384395,0.14013111155073155,0.1401894230506027,0.14024802577356196,0.14030697333455935,0.14036629979381882
DEU,Tenth,78.68794752358174,80.12966723043549,81.53334382388202,82.89668248638972,84.22299853129317,85.51296434297039,86.7982514198866,88.04976498139149,89.26629045214565,90.44868960291645,91.59266279666934,92.74401341132236,93.8673095507995,94.95284407239261,96.01426257020121,97.05422613864297,98.11623268996887,99.15966294340767,100.18790119476593,101.20232457301985,102.2049964764828,103.24296340680432,104.26777390433169,105.28374711539273,106.29231077390136,107.29406720844298,108.34146395211859,109.38384042281801,110.4259732601373,111.47084021961655,112.52004581866204,113.6160266456775,114.71691940210327,115.82467480676569,116.93992951050538,118.06310133791837,119.23263480927035,120.41726977434342,121.61712358410023,122.83274411608828,124.06603780079836,125.34776053143806,126.65531541990778,127.9850724162407,129.33776045715624,130.71406783231254,132.1454446489571,133.60821438556744,135.1005195911444,136.62449787902872,138.18147091353254,139.81837982492235,141.4968992289188,143.2120644804779,144.9650340897873,146.7563011493267,148.64463499781192,150.58174630213648,152.5614873989995,154.58451747913168,156.65234550788045,158.82243697580364,161.05150902308122,163.3334950107965,165.6689947880989,168.05892736459637,170.5591583838488,173.12821240135588,175.75781367095118,178.44843273059752,181.19992952219644,184.07820168519285,187.03636910252914,190.06777617882906,193.17580119982625,196.36020397439336,199.70388536157841,203.1405172017845,206.66170388684193,210.26815373357675,213.95989566694894,0.19173335945850342,0.1922709602285229,0.19281309186288131,0.19334485402251567,0.1938649166777807,0.19437211290494502,0.1948656395725039,0.19534715557326135,0.19581333854633226,0.1962640170191007,0.19669891652549407,0.19711818901744887,0.1975242008068897,0.19789682933543298,0.19826176836932102,0.19861916530513038,0.1989685715774208,0.1993066029969215,0.19963673175121732,0.199959240362799,0.20027423653880105,0.20058086516677953,0.20087345506746382,0.20115842371593842,0.2014362799830507,0.20170701205383681,0.20196985974514184,0.2022207638824649,0.20246454993357862,0.20270168438635197,0.20293221648486345,0.20315591217950157,0.20337209029327036,0.20358215298374968,0.2037863309371267,0.2039849086638053,0.20417875397960922,0.2043700674577131,0.20455628462430175,0.20473765073661176,0.20491424057212335,0.20508824824657956,0.205263991665768,0.2054354197022516,0.20560292473879713,0.2057666289444143,0.2059287217698825,0.206093313302857,0.20625464011320582,0.20641287918480924,0.20656800806828704,0.2067228151756559,0.2068817756056817,0.207038099499906,0.20719210966681623,0.2073437877678329,0.2074966524391136,0.20765573110621452,0.20781305019619287,0.20796869971649554,0.20812291302083438,0.20827965565427653,0.2084440852543985,0.20860736938854682,0.2087698174849366,0.208931710103786,0.2090980081548918,0.20927423140759457,0.20945019092531655,0.20962619328429194,0.20980224831157515,0.20998479363201963,0.2101782615734757,0.21037222492933005,0.21056699968218656,0.21076268443096377,0.21096590925803643,0.21117946053886524,0.21139439948723107,0.21161092604767942,0.211829172704416
FRA,First,15.041190341531992,15.214344272192037,15.378343584947809,15.540797476254447,15.704002888533626,15.86847400428879,16.030228408082227,16.18931620760957,16.349435105651633,16.51085581521452,16.670901596905384,16.83144596452148,16.990173567895987,17.15373992268795,17.319081832072644,17.487286649961167,17.655810813801658,17.82468665273998,17.997807274978655,18.175394773236906,18.358051276130393,18.54206327441718,18.727073065594524,18.916578010746186,19.110724698876446,19.30937806916038,19.509671430091426,19.71099543573943,19.918360098051128,20.132888894809575,20.354956271222402,20.578500646152804,20.803701810115612,21.035311649833112,21.27321040709374,21.517126089600243,21.7611870805237,22.00736181427766,22.260971382111507,22.5218610223835,22.79081858086274,23.060435024158615,23.333128384674797,23.61331457737163,23.900920987053496,24.19603226969604,24.488680566464645,24.782951923475537,25.08488262150959,25.39543722860955,25.715202704550087,26.034370099842295,26.356186286369923,26.685913542996996,27.023829009645254,27.370050160225116,27.71489558711582,28.06187311064951,28.41601298893341,28.777464365805223,29.14677484795261,29.51597494229075,29.88858077351868,30.26970653008284,30.65924690366015,31.057286732898433,31.455042532112603,31.85703237530301,32.26622987207,32.68238445990347,33.10513829558341,33.52554052167118,33.949952090207525,34.38259951053673,34.82484115828759,35.275993622825226,35.72650034580765,36.18129666417492,36.64310947028127,37.11170882989833,37.58652834363094,0.048329007721178666,0.048426531266963516,0.04851073092086226,0.04859595424666645,0.0486835156772394,0.04877390707518824,0.048752286591183455,0.048720498094091916,0.048693701427701776,0.048671946689413714,0.04865529627272719,0.04864377528910785,0.048628027573492494,0.04862314742037981,0.04862219427197098,0.04862508062546161,0.04863176369598723,0.04863474620528354,0.04864145213189455,0.048651803710829125,0.04866576025920339,0.048683222104881296,0.048696924284549255,0.04871407797168517,0.048734568070390144,0.0487583991146183,0.048785353435166635,0.048807167772627856,0.048832156735028685,0.048860219590561235,0.048891145791247696,0.048924777622037466,0.048952855860147124,0.048983805851755054,0.049017597126388125,0.04905417307379343,0.04909305049953324,0.049126223436109,0.049162002157224195,0.04920032733752841,0.049241184317494184,0.04928389668008361,0.049321234488115054,0.0493609414807863,0.04940291410057436,0.0494471430286095,0.049492670449094105,0.0495321848736454,0.04957375556089542,0.0496173389697138,0.049662951257352206,0.049709201927941836,0.04974881576116025,0.049790264202243084,0.049833445095245295,0.049878394351421135,0.04992349942639616,0.04996247861091148,0.05000300050484709,0.050045065090444145,0.05008859259876484,0.0501320914565563,0.0501705119614914,0.05021029883565344,0.050251389551104204,0.05029370175382069,0.05033633297144988,0.05037632976878307,0.05041753383816545,0.050459839244186025,0.05050327294420171,0.05054669299697145,0.05058772272052915,0.050629799446713884,0.05067284020806096,0.05071682610316633,0.050760423621623356,0.05080148602865349,0.05084339252471756,0.05088612227088904,0.05092969132329342
FRA,Second,21.36924215297259,21.622576087739976,21.86504883996233,22.104911046292106,22.34501262466324,22.58600731393552,22.822219878287594,23.055351963388443,23.2891447558324,23.523973516892,23.75620621079196,23.98800529468352,24.218009301792915,24.452983113152925,24.689890546344447,24.930134708029563,25.169997336854003,25.410934722610303,25.657038574618223,25.908641533822212,26.166537556314207,26.425574153016292,26.686706564164602,26.953506501247723,27.2262074619591,27.504678086395998,27.78482026368854,28.067438561524355,28.357798171467124,28.65733228002604,28.96655934431364,29.277084818597192,29.5910662264064,29.913369817073956,30.24387466412691,30.582270971471,30.920309874222774,31.262510194169057,31.61438444372735,31.97576592428135,32.34763958184467,32.71959272369907,33.09695951358645,33.484139176410594,33.88106531177046,34.28784799295002,34.69070013667559,35.09734957545199,35.51406576505946,35.94204267077135,36.3820060803641,36.8204564151911,37.26414049585881,37.718234062714075,38.18309270198979,38.6588554945191,39.13232617803456,39.61037409716368,40.09792606986168,40.59516223060806,41.10276453607677,41.60982991558363,42.12288281219785,42.64708289070505,43.18231102241696,43.728689997363354,44.27413561806962,44.82615537935083,45.387681971323744,45.9584278189715,46.537945425492076,47.11395077393791,47.69617956829481,48.28912783940204,48.894480871696594,49.51141326926096,50.12709257285142,50.74936356634702,51.38085467056488,52.021292709517574,52.669981172133625,0.0652450650029704,0.06532365094273122,0.0653901930407985,0.06545790155347408,0.06552789564707143,0.06560059973178443,0.06558006941421289,0.06555066051594854,0.06552586201692887,0.0655057263794056,0.06549031127078857,0.06547964458518626,0.06546506168696743,0.0654605420664319,0.0654596590325822,0.06546233294954301,0.06546852192067826,0.06547128338677183,0.06547749349669227,0.06548707827307884,0.06549999963445659,0.06551616354516247,0.06552884561300289,0.06554472015211815,0.06556367891648966,0.06558572386492342,0.0656106535040718,0.06563082346636866,0.06565392362943402,0.06567986009728752,0.06570843520876943,0.06573950003179059,0.06576542777028586,0.06579399968636668,0.06582518656333358,0.06585893146928537,0.06589478696125776,0.06592537079143257,0.0659583468295534,0.06599365825973504,0.06603128771757216,0.06607061154576578,0.06610497485288949,0.06614150520106264,0.06618010598149869,0.06622076381356341,0.06626260014102724,0.06629889544069868,0.06633706641086962,0.06637706818264236,0.06641891693836662,0.066461332608513,0.06649764722943846,0.06653562983127369,0.06657518401862583,0.06661634235131872,0.06665762587334202,0.06669328967020116,0.06673035040367468,0.06676880753515999,0.06680858697807808,0.06684832401810442,0.06688340886026313,0.06691972950315798,0.0669572241818205,0.06699582073457716,0.06703469260879492,0.0670711490240934,0.06710869083171007,0.06714722232819423,0.06718676608369127,0.0672262812105707,0.06726360783499431,0.06730187089643444,0.06734099664217451,0.06738096616956978,0.06742056579439483,0.06745784945548322,0.06749588355033706,0.06753465080870091,0.06757416440668688
FRA,Third,23.804391762568958,24.09076489760982,24.366231682500263,24.638505033867723,24.910607318140904,25.183222094846258,25.44999690078642,25.713827531660225,25.977898725237655,26.242612892239325,26.50396792420121,26.76419663192804,27.02293373386644,27.28598519737388,27.550776387746026,27.81882562199955,28.085950719762966,28.354675690650485,28.628652314689223,28.90825453189939,29.194344040465886,29.481217007182448,29.770861617834004,30.06635401559657,30.36796339652881,30.67555457507036,30.9845597118359,31.296956775717018,31.617468850571502,31.947640913569067,32.28805435812263,32.62942918481265,32.97534875282588,33.33004526886073,33.69339314114258,34.06506881435957,34.43594168365311,34.81218050851413,35.19866335943865,35.595217107217756,36.002890873305695,36.41017127979382,36.824157437880466,37.24855321224974,37.68329409157402,38.12849383118426,38.56899556153293,39.01460764582433,39.47091874228891,39.939199134975,40.42021081063916,40.89919052731651,41.38494451334153,41.88177323693563,42.39006228320039,42.90994529914493,43.427066075330664,43.950232211459756,44.48352455639543,45.0271251339536,45.581762860809654,46.13559185242917,46.69683429841885,47.2699411353486,47.854790643840964,48.45151806134113,49.04691090952066,49.64995018715853,50.26309528484434,50.886050113597406,51.51832680762805,52.14654115985801,52.7819801119257,53.42879510888762,54.08878345978281,54.7610705332773,55.43179278641727,56.11016131326053,56.798318341702505,57.495970562548685,58.20237055522292,0.07155185515115384,0.07162446889724813,0.0716869529091358,0.07175016249153242,0.07181507410263661,0.07188205068588513,0.07186571727718714,0.07184177191123499,0.07182157702081331,0.07180517676236345,0.07179262043105965,0.07178393027950396,0.07177204857314094,0.07176836715420581,0.07176764746091983,0.07176982625529875,0.07177486820024545,0.07177711792338465,0.07178217786311689,0.07178998600921128,0.07180051174641039,0.07181367722091284,0.07182400656048547,0.0718369342563906,0.07185237219925306,0.07187031999366351,0.07189061320801367,0.07190703040030352,0.07192582933967423,0.07194693246688154,0.07197017903622546,0.07199544509245608,0.07201652971244869,0.07203976002854305,0.07206511076571141,0.0720925358546754,0.07212166893839268,0.07214651356524569,0.07217329564625403,0.0722019674311898,0.07223251515822555,0.07226442927153558,0.07229231026928838,0.07232194373422486,0.0723532476394533,0.07238621206049924,0.07242012170197237,0.07244953287740594,0.07248045654139074,0.0725128547609833,0.07254673838897469,0.07258107264838567,0.07261046048445766,0.07264119035646051,0.07267318380671026,0.07270646579928615,0.07273983929055314,0.0727686626802977,0.0727986080480296,0.0728296734099977,0.07286179841114512,0.07289388069892837,0.07292219996566798,0.07295150947778795,0.07298175991936717,0.0730128909789397,0.07304423560685877,0.0730736250483664,0.07310388267520306,0.0731349296139931,0.07316678368784005,0.07319860662695828,0.07322865943224069,0.07325945876717699,0.07329094266119672,0.07332309819929908,0.07335494831009125,0.07338492709342306,0.0734155023225642,0.07344665822764403,0.07347840601793855
FRA,Fourth,27.683856342257297,28.02103463987957,28.346733295276646,28.668471502183703,28.9895573714839,29.31074040112342,29.62461530159029,29.935496478739985,30.2461920823663,30.557159208696987,30.863833335621024,31.168544623467458,31.471987757776926,31.77932216074763,32.088320099504024,32.4006775346997,32.71147908681042,33.02449112197739,33.34311605021414,33.667796769474855,33.9995048191391,34.33166824846151,34.66745635623958,35.009619424338226,35.35848389834396,35.713919773331696,36.07060346351265,36.4318245167517,36.80199866108309,37.18284387946899,37.57503332310079,37.96788451897652,38.36666692337121,38.77520148838596,39.1933646026692,39.620815686278405,40.04699211229863,40.48008719175425,40.924589514975665,41.38032288966142,41.8484418827276,42.31562781146046,42.791227935311284,43.27845492306369,43.77725249750244,44.28774712176726,44.7925176451227,45.3040815972619,45.82761877236967,46.36452450639905,46.91562835718716,47.46401366876384,48.02113647703037,48.59066510948406,49.17303146280207,49.76837436356774,50.36031800592165,50.9601775937641,51.57142067234986,52.194242808612195,52.82944491039461,53.46350395092891,54.106852452817165,54.76347039318761,55.43323192107291,56.11629490668882,56.797522526053385,57.487957044101286,58.189724790376665,58.90251412296328,59.625786250102394,60.34423042745398,61.07136907531345,61.81120201044115,62.56570229517606,63.33392015493094,64.1001473293464,64.87555290763207,65.66192010551241,66.45893394496693,67.26577216011846,0.08141363919141408,0.08146818371707953,0.08151452237009503,0.08156156053876674,0.08161005803333861,0.08166029930641684,0.08164662323155761,0.08162691879288904,0.08161029824827196,0.08159679729054743,0.08158646003779853,0.081579304808819,0.08156952130208217,0.08156648923568506,0.08156589642454058,0.08156769025888973,0.08157184307339016,0.08157369513542773,0.08157786177877081,0.0815842907726479,0.08159295735956218,0.08160379511837423,0.08161229799268307,0.08162293787252446,0.08163564288665767,0.08165041117809972,0.08166710588466944,0.08168061016506908,0.08169607125285176,0.08171342403556583,0.08173253599342813,0.08175330371564511,0.08177063043172982,0.08178971700440864,0.08181054224111647,0.08183306501823899,0.08185698494637811,0.08187737908947548,0.08189935843332664,0.0819228827935681,0.08194794024479814,0.08197411072258395,0.08199696832375637,0.0820212559706467,0.08204690588296056,0.08207390890844356,0.08210167755642978,0.0821257566446605,0.08215106556922963,0.08217757526412492,0.08220529204127165,0.08223336853930653,0.08225739400396012,0.08228250928102433,0.08230864992522242,0.08233583571022297,0.08236308791010816,0.08238661812806691,0.08241105736637916,0.08243640479581525,0.08246260892053696,0.08248877164522947,0.08251185854652185,0.08253574687116591,0.08256039478500495,0.0825857533521531,0.08261128021884306,0.0826352072578804,0.08265983485838327,0.0826850971560184,0.08271100968503402,0.08273688923102461,0.08276132226443092,0.08278635616005402,0.08281193942265089,0.08283805991642361,0.08286392453982537,0.08288826416050465,0.0829130801301037,0.08293836176021557,0.08296411469979689
FRA,Fifth,30.526054286035286,30.901731283187896,31.265868619234883,31.625382285583477,31.983767762138154,32.34180719240792,32.691309262602736,33.0379554577133,33.383940974771036,33.729756058562046,34.070421975214316,34.40831567613516,34.7452788430206,35.08540763281123,35.426994614105084,35.771861911212824,36.11454904216311,36.460040227624624,36.81124927715777,37.16867095910332,37.533352033087,37.8980882389906,38.2672221860838,38.64295873828298,39.02566623489727,39.415217379656205,39.80573699467962,40.20184341778237,40.60735269091119,41.02410596295014,41.45284703545525,41.88187470119927,42.31808167985983,42.764591318692965,43.221278292347485,43.68779176582986,44.15253803321971,44.62558447842728,45.11072206880454,45.60776990190637,46.11795327304898,46.626664544320974,47.145272169829454,47.67622698001134,48.21947965605322,48.77516076124357,49.32425124830872,49.88164423409813,50.451777074362454,51.0361255614011,51.63556255268777,52.23168293049024,52.83829542939671,53.45812043489686,54.09162239089216,54.7389360540882,55.382317936446064,56.035291882771745,56.700411579180134,57.37787562414992,58.06853580576975,58.75774689464321,59.457873371150896,60.172130929897456,60.900393390729896,61.642832829235616,62.38298470483361,63.13358788012574,63.89625990942443,64.67068408604047,65.45627850088673,66.23642747517209,67.02643429812211,67.82993014956793,68.64901294059518,69.48268025292641,70.31400249504789,71.1557223741409,72.0091060791452,72.87382012558955,73.7489885870861,0.08851232113692155,0.08855419592925326,0.08859006803569673,0.0886263475708446,0.08866360176780694,0.08870203503302375,0.08869238202923406,0.08867829345061674,0.08866640695912574,0.08865674890347687,0.08864935305700217,0.08864423251935058,0.08863723109252715,0.08863506083931484,0.08863463686035385,0.08863592112370455,0.08863889293574026,0.08864021894618711,0.08864319992835797,0.08864780084432425,0.08865400135111605,0.08866175532168113,0.0886678374075309,0.08867544692958136,0.08868453086417255,0.08869508934477417,0.08870702198637641,0.08871667133844356,0.08872771657512084,0.0887401104316629,0.08875375670918159,0.08876858135501,0.08878094506951198,0.08879456126071279,0.08880941234837172,0.08882546992643958,0.08884251655358755,0.08885704526747829,0.08887269949124939,0.08888944661316175,0.08890727885847009,0.08892589534941403,0.0889421494644415,0.08895941404074988,0.08897764000517525,0.08899681882218889,0.08901653362096233,0.08903362062202147,0.08905157540290198,0.08907037274033731,0.08909001810315537,0.08910990956459083,0.08912692283213686,0.0891447021586364,0.08916319991149392,0.08918242861977298,0.08920169555650391,0.08921832440773521,0.0892355898550336,0.08925348961417229,0.08927198593793344,0.0892904450011488,0.08930672803907291,0.08932356938537396,0.089340940609843,0.0893588038720636,0.08937677908563824,0.08939362117030855,0.08941094899920705,0.08942871678634183,0.08944693382160673,0.0894651207935339,0.08948228345869348,0.08949986034927875,0.08951781612610193,0.08953614175672553,0.08955428020067507,0.0895713416317868,0.08958873002843093,0.0896064377321587,0.08962446769281675
FRA,Sixth,34.80002855703775,35.232753723802,35.65361781567637,36.068940173440616,36.48249458402711,36.8951243893093,37.29746766084313,37.69703474310336,38.095340344061704,38.49293205068021,38.884225810314035,39.271650725223246,39.65852850774801,40.047776671855324,40.43828483610546,40.832061678701415,41.22282843865805,41.6171826473319,42.01751846500608,42.42440771712312,42.83901296502634,43.25318439903732,43.672810382883334,44.099495783566226,44.533672531250936,44.975221593498794,45.417435864666324,45.86666831820675,46.32609320996367,46.79773236080457,47.28243149431648,47.766963837992535,48.26038951495525,48.765063528161484,49.280864539366625,49.807428229351125,50.33160007565193,50.86597571958642,51.41358912810685,51.97425906475272,52.5493155018292,53.122188247173426,53.707018281783675,54.30540538054632,54.917311835563076,55.542880196806784,56.16064873283554,56.788800147958824,57.43096781292437,58.0887526400984,58.763092987332115,59.43328056846592,60.11636725846645,60.81400635366302,61.526710923982606,62.25461712760137,62.977843608463004,63.71296271984209,64.46150002160068,65.22366417600723,66.00038243413377,66.7752370967,67.5632637982073,68.36683982231683,69.18583637683483,70.02045302231804,70.85216266107304,71.69612696473173,72.55339736678263,73.42364734286879,74.30623893420534,75.18250905723569,76.07033033808034,76.9729639207619,77.8926858572787,78.82842209202748,79.7613119746118,80.7063629347607,81.66426192404569,82.63464920253574,83.61657760992892,0.09901303339709737,0.09903026095612788,0.09904430723328717,0.09905869888714519,0.09907369822470244,0.09908940451331054,0.09908377623828768,0.09907595749517349,0.09906935550281673,0.09906398879759769,0.09905987727036594,0.09905702956288778,0.0990531346510145,0.09905192721517261,0.0990516907090403,0.09905240520192066,0.09905405877550612,0.09905479666620369,0.09905645473936343,0.09905901353208045,0.09906246149374638,0.09906677124371605,0.09907014997302561,0.09907437697046406,0.09907942001904477,0.09908527867510084,0.09909189541292299,0.09909724337431444,0.09910336152920446,0.09911022321115484,0.09911777235655879,0.0991259670991777,0.09913279665165041,0.09914031308643162,0.09914850512440251,0.09915735462426237,0.09916674238377336,0.09917473508347491,0.09918334103498375,0.09919253963052733,0.09920232475442595,0.09921253112206863,0.09922143312853982,0.09923087992590274,0.09924084303597333,0.09925131631316013,0.0992620711768581,0.09927138286339404,0.09928115728229082,0.09929138085291109,0.0993020547652136,0.09931284942648613,0.09932207255532978,0.0993317022022082,0.09934171031199632,0.09935210298022776,0.09936250489301617,0.09937147352720563,0.0993807761447578,0.09939041074798119,0.09940035602186816,0.09941027102214048,0.0994190085418372,0.09942803732170338,0.09943733990259852,0.09944689730678476,0.09945650329609222,0.09946549537128022,0.09947473727748089,0.09948420428903745,0.09949390032601474,0.09950356946312498,0.09951268438042077,0.099522010298441,0.09953152645252925,0.09954122865097058,0.09955082078368568,0.09955983361581006,0.09956901027437348,0.09957834451925143,0.09958783907424604
FRA,Seventh,38.062272330403346,38.54032156233419,39.00676438655009,39.4668224821755,39.92445461543973,40.38052892874364,40.824768222126195,41.26653863703674,41.70636157659437,42.14481603213614,42.57585001169659,43.00190583430028,43.427952252001695,43.85517544323725,44.28329538611772,44.71445815579435,45.141752398848496,45.57343766437847,46.01108453462026,46.455321821165896,46.90739558653358,47.35843558905883,47.815947623934136,48.28064289086094,48.753004468230124,49.23291443645083,49.713035491943074,50.201564102443726,50.70065785161488,51.21247181435028,51.73793771075688,52.262672657012466,52.79793627574605,53.344939883965516,53.90356161785238,54.47342661514291,55.04021509043756,55.619006096773305,56.2116728620111,56.81803442060186,57.4394910104505,58.05802175005918,58.690407889597644,59.3370350241729,59.99787557210099,60.67307514172643,61.33938941077307,62.01806189003236,62.71149000151079,63.42136077713969,64.14865135075257,64.87102296991928,65.60857653793813,66.36146839834741,67.13025042029179,67.91504904293755,68.69450733994952,69.48803990738232,70.29573953565017,71.11781487797491,71.95524906153638,72.79042137436046,73.64083790386286,74.5076570926601,75.39074831383799,76.29033204229505,77.18642262321701,78.09628188312179,79.02016632537001,79.95774678336005,80.90833660077583,81.85185763184396,82.80834316442349,83.7804176791802,84.77048980831401,85.77743018384419,86.7810861485073,87.79838623115573,88.82921909598973,89.87320569216872,90.92933993083413,0.10690350485912756,0.1069036798520183,0.10690387587216342,0.10690396696524675,0.10690394402448787,0.10690379781120776,0.10690413431308274,0.10690454502877009,0.10690488354501274,0.10690515293782618,0.10690535511287333,0.10690549375734482,0.1069056805654423,0.10690573830802706,0.10690574937634682,0.10690571499340154,0.10690563641099932,0.10690560080055163,0.10690552149635892,0.10690539776511766,0.10690522878828077,0.10690501379615173,0.10690484309385807,0.1069046271022268,0.1069043645973491,0.10690405374733394,0.10690369452434807,0.1069033983713776,0.10690305282583144,0.10690265631077277,0.10690221013828186,0.1069017141723113,0.10690128996491625,0.10690081327643675,0.10690028117430979,0.10689969168191396,0.10689904916776025,0.10689848881438437,0.10689787127977364,0.10689719543161438,0.10689645746458666,0.10689566802194618,0.10689496183521582,0.10689419504974207,0.10689336673549488,0.1068924746104916,0.10689153522641238,0.10689070212084,0.10688980871118056,0.10688885321004982,0.10688783192264988,0.10688677468407111,0.1068858521317363,0.10688486978550689,0.1068838278099783,0.10688272296725186,0.10688159414242891,0.10688060157904365,0.10687955397383472,0.10687844876001393,0.10687728664327693,0.10687610636451943,0.10687504795520152,0.10687393753454315,0.10687277281625876,0.10687155674586778,0.10687031380709888,0.10686913070632456,0.10686789570239857,0.10686661044936635,0.10686527213361144,0.10686391623300856,0.1068626180764022,0.10686126977113611,0.106859872426873,0.1068584264141404,0.10685697467771899,0.10685558985091698,0.10685416017415167,0.10685268476259713,0.10685116292056558
FRA,Eighth,44.28709181432061,44.849790835285475,45.40086483599126,45.944108895375145,46.48384065236398,47.0209964738949,47.54357923565339,48.06400849374132,48.58142475375349,49.09648143630215,49.60226705691537,50.10122244697214,50.60093000934848,51.100169682006936,51.599848946848944,52.10237220557444,52.59962222062826,53.10256768556051,53.6116631177148,54.127650927446304,54.651938245680604,55.17429290913009,55.70483269968852,56.243035461534596,56.78948184886693,57.34406770051468,57.89824579810606,58.46316461875488,59.03960327762998,59.62996679386877,60.23533882268734,60.83914033694072,61.45624028579322,62.08626947204166,62.729113845438235,63.38438636839051,64.03551571397499,64.70170668776902,65.38324680595593,66.07995808753225,66.79338172549946,67.50267215684961,68.22908494575817,68.97131067148332,69.72934144815926,70.50333786727185,71.26657147950958,72.04552357881654,72.84090583575701,73.65457026547477,74.48757698460419,75.31433718890453,76.16014187911358,77.02305209511859,77.90369056106401,78.80217784002824,79.69416951423594,80.60393464732849,81.52955639983661,82.47125414502956,83.43011175459806,84.38604016797211,85.36077502207645,86.3537918081641,87.3649637582876,88.39454681154744,89.41964627896694,90.46125925494675,91.51853394682958,92.59113599634422,93.67829860632402,94.75707068434824,95.85137963080396,96.96302089687207,98.09464740078509,99.24503334505782,100.39136198941215,101.5540160509156,102.73176876426518,103.92421020386638,105.13023104603967,0.12170031818605351,0.121658472794813,0.12162171072838046,0.12158470059910012,0.12154690908360703,0.12150814050132783,0.121515852702849,0.12152757632409923,0.12153745440919045,0.12154547117071858,0.1215516047297765,0.12155584871520013,0.12156164794441501,0.12156344495295589,0.12156379563286816,0.12156273300361092,0.12156027232885722,0.1215591740124916,0.12155670413421704,0.12155289142215597,0.12154774993363827,0.12154131620191179,0.12153626605971822,0.1215299428247101,0.12152238776000793,0.12151359777209236,0.12150365252068941,0.12149560087544764,0.12148637409855784,0.12147600893894307,0.12146458054461678,0.12145214781681642,0.12144176342213345,0.12143031242884864,0.12141780366691876,0.12140425792351586,0.12138985249455163,0.12137755485694052,0.12136428469247605,0.1213500627912883,0.12133489352517518,0.12131902667710327,0.12130514780110926,0.12129038195430358,0.12127476404891853,0.12125829817019933,0.12124133790425957,0.1212266100003278,0.1212111066313966,0.12119484444305516,0.12117781411593978,0.1211605359844466,0.12114572906717276,0.12113022782919575,0.1211140704767139,0.12109724122750855,0.12108034467715487,0.12106573473286399,0.12105053873026285,0.12103475685148289,0.12101841676906244,0.12100207851294222,0.12098764046437614,0.12097268156368324,0.12095722537914262,0.12094130088605452,0.12092524834913128,0.12091018004636747,0.1208946489814677,0.1208786954552773,0.12086230756695779,0.12084591594777291,0.12083041917848214,0.1208145192477072,0.12079824726770892,0.12078160908200013,0.12076510918002512,0.1207495604952179,0.12073368521677871,0.12071749028412578,0.12070096832320916
FRA,Ninth,48.8259823712167,49.45476881653063,50.07314305777689,50.68228432904894,51.28670867107671,51.88734847570565,52.470896030219286,53.05313679287158,53.63102493091123,54.205238159441166,54.76821651512608,55.322345940500135,55.87839247872386,56.43131577646544,56.98381684482517,57.53847946215422,58.086289220149375,58.641259143526675,59.20196943140305,59.769242556571676,60.34459249686006,60.91679248291961,61.49894885166618,62.08856226478117,62.686287508305014,63.29201855830203,63.89633671183314,64.51383324932101,65.14297954202799,65.78635711535469,66.44517903698983,67.10127961340915,67.77350990360637,68.45896947208026,69.15754143333882,69.86882448138206,70.57467744202897,71.29867251992877,72.0385135308638,72.79402156540277,73.56682010718222,74.33412413600718,75.12173699831885,75.92572119649411,76.74608895658204,77.58299478757446,78.40737230354915,79.25086874246051,80.1114415801296,80.99104732224428,81.890784154084,82.78299853934337,83.69816942083169,84.63116113405735,85.58264894664508,86.5527268057283,87.51525057946724,88.49928860307693,89.49987235783261,90.51721001482143,91.55245952815189,92.58410124366412,93.63800511997657,94.71100832280837,95.8029880450753,96.91422921571876,98.01999179577714,99.14460967374997,100.28553684192518,101.4424460107891,102.61449741490465,103.77700501734961,104.95721796722243,106.15547922303918,107.37461154447647,108.61331841404893,109.8472781144779,111.09985483065942,112.36814613074714,113.65171590011984,114.94937279062508,0.13230112559637114,0.1322349895470125,0.13218007205636426,0.13212376685666716,0.13206507672743756,0.13200360906602648,0.13202376838987573,0.13205205714682855,0.1320759098765951,0.13209527709982077,0.13211010326306227,0.13212036300857333,0.13213438860784948,0.13213873460664544,0.13213958453168567,0.13213701280691847,0.13213106067916167,0.1321284045911939,0.1321224319867292,0.13211321389505024,0.132100785638223,0.13208523905924596,0.13207304059249564,0.13205777153742781,0.13203953498869297,0.1320183297384546,0.13199434932956527,0.13197494600335874,0.13195272333608887,0.13192777195067312,0.13190028081052696,0.13187039271801596,0.13184544692613112,0.13181795586944675,0.1317879481952483,0.13175547662434905,0.1317209734059906,0.13169154179889933,0.131659805929651,0.131625822468458,0.13158960508890327,0.1315517556909336,0.13151867968799225,0.1314835155088171,0.13144635746624764,0.13140721645122438,0.13136693980101147,0.1313319959026387,0.13129524448487667,0.13125672761489535,0.13121643212582354,0.1311755881555779,0.13114061728154264,0.1311040387320596,0.13106594436542338,0.13102630400138304,0.13098654102019194,0.13095218965078415,0.13091649131779448,0.13087944562738024,0.13084112569326473,0.13080284433767717,0.13076904378476062,0.13073405077179992,0.13069792538224886,0.1306607371937784,0.13062328201318515,0.1305881530707487,0.1305519766228952,0.1305148456623947,0.13047673716490957,0.13043865504991645,0.1304026807303072,0.13036580209432597,0.13032809154948044,0.13028956562367333,0.1302513948059509,0.1302154554877186,0.13017879041586272,0.13014141792826958,0.13010332503483188
FRA,Tenth,72.24109467872167,73.19967915155581,74.15105107713298,75.08694856939778,76.01293547352164,76.93005920681958,77.81841413334482,78.70816023904759,79.58813330066896,80.45922198172967,81.31073669758776,82.14458498457721,82.98474385724518,83.81194227002436,84.63571121340918,85.45953019403177,86.26976796612676,87.09331862026389,87.92187934810116,88.75670206299235,89.59986476544627,90.43509342662749,91.28803005722412,92.14884570481603,93.01858247691443,93.89719114584929,94.77071686369122,95.66805981225355,96.57920579101409,97.50760173333343,98.45507249388561,99.39534217961791,100.36420007768966,101.34936900242948,102.35077166969269,103.36799088692202,104.37459515059395,105.41297613080357,106.471314267236,107.54946421633068,108.64949582258609,109.73828320076473,110.86164915716792,112.00589676998736,113.17114805288101,114.35758584631746,115.52357418020766,116.72373153201521,117.94591767732403,119.19262005802366,120.46517182231435,121.72444093742499,123.02384332407578,124.34638355146477,125.69299966005543,127.06371828711825,128.42207757795302,129.81840884717724,131.23644344478075,132.6763902723573,134.1397576143372,135.59657748541042,137.09108572782773,138.61045873883393,140.1546002426492,141.72394981547248,143.28347257057064,144.87304046750097,146.48388412249423,148.11570543177356,149.76736881779803,151.40418617557862,153.0691469221342,154.75743492574304,156.4726962643479,158.21333290980505,159.94604721163324,161.70828325572407,163.4910031869597,165.29366615398283,167.11473111973095,0.18503012975771185,0.1847755660967525,0.18455756683321642,0.1843369402905565,0.18411022671167207,0.18387615627582896,0.18393538981252977,0.18402172124034732,0.1840945509935434,0.18415371396882957,0.18419901855454585,0.1842303774740262,0.18427325800306854,0.18428654820118173,0.18428914569969176,0.1842812827812509,0.1842630819794344,0.18425496233250427,0.1842367024444989,0.1842085237755041,0.1841705437953631,0.18412304638796245,0.18408578842265094,0.1840391643828714,0.1839834996979422,0.183918796570939,0.18384566019417622,0.18378650823268888,0.1837187906782078,0.18364279296649721,0.1835591034111634,0.1834681703767394,0.18339231419104515,0.18330876150705014,0.18321761279419946,0.1831190438035259,0.18301437464877496,0.1829251472965598,0.18282899450550782,0.18272609724292901,0.18261651287034872,0.18250207491856515,0.18240214014865205,0.18229596713376428,0.18218385510370355,0.18206584782162005,0.1819445124219726,0.18183931865436737,0.181728763404968,0.18161298396128694,0.1814919503412528,0.18136936646068036,0.1812644886530652,0.1811548656213915,0.18104078427859033,0.1809221619916067,0.1808032672103048,0.18070062701289025,0.18059403365538615,0.18048349756755233,0.18036924202606933,0.18025518694275344,0.18015455188080737,0.180050438735131,0.1799430274726115,0.17983253717596043,0.17972133204290752,0.1796171085358472,0.17950985021308877,0.1793998390151905,0.17928701658613275,0.1791743524471183,0.17906800192349917,0.17895905296873163,0.17884772724322345,0.17873407808403116,0.17862155808600932,0.17851569218048519,0.17840776536267988,0.1782978317061477,0.1781858605066149
IND,First,1.1489643576901267,1.1702867285662624,1.1909099711379088,1.212607328892295,1.2365221532120563,1.2628921925211931,1.2889369756146678,1.3166190383253145,1.3464489617224515,1.3785529794657916,1.4124518436284108,1.4468484596804578,1.483239124403228,1.5229609432284703,1.563518723133938,1.6054124358861783,1.6460198867797626,1.6872651133511396,1.7301033287335876,1.7745191097961424,1.8207512763020623,1.8653031874505748,1.9099013041414556,1.9553148624210634,2.001445046948159,2.047890322790438,2.0914820880531466,2.1344778832460296,2.178293249219477,2.223783366548952,2.2710255110905138,2.3162288423260726,2.36070274282892,2.4054607563514274,2.450150166252545,2.494301852020352,2.534153848542891,2.572748638814467,2.6114826123551502,2.650063878451014,2.6890499776246948,2.7244205697757873,2.7583127909330734,2.7914153100541363,2.8236055765803223,2.8546911547284486,2.8803940651494613,2.902476715777401,2.9232904213017163,2.943593066870251,2.963797616926359,2.9812783127746885,2.996190806469559,3.0096347573481816,3.021794054106569,3.032603466161374,3.0379289064014747,3.0396527698164375,3.0387487677877463,3.0355841454997843,3.033199583740934,3.0258083669412783,3.015411141313889,3.003942530549149,2.9912135705807317,2.9772108929567414,2.958383367251029,2.935601258799501,2.910338593122387,2.8823063014548698,2.851066163248223,2.813849545034983,2.7726850266203535,2.7303858577147215,2.6893797472768086,2.6477709469821207,2.6019907535180216,2.553120859202203,2.5022329070235383,2.449075644351824,2.393101664477828,0.016807876294849696,0.016672427126540667,0.016541127929113806,0.016428043142949558,0.016336655708741852,0.01626775274816488,0.01620738773464347,0.016159952695414367,0.016134600260643582,0.016131665346598885,0.016146499686567697,0.016175831040317026,0.016219367449142773,0.01629509363279156,0.0163728462273106,0.01645362636372418,0.01652539718999533,0.01659059083042534,0.016659013073173707,0.016730568490457492,0.016805543202065423,0.016870020583718733,0.01692643081626529,0.016984177207013153,0.01704303722819624,0.01710225213560667,0.01714993497627428,0.01718943384833245,0.017230009074946467,0.01727319730880341,0.017318751229108868,0.017354716596832603,0.017382983377064416,0.017410955928738595,0.017438146027814967,0.01746401325080003,0.017476529763367582,0.017481152015204535,0.017485232675374465,0.01748855708835377,0.01749192929554276,0.017482376586851846,0.017464752014307926,0.017445489297041084,0.017424704945225886,0.017402204276737582,0.017365943310896012,0.017319007801766404,0.017270319929537196,0.017220697558788352,0.017170706812576042,0.01711176877967035,0.017043980139499183,0.016974516822813916,0.016903628974991366,0.016831375469318444,0.01674556864219037,0.0166504651462547,0.016552585582650388,0.01645280997752715,0.016357049061085007,0.01624852779446825,0.01613164465035235,0.01601379162094044,0.015894857491707052,0.015774857047851622,0.015642652751701035,0.015502014305155696,0.015359154518672686,0.015213813421656015,0.0150656899901957,0.014904548731912564,0.014735507166653958,0.014565380555695595,0.014236596696572052,0.013906060079849774,0.013573947837011323,0.013238087868440475,0.012903567820600642,0.012570487990099858,0.012238980665625556
IND,Second,1.8862438713328815,1.930626083254945,1.9746569674889503,2.0206578615413004,2.070197712779192,2.1236437839142237,2.1763663935497357,2.231936708278105,2.29102189975105,2.3538356747568403,2.4192813691989405,2.485479240809158,2.555058040993231,2.629760819872302,2.706436540444483,2.785806661590544,2.863305939449336,2.9425485304828527,3.024821688933893,3.1101514892915967,3.1988970389795583,3.2850707327832347,3.372228419927965,3.4613736383132365,3.5524002726575663,3.6447526718082384,3.7328775558310823,3.8210109915847807,3.9110955305961967,4.004416580091805,4.101034425795093,4.1945373095587835,4.287844795589742,4.382382960330957,4.477674686116693,4.573082695721082,4.661851062588175,4.749596286923473,4.8382346792996715,4.927392973184962,5.01788255701276,5.102237744910998,5.185126605085554,5.267418857500158,5.3489967183443765,5.429553948376057,5.50142031710882,5.568437119574259,5.633983241276583,5.699115182141271,5.764432881407159,5.82500396404957,5.881995628768843,5.937042733329852,5.990397090283419,6.041947583886005,6.083809438586036,6.1202782605297035,6.152731185072387,6.181803839194455,6.21298146822423,6.234789626865034,6.251658059159932,6.266543338218293,6.279143379810887,6.289397264497551,6.290065210481158,6.283917430918439,6.273270375260052,6.257612116792241,6.236209414351647,6.202889602777609,6.162157601557377,6.118478659886064,6.075372641779048,6.03011109877911,5.975286853327918,5.913936097359271,5.84790321847311,5.7767169587782075,5.6994317703479025,0.03134956237274822,0.031142021959838805,0.030940092135183228,0.030763305981126685,0.030616479800902617,0.0305008372197626,0.030397925317010195,0.030312965217209872,0.03025895290673658,0.03023638298638475,0.030239099366616458,0.030262650239652578,0.030305979859449814,0.03039432069885768,0.030485190130577877,0.03057989044922952,0.030662440035236303,0.030735437894629812,0.03081256642762459,0.030893675183559743,0.030979114474831527,0.03105054348071638,0.03111054470837744,0.03117219554205412,0.031235191334368716,0.031298539613059694,0.031346666511511107,0.0313834346590416,0.03142153577996262,0.03146294291687884,0.03150733816656769,0.03153911290598541,0.03156028176767869,0.03158096560048367,0.03160053117864364,0.03161827908441322,0.03161859678983939,0.031608124137081695,0.03159686888510108,0.03158454569292183,0.03157219513781833,0.03154297814119719,0.03150273527851036,0.031460295222243445,0.031415801868422855,0.03136900430046025,0.03130419890169675,0.031224943012167754,0.031143296427878497,0.031060311462542883,0.030976717240402254,0.030881226073411313,0.030773566487017606,0.030663556705969555,0.03055150967559657,0.030437497436919293,0.030305426415651666,0.030160444100945923,0.03001155208465769,0.029859880178241316,0.02971316598520155,0.029549161816723322,0.029373274083255158,0.0291957092825828,0.029016303243263843,0.028835065815479986,0.02863697743094789,0.028426689752227754,0.028212868124584848,0.0279951301727714,0.027773045882939752,0.02753257819022314,0.027280267464950634,0.02702566001824041,0.0265537751794875,0.026076363276927906,0.025593356242344486,0.025101435975366793,0.024607923580374603,0.024112921608283967,0.023616577912051337
IND,Third,2.2751890756152338,2.334862515933241,2.3945702199911216,2.456804118025657,2.5233285454228764,2.594570660565912,2.664888191792863,2.7388100284324652,2.8169870598296405,2.89966900608293,2.9853556274004935,3.0718925887085327,3.1625982320244783,3.259197109414719,3.3585660163273214,3.4615481763198237,3.5624875969386482,3.666092578331201,3.773707686315852,3.8853961272786823,4.001590257387975,4.114893135310151,4.230095137627624,4.348181789964417,4.469058302655291,4.592099246427218,4.710380831830067,4.82944837152754,4.951384246489421,5.077723222086745,5.208515533860284,5.335849154959491,5.463785003858277,5.593846110471975,5.725506399639537,5.858057135674193,5.982946524380038,6.1075106902107805,6.233793468653413,6.361399718606604,6.491290433343856,6.613876163732607,6.735632679465648,6.857340012360386,6.978906155636998,7.09996728092681,7.210767528111263,7.316699866416189,7.421502723411643,7.526398135728105,7.632099356789415,7.732228059617808,7.828881725825821,7.923781190956709,8.01722218478929,8.109070488075776,8.189001239456841,8.26317935477636,8.332953152106104,8.399134291878893,8.468837413455482,8.526747072732208,8.579202453902788,8.62950577101826,8.677286908305138,8.72244678162576,8.755170389829683,8.77986506546984,8.799106736621052,8.812225693519043,8.818279574162469,8.808586571357889,8.789656278401539,8.766738893360507,8.743921500514645,8.718029658308717,8.678798643368976,8.63097186090857,8.576665412379308,8.515219452747301,8.445379068879793,0.03972524421939086,0.03952551423129297,0.03933087392918222,0.039161585939338425,0.03902288505018007,0.038916180481084334,0.038821851810907484,0.03874599440972866,0.038702048428718605,0.03869059492904941,0.03870505330639453,0.0387407196361171,0.038796886891550475,0.038899595547363795,0.03900491038708948,0.039114223634993874,0.03921050797169227,0.039296997237936414,0.039387815494981056,0.03948280071487155,0.039582322710238114,0.03966689611877445,0.03973971171170734,0.03981421951577296,0.03989009826466174,0.03996629028404336,0.04002629697855989,0.040074576371473915,0.040124231154281854,0.04017736399268023,0.04023362944853645,0.04027651335433087,0.040308444199390975,0.04033985337947623,0.040370069459379244,0.04039834854861577,0.04040816317663944,0.040406811962043675,0.040404615824017935,0.040401274708791596,0.04039789004535417,0.04037662545117595,0.04034391188898376,0.04030882107257371,0.04027150451190279,0.04023169003065458,0.040172727516553396,0.04009859796969012,0.04002182593431351,0.039943527588049456,0.0398644784150467,0.03977269712367025,0.0396680524798133,0.039560735273003814,0.03945107537775375,0.039339139896092466,0.03920773588955225,0.03906249889991571,0.03891279714891312,0.03875983258318291,0.03861194788989068,0.03844521735689872,0.03826555104532432,0.0380837026228716,0.037899485681166634,0.03771289668974603,0.03750766072998658,0.03728886609692944,0.037065699545977514,0.03683772047548589,0.03660442341545626,0.036350439278374266,0.03608292498775368,0.035812150118526224,0.0353001399090782,0.03477976914418646,0.034250923116409406,0.03370982212659662,0.03316440037397631,0.032614704553881116,0.032060829304566246
IND,Fourth,2.8226293539195044,2.902901774766259,2.9837593708255947,3.067946470267808,3.1574858490466595,3.252887671163335,3.3470953585418015,3.4459602796183972,3.5501425971112828,3.659944533033534,3.7732695649915984,3.8876395750760775,4.007285729115557,4.133966636695049,4.264520999087612,4.399950918194272,4.533077249824991,4.67009863564479,4.812465672510088,4.960294087769933,5.1141116213864075,5.264563599897943,5.41813962393889,5.575833807046416,5.737570452018898,5.9026363739975025,6.06220980162407,6.223618610968147,6.389153957499871,6.560679220172547,6.738222318512833,6.911818055241222,7.087100462783494,7.26574729654399,7.447176946672832,7.630599419588719,7.804987009042075,7.980021439579671,8.157927811576117,8.338294130464597,8.522275472048937,8.697345608124811,8.872494683339974,9.048403598227116,9.22502984546957,9.401940673779556,9.56653224260449,9.726353817380339,9.88561743652557,10.045751762989942,10.207617152379148,10.362838704709583,10.514854520518025,10.665520105539832,10.815192688800051,10.963717952332036,11.097427995605978,11.22511318907287,11.348091310803456,11.4674204203644,11.592396060939759,11.702443504651379,11.806586401093009,11.908558653969667,12.00791492159468,12.104514633796896,12.184995073170443,12.256147266409041,12.320865684988615,12.378289569396145,12.427227516478652,12.455503412798139,12.472473070189798,12.48433558982429,12.49576933673202,12.503153302907977,12.492293002294945,12.470428526161164,12.439994625313807,12.400091856036756,12.349081464778665,0.052191960398481285,0.05197007519657063,0.05175341533145243,0.0515633954456524,0.05140555499703604,0.05128147790960054,0.05117095763443564,0.05107994967324371,0.051022844978029704,0.05100028645800886,0.05100549568309845,0.051033557740279595,0.05108336065664177,0.05118261021258487,0.05128448669028617,0.05139041247576517,0.051482781992211284,0.051564580443433664,0.051650791995769274,0.05174123618011742,0.05183628197126779,0.05191584632351981,0.051982871052681234,0.05205159921267302,0.05212169575091892,0.052192073580626316,0.05224577767824611,0.052287091736046336,0.05232979622929696,0.05237603452710761,0.05242545093762608,0.05246109653069808,0.0524852120082253,0.05250875292031413,0.052531032283552825,0.0525512921808398,0.052552602173889185,0.05254219210283864,0.0525308811969851,0.0525183612907105,0.05250575764704498,0.052474788201105405,0.052431789197289365,0.05238631381068506,0.052338513931823406,0.052288109151909304,0.05221797811232482,0.052131949864239066,0.05204312900736128,0.051952654649319994,0.05186131920194506,0.051756730133751684,0.051638526815537836,0.051517446863957685,0.05139381886805678,0.05126770476068427,0.0511212683662392,0.05096008283737874,0.050794067216468834,0.05062444738162792,0.05045984403019814,0.05027535044121968,0.05007686607686716,0.04987579769062315,0.049671937692352855,0.0494652701230085,0.04923867086174281,0.048997230339495,0.048750753073181614,0.04849874775602693,0.04824065654697939,0.04796012931255837,0.04766447831730921,0.04736471017072617,0.046808026452182565,0.046240114739169724,0.04566061384820843,0.04506522277573615,0.0444625347280307,0.04385251367714597,0.04323518040123706
IND,Fifth,3.2947255356777805,3.3947733989561497,3.4960286723827547,3.601378947593428,3.7130519089095677,3.8316228412304336,3.948790048339677,4.071617392395638,4.200704454049234,4.336390501490954,4.4760043591344925,4.616819450903568,4.763912096118105,4.918904106351351,5.078863701086153,5.244935222743615,5.408583525972979,5.577435677130353,5.752950298465076,5.935300128922307,6.125102970743986,6.311253099453795,6.501899441401904,6.697941004840839,6.899330655560245,7.105289570241644,7.305285991789085,7.508380538684546,7.7169412018249925,7.933133463297169,8.156967367965251,8.37663161691201,8.599334585490606,8.826796182426758,9.058402826067415,9.293311263605371,9.518212644279865,9.745086803026135,9.976200564885161,10.21114738383189,10.451266422877856,10.681286409775598,10.912734498558606,11.146057397584157,11.38127916709552,11.617917019598975,11.84071003723622,12.059437577776832,12.278560434368188,12.499697687396223,12.723853622601718,12.940776951364123,13.155407510368104,13.369540185072012,13.58360071834595,13.797430444185176,13.99415089003486,14.185328818148403,14.372032714451754,14.55557007198985,14.74737995300757,14.921737090396231,15.090537732482078,15.257680139832841,15.422661527419155,15.585310105098465,15.7287301995596,15.862363911051897,15.989169568689327,16.108107607355084,16.217747700185416,16.30234254574575,16.374360407838804,16.440656275575474,16.506368859326614,16.56754275872783,16.605930101197636,16.63159753108813,16.647054007658216,16.651148648129915,16.64184578215604,0.06350329907958562,0.06329624846928135,0.06309371079275464,0.06291632292833704,0.06276958041132528,0.06265512875247495,0.06255334716567025,0.062470264588856794,0.062419779545993176,0.06240256795321762,0.062412021506782024,0.06244336089300755,0.06249565511734707,0.0625955660261702,0.06269793874824817,0.06280415931369278,0.06289709437697134,0.06297983601095045,0.06306679176013538,0.0631577807800273,0.06325315368053652,0.06333343447803597,0.06340165073400511,0.0634714569010895,0.0635425255512735,0.06361380357266391,0.06366889442963386,0.0637120842213098,0.06375657505780485,0.0638044435052404,0.06385534040625798,0.06389290124290398,0.06391939503516952,0.0639453075170863,0.06396997406410791,0.06399266241825331,0.06399703468045945,0.06399015711791078,0.0639823804900865,0.06397340534807083,0.0639643198254908,0.06393747172087597,0.06389904739940405,0.06385817952537863,0.06381501078340664,0.06376926674686895,0.0637043904143708,0.0636241264751818,0.06354105802422332,0.06345628466588961,0.06337056909397573,0.06327189729604309,0.06315993868227536,0.0630450262755178,0.06292746993362767,0.0628073253615813,0.06266720210897683,0.06251252333855419,0.06235286807351481,0.06218941871075319,0.06203061428792794,0.06185204349049204,0.06165945555942492,0.06146396209113389,0.06126534376359018,0.06106357173350417,0.060841715655929336,0.060604738994311194,0.06036224969067746,0.060113732443225286,0.05985859561893812,0.05958050544168375,0.05928664446225296,0.05898791533464723,0.058430258703328186,0.05785896100833929,0.05727351856980556,0.05666939993356907,0.056055161974284465,0.055430662251357114,0.05479580972393656
IND,Sixth,3.9709111549212923,4.098995560703512,4.229210280396318,4.364642434432465,4.5077974842385125,4.659342315584037,4.809195202818948,4.966151962309627,5.130736801046563,5.303341769818815,5.480432340219104,5.658993632675625,5.845273601098075,6.040712453077828,6.242699021801049,6.452572499146463,6.659856716822421,6.874214138780802,7.097118539432164,7.328826818871089,7.570081445371405,7.807274826673717,8.050941443385575,8.301850628915142,8.56000127262202,8.824529874150034,9.082465556140017,9.345341107559522,9.615626089019226,9.895905077047749,10.186156568892137,10.471955651780783,10.762781419947686,11.060411368387667,11.364199531599073,11.673244515858222,11.970982363591897,12.272680731082314,12.580646643473361,12.894497290069095,13.215825765083007,13.525429252535497,13.838518789799329,14.155198737423177,14.475604656349033,14.799194700481397,15.106931603624112,15.411843603712054,15.718693331763255,16.02935555732624,16.34503813190183,16.652801072451847,16.959835590772432,17.26782501226013,17.577301218791995,17.88811263214735,18.17879496319209,18.464997912903915,18.747396449308898,19.027665754710856,19.3202752826689,19.592130613256952,19.85936717218776,20.12603034280411,20.39156115582499,20.655758973557848,20.896642161775347,21.127656954713167,21.351769319736583,21.567714294960943,21.773761166141334,21.948975254623736,22.11046981738993,22.265869435405467,22.4207957546478,22.57099150668665,22.692353363493886,22.799254757844366,22.894205463493954,22.97572195797538,23.041242983656513,0.08050039382547984,0.08029279913795201,0.08008914503777105,0.0799085145433914,0.0797559885561463,0.07963322466747799,0.07952286521805424,0.07942975991106899,0.07936704685542187,0.07933540678921856,0.07932900828016369,0.07934352520655191,0.07937756907790512,0.0794561314758125,0.07953683588698052,0.07962089931008087,0.07969301312840037,0.07975538741912531,0.07982147006909096,0.0798910853450884,0.079964530113098,0.08002447088482681,0.0800730591874143,0.08012303109196037,0.08017408855306082,0.08022529932560682,0.0802621086442918,0.08028786085709669,0.08031474700501458,0.08034458120713729,0.08037706073664774,0.08039767277445707,0.08040803861004263,0.08041783467779134,0.08042647047547617,0.08043330148289857,0.08042387655411071,0.08040405618666056,0.08038337584696849,0.08036156810265146,0.08033958897921449,0.08030179351317646,0.08025326445816107,0.08020248895176614,0.08014958332153921,0.08009430321920577,0.0800218806799919,0.07993524559851418,0.07984596929925133,0.07975501327831003,0.07966305131023221,0.07955925997767635,0.07944299362897966,0.07932386326138116,0.07920213309823057,0.0790778407175116,0.07893524123505066,0.07877882412546287,0.07861757475207427,0.07845253173631744,0.07829127580568158,0.07811159338463042,0.07791832234405358,0.07772190783303136,0.07752213083646986,0.07731894263325251,0.0770966792978788,0.0768595288330402,0.0766166072078383,0.07636739488132975,0.07611130356563657,0.07583297907248433,0.07553871490112322,0.07523889820105728,0.07469573158329809,0.07413656992622768,0.07356055575994587,0.07296299335797354,0.07235213184530156,0.07172768529495399,0.0710894074568986
IND,Seventh,4.595705339535368,4.752686181489455,4.91287881906292,5.079450029854858,5.2551402295557255,5.440690838207825,5.624335434863864,5.816578757654128,6.01776742259883,6.228327432787574,6.4438354382114085,6.661051120498787,6.887396261304326,7.123877589216592,7.368592276878483,7.623070481457487,7.874981707969653,8.136095729362932,8.4077691363717,8.690355192740945,8.984726722742817,9.274869195750291,9.573829679026714,9.882091196111276,10.199715983650039,10.525777504545397,10.844943089959502,11.17134724809576,11.507388340452952,11.856074887548647,12.21736146057535,12.5742932084211,12.938802141354923,13.312566866700738,13.694940581067787,14.08499697955955,14.462940158800883,14.847538112132526,15.240944508614627,15.642835259503528,16.055073657142497,16.45449660418323,16.860336315839998,17.272123678234337,17.690144084023846,18.113823915325856,18.520324953593537,18.926317450888764,19.33656423878027,19.753212277609226,20.17769862472825,20.594366540969823,21.01310356378857,21.435166985557018,21.861227118991476,22.291173028461266,22.698792607422153,23.104423172372076,23.50796142218871,23.911500778468405,24.332773347627974,24.730886848003127,25.12691866633621,25.524642440756512,25.9234810285105,26.323238824065218,26.696470070481777,27.06143777050181,27.420688816181144,27.77275087708764,28.115603039357712,28.42259656473231,28.716402141426347,29.00499634401141,29.294371287995872,29.580122924601564,29.831615207798468,30.068533006572768,30.292939218678498,30.50299055478428,30.695559967610553,0.09695040932236716,0.09680342481491776,0.09665858719872886,0.09653055803105179,0.09642350137362235,0.09633888003652621,0.09626305113478947,0.09620027720387321,0.09616068884547957,0.09614489863183531,0.09614828351068369,0.09616744932059561,0.09620159579210695,0.09626985217051374,0.0963396317917161,0.09641189055875153,0.09647456276860891,0.09652973208281551,0.09658768127110978,0.09664825970236804,0.09671169280004516,0.09676441306428793,0.0968084254067208,0.09685339773795308,0.09689909807170495,0.09694479393271294,0.09697917337555012,0.09700508581988113,0.09703178950718629,0.09706070035587844,0.09709157108616724,0.09711316219025948,0.09712691806985406,0.09714016159518656,0.09715243871572754,0.09716324677393912,0.09716140450362806,0.09715160201971738,0.09714105705895225,0.09712956208201182,0.09711785474912638,0.09709381818119123,0.09706150858779275,0.09702733944308616,0.09699139611646296,0.09695348288344806,0.09690211767259758,0.09683965074340299,0.0967749242402195,0.09670868145536127,0.09664144202336468,0.09656473841104093,0.09647809974051069,0.09638890987844748,0.09629736262396421,0.09620347153760138,0.09609477718811767,0.09597481089991974,0.09585053695657278,0.0957227514069682,0.09559750556521897,0.09545700908780268,0.09530507795235382,0.09514996267914046,0.09499145847815299,0.09482950067916311,0.09465130885378599,0.09446017519031491,0.09426340243560422,0.09406050773106861,0.09385094734415739,0.09362191824611549,0.09337845488234392,0.0931290618898865,0.09267337858854963,0.09220044392807895,0.09170926708049436,0.09119550920693996,0.09066596557486194,0.09012016941925023,0.08955768497665786
IND,Eighth,5.700142020333104,5.9071569410035325,6.119307780188199,6.339913149120088,6.5721068343852,6.816761055619373,7.059145056235187,7.3127565368297835,7.577666775813301,7.854364168778092,8.136786678696655,8.421429695238544,8.717694903868326,9.025893849347245,9.345289070292951,9.677733266909856,10.007630897433012,10.350420013286481,10.707278744696893,11.078733068964267,11.465875830265588,11.84846526863592,12.243954734910808,12.652360954485172,13.073862911121454,13.507437517581153,13.933616202133424,14.371064276839654,14.82206598835529,15.290352570738616,15.77582602340443,16.257136531451824,16.750520419656777,17.257503583661535,17.7774568745409,18.309439472396317,18.828004761073768,19.358033588116406,19.90140409117594,20.45792043594099,21.029906212789044,21.58725664773534,22.1563114726523,22.73561476297364,23.32574260805882,23.92608887446422,24.507208614039406,25.092223885742207,25.68584021820619,26.29065886542968,26.908517492320588,27.519003500682864,28.1368830777145,28.76265787460639,29.397259537081396,30.04068381642161,30.658444167718866,31.279257845474937,31.901628659509115,32.52841230302988,33.18296814316544,33.810825024887315,34.44193064646543,35.0794558338762,35.72285545095767,36.371991001935605,36.98985506433372,37.603528135383335,38.21469210203623,38.821600732900215,39.42182690055702,39.97866072101001,40.52487652622929,41.06877093037862,41.616686546791634,42.16433235603047,42.66963281081879,43.16211080106924,43.64285397671121,44.109494713655515,44.55805098901944,0.12756961348120588,0.12747789494988238,0.12738607636889904,0.1273002981608662,0.1272224054629149,0.1271533929031602,0.1270891851759331,0.12703018646323824,0.12698130979264508,0.12694300551408577,0.1269139347074705,0.12689288092900677,0.12687846476940057,0.1268795397089315,0.12688097050712313,0.12688304023387212,0.1268816863977655,0.12687648063337637,0.12687205662814108,0.126868334289827,0.12686535318718703,0.1268587001069032,0.12684790618856207,0.12683732083483995,0.12682684977936526,0.12681626900709567,0.12680197736648377,0.12678391527975555,0.12676600926425283,0.1267486527130864,0.12673178039584954,0.12671183392944163,0.12668843329841717,0.12666469033286087,0.12664045848597574,0.12661558465874656,0.12658657914838312,0.12655405704485218,0.1265210646594877,0.1264875308592415,0.12645366936239416,0.126415602250205,0.12637373039786284,0.12633094558093766,0.126287248456058,0.12624256581104304,0.12619296815429135,0.12613831782395266,0.12608238045897127,0.12602536476701,0.1259674251365782,0.125905384849567,0.12583825323503406,0.1257694566644828,0.12569901626049784,0.12562690591501158,0.12554820960068547,0.12546330882422913,0.12537563374963298,0.12528541090948783,0.12519489148187052,0.1250967266987377,0.12499152532159427,0.12488344803715505,0.12477234564364321,0.12465812477352502,0.12453483308319037,0.12440299134369984,0.12426650692616727,0.12412503555037938,0.12397820043618966,0.12381940822713673,0.12365009089781216,0.1234749364449516,0.12319354336855051,0.12289517192793067,0.12257829303694036,0.12223950245539497,0.12188273765855716,0.12150728543580315,0.121112435694913
IND,Ninth,6.8044958290174105,7.069754400573117,7.342746497572331,7.626667628898125,7.924996480724213,8.238706782373031,8.54998816085848,8.875635827036328,9.21513115041316,9.568976074584226,9.929214715874563,10.292173931509629,10.669503845817957,11.060027798494069,11.46538314941238,11.887784968969921,12.308209955384008,12.74643627368311,13.203075967933223,13.67888588231391,14.17523009135642,14.667375744748655,15.178100331516132,15.706451987125467,16.25279382479286,16.81605377142736,17.37233111626699,17.945792825334163,18.538109790754593,19.153861888995785,19.792928664143403,20.42924354434548,21.084440602729114,21.759422035332335,22.453674932098586,23.166344036364404,23.86569863678449,24.584189064631488,25.3228238733357,26.081665249885894,26.86363635872377,27.630751385215568,28.41842019952701,29.223368047572098,30.0466361931372,30.887689288245387,31.709591495723483,32.544021491912126,33.394704954592434,34.26485847526648,35.15689885686403,36.04503332127151,36.95101368467047,37.873472989342645,38.8137975363051,39.77225940383599,40.70462729315892,41.65114548021617,42.60746845641863,43.577546018708986,44.59192583039572,45.579601906222415,46.58302397237712,47.60325250099753,48.63999884647667,49.69339772991752,50.71460123368301,51.743602560360834,52.77958902192829,53.82069162296635,54.86418540735439,55.860492945867776,56.85726144092197,57.86161176554298,58.88007981735012,59.90918168390439,60.89189795729262,61.87280975551796,62.85016405371713,63.821123986119936,64.78080499181631,0.1599231327257584,0.16008914117947648,0.16024961155017994,0.1603928532438331,0.1605166472788999,0.16062064406644666,0.16071460617021754,0.1607972128460861,0.1608606182430091,0.16090470711877888,0.1609326329565611,0.16094683730167308,0.16094891086744872,0.16092337708635052,0.16089591424819644,0.16086583001636234,0.1608416611812117,0.16082316166658828,0.1608019348176449,0.16077803871702206,0.16075125676579732,0.16073165890527613,0.16071887877177424,0.16070472901067134,0.16068937818321619,0.16067336308317218,0.16066545989735373,0.1606643100506167,0.1606620330804549,0.1606575325625744,0.1606509603099119,0.16065122295079298,0.1606577749322785,0.16066428408615213,0.16067111000903267,0.16067864459275286,0.16069584350355393,0.1607193946718637,0.16074305204026232,0.16076696827448034,0.1607905440115889,0.16082342586083317,0.1608626536917555,0.16090266937845557,0.16094337955978721,0.1609849037780694,0.16103617376165252,0.16109539786823604,0.16115527867831922,0.1612151971564447,0.16127471953933084,0.16134015262738688,0.16141173329026975,0.16148361250110155,0.1615555698267298,0.16162751754964721,0.16170810368157126,0.16179446390993998,0.16188139436246138,0.161968205453375,0.16205082484377767,0.16214069312823068,0.1622347753689944,0.16232756346886457,0.1624190447134623,0.1625091107551109,0.16260484575149511,0.16270355900788497,0.16280084763323224,0.16289669838149803,0.16299110075436055,0.1630898759693971,0.1631894469681899,0.16328545014323625,0.16346318640634097,0.16363090528488666,0.16378753276054797,0.16393290846308084,0.1640637144790604,0.16417903172246456,0.16427787987843354
IND,Tenth,12.027308715982132,12.569911157917051,13.133676872996055,13.72100130640771,14.336781623298744,14.982430193481147,15.62552703193875,16.298656574731535,16.998365983905366,17.725155187537386,18.46098748896391,19.202938699302397,19.97275063613464,20.76152928237906,21.58330385152352,22.44196558837758,23.302203092519317,24.204916064145497,25.147678581764527,26.132467381723497,27.16195653498224,28.190039856103613,29.265929229959546,30.38358601481662,31.544432528515696,32.74739323045689,33.94758939683704,35.19634184882955,36.491672808203944,37.842258243123425,39.24788841685379,40.660484755125246,42.12895248776351,43.65058121261223,45.22584798713292,46.854827180114384,48.475746316325434,50.159116219534155,51.900678919430334,53.70232213254197,55.570096693599,57.42793996608124,59.35823501124221,61.347656608768034,63.40024070691538,65.51646729657828,67.62382395650285,69.79946218858926,72.03993777974881,74.35188229938049,76.74118710887406,79.15652676475328,81.65926981319892,84.23650976780249,86.89293647720137,89.63141064497567,92.3608907265003,95.1855047771754,98.08357783022805,101.06599507810519,104.20015079798135,107.33441683170139,110.58253779036937,113.93020510717894,117.3807623756814,120.93804850599254,124.49528248123617,128.17003484241118,131.9436833740865,135.8169934740749,139.7892028858232,143.74675645123375,147.82794893454366,152.02653689609556,156.34906603761308,160.80462818259943,165.26208024562212,169.86357191241146,174.5858903825106,179.42939731230695,184.3907568130531,0.33147850828013314,0.3327304529342468,0.33395735972673474,0.33503512258345336,0.3359303013602307,0.33663248121530176,0.33725882263833856,0.33777343699128004,0.33809211014332274,0.33821048427282185,0.33816797099566187,0.33799318769279885,0.3376922095190068,0.3371039134406237,0.3365012753824715,0.33587602764352764,0.335330854957907,0.3348477957807187,0.33433987846232927,0.33380822059666093,0.33325075109493296,0.33278401605394065,0.3323905214224921,0.3319878729459725,0.3315780372832337,0.33116731546541245,0.3308537101420954,0.33061220715644585,0.3303632738467987,0.330094550910613,0.32980811728332654,0.32960176752429793,0.3294625187018788,0.3293271939619102,0.3291997693002894,0.32908462700874075,0.32907936970612905,0.3291424527418269,0.32921147132276407,0.3292882265527663,0.3293662509464249,0.32955112009338783,0.3298066070859323,0.33007745771783265,0.33036285650537106,0.33066446980160313,0.3310816214756249,0.331592762842849,0.33212181799992474,0.33266226741828375,0.3332095712265484,0.3338361447277821,0.3345448555010625,0.3352728757533243,0.33601841536055144,0.33678122135563254,0.33766646687196455,0.33864257791739905,0.33965099007305366,0.34068471166251907,0.341692881049148,0.34282367680079645,0.34404350759778,0.34528415467365675,0.34654709245619114,0.3478326597493581,0.349244655583342,0.3507542061369411,0.3523019108440637,0.3538912191865588,0.3555260364451466,0.3573076175301143,0.3591934699516103,0.36111583712303275,0.3646453631126122,0.3682756406844029,0.37201199174829214,0.3758851178369016,0.3798418619649521,0.3838845380467599,0.38801521398568023
MEX,First,1.7250294746264874,1.767776162896252,1.812061190506953,1.8599065939283346,1.912478327057035,1.9698237879010665,2.03109017357312,2.094993078607058,2.1626134316801124,2.2338374431424297,2.307558862566968,2.3847570865901053,2.46393944128759,2.5496652351896314,2.6409944984162204,2.7388293079114816,2.8427571347043576,2.953050608075398,3.0714839023348253,3.1984943670557895,3.334826573619851,3.4791066092072827,3.6319698882921503,3.7949236951066085,3.9685150199512043,4.152961230014929,4.347502632740894,4.553398050862967,4.77327650308947,5.009122505893783,5.261840267409221,5.530153175548888,5.814459837765595,6.117501903674412,6.440133457049525,6.783122530738127,7.144566216308403,7.528172140706924,7.93750718914621,8.373996097348037,8.840257625593054,9.333304060786146,9.857614338778381,10.416076218772343,11.0109673452254,11.631189452881475,12.258572454497672,12.896607781455579,13.546471132172833,14.209157132757952,14.88549555475377,15.57242485541081,16.270957264525315,16.980385319155513,17.701004912745113,18.432702326801316,19.16733293523841,19.911331790077334,20.66325792943363,21.424017042099116,22.201679674369185,22.981814272804584,23.77193009302165,24.57249717709678,25.38334655427409,26.204595252531366,27.026582443125186,27.855953151567896,28.692388943139292,29.535293408515567,30.383690352298945,31.226800340978603,32.07565933036376,32.933179649046004,33.80259588143116,34.682463404615916,35.55765987689679,36.43966286029908,37.327667519555895,38.2209970495186,39.11812759195243,0.010444804098392957,0.010670892888029955,0.010910009381600786,0.011167050555015628,0.011442535294621426,0.0117356684863482,0.012043871377021863,0.012358190813573065,0.012685593088757063,0.013024989351614936,0.013371809128473746,0.01372867144935131,0.014086592249312822,0.01447077038316761,0.014876039233021138,0.015303567088889846,0.015751366226982706,0.01621654677273248,0.016706193088873948,0.017220935325740084,0.017761621158455212,0.018324541595865544,0.01890856142047851,0.019519662795094456,0.020158454505155684,0.020825128896001167,0.021516850014348665,0.022232770306677713,0.022979796742660624,0.023759838787644608,0.02457306869668671,0.02541610177628895,0.026286957032778707,0.027192342326382554,0.028132757810498055,0.029108563799580257,0.030115256308718943,0.031154458761875288,0.03223275883532458,0.033350888898574314,0.034510266274238824,0.035705455566912576,0.036938541813093397,0.038214684910530795,0.039534854724216355,0.04086328654825826,0.04215890732337993,0.04342470630881959,0.0446609831702207,0.04586793179985008,0.04698304393462361,0.0479316982263905,0.048853362597598524,0.04974829922360475,0.05061681929512244,0.051459274410790845,0.052276051237318086,0.05306756842604747,0.05383427161511134,0.05457663015675654,0.055295131130574285,0.05599027949405863,0.05666259097078974,0.057312592535175344,0.05794081935309047,0.05854781063889844,0.05913410850005117,0.05970025786805162,0.06024680220634516,0.060774283146495536,0.0612832396085933,0.061774205241208184,0.06224770824421657,0.06270427243729343,0.06314441034634787,0.06356862980968087,0.0639774288035139,0.06437129698940937,0.06475071322719674,0.06511614703257039,0.06546805770459221
MEX,Second,3.4552802958173063,3.534353614378459,3.6160499908697803,3.7034213906134448,3.798194660898592,3.900422429751471,4.0083787254735865,4.1204936509814605,4.238414614224367,4.361965978369752,4.488932508125297,4.621236479879062,4.756694675698967,4.902048769134382,5.055866145099176,5.219412073420899,5.391516349067784,5.572948856339921,5.76620272643778,5.971813054544865,6.190719974117854,6.420148297704991,6.661522375182237,6.916790940756999,7.18655076748767,7.470884511796889,7.767928025884924,8.079787967079374,8.409821303748304,8.760531997460987,9.132741777599653,9.523799224294086,9.934427738875604,10.367858053341026,10.824757739949202,11.30564157808676,11.80654170589799,12.33274218990016,12.888111161558628,13.473781676097747,14.092360777065805,14.737829884422336,15.416407137259613,16.13047178359213,16.881827856900276,17.657465805836917,18.435257094789574,19.220949651743457,20.016324651973626,20.82285641152153,21.64172865437923,22.46833406410974,23.30513281495814,24.15151404471685,25.008074082853664,25.87489773151918,26.74092327717122,27.615496413106804,28.49704350013327,29.386969637953356,30.295855601033637,31.204470058737606,32.123220952755176,33.052841037046974,33.99330117936037,34.94489323662653,35.89491717676559,36.852705622343066,37.8180398120889,38.79036517957691,39.76868654665434,40.73894182458226,41.7156522900754,42.702333464508165,43.702861102291926,44.715663884418774,45.72152507805679,46.735527026823625,47.75683442941168,48.784756191754845,49.81762745142314,0.02135828408215927,0.021707710899210232,0.022075480674816867,0.022468740644191316,0.0228876700088702,0.02333050679584671,0.0237930407015708,0.024261112261344905,0.0247450844913293,0.02524297963394719,0.025747996347648884,0.026263575804875657,0.026776396287656015,0.027322921879274403,0.027894971053676464,0.02849352161890106,0.02911530468466829,0.02975547870213605,0.030423322213801875,0.031118944801748077,0.031842693429398355,0.03258909744936044,0.03335574831915692,0.034149921478574125,0.034971579112260814,0.03582015090839882,0.03669139668084285,0.03758329537323327,0.03850371763836765,0.03945396822105679,0.0404332437511348,0.041436697217681645,0.04246099417420043,0.04351321213586014,0.04459291960679313,0.04569951555510148,0.04682718462365804,0.04797658390251587,0.04915404752814926,0.050359240423031915,0.05159247699167598,0.052847206937275834,0.0541243069689211,0.05542811385434308,0.05675838210571227,0.05807815193807515,0.05934757235972655,0.060571091397748654,0.06175052215090534,0.06288746207456898,0.06392989054341262,0.06481810345653206,0.06567352354308525,0.0664971741066992,0.06729006922716439,0.06805320813241501,0.06878757321299872,0.06949412986800467,0.07017382058029074,0.07082757123324612,0.07145628414042608,0.07206083750476351,0.07264208993747938,0.07320087604594042,0.07373800480554447,0.07425426430159618,0.07475041943940285,0.07522720903447301,0.07568535162607062,0.07612554239643636,0.07654845233519725,0.07695473269705093,0.07734501215265255,0.07771989613187635,0.07807997282333143,0.07842580757857018,0.07875794628721446,0.07907691677121056,0.07938322641631836,0.07967736494821341,0.07995980444623102
MEX,Third,4.692115965037181,4.793459156549256,4.897734271889556,5.0085182349948045,5.12787499311744,5.255865212128964,5.390121419863653,5.52926808135818,5.675097823984921,5.827413129062552,5.983245332368281,6.145178981785576,6.310871298227708,6.487623371845605,6.673816770482189,6.870870798337896,7.077024677488166,7.293541616144474,7.523076393251247,7.766143972961218,8.023709176945644,8.292026202306282,8.573145951247247,8.868989168441047,9.180074793454086,9.506299722577896,9.845022621241757,10.198932933459448,10.57144931848322,10.965202639108076,11.380813808358427,11.814728780674965,12.267922796650787,12.743485743782088,13.241800916998727,13.76306162726475,14.302048971898127,14.864854942487066,15.455023565551057,16.07329824562471,16.722008656271782,17.393436336565678,18.094599565078553,18.827112215217188,19.59225749620944,20.377855006761365,21.161993300330572,21.951580090433758,22.74874679384187,23.555249296851834,24.372480405306128,25.195272182240643,26.02679011372817,26.86653629406684,27.71528029896647,28.573237770762667,29.428367885835648,30.291145753697023,31.160011403583862,32.036585356895856,32.93228444614181,33.82635908810236,34.73021017873878,35.644682039937244,36.56981828447299,37.505987842408175,38.43963992716632,39.380948557716664,40.32975022536747,41.28552976603325,42.247315757084344,43.2002186054171,44.159717492387486,45.12949324089005,46.11358156355033,47.110390087668584,48.09975215980576,49.097641537270064,50.10322837921516,51.1158314765922,52.133768028859514,0.029314886016227996,0.029713944360368297,0.030132252179419658,0.03057768295435723,0.03105019117058459,0.03154750735541106,0.03206456011421676,0.03258559774420568,0.03312193363058221,0.033671215485287474,0.0342257613825218,0.03478934842604962,0.035347534659999916,0.035939459519116354,0.03655592110243861,0.037197633219913935,0.03786066720110747,0.038539729318668996,0.039244262808005394,0.03997397057770092,0.04072880247960292,0.04150255388359766,0.04229256924383173,0.04310591362313747,0.043942112809578604,0.0448001423932407,0.045675243046163584,0.04656520202892438,0.04747744596347874,0.048412826294584786,0.04937006316882307,0.050343887567867084,0.05133081138145872,0.05233721288542495,0.05336220528020088,0.05440474566245606,0.055458825350013216,0.05652491497485437,0.05760843553517456,0.058708588138612905,0.05982519793685984,0.06095170964463817,0.062088765201236615,0.06323972899624347,0.0644039160640696,0.06554922822491531,0.06664196474667902,0.0676872404558795,0.06868762698311641,0.0696454092283983,0.07051481732420836,0.0712437945596882,0.07194177650859883,0.0726100778529401,0.0732499593675763,0.07386263395098726,0.07444926402157936,0.07501096733793841,0.07554881290036722,0.07606382689297403,0.07655699280079842,0.07702925220452302,0.07748150475229117,0.07791461395208112,0.0783294052879392,0.07872666969539237,0.07910716117124474,0.07947160382420572,0.07982068800799703,0.08015507556019656,0.0804753978632223,0.08078226003949855,0.08107623960647511,0.08135788903281484,0.08162773719275038,0.08188628961707536,0.08213402822645943,0.08237141594340783,0.08259889336139142,0.08281688383254168,0.08302578998469824
MEX,Fourth,6.395427567065946,6.527128449124465,6.662210827343883,6.804899846494858,6.957680305500543,7.120634261113943,7.290527873967993,7.466314712860702,7.649980241706945,7.841311764229828,8.036305604186863,8.238474006368886,8.445278417790918,8.664752306606442,8.8950628525657,9.13783681512403,9.390512466251508,9.655051432992186,9.93434579379421,10.228915375429045,10.539784458058984,10.861921725030912,11.19827812247111,11.550793364208678,11.919934827776249,12.305412476432721,12.703568459010317,13.117931167640815,13.552090509444078,14.00892017824012,14.48886024812708,14.987222460652607,15.505427171500287,16.04654323341109,16.61071596947392,17.197865626419137,17.801182844794024,18.428004344234047,19.08170640052871,19.76273983186482,20.473307043835494,21.203541744246763,21.961841724920113,22.749204119538714,23.56656594607524,24.40223168641451,25.23350385702808,26.068896237241756,26.910959579724327,27.761774160489793,28.6229608031397,29.48836133229026,30.362177838486378,31.244002293270242,32.13479167692037,33.034887176174365,33.93052423175049,34.83393308240112,35.74349162991404,36.661097097786254,37.59953450921714,38.53531678664229,39.481508301388736,40.43908300210606,41.40815202818372,42.389163052389215,43.36685957455135,44.35292925714043,45.347251445954214,46.34932217907664,47.358153396868,48.35704988160116,49.36337472215274,50.38109451769163,51.414545874489704,52.46206360097688,53.50129779750722,54.55014472913255,55.607749117635336,56.673412468708605,57.74537444319631,0.04042369193895582,0.04087472398333584,0.041346196288919466,0.04184672598969442,0.04237586884687243,0.04293072959844977,0.043505452867395294,0.04408211803687489,0.044673260995495234,0.04527608991744967,0.04588213717813231,0.046495352268745675,0.04709987016679879,0.04773829613806946,0.04840022076542368,0.04908603159197458,0.049791265688296824,0.05050985683137153,0.0512515635187733,0.052015676674149115,0.052801736809414856,0.05360304214113181,0.0544164133525797,0.0552488717743296,0.056099544321732316,0.056967018487439854,0.057846224505428874,0.05873453852768619,0.05963908319571335,0.06056025343121224,0.061496370162323,0.06244200136803166,0.06339340252083352,0.06435645078552095,0.06532993005979645,0.0663124958583443,0.06729829928684365,0.06828738755720543,0.0692845111380711,0.070288565681256,0.07129900079404068,0.07230972646719175,0.07332091900429259,0.074335320694401,0.07535198257883843,0.0763427163125684,0.07727913921528158,0.0781666660761876,0.07900846663932219,0.07980736199563185,0.08052851982520358,0.0811335065375236,0.08170918482516938,0.0822570808239272,0.08277863602165741,0.08327521281780478,0.08374809984420654,0.08419851374657983,0.0846276062263229,0.08503646503495634,0.08542611841573854,0.08579753870895945,0.08615164468683337,0.08648930607570313,0.08681134568741024,0.08711853986076587,0.08741162534908833,0.0876912981698894,0.0879582181512094,0.08821300870216629,0.0884562605650756,0.0886885332238586,0.08891035755275878,0.08912223483148804,0.08932464210764296,0.08951802985233,0.08970282648183625,0.08987943858555812,0.09004825008697005,0.09020962783983139,0.09036391814033974
MEX,Fifth,8.125396266592462,8.285073663089452,8.448235835334643,8.61962622330122,8.802129130394105,8.99586138904569,9.196703763706191,9.404241455354745,9.620468150923235,9.845177912718448,10.073352641932802,10.309443677978896,10.550950847200273,10.805958370585392,11.072544252068539,11.352492463335807,11.642415399294146,11.945091094595053,12.263434386838092,12.597931400817671,12.949614496525959,13.312193846193024,13.689588870605956,14.08356341035732,14.494488784349306,14.921857052770182,15.361024395596106,15.816378532943522,16.291445876296653,16.789242832515143,17.309986270243453,17.84793130599325,18.404985869971007,18.98396880130699,19.584746334372845,20.206934584627035,20.84230458069756,21.499313827693403,22.18094556327165,22.88732092623946,23.62044094650215,24.368603150309443,25.141398416563746,25.93908004788689,26.76221493465491,27.60062459143777,28.432216008054514,29.266822535384293,30.107338080127633,30.95610358330122,31.81491764206685,32.67688462572204,33.54702669891709,34.42501489392138,35.31194886305789,36.20826665700704,37.098996951742,37.997636713778064,38.90252936278668,39.81576678032268,40.75104439147306,41.6830330519889,42.62593014298207,43.58079235382862,44.54777344377975,45.52737130672962,46.50323820653982,47.48804921680629,48.48171051308211,49.4837270050112,50.493102086967085,51.492042745288636,52.499073483331145,53.518328812187235,54.55431280686308,55.60531356811931,56.64770352676184,57.70051510138342,58.76287786869406,59.83408025243562,60.912317644088304,0.05184773717722606,0.052319864952285446,0.05281173226105294,0.053332068534259196,0.05388011515352382,0.054452568714524544,0.05504310015074621,0.055633226600326234,0.05623565283200804,0.05684737880145044,0.05745970577313014,0.05807658593074737,0.05868211288684998,0.05931870307669204,0.059975607592003155,0.06065288351426793,0.061345788100051736,0.06204816150685427,0.06276923984303544,0.06350797414601678,0.06426355774399917,0.06502919605026167,0.06580165968615362,0.06658731049003475,0.06738497771698748,0.06819299485531592,0.06900632560054679,0.06982236372565986,0.07064736447291281,0.0714813386206299,0.07232240711910166,0.07316535498359639,0.07400666106755802,0.07485125995365648,0.07569776625736606,0.07654471088434156,0.07738677591680267,0.07822389312515243,0.0790598274768195,0.07989335029068358,0.08072371589538688,0.08154562033784385,0.08235910799287675,0.083166140103607,0.08396569578962575,0.08473582555220316,0.08545538920516721,0.08612977965568486,0.08676245989192312,0.08735650095498064,0.087886255143816,0.08832412387469782,0.08873708339931055,0.08912670170669428,0.08949444054018858,0.08984166257235925,0.09016963872962942,0.09047955335550728,0.09077251233083318,0.09104954835021635,0.091311623277885,0.09155963687506127,0.09179443035474735,0.09201678702330152,0.09222744151145836,0.09242708052566825,0.0926163444114674,0.09279583388236198,0.09296611095348145,0.09312770169134035,0.09328109881223201,0.09342676532402648,0.09356513192461195,0.09369660661319129,0.09382156897891317,0.0939403768551731,0.09405336562125603,0.09416084993643976,0.09426312692961629,0.09436047494381247,0.09445315576954494
MEX,Sixth,10.627555881904161,10.82679938333978,11.029620717555902,11.241425522521899,11.465637045916777,11.702436776881315,11.946440271377934,12.198260538419792,12.45985852168061,12.731055925841693,13.00537750097124,13.288648246599674,13.578490338937899,13.882891816314116,14.199863089273439,14.531404392055451,14.872944118309388,15.228478464348541,15.600927263655889,15.990748092389472,16.39899768100922,16.817618038421575,17.251966939706794,17.70356520242332,18.17267991963085,18.658536831788567,19.15511564044768,19.668072145632372,20.200862562777274,20.756738981918655,21.33565529587407,21.930432515504645,22.543754927631504,23.178158484725177,23.833204266360628,24.50817331064065,25.192899148963473,25.89750841126993,26.62455731689264,27.37383277262097,28.14718067503282,28.930405987925234,29.734943233418143,30.560207384714158,31.406431688914672,32.26530814966605,33.11509307390466,33.96747109492764,34.82576082313177,35.69261953017366,36.57004414860229,37.44996477510394,38.33859830111915,39.23568832539241,40.14249842468386,41.0595683831872,41.97002988071573,42.889262685522866,43.81552003639204,44.7511499887311,45.71122260845863,46.66749834840007,47.63591321558049,48.61762857231132,49.61284136350083,50.62210412610127,51.627267362128826,52.642578888182506,53.66796649675591,54.7029271544999,55.74643189616967,56.77880824325479,57.82049914995737,58.87589478316193,59.94977221076537,61.040336168990734,62.12173415252978,63.21494415273939,64.31906012160064,65.43333984704476,66.55589430810797,0.06857076423528251,0.06904903837529774,0.06954575710116244,0.07006942357958101,0.07061875531291766,0.07119000159130022,0.07177664986373683,0.0723597463569172,0.07295194144749237,0.07355005701066404,0.07414560190805362,0.07474219521142593,0.07532425064527992,0.07593298755750702,0.07655752736990659,0.07719748601783263,0.07784812310990932,0.07850311088681879,0.07917085052952481,0.07984994081643604,0.08053919961270806,0.08123223056467771,0.08192561158210876,0.0826248413500298,0.08332848068603652,0.08403469649257708,0.08473887829360477,0.08543833739261521,0.08613819032784854,0.08683799297583643,0.08753576639078321,0.08822697035524772,0.08890838074804769,0.08958378887083328,0.09025176225988583,0.09091083496599023,0.09155677723043434,0.09218917136923027,0.09281065494365574,0.09341999644599114,0.09401630664538327,0.09459572817751838,0.09515793661570708,0.09570412250802632,0.09623330867346451,0.09673093462007014,0.09718450342881406,0.09759891831838319,0.09797773962287776,0.09832412296562772,0.09862734402429733,0.09887751957637951,0.09910854734927302,0.09932195276874117,0.09951913554071573,0.09970138127031566,0.09986986881756271,0.10002568250192544,0.10016981854969603,0.10030319089851003,0.10042664057078299,0.10054094161609008,0.10064680411938574,0.10074488166773342,0.10083577580422713,0.10092003942978546,0.10099818222116726,0.10107067252659978,0.10113794218343461,0.10120038716137342,0.1012583755347114,0.10131224262520985,0.10136230042363885,0.10140883378865993,0.10145210759595001,0.10149236501274526,0.1015298306424039,0.10156470963350403,0.10159719562825474,0.101627462759843,0.1016556751118419
MEX,Seventh,13.391003242595515,13.629074435512148,13.870222632648526,14.120385224130223,14.383564564996915,14.660045102321543,14.943043311472579,15.234793856325089,15.536916301360073,15.849304244545815,16.16394219697218,16.488170024643505,16.82012545156118,17.166594116080617,17.525726513375925,17.89970088893056,18.282641085083892,18.68006781066233,19.094588629928683,19.526587091302908,19.97709119457385,20.43618486538565,20.910903859570034,21.40223002553187,21.91027495190526,22.433949483747735,22.965816029289293,23.51296133894847,24.0784573850599,24.665708157142404,25.274355572807185,25.89581017749483,26.5336722914625,27.189888396909893,27.863666519459407,28.55391554553736,29.24865496353496,29.959676775324365,30.688821881505476,31.43550757696123,32.20136315282246,32.969971553226,33.75452755346057,34.55342527607244,35.36655249890463,36.18888010265569,37.00071491575975,37.81531019588641,38.636312628807005,39.466608699006315,40.30832228546571,41.15243667590188,42.006121008889856,42.86915574650133,43.742905864497835,44.62796444855204,45.506066675828734,46.3939741799997,47.28986094651595,48.19623822141774,49.12908871711745,50.05815001363219,51.00055052659982,51.957499466609505,52.92920270384829,53.91622796575866,54.899253116831666,55.893545523840196,56.89903229715842,57.915193494596,58.94096701706061,59.95554007497927,60.98051996229879,62.02043387729869,63.08019568690826,64.15794380720227,65.22654603771544,66.30809958802881,67.40166324233714,68.50646886436103,69.62056996583365,0.08726167049015664,0.08769403564885847,0.08814050617165241,0.08860834896914233,0.0890959814604167,0.0895996346737416,0.0901131453829096,0.090619866385873,0.09113062843889759,0.09164248657485578,0.09214804067337926,0.09265034857792438,0.09313642256678288,0.09364028828940328,0.09415241447843466,0.09467202354712993,0.09519478937691199,0.09571537543035691,0.09624004478208426,0.09676718956941262,0.09729539090025331,0.0978192602900702,0.09833597938071088,0.09884924010024795,0.09935751568076417,0.09985901874006481,0.10035005884872458,0.10082856232301417,0.10129765839617283,0.10175657543377621,0.1022035225789008,0.1026351567370698,0.1030492570241613,0.10344780019772004,0.10382951750613564,0.10419317044528309,0.10453608879829998,0.1048579456909523,0.10515975697077683,0.10544050163318087,0.10569935560088671,0.1059342709716242,0.10614499438653464,0.10633164635306522,0.10649349606625928,0.1066265737334447,0.1067296357070454,0.10680660229230443,0.1068606568183803,0.10689459759942463,0.10691010981369657,0.10691124785112849,0.10690275436880897,0.10688586457654159,0.10686168747012705,0.10683121712176083,0.10679534278374894,0.10675486103523397,0.10671048351526677,0.10666284546709458,0.1066125142463935,0.10655999654910828,0.10650574229679918,0.10645015047185867,0.10639357696177007,0.1063363356039596,0.10627870316560664,0.10622092548219499,0.10616321702537396,0.10610576515955103,0.10604873444570743,0.10599226720177832,0.10593648606080343,0.10588149726373129,0.10582739099361413,0.10577424274529118,0.10572211540859822,0.1056710622617465,0.10562112504545475,0.10557233713367639,0.10552472394347161
MEX,Eighth,18.260397979759773,18.565419633164638,18.872568665666144,19.188577277022638,19.518413395879545,19.86257430443459,20.21184604402908,20.571505209690848,20.94250858352502,21.324911442696454,21.708000874237985,22.101820936462737,22.505505928798048,22.923513170802,23.354341011062132,23.80047866644154,24.25378141906541,24.722513469566273,25.20872250726147,25.712714307882653,26.23550479069243,26.764000079760866,27.308253012925427,27.86835681189982,28.444224721978017,29.034310463390092,29.628767324698153,30.237241178875905,30.862216004450048,31.50743484897561,32.172106307206185,32.845298337795285,33.532331228607774,34.234295045955264,34.949941193100415,35.677698098494375,36.40253672775202,37.13926426628861,37.88873056078243,38.6499201520106,39.42429201677473,40.19168276331883,40.96857324648708,41.751934949174874,42.541320460687615,43.336652359891254,44.12065180270711,44.9092843179772,45.70666254434244,46.515979504125546,47.33949232915649,48.166282026459925,49.005260343599964,49.85621156842508,50.72062355795902,51.599132341903065,52.47067159363735,53.35462550998565,54.248968516939996,55.15648499610131,56.09494768098135,57.02997168638484,57.981065261588355,58.949512908154176,59.93552044615889,60.93967301423455,61.9401149311259,62.95425399649196,63.981999493947654,65.02278228872463,66.07545716137456,67.1166207887037,68.17044651627185,69.24175400816782,70.33576919872431,71.45049669547441,72.5558008966459,73.6763734613406,74.81120224378182,75.95945762290293,77.11906351949483,0.12064205947477186,0.12094259068791585,0.12124972661239876,0.12156779009786033,0.12189456312126508,0.122226564819786,0.12255935054536272,0.12288078892948492,0.12319804357622514,0.12350881344439009,0.12380868972446973,0.12409901415389704,0.12437187016230968,0.12464743100376542,0.1249191352734704,0.12518560302957338,0.1254440394648451,0.12569061541825036,0.12592783927722367,0.12615401189982253,0.12636752024437034,0.12656571951702889,0.12674645752110808,0.12691052845424788,0.12705650539162477,0.1271829962770786,0.1272885381333382,0.12737173593227288,0.12743251344579198,0.1274696179764916,0.1274818352741617,0.12746842359267682,0.12742865966776107,0.1273617533301385,0.1272669284980155,0.12714353109889998,0.1269920142578104,0.12681167070471283,0.12660114562306787,0.12635991798859644,0.12608734155911863,0.1257848800479408,0.12545186146060988,0.1250870332349385,0.12469013535036909,0.12427247048002245,0.12384915360367019,0.12342172188344802,0.12299228722715244,0.1225626850990096,0.12215985891520732,0.12181674045798126,0.12147854186836038,0.12114592205385427,0.12081942541508672,0.12049949659809929,0.12018649426573012,0.11988069908080717,0.11958232780880768,0.11929153578801087,0.1190084307783122,0.11873307282539824,0.11846548755773191,0.11820566532162725,0.11795356805336198,0.11770913412211026,0.1174722796297341,0.11724290513769334,0.11702089252383305,0.11680611573341736,0.11659843499813376,0.11639770340246666,0.11620376742595638,0.1160164667386013,0.11583563892731,0.11566111830857101,0.1154927368673042,0.11533032542273809,0.11517371561759418,0.11502273795407142,0.11487722530798099
MEX,Ninth,24.61851092264576,24.994622631940135,25.369630315712623,25.750741531421248,26.144223255111747,26.550993564039825,26.9586879727695,27.378130216768422,27.808438636388072,28.250033774195348,28.68893313666736,29.138714727114507,29.601000833894332,30.073848160506493,30.556914803301883,31.05298413762693,31.55103890952554,32.063507203288225,32.59082027409193,33.13312387914312,33.69133562703242,34.24857239790239,34.819112281135006,35.40119304462147,35.99443427296031,36.59671478884708,37.19544977839269,37.80375797321482,38.42263729847381,39.05610123180308,39.702847479612146,40.34947687596077,41.0037357972509,41.66500698080538,42.33152210907657,43.00119036255966,43.656014616306145,44.31431505413587,44.975219584093054,45.637275746930605,46.30175199923107,46.94512676048636,47.587468169005554,48.22385171683977,48.85358120763905,49.48545900793189,50.108751763118455,50.7415824378581,51.38821303060077,52.05185087255817,52.7346280400861,53.423970536940416,54.13000463406279,54.85234091168589,55.5923819797408,56.350628599348944,57.103994651791545,57.87355225562945,58.65701602720533,59.457217256001606,60.29286143529797,61.126958172708804,61.98036680374635,62.854302454961406,63.748862560547835,64.66453591560524,65.57805768108994,66.50792030053054,67.45394656410029,68.41546608725692,69.39122599392097,70.35658259270957,71.33686845188696,72.3369637193037,73.362150766765,74.4103031154026,75.45003132329823,76.50705327239011,77.5802743518756,78.66879289343026,79.77043870335775,0.16489366387518536,0.16484931762614544,0.164793261100928,0.16472301897986716,0.16463692859407145,0.1645337981014761,0.16441326174982362,0.164278675215832,0.16412668665655322,0.16395733174567992,0.1637726330572394,0.16357133675031438,0.1633590919796796,0.16311989135476246,0.1628559019070514,0.16256551788571735,0.16224919622270723,0.16190891862514734,0.16153888046500042,0.16113799870610077,0.16070512362405207,0.16024262953944973,0.15975183357164005,0.15922747814765453,0.15866894777360527,0.15807606176411193,0.15745130344136296,0.15679624838933592,0.15610484555570078,0.15537581284753696,0.15460946096980194,0.1538093221007165,0.1529783439843322,0.15211079454895304,0.15120702415978254,0.1502675993435201,0.14929748058960174,0.14829676262680896,0.14726014465431272,0.1461881425520856,0.14508077997752825,0.14394403208755652,0.1427778820152295,0.14157870052507487,0.1403471317466943,0.13911851086150284,0.13793126270665945,0.13678267190671609,0.13567207197340247,0.13459879661935883,0.13360917054756824,0.1327563254127745,0.13193386837260404,0.1311410726453323,0.130377177130933,0.12964139569997865,0.12893292729031464,0.12825096093471844,0.12759468125035867,0.1269632750321345,0.12635593482687763,0.12577186102867366,0.1252102651502033,0.12467037338026286,0.12415142531061053,0.12365267777397315,0.12317340634606512,0.12271290410081524,0.12227048279270299,0.12184547427120224,0.12143722985497914,0.12104512016140698,0.12066853688961167,0.12030688998489614,0.11995960966811602,0.11962614350497613,0.11930596106311363,0.11899854779495704,0.11870340769360319,0.11842006352682688,0.11814805392453379
MEX,Tenth,58.050008488200966,58.73072639845862,59.38670287329904,60.025029496969964,60.65897850243404,61.29280312866162,61.89832790052512,62.52221945855766,63.15056812469888,63.78669732716906,64.40051891651143,65.02469430367105,65.67792402980781,66.31404451071663,66.94204708273298,67.56647730568197,68.16229700138423,68.7659974513605,69.36784768302574,69.96798319820147,70.5675010681659,71.13189419534652,71.69888576386006,72.25665208434785,72.80438160601891,73.33832144592937,73.8336853259696,74.3224101311065,74.79785754805717,75.26624148506626,75.72512824623293,76.15088061781923,76.56494380454815,76.95904192878866,77.33048402296133,77.67633447911138,77.96611916022817,78.23610603860546,78.47856109712572,78.69174352943837,78.87765391423724,78.99861513847617,79.09305936714439,79.14927832790806,79.16722952160929,79.1941097448416,79.24354603639051,79.3419540114023,79.49241139487928,79.69658163522134,79.95458273930944,80.2441181734285,80.58071098154436,80.96226091262645,81.38897022190984,81.86001659280547,82.34084149409846,82.8609602651302,83.41631585456084,84.00962967626705,84.66457646017018,85.32909788954412,86.0316160285307,86.7728422676191,87.55220406251995,88.36961157864134,89.19271512285557,90.04682270032414,90.93122321063682,91.84464102021563,92.78516483728794,93.71927508544029,94.68037239263313,95.67386728252336,96.70563944703191,97.77288298421566,98.83437944748638,99.923975744175,101.04013536429221,102.18156136272518,103.34550732714816,0.40524243861164155,0.4021778805785527,0.3989950782280487,0.3956391496960315,0.39211739103685667,0.3884530198631158,0.38468756724721637,0.3809406776555681,0.3771311748426598,0.37327865803466054,0.3694376248269511,0.3655835714266687,0.3618158583953305,0.35786925079824194,0.353812261224574,0.34964573248579933,0.34539945992451937,0.34111220650766316,0.3367278034736769,0.33225335748287305,0.3276943539977457,0.3230917289685563,0.31846516592223173,0.3137762317866495,0.30903188200225434,0.3042417911857711,0.2994351814356387,0.29462694600058037,0.2897793842613528,0.28489177541123034,0.27997426188828317,0.2750560843008234,0.27015653239886833,0.26524538496551014,0.26032918856152587,0.255414832386483,0.25053129763781695,0.2456772112866922,0.24082871729464783,0.2359908079479873,0.231165558324881,0.22638136976149797,0.22163568454149835,0.2169145088197698,0.2122210969007504,0.20768230172893973,0.20342247170357652,0.19941060170482808,0.1956271855226993,0.19205513166314928,0.18885098992796642,0.1861869400469043,0.18366135716719115,0.18126585424166516,0.1789926499914283,0.17683451742548842,0.17478473979691134,0.1728370637132374,0.17098566522294562,0.16922511114610053,0.1675503298122112,0.1659565831933639,0.1644394401737389,0.16299475352631632,0.1616186372245874,0.1603074480478505,0.1590577697661723,0.15786638997371502,0.15673029452955153,0.15564664617782062,0.15461277598214787,0.15362617008349538,0.15268445971927458,0.15178541317744731,0.15092692136602395,0.15010699671558692,0.14932376059829996,0.14857543666102865,0.14786034599360018,0.147176900028613,0.14652359566676545
NGA,First,0.6685283255402298,0.6760943909628309,0.683006306216295,0.6904687700965144,0.699364711661999,0.709830068861249,0.7201045772047038,0.7315881851961397,0.7444253003110289,0.7586991134137314,0.7745139508594028,0.7925329061189739,0.8132997058754076,0.8368942971014754,0.8626127409797294,0.890988432115602,0.9205079285645815,0.952945731151953,0.9887907634911768,1.028208781209974,1.070661444592061,1.111815814392756,1.1560518275772382,1.2036327561844218,1.254640368695343,1.3079649783977167,1.3579124716094697,1.4105597650516664,1.469561705128083,1.5396634095479913,1.6152663336545314,1.6935881611478998,1.7763256400383594,1.8639481039782184,1.9564058445858015,2.0535191435598374,2.1523892727943297,2.256254470182825,2.366030248792356,2.4817267320815772,2.604221175184626,2.7182795656314527,2.831997255717194,2.9503001953661823,3.073182674242908,3.208099006458299,3.3513490328597095,3.50353735644013,3.661823180247921,3.8264937475888474,3.994068449341624,4.1581728399153945,4.328773785826547,4.505949853514743,4.690296459200758,4.882100040416792,5.076164722544545,5.276628526142727,5.483375219934156,5.696809025182995,5.918599125870509,6.143605090743998,6.377025423202543,6.620033666701299,6.872798175482199,7.135832167278945,7.403097514490008,7.678536889012618,7.962580316627125,8.242609989087647,8.52066913328428,8.797321068790344,9.079274892812895,9.369335760372444,9.670564556324903,9.98178645000155,10.293956115557759,10.612956459193866,10.938550032317842,11.270265340629997,11.606772435378337,0.007147582575640016,0.007226969418238306,0.00730574301265287,0.007389199709496621,0.007479616860985375,0.007577597455400799,0.007673193434811465,0.0077733063832818245,0.007881177543655795,0.00799725516558095,0.008120864260141912,0.008272672778947122,0.00844528215227874,0.008640226377153335,0.008848442407807204,0.009071322777561413,0.00929961596095069,0.00954054784452573,0.009797695123756806,0.010071398596817554,0.01035184233635735,0.010603550464290902,0.010865878485185738,0.011141687490488153,0.011430886767800859,0.01172301930267111,0.011973029787167,0.012229579565321358,0.012523409472162553,0.012889357228424906,0.013270220508669398,0.013655488550563312,0.014051049560752676,0.014458967910616984,0.01487880741232109,0.015309973803845701,0.01574211637350907,0.016183461593478853,0.01663653925883292,0.017101064835243256,0.01757784858126104,0.017980263175660413,0.018355564745657943,0.018736509010881735,0.0191229383284846,0.019555866795169543,0.02002521115257781,0.020521215814609396,0.02102258048808204,0.021525474045459944,0.022010028719896057,0.022458280730318782,0.022911211474445813,0.02337023076085654,0.02383572176320438,0.024307796489334187,0.024776009080672422,0.025248103663412402,0.025724950990497878,0.02620686392332209,0.026695417112287,0.0271804836746414,0.027670061666497495,0.028166012217909715,0.02866828484462881,0.029177056626712577,0.029682797356810658,0.03019208561931604,0.030705997620106805,0.0311896727197023,0.0316525199828556,0.03204364758724262,0.032219366931681565,0.03239536186861073,0.0325717639146532,0.03274868073616347,0.032924650085718016,0.03310049368510225,0.03327712095802706,0.033454638434063384,0.03363316081024898
NGA,Second,1.260642998173798,1.276312591040291,1.291268431947049,1.3072853890174063,1.32568318429247,1.3467125567510314,1.3671305925458892,1.3897504672337055,1.4148415301292885,1.442590696123706,1.4730988419710245,1.506792239200445,1.54517120919771,1.588415030964513,1.6355839479440153,1.687507800680708,1.7412583283965595,1.800182497882197,1.8650307421732955,1.9360911951242867,2.0126594297340836,2.0877600404848815,2.168434857275219,2.2550890830854606,2.3478747094761663,2.4452684225345256,2.5383630057700426,2.6365435434773787,2.7449532907209795,2.8702498977487667,3.004630158893534,3.1431172967910617,3.289043937144083,3.4430924713642854,3.6052100286252884,3.775163933656084,3.947638835533466,4.128265852771225,4.318327834491382,4.517859405215677,4.728100772980398,4.926911648151883,5.126720520530366,5.334181179122626,5.549332638912704,5.782183034879303,6.0258992240072935,6.282798677224088,6.5491611413444835,6.825460344478355,7.107204379222247,7.3841260519587415,7.671048348287006,7.968086237374273,8.276078742872679,8.595438783657698,8.917109981455333,9.248465865773593,9.589324433001275,9.94026965108559,10.303756194241616,10.670568445054826,11.049553454223576,11.442282593003446,11.84898824855476,12.270362022384148,12.696019039519754,13.133194908899966,13.582423517999388,14.027899356481951,14.47221817985548,14.913127803948838,15.36172444962466,15.821841110612631,16.297620943820476,16.787525900339908,17.276958738808258,17.77603138871293,18.284413192418324,18.801492164288415,19.325506336244533,0.016371519968048073,0.01650633144692986,0.01663965550073329,0.016780662911160104,0.016933103354204213,0.017097865378671726,0.017258148049079356,0.01742526968256301,0.017604777918298772,0.01779726010187957,0.018001443986354816,0.018253165636798456,0.018538372690958937,0.018859075513099382,0.019199321488460954,0.019560949356984984,0.019928850818277975,0.020314062945783716,0.02072202527368959,0.021152766310857527,0.021589922435011046,0.021977498643402024,0.022378328267637273,0.022796668339993404,0.02323201158617079,0.02366783026458182,0.02403551520787639,0.024410206037163776,0.024838433695787688,0.025371418146003136,0.025921171823483954,0.026472515844265142,0.02703349774310209,0.027606883477516355,0.028191770270732327,0.028787079797200785,0.02937867169635416,0.02997748239868041,0.030586806766367006,0.031206022486705762,0.03183592708285255,0.0323598567940709,0.03284308828454348,0.03333023823762845,0.033821034551923236,0.03436939557618083,0.034961665766974355,0.03558355316250896,0.036206911321385246,0.03682674746379916,0.0374180076133109,0.03795949969603071,0.03850278757877295,0.03904961552678064,0.03960035322255241,0.040155056775126485,0.04070169693367896,0.04124915832406678,0.04179850847852673,0.042350061631993986,0.04290551187112274,0.04345358448540262,0.04400313154045482,0.04455624164739556,0.045112789704219176,0.045672894750952986,0.04622631469681839,0.04678010024335541,0.04733545051245679,0.047853593280994006,0.048345633234449216,0.04876115375907235,0.048954304310139064,0.04914735771078608,0.04934045685661293,0.04953371755497282,0.04972554947540282,0.04991685102183531,0.05010861161773709,0.050300945476420424,0.050493972158377386
NGA,Third,1.6459722212270265,1.6670569161669244,1.6874445217704344,1.7092041142438683,1.7339036246110662,1.7618672754945937,1.7889054879822603,1.8187901670404913,1.8518399593413286,1.8883116660989296,1.9282835207233757,1.9716754484109964,2.0208040216860823,2.0758917312814145,2.1359774501823745,2.2020551804710227,2.270283136998585,2.3450343481393867,2.4271649901583765,2.517025961290902,2.613951358233054,2.709717988761626,2.8125695305085276,2.922943213062387,3.0410240876284322,3.165204769791824,3.285230568097465,3.411841659109216,3.550502490611781,3.708302574303885,3.877120508105611,4.050616798164774,4.233171595366067,4.42553052162518,4.627620984710258,4.839162667085807,5.053344754992227,5.2772491841561795,5.512289047125711,5.758487912622174,6.017247855212906,6.264377761087749,6.513990123552501,6.7728687152104285,7.041071737725493,7.328820130679582,7.627275832522704,7.940262831432322,8.264184127277003,8.59973518523868,8.942539359920959,9.28042765063216,9.629902343458488,9.991020935231377,10.364722570578257,10.751456874598906,11.139945463957922,11.539442220517941,11.949656083036299,12.371234377334186,12.80701302178833,13.245451921234823,13.697450675234691,14.164684384924184,14.647382298798409,15.146285298765273,15.648588201885177,16.16338503605431,16.69116757207036,17.216410561963755,17.7415566158536,18.261708659082064,18.79034307022625,19.331738955667337,19.89053393712656,20.465004797664413,21.03767189401114,21.620901951889426,22.21425561489123,22.817037771175332,23.427268767525813,0.023262024021049148,0.02342529288605889,0.02358654173169321,0.02375670821287419,0.023940269508550403,0.02413823355924922,0.024330410986859084,0.024530511296011682,0.024744975319298763,0.02497442847740544,0.025217271147321762,0.02551466792571474,0.025850336282175663,0.02622625528323433,0.02662373518944113,0.027044711626720265,0.027471345142448537,0.027916520759410906,0.028386198913494625,0.028880134795826212,0.02937973204673615,0.0298220262760543,0.030277901820905975,0.030751907995189582,0.031243275247254208,0.03173361896516884,0.0321474408225816,0.032567903760793,0.03304557767348194,0.03363533135783364,0.03424087320460991,0.03484526498198678,0.035457443725728385,0.03608024387463556,0.036712546493333935,0.037353054840490126,0.03798642417978552,0.03862456573692776,0.03927085757587912,0.03992452546795836,0.04058631916401325,0.04113643143316438,0.04164309133270799,0.04215205528765314,0.04266301598298239,0.04323028732669417,0.04383902870546296,0.04447480084771654,0.04510930340213416,0.045737660941212,0.04633529173393675,0.04688137396127698,0.04742725699396905,0.047974619781897196,0.04852381746138164,0.049074879037867634,0.049615774314467606,0.050155493923145986,0.05069504412382725,0.051234730692677886,0.05177622439895269,0.05230844336911642,0.052840180673110373,0.053373414737297946,0.05390800278756226,0.05444404126264555,0.05497161984045809,0.055497637448350456,0.05602320457872472,0.05651271178057386,0.056976658862274716,0.05736614350085229,0.05754233007006863,0.057718189705755554,0.05789385184050674,0.05806942404224014,0.05824346266985895,0.05841678819357194,0.05859029746350989,0.05876409144193863,0.05893827816942848
NGA,Fourth,2.1755860050788547,2.204222303087947,2.2322238970763464,2.2620322932120946,2.2955299520127617,2.3331417481795387,2.3693803966725078,2.4093438193429595,2.453425690283776,2.5019814042593618,2.5550397566098337,2.611849648926952,2.6758419509807925,2.7473083896697577,2.825266678997997,2.910927166771994,2.999184554268173,3.0958222236269783,3.201842675078112,3.317686981050489,3.4427352186739677,3.5670360871740665,3.7005081500993646,3.843641065303441,3.996669195394895,4.157872961071808,4.315112745013725,4.481012359710439,4.661493595922744,4.864259577580423,5.080705802401186,5.302634191195398,5.535881967316554,5.781288877633972,6.038768270621729,6.307992972118018,6.5800925066733384,6.864134375572062,7.1617101334938225,7.472845417969431,7.7991593113472115,8.113395751876945,8.43209498437507,8.762324357684955,9.104178486990657,9.468331035820395,9.843222338523463,10.234724115909668,10.639312503918157,11.05794783614038,11.486295782195954,11.909483471545709,12.346534083953811,12.797460323012974,13.263343720446532,13.744698511649144,14.227168404009936,14.722632847558732,15.230688042705435,15.752082705295793,16.290173750103257,16.83017352657475,17.38584211633345,17.959023016883638,18.54996686911193,19.159502530272615,19.77145438006705,20.39755901495212,21.038292696318628,21.678026565090708,22.319112445389617,22.95320466808664,23.59710098982024,24.25568749356851,24.934257877042576,25.630872113340754,26.324002551295326,27.02922525996522,27.74599252306305,28.47351855640471,29.20955636649891,0.033641128378560904,0.033834367218964025,0.03402488994143209,0.03422576319396824,0.034442197760446054,0.03467529351698187,0.034901228871964486,0.03513595514895899,0.035387117519023376,0.03565533677991012,0.03593863844334535,0.0362861191405304,0.03667755173246263,0.037114866230558555,0.0375756306342241,0.03806180480525351,0.03855273094923037,0.039062867096375485,0.03959887135703271,0.040160145378325414,0.040725016464660035,0.04122195809228595,0.04173207089242324,0.04226038984435519,0.042805840092276407,0.04334756753459535,0.04380142632352241,0.04426086776443157,0.04478210190611562,0.04542514640809831,0.04608217934674327,0.04673486433426102,0.04739268779467163,0.04805864455943633,0.048731417807968275,0.049409533558083016,0.05007689109619768,0.05074591802893113,0.05142013217248882,0.05209863968722645,0.05278211532028568,0.053345766641858146,0.05386175648455718,0.0543780779818717,0.05489440902364428,0.05546659827155592,0.05607914372743927,0.056716426576747775,0.057349345131698745,0.05797296989503008,0.05856269339478458,0.059098467919903676,0.05963182049139132,0.06016444734310406,0.060696678394688605,0.061228527415127056,0.061748543947630616,0.06226532722406073,0.06277989543311724,0.06329254491723495,0.06380483357360979,0.06430642689855291,0.0648055505839706,0.065304087143959,0.06580189188882601,0.0662990386544272,0.06678648790617972,0.06727057034596584,0.06775234605115361,0.06819869212326048,0.06861974003241667,0.06897294487034271,0.06913576226246572,0.06929806142043339,0.06945996363141314,0.0696215679276668,0.06978154876409971,0.06994066405008335,0.07009973861811777,0.07025886389123305,0.07041813710992151
NGA,Fifth,2.686509092537649,2.7225127900997013,2.7579749325612863,2.795646456322554,2.8376924878621224,2.884633901492997,2.929743980555089,2.9794266292631244,3.03412333198128,3.094286138880901,3.1598788216148606,3.229257310116503,3.3070637750845315,3.393641096722449,3.488079970377765,3.5917818691121246,3.6984296168914788,3.8151696087821896,3.9431013082100934,4.082741572964948,4.233617840249495,4.384437138987128,4.546364052478402,4.719896381986522,4.905307550608862,5.100894715976359,5.293209046024035,5.496145198103466,5.715626784570643,5.9594030330826575,6.219168583725245,6.484978038866429,6.764059696990595,7.057295641549381,7.36457413966301,7.685513682571292,8.009312381723198,8.346886433610672,8.699932053356237,9.068461341975436,9.454259597611255,9.828690915498013,10.209890160665264,10.604558482138438,11.012817926055645,11.44485872785815,11.88653173235854,12.345937560566409,12.820070280131235,13.31021573576584,13.812562615831789,14.310023205995769,14.823123139856774,15.351781386608904,15.897183740202856,16.459882090700564,17.02274262238027,17.60002996580073,18.19119137639631,18.797043859673405,19.42137387570774,20.046481906256442,20.688685158366997,21.34990206652115,22.030380566928248,22.73100078125749,23.432602362799834,24.14928343434864,24.88144597759158,25.614707117421304,26.3510248723543,27.078295379431975,27.816225239587556,28.570165733433303,29.345932139520436,30.141401209501364,30.9315878829679,31.734850690494536,32.55050824109733,33.377692957502326,34.21393319237374,0.044506666509898936,0.04471931412007216,0.04492869506727039,0.04514909862275213,0.045386187420821095,0.04564108679672523,0.04588772929968374,0.046143579303763005,0.04641684798651446,0.04670812090499336,0.04701515707019271,0.047390465622954084,0.047812026076679996,0.04828150614296517,0.04877460031909433,0.04929317029282836,0.04981498859972511,0.05035537629902954,0.05092110923958309,0.05151126462594885,0.052103008418881505,0.052622051423087554,0.05315303759948612,0.05370099884900491,0.05426462853193859,0.054822428790954315,0.05528870333328602,0.05575926466838777,0.05629089134506978,0.056943316712980155,0.05760693276816174,0.05826312080294362,0.058921470608454,0.059584873150450954,0.06025191616310419,0.06092105281387126,0.06157639385273254,0.06223027145333929,0.06288605878895107,0.06354282059936191,0.06420114561992077,0.06474229714555017,0.06523614539729046,0.06572846039066921,0.06621892852968363,0.06675978961393272,0.0673357776877672,0.06793201936455412,0.06852136052606239,0.0690993470823923,0.06964363751585959,0.07013629155148664,0.07062469879423502,0.07111040245789338,0.07159370337814804,0.07207461123211925,0.0725427929036102,0.0730061153428042,0.07346549563712944,0.07392121450052817,0.07437466983347227,0.07481672475178258,0.07525474242357325,0.07569037078981572,0.0761234790488412,0.07655413064655961,0.07697449798094032,0.07739014258929662,0.07780198562582342,0.07818219328737734,0.07853960801013485,0.07883797795947944,0.07897374947224939,0.0791088696158924,0.07924343966940371,0.07937754258514365,0.07951008149377473,0.07964169134435507,0.0797730527039781,0.07990424180444859,0.08003533870778569
NGA,Sixth,3.419108134836999,3.4657775605275343,3.5120764100942603,3.5611646022680286,3.6155872860978584,3.67600250115309,3.7339117366787016,3.7976030456777163,3.8675876098622672,3.944458147291983,4.028061483549529,4.115454390011488,4.213032006502368,4.321215895175278,4.4392267757513,4.568728732074622,4.701663186917119,4.847130835427281,5.00636266253535,5.179985195315129,5.36775197034847,5.556498268000111,5.7591223490625705,5.976131439354398,6.207856608031407,6.452646007860421,6.695245795908367,6.9512839619832425,7.226614560804243,7.528963669613498,7.850567455554611,8.178995325485428,8.523480623819836,8.88496256790931,9.263301919543327,9.658051575351184,10.055648266521823,10.469639123377176,10.901858009866524,11.35230735178598,11.822998866293265,12.283422372723903,12.753945746637607,13.240707542459258,13.743875639893668,14.272899366811581,14.809950698884393,15.3663553543954,15.939858296581672,16.5321948168565,17.140301594535355,17.743920190671652,18.365721416233306,19.005506781245785,19.66460945369637,20.3436410991414,21.02150291205643,21.71588215890188,22.426035224188986,23.15288100440045,23.900804478482492,24.647932713720227,25.414240511227288,26.20175727386893,27.01074192474546,27.842156056827115,28.672573680874784,29.51951361098331,30.383289938571277,31.251186867393915,32.12463380761749,32.98619630741155,33.859735847925535,34.751241007986366,35.66723494761856,36.605366694389005,37.53571128044986,38.4806395301919,39.43930651255069,40.41074411332334,41.39218869692011,0.061342168988690784,0.06156740825401024,0.06178875730155297,0.06202158282523809,0.062271770759082544,0.06254038653913181,0.06279989038903269,0.06306836717458915,0.06335462861831,0.06365914350781293,0.06397943157684384,0.06437227286408875,0.0648127035254652,0.06530200120042796,0.06581380867016355,0.06634969896313293,0.06688670634312051,0.0674400489537528,0.06801652152217148,0.06861480653971157,0.06921096474570895,0.06972948872180255,0.07025729273209942,0.07079937836514369,0.07135421455173974,0.07189997308040973,0.07235145123690645,0.0728049554603185,0.07331690223970129,0.07394544572922725,0.07458079993081605,0.07520527690493894,0.07582779182571363,0.07645108620007805,0.077073736928606,0.07769422851002163,0.0782980943334972,0.07889653298857967,0.07949266475842615,0.08008558175777125,0.08067572920016297,0.08115490346529662,0.08158811632941147,0.08201758089594871,0.08244302574545516,0.08291130492680865,0.08340857874961342,0.08392053079209158,0.08442283332544454,0.08491162298105488,0.0853676721846597,0.08577658538219236,0.08617930499822793,0.0865772041406062,0.08697052856708738,0.08735929155947438,0.08773536948214818,0.08810502098437174,0.0884690735707402,0.08882777041950017,0.08918219043132612,0.08952540666323416,0.08986305766746303,0.09019646568546895,0.09052553238301451,0.09085030444637957,0.09116509024895879,0.09147400575946801,0.09177779825537381,0.09205528505000897,0.09231365748838685,0.09252911581216103,0.09263123142815323,0.09273258544423241,0.09283325624993966,0.09293330796506148,0.093031927057198,0.09312959011795512,0.09322680522742381,0.09332362818945268,0.09342011667250748
NGA,Seventh,4.18467882873244,4.242586176946173,4.300339703302708,4.361458961812605,4.428862223565084,4.503349540897115,4.574589620527745,4.652879160206223,4.738760334811387,4.832974019324044,4.935219152905974,5.040800955998907,5.158165436461507,5.287789127839407,5.429176102087523,5.58424138912133,5.743121540964911,5.9169644133946715,6.1070688375214,6.314158738810522,6.538388121512169,6.765145256810596,7.0085548506351145,7.269066806218345,7.547057629651801,7.8411207832416245,8.134909144067947,8.445013248775211,8.776535612187468,9.136342133330604,9.518428269253802,9.907835511482228,10.315864967736173,10.743442143502483,11.190379567597091,11.656146120306294,12.12438147170709,12.61128726869489,13.118745436452617,13.646723594156676,14.197415138955362,14.740714181312082,15.298186885194351,15.874422024022389,16.469623803619868,17.091102312322278,17.71725069933833,18.363141494236647,19.02798038040683,19.714084247645125,20.41988111787277,21.122378339819047,21.845114280762754,22.587690415668238,23.35155071107186,24.137334259692235,24.920093552811338,25.720864962232376,26.538642437525425,27.37441261397353,28.233089939008543,29.088787169130878,29.964999995340406,30.86375542411153,31.785293831249522,32.730616754545096,33.672247440890416,34.63098319373158,35.606966233121106,36.59108177454804,37.583764598056234,38.56145704577605,39.55192813359566,40.56168036118747,41.59784228991153,42.65785049257169,43.70726482938255,44.77217678990892,45.851527789331804,46.944247806374285,48.04730439882584,0.08031459544331801,0.08053492799735504,0.08075103841483261,0.08097777713603545,0.08122079347460893,0.08148100728584823,0.08173172693906638,0.08199055163885888,0.08226574917376218,0.0825576339993211,0.08286369266719362,0.0832367053465568,0.08365294278754064,0.08411298799891435,0.08459183664712674,0.08509062363508547,0.085587672827985,0.08609708927946967,0.08662470294714282,0.08716890020521768,0.08770795996119435,0.08817478695035573,0.0886472751201095,0.08912958354646666,0.08962008040617832,0.09009966143108111,0.09049517867255202,0.09089033017343476,0.09133281616734602,0.09187043881849882,0.09240936905084805,0.09293447296439909,0.09345339873991816,0.0939683019521657,0.09447789626162849,0.09498085810498315,0.09546548050099596,0.09594101729939367,0.09640988658099181,0.09687131062556134,0.09732558769635619,0.09769188010775863,0.09802073777432316,0.09834388614847936,0.09866113450088901,0.09900610823930577,0.09936767123352647,0.09973515915109461,0.10009126471153351,0.10043349767042731,0.10074916347046377,0.10102922890182929,0.10130180105040454,0.10156781532918614,0.10182745542018926,0.10208074365577398,0.10232244784899441,0.10255680414380842,0.10278436510264763,0.1030053272831396,0.10322038848455838,0.10342539774390536,0.10362391122925456,0.10381671911732264,0.10400377564089068,0.10418511648878524,0.10435760834462436,0.10452367825397924,0.10468376759655595,0.10482739930967412,0.10495875985452234,0.10506593544088214,0.10511459655015197,0.10516248279217144,0.10520963405481046,0.10525608316054877,0.10530145868683914,0.10534598992604098,0.10538991121663613,0.10543324734912254,0.10547602317219784
NGA,Eighth,5.525386443334462,5.6031393745818825,5.681178880051891,5.76360056583949,5.853935329239336,5.953231458140978,6.047954964638963,6.151937004118831,6.265779109666078,6.390485563551992,6.525444419889118,6.662921254536541,6.8149511946306855,6.982119765460136,7.164457148510671,7.3643020136976425,7.568622402483223,7.792150578374795,8.0362991843582,8.301966574045338,8.590016622661553,8.883337756567684,9.198173467913872,9.534876559149392,9.893908205451217,10.274315685734228,10.657874859834525,11.062800653139064,11.49283276837302,11.953275448726725,12.441265350473216,12.937447034686185,13.456761902882128,14.000115746095982,14.567254081835832,15.157522113877533,15.749667456680658,16.36451727492188,17.004029961139913,17.66813400492397,18.35932795210624,19.04807760561694,19.758101138424873,20.491338741556806,21.248070130174334,22.03196768038815,22.81486335796307,23.618392655217658,24.444240101474076,25.295695366487482,26.17369237576054,27.050374149400074,27.950979593721797,28.874801088155674,29.823479607576793,30.797717834512298,31.76582303676752,32.75472885245034,33.76301927981568,34.79181202278247,35.846934644709144,36.89542868854164,37.966981847866535,39.063642118433854,40.18564631098049,41.334089599610685,42.47437368787289,43.6331311438613,44.81025025384111,46.002409789051676,47.20843490580684,48.39424839140761,49.59449453113854,50.81655206191795,52.06856215039997,53.34764251869947,54.61138418479584,55.8925007498391,57.18961014165915,58.501493948005276,59.82469516740073,0.11645692722575891,0.11662754535860768,0.1167940052080478,0.11696839934425321,0.11715486531161623,0.11735386188000355,0.11754480968718986,0.11774040826355435,0.11794742523578015,0.11816579272876865,0.1183933532567783,0.11867432715700983,0.11898637046282909,0.11932896214790129,0.11968116248196614,0.12004308442165817,0.12039907911206899,0.12075803873272527,0.1211238475900916,0.12149463360129381,0.12185385964096807,0.12215528896107561,0.12245467278253629,0.12275472261661977,0.12305393634865422,0.12333920094793406,0.1235639680903312,0.12378386505716713,0.12402928909832397,0.12432812833039829,0.12461883908381788,0.12489361912580478,0.12515606325922857,0.12540733331510379,0.12564662992514677,0.12587322311959798,0.12608248278788914,0.12627812814398715,0.12646127272743157,0.12663151972408526,0.12678883060676682,0.12690202119369978,0.1269940478754422,0.12707832156358026,0.12715482426718303,0.12723463828163967,0.12731341669421614,0.12738545160795026,0.12744518734130042,0.1274922035667051,0.12752444375616767,0.12754293772545006,0.1275532196631005,0.12755557499334771,0.12755003033229298,0.12753662006397906,0.12751619684316035,0.12748842863009163,0.12745350056360064,0.1274114771896678,0.12736221981703966,0.12730722131590866,0.12724553239185526,0.12717704870832464,0.12710181358946657,0.12701982921900065,0.12693306587104078,0.1268403879006762,0.12674175836501472,0.12664300330813122,0.12654363786953596,0.1264586480523122,0.1264265425321394,0.1263937491589083,0.12636024993481645,0.12632602807195778,0.12629137970882956,0.1262561558519124,0.12622018122411097,0.12618343509831537,0.12614589249899016
NGA,Ninth,7.139415037384296,7.241249658766403,7.343984174693555,7.4522259518314575,7.570192643182687,7.699226946699138,7.821994755062194,7.956698151398282,8.103873681519136,8.264844942812514,8.43855109218796,8.612379960673819,8.803366988196576,9.012142415186263,9.239820620034102,9.489188619279073,9.743457173844694,10.021689169179302,10.325226991578988,10.655127691801237,11.013611248829113,11.382081538633214,11.7775608344831,12.200078524113977,12.650154072247297,13.127945697876331,13.615330937944757,14.129955024970705,14.671910121284471,15.24217144464198,15.845218105261406,16.45660466964994,17.095561588310456,17.762760687578005,18.457810716661747,19.179858261257387,19.902038047203533,20.650483658905557,21.42698764240328,22.231364448096755,23.066345434887737,23.90978897503367,24.784725973199986,25.687184964910394,26.617498651195213,27.571140487517866,28.51228351318474,29.4715237387285,30.455449439782253,31.468858781753884,32.51765279705148,33.569724985035435,34.64854352448503,35.75280952575548,36.884297710253016,38.043699614370766,39.192059783902444,40.36274726814503,41.55368096313762,42.76604073460336,44.00651920739835,45.23467022037353,46.48678626912148,47.76464775634792,49.06841420045256,50.39919101322433,51.71497045328105,53.04855165824642,54.3993131125528,55.77563906785616,57.17324480540368,58.54411518461453,59.92997650803328,61.338897013398565,62.77993498109868,64.24987160562209,65.6984686128066,67.16507981252695,68.64782110520737,70.14529684056039,71.65361440152051,0.16418269279052258,0.16422934435583808,0.1642733659467497,0.16431731552339776,0.16436194629986167,0.16440695579111664,0.1644476489582958,0.16448725929745753,0.16452627331668093,0.16456418726429026,0.16460010617498055,0.16463553176457132,0.1646673831908888,0.1646932188791633,0.16471042058530191,0.16471765719162607,0.164713533504354,0.1646978244884984,0.1646687412106738,0.16462471884766192,0.16456746569677586,0.16450836990244128,0.16443719127897263,0.16435211006365805,0.1642523330034798,0.16414224423786752,0.16404473819189433,0.1639380830736935,0.16380453068579373,0.16362043146570437,0.16341648519224325,0.16319803198485458,0.16296245862614891,0.1627083366333113,0.1624358794473866,0.16214548193467354,0.16184417978383864,0.16152728047727055,0.16119299149505123,0.16084163271501584,0.16047277436917098,0.16016157687559102,0.15987028414944454,0.15957050263768077,0.15926248216123332,0.15890872919819993,0.15851626056210003,0.1580947832916669,0.15766432856013554,0.1572290194496775,0.1568083501479131,0.15641905067851755,0.15602330992006253,0.15561986944534312,0.15520855989831706,0.15478942663221126,0.15437158750001675,0.15394875698956278,0.153520159682027,0.15308567202341639,0.15264409177021876,0.15220437427464079,0.15175985933848465,0.15130889228998715,0.1508516438379003,0.15038808748526397,0.149926649036981,0.14946181983392515,0.14899264669470094,0.14855353465360685,0.14813515012847234,0.14777852759211438,0.1476059827167846,0.1474332217106134,0.1472601236223885,0.14708658625397253,0.14691404840106476,0.14674170846113702,0.14656868123962177,0.1463948663026903,0.14622015574957864
NGA,Tenth,15.175207207323323,15.398606221106979,15.626605077991586,15.86551957694454,16.12256446049,16.400534140043057,16.663364936117294,16.951426765043312,17.26463456020417,17.605934411733962,17.971191490236244,18.321237888645722,18.699455859611703,19.106625915445445,19.55060174626302,20.036163248314995,20.527921144332968,21.066535359552706,21.652506128824246,22.28762560482028,22.982061321263178,23.713396187962022,24.498379627700878,25.33501445123202,26.2240667560865,27.172614681023003,28.168323868840563,29.220133955211924,30.305423601932215,31.39822409398467,32.54758413408317,33.70446215356488,34.90937772879316,36.161500177054855,37.4598278729956,38.80265783432312,40.13587297254709,41.51135265944084,42.92959068607408,44.38994653186298,45.89605577502574,47.473063824199286,49.13501532557963,50.844360014728544,52.60174009866823,54.35642840093491,56.035775632171514,57.71681419403261,59.43311576492202,61.197186688678066,63.041708978974015,64.91530726990405,66.82811269443762,68.77593037202033,70.76111804878131,72.78436087670322,74.7721430308324,76.78890752705898,78.82946729870538,80.89533979636761,82.99710386811651,85.05863591848416,87.1478398279819,89.2650541721705,91.41026799873453,93.58476104479553,95.71150080773367,97.85323295611146,100.00703124915117,102.2404025927264,104.53320417061543,106.76919176792872,109.02359378868117,111.30729936017282,113.63318368604965,115.9968653087342,118.31135668972692,120.64778931595944,123.00209658694894,125.37226543558128,127.75272535995123,0.45277469409851256,0.4513284989439256,0.44990730787503497,0.4484134925208242,0.44680924924982346,0.44508771179687096,0.4434252133840171,0.44170479181096145,0.43987102736867556,0.43792084107003754,0.43587004141684704,0.4333640717628285,0.4305570310987204,0.42744090022658243,0.42418104157641395,0.42076697692914883,0.4173454767418387,0.41381762360042845,0.41014028682236353,0.40632123109833934,0.4025102282537067,0.3991849805652042,0.39579635102064387,0.39231255288908057,0.38874279346450713,0.38522445544473616,0.3822985483338825,0.3793549444392886,0.3760360477162174,0.371970985802831,0.3678531290906064,0.36379734450598283,0.3597441381162821,0.355675328926685,0.35159939928977235,0.347525513517233,0.3435492653952002,0.3395953418794115,0.33564278987558044,0.33169688210107057,0.32775372235920985,0.32452500316734983,0.3215871676266216,0.31866436784560676,0.31575820690852135,0.31255728177051284,0.30915324572032227,0.3056360593910598,0.30216688519222334,0.2987714569042418,0.2955807114630079,0.2926982834529939,0.28984458903539034,0.28701022022098505,0.28419315156213815,0.2813930471389867,0.27866958114562046,0.2759767907746753,0.2733090064178859,0.27066433741851903,0.2680344527074126,0.26547193682281506,0.26293397248533595,0.26041074766251865,0.2579027862746504,0.25540950041927274,0.25297586871718786,0.2505695720056671,0.24818504470008926,0.2459839144866709,0.24391463453695153,0.24218590542554086,0.24139613372616647,0.24061012057259634,0.23982726022545525,0.23904706170227252,0.2382758936572142,0.2375100673480066,0.23674559973083747,0.23598204201231487,0.23521892495096397
RUS,First,5.474321933331433,5.579490201644468,5.684892441475525,5.792260049964338,5.9014529308702155,6.01267440229834,6.1188662960246125,6.226255610919352,6.335929112330973,6.448082746102673,6.553707914008562,6.660252075488879,6.76838025484575,6.879970975822345,6.987349496666246,7.092198902524319,7.188838044967534,7.286391904353422,7.385270113988938,7.4857203540198505,7.587648062555523,7.679003357913019,7.77177175146058,7.86596781211135,7.9616976993677255,8.058663587158145,8.148175747304082,8.238706194507548,8.33056733983154,8.424717056679357,8.519843802009486,8.610187438726884,8.701199464359314,8.794069383632399,8.88885040267123,8.985740393609962,9.076318265980824,9.168173496519332,9.261375107940696,9.355964720740788,9.448888426645114,9.532038218035215,9.616699119584673,9.701948905242649,9.788517407131334,9.876102084637592,9.956271252925625,10.037404200491695,10.119643227351448,10.202561524719329,10.28614951321154,10.36571346261349,10.445974841948187,10.527348707827324,10.609818530332392,10.693424843217416,10.766727188478468,10.841091132892169,10.916120489363902,10.993185313655054,11.081978088610178,11.161441630253416,11.241078152587452,11.321350311629722,11.402349818008123,11.480104312195142,11.54827941352635,11.616161093929646,11.684327728819492,11.752737896672135,11.82151838615645,11.883504024432428,11.944995646280715,12.00622523348639,12.067004925762063,12.127478474708228,12.182072573471961,12.23598492516512,12.28613076204556,12.33220795211898,12.377646582227852,0.025434198935775417,0.025565617249188342,0.02569269826268151,0.02582379437232303,0.02595878377255664,0.026097851926238078,0.026229689350695702,0.026362355866778934,0.026499278712275115,0.026640592296710383,0.026774567777077728,0.026909475060337983,0.027046920430386943,0.027192233591694637,0.027319245951722936,0.027434297042001267,0.027537080504369583,0.027640612893020354,0.027745580702485142,0.027852246873552155,0.027960521954840195,0.028054415911216015,0.02814983969901471,0.028246950611860208,0.028345836530105174,0.02844618667345998,0.028465644899152678,0.028388033609201082,0.028311373364085866,0.02823560872254311,0.02816060397766478,0.02808620263350616,0.028011319328969317,0.027937320667886387,0.02786416650963479,0.02779179865514196,0.0277200281591056,0.027648009975030304,0.027576651141237783,0.027505090918560474,0.027426241665682343,0.027347942375296908,0.027269945043220754,0.02719229256340707,0.027114910092316202,0.027037763658206305,0.026961223314948102,0.026885225846972154,0.02680937939208426,0.026733637523568807,0.02665798571200863,0.026582639717674668,0.026507413329125623,0.026432215078220876,0.026356983235269794,0.026281720701439547,0.026206224424136882,0.026130098176675585,0.02605386192084546,0.025977502544975065,0.025900986216469465,0.025823789426538298,0.025745413591998223,0.025666831506587596,0.025588013846848414,0.025502208541049152,0.02541345863844755,0.02532328159945436,0.025232663792573964,0.02514156780074227,0.025049997273214886,0.024957517008236896,0.024863831566455382,0.024769609932116816,0.02467481926056448,0.02457944684817414,0.024483358544016877,0.024386478191175835,0.02428400090328716,0.024175574926618638,0.02406640579888691
RUS,Second,9.110826828081779,9.295606448903532,9.481428576514931,9.670454933845642,9.86253703381258,10.057995677899763,10.24499489616312,10.434242379341931,10.62717058463842,10.824093328687768,11.010581731688102,11.197895980571287,11.387847106485873,11.582943072186733,11.773589758827008,11.961955166353139,12.136700492262172,12.313331563395392,12.492486527115659,12.674574764813897,12.859472448083023,13.026847073215732,13.19688831459545,13.3696085509319,13.545197189200211,13.723197679346544,13.888455180834011,14.055640944429246,14.225336334112535,14.399085168553512,14.574861680199696,14.742316361719622,14.911375336290495,15.083776051641955,15.259612230034929,15.439209628117094,15.608114278244988,15.779551075598082,15.953544456358397,16.13027004173248,16.305795286437185,16.46513510866894,16.6272999045521,16.79082590566427,16.956886583176892,17.12501704071833,17.280438423537174,17.43773269005795,17.597206460970057,17.758214118866047,17.920759585593963,18.075837762962102,18.23245237643733,18.39127736095307,18.55230970403657,18.71562430887776,18.861336701486092,19.00924264163711,19.158631098878,19.31171463545602,19.484121034940234,19.64062155276453,19.79804068172632,19.956984057048093,20.11760794182101,20.27456729323992,20.415687469259737,20.556969387770927,20.69919355962524,20.842297844003635,20.986481426911247,21.11916346762946,21.251598331736,21.38408440757928,21.51635359374793,21.648626029427714,21.770972171057238,21.89265039103728,22.00945071727695,22.120932351948404,22.231791267500174,0.04156079824250715,0.04170081325357008,0.0418354064001551,0.04197459737710443,0.04211821610587036,0.0422664388858251,0.04240664696362762,0.042547602212603834,0.04269333282285591,0.04284395171104272,0.04298648720045156,0.043130104817540475,0.04327645989101347,0.04343173911911356,0.0435652934078315,0.04368462366857616,0.04379046037492722,0.043897015026597146,0.04400505295527221,0.044114851100018254,0.0442263028628517,0.044322091281161546,0.04441946698948944,0.04451861127105062,0.044619607569942196,0.044722112154059586,0.044737439222196425,0.044648158864439715,0.04455988682408253,0.044472560415971,0.04438602686611362,0.04430010735255908,0.044213546100615,0.0441279280788514,0.04404320411602697,0.04395931417491399,0.04387603708863698,0.043792395075109916,0.04370944182354577,0.04362617772885646,0.043534341577222094,0.04344305256616613,0.0433520231916271,0.043261303632676634,0.043170806481513425,0.04308049481864667,0.042990800547411716,0.04290165332232264,0.04281259390066006,0.042723567734284845,0.04263455796155248,0.042545818775899795,0.04245713243394988,0.042368390085032834,0.042279517645892765,0.04219051953489588,0.04210115440525689,0.04201095238349068,0.04192052706653393,0.04182986174985601,0.0417389158904217,0.0416470663594691,0.0415537159732704,0.04146001741420507,0.04136593889648922,0.04126340551580477,0.041157225106411496,0.04104920469475146,0.0409405217567182,0.04083112834620091,0.04072102529417494,0.04060968831114768,0.04049675313670824,0.040383022275816485,0.04026845467296051,0.040153030783331725,0.04003658403687036,0.039919016375807484,0.039794485041944945,0.039662523882689905,0.03952945520278841
RUS,Third,11.129821880924169,11.362698983953335,11.597377145057678,11.835938147513035,12.078231969256182,12.324638677263636,12.56063955340461,12.799573542650633,13.042923520604823,13.291065646791537,13.526602763435763,13.762759996869727,14.002127109826686,14.247322215082592,14.488966787196736,14.72924139216761,14.952916885505067,15.179152108960713,15.408698156874486,15.6420581363033,15.879097051430609,16.09474083611821,16.313872811186904,16.536494529348577,16.762847759028514,16.992393034706485,17.206198942471044,17.422572551832776,17.642224589092983,17.86702897381942,18.09457947619474,18.311799663059514,18.53134471943834,18.755171442705656,18.98340287253364,19.21643996714724,19.436309276538378,19.659593836917356,19.886238087014814,20.11655383690796,20.346621608618374,20.55689309793663,20.770878415627557,20.986812449116513,21.206124473518948,21.428265437345583,21.63464612695069,21.84353807615519,22.05537520108277,22.269398315257995,22.48562331200619,22.692339311070352,22.901228119180164,23.113120422233607,23.328031529544145,23.546058454870956,23.742262753660288,23.94152359515167,24.14291158574657,24.349125240125424,24.579191542025292,24.789581173395913,25.00160541640726,25.21587203737647,25.43257755305142,25.646219012521797,25.84066321111775,26.03585846306219,26.232614983125842,26.43086499307767,26.630854034686152,26.816711996622043,27.002777415344333,27.189327610103618,27.376056170545134,27.563231904141222,27.738232887182445,27.91284411565312,28.082700818249084,28.247334346960546,28.41164013719368,0.05040098724641,0.05054560565807691,0.050684866355374815,0.050828333648764996,0.050975834030432016,0.051127536830480345,0.05127092220752825,0.051414848560215096,0.051563153071204286,0.05171594385106787,0.05186038592083188,0.05200555144646981,0.052153138459790464,0.052309015673558286,0.05244420429484689,0.05256584382460917,0.05267405126326782,0.052782848915469964,0.05289297252591001,0.05300469502240343,0.05311790854924281,0.05321562109009387,0.05331478692060556,0.05341556959293843,0.05351805148900396,0.05362189418655459,0.05364036785547541,0.053556473618598784,0.05347347355817533,0.05339131104647928,0.05330984173058608,0.05322889978376724,0.05314730341849231,0.05306654507185673,0.052986580942357246,0.05290735416429521,0.05282866008226353,0.05274957251820092,0.05267108782344999,0.052592261363184976,0.05250526420143887,0.05241872761787637,0.05233237910041208,0.05224626756027329,0.05216030969016236,0.05207447257480634,0.05198916491416157,0.05190432130381446,0.05181950602497669,0.05173466781136189,0.051649788743881486,0.05156511241593422,0.051480430214420995,0.051395638945341285,0.05131066899171628,0.05122552252570346,0.05113996910967607,0.05105355613503402,0.05096687133348863,0.050879898996897314,0.0507925972332128,0.050704368889393205,0.05061463660743606,0.050524508114439974,0.050433949706448766,0.0503351805488477,0.05023281973222117,0.05012860022356825,0.050023657298132886,0.04991794126744352,0.049811453114347336,0.04970368032311501,0.04959426954852311,0.04948399417527436,0.04937281103698695,0.049260700094251784,0.04914749684801977,0.04903310290793046,0.04891182198566904,0.0487831805696,0.04865332911017162
RUS,Fourth,13.926776460048714,14.225281237257162,14.526560340459682,14.83267429796522,15.143477461693092,15.459432747969931,15.762309856405732,16.06905623928215,16.381255337963996,16.699367816938423,17.001982239742624,17.304901507030678,17.61184195851722,17.925623836716483,18.236882914238738,18.547881198348886,18.83816180500676,19.13192862371793,19.430090378505,19.73327669099343,20.041340846483145,20.322691569275424,20.608660281220082,20.89923984070498,21.19474266178762,21.494520142801157,21.77440583473005,22.057725129988253,22.345386684939324,22.639704546276356,22.937770209396746,23.222696458659573,23.510929647552175,23.804735520652084,24.104276272063988,24.410054676709773,24.699252607296422,24.993065805303228,25.291346791116062,25.59457755322589,25.89877565563192,26.178264722938113,26.46267904567097,26.749857133124515,27.041566254545028,27.337145569801983,27.612773242883087,27.891792240200044,28.174802806173346,28.460896235490758,28.75010792268228,29.026924692464288,29.306790761527203,29.59074225673696,29.87881797173337,30.171146467775728,30.435868639737496,30.704812927169353,30.976766903119447,31.25507119873398,31.563240225009938,31.84655542262871,32.132474686816494,32.421619282850294,32.71424080632961,33.004555714799956,33.27104714993801,33.53908925293854,33.80953935644367,34.08232451590496,34.35774783211533,34.615442004303,34.87396192264487,35.133567817210825,35.39390817878474,35.65531288248893,35.90147789963604,36.14764255760126,36.38919652386879,36.62563708354866,36.86216772622876,0.062548585869054,0.06268066002317457,0.06280742349720293,0.06293819119749967,0.06307278160635318,0.06321133791253786,0.06334213309464402,0.06347334770262629,0.06360867656793112,0.06374819938662354,0.06387995923045685,0.06401241585823876,0.06414709000237812,0.06428959583362866,0.06441208723322746,0.06452146613761006,0.06461837313305344,0.06471577949416003,0.0648143725619476,0.06491439965954418,0.06501575770662739,0.06510280265841893,0.06519115272531431,0.0652809651853035,0.06537230913603718,0.0654648687946064,0.06547905680089726,0.06539926252202656,0.0653202703693204,0.06524202642765864,0.06516439719504008,0.06508722376276922,0.06500937945248281,0.06493228762928055,0.06485590826932133,0.06478019021689552,0.06470493665433912,0.0646292614919563,0.06455412138919582,0.06447861039931979,0.06439521981861641,0.0643122184155154,0.06422934292761338,0.06414664423581402,0.0640640402389585,0.06398149937701599,0.06389941645036029,0.0638177287595841,0.06373601805527834,0.06365423306666641,0.06357235800492912,0.063490627082293,0.06340884021368444,0.06332689712278108,0.06324472949279407,0.06316233930184159,0.0630795037280936,0.0629957829221107,0.06291174486452637,0.06282737498612963,0.06274263074719132,0.06265693303742417,0.0625697165338677,0.062482056741938755,0.06239392056643059,0.06229772674002387,0.062197960349808123,0.06209630663013474,0.06199386799902734,0.06189059577760897,0.06178648626232193,0.06168104016589697,0.0615739056910386,0.06146583674392129,0.061356790749146475,0.061246743625090645,0.061135533167247555,0.06102305913360666,0.060903709681787654,0.06077700306844381,0.0606489821801903
RUS,Fifth,16.406387931625975,16.76563818409149,17.128736758505788,17.497514707941857,17.871831138668885,18.252218191450012,18.617135042870537,18.986823258272384,19.36286132935029,19.745782728874993,20.11064572270305,20.475433200261048,20.844957531411236,21.222055467550394,21.598240129098787,21.97567493368209,22.328764783606392,22.686259492235838,23.049199537681872,23.418328767153458,23.793493207168698,24.13722867483047,24.486676369220593,24.841814418347546,25.203022415202003,25.569559674710156,25.912491727433263,26.25972560066683,26.61232977106613,26.973012372903224,27.338430882753787,27.68819708721895,28.042287029829883,28.40318290011698,28.771084531748677,29.146588901952885,29.5024662067973,29.864161655230458,30.231404669710024,30.60487360719499,30.98088824206498,31.327816730891115,31.680867118160926,32.037524757757154,32.39986418231024,32.76712976798957,33.110663581421974,33.458474322409295,33.81133411123354,34.168208930139464,34.52915495840749,34.87506614866918,35.2249363341769,35.57999282930457,35.94030253235492,36.30602674686085,36.638916410472056,36.97724327939504,37.319512032744605,37.669643854056694,38.05519165501348,38.41123134833176,38.770969264523,39.134978914670874,39.503567347761646,39.871156661361965,40.21094048777064,40.55325080677632,40.89892606909511,41.24789391274175,41.60051385834966,41.93223541733561,42.2655899426771,42.60077922530513,42.93741737464968,43.27589597639531,43.596451429243146,43.917582413771036,44.23483119621788,44.54770488735896,44.86129250562086,0.07323914697646887,0.07335938112363423,0.07347477570820109,0.07359354628180075,0.07371552111787237,0.07384082109940517,0.07395897392195946,0.0740773441361568,0.07419917108288483,0.07432451707897858,0.07444274832222898,0.0745613946123029,0.07468182494076889,0.07480893009500901,0.07491845651273374,0.07501645970827112,0.07510333610867301,0.07519056248300966,0.0752787412928882,0.07536808750884326,0.07545850671918282,0.0755362400317794,0.0756150447738804,0.07569505220304185,0.07577632136034021,0.07585857405727635,0.07587208171755068,0.07580319597444897,0.07573495133175692,0.07566730489518304,0.07560014182290084,0.07553332528736573,0.07546587974697927,0.07539904007928501,0.07533277107917795,0.07526703086284722,0.07520164793909519,0.07513585508198352,0.07507048105704332,0.0750047401082268,0.07493208760503162,0.07485971867126609,0.07478740623017774,0.07471519430612253,0.07464301118400624,0.0745708289973334,0.07449899501770615,0.0744274548024289,0.07435584163484596,0.07428411111342224,0.07421224929811279,0.07414046195005711,0.07406857333158366,0.07399649503541507,0.07392416576638221,0.07385158926375526,0.07377856605440944,0.07370470914700009,0.07363051666433922,0.07355597688383315,0.07348105000874976,0.07340522357380729,0.07332799546715468,0.0732503146822386,0.07317215311815826,0.0730867758456494,0.07299815306998134,0.0729077739811624,0.07281661673760308,0.07272463610512522,0.07263182607386232,0.0725377396659291,0.07244205977277242,0.07234545539228962,0.07224788619326347,0.07214933000152082,0.07204963663322238,0.07194871565941502,0.07184151872055158,0.07172759394088309,0.07161236359154341
RUS,Sixth,19.93751700249028,20.38301524406877,20.833872493183097,21.291620254561636,21.75613050731671,22.228031857878484,22.681070359932345,23.140168272755872,23.606902953243324,24.08190993032797,24.535309303803913,24.988041816339432,25.446542797548773,25.91367893021105,26.38216477267264,26.854038884307823,27.296413100908996,27.744514621717393,28.199569064820672,28.662481789500234,29.13309256817504,29.565595632103246,30.00538075942081,30.452409159664313,30.90715585734925,31.36875354577807,31.801449714405333,32.23968759894914,32.68477766552467,33.139973702664484,33.601337415576424,34.04344155725589,34.491335141618926,34.947798642167015,35.41308736681777,35.88792814251376,36.33881300058469,36.79723728949019,37.26276336393533,37.73634267836709,38.21473232668892,38.65787308990774,39.108847460693944,39.56465533370124,40.02779765718604,40.49739060773991,40.937881966588535,41.38392837715451,41.83654534676499,42.29452842272276,42.75796465440384,43.202537811541255,43.65238791211208,44.10900676380199,44.572503673093145,45.04308374456263,45.47341571028071,45.91092608161857,46.353728787820444,46.80654639345715,47.30250784685168,47.762355682933155,48.22748878285937,48.698411642351495,49.17550562242916,49.65353317351223,50.098128614896964,50.54668016772928,50.99999226431961,51.45799680195059,51.9211318722402,52.3588930311592,52.79947982426997,53.24301453198137,53.68906716617141,54.13811328717901,54.56546322987853,54.99425773298285,55.4203108168912,55.84315318977224,56.26765848936479,0.08835830469685568,0.08844534669414239,0.08852832323411623,0.08861401198871412,0.08870226012546661,0.08879313572949717,0.08887863166931592,0.08896421129063405,0.08905250019368759,0.0891435208717856,0.08922920987423087,0.08931528643846162,0.08940270331066412,0.0894953748371087,0.08957371583926266,0.089642660909323,0.08970324250219365,0.08976404429831211,0.08982552859627019,0.08988784983469043,0.08995093322272929,0.09000456650215417,0.09005896914746146,0.09011424714131495,0.0901704372840823,0.09022732741501976,0.09023345866696882,0.09017872555907654,0.09012444251134949,0.09007057522841395,0.09001703419464135,0.08996371159741251,0.08990982870620892,0.0898563722683752,0.08980331678661427,0.0897506282393544,0.08969817147043163,0.08964533152439894,0.0895927733458731,0.08953986595849107,0.08948133171997347,0.08942296149963846,0.08936457069312675,0.08930619506938454,0.08924777776829636,0.08918929678873157,0.08913103389329331,0.08907294445190499,0.08901473325292321,0.08895636333684978,0.08889782280124013,0.08883927911102171,0.0887805903437326,0.0887216829809953,0.08866250722725086,0.0886030639460744,0.08854319158577054,0.08848257017485038,0.08842160622993377,0.0883602901016904,0.08829858902910327,0.08823607776315046,0.08817234066019249,0.088108158650812,0.08804350536436863,0.08797280183032649,0.08789931940779716,0.0878242851618831,0.08774850610908193,0.08767194492858325,0.08759459271436003,0.08751607405374197,0.08743611866192022,0.0873552841863435,0.08727353248070865,0.08719084192326298,0.08710708333150052,0.08702217665893142,0.08693186329640691,0.08683573709963699,0.0867383592538311
RUS,Seventh,23.306742156094472,23.83843495351634,24.377258562069866,24.92413546986695,25.478948469337876,26.042412718334557,26.583745155166735,27.132481629122474,27.690053421005473,28.257189034237957,28.799322779814318,29.3400869594243,29.887598793387095,30.444505239680595,31.00600032470284,31.573742762936693,32.1071101701811,32.647621271820185,33.19666567838034,33.75530703001768,34.323383898819046,34.846982091899825,35.37950835129,35.9208978125984,36.471722704810276,37.031000883079656,37.5562877423812,38.088464864562155,38.62904547813344,39.18181184109495,39.74227251332336,40.280013772729085,40.825177980258424,41.380739071636086,41.94701184510072,42.524854986406126,43.07459014648611,43.63373062829233,44.2016176012889,44.77953352709062,45.365224737715366,45.90975513065834,46.463955190242466,47.02435862239507,47.593887136140445,48.17154056579969,48.71488110682863,49.265174255596826,49.82370669580982,50.38912056605525,50.961538965481836,51.511344466445784,52.06790528630586,52.632982838994245,53.20673922418242,53.78942814442586,54.324653488756326,54.86902345854022,55.420228802587566,55.983777407576724,56.59824324487342,57.17021472543023,57.74937601035277,58.336071884922326,58.93076576723661,59.52929711722852,60.089252426983414,60.65498576919861,61.22716831881568,61.80574258637009,62.391233774923435,62.94714920768905,63.50747819318201,64.07219247987388,64.64083359756613,65.21396600471948,65.76189704328166,66.31250918630417,66.86250350891066,67.41151252425381,67.96354543923057,0.10268779348978531,0.10274542477517096,0.10280033448615312,0.102856615505487,0.10291415833400391,0.10297299219234327,0.10302812632741183,0.10308305192053482,0.10313932047400727,0.10319692998485344,0.10325093148342669,0.10330484731571565,0.10335928138967493,0.10341649653721151,0.10346517976943108,0.10350825662604653,0.10354614416374962,0.10358401023602012,0.103622124310622,0.10366057403284305,0.10369931062487994,0.10373232323228136,0.10376565977805126,0.10379937497568228,0.10383348601261945,0.10386786566321737,0.10387268464006577,0.10384212573948931,0.10381172894658154,0.1037814781695711,0.1037513262461972,0.10372121198792536,0.10369069760178265,0.10366033998558784,0.10363012861937948,0.10360004529042356,0.10357001608579865,0.10353968708356764,0.10350944111214853,0.10347891495737326,0.10344505064046974,0.10341118586765735,0.10337721425155182,0.10334315612286021,0.10330898052461467,0.10327467436401648,0.103240402410142,0.10320614208370804,0.10317171813251563,0.1031371091898294,0.10310230700189,0.10306741323487927,0.10303234160149961,0.10299704803555304,0.1029615030169977,0.10292570565772742,0.10288955744567586,0.1028528623441005,0.10281586559894365,0.10277855956479677,0.10274092331586679,0.10270269613638751,0.10266361676959108,0.10262416339044504,0.10258431742933466,0.10254062451615976,0.1024950831786438,0.10244844515528315,0.10240120724717258,0.10235333968698236,0.10230483637565028,0.10225545497876465,0.10220502152814795,0.10215388051763633,0.10210200487128133,0.10204937464193031,0.10199590501412678,0.10194153909341702,0.10188353026233483,0.10182158621708717,0.10175862466356639
RUS,Eighth,29.20849053508465,29.890090121441887,30.581839878908617,31.28369486553385,31.995566076462875,32.71831951782472,33.41324476818301,34.11791850019707,34.8335483776087,35.56102470858409,36.257736042667354,36.95177475670968,37.65430222083975,38.36762757118945,39.09099626014168,39.82546978268259,40.51704090646976,41.21824057429878,41.930742953770284,42.65588611369611,43.39351195719558,44.07556671766949,44.769433821560796,45.47500935368747,46.19303533639991,46.922338740446314,47.60872558455384,48.304351972150684,49.01111031863067,49.73368197160065,50.4666433377012,51.17077694792247,51.88519202371869,52.61320135240402,53.35522130027497,54.112337322426335,54.834092877129734,55.56850874325265,56.31455802554864,57.074083719451785,57.84649441795435,58.56752419693512,59.30142799770497,60.04395635975963,60.79874166538568,61.56459160930079,62.28704434024309,63.018906121488314,63.76192924804065,64.51450220892737,65.27681359303348,66.00983050804768,66.75220531587959,67.50615543712165,68.27193387891671,69.04988163417876,69.76780897748881,70.49830731488903,71.23835287090131,71.99478129767837,72.81534872856321,73.58230409083681,74.3597910874091,75.14787843578202,75.94717158700242,76.75537387849464,77.51605367942427,78.2857167200198,79.06480499143429,79.85328767141647,80.65183270105152,81.41351523596711,82.1824214021382,82.95827183755448,83.74056609398761,84.53002402616329,85.28822783030479,86.05132681665674,86.81759556294251,87.58685412250964,88.36158839241642,0.12760196141093558,0.12757690495053584,0.12755164042929396,0.1275260156647169,0.1274999981223291,0.12747351775208834,0.12744800986649302,0.12742215868537676,0.127395780408156,0.1273688056806716,0.12734288214111603,0.1273168705083303,0.12729038866871384,0.12726302988119212,0.12723644009415716,0.12721034585104576,0.12718610519452775,0.12716163162230892,0.12713683340776907,0.12711165651619993,0.1270861061708287,0.1270629248422761,0.12703940778914316,0.12701554034395074,0.12699129358233183,0.12696671409215438,0.12695656004904415,0.12696366821392924,0.12697051709929247,0.12697711686502278,0.12698348308461174,0.12698963401726376,0.12699565701222346,0.12700144280876555,0.12700699952992828,0.12701233560487232,0.12701746825207094,0.12702245871397336,0.12702724398329837,0.12703188224827414,0.1270368055403357,0.12704149828976968,0.12704597814118646,0.12705024243998056,0.12705429666218013,0.12705814312117153,0.12706176519386375,0.12706516821457253,0.12706837121904285,0.12707137699472965,0.12707418385563143,0.12707678440356412,0.12707918559797277,0.12708138917577758,0.12708339479195213,0.1270852024644135,0.12708681333118074,0.12708823087397428,0.12708944119371282,0.12709044172826106,0.1270912294455062,0.1270918061700106,0.12709216505952461,0.12709229364287186,0.12709218885238294,0.12709180517628596,0.1270911119386537,0.1270900949226791,0.12708875345156403,0.1270870790213267,0.12708506272906822,0.12708268395062652,0.12707992254448658,0.12707678263798008,0.12707325398016694,0.12706932558012884,0.1270649815645613,0.12706020314994387,0.1270547111992285,0.12704840412577006,0.12704153332288678
RUS,Ninth,35.41806650287669,36.268442716059084,37.13310987819884,38.010085088699405,38.89929983334493,39.80175825238013,40.67032218165571,41.55144573991507,42.44569049792194,43.35410218579354,44.225626331580195,45.0927566176591,45.970199068240106,46.859192848030766,47.7670947079336,48.69359523869069,49.56836948823696,50.455852023319,51.357980724840544,52.27639561684957,53.21095490102752,54.078290560069675,54.960923796872116,55.85868036920416,56.77250009006645,57.70101869861663,58.57717199218103,59.46554640589245,60.36834760580232,61.29122896167508,62.22782121746544,63.129159151022805,64.04449871972456,64.97724540555119,65.92794223462225,66.89793691764413,67.8249119720068,68.7686620373323,69.72758374069785,70.70432605963936,71.701766239018,72.63700217756087,73.58912161354631,74.55303853104608,75.53318012805384,76.52816987266158,77.46999873945303,78.42438503795272,79.3936983198429,80.37608131414899,81.37181438598422,82.33102606021902,83.30303788018314,84.29060198054255,85.29410759366452,86.3140038353076,87.26031457316928,88.22377912160468,89.20045866763238,90.19866363408562,91.2762544090171,92.28837966576043,93.3158017366602,94.35800478764455,95.41577623205661,96.49115357558951,97.51041200648251,98.5435138560389,99.59034169609455,100.65093134358148,101.72613348491193,102.75714825018129,103.79982577754781,104.85340127775562,105.9173681686425,106.9926479626729,108.03073588048693,109.07743110182383,110.1346974873698,111.20282167182289,112.28057770675493,0.1536054373076797,0.15350843744613765,0.1534154133472821,0.1533180988125364,0.1532166193501862,0.1531108317043817,0.1530104075018053,0.15290892135782613,0.15280303389679326,0.1526926507107895,0.152587807807598,0.1524814408260553,0.15237236950203004,0.15225541470377205,0.1521564001869719,0.15206909252573333,0.15199203012116244,0.15191412285484712,0.1518347468705267,0.15175368239526757,0.15167101045932843,0.15160045890110135,0.1515284106150851,0.15145470293225216,0.151379268518226,0.15130237670667698,0.15129496411571033,0.1513710864464215,0.15144625837708814,0.15152053501319,0.15159404961849457,0.1516669547765529,0.1517403150566031,0.15181278788390262,0.15188441593479307,0.15195525381955222,0.15202548783131473,0.15209594306867716,0.15216573353858018,0.15223569795118855,0.15231276461649515,0.15238926568119215,0.15246544366826661,0.15254125545916256,0.15261677528931636,0.15269203314395555,0.15276667027330473,0.15284074692069924,0.152914643868635,0.1529884064654514,0.15306204832596795,0.15313535929903108,0.15320851796401164,0.15328161367939133,0.1533547065788978,0.15342779116105912,0.15350106373137365,0.15357490761502748,0.1536488176244243,0.15372280361985563,0.1537968994123501,0.1538716072393182,0.1539474083869556,0.15402336090388094,0.15409948899472342,0.15418230682209025,0.15426790047336456,0.1543547992062621,0.15444204774796003,0.1545296805226822,0.15461768994853498,0.15470648975984724,0.154796359606583,0.15488665314065522,0.15497739661975604,0.15506859905585377,0.15516038414990058,0.1552528197110342,0.15535047455384404,0.1554536633648544,0.15555741201635473
RUS,Tenth,64.78324518105697,66.43948191875951,68.13046828570597,69.84448116322271,71.581595403543,73.34343490801591,75.04290533995452,76.76876161232897,78.5181348846416,80.29276584746887,82.00313674257255,83.69982784525854,85.41571906363161,87.14623458385702,88.94084030235534,90.7921641795059,92.55051563522912,94.33703518058996,96.1548445362719,98.00700814932033,99.89353302541228,101.65848559030823,103.4560903644214,105.28585850495647,107.14969203885852,109.04544575215614,110.84413581083928,112.67006326619546,114.5269423315149,116.42484258792904,118.35331172131227,120.21587399302503,122.11139752171786,124.0432407762161,126.01257852052942,128.02199497044936,129.95250380399332,131.92049279359134,133.92146387015922,135.96211516273962,138.06431439038494,140.05444632921999,142.08166494682592,144.13719794536703,146.22911446332125,148.3553077218912,150.38246154025734,152.43840214380143,154.5285566886728,156.6500928259763,158.80378777639137,160.88573904332662,162.99842894639377,165.1471115580113,167.33290319275503,169.5568234579179,171.64349644267864,173.77097665738094,175.930950923758,178.1384164787701,180.49660326213953,182.73400095947426,185.01202972987386,187.32689179397744,189.68029438013977,192.09957702311274,194.42499557354185,196.79085752172702,199.19380019188645,201.63429822984855,204.11413692194145,206.5172460546026,208.9569306077058,211.4297618294748,213.93540555606918,216.4758179350318,218.95353279273584,221.4614784256105,224.02390474970093,226.6441780414997,229.29869504859204,0.27456278582452825,0.27387180882636913,0.2732091182795391,0.27252679515105255,0.2718258274349296,0.27110553596720305,0.27042645909651897,0.2697461582672474,0.26904575277020454,0.2683248884274767,0.26764502024258136,0.2669626131165471,0.26626982340457905,0.2655381697277115,0.26490897670981467,0.2643469537067835,0.2638491766340755,0.26334937217625465,0.2628440467763088,0.2623319570566378,0.2618136417294888,0.2613685555495173,0.26091726156195466,0.26045898574260506,0.2599933885173118,0.2595220802569747,0.25944774203293847,0.25984926945236836,0.26024709761826725,0.26064148321596725,0.26103309526374974,0.2614227288008782,0.2618160735756432,0.2622059355262087,0.2625925082127665,0.26297604897170357,0.26335754643694376,0.2637414854671021,0.2641230247856271,0.26450675836652443,0.26493089261473457,0.2653534290156214,0.2657756967528172,0.2661974486103186,0.2666190920686358,0.26704079315611634,0.26746052798480846,0.267878614293993,0.268297194519038,0.2687165267638355,0.2691366982947859,0.2695565040096452,0.2699769749700188,0.27039862986149155,0.27082182325284626,0.2712465454430898,0.2716739561844263,0.2721063302277363,0.27254074750325197,0.27297728982370517,0.27341617870112855,0.2738604314045014,0.2743129909500091,0.2747682949525801,0.27522652322481506,0.2757271644637627,0.27624696810467114,0.27677720842482134,0.2773121578601659,0.2778520865433046,0.278397030214465,0.2789496317826939,0.2795117579433645,0.2800794809979663,0.28065305013516517,0.281232607446455,0.281819036710534,0.28241288911873796,0.28304388435494515,0.2837147328044159,0.2843935348597804
TUR,First,4.531750459709197,4.61745821699509,4.701492909529932,4.787008556799357,4.8753418599608604,4.9667104866332,5.055453701861871,5.14607788261503,5.239112257053999,5.334622915032677,5.42937406442567,5.523194404017504,5.619235017484296,5.718575149242946,5.814406185671996,5.908703321489914,6.00143961564214,6.096118826183683,6.193061833113943,6.292334759946984,6.394179673691266,6.494147860180778,6.595968433798111,6.699487203060692,6.804680757429073,6.911091168662212,7.015678138198394,7.121446490559939,7.2291998042325165,7.34013565853164,7.453877186050116,7.5677724391905645,7.682840021501187,7.800292693916514,7.919639181033169,8.0404924885217,8.15917593850043,8.279333401757961,8.401590480423634,8.525555456081063,8.648936645345781,8.76973387174627,8.892438501938427,9.01630478771649,9.14154947535154,9.267962518646236,9.391287022607086,9.51501733049018,9.63996062531925,9.76670293774395,9.895669619458902,10.025205208712618,10.156180756231931,10.288383651467441,10.422029796653526,10.557140399002986,10.68801046697998,10.819549198818393,10.951246856127387,11.0839315351722,11.223553744540826,11.359082790764514,11.495328442315316,11.633028062273153,11.77208946019327,11.908447716425444,12.039034913708313,12.168908035395775,12.298529310045643,12.427621199593743,12.555802310949558,12.67776698312832,12.798602455520593,12.919868922512606,13.042739816836535,13.166533283440481,13.285198050851678,13.403231144606957,13.516818831795778,13.625268564871696,13.731676955434398,0.02565067810747794,0.02574752973715325,0.02583870405010098,0.02593457548614092,0.0260364762273833,0.02614456653035792,0.026248299410704595,0.026354416947900014,0.026466005062964232,0.026583059963406524,0.02670023958768438,0.026816411442662506,0.026936686708477434,0.027065937696882918,0.027177089386926815,0.027277079146953452,0.02737380181615283,0.027472710805097424,0.02757438057194779,0.02767888606475079,0.027786390579537086,0.02789031856443597,0.027996369540044877,0.028104582388454383,0.02821492558110243,0.028326982801745636,0.02843591286586374,0.028545806539125095,0.028657896312443518,0.02877320596697973,0.02889111884702803,0.02900763559167502,0.0291244544901822,0.029085590609489884,0.02901061561524806,0.028936447290174073,0.0288628884743011,0.02878907479490882,0.028715934913058672,0.028642587978534126,0.028561767287545153,0.028481509191776097,0.028401559071674232,0.02832196151031158,0.02824263713923638,0.02816355460327869,0.028085090079799917,0.028007181140403233,0.027929425962071767,0.027851776278646278,0.0277742168994008,0.027696969274114146,0.027619842274728346,0.027542743124656467,0.027465606737571934,0.027388438132853004,0.027311028130314385,0.027232970343977494,0.02715479764688588,0.027076497121626575,0.026998033102049082,0.026918870379585264,0.026838497077459375,0.02675790935729738,0.026677078423917623,0.026589079624784465,0.026498057520361353,0.026405569679712203,0.026312626865249537,0.026219192098310303,0.02612526575188543,0.026030405075580017,0.025934306184222912,0.0258376524680014,0.02574041263128363,0.025642572940151456,0.025543996495705077,0.025444602647721856,0.025339465472104538,0.025228218648973347,0.02511620661029222
TUR,Second,7.500724982324267,7.652592194364715,7.802910221428561,7.95576293832265,8.112995934541784,8.27494965563498,8.432249132356384,8.592759753881264,8.757159177283901,8.925581291479418,9.092762200000381,9.258032267272178,9.426956041252245,9.600928163197251,9.77147386878848,9.941157832805194,10.10836341513921,10.279003580497365,10.453569819923503,10.632206758308005,10.81527223390588,10.995352203022701,11.178832519662627,11.365514349264485,11.555405247397614,11.747873208890192,11.93763637949739,12.129860047746709,12.325684408272087,12.526883331949447,12.732863988749832,12.93909798405331,13.147860138841894,13.360741219400325,13.577172420436463,13.796690899281941,14.013028653966707,14.232325978212707,14.455415170892547,14.681853206126144,14.908778626099522,15.131565179292283,15.357897886764851,15.586676208285372,15.818305171034673,16.052490502350615,16.281938593091862,16.512743805365005,16.74610443180596,16.982828361056367,17.223540254296058,17.46491506540897,17.70911629142299,17.95592864219384,18.205687099730593,18.458454047851543,18.704413550758392,18.952215141863896,19.201074848864366,19.452328363779475,19.71543876917401,19.971926448551365,20.230310346470127,20.49160402035365,20.755722968367326,21.0172873718156,21.26986885439654,21.522303755047957,21.77521911667261,22.028239839148338,22.280860006818735,22.523632959439666,22.765563934665586,23.008830230414596,23.25510521126496,23.50347568033284,23.743387145372488,23.983079031335535,24.217385560227573,24.445340277862254,24.671105996784178,0.041894459152645794,0.04199500061592146,0.04208875916891351,0.04218801419591159,0.042294223288260706,0.04240752969953257,0.04251615320624689,0.04262736663782789,0.04274481565412421,0.04286846344430731,0.04299237021235754,0.043115301014986236,0.043242777116128055,0.043380500888083005,0.043496697638561656,0.04359954372145745,0.04369876347963326,0.04380029074245109,0.043904768583176025,0.044012259456333136,0.0441229311528424,0.04422963775505288,0.04433855155707322,0.044449719357642546,0.04456309486207732,0.04467821734745218,0.044789857463855255,0.04490238477568148,0.04501716856375598,0.04513529511734999,0.04525607634819075,0.045375214242371856,0.045494446299877915,0.04544743666138081,0.04536186710370802,0.045277137772322416,0.04519302616816863,0.04510854406167865,0.045024756497779206,0.04494065385183672,0.04484789027676729,0.04475567743245713,0.044663724787750984,0.04457208306669327,0.04448066476040365,0.044389432257288024,0.044298821948659604,0.044208761075200234,0.04411878764789792,0.044028847313558134,0.043938919716392466,0.04384926500795123,0.043759660198071086,0.04366999813086373,0.04358020288346163,0.043490278729305866,0.04339998191483722,0.04330883763856104,0.04321746593452082,0.04312585032620556,0.04303394755984073,0.04294113143995907,0.042846795094109436,0.04275210577596282,0.04265703023783169,0.04255340748694687,0.042446096271684136,0.04233692253127505,0.04222707707431642,0.04211651035286395,0.04200522349633212,0.04189268573439302,0.04177853060655702,0.04166356713328289,0.04154775473577767,0.041431073002474166,0.04131335511922765,0.0411945002717567,0.04106860081129067,0.040935186924346265,0.04080064945508096
TUR,Third,9.117143302432002,9.308394667502347,9.49847620191149,9.691673518534376,9.890077800977657,10.094090976678363,10.292299974870275,10.4945253558278,10.701419031858446,10.913150443789126,11.123352016152998,11.331015231330836,11.543110569036124,11.761013709105601,11.976424570201761,12.192004145126154,12.404681659312512,12.621733031249752,12.843731666640705,13.070872582404347,13.303576002497765,13.532765341770318,13.766338428070013,14.004070431387188,14.245993168863269,14.491391340985805,14.733700552474668,14.979347075749661,15.229616629040311,15.486589704153776,15.749566377222392,16.012943646455906,16.279819734367354,16.55189388014459,16.828582774949744,17.109402602339983,17.386606119902936,17.667803878242825,17.953883884730924,18.244439951322505,18.53675626009118,18.824189850394756,19.11627390519879,19.411722785753412,19.71105675414207,20.01394535492396,20.311305712762803,20.610759523874087,20.913739294049478,21.221170947773967,21.53379201689427,21.847223686997715,22.164480300336177,22.485365037935082,22.81028686456106,23.13933921247736,23.460303025524173,23.784074432817246,24.10968649054591,24.4387669860556,24.782755625200135,25.11889253382925,25.457960213408953,25.80104242866746,26.148071652055936,26.4935916455675,26.828757006093433,27.16455285211502,27.50161300144476,27.83952523642778,28.177726440229844,28.504297427230135,28.830647003336093,29.15921828669308,29.49195756998056,29.827846801118447,30.15361616696666,30.4798254291374,30.80110617320037,31.11641052721227,31.429930474527374,0.05067379469958728,0.05077919963608052,0.05087796801088836,0.050981873172067184,0.051092360246758874,0.051209561022617166,0.051321796008117614,0.051436440002722,0.0515569406602213,0.05168325341198396,0.05180949974907172,0.051934451404051486,0.052063634697650435,0.05220242617263921,0.05232079448269009,0.05242652404874557,0.0525285438725103,0.052632723290439117,0.05273967576234951,0.052849460686165764,0.05296223715304629,0.05307097906356311,0.05318176609185981,0.053294629985063055,0.053409523301151195,0.053525992783226034,0.053638921944857754,0.05375262097312185,0.053868394140312345,0.05398729935521363,0.05410866616792526,0.0542283057656546,0.05434796668775168,0.05430560958123843,0.05422561377226519,0.05414635602667824,0.05406762805893556,0.05398850549761065,0.053909984821867804,0.05383112166462536,0.053744080498886876,0.05365749973486405,0.053571104354420265,0.05348494487702673,0.05339893772621158,0.05331304921281771,0.05322768926023878,0.05314279191681916,0.05305792099552465,0.05297302521544472,0.05288808730290909,0.052803350061282006,0.052718606448756866,0.052633752611483856,0.05254871612672794,0.052463501995631996,0.052377879015837646,0.052291394978009366,0.05220463601537996,0.052117587618025325,0.05203020818858458,0.05194189956345956,0.051852083979022356,0.051761869325813205,0.0516712225144938,0.05157235480915515,0.051469889044141195,0.051365560565712516,0.05126050459398597,0.05115467383233741,0.05104806566881053,0.0509401695062004,0.05083063128394086,0.05072022412717969,0.0506089053246971,0.050496652997732976,0.05038330518114977,0.05026876281140981,0.05014731948550499,0.05001850394596838,0.049888471234300145
TUR,Fourth,11.369251095594127,11.614556627815784,11.859191071486563,12.107770871995548,12.362706147105465,12.624485296073829,12.87886145725795,13.138353375664975,13.403612910571981,13.674861784220756,13.9442182249328,14.210170163201742,14.481645855182173,14.76005156832888,15.03706844324977,15.315538578026253,15.590502731411952,15.871122379482191,16.158086004224923,16.451658352807375,16.752342679033827,17.0487710906764,17.350932163102616,17.658574295690514,17.971764178772197,18.289680952672967,18.603974241881573,18.9228108607788,19.247674670886532,19.581050330396565,19.922091665435786,20.26369789276762,20.61012415388243,20.963211908534685,21.322377623270626,21.687119564719815,22.047646387958608,22.413573266366893,22.78587153236089,23.164177910629448,23.54588066981715,23.92166514516782,24.303599647014085,24.69015749489676,25.08201604215614,25.478799248410052,25.868971054598955,26.262262532433517,26.660405561374855,27.06447316708386,27.475348371643882,27.887159966682166,28.304147133674725,28.72614708819837,29.153666549648246,29.586841116449968,30.01014966121123,30.437572934547717,30.867918152272555,31.303200695745723,31.757474596828974,32.20217369452123,32.6511841912992,33.105696625164335,33.565670944213025,34.02546008247906,34.47294648381734,34.92211449524995,35.373624784843905,35.82701913099487,36.28167070477884,36.72224827627506,37.16345381495817,37.60807412181515,38.058401398693505,38.513293757741046,38.95576560196415,39.39957696801206,39.83904477632543,40.2730175443026,40.705808369703206,0.06285122466546339,0.06294601472278798,0.06303437158310515,0.06312767524613078,0.06322725853969796,0.06333322953385026,0.06343465017393922,0.06353829191063602,0.06364748596201399,0.06376217229741128,0.06387685919829508,0.063990412191139,0.06410790832059933,0.06423451101556438,0.06434134240851586,0.06443590705655286,0.06452701662664033,0.06462008710118838,0.06471569189780009,0.06481387687640149,0.06491478212891026,0.06501193412699392,0.06511092140553709,0.06521178028907099,0.0653144574535844,0.06541853213679165,0.0655193043547975,0.06562071007641881,0.06572396413884965,0.06583002990977001,0.06593828075336991,0.06604487992379156,0.0661513860005335,0.06611003243367454,0.0660343220914709,0.06595926528094052,0.06588466709897474,0.06580965020915552,0.06573516155427142,0.06566030345117481,0.06557763262774878,0.06549534494237229,0.06541318181716867,0.06533119103373498,0.06524929198757005,0.06516745418912318,0.06508606860701537,0.06500507280715678,0.0649240522279884,0.06484295633705067,0.06476176910897379,0.06468072426140087,0.06459962114581731,0.06451836137333822,0.06443687680953206,0.0643551702359521,0.06427301964852902,0.0641899896810613,0.0641066429420081,0.06402296505764642,0.06393891465316828,0.06385391557101457,0.06376740891232525,0.06368046054022543,0.06359303799130012,0.0634976196915047,0.06339865536966707,0.06329781584154202,0.06319619562832625,0.06309374539794366,0.06299046198430443,0.06288584814526756,0.06277955762228708,0.06267233667949328,0.06256414314786399,0.062454953117512535,0.062344605626696595,0.06223300172326683,0.06211457125996696,0.06198883536643165,0.06186179172998637
TUR,Fifth,13.344736497057779,13.63963993320521,13.934515729974507,14.234074193060836,14.540987250826303,14.855814762517142,15.161812777649489,15.473949888978677,15.792806465534873,16.118648586008273,16.442266957772162,16.76166143513577,17.0875394769567,17.42120485723667,17.75504617763059,18.091917974781154,18.42481093814387,18.7645753447959,19.111993964763496,19.467397125226828,19.83136139224212,20.190475622704184,20.556608101456,20.929479954839643,21.309195069245398,21.69484674960578,22.076476462953423,22.463835940130984,22.858558618934133,23.263479159048586,23.677630909712967,24.092562204276003,24.513638511614072,24.942760875052315,25.379361973402442,25.82293826903548,26.261859383021587,26.707577076637165,27.16109681038747,27.622137940625787,28.088504040623295,28.548127668223152,29.015373211808413,29.48850836611603,29.96835898591663,30.454514145450545,30.93319354619449,31.416054437795022,31.90510761002048,32.40155619273295,32.906413274541585,33.41239585708619,33.92492305563458,34.443875148135625,34.96985190655297,35.50303246045662,36.02488710021773,36.55224888493231,37.08370260073646,37.621613875568165,38.18236835651204,38.73216368740541,39.28777906960022,39.85044179214917,40.42014423362385,40.99155338922981,41.54925576495547,42.109925016800865,42.674183144802456,43.241544888890935,43.811338030146196,44.36508901201155,44.920580206792614,45.48085094546101,46.048497581841204,46.622287879885285,47.18179225928396,47.74377959476845,48.30270899029775,48.857395867891675,49.41183375322648,0.07349059458883461,0.07357733113680681,0.07365829637716148,0.07374352970825129,0.07383421537877351,0.0739304381695631,0.07402243279984405,0.0741162974089377,0.07421494196780373,0.07431830116627362,0.07442148268626632,0.07452347844077413,0.07462881986091154,0.07474199210919016,0.07483784039399989,0.07492294518612022,0.07500489944639958,0.07508850245147476,0.07517425233923278,0.075262183530309,0.07535241419548408,0.0754392373127236,0.07552758519131911,0.07561747923073092,0.07570887104593088,0.07580138742100391,0.07589090618723901,0.07598089171001328,0.07607239611686105,0.07616625727158767,0.07626192367608706,0.07635604418020624,0.07644999762751446,0.0764150159323493,0.07635003761097073,0.07628557527672192,0.07622146165808756,0.07615694323503591,0.07609283514275329,0.07602836395320714,0.07595711252360708,0.07588613767363393,0.07581521527917194,0.07574438833809642,0.07567358822482304,0.07560278709902232,0.07553232487225989,0.07546214808747967,0.07539189730657886,0.07532152952919285,0.07525103066284944,0.07518060182464904,0.07511007193317165,0.07503935310273305,0.07496838695242064,0.07489717519748958,0.07482552328047987,0.07475305030901391,0.07468024593976678,0.07460709769071924,0.07453356864552563,0.07445915345636829,0.07438335957736368,0.07430712082501631,0.07423040505753316,0.07414660620500861,0.07405961770940431,0.07397090279124964,0.07388141965972007,0.07379112419484699,0.07370001289288393,0.07360764333073094,0.07351370574676847,0.07341885799625626,0.07332305821111472,0.07322628527249084,0.07312839172084389,0.07302928825777547,0.07292401828233726,0.07281213662169507,0.07269896682686834
TUR,Sixth,16.1635538258038,16.529042932496512,16.89544001618913,17.26758776493206,17.648511386892924,18.03887089068923,18.41836300869791,18.805448358653333,19.200618239118125,19.604203520176686,20.005122709494632,20.400640806578146,20.80401775990405,21.216428719181383,21.63121535390787,22.05125505267944,22.46664247636528,22.890632957894518,23.32414291830146,23.767597803139317,24.221676126122436,24.670063973149187,25.127307293189276,25.593095892886346,26.067588290110493,26.549765212932947,27.027365621936138,27.512401524990214,28.006712437291704,28.51361243912357,29.03196799571107,29.55139021388011,30.078856788102758,30.61633259177716,31.163293561496598,31.719244216222307,32.26993474341657,32.829418949876604,33.39874640784041,33.97775902513193,34.56483803836409,35.14401753404616,35.73291946559042,36.329532790303006,36.93489321080355,37.54854708830314,38.15352156949236,38.76422469311229,39.38304723451293,40.01136502180378,40.650368430268834,41.29071791612037,41.93957014596429,42.596875900124935,43.263362897776844,43.93927527635085,44.60180390964935,45.27184485248061,45.94768390594429,46.63217133100402,47.34491226816718,48.04473388906038,48.75254157661161,49.469606198465854,50.195975199164245,50.926788788054374,51.641923750014485,52.36190453925258,53.08730126529059,53.8175993012155,54.55207069772989,55.267757444749954,55.98683278275398,56.71266561434955,57.44826029564654,58.19227456056715,58.91938449836265,59.65066436268278,60.38083185621678,61.10867626536516,61.837713701412916,0.08861634499293175,0.08867704115199822,0.08873305297393723,0.0887925346853067,0.08885637227736534,0.08892460345380293,0.08898977365579346,0.08905635279447963,0.08912671144274413,0.08920077430010562,0.08927482204457397,0.08934810073982423,0.08942394878988083,0.08950597611612639,0.08957387372360033,0.08963296787138222,0.0896896987119335,0.08974763150939942,0.08980714933861586,0.08986826783818158,0.08993106822681854,0.08999130979772137,0.09005264223549525,0.09011508658093835,0.09017859873892377,0.09024289676422154,0.09030493577348077,0.09036723884474986,0.0904306139624719,0.09049566505309792,0.09056197280538285,0.09062707331846384,0.09069192138993115,0.09066266597814372,0.09061150385413695,0.090560691309258,0.09051010038206894,0.09045913494473945,0.09040843860954388,0.09035740147739152,0.09030093414374267,0.09024461938304748,0.09018828092178975,0.09013195281945331,0.09007558095777793,0.09001914413346236,0.08996291278377017,0.08990684568850249,0.0898506562959247,0.08979431049536317,0.08973779545852173,0.08968127466685932,0.08962460943780759,0.08956772895861054,0.08951058532394467,0.08945318101008758,0.0893953567953927,0.08933680458228745,0.08927791982503225,0.08921868943369048,0.08915908327936983,0.0890986904425164,0.08903710925147454,0.08897509365405816,0.08891261879238645,0.08884429243526713,0.08877327466073293,0.0887007520876176,0.0886275038316865,0.08855349348541414,0.08847871291076104,0.08840279781459406,0.08832548851479406,0.08824732326409074,0.08816826325022646,0.08808828962412556,0.08800727717871755,0.08792514683636966,0.08783777892684605,0.08774477999261962,0.0876505613616751
TUR,Seventh,18.82025498007755,19.255534399765736,19.69290831399461,20.13705766902283,20.591318160040483,21.056440122694216,21.508745215201476,21.970110513080744,22.440831167213855,22.921297178353555,23.39865871016177,23.86942639249135,24.349353891540122,24.839297008240166,25.33460140657152,25.837948971606323,26.336103372487262,26.84464105091217,27.36459403032487,27.896484395626842,28.44108744609209,28.97930365608394,29.528267075159484,30.08763457404443,30.657623684726914,31.237117224681175,31.811623677514035,32.39537704037343,32.990372147439814,33.600377215353824,34.224111292992696,34.84930590778625,35.48459840443826,36.13191601817842,36.7907986958405,37.46077548879201,38.125057443103394,38.80027734143897,39.487467543405,40.1866539201239,40.89728085464227,41.59905928331257,42.312798326298335,43.036228471699516,43.77059902442282,44.51542473984824,45.250578488113035,45.99317719451568,46.74600268557271,47.51059770121184,48.28832889347898,49.06776704170225,49.85785591021523,50.65863568549096,51.47096716985217,52.29516467932189,53.10421338008204,53.92306818061625,54.749689323285196,55.587405684127944,56.45893437481753,57.31592253416243,58.18343392846944,59.062690357219836,59.95380568572031,60.85315312651293,61.73549040162915,62.62505160055945,63.522258937265576,64.42658471349868,65.33726798047692,66.2268953910296,67.1220867412173,68.02644584268856,68.94337940575609,69.87146068279547,70.78046357242135,71.69583850264785,72.61324735897988,73.53155579484593,74.45311684174605,0.10282244157167554,0.10286333772859607,0.10290124544384863,0.10294108415016168,0.10298339283512575,0.10302817820587769,0.10307079383740196,0.10311410217698472,0.1031594827395341,0.10320687135913113,0.10325397169576227,0.1033003212407336,0.10334798984437717,0.10339904404166207,0.10344175441099819,0.10347926837084312,0.1035152048548367,0.10355172020998613,0.10358903051525026,0.10362713753846277,0.10366607775552322,0.10370333820925041,0.10374108513517455,0.10377932209786493,0.10381801767376922,0.1038570007584175,0.10389449888288278,0.10393199884924491,0.10396994923266395,0.10400869334270015,0.10404798018512657,0.10408640103667893,0.1041245232164038,0.10410914786761698,0.10408126138784396,0.10405348399400279,0.10402574730669391,0.1039977255705829,0.10396977203740022,0.10394155037351725,0.10391023341087025,0.10387890452187452,0.1038474670403199,0.1038159398546896,0.1037842934908009,0.10375251549269633,0.1037207602409237,0.10368900557661927,0.10365708935777164,0.10362499177821013,0.10359270726190122,0.10356032647439399,0.10352777096814636,0.10349500134811314,0.10346198721489037,0.10342873010092204,0.1033951372976013,0.10336102707077234,0.10332662641062743,0.10329192866314066,0.103256913525045,0.10322133823064801,0.10318496088440905,0.10314822425613543,0.10311111209739966,0.10307040424363409,0.1030279629799097,0.10298448572669933,0.10294043488761899,0.10289578314396486,0.10285052436436226,0.10280443302104728,0.10275734403991149,0.10270957987265031,0.10266111438783534,0.10261192936703874,0.10256194406986932,0.1025111049262609,0.10245684294147676,0.1023988799265125,0.10233994520281836
TUR,Eighth,23.48883363525957,24.045873479319198,24.607070360388885,25.176868521684714,25.759119242904234,26.354728491661692,26.934097920839864,27.525078574286162,28.127664210543124,28.742350548077614,29.353221822580764,29.955402182000334,30.569038564761083,31.194488413184384,31.830336947002554,32.478969141342695,33.12144417872444,33.77740287091538,34.448080669357005,35.1341697227313,35.83661185631724,36.531440791145094,37.240324137931836,37.96287115235987,38.69940533038747,39.4486530612326,40.19219868071535,40.94816513775697,41.718815704988344,42.50867895060595,43.31622513597792,44.125869776391895,44.94919578623716,45.788044637469,46.64209542908634,47.51094040124533,48.37334496237023,49.250422649230686,50.14318015346772,51.05196033868952,51.9779699881643,52.893482156266145,53.82484765022691,54.76937255755465,55.7286744844266,56.702222410739495,57.66438651906886,58.63703014995586,59.6235852780801,60.6258674768735,61.64553642785215,62.66743424009402,63.70372571597983,64.7546138235622,65.82119008019421,66.90389092629827,67.9683647735398,69.04664811674607,70.13616986926999,71.24106895774013,72.38931887467145,73.52017820320171,74.66597178592176,75.82783782008603,77.0060124172583,78.19897631521877,79.37257612828854,80.55757571994974,81.75415468764147,82.96178092036665,84.17964922724786,85.37255097233628,86.57486664574397,87.79057302260941,89.02373171614389,90.27280569000695,91.49902778185854,92.73551562199181,93.97959450238793,95.23029331713403,96.48797310783208,0.1276915137662606,0.127669350232516,0.12764737906337112,0.12762512522557143,0.12760237004977482,0.12757903815653637,0.127556511469742,0.12753357847567565,0.1275100873395613,0.12748598323457497,0.12746200254057458,0.12743832643662992,0.12741404904473558,0.12738882579596236,0.12736441748226213,0.12734043782543056,0.12731693116977613,0.12729298095431993,0.12726850802398723,0.12724348154875528,0.1272178548909092,0.12719275507236305,0.12716717937769373,0.12714113102443048,0.12711459805962746,0.1270876415047454,0.1270611283026542,0.12703426900215586,0.12700689035627197,0.1269787817153136,0.12695003019406292,0.12692137824274788,0.1268924130096597,0.12689364285127097,0.1269018204333489,0.1269097592827338,0.12691748202200825,0.12692508022546534,0.12693245937794784,0.12693970678009642,0.12694751601262724,0.12695508594964422,0.1269624413886803,0.12696958110542694,0.1269765115832795,0.12698323638246253,0.12698972423769253,0.1269959846982239,0.12700205002368062,0.12700792398689828,0.1270136076517968,0.12701908398574974,0.12702436679014376,0.12702946144232408,0.12703437253889222,0.12703909565228585,0.12704364308286853,0.12704803234848097,0.12705223069885493,0.1270562364823339,0.12706004698655676,0.12706368512588598,0.12706716476821733,0.12707043477489996,0.12707349344145985,0.127076569322969,0.12707947058284091,0.127082122199767,0.12708448433704245,0.1270865513526733,0.12708831365673373,0.12708977081216208,0.12709091257841754,0.12709171842409994,0.12709217960527383,0.12709228661196115,0.12709202737270786,0.12709139016674104,0.1270903007309167,0.12708867943941946,0.1270865535564338
TUR,Ninth,28.30652601595861,28.99828541440221,29.697179626549353,30.406620881896835,31.130947987077185,31.8712141033692,32.59165167439745,33.32662479923252,34.07549443640108,34.838857584088004,35.59761010378151,36.3452919413863,37.10682278179286,37.88147197043512,38.67432614105005,39.486855026271265,40.292525244970996,41.11532413778283,41.95666969697065,42.817447770858685,43.698781483678545,44.57152917659072,45.462225672264054,46.37041417321026,47.29654914356229,48.23921380165143,49.17578064669803,50.12864476463308,51.100244454995284,52.095909122708754,53.11388194644781,54.13500872713063,55.17429820086332,56.233237114461666,57.311701595669206,58.40938709535096,59.500277807019856,60.61048550813505,61.74082083940896,62.8921594989791,64.06907855270461,65.2342488914025,66.42008754390761,67.62346617685117,68.84643236562192,70.08843417124561,71.31773416570537,72.56142939454838,73.82373606547769,75.1067753305526,76.41253733178954,77.72160556698314,79.049875399616,80.39777945551853,81.76669084133427,83.15720491270956,84.52689062502324,85.91577610033296,87.3206043717957,88.74641468385009,90.22688574273614,91.68778278119731,93.16973138092143,94.67350473912045,96.19951407121656,97.75085830218379,99.28213115551279,100.8310435847558,102.39721472154973,103.98016234248941,105.57908575033066,107.15008209511754,108.7364700946517,110.34239750186936,111.97266815161241,113.62569692111668,115.25304675811205,116.89668993329062,118.5579083382549,120.23623688104304,121.92771664749475,0.15325132726775412,0.1531848231514407,0.15312350607946515,0.15305733064785224,0.15298518360892413,0.15290694321615342,0.1528315999149001,0.15275388973636828,0.15267074101130046,0.15258217089246826,0.1524927442736423,0.15240341385216552,0.15231003511780522,0.15220777995109339,0.15212343354150046,0.152050202490078,0.15197947847849547,0.15190667309524694,0.1518312514418948,0.15175315779563092,0.15167225121721745,0.15159414750057976,0.15151401778486678,0.15143180086080968,0.15134753209662163,0.15126156989059034,0.15117808453985893,0.15109365014407394,0.15100712314393788,0.15091763071966574,0.15082572134746025,0.15073485606084003,0.15064371381263478,0.15068639331335482,0.15076003532491336,0.15083287548500088,0.15090510589382522,0.1509775752942169,0.15104937077776714,0.15112135753510475,0.15120066372120247,0.15127940224293224,0.1513578215672734,0.15143587710754372,0.15151364594944772,0.15159115821588628,0.15166804455512506,0.15174436799352578,0.1518205194931846,0.1518965455449293,0.151972460948457,0.15204804839036182,0.15212349447370313,0.15219888775612572,0.15227429293342185,0.15234970340144263,0.1524253222363811,0.1525015456764209,0.1525778518178516,0.1526542513078726,0.1527307803163709,0.15280795661248633,0.15288627819642447,0.15296477324534816,0.1530434671850834,0.15312909487331644,0.15321761409645732,0.15330750597827345,0.15339778364248255,0.1534884813370654,0.1535795942077095,0.153671550013246,0.15376463917031138,0.15385819470161974,0.15395224390942572,0.1540467969293166,0.15414198217476013,0.154237871972432,0.15433920901792655,0.15444632577435316,0.15455406323215581
TUR,Tenth,51.07165321266626,52.40538476685237,53.76136173279464,55.13744960431379,56.539998583598674,57.97071452449631,59.364666920295754,60.78725640757783,62.234721394839134,63.70813544183818,65.17366589972364,66.616588998522,68.08483363070535,69.57217544956552,71.11681660404297,72.71544327556651,74.30432382450498,75.92810021061844,77.5890200339226,79.28891753162253,81.0297508908662,82.75796458209835,84.52321440712132,86.32480182748674,88.16385347578057,90.03843176130897,91.90571379045251,93.80859013255117,95.75011892456749,97.73916582553537,99.77303412761144,101.81534892783826,103.8981726922842,106.02072625884058,108.18412268747585,110.38874972363371,112.58584638159333,114.82535598623642,117.1069215722725,119.4342253426284,121.82958578629194,124.20841777006089,126.63184830549945,129.094947382139,131.60182069022878,134.1519465242896,136.6843783952405,139.25135970814776,141.86073373264057,144.51596612161816,147.22056328669566,149.93377484774228,152.69050191677488,155.49244832765967,158.34234507275468,161.24161611577009,164.1093211549141,167.02395579279263,169.97910313616654,172.98394271637017,176.09770221238938,179.18334882815108,182.3217372578584,185.51143451940462,188.75383322090224,192.07813553079507,195.38276967224596,198.73858575919996,202.14212803779853,205.59340620735264,209.0919116073374,212.55194419020717,216.0602762077701,219.6211622272274,223.24271559559546,226.92354589088438,230.5687438155493,234.2636285272642,238.03300687219667,241.87991059182542,245.77568577245432,0.27305762118736915,0.27256037188669896,0.27209671724920836,0.2716082574826063,0.2710881475479356,0.2705359120117086,0.27000798952331,0.2694692639084681,0.2689027881597326,0.2683089499303373,0.26771600801177176,0.2671297832370333,0.26652415049943456,0.26587300621279625,0.2653227565309445,0.2648351242824366,0.26436566154362184,0.26388667984039677,0.26339529152574576,0.26289128866500927,0.26237399269971146,0.26187634259731596,0.26136988168093556,0.26085446818499464,0.2603303811872117,0.2597997785918057,0.25928644968451003,0.258770429085415,0.25824560403243174,0.25770714154832153,0.25715822967536633,0.2566182116375702,0.2560791774655109,0.25628446477148065,0.2566629228060939,0.2570384082821673,0.2574118929369362,0.25778776616660576,0.2581612862676104,0.25853695293451184,0.2589521694970022,0.259365818927398,0.25977920377175057,0.2601920802870235,0.2606048481804492,0.2610176684139627,0.261428563414515,0.2618378410160694,0.26224760068937686,0.26265809352070635,0.2630694049887976,0.26348035605323794,0.2638919563296539,0.2643047121517513,0.2647189724791368,0.2651347255440293,0.2655531085977581,0.2659763473714152,0.26640158276907233,0.2668288962987394,0.26725850374348925,0.2676933591780766,0.2681363422591945,0.2685820082452433,0.26903053425859424,0.2695205713074135,0.2700293617648011,0.2705483625981511,0.27107196947957135,0.27160044480457984,0.27213382506621697,0.2726746965467785,0.2732248842527891,0.27378054533332585,0.2743419247965016,0.274909160137196,0.27548311506032214,0.2760643303862659,0.2766818930716295,0.2773384533596805,0.27800279079038887
USA,First,11.829341539877374,11.760493333063264,11.690580409363434,11.62633225727214,11.571061571758005,11.524637336307043,11.48226678902092,11.448839018177933,11.421422533711743,11.399679439303567,11.371658043376854,11.354868331873552,11.340552520696022,11.331272109162372,11.322951742530316,11.316901346447558,11.312506086879502,11.3106050925112,11.311868085049687,11.316202550100705,11.323819830761993,11.330997345545287,11.340581414145854,11.351589747310353,11.363813721833685,11.376103887109172,11.388010932687084,11.401068520915128,11.41601826176651,11.435124420475786,11.4572481543128,11.48165710063429,11.506978195717457,11.53393806888948,11.561949645408328,11.590386009940298,11.61546563326662,11.642057811659337,11.670468366341463,11.700483532090567,11.732953732993025,11.761475036599427,11.791664822612542,11.8224470919891,11.854184175556398,11.886408202938268,11.915782815296039,11.943875402840604,11.972954278612326,12.003710648453662,12.036640224301086,12.074472767684835,12.112649839858829,12.151720764068148,12.191881139409661,12.233078598764774,12.272666297788716,12.312408868320484,12.351596271956971,12.39151769849909,12.4415222985922,12.490631058393507,12.540179837141219,12.590883487804069,12.642546419292703,12.695046529512972,12.746136099095253,12.79634539470364,12.846031233101792,12.894805755438487,12.942229888420373,12.985978982026198,13.028319112319078,13.071247284931323,13.116029792397025,13.161817673066297,13.205149402609871,13.247377553071285,13.288831986277916,13.329149026480895,13.367664071461604,0.030348509877181594,0.03011642168664812,0.029894747703785463,0.02968788913804813,0.02949514505471839,0.029315842188788722,0.02914938113803134,0.028998886283245942,0.028860042776476955,0.02873231715306305,0.028615235880142937,0.02850828736748254,0.02840646559863662,0.028315559980969997,0.02822863313559129,0.028145505939414686,0.028066026113291054,0.027989433346756982,0.02791621082607998,0.027846200907910578,0.027779268090262463,0.027715300612057715,0.027654679162497833,0.027596765053769668,0.027541409076720334,0.027488528601169578,0.027438025207450218,0.027390355868433646,0.0273448640840492,0.027301413999808496,0.02725990804048847,0.027220254382670752,0.027182039806287306,0.027145426633572577,0.027110334728521715,0.027076674317579853,0.027044364068012715,0.027013260948702475,0.026983372403120064,0.02695461331240922,0.026926947284170114,0.026900260064886782,0.02687374737622428,0.02684814291115272,0.02682335073296522,0.026799331779445063,0.026775986957547983,0.02675186300826139,0.02672834170248583,0.02670535576773917,0.026682889932361845,0.026660831225840034,0.026637778650666015,0.026615103861096494,0.026592700928181882,0.026570582567757375,0.026548642547510614,0.026525960906291737,0.026503392768090904,0.02648092698875896,0.02645848725761796,0.026436032040589474,0.02641262116106778,0.026389155666925887,0.026365576945763188,0.026341820326385816,0.026317872060593495,0.026292818903220373,0.026267525196511887,0.026241913487355176,0.02621600134544957,0.02618967959405904,0.0261618486343415,0.026133624547797604,0.026104944285708764,0.026075781290391883,0.02604604184230118,0.026014565654430027,0.025982512182641734,0.025949873572764525,0.025916637707672528
USA,Second,19.918116293544855,19.857114470602866,19.79347930307612,19.736247187073406,19.690106225947623,19.65504986647141,19.623302389043477,19.60283314404697,19.58993189022347,19.584244745168647,19.566999620946564,19.565299136332158,19.566690923689727,19.57455126510122,19.583638351038612,19.59581446366069,19.609770819454976,19.627120966227622,19.648857105820586,19.674925112022425,19.7056152249404,19.734897927013915,19.767586813758708,19.80232777213731,19.83885948485708,19.875509270351582,19.91115414844391,19.948360542361986,19.988267629035366,20.03426001186428,20.08449887882497,20.13758580296513,20.19207181642428,20.249094524895618,20.30784100383137,20.36746931265614,20.421350454546076,20.477604861552347,20.53659998490049,20.59811669138378,20.66336418621016,20.72147225575832,20.782277181361675,20.844045209147524,20.90743236917165,20.97172194444226,21.03127250562177,21.08927344169692,21.148905824506343,21.211072509720456,21.276475996091527,21.34923668386595,21.422742284094085,21.497785850625938,21.57464938387613,21.65326402970797,21.729152990352127,21.805609646349836,21.881469643691034,21.958796607979362,22.052550233604475,22.144631612816685,22.237595060390632,22.332399011796184,22.428794051928907,22.526596220251413,22.62182847988694,22.7160637223628,22.809763913635813,22.902377425364104,22.993297307810852,23.07823679076949,23.161399261067423,23.245528861744468,23.332401199410736,23.420856917407185,23.505004965825588,23.587806896813085,23.669671853327838,23.750081083378202,23.828103390685634,0.046876862990300056,0.04661584740408672,0.04636584837919459,0.046131940426645965,0.04591344876422362,0.0457097235001336,0.04552017803713115,0.04534847165405707,0.04518977012097697,0.04504353089530009,0.044909270792409854,0.04478645484797015,0.04466936975108966,0.04456470982659544,0.04446451623153999,0.04436859775842776,0.044276791776318894,0.04418823182960244,0.04410348625535017,0.04402238495106859,0.043944779289815016,0.043870549199867916,0.043800144739317905,0.04373283306415357,0.043668446670218575,0.043606895201321126,0.04354807162603453,0.04349251456530126,0.0434394618684682,0.04338876177222417,0.043340303109191805,0.0432939806017291,0.04324931848649148,0.04320650642003634,0.0431654533977761,0.043126057947889845,0.04308822512696988,0.04305179099403798,0.043016766089193935,0.04298305101804825,0.04295060603926316,0.04291929643400098,0.042888182248273385,0.04285812176863635,0.04282900531035003,0.042800788670877346,0.04277335544726504,0.04274499838770906,0.04271733930654369,0.042690302511733405,0.042663869617566984,0.04263790811873179,0.04261076836794681,0.042584065329417005,0.04255767459185088,0.04253161023548858,0.04250575054717772,0.0424790067328481,0.04245238995812955,0.0424258845958354,0.042399403974751844,0.04237289587724916,0.042345250851002166,0.04231753322070476,0.04228967375932808,0.04226159408159181,0.042233279205922555,0.04220364814488356,0.042173723155291026,0.042143411687111804,0.042112732035431984,0.04208155791078443,0.042048583812956446,0.04201513260692571,0.04198112624876134,0.041946535677613764,0.041911245952054775,0.04187387958940448,0.041835812363621945,0.04179703343503331,0.04175752618525133
USA,Third,24.448202774460057,24.411343212605328,24.37034997973675,24.335058706859627,24.310894300530794,24.297969292475393,24.286866150935477,24.287057106264676,24.29477541877558,24.309704299892985,24.309375215753974,24.32607240260328,24.345827844996315,24.37199555686426,24.399283008908174,24.429848023926706,24.46196027649445,24.497754070153018,24.5383591755174,24.583760432651488,24.634298592903463,24.68264205181356,24.734707129175586,24.78899948871274,24.845244421096766,24.90149732743793,24.956199748317466,25.012494341354692,25.071786322234594,25.138073747722416,25.209131808131072,25.28313901576037,25.35873681174229,25.4372797428291,25.517844958999735,25.599490814327737,25.673898041471613,25.75109347968384,25.831467197093637,25.91481534144228,26.002536188009252,26.08115612422317,26.163065146642843,26.246102831886855,26.331103346940026,26.41721590006571,26.497444668532957,26.57610498879286,26.656741391406918,26.74035940752071,26.827772957762395,26.923846815197198,27.02101497615687,27.120088158212024,27.221403383552115,27.3248833334559,27.42498025902369,27.52599381966801,27.626429059158827,27.728788536604643,27.851212448160513,27.971507691742005,28.093060415597467,28.216872245243195,28.34267521637495,28.47025808903883,28.594599221973116,28.718041221731774,28.841019352712152,28.96290198015015,29.082998735040693,29.195825719598737,29.306875008976924,29.419170245304958,29.534760727960066,29.652331001903338,29.764552836664873,29.875519109298704,29.985567459904818,30.09409960089189,30.20004747884142,0.05563467750609225,0.05539300106169303,0.0551611024947951,0.0549437526397668,0.05474040059568847,0.05455050308007607,0.054373573865348086,0.054213087510986656,0.05406457957576793,0.0539275827768347,0.05380168146499538,0.053686403507893304,0.053576410044926935,0.053478009771745556,0.053383739177567585,0.05329342674494292,0.05320692711539986,0.05312343142571633,0.053043482119266454,0.05296692341582543,0.052893622869690925,0.05282347298172814,0.052756900966821806,0.05269322293608933,0.05263228324015315,0.05257399990534113,0.0525182744408411,0.052465621473022826,0.05241532242472578,0.0523672359251866,0.0523212579153272,0.052277291824069656,0.05223488698880606,0.052194226276721344,0.05215522377107275,0.052117784721299514,0.05208182159981726,0.05204717805733619,0.0520138657848841,0.0519817910951335,0.051950916480847785,0.051921116155230394,0.05189149499274347,0.05186287112891101,0.05183513944660205,0.05180825923654924,0.05178212009424017,0.051755094572306024,0.05172872977670618,0.05170295159134001,0.05167774561165699,0.051652983408771086,0.05162709299334373,0.05160161376276527,0.05157642787466836,0.05155154849205279,0.05152685934145117,0.0515013213034125,0.05147590062581756,0.05145058067082567,0.05142527905534056,0.05139994575812914,0.05137352155759755,0.05134702245118254,0.051320382437539974,0.051293525999043195,0.05126643813066953,0.05123808655618898,0.0512094475776683,0.051180430433305404,0.05115105629298531,0.05112120076409427,0.05108961433162214,0.05105756206679355,0.051024970808253814,0.050991809485875936,0.050957971280154515,0.05092213159206491,0.0508856088464587,0.05084839301093957,0.05081046660309648
USA,Fourth,30.7285138061743,30.72095664491503,30.707575859178473,30.699297511689583,30.702458185809114,30.71730856151978,30.732148992834812,30.758588481334616,30.792716152211185,30.834254784697915,30.855795621254785,30.89643739026675,30.940186417060985,30.990468079198497,31.041823990297775,31.096785982966306,31.153015627611182,31.213355559425622,31.279125085751048,31.350362995651356,31.42746767377637,31.501347169769833,31.579433685540014,31.660039546838284,31.74287507450559,31.825645515316356,31.906155643614355,31.988357443449672,32.073989843042256,32.16784385548266,32.26717976976524,32.36955857373274,32.47382104898006,32.58161022662215,32.691867453159595,32.80352758226421,32.9059409231112,33.01172727333305,33.121297233752756,33.234474417181985,33.35289628435944,33.45954817550087,33.57028675722677,33.68240401348844,33.79697501343035,33.912970378832874,34.02154312596384,34.1285473693452,34.2380077574831,34.35105171634114,34.4686301364056,34.5965490107055,34.72601940805927,34.85790311636838,34.99260479376166,35.13003861011291,35.263198255620345,35.397744283466814,35.531764443266944,35.66834119526844,35.829817013472685,35.98852513639289,36.148977981337204,36.31224476689679,36.47803463100958,36.64610281078707,36.80998818445042,36.97310698740202,37.135874349067066,37.29755887199219,37.457363414147146,37.60814734356181,37.757149490079456,37.907759224441406,38.06236327472767,38.21945811374417,38.369750817217245,38.51889508748006,38.66715590730203,38.81383427223009,38.95769248088116,0.0673613343106478,0.06713472002864117,0.0669168888306107,0.06671238295385919,0.06652074684826118,0.06634152807153129,0.06617432051528238,0.06602246286381856,0.06588177738661918,0.06575185981389695,0.0656323475354662,0.06552282231971329,0.06541822973371404,0.06532458869088477,0.06523481369131194,0.0651487504608823,0.0650662653955152,0.06498659488850542,0.06491026316816723,0.06483712636850947,0.06476706252921731,0.06469997370272657,0.06463627711831228,0.06457531853595926,0.06451695371237234,0.06446110972418453,0.06440769371693818,0.0643572023244173,0.0643089505001504,0.06426280382546981,0.06421866542874669,0.06417644538549139,0.06413571128822335,0.06409663909800514,0.06405915076977725,0.06402315534486164,0.0639885687038957,0.06395524279227059,0.06392318930539526,0.06389231926552154,0.06386259780037366,0.06383390348746203,0.06380537532721452,0.063777801812766,0.06375108356437781,0.06372517891552551,0.06369998365191766,0.06367392995106833,0.06364850732976585,0.06362364608638815,0.06359933095801514,0.0635754400579551,0.06355045726607488,0.06352586562934165,0.06350155220453654,0.06347753102689321,0.0634536886846907,0.06342902183590722,0.06340446447246274,0.06337999829104173,0.06335554700073717,0.0633310604431774,0.06330551404634954,0.06327989057648314,0.06325412410324262,0.0632281457040759,0.06320193672881738,0.06317449964703803,0.0631467783822264,0.0631186860468852,0.06309024140926978,0.06306132450685685,0.06303072362598983,0.0629996650748408,0.06296807645122492,0.0629359281339685,0.06290311368416977,0.06286835015998793,0.06283291502514846,0.0627967981799731,0.0627599815565051
USA,Fifth,36.32096466251876,36.35252181721339,36.37639931552676,36.40416717361423,36.44294698673606,36.49313683673661,36.541010622255065,36.59991823884976,36.66606877038313,36.739243186435935,36.78771477001367,36.85651309901672,36.92821838996721,37.00598351142439,37.0846143304057,37.16696745282797,37.25014248535736,37.337671647610264,37.43100989033982,37.53025752677068,37.635867513978596,37.73717288538096,37.84295036839446,37.95138893600637,38.062195734456765,38.17277497887676,38.28032632725973,38.38952056570284,38.50242418450747,38.624527472998274,38.75263724696254,38.88372297477078,39.01689994144443,39.15405601795807,39.29402058760185,39.43563293292885,39.56610203613117,39.70041864467734,39.83900357583711,39.981717149487146,40.13040208571914,40.26482298173268,40.404054735684106,40.544857903813025,40.68852996199742,40.83388997349949,40.970394367862696,41.10542302703292,41.24332401004816,41.38532378811227,41.532493303933265,41.69144798992008,41.85245137557939,42.0163274671558,42.1835428996245,42.35400620302617,42.51938122559617,42.68664613098865,42.853458949389946,43.0234253228202,43.2226445198979,43.41851443573765,43.61665828506746,43.8181366059611,44.022649252600864,44.22992151844769,44.432163541111336,44.633874804289775,44.8353917003035,45.035902446304135,45.234519026025694,45.42256127574869,45.60896985170067,45.797359741333345,45.99041214097387,46.18646815552412,46.3744319243461,46.56151092795509,46.74782014829645,46.93257530676319,47.11439626102602,0.07748225111121482,0.07728991178594635,0.07710463370025404,0.07693033975778649,0.0767667074815783,0.07661341103127892,0.07647015448223876,0.07633985497332602,0.07621897719253473,0.07610721043256051,0.07600427526696477,0.07590984266192116,0.07581957387358337,0.07573868353408732,0.07566106672609199,0.07558659852266214,0.0755151716751652,0.07544613123835908,0.07537993549340835,0.07531646803072711,0.07525562775849012,0.07519733520633298,0.07514195546713748,0.07508892718348044,0.07503812867920716,0.07498949805582125,0.07494295933825885,0.07489894770458791,0.0748568689944854,0.07481660929189951,0.07477808640912066,0.07474122192079437,0.07470564363424982,0.07467150436999744,0.0746387370603469,0.07460726427361719,0.07457701328674936,0.07454785688017337,0.07451980493407312,0.0744927820015214,0.07446675705701605,0.07444162431741472,0.0744166313133725,0.07439246872718115,0.07436904879760303,0.0743463386736666,0.07432424428255532,0.07430139111919896,0.07427908754434075,0.07425727088638277,0.07423592952672932,0.0742149565280363,0.07419301794029927,0.0741714203452734,0.074150060603921,0.07412895463915307,0.07410800066869941,0.07408631808492006,0.07406472533080578,0.07404320978812291,0.07402170186204343,0.0740001581593261,0.07397767751397794,0.0739551229785691,0.07393243914555439,0.07390956155839536,0.07388647728899632,0.07386230432573238,0.07383787555321132,0.07381311421653722,0.07378803520321196,0.0737625335105278,0.07373553966001271,0.07370813430528245,0.07368025431386245,0.07365187205931296,0.07362289432789214,0.07359218526588879,0.07356087320520045,0.07352894885593196,0.07349639533428114
USA,Sixth,44.29350401686503,44.38019016727412,44.45677416588447,44.535665523087346,44.625020449716914,44.725428556542255,44.82027625843036,44.92540260413552,45.037187307921364,45.15548986742067,45.24260530922884,45.35167459607226,45.46339286167038,45.580535836442195,45.69829418268294,45.81995870528801,45.94180460008937,46.06834761993244,46.201232304815704,46.3406438589582,46.48710799320102,46.62774672341921,46.773240112839375,46.92161240234463,47.07257021774402,47.223113202743676,47.36954107678113,47.5175616629438,47.66968724696996,47.83235559987775,48.00174630895593,48.17394993977997,48.34854973343793,48.5277740065977,48.710306273390344,48.89486258352641,49.06559881504139,49.24085506947055,49.421060978105224,49.60613330172933,49.79818911988154,49.97244796796129,50.15253285527651,50.33447525544871,50.519885661091195,50.707372325630445,50.88398685729629,51.05929730999954,51.23807156923329,51.421661812469935,51.611295932507296,51.81465769768459,52.020777605107256,52.23042192847035,52.44414657657279,52.66184786252402,52.873314376911466,53.08739285929017,53.301153490562626,53.518919414010675,53.771977250871956,54.02084884732505,54.27274237734175,54.52869916763673,54.78840710898294,55.05155575660865,55.30845420759531,55.56518149750628,55.82195939562519,56.07787077959751,56.331910230850426,56.57318891260625,56.81307276304504,57.0554605761089,57.30342175444369,57.555097494466196,57.79683517117557,58.03808464631367,58.278747994875516,58.517928087441454,58.75405965552984,0.09149485446548647,0.09134602218473702,0.09120217313570235,0.09106642404709718,0.0909386044417563,0.09081853091303455,0.09070603740215524,0.0906034807944752,0.09050813882231526,0.09041981094748376,0.0903383184417027,0.09026343523678149,0.09019174529713955,0.09012741309451199,0.09006560381704067,0.09000622983602072,0.08994921441470555,0.08989404006988444,0.08984108339102252,0.08979025529809213,0.08974148355385951,0.089694709438926,0.08965023310753302,0.08960760854379793,0.0895667431678389,0.08952759116513422,0.08949009491082718,0.08945460992400874,0.08942066159191815,0.08938815854088704,0.0893570394952499,0.08932724292713183,0.08929846925713876,0.0892708444347043,0.0892443167214915,0.08921882390737845,0.08919431000484294,0.08917067096866015,0.08914791833533034,0.08912599096388943,0.08910486477907335,0.08908445542542875,0.08906415095146313,0.08904451379949092,0.08902547348658743,0.08900700343843078,0.08898902829361627,0.08897043040917772,0.08895227233947237,0.08893450562096006,0.08891711962239399,0.08890002824204822,0.08888214574865527,0.08886453375087701,0.08884711127639869,0.08882988853892887,0.08881278580851282,0.08879508274500539,0.08877744741414717,0.08875986832621913,0.08874229086819968,0.08872467801246874,0.0887062935569309,0.08868784259817551,0.0886692789974592,0.088650551084124,0.08863164708872125,0.0886118448416347,0.08859182536495451,0.08857152667685693,0.08855095969915049,0.08853003843560962,0.08850788422885103,0.08848538259073753,0.08846248317848755,0.08843916084529614,0.08841533859859554,0.0883900837141723,0.08836432058083732,0.08833804090819944,0.08831123107022838
USA,Seventh,51.93448814956807,52.093742480606295,52.240069433181716,52.3862079716361,52.54127525015172,52.70607334426503,52.86121814068439,53.024667528760354,53.19333380729296,53.36718167975289,53.50285297721788,53.661124825536724,53.82143257555545,53.98565730774876,54.149998399861694,54.318156359186396,54.48558755863716,54.6578440630939,54.83670072882355,55.02244247707736,55.215668573624555,55.40136180010964,55.592022769688114,55.78558339867121,55.981763934105224,56.17719145355115,56.36724818576245,56.558630759069324,56.75433235455441,56.96170274782252,57.176321044729505,57.39338027379179,57.613040273707156,57.83783969047487,58.06633368029967,58.29713823701506,58.51137852635279,58.73071160966528,58.95556493809648,59.18592449186599,59.42416762202572,59.64104194320734,59.86474374855984,60.09052700763805,60.32031818339961,60.55252623378428,60.77182491781513,60.99012529270215,61.212437811842115,61.44022742447197,61.67487127776408,61.925049930511875,62.178817717476996,62.43674315719667,62.699476286295635,62.966902886882984,63.22696087425665,63.490459241208384,63.753808175841634,64.02202853651357,64.33143851832375,64.63584568771498,64.94414946901078,65.25726588133035,65.57488152542221,65.89666047507605,66.21100805236742,66.52571906411977,66.84080290400111,67.15525220913796,67.4679545498313,67.76580743891358,68.06273721040453,68.36276464016733,68.66932657766195,68.9803907009116,69.27976114670403,69.5793000639069,69.87856262160058,70.17654936627483,70.47152541442453,0.10455080701792113,0.10447351687540678,0.104398096286213,0.10432628767895577,0.10425811696354094,0.10419359367789906,0.10413272391363067,0.10407688068612307,0.10402467051877264,0.10397604929526964,0.10393097760935496,0.1038893830593938,0.10384940240031704,0.1038133947006803,0.10377868284833061,0.10374523132353639,0.10371301097206832,0.10368173978536031,0.10365164245541804,0.10362267892757804,0.10359481625859694,0.1035680309946311,0.10354250408972857,0.10351798667933888,0.10349443185917301,0.1034718214305603,0.10345012660890708,0.10342955974427989,0.10340984922045197,0.10339094944339322,0.1033728252472998,0.10335544705648111,0.10333864210754275,0.10332248712454813,0.10330695310259522,0.10329200741205662,0.10327761900500948,0.1032637285789927,0.10325034481833713,0.10323743186566929,0.10322497984012603,0.103212938022774,0.10320094764668454,0.10318934053455504,0.10317807690592706,0.10316714027474701,0.10315648819795734,0.10314545774330143,0.10313467998004991,0.10312412565681695,0.10311378935801653,0.10310362075131563,0.10309297227169319,0.10308247643326439,0.10307208670250399,0.10306180795453307,0.10305159218046486,0.1030410098750621,0.1030304604726891,0.10301993698623454,0.10300940563375773,0.10299884483091518,0.10298781279650857,0.1029767328311955,0.10296557518515743,0.1029543104933602,0.10294292978748006,0.10293099894158114,0.10291892708929322,0.10290667551589489,0.10289425149181777,0.10288160318133709,0.10286819658182085,0.10285456690120444,0.1028406826476277,0.10282652882968857,0.102812056565032,0.10279669895499896,0.10278101483165575,0.10276499950471377,0.1027486432940247
USA,Eighth,65.3277655481281,65.60993283061161,65.87470313974038,66.13533239106356,66.40248395604354,66.67729343712227,66.93551759766378,67.19888346970673,67.46517364625478,67.73452378579317,67.95398169207003,68.19709638802891,68.44128475624484,68.68695703326358,68.93199611751041,69.18077116311076,69.42726702215052,69.67884428187584,69.93749729622341,70.20368498762076,70.47812588846291,70.74211788032997,71.01131979064317,71.28351898152383,71.55846303663793,71.83216112307176,72.09833305759064,72.36542941632342,72.63724501777271,72.92263846839425,73.21617671987443,73.51140844881472,73.80963455839309,74.11391835041525,74.42261193091039,74.7341760906853,75.0244363345858,75.32080060788351,75.6236794511317,75.93319079838899,76.25212889032053,76.54351390330314,76.8434477907911,77.1458850476051,77.45329051778937,77.7637433799117,78.05777352689981,78.35138759656826,78.64997723329753,78.95517610656036,79.2686027283567,79.60052491217492,79.93746950905624,80.27968184814056,80.62796190308283,80.98218404909518,81.32708040017351,81.67685694583203,82.0268202537498,82.38316774388564,82.79070651515244,83.19180113170414,83.59829340459898,84.01087916787638,84.42925274444174,84.8530331737772,85.26729914890205,85.6828772716042,86.09941854525034,86.51577290924406,86.9306561406979,87.32707779715761,87.72341969146284,88.12387078187278,88.53245969911303,88.94688248180225,89.34652754086744,89.74748542611964,90.14873311480304,90.54910336725544,90.94659183669083,0.12673365809467516,0.126766101546992,0.12679584138979924,0.12682247098154062,0.12684629073842443,0.12686757297871398,0.12688656380171404,0.1269030865246266,0.12691777806520627,0.12693081918785848,0.12694237016020302,0.12695258078068877,0.12696199579584122,0.12697014720585031,0.12697771599382154,0.12698474493091286,0.12699127314384576,0.1269973857214217,0.12700306307361878,0.12700833880535647,0.12701324308141965,0.12701780076752253,0.12702200316483148,0.12702591155604442,0.12702954827263174,0.12703293236016672,0.12703608256242807,0.12703898028148566,0.12704167873635402,0.12704419395760252,0.1270465403476021,0.12704872963742395,0.12705079067829497,0.1270527213058856,0.12705452997067612,0.12705622742247086,0.12705782152731585,0.12705932370426407,0.1270607368929417,0.12706206883666776,0.12706332327739955,0.1270645106419977,0.12706566567721808,0.12706675875047857,0.12706779595414658,0.12706878169144828,0.12706972087743695,0.12707067135008504,0.12707157976976213,0.1270724492321025,0.12707328139227073,0.12707408163462466,0.12707490018492906,0.12707568818467874,0.12707644822593042,0.12707718218320443,0.12707789364668295,0.1270786113356983,0.12707930835601114,0.12707998420499955,0.1270806419031631,0.12708128203871155,0.12708193048664718,0.12708256146902003,0.1270831756229968,0.12708377564718765,0.12708435918095334,0.1270849488134331,0.12708552102092346,0.12708607737648064,0.12708661604237834,0.12708713939141214,0.1270876652102843,0.12708816964707828,0.1270886534569662,0.12708911493982422,0.12708955330297186,0.12708998212579198,0.12709038225786332,0.1270907512109066,0.1270910862497673
USA,Ninth,79.50798953805837,79.97615317871924,80.42092162894821,80.85477408483476,81.28994391351601,81.72796757379565,82.13940724787493,82.54916091252245,82.95696156768356,83.3631859407818,83.70482473458279,84.06872577712612,84.43166854829006,84.79090882492059,85.14797828454563,85.50795913618153,85.86320194728386,86.22324693526599,86.59017735909042,86.96467491735773,87.34760312823522,87.71627374923318,88.08967791347574,88.4656329198065,88.84395539011166,89.22002407575276,89.58565476465051,89.95113387710997,90.3212809075969,90.70658178136975,91.10053387243128,91.49479293821638,91.89220045464512,92.29632947518532,92.70534811622937,93.11758854666763,93.50296523725247,93.8953009544707,94.29496932124178,94.70226615957297,95.12042895538998,95.50393841695934,95.89791723315115,96.29469054737594,96.69734112692986,97.10360277481378,97.48939743694241,97.87580777217885,98.26815200363582,98.66824346304416,99.07795506520485,99.5091975096627,99.94745543133742,100.39217778916756,100.84436160278405,101.30386306255163,101.7518676370736,102.20669423167156,102.66216873699426,103.12577291719535,103.65156774617958,104.1693627125156,104.69464158014001,105.22753719345172,105.76778319242658,106.31497554213892,106.85043364544391,107.38878439243365,107.92898269825571,108.46975955465659,109.00965399851135,109.5272823906034,110.04646872939003,110.5711360806409,111.10595233802442,111.64836016383636,112.17279504930187,112.7006195239564,113.2297433929033,113.75883356078891,114.28561992523113,0.14944488486283125,0.14967312706550231,0.14989110805915884,0.15009448929807842,0.15028395827755747,0.1504601744506218,0.15062372903477858,0.15077155599227246,0.15090790040263052,0.15103329110817562,0.15114819861187084,0.15125313316209996,0.15135300945003247,0.15144215333647087,0.15152737295525667,0.1516088455666713,0.15168672321894072,0.15176175173129755,0.15183345998448483,0.15190200390210643,0.15196751796065297,0.15203011334786973,0.15208941959247574,0.15214606320842747,0.15220019158005735,0.15225188848178559,0.15230124959195399,0.15234782950161832,0.15239227247297218,0.15243471187541605,0.15247524361612733,0.15251396052130253,0.1525512628474168,0.15258699603525896,0.15262123875394665,0.15265407840982043,0.15268559535887527,0.15271592969045356,0.15274507466323803,0.15277311414265957,0.15280008340632628,0.15282609543095108,0.1528519318840679,0.1528768806511475,0.15290103439902009,0.15292443103187117,0.1529471683855371,0.15297066081263547,0.15299356304225528,0.15301594136786278,0.15303780979055165,0.1530592794742187,0.15308171287053987,0.15310377586411741,0.1531255714608159,0.15314708719650574,0.1531684261242233,0.153190483795436,0.15321242696405996,0.15323426861704847,0.15325608011161937,0.15327790508437356,0.15330065521333733,0.15332345379834705,0.153346358832376,0.1533694336765326,0.15339269123759328,0.15341701670541363,0.153441571434637,0.15346643035524984,0.15349157734217206,0.15351711605296936,0.1535441145293831,0.15357148876955867,0.15359929880329284,0.15362757115713543,0.15365639648675053,0.15368689814617217,0.15371795160016394,0.153749563168717,0.15378174663872693
USA,Tenth,146.7579078308235,148.15763227022995,149.5085850515355,150.81704937220465,152.10136632091778,153.36458566466692,154.5523702247454,155.70357674578085,156.82819291743053,157.92760038450317,158.8939034208564,159.87127662512216,160.8376058622523,161.77318132373404,162.69926911799007,163.6239289871848,164.53134183243648,165.44176408051206,166.3573591048786,167.27990303736564,168.2108764740837,169.10908982514027,170.00897813963795,170.908922953407,171.8091503246777,172.70237718001275,173.57066411225804,174.4331592439685,175.29949690050142,176.1872416476302,177.08514026537983,177.97495254719206,178.8685091472135,179.77153997251287,180.6815369569948,181.59645050132193,182.4577549722388,183.32975755638597,184.2125330057034,185.10733508196222,186.01924011124848,186.8625803739305,187.7254402313158,188.59244716706024,189.4695644319522,190.35303419386491,191.1967432483443,192.0471243991655,192.90791072177083,193.78154105790313,194.6709472969572,195.5943340559228,196.53493645218404,197.48771935347244,198.45459215241326,199.43534841121686,200.39440699433172,201.37020267294375,202.34937381979628,203.3451538032334,204.45299833207474,205.54538334494674,206.65588566320193,207.78134083663147,208.92176696040684,210.07672615978333,211.20936232695644,212.3536403176031,213.50468507842263,214.66084068041667,215.81994937994207,216.9392862442216,218.06957726404795,219.21226799084943,220.374691843316,221.5534096907322,222.69921019919258,223.85999378992574,225.02790736871967,226.20097267452712,227.37590145477088,0.25007215976364944,0.2511913303603464,0.2522695600204868,0.2532840230782214,0.25423658083425094,0.2551291201079221,0.2559633378096899,0.2567222327170684,0.2574263651386995,0.2580775283895572,0.2586773242368892,0.25922765705605555,0.25975379805471904,0.26022533985820345,0.26067785542344774,0.261112068916529,0.26152859617474944,0.26193125996309585,0.26231737323318377,0.26268761939282576,0.2630425786079951,0.26338271374833727,0.2637058825913439,0.2640153632389389,0.26431186374162735,0.26459573507451567,0.2648674219963609,0.26512437861284444,0.2653700701064247,0.2656051613681125,0.26583013039084596,0.26604542574290524,0.2662532349055486,0.26645264830127013,0.2666440617237957,0.2668279262430256,0.26700466131851164,0.26717501738510874,0.26733892677348625,0.2674968374984802,0.2676489240354041,0.2677958000198535,0.2679418725827382,0.26808309991568063,0.26821999140242075,0.268352746287439,0.26848190381192616,0.26861550264625667,0.268745899208618,0.2688734512786742,0.2689982341904369,0.2691208705584585,0.26924915370585173,0.2693754568391687,0.26950036613119227,0.26962380716548284,0.2697463604505865,0.2698731833854185,0.26999948363778614,0.2701253415309138,0.2702511623327691,0.27037719775505953,0.27050872281658117,0.2706406844093964,0.2707734149705824,0.2709072814293035,0.27104236929025277,0.2711838331208741,0.27132680522528296,0.27147173420432297,0.27161852913813267,0.27176780665234945,0.271925829384738,0.27208627348978104,0.2722495098058144,0.2724156975808926,0.2725853879600776,0.27276522479708853,0.2729486091064084,0.27313559815282085,0.27332628536044606
