country,abatement_cost_share_mean,co2_emissions_mean,consumption_ede_mean,consumption_ede_npv,country_carbon_tax_mean,country_carbon_tax_npv,gross_output_mean,gross_output_npv,local_damage_cost_kw_mean,local_temp_anomaly_mean,mu_mean,net_output_per_capita_mean,net_output_per_capita_npv,population_mean,transfer_mean,transfer_npv,country_carbon_tax_2030,country_carbon_tax_2040,country_carbon_tax_2050,country_carbon_tax_2080,mu_2030,mu_2040,mu_2050,mu_2080,net_output_per_capita_2030,net_output_per_capita_2040,net_output_per_capita_2050,net_output_per_capita_2080,abatement_cost_share_2030,abatement_cost_share_2040,abatement_cost_share_2050,abatement_cost_share_2080,local_damage_cost_kw_2030,local_damage_cost_kw_2040,local_damage_cost_kw_2050,local_damage_cost_kw_2080,consumption_ede_2030,consumption_ede_2040,consumption_ede_2050,consumption_ede_2080,gross_output_2030,gross_output_2040,gross_output_2050,gross_output_2080,co2_emissions_2030,co2_emissions_2040,co2_emissions_2050,co2_emissions_2080,transfer_2030,transfer_2040,transfer_2050,transfer_2080,local_temp_anomaly_2030,local_temp_anomaly_2040,local_temp_anomaly_2050,local_temp_anomaly_2080,population_2030,population_2040,population_2050,population_2080
ABW,1.52e-6,0.000648,38.4,1580.0,0.418,28.8,7770.0,323000.0,0.0525,1.36,0.00397,69300.0,2.86e6,107.0,-36000.0,-2.37e6,7.91132583083604,0.0,0.0,0.0,0.06643379725104591,0.0,0.0,0.0,40431.61527898789,46142.40851322356,54557.98208660372,87312.16783278066,3.3673626795640504e-5,0.0,0.0,0.0,0.041322950684913685,0.047014001361146834,0.05063300965925246,0.05734589763243006,22.259970174984318,24.54741826914796,28.917039282645423,49.1938272167392,4640.449027110236,5359.560362346162,6231.245203019772,9752.227046827209,0.0007216556588400743,0.0007135682154830908,0.0006719258909197103,0.0006048495988633712,1.1915546612610414e6,0.0,0.0,0.0,1.0920810304681423,1.2313872066064093,1.3187028539141195,1.4781213593992504,110.244,110.937,108.709,105.636
AFG,1.47e-6,0.0477,5.92,209.0,0.418,28.8,654000.0,2.27e7,0.0253,2.14,0.00397,8690.0,310000.0,67400.0,1.11e8,7.68e9,7.91132583083604,0.0,0.0,0.0,0.06643379725104591,0.0,0.0,0.0,2092.4040558191678,2813.192218304797,3923.702780594418,11838.707309509944,3.220204503975593e-5,0.0,0.0,0.0,0.019401361432746293,0.02233537814810137,0.024229911130030226,0.027800939027413873,1.3224131547430535,1.7677663943327429,2.522906009691526,8.144962296882104,99637.42646770453,163680.41075366503,259946.2460380715,935344.2236484993,0.014817880066949275,0.022130131589509765,0.02982236633509523,0.06547240880275555,2.8932251909401884e9,0.0,0.0,0.0,1.7113717365153105,1.9296748165192337,2.066504893032785,2.316325480473822,48093.576,56912.0080000001,64682.976,76870.229
AGO,6.16e-7,0.0231,5.62,214.0,0.418,28.8,1.58e6,5.44e7,0.0648,2.07,0.00397,11500.0,454000.0,106000.0,1.03e8,7.13e9,7.91132583083604,0.0,0.0,0.0,0.06643379725104591,0.0,0.0,0.0,6657.1450521161305,6740.741361001936,7258.257344138329,13424.252931036859,1.3850322794323903e-5,0.0,0.0,0.0,0.05047859637339314,0.05769543619062299,0.06231724634108005,0.07095680899547897,2.695147256864006,2.8236684408141106,3.152596381601166,6.764920810747991,310758.9236307176,426226.00196696713,596955.2180137854,2.0431727967962127e6,0.019877585231061253,0.02064359985485659,0.020380685978759337,0.024024762984717306,2.6492048107962165e9,0.0,0.0,0.0,1.6623108732563627,1.8743557351720945,2.007263226352309,2.249922065461174,44834.707,59782.166,77420.355,142116.013
ALB,1.34e-6,0.00486,20.3,828.0,0.418,28.8,57100.0,2.51e6,0.0319,2.09,0.00397,29700.0,1.2e6,2070.0,4.18e6,2.9e8,7.91132583083604,0.0,0.0,0.0,0.06643379725104591,0.0,0.0,0.0,15039.179615587642,18033.820893478965,21779.58347748002,38297.24072125056,2.9008257076615804e-5,0.0,0.0,0.0,0.024641246717233414,0.028264837989153684,0.03059468683925844,0.03496706845900162,11.428422442830199,13.093363523566838,15.290422025490393,25.530151210395985,42815.56768622723,48850.83394799941,54410.08457263103,65785.65425272472,0.005735924983720891,0.006245254955669913,0.00601580533476832,0.003934207823031669,1.2907387792574427e8,0.0,0.0,0.0,1.675744341300271,1.8895027803346076,2.0234843236456777,2.268104137571699,2786.972,2634.385,2424.052,1659.729
ARE,2.62e-6,0.149,48.2,2000.0,0.418,28.8,1.16e6,4.95e7,0.083,1.92,0.00397,94800.0,4.14e6,11200.0,-6.82e7,-4.68e9,7.91132583083604,0.0,0.0,0.0,0.06643379725104591,0.0,0.0,0.0,74410.09527864026,81637.4294756205,87442.3681311785,103867.21487674842,5.77661102324953e-5,0.0,0.0,0.0,0.06470454618125947,0.07392736198139012,0.07983225057007645,0.0908680822282921,27.495482352927684,33.71154414743638,39.79244623474029,58.790624314658864,845860.3763847509,933566.111665752,984387.5207990652,1.3143742544868544e6,0.22565861930002953,0.21350922074176473,0.1766253821745244,0.10101635481644525,-1.1179206365978177e9,0.0,0.0,0.0,1.5401685142431951,1.7366328610653374,1.8597746491123754,2.0846035362423465,10661.076,10648.314,10425.284,11600.276
ARG,1.24e-6,0.185,29.0,1170.0,0.418,28.8,2.83e6,1.14e8,0.0344,1.59,0.00397,48700.0,2.0e6,55200.0,4.72e7,3.3e9,7.91132583083604,0.0,0.0,0.0,0.06643379725104591,0.0,0.0,0.0,26215.934589274722,31691.631149385285,38160.5497668436,61818.871026797286,2.745688459600785e-5,0.0,0.0,0.0,0.02697221401772976,0.030747425222117982,0.033154488730860916,0.03763173234712714,14.768027696737805,17.52017747017595,21.285120639431078,37.81169940722992,1.3189823891867516e6,1.708330587583556e6,2.163182034350409e6,3.716196553388783e6,0.16725163651982883,0.1854554546705022,0.19019581905410798,0.18793325397311522,1.747525884812063e9,0.0,0.0,0.0,1.2781670266765768,1.4412103869993953,1.5434042519123268,1.7299869975770932,49056.162,52296.7939999999,54867.248,57934.113
ARM,1.2e-6,0.00588,25.2,1020.0,0.418,28.8,92200.0,3.78e6,0.00982,2.01,0.00397,37000.0,1.47e6,2600.0,4.6e6,3.2e8,7.91132583083604,0.0,0.0,0.0,0.06643379725104591,0.0,0.0,0.0,16133.66005603185,19995.503746514285,25842.76715002312,49995.35765626923,2.6308747606417893e-5,0.0,0.0,0.0,0.007208110012117231,0.008485635231442279,0.009328548317735188,0.010951958508208036,12.854257176365167,14.97610783956419,18.497666847445725,33.032226157996256,48074.52161304226,58582.80723566843,73455.07446622412,118812.67191402538,0.005841108406411609,0.006372336217832003,0.006593773716300678,0.00555390623653751,1.3951135426146373e8,0.0,0.0,0.0,1.6142683434552478,1.820184886196959,1.9492512113181988,2.1848969551649517,2967.01,2905.147,2816.114,2350.729
AUS,2.21e-6,0.279,42.0,1810.0,0.418,28.8,2.74e6,1.13e8,0.0428,1.99,0.00397,72500.0,3.12e6,35200.0,-8.11e7,-5.55e9,7.91132583083604,0.0,0.0,0.0,0.06643379725104591,0.0,0.0,0.0,54273.82034970824,58828.08382116177,63327.02924334574,82377.98652209286,4.8562209953286554e-5,0.0,0.0,0.0,0.033358837064256755,0.03813755746015077,0.041197508342111694,0.046915672512543395,31.503840053903378,34.07848129775953,36.785396640913866,47.69832053440786,1.5814689209271397e6,1.867112202487997e6,2.1636290903722523e6,3.354823042566116e6,0.3546820618461583,0.36555771721894287,0.33536735537381346,0.21662034647177328,-1.0422143902928519e9,0.0,0.0,0.0,1.5950800024976897,1.798548874846217,1.9260810258862973,2.1589257169239175,28177.48,30572.49,32814.106,38899.744
AUT,6.14e-7,0.00815,59.2,2500.0,0.418,28.8,822000.0,3.5e7,0.00752,1.98,0.00397,91800.0,3.88e6,8940.0,7.33e6,5.1e8,7.91132583083604,0.0,0.0,0.0,0.06643379725104591,0.0,0.0,0.0,62300.17686568768,69197.89658273896,76723.97190140214,108062.97704526794,1.5085978899735092e-5,0.0,0.0,0.0,0.005400279697514869,0.006432085905845373,0.007119032151428868,0.008453668956013944,40.04324727843595,44.38311084740826,49.20860337469166,69.84618993651193,574483.6679603256,641536.3987504755,705530.6078998041,951300.271515127,0.040024996553042654,0.009507121936247025,0.0,0.0,2.577084998400487e8,0.0,0.0,0.0,1.5900292388483437,1.7928538343062936,1.919982159361729,2.152089556031923,9175.689,9211.788,9130.698,8729.407
AZE,1.72e-6,0.0301,22.9,940.0,0.418,28.8,322000.0,1.34e7,0.0258,1.99,0.00397,30700.0,1.26e6,10400.0,1.07e7,7.44e8,7.91132583083604,0.0,0.0,0.0,0.06643379725104591,0.0,0.0,0.0,18854.388434583496,21081.935054421036,23318.27585259346,35755.16387371861,3.764002959873263e-5,0.0,0.0,0.0,0.019901653839174617,0.022849113071988513,0.02474598163235298,0.0283089684191891,14.308670676991433,15.851023044348684,17.422020643553925,26.520329728948944,206132.30448239937,238387.38292551815,264401.47990349634,368176.6445141773,0.03583241962947271,0.037098944248562984,0.033956732939911936,0.02462304722153311,3.8878006324243754e8,0.0,0.0,0.0,1.5941109025125584,1.7974561561831142,1.9249108243348858,2.1576140492477545,10739.736,11055.063,11064.995,10013.683
BDI,5.07e-7,0.00332,5.14,177.0,0.418,28.8,337000.0,1.09e7,0.0588,2.07,0.00397,7660.0,264000.0,32100.0,3.86e7,2.67e9,7.91132583083604,0.0,0.0,0.0,0.06643379725104591,0.0,0.0,0.0,1023.1164731067155,1560.800259780583,2777.090379833035,11679.230490448903,1.139304655644512e-5,0.0,0.0,0.0,0.04581491604687436,0.05236567499888874,0.05656049048236837,0.06440070962133498,0.739486249678534,1.0383786023955837,1.8317668939069,7.849439317634562,15851.309956628513,33266.12279174202,74307.02777953731,514996.66972262,0.0008340366802377742,0.0013253410667873465,0.002086829233526995,0.0049812508373959005,9.807138648670415e8,0.0,0.0,0.0,1.6584491317567154,1.870001388795573,2.0026001204154897,2.2446952348177915,15772.827,20252.945,25324.77,41427.148
BEL,1.32e-6,0.0207,60.4,2530.0,0.418,28.8,1.11e6,4.66e7,0.0106,1.39,0.00397,89800.0,3.78e6,12200.0,-9.96e6,-6.8e8,7.91132583083604,0.0,0.0,0.0,0.06643379725104591,0.0,0.0,0.0,58147.66733022755,65861.56707503043,74421.56051557518,107704.21786034336,3.270531816964138e-5,0.0,0.0,0.0,0.008133443827755953,0.009347463144134477,0.010129184979001206,0.01159802572892137,39.059100630362,44.056925879162534,49.73717578595989,72.48616321622086,697917.51908917,805777.2562175003,918701.078955739,1.341250029241709e6,0.10541504517361823,0.025031132415223967,0.0,0.0,-8.88483481010178e7,0.0,0.0,0.0,1.113061049240767,1.2550434427191253,1.344036514932636,1.5065176166395402,11903.751,12121.106,12220.769,12310.312
BEN,1.18e-6,0.0194,9.3,329.0,0.418,28.8,791000.0,2.62e7,0.1,2.21,0.00397,18900.0,671000.0,30400.0,3.52e7,2.44e9,7.91132583083604,0.0,0.0,0.0,0.06643379725104591,0.0,0.0,0.0,3839.6960640224706,5473.964560914377,8302.985339363888,27330.269584075093,2.6455415329596734e-5,0.0,0.0,0.0,0.0779132454274578,0.08922588697684042,0.0964959424206186,0.11014010094801399,1.9035750560403282,2.59489037473749,3.8999343962780118,13.414739211124983,63876.27324247813,117906.1953658583,221054.13318368615,1.1741085822631465e6,0.007804305735476948,0.010907790961569455,0.014415521999982361,0.02637041506890802,9.192778565501833e8,0.0,0.0,0.0,1.7708867252851546,1.9967815546896557,2.1383700599497653,2.3968784556201834,15672.31,19775.009,24280.484,38697.8249999999
BFA,8.91e-7,0.0196,7.95,280.0,0.418,28.8,1.05e6,3.49e7,0.127,2.59,0.00397,13700.0,488000.0,54100.0,6.45e7,4.46e9,7.91132583083604,0.0,0.0,0.0,0.06643379725104591,0.0,0.0,0.0,2677.6941616814374,3938.5205441653156,6156.058003719517,20155.703195077473,2.0041485921748236e-5,0.0,0.0,0.0,0.09753624654118428,0.11206568796698219,0.1214527667764879,0.139175664376205,1.4873961175078465,2.0948356557221812,3.253390552687699,11.691279460398311,78718.95433588479,153519.66225934046,299843.9279364225,1.5906309163047702e6,0.007286003157567845,0.010759188616514393,0.01481297623524821,0.02706409170552377,1.6577347020775666e9,0.0,0.0,0.0,2.072022038009128,2.3363297761130823,2.50199508888484,2.8044622569942175,27404.036,35051.003,43432.1740000001,69275.6750000001
BGD,1.42e-6,0.383,17.3,627.0,0.418,28.8,5.04e6,1.88e8,0.0837,2.08,0.00397,26600.0,975000.0,180000.0,3.54e8,2.45e10,7.91132583083604,0.0,0.0,0.0,0.06643379725104591,0.0,0.0,0.0,6402.772623927336,9363.469198810135,13854.694396584591,38661.8411423109,3.106340503717365e-5,0.0,0.0,0.0,0.06510541931695853,0.07444766844133158,0.08043661913336125,0.09164514013977604,3.913130691482296,5.656248540437368,8.519709601001118,25.420010093797288,1.2102384452959604e6,1.895577354114578e6,2.8825700327254925e6,7.4364711934222095e6,0.17362014918465757,0.24722615138485457,0.319009799753925,0.5021336858811867,9.83069297563259e9,0.0,0.0,0.0,1.6636074118964852,1.8758176606609325,2.008828814579958,2.2516769182640193,178993.87,188416.728,192567.779,176198.774
BGR,1.4e-6,0.00539,25.0,1070.0,0.418,28.8,284000.0,1.22e7,0.0198,2.08,0.00397,60500.0,2.46e6,4920.0,3.81e6,2.67e8,7.91132583083604,0.0,0.0,0.0,0.06643379725104591,0.0,0.0,0.0,29725.378627731858,38091.23221830716,47528.34937604274,78182.92971074273,3.4758883571999774e-5,0.0,0.0,0.0,0.015099928651777748,0.017440287153731613,0.018956844704536246,0.021825652092828662,16.71115424426538,19.686933808113242,22.744987227591384,29.71202796565187,193468.8373474654,227622.7254655259,260813.48190870413,329309.8615477614,0.031056818300778312,0.0073716702953475445,0.0,0.0,1.559606526289392e8,0.0,0.0,0.0,1.6688306741467007,1.8817072037737805,2.0151359755359066,2.2587465543829417,6416.748,5873.293,5385.444,4122.076
BHR,1.67e-6,0.0156,43.3,1760.0,0.418,28.8,201000.0,8.37e6,0.0835,2.02,0.00397,80300.0,3.38e6,2290.0,-3.0e6,-2.04e8,7.91132583083604,0.0,0.0,0.0,0.06643379725104591,0.0,0.0,0.0,50572.05401815483,59722.98684680412,68658.98379556707,96134.15668997787,3.679202730395509e-5,0.0,0.0,0.0,0.06505417682484357,0.07436448478839618,0.08032999018490862,0.09148855317168013,21.41523443922938,27.08154840726768,33.37653936999745,55.78829293932657,108471.78917121193,141142.49889485777,171791.30231045894,251537.85285372703,0.01843107401349414,0.020559377147645143,0.019632191482619302,0.012312793413111998,-1.978272572165584e7,0.0,0.0,0.0,1.6149078350203148,1.8209059514933856,1.950023406172226,2.185762500957901,2013.419,2199.706,2316.047,2397.212
BHS,1.25e-6,0.00177,30.1,1260.0,0.418,28.8,25100.0,1.07e6,0.0461,1.21,0.00397,52100.0,2.23e6,458.0,130000.0,9.37e6,7.91132583083604,0.0,0.0,0.0,0.06643379725104591,0.0,0.0,0.0,38168.643960622794,41014.067415594145,44625.54493904913,60163.4609435428,2.772772628118019e-5,0.0,0.0,0.0,0.03630276465712816,0.04125947772214564,0.04440626540809352,0.05023252717797228,20.06363947991591,21.6236408197392,24.145218346143356,36.36341555939115,16872.653854859214,19237.47377914165,21594.466781110412,29617.250106823558,0.0021606169350791918,0.002109010467302829,0.0019174029142723767,0.0015125602740591081,9.623154662406256e6,0.0,0.0,0.0,0.9718373236987924,1.0958051773798434,1.17350692535378,1.3153726380585575,426.81,450.46,463.329,468.734
BIH,3.79e-6,0.0163,19.9,833.0,0.418,28.8,68100.0,2.97e6,0.0129,2.17,0.00397,30000.0,1.23e6,2400.0,-571000.0,-3.61e7,7.91132583083604,0.0,0.0,0.0,0.06643379725104591,0.0,0.0,0.0,15859.854430411244,18768.82702725494,23320.49794320509,38761.14322279723,8.223247991102598e-5,0.0,0.0,0.0,0.009558292859401966,0.01120061900861159,0.012280141215173304,0.014351669107776178,12.315857681932304,13.689144895829987,16.270510084798904,24.75423956698871,50020.315192238784,55477.24207782092,63385.33806830053,78730.20541767695,0.01899633992131342,0.02010549665058953,0.019866663535885624,0.013347171353271613,4.542831881413135e7,0.0,0.0,0.0,1.7409001696062223,1.9629699051846738,2.1021608818305264,2.356291935749177,3126.642,2923.078,2685.037,2002.425
BLR,2.49e-6,0.0586,21.5,927.0,0.418,28.8,431000.0,1.8e7,0.00188,1.91,0.00397,53100.0,2.17e6,8300.0,-5.39e6,-3.61e8,7.91132583083604,0.0,0.0,0.0,0.06643379725104591,0.0,0.0,0.0,27629.987978887162,34594.85269090443,42094.85323176538,67524.39081028638,5.467846250245828e-5,0.0,0.0,0.0,0.0009390986437140192,0.001368476289436948,0.001673522094146826,0.0023020541172710596,14.935795162714852,17.452412240587865,19.815603642122234,25.023678348464205,256171.8528669479,309625.7026584037,364064.30703014194,523035.72543636366,0.06468861074591455,0.06999735474309114,0.06792137324992091,0.050813984934649045,6.816314346762247e7,0.0,0.0,0.0,1.5274016879177965,1.7222374946342194,1.844358530856469,2.0673237574010064,9264.777,8937.82,8634.216,7728.088
BLZ,1.9e-6,0.00106,7.47,292.0,0.418,28.8,11500.0,434000.0,0.072,1.8,0.00397,17700.0,683000.0,580.0,853000.0,5.91e7,7.91132583083604,0.0,0.0,0.0,0.06643379725104591,0.0,0.0,0.0,7008.52976534214,8256.077435676343,10845.551673262551,24589.419883960665,4.206157986816752e-5,0.0,0.0,0.0,0.05628218077562861,0.06423201877321141,0.06931248372331358,0.07878790908265307,3.382205183281821,3.7141946399484294,4.738392062316226,10.168941618382153,3436.7355195914015,4623.007584713576,6622.605717758321,16749.74460910439,0.0006675930599007879,0.0007688234533134458,0.0008920128712569415,0.0012976198174910736,2.399073817094197e7,0.0,0.0,0.0,1.4420323965193087,1.6259784714186165,1.7412739381723952,1.9517772278556749,467.64,526.156,571.048,631.428
BOL,1.63e-6,0.0525,26.6,965.0,0.418,28.8,688000.0,2.53e7,0.0567,2.29,0.00397,38100.0,1.43e6,16200.0,2.12e7,1.47e9,7.91132583083604,0.0,0.0,0.0,0.06643379725104591,0.0,0.0,0.0,10824.155012877622,15258.885483068412,21991.79693675799,54681.05493703102,3.61137430349614e-5,0.0,0.0,0.0,0.04399000044509214,0.05037407457229724,0.054472818223594566,0.06215488827724102,5.319314716218867,8.09106711671859,13.136403155789814,40.06203506755645,148965.74852071528,234853.17704991827,367315.49286310555,1.0247566079982696e6,0.024845002646707925,0.033534001488062126,0.042478423497451415,0.06816272274323751,6.32234952918398e8,0.0,0.0,0.0,1.8376766675913465,2.0720912416004973,2.21901983324926,2.487278011661832,13240.382,14653.104,15839.561,17643.957
BRA,1.05e-6,0.377,9.21,379.0,0.418,28.8,6.58e6,2.73e8,0.0616,1.92,0.00397,29600.0,1.2e6,214000.0,3.68e8,2.55e10,7.91132583083604,0.0,0.0,0.0,0.06643379725104591,0.0,0.0,0.0,16115.532892036481,18785.651029619377,22332.632536145957,37556.53736275587,2.314969664978839e-5,0.0,0.0,0.0,0.048085932440507684,0.05490439469171176,0.05926426793061276,0.06740025918626369,5.491686450008412,6.101815501649488,7.093579445454695,11.516832163418826,3.769709029275567e6,4.539275022416858e6,5.416796900120137e6,8.199190263900886e6,0.4030261769490744,0.4154781956273065,0.4015544997581058,0.34959882778709483,1.0823723448474724e10,0.0,0.0,0.0,1.5419048956940724,1.7385907358427084,1.861871353579235,2.086953712134978,223852.116,229058.886,228980.4,204530.517
BRB,2.12e-6,0.000914,16.7,687.0,0.418,28.8,7600.0,324000.0,0.0536,1.32,0.00397,28700.0,1.19e6,259.0,210000.0,1.47e7,7.91132583083604,0.0,0.0,0.0,0.06643379725104591,0.0,0.0,0.0,17888.297778875472,19479.215128271506,22081.568710526022,35661.598197811894,4.697703963566899e-5,0.0,0.0,0.0,0.04216079319843404,0.047958262759847256,0.0516439209938434,0.05847839153118132,10.475350752400145,10.937802372878158,12.184287374401546,21.051726127473167,5387.01772577028,5851.298250329419,6432.920674622324,9048.642801194132,0.0011687299419445144,0.001086811729104073,0.0009677217040841889,0.0007829297372189927,8.871953536377773e6,0.0,0.0,0.0,1.0571383760616546,1.1919872569684478,1.2765091184644548,1.4308268067137275,289.447,286.64,277.019,239.718
BRN,2.41e-6,0.00736,47.6,1950.0,0.418,28.8,47500.0,2.08e6,0.0704,1.63,0.00397,97800.0,4.22e6,458.0,-2.59e6,-1.78e8,7.91132583083604,0.0,0.0,0.0,0.06643379725104591,0.0,0.0,0.0,72708.39646052684,79987.93478198806,86777.87495445897,111200.31154191376,5.286336701209095e-5,0.0,0.0,0.0,0.055104259444770945,0.06282771026945005,0.06775623792576256,0.07693345341593964,25.826739417541102,31.588569670631966,37.58623130042079,59.65200851841095,36176.26797627166,41555.99200642854,45623.776838273116,52337.39281858488,0.008831992747672691,0.009223426942588136,0.008592531896628739,0.006014095267363612,-4.039097994069029e7,0.0,0.0,0.0,1.3050055447636202,1.4714724343151453,1.575812131372552,1.7663126783025211,470.987,488.817,492.391,437.036
BTN,1.49e-6,0.00361,28.8,1090.0,0.418,28.8,42500.0,1.67e6,0.0261,1.91,0.00397,50600.0,1.96e6,841.0,1.08e6,7.51e7,7.91132583083604,0.0,0.0,0.0,0.06643379725104591,0.0,0.0,0.0,16575.922412320695,24124.461617711982,33915.827087276164,71230.70350620398,3.258688120849119e-5,0.0,0.0,0.0,0.02024146750717759,0.023208264279645785,0.025114356124527254,0.028688332803395212,8.22346916736009,12.072991119896836,17.411865270184318,41.8185215762903,14214.647044144327,21849.548548270683,31451.25883445716,59807.349408759386,0.002139237477948036,0.0029894349148671924,0.0036513707125117915,0.0042364369825741415,3.582324490721305e7,0.0,0.0,0.0,1.5335453602604947,1.7291648556205532,1.8517770996492593,2.0756391598862964,842.668,885.158,904.613999999999,816.213
BWA,1.93e-6,0.00874,6.74,276.0,0.418,28.8,136000.0,5.39e6,0.0914,2.84,0.00397,32600.0,1.35e6,3660.0,2.05e6,1.44e8,7.91132583083604,0.0,0.0,0.0,0.06643379725104591,0.0,0.0,0.0,18827.752878359395,22161.387929768385,26074.711168740436,40589.58797926845,4.3391596352875514e-5,0.0,0.0,0.0,0.07038405926674893,0.08088423728165602,0.08766517032881702,0.10045858932687676,3.7674702899797783,4.3571041055745106,5.252137782718742,8.513352372769887,55822.41692135153,75880.88473833798,99540.24520401015,182279.53618943403,0.011186504058895014,0.011513930684879898,0.010646858537985351,0.006714870813524901,8.516211155204992e7,0.0,0.0,0.0,2.279885834155737,2.5707087389834977,2.752993479623715,3.085803941684416,2774.344,3167.789,3509.813,4080.84
CAF,3.19e-7,0.000602,2.18,76.5,0.418,28.8,88800.0,2.97e6,0.083,2.1,0.00397,7580.0,263000.0,9290.0,1.45e7,1.0e9,7.91132583083604,0.0,0.0,0.0,0.06643379725104591,0.0,0.0,0.0,1313.5642803820372,1775.518214205782,2772.3527458598205,11324.942805824656,7.183091005734163e-6,0.0,0.0,0.0,0.06457957814589439,0.0738545768848128,0.0798013436803958,0.09093277769458502,0.5197242782419247,0.5457764065100152,0.8302656629407504,3.226661394745159,7915.8355536130175,13737.717942235253,25149.01373420792,136964.92130617792,0.0002625960885248555,0.00034507346192826484,0.0004452966997393968,0.0008352468377536191,3.698795204802791e8,0.0,0.0,0.0,1.683640140694831,1.8984057702127706,2.033018609934925,2.278791027471826,5942.207,7205.166,8400.95399999999,11086.012
CAN,2.22e-6,0.378,45.1,1960.0,0.418,28.8,3.67e6,1.52e8,0.00383,3.37,0.00397,73900.0,3.16e6,48400.0,-1.09e8,-7.46e9,7.91132583083604,0.0,0.0,0.0,0.06643379725104591,0.0,0.0,0.0,53773.806256419906,58342.11236847692,63323.49645076991,84935.68778561965,4.873657705503364e-5,0.0,0.0,0.0,0.0012940274572233823,0.0024272068932449493,0.0032507064475116813,0.004980955485683208,35.80611102365416,38.01836091843087,40.4106179203282,50.30656499658441,2.2000972778518465e6,2.5432390464069336e6,2.901350323660693e6,4.46838623636026e6,0.49519588621907934,0.4997229598860336,0.45133054510123727,0.2895588984827831,-1.3616371771893632e9,0.0,0.0,0.0,2.699257597754713,3.043575687589296,3.2593906480388655,3.653419662505841,40833.733,43486.273,45669.453,52348.31
CHE,1.89e-6,0.124,61.1,2560.0,0.418,28.8,1.1e6,4.61e7,0.00702,1.92,0.00397,107000.0,4.58e6,10000.0,-3.68e7,-2.52e9,7.91132583083604,0.0,0.0,0.0,0.06643379725104591,0.0,0.0,0.0,79458.2553860347,85400.95743597622,90868.92817896613,120495.55449112748,4.102263784347312e-5,0.0,0.0,0.0,0.0050340838452465455,0.005996915422362283,0.0066379770017632785,0.007883506224938998,39.70849076751441,45.20627511013265,50.267805604738165,71.34628139483132,734065.2240436736,820586.4289945342,898047.2375092845,1.2664457517165092e6,0.13907156878864277,0.1483557789688174,0.14041564596800882,0.10710620666256443,-5.2529124044105417e8,0.0,0.0,0.0,1.5388768632684122,1.7351764467138615,1.8582149628078004,2.0828552988483713,9185.114,9551.354,9817.716,10428.101
CHL,1.61e-6,0.0969,25.3,985.0,0.418,28.8,1.12e6,4.58e7,0.0146,1.7,0.00397,57800.0,2.34e6,19300.0,6.52e6,4.68e8,7.91132583083604,0.0,0.0,0.0,0.06643379725104591,0.0,0.0,0.0,29303.92407536209,35797.80865608966,43467.51900329708,74110.94340296737,3.5695492921043897e-5,0.0,0.0,0.0,0.011191795364401416,0.012890588600070006,0.013987555698108603,0.01605492484243623,10.539740296484336,13.0762715292195,16.493732288814467,33.71162763688573,576128.9060893157,730864.9568959982,895583.9137593659,1.4197350070044694e6,0.09497584579064654,0.10314946000221797,0.102370849695336,0.0933414135428408,4.666097028315292e8,0.0,0.0,0.0,1.3656390542612824,1.5398403720450622,1.6490279274413846,1.8483795606889066,19458.098,20156.641,20319.303,18854.185
CHN,3.33e-6,2.97,22.3,862.0,0.418,28.8,5.26e7,2.21e9,0.0333,2.0,0.00397,40500.0,1.65e6,1.3e6,-7.85e8,-5.28e10,7.91132583083604,0.0,0.0,0.0,0.06643379725104591,0.0,0.0,0.0,19823.62978813863,26203.76482977299,32713.871715357916,51828.922893940915,7.788192323149139e-5,0.0,0.0,0.0,0.02585302019661788,0.029606385982640426,0.032014620515424023,0.036524167234271716,7.353817229290668,10.831438356440426,14.983078569360666,30.971625412178028,2.9774214378443398e7,3.909423536228926e7,4.73468727749398e7,6.370837059849073e7,10.709201722889999,7.452040344069073,2.8273538447925928,0.0,6.937510339461665e9,0.0,0.0,0.0,1.6002486015481912,1.8043767819055836,1.9323221802772974,2.1659213669183526,1.46434015e6,1.44903142e6,1.402405167e6,1.185891297e6
CIV,6.73e-7,0.0555,21.6,779.0,0.418,28.8,3.71e6,1.26e8,0.0978,2.24,0.00397,43800.0,1.59e6,63300.0,7.36e7,5.09e9,7.91132583083604,0.0,0.0,0.0,0.06643379725104591,0.0,0.0,0.0,8229.057015269433,14052.21065673469,22887.258058598356,65777.24032513631,1.5134021129024313e-5,0.0,0.0,0.0,0.0758533625881059,0.08687055257463379,0.09395090847919764,0.10723923481460007,3.806367266618656,6.42787888032303,10.503845222030261,32.6200189353796,296376.86331137194,642730.8951697049,1.2835160213496422e6,5.831545125387795e6,0.020714705054130828,0.03401489299761909,0.04788205483541321,0.07492592195612895,1.9463855173108404e9,0.0,0.0,0.0,1.798993364011547,2.0284734844849672,2.1723092125111263,2.4349205256528346,33712.604,42083.001,51263.67,80069.3910000001
CMR,7.17e-7,0.0257,10.5,379.0,0.418,28.8,1.59e6,5.43e7,0.0752,2.03,0.00397,20100.0,734000.0,61100.0,7.77e7,5.37e9,7.91132583083604,0.0,0.0,0.0,0.06643379725104591,0.0,0.0,0.0,4638.738559909197,6755.435565312952,10215.747829325039,29505.19371991566,1.6122203745502907e-5,0.0,0.0,0.0,0.058626803542316745,0.06700031295870765,0.07236287958784297,0.0823877372528715,2.310560251849731,3.278121054620305,4.94111772831104,15.418443668036085,163682.19252160154,301826.1650411858,554027.0409086433,2.4391730034139194e6,0.012187256725958542,0.01701636872947811,0.022017728754759092,0.033385749384077595,2.017198376426773e9,0.0,0.0,0.0,1.623573811431351,1.8306773623938462,1.9604876917942249,2.1974918181750596,33766.113,41873.473,50573.036,76376.767
COD,2.95e-7,0.0301,8.88,301.0,0.418,28.8,5.25e6,1.71e8,0.0714,2.05,0.00397,16000.0,547000.0,240000.0,2.94e8,2.04e10,7.91132583083604,0.0,0.0,0.0,0.06643379725104591,0.0,0.0,0.0,1679.78299804775,2959.9307093703055,5585.769614189759,24848.994713037035,6.630449810895724e-6,0.0,0.0,0.0,0.05566579322471632,0.06361853438177775,0.0687115706020871,0.07823224642784063,0.9280687841577197,1.5272689978602039,2.849633136170778,13.701263220922895,204998.65537712473,490260.61742817576,1.1610149749946068e6,8.266263324864245e6,0.006277317929959319,0.011367254845431293,0.0189757068759043,0.04653142436250507,7.464754583730684e9,0.0,0.0,0.0,1.641314835574347,1.8506814367732136,1.9819102222805383,2.2215041267783318,120046.72,155725.44,194488.663,308523.391
COG,1.92e-6,0.0134,9.42,351.0,0.418,28.8,288000.0,1.01e7,0.0743,1.96,0.00397,16900.0,641000.0,13400.0,1.37e7,9.49e8,7.91132583083604,0.0,0.0,0.0,0.06643379725104591,0.0,0.0,0.0,5600.120373350264,7448.2738215190275,10196.054864183758,23747.121567029822,4.3286980785566754e-5,0.0,0.0,0.0,0.05797640190613445,0.0662294927206287,0.07151159347033609,0.08137916456322837,2.770730561406456,3.6996856146128376,5.124510586367052,13.475616563191771,41196.913570780795,69700.4290713263,116921.29569783817,436996.69057157054,0.008235729925662091,0.01055062880318875,0.012475790247787683,0.016059409132147557,3.742564117958907e8,0.0,0.0,0.0,1.5697255460221051,1.7699601964757938,1.895465171218936,2.1246086995717754,7019.835,8776.65699999999,10701.991,17017.242
COL,1.04e-6,0.106,12.1,489.0,0.418,28.8,1.95e6,7.82e7,0.0567,2.0,0.00397,35600.0,1.41e6,52800.0,8.8e7,6.11e9,7.91132583083604,0.0,0.0,0.0,0.06643379725104591,0.0,0.0,0.0,16055.0905076738,19723.200438322623,24679.117370857944,47175.818062021135,2.3051016338683204e-5,0.0,0.0,0.0,0.04419625715669632,0.050490596767510276,0.054518157031504116,0.062039497786391354,6.379344190312636,7.3882976521338914,8.903144214167847,15.589587809212677,892828.5468840292,1.1465091064780455e6,1.4562786939569411e6,2.5724846125937677e6,0.09504696789379811,0.10449223615756169,0.10749573025902254,0.10921858939449937,2.5917159585431366e9,0.0,0.0,0.0,1.6008987703616786,1.8051098864433666,1.9331072680555406,2.1668013642661856,53416.767,55336.024,55957.823,51344.352
COM,7.46e-7,0.00052,4.25,160.0,0.418,28.8,28300.0,999000.0,0.0609,1.62,0.00397,14100.0,525000.0,1660.0,2.46e6,1.7e8,7.91132583083604,0.0,0.0,0.0,0.06643379725104591,0.0,0.0,0.0,3970.664729475818,5285.566456736546,7643.82859265946,20659.988334675912,1.6781683215480895e-5,0.0,0.0,0.0,0.047761271813349625,0.054431833870726413,0.058685194097203366,0.0665982350915276,1.4325041788395774,1.690122181888796,2.384393764572627,6.145841879276809,4356.0169357954765,7057.615126294412,11909.904596557513,43843.45608433057,0.00033760214628228717,0.00041417042800345484,0.0004926754829591304,0.0006246466556118757,6.387536766688382e7,0.0,0.0,0.0,1.2985068311352368,1.464144742872726,1.5679648453475892,1.7575167307906276,1063.111,1266.333,1471.738,1989.637
CPV,1.02e-6,0.000545,10.9,417.0,0.418,28.8,17800.0,677000.0,0.0372,1.28,0.00397,26300.0,1.0e6,652.0,1.22e6,8.47e7,7.91132583083604,0.0,0.0,0.0,0.06643379725104591,0.0,0.0,0.0,8923.350685455507,11617.08734415978,15657.797245159158,36911.69391725143,2.284659561245191e-5,0.0,0.0,0.0,0.029325251854583234,0.033337887875852595,0.03588608388918788,0.04060543550829136,3.9109364296612887,4.9044833481992836,6.555649230278715,15.214507348248716,5569.042995243887,7831.451153862456,11019.644067764182,25266.356212381066,0.0005876005399029949,0.0006256757674893083,0.0006205920551889215,0.0004900701249312751,3.353859936104245e7,0.0,0.0,0.0,1.022633753038537,1.153081214125427,1.2348443119305377,1.3841251253681353,610.062000000001,652.383,679.399000000001,657.798000000001
CRI,8.92e-7,0.0116,30.5,1210.0,0.418,28.8,243000.0,9.94e6,0.0561,1.73,0.00397,42700.0,1.72e6,5460.0,8.4e6,5.83e8,7.91132583083604,0.0,0.0,0.0,0.06643379725104591,0.0,0.0,0.0,21652.91106461099,26053.689610413545,31754.40942468223,55008.94200983845,1.9720715609379023e-5,0.0,0.0,0.0,0.043918292164389264,0.05008081713916749,0.05401335560117819,0.061335687633813314,13.169669441003371,16.46560631674624,21.3082805808088,40.85450007642916,123336.80479889452,155724.08329476157,193209.3275909099,311779.7998602059,0.011232992893299935,0.012142130307136076,0.012201336354220299,0.011324638381987528,2.5340841509549487e8,0.0,0.0,0.0,1.388684973320426,1.5658260352899878,1.6768561914497235,1.879571994453372,5468.042,5691.986,5772.686,5340.254
CUB,1.86e-6,0.0203,17.3,675.0,0.418,28.8,204000.0,8.32e6,0.0547,1.44,0.00397,22800.0,889000.0,9150.0,1.79e7,1.24e9,7.91132583083604,0.0,0.0,0.0,0.06643379725104591,0.0,0.0,0.0,9328.54844061204,11755.516472972551,14985.928201031302,30444.542699717374,4.119333591165799e-5,0.0,0.0,0.0,0.042970831573045064,0.04891184167916522,0.05269261446334226,0.05971130045747125,7.285132872250945,8.932328594248835,11.304971480828993,23.087804091952943,107854.52341578706,132734.75454211552,160317.63403550404,255823.80953822396,0.020518492416526205,0.021618624117309363,0.021147785583329266,0.019409825191242736,5.351340861246413e8,0.0,0.0,0.0,1.1502602016246857,1.2969877298774908,1.3889550027034852,1.5568663180235822,11142.328,10764.75,10162.395,7929.46600000001
CYP,9.45e-7,0.000809,29.5,1250.0,0.418,28.8,62500.0,2.59e6,0.0406,1.72,0.00397,45100.0,1.88e6,1330.0,1.56e6,1.08e8,7.91132583083604,0.0,0.0,0.0,0.06643379725104591,0.0,0.0,0.0,29250.908028506747,31591.394837129796,35137.59497696081,54918.01630898731,2.3223099265897586e-5,0.0,0.0,0.0,0.031743331966582425,0.036209314345018846,0.039059782017419144,0.044367945314208755,21.322781223919684,21.99558050945331,23.724441129675,34.91917242378819,38430.15160763551,43334.13582314793,49456.1280729557,76700.27042606815,0.004121662215367409,0.0009759175795402425,0.0,0.0,4.720009984443035e7,0.0,0.0,0.0,1.381947966647407,1.5582296540723584,1.6687211632982502,1.8704535195563803,1274.973,1323.774,1354.589,1337.299
CZE,1.18e-6,0.0136,59.3,2430.0,0.418,28.8,997000.0,4.09e7,0.00881,1.86,0.00397,95700.0,3.9e6,10400.0,-1.32e6,-8.51e7,7.91132583083604,0.0,0.0,0.0,0.06643379725104591,0.0,0.0,0.0,50389.05135047991,61612.72625782654,74280.69450822113,121813.62827639923,2.934108856224154e-5,0.0,0.0,0.0,0.006506484173496591,0.0076399411381100416,0.008386047537549188,0.009819625309582913,32.62623326246913,39.1772201682606,46.571187769776145,74.76934574574332,544871.4903958231,659670.1160700044,789902.8232575008,1.243493445016452e6,0.07383298511059497,0.017540020504133415,0.0,0.0,8.846407080138001e7,0.0,0.0,0.0,1.4880007903405836,1.6778106070207688,1.7967814055038054,2.013995014694602,10744.83,10625.54,10545.59,10108.898
DEU,7.04e-7,0.0764,47.7,2040.0,0.418,28.8,6.21e6,2.68e8,0.00897,1.53,0.00397,79300.0,3.38e6,78300.0,5.87e7,4.09e9,7.91132583083604,0.0,0.0,0.0,0.06643379725104591,0.0,0.0,0.0,57452.086532153065,62434.61051232128,67422.39072823065,90491.68726852676,1.7228781460244783e-5,0.0,0.0,0.0,0.006807525502981891,0.00788435642660634,0.008583791367726516,0.009909771377219788,35.13041844425164,37.95539260502087,40.81654297648045,54.25345939524995,4.806720844811232e6,5.160230845598977e6,5.447160718638117e6,6.890840111945125e6,0.3824578537812578,0.09082038685308758,0.0,0.0,2.178190624858262e9,0.0,0.0,0.0,1.2253514859311547,1.3816576804057894,1.4796287605624319,1.6585016620516109,83135.643,82003.619,80103.973,75401.661
DJI,4.99e-7,0.000441,9.17,359.0,0.418,28.8,29500.0,1.12e6,0.0945,2.08,0.00397,20200.0,781000.0,1290.0,2.51e6,1.74e8,7.91132583083604,0.0,0.0,0.0,0.06643379725104591,0.0,0.0,0.0,7321.325547145062,9430.546126768384,13020.939136281737,28214.528495595252,1.1225847764508887e-5,0.0,0.0,0.0,0.07342500178172942,0.08400465005980808,0.09079317820891852,0.10351174959086876,3.7756812900161596,4.556822238389041,6.108488305597228,12.564841856710924,8705.025239041954,12440.408949700657,18398.3080607127,42450.448770957024,0.00045130412561063705,0.0004883592321528669,0.0005091129973068064,0.0004045717492345742,6.633109255326343e7,0.0,0.0,0.0,1.6647799626595416,1.877139782342787,2.0102446857419527,2.2532639546463935,1116.713,1216.933,1295.368,1363.429
DNK,6.8e-7,0.00541,58.8,2480.0,0.418,28.8,567000.0,2.37e7,0.00411,1.14,0.00397,87300.0,3.71e6,6400.0,3.9e6,2.72e8,7.91132583083604,0.0,0.0,0.0,0.06643379725104591,0.0,0.0,0.0,61892.48266650836,67275.7080330997,72949.26601922559,100505.10504794517,1.6704866918241805e-5,0.0,0.0,0.0,0.00308227668456117,0.0035887774832687844,0.003919432163675494,0.00454941798342846,40.22576077281748,44.09705953389989,48.23717941021298,68.48518696512998,372472.8947675976,415000.21184602217,457381.12477322586,669332.3887794615,0.02873543758171373,0.006828197125819644,0.0,0.0,1.4835612014146227e8,0.0,0.0,0.0,0.9165872655452552,1.0335074056244256,1.1067917207734401,1.2405922062166217,6001.868,6146.58999999999,6245.37399999999,6629.52499999998
DOM,1.28e-6,0.0377,12.9,546.0,0.418,28.8,559000.0,2.26e7,0.0585,1.58,0.00397,43200.0,1.74e6,12300.0,1.4e7,9.72e8,7.91132583083604,0.0,0.0,0.0,0.06643379725104591,0.0,0.0,0.0,21025.361345290592,25814.077289274708,31726.101631710888,56175.148215428155,2.8311726820696243e-5,0.0,0.0,0.0,0.045849244370135336,0.0522359075238642,0.056306126900125826,0.06387408257867225,8.382622210194409,9.585881866712562,11.059600902591201,15.67472127866471,258337.9386168289,337262.8162595302,428819.236078801,736245.5332484007,0.033778057420076134,0.03775298169435973,0.038877404045897575,0.03839217627850711,4.6954273741280264e8,0.0,0.0,0.0,1.2638841935421192,1.425105631486587,1.526157534598398,1.7106553178392563,11770.316,12416.487,12795.809,12319.362
DZA,2.75e-6,0.204,15.8,617.0,0.418,28.8,1.83e6,7.06e7,0.0482,2.17,0.00397,26500.0,1.05e6,63100.0,4.2e7,2.94e9,7.91132583083604,0.0,0.0,0.0,0.06643379725104591,0.0,0.0,0.0,12800.367010506654,15243.47575685464,18403.37384828482,34370.12370394764,6.074122861177319e-5,0.0,0.0,0.0,0.03747043324824088,0.04288705911975397,0.046361486560297115,0.052866540556598195,6.812667199799024,8.15612949684697,10.126282295425172,21.2276355800459,667096.7386829832,884517.7536194338,1.1731762319568642e6,2.497597402379591e6,0.18713391790717002,0.21271031892877684,0.22134041422392442,0.20183920676501976,1.671891801363413e9,0.0,0.0,0.0,1.736849821011892,1.958402892937225,2.0972700302346508,2.3508098271846447,50360.741,55639.763,60923.3900000001,69018.8970000001
ECU,1.71e-6,0.0731,22.7,859.0,0.418,28.8,868000.0,3.32e7,0.0504,1.93,0.00397,34000.0,1.32e6,23500.0,2.68e7,1.86e9,7.91132583083604,0.0,0.0,0.0,0.06643379725104591,0.0,0.0,0.0,13686.832021148091,17344.142381783364,22224.230052753435,45891.49070038401,3.788218493264644e-5,0.0,0.0,0.0,0.03933904527326518,0.044925467379851904,0.04849773441136294,0.05516387917726062,7.662274775923738,9.938723179024741,13.245457654194528,31.91823385745558,281053.1242962213,394406.6186437957,543321.31353554,1.2204060099389274e6,0.04917037924412244,0.0590739009332197,0.06590955843117817,0.08515164777436009,8.515700291980531e8,0.0,0.0,0.0,1.5446467590341484,1.7416823520735896,1.8651821912467028,2.0906647982672797,19818.799,21762.363,23316.455,25203.001
EGY,1.79e-6,0.555,27.0,1040.0,0.418,28.8,8.38e6,3.09e8,0.0645,2.06,0.00397,40600.0,1.57e6,177000.0,1.48e8,1.03e10,7.91132583083604,0.0,0.0,0.0,0.06643379725104591,0.0,0.0,0.0,14363.033424103269,19972.08495220256,27240.147010545188,56080.805855463674,3.9416605151660346e-5,0.0,0.0,0.0,0.05023311311100432,0.057410682157962606,0.06200682675629347,0.07059735052019318,9.250355577333224,12.674600988146844,17.472077849523465,37.86684903366429,1.8175648490403201e6,2.964017068330797e6,4.627426051895883e6,1.2402151001867713e7,0.3308637994172825,0.4625496423104026,0.5665426304486952,0.65039284698186,4.94597257963858e9,0.0,0.0,0.0,1.653853775831884,1.8648198479229012,1.9970511649774227,2.2384754639793374,120831.556,140350.383,159956.809,206564.937
ERI,2.25e-6,0.00144,1.81,61.8,0.418,28.8,31300.0,1.03e6,0.0759,2.18,0.00397,3580.0,123000.0,6830.0,1.01e7,6.99e8,7.91132583083604,0.0,0.0,0.0,0.06643379725104591,0.0,0.0,0.0,661.022793439435,840.510993619264,1278.511729330198,4986.701504780557,5.068066053286228e-5,0.0,0.0,0.0,0.05899837384666323,0.06748716414375659,0.07293103106596228,0.0831231405160667,0.38141080985764736,0.4086154378439218,0.6163098608301445,2.5049443749664024,2692.5823446387603,4588.058073835692,8238.063125835668,44547.947202547504,0.0006302188384455869,0.0008131239811267653,0.001029163870610996,0.0019167438647397165,2.6043370537704465e8,0.0,0.0,0.0,1.7441157234848386,1.9665956360579449,2.1060437073337113,2.360644157551111,4240.216,5113.55399999999,6005.49199999999,8247.769
ESP,7.9e-7,0.0344,39.4,1660.0,0.418,28.8,2.53e6,1.11e8,0.0316,1.88,0.00397,63000.0,2.66e6,40100.0,4.22e7,2.93e9,7.91132583083604,0.0,0.0,0.0,0.06643379725104591,0.0,0.0,0.0,44175.86453845899,47452.67561806323,51348.26254494208,73317.3524175821,1.9283367294026795e-5,0.0,0.0,0.0,0.02461027542715892,0.02815597827778422,0.03042789888773273,0.034676014227107504,27.578381563844776,29.517866055260868,31.910848963374026,45.96566779648377,2.0911020515915316e6,2.2064659479541816e6,2.3088850304603507e6,2.7097294829188543e6,0.1862251025781383,0.04413209115031562,0.0,0.0,1.42052403674778e9,0.0,0.0,0.0,1.5104144589890571,1.7030833698074408,1.823846218451575,2.0443317035001978,46230.147,45224.89,43637.408,35720.274
EST,1.59e-6,0.00196,60.8,2440.0,0.418,28.8,94800.0,4.02e6,-0.00196,1.69,0.00397,93300.0,3.79e6,1070.0,-1.0e6,-6.84e7,7.91132583083604,0.0,0.0,0.0,0.06643379725104591,0.0,0.0,0.0,47500.05799630794,59142.2993079311,72140.78822775741,119599.5559935067,3.948875301667809e-5,0.0,0.0,0.0,-0.0020133223353699056,-0.0020265582775379487,-0.002006816190801448,-0.0019150266682197627,29.2536327128051,36.460337997111615,44.92829169556468,79.07315889821557,60685.63316485729,71930.47542537228,83401.04764237037,112892.87840523283,0.011067242545254834,0.002631821076726524,0.0,0.0,-7.436421544715076e6,0.0,0.0,0.0,1.3580524091893076,1.5312859723054306,1.6398669492456932,1.8381111082442563,1279.961,1218.697,1158.412,945.735
ETH,4.94e-7,0.064,14.0,489.0,0.418,28.8,6.0e6,2.02e8,0.0549,2.04,0.00397,21300.0,745000.0,229000.0,3.44e8,2.38e10,7.91132583083604,0.0,0.0,0.0,0.06643379725104591,0.0,0.0,0.0,3441.5021737574866,5302.125048248576,8661.066893998886,31618.375592983437,1.1101279549817466e-5,0.0,0.0,0.0,0.042801553660762486,0.04891355821199954,0.052826183383761355,0.060136300564214276,2.261590403570991,3.3575077365098878,5.503030761381173,20.93209565269667,510937.2103114447,975848.9330144818,1.8730573341783565e6,9.203138684405522e6,0.026195138087413115,0.03788272640980471,0.05125559271637855,0.08673674589671672,8.86566145558699e9,0.0,0.0,0.0,1.6312976573234743,1.8393864643304334,1.9698143418659413,2.2079459706338396,144944.302,175465.98,205410.671,274558.382
FIN,8.18e-7,0.00523,53.8,2280.0,0.418,28.8,429000.0,1.82e7,-0.00678,1.71,0.00397,80000.0,3.37e6,5420.0,3.28e6,2.3e8,7.91132583083604,0.0,0.0,0.0,0.06643379725104591,0.0,0.0,0.0,53459.91347741826,59612.21763458824,66474.0133480275,94761.0026709706,2.0086992374265588e-5,0.0,0.0,0.0,-0.005892641343473323,-0.006394764567230401,-0.0066810317666872185,-0.00714726360107359,37.645957868365926,41.08363942179004,45.13150118310711,62.946238806182365,296451.70817968686,328836.71599941445,362250.0589101508,502801.9384790825,0.027501032066286308,0.006540567556472717,0.0,0.0,1.3174799178169134e8,0.0,0.0,0.0,1.3683738586525662,1.5429240288855757,1.652330241331167,1.852081092600694,5580.531,5551.766,5486.152,5344.197
FJI,8.68e-7,0.00228,20.9,807.0,0.418,28.8,46500.0,1.81e6,0.0497,1.44,0.00397,40800.0,1.61e6,1070.0,1.68e6,1.17e8,7.91132583083604,0.0,0.0,0.0,0.06643379725104591,0.0,0.0,0.0,16843.48984476839,21951.44886233683,28601.323164384234,54882.68124319095,1.901668833772216e-5,0.0,0.0,0.0,0.039102173411093476,0.044502269598113306,0.04793790551833736,0.05431392420244505,7.822944434643356,10.268103154393394,13.500017999128245,28.58166187236266,16857.025579466426,23544.81238572322,32108.004898559873,64219.59943167924,0.0014804575373198227,0.0018798965900382694,0.002175320772958304,0.002654641497563435,4.875631809990926e7,0.0,0.0,0.0,1.1509189705427032,1.297730531551657,1.3897504752261487,1.5577579555316639,966.019,1026.887,1071.252,1109.845
FRA,5.58e-7,0.0435,50.3,2130.0,0.418,28.8,5.12e6,2.17e8,0.0164,1.68,0.00397,75600.0,3.2e6,66700.0,7.87e7,5.46e9,7.91132583083604,0.0,0.0,0.0,0.06643379725104591,0.0,0.0,0.0,51798.635599456036,57422.83383519632,63608.43125932196,88866.61494589258,1.3733381535868624e-5,0.0,0.0,0.0,0.012636426137262978,0.014518117798901177,0.015729652957864836,0.018006108509021537,34.75424782983536,38.23965922695614,42.21014110895461,59.0015249820601,3.495998919204003e6,3.9364457756974376e6,4.366708933397711e6,5.997462253899216e6,0.22173226633900064,0.05261313903988567,0.0,0.0,2.420672591075981e9,0.0,0.0,0.0,1.3462560417991731,1.5179848568356253,1.625622673492161,1.822144836405248,66695.705,67570.9220000001,67586.7290000001,66294.6530000001
GAB,1.02e-6,0.00499,16.0,620.0,0.418,28.8,166000.0,6.25e6,0.0698,1.82,0.00397,32700.0,1.33e6,4340.0,4.44e6,3.08e8,7.91132583083604,0.0,0.0,0.0,0.06643379725104591,0.0,0.0,0.0,17617.025030001598,20836.30295010425,24483.027687985286,40996.21899990331,2.2898306091799747e-5,0.0,0.0,0.0,0.05456736567663183,0.06227788262457007,0.06720560659250861,0.07639648038639767,6.52217131405123,8.317925451522026,10.339022476382913,21.146514521841855,50852.300734176315,72276.64483059727,99524.4488894457,229641.53462821635,0.0053776692015872814,0.00578744580457839,0.00561759321402175,0.004464243921651398,1.2924683452736363e8,0.0,0.0,0.0,1.4609545700115112,1.6473143629041567,1.764122722731659,1.9773882109464562,2744.456,3265.421,3809.049,5203.96499999999
GBR,1.36e-6,0.399,48.7,2060.0,0.418,28.8,5.82e6,2.43e8,0.00623,0.997,0.00397,76800.0,3.24e6,74700.0,-4.12e7,-2.76e9,7.91132583083604,0.0,0.0,0.0,0.06643379725104591,0.0,0.0,0.0,51536.796334392915,57402.447776189096,64004.746820788714,91111.66213353489,2.9924563766304263e-5,0.0,0.0,0.0,0.004833379175720255,0.0055386359923716814,0.005991043170300677,0.006837708718514631,33.11228298551563,36.30226533017869,40.18715160784399,57.65071683662888,3.6498393186531393e6,4.1839711125162807e6,4.770005687601497e6,7.020895013303216e6,0.504407684280267,0.4992328191278039,0.4547980935300737,0.32420324446726667,4.2155931531799895e8,0.0,0.0,0.0,0.7987173485744383,0.9006019675184226,0.9644621760203315,1.0810563869464205,70485.483,72486.8960000001,74081.983,76534.8150000001
GEO,1.65e-6,0.0155,27.6,1090.0,0.418,28.8,181000.0,7.28e6,0.0198,1.96,0.00397,58000.0,2.25e6,3250.0,3.24e6,2.27e8,7.91132583083604,0.0,0.0,0.0,0.06643379725104591,0.0,0.0,0.0,21010.6117677275,28927.77170246394,38896.1219895125,79966.6243386739,3.6223651821787526e-5,0.0,0.0,0.0,0.01519624261394529,0.017506869111493517,0.018999736291595844,0.02181509424001914,11.276297109879145,14.986007515167891,19.57697608278609,37.39863886460626,82058.86385398728,108591.94150440708,139391.62795418128,238187.94924344093,0.013727702256207773,0.016263655159392022,0.017228242739292986,0.015330192997980926,1.32596005380532e8,0.0,0.0,0.0,1.5730982127566762,1.7737630815669465,1.8995377126550541,2.129173572140222,3853.301,3689.311,3516.87,2915.001
GHA,7.53e-7,0.0283,10.5,396.0,0.418,28.8,1.45e6,5.22e7,0.0926,2.13,0.00397,19900.0,759000.0,59200.0,8.38e7,5.8e9,7.91132583083604,0.0,0.0,0.0,0.06643379725104591,0.0,0.0,0.0,6467.53434924212,8686.073405489047,12223.105748275524,28262.24302629904,1.6930551977620362e-5,0.0,0.0,0.0,0.07199957462887266,0.08238662091544623,0.08905295859551195,0.10154536703882401,3.354780244155663,4.364394319268474,6.064080732716631,14.940496423589305,259944.49076998496,421973.33793449955,692418.3159556539,2.205595452115409e6,0.02032506089917388,0.024982835334756967,0.02889726991045782,0.03170232355102423,2.2074136939788294e9,0.0,0.0,0.0,1.7045299282153734,1.9219602651484582,2.058243315476409,2.307065157564709,37833.419,44882.713,52016.123,70846.246
GIN,1.3e-6,0.0183,10.2,368.0,0.418,28.8,635000.0,2.17e7,0.0797,1.98,0.00397,15600.0,565000.0,31200.0,3.89e7,2.69e9,7.91132583083604,0.0,0.0,0.0,0.06643379725104591,0.0,0.0,0.0,2892.4166401256507,4526.172383883879,7666.309512326549,23849.572084708267,2.9248518041160853e-5,0.0,0.0,0.0,0.062085536198179185,0.07094734909509316,0.07662233226461825,0.08723083698885573,1.967347061004602,2.8993842673605457,4.862481141754384,15.625484594636811,51216.18014179891,103560.14634186284,214364.02357388753,1.0135260981687331e6,0.006918169067725581,0.010592101127170265,0.015455139020231585,0.02516708532043355,1.0107051487685896e9,0.0,0.0,0.0,1.5895331051344757,1.7922944136305574,1.9193830710833433,2.1514180437364736,17020.912,21364.535,25971.807,39087.022
GMB,8.85e-7,0.0018,4.87,179.0,0.418,28.8,89900.0,3.08e6,0.0849,1.99,0.00397,12000.0,437000.0,5770.0,7.46e6,5.16e8,7.91132583083604,0.0,0.0,0.0,0.06643379725104591,0.0,0.0,0.0,2731.647077985451,3918.2290401479127,5982.664396384921,17669.700599533255,1.9914900838974897e-5,0.0,0.0,0.0,0.0661167439272185,0.07557404419885244,0.08163323399284081,0.09296608085571328,1.268190792903419,1.662560422798892,2.4913147476610735,7.105785469822098,9029.438456395912,16891.509588730158,31592.30008919673,139285.21584446446,0.0008304605586370641,0.0011763382238280768,0.0015508741026861264,0.002354926131376916,1.9190154000499463e8,0.0,0.0,0.0,1.595056835055084,1.7985227521578464,1.9260530508809364,2.158894360009181,3170.687,4008.098,4882.099,7212.223
GNB,6.3e-7,0.00125,6.33,222.0,0.418,28.8,95300.0,3.17e6,0.084,1.94,0.00397,17600.0,613000.0,4130.0,5.85e6,4.05e8,7.91132583083604,0.0,0.0,0.0,0.06643379725104591,0.0,0.0,0.0,2493.038427601485,4064.7014866168583,6923.794839149136,26515.988126387205,1.416228868244702e-5,0.0,0.0,0.0,0.06548377075124805,0.07482749010704269,0.08081105675431756,0.0919965796224069,1.056830192310309,1.5365234557861371,2.5668790226352685,9.478274997961774,6377.143581764953,13089.332303711832,26619.659587369944,146577.1706784814,0.00041709958587263923,0.0006482410554500733,0.0009292939072709315,0.0017623570338423365,1.5076139130691686e8,0.0,0.0,0.0,1.5531273867940614,1.7512447711946977,1.8754226658250281,2.102143247835869,2461.208,2996.057,3557.202,5062.17599999999
GNQ,1.17e-6,0.00467,15.2,620.0,0.418,28.8,127000.0,4.93e6,0.0679,1.82,0.00397,34000.0,1.43e6,3270.0,2.35e6,1.63e8,7.91132583083604,0.0,0.0,0.0,0.06643379725104591,0.0,0.0,0.0,22430.35489366425,25024.73281519075,28256.187652852786,40759.39680546468,2.6350342541506953e-5,0.0,0.0,0.0,0.053099898102082974,0.06059956599082204,0.06539199637428186,0.07432935120137792,8.41545701156638,9.79104655172552,11.58462039940944,19.167033491521106,44178.357741040185,62256.49410598882,84920.82952361369,176130.50228178612,0.005376206646880377,0.005736625807067114,0.005515915984685143,0.003940169980167342,7.47434389820342e7,0.0,0.0,0.0,1.4616648332701054,1.648115227552067,1.7649803753783102,1.9783495455581146,1873.551,2345.653,2820.923,4022.253
GRC,1.3e-6,0.00873,37.2,1560.0,0.418,28.8,490000.0,2.09e7,0.0368,1.96,0.00397,59700.0,2.45e6,8280.0,4.91e6,3.44e8,7.91132583083604,0.0,0.0,0.0,0.06643379725104591,0.0,0.0,0.0,33938.95216895259,39315.56322832661,45692.46862242914,75225.0300809046,3.198314024622317e-5,0.0,0.0,0.0,0.028665093418988517,0.03278676609269697,0.03542725841141178,0.040363838383227185,24.12726844194986,26.64850975513869,29.813310000540074,45.37991636679665,346017.6976679577,386120.2449389355,427185.09029168775,567320.2613608186,0.0511092532029999,0.012105573512664466,0.0,0.0,2.1643603851127094e8,0.0,0.0,0.0,1.5671435088831094,1.767048793923019,1.8923473258859334,2.1211139366929848,9917.252,9509.27500000001,9029.254,7249.043
GTM,1.25e-6,0.058,20.7,739.0,0.418,28.8,1.01e6,3.65e7,0.0672,2.02,0.00397,31300.0,1.17e6,28100.0,4.02e7,2.79e9,7.91132583083604,0.0,0.0,0.0,0.06643379725104591,0.0,0.0,0.0,9229.265606222705,12151.571506167917,17130.40596306639,44860.44945126013,2.7727257696295645e-5,0.0,0.0,0.0,0.052389714903502894,0.059860758574102155,0.06464335098617359,0.0735795076368529,4.326786177717404,5.8215625252641265,8.91536899316518,31.48608492859374,204859.7259035851,312462.4370953025,490973.86576848174,1.51523441539263e6,0.026232738299119637,0.0342547790573257,0.04359351964983551,0.07738208789290738,1.120280719047165e9,0.0,0.0,0.0,1.621693892960431,1.8285576409721112,1.9582176644028826,2.194947366281591,21212.56,24261.439,26920.714,31461.686
GUY,1.9e-6,0.00252,19.8,780.0,0.418,28.8,24600.0,1.01e6,0.0735,1.75,0.00397,32300.0,1.28e6,745.0,999000.0,6.95e7,7.91132583083604,0.0,0.0,0.0,0.06643379725104591,0.0,0.0,0.0,13534.480123052921,17703.077527192756,23416.100028935944,43076.2578118779,4.210345313653042e-5,0.0,0.0,0.0,0.057476243201432214,0.06558311963709393,0.07076264878679966,0.08042025958525904,8.453195776923712,10.512587865381448,13.64563225080133,26.610855763749793,11724.027851525208,15757.824592727102,20684.242295690878,32012.903084399255,0.0022796841425387604,0.0026231940233014087,0.0027887781869018586,0.0024825412581895895,3.3392419030162875e7,0.0,0.0,0.0,1.405029001281668,1.584254912245449,1.6965918298461737,1.9016934819200797,821.585000000001,835.334000000001,824.958000000001,687.851000000001
HKG,1.96e-6,0.0619,31.7,1390.0,0.418,28.8,654000.0,2.86e7,0.0469,1.44,0.00397,79800.0,3.47e6,7840.0,-2.32e7,-1.59e9,7.91132583083604,0.0,0.0,0.0,0.06643379725104591,0.0,0.0,0.0,61675.493698055165,66493.96900256265,72008.72858175424,90537.04524592299,4.3727289803041567e-5,0.0,0.0,0.0,0.03690824323400904,0.042003913977670365,0.04524558813940907,0.05126100913924327,25.643472222702403,26.880992393123975,28.784072407444036,35.432989655052,513160.94902723003,564016.6318053984,605223.547106863,725547.5333010129,0.1036301868197588,0.09219725721059811,0.07463839493916154,0.03804200830142888,-3.1791712602594066e8,0.0,0.0,0.0,1.1524534393346324,1.2994607376321603,1.3916033673822297,1.5598348445475916,8018.674,8140.29800000001,8041.04200000001,7623.05400000001
HND,1.27e-6,0.0216,8.3,307.0,0.418,28.8,369000.0,1.34e7,0.0718,1.95,0.00397,23600.0,871000.0,13900.0,2.35e7,1.62e9,7.91132583083604,0.0,0.0,0.0,0.06643379725104591,0.0,0.0,0.0,6374.14222581785,8537.863931341173,12228.088260757928,34171.0163555643,2.8174039351979437e-5,0.0,0.0,0.0,0.05604150662580415,0.06401243682200314,0.06911295742010448,0.07863917677639537,2.4546242282681567,3.086157809803033,4.363497253556177,11.901127211464937,76397.34657603882,116101.84537423476,180812.94587655106,553858.5424571591,0.009940483584673967,0.012933160752443702,0.016313054195197838,0.028740986732385138,6.38031928192148e8,0.0,0.0,0.0,1.5660509630825856,1.7658168826601526,1.8910280618157893,2.1196351862717053,11449.246,12780.363,13830.802,15026.74
HRV,1.37e-6,0.00342,30.6,1290.0,0.418,28.8,145000.0,6.46e6,0.0243,2.12,0.00397,48600.0,2.05e6,3050.0,2.15e6,1.5e8,7.91132583083604,0.0,0.0,0.0,0.06643379725104591,0.0,0.0,0.0,31605.5244546397,35930.613715473824,40648.49032540064,58195.63694520161,3.346585600556782e-5,0.0,0.0,0.0,0.018671332785531576,0.021502294210276843,0.02333095140729572,0.026779068927856746,20.492798799920163,22.954460909651882,25.796370446884037,36.31892206058458,124743.41746927281,133202.86546542335,139965.06713682992,154431.1463083934,0.01927967446023608,0.0045725874557082016,0.0,0.0,9.017271441804628e7,0.0,0.0,0.0,1.7001948590700144,1.9170722133130913,2.0530086599019506,2.3011976824237106,3877.267,3629.189,3364.799,2584.446
HTI,1.31e-6,0.0137,4.72,167.0,0.418,28.8,239000.0,8.35e6,0.0571,1.62,0.00397,14800.0,520000.0,14800.0,2.89e7,2.0e9,7.91132583083604,0.0,0.0,0.0,0.06643379725104591,0.0,0.0,0.0,2482.037456363959,3766.04677605906,5968.75246727428,22489.686619304244,2.8921350008809028e-5,0.0,0.0,0.0,0.04474081153870044,0.050985360324037124,0.05496639009748441,0.062371262188082525,0.9786542704575677,1.2814160053623862,1.9800492182488658,7.107978264974071,32222.147991361355,55080.04274586184,93682.93118189773,373222.46080029896,0.004303810789342444,0.0062983858989952,0.008676322215446874,0.019881082718467225,7.629972585400815e8,0.0,0.0,0.0,1.3022993390603343,1.468421024219648,1.572544350791589,1.7626498544448077,12733.227,13915.919,14877.785,15620.972
HUN,1.09e-6,0.00848,53.9,2190.0,0.418,28.8,650000.0,2.7e7,0.0196,2.1,0.00397,82500.0,3.32e6,8040.0,4.62e6,3.24e8,7.91132583083604,0.0,0.0,0.0,0.06643379725104591,0.0,0.0,0.0,40769.878237411875,49968.25962724817,60996.605531500834,106545.17996679999,2.6960589720272583e-5,0.0,0.0,0.0,0.014910666764470967,0.017232104095988257,0.01873741264199522,0.02158690384228301,28.484686755104892,33.921514674870586,40.50546826419476,68.52540435010653,386207.7910242512,452716.70759380475,526336.1854890152,795546.7748136973,0.048087316130248914,0.01141088623543404,0.0,0.0,2.0411326269699076e8,0.0,0.0,0.0,1.6823448699020396,1.8969452742982407,2.031454552650354,2.2770378906883675,9338.454,8906.606,8470.232,7308.977
IDN,1.6e-6,1.5,28.5,1070.0,0.418,28.8,1.7e7,6.52e8,0.0601,1.6,0.00397,48600.0,1.87e6,326000.0,3.61e8,2.51e10,7.91132583083604,0.0,0.0,0.0,0.06643379725104591,0.0,0.0,0.0,16129.204333432948,22905.648184788122,31680.177885146397,68045.00567381404,3.499530136829405e-5,0.0,0.0,0.0,0.04712496357548569,0.05369850486734434,0.05788899338631272,0.0656829969926163,7.960479358040607,11.556183737892026,16.621300858874804,41.199172601233556,5.040563705875672e6,7.690530987966415e6,1.108997607103435e7,2.4273476473659016e7,0.814646069570609,1.1299777741241606,1.3826601449777096,1.8464821621835463,1.2283624660499125e10,0.0,0.0,0.0,1.2806993778656195,1.4440657656478872,1.546462100777875,1.7334145109919354,299198.43,318637.86,330904.672,334740.06
IND,0.0252,0.207,9.61,390.0,2960.0,111000.0,4.59e7,1.76e9,0.088,2.15,0.93,26200.0,1.0e6,1.58e6,-3.16e9,-2.24e11,425.78125,1128.90625,2058.59375,4809.448597174765,0.802093256300678,1.0,1.0,1.0,8413.489505974201,11791.37596455204,16429.20647024521,36829.86557957902,0.029632438903255703,0.04065880290359301,0.03156263270280522,0.019815838724424203,0.06836664837452909,0.07822219088434758,0.0845460802162868,0.0963937570079323,4.271369814035578,5.708289732856563,7.571478051373584,13.083345945943602,1.4120420262733987e7,2.1107234038346637e7,3.015911924666509e7,6.509207724211579e7,0.6304310049077121,0.0,0.0,0.0,-1.7430405684441708e11,0.0,0.0,0.0,1.7229669170321549,1.9427490816592603,2.080506232871696,2.332019447780159,1.503642327e6,1.59269152e6,1.639176036e6,1.580043792e6
IRL,2.7e-7,0.00445,95.3,3980.0,0.418,28.8,1.03e6,4.41e7,0.00352,0.762,0.00397,181000.0,7.86e6,5610.0,4.74e6,3.29e8,7.91132583083604,0.0,0.0,0.0,0.06643379725104591,0.0,0.0,0.0,132005.62936222932,151944.90939912078,166591.87403110188,205150.61433788296,6.725107573631885e-6,0.0,0.0,0.0,0.0027313649824810006,0.0031305249476922497,0.003386609363970537,0.003865905776026981,53.62703825420332,69.71308193089581,82.98675673223974,115.82010391434835,694509.2853379248,836650.2635155729,949048.5645754084,1.1734235840314897e6,0.021570360962741213,0.005128711712453854,0.0,0.0,1.578548715797434e8,0.0,0.0,0.0,0.6107890380950817,0.688701466706466,0.7375361582191133,0.8266971938046125,5248.039,5489.09,5677.62,5697.78799999999
IRN,4.42e-6,0.64,17.4,680.0,0.418,28.8,3.34e6,1.33e8,0.0391,2.1,0.00397,31700.0,1.27e6,101000.0,-6.03e7,-4.05e9,7.91132583083604,0.0,0.0,0.0,0.06643379725104591,0.0,0.0,0.0,15469.267748334812,18921.33504246604,23136.88922181179,41319.077976739965,9.75806466884498e-5,0.0,0.0,0.0,0.0303158510986885,0.03471773554428866,0.03754266920366655,0.04283402266127804,7.261216775167514,9.114705045974961,11.440792648296851,23.516232115865947,1.4764870417424014e6,1.9302894525738026e6,2.474922041845359e6,4.390171663865574e6,0.6653856835653822,0.7457350607036619,0.7501344413646086,0.5699604475219104,5.3627228574115974e8,0.0,0.0,0.0,1.6849969544672845,1.8999356595474755,2.0346569812132884,2.280627462096948,92663.698,98593.61,103098.083,101886.276
IRQ,3.15e-6,0.267,14.7,577.0,0.418,28.8,2.22e6,8.29e7,0.0764,2.26,0.00397,23300.0,937000.0,80600.0,3.05e7,2.15e9,7.91132583083604,0.0,0.0,0.0,0.06643379725104591,0.0,0.0,0.0,12585.298963282425,14375.44317729259,16556.441018408434,28797.46173062093,6.95561927768037e-5,0.0,0.0,0.0,0.05934694761328495,0.06792149587228104,0.07342463323520719,0.08373645101112727,6.9698810381467045,8.130009673105297,9.731473267015332,18.723338366900453,667708.8280526273,930071.8196837286,1.2607545082247774e6,3.03128994462148e6,0.21448802060044847,0.2561242623678503,0.27238314039976436,0.2805193383592078,1.4450324036008587e9,0.0,0.0,0.0,1.8092918252010446,2.0400856204004167,2.1847447459400815,2.4488593955978746,50193.762,60583.717,70940.1310000001,97129.1500000002
ISL,1.53e-6,0.00383,79.4,3310.0,0.418,28.8,42400.0,1.76e6,-0.0077,0.927,0.00397,116000.0,4.81e6,368.0,-747000.0,-5.1e7,7.91132583083604,0.0,0.0,0.0,0.06643379725104591,0.0,0.0,0.0,68680.61407587025,79737.15217509722,92546.93066450807,143244.70334650038,3.3178109336573025e-5,0.0,0.0,0.0,-0.006316073457043855,-0.007044040985232144,-0.0074914837542056295,-0.008290908737134426,49.05377463337331,55.78221596272243,63.804248813223,96.86413649595225,24557.01736079641,29433.643192311447,34599.69595098655,52366.499403891314,0.0037627673929323297,0.004303801274933416,0.0043753888362276245,0.0035818685274500834,-7.252218188295158e6,0.0,0.0,0.0,0.7427939511280481,0.8375449651127213,0.8969339049894579,1.0053645967316887,359.709,371.752,376.683,368.63
ISR,1.66e-6,0.0821,44.2,1840.0,0.418,28.8,1.17e6,4.62e7,0.0526,1.92,0.00397,74900.0,3.13e6,14100.0,-1.09e7,-7.37e8,7.91132583083604,0.0,0.0,0.0,0.06643379725104591,0.0,0.0,0.0,46980.85710477585,53706.14102103705,61280.58238596972,90770.99413514721,3.655872333455456e-5,0.0,0.0,0.0,0.0410854166232352,0.04691321317185895,0.050639239452905244,0.05759122994778119,27.343648152800856,30.90362994511785,35.20681234685016,53.782252785342735,488164.0548683957,637200.386426406,818988.4577445545,1.568734170091831e6,0.08242082165564109,0.09222857195673205,0.092999945265983,0.07630269937322365,-2.7371314325291067e7,0.0,0.0,0.0,1.537790289256574,1.7339512690027945,1.8569029097545708,2.081384631186671,9979.695,11332.909,12720.415,16341.218
ITA,8.12e-7,0.0483,42.7,1800.0,0.418,28.8,3.46e6,1.51e8,0.0287,2.03,0.00397,69800.0,2.93e6,49900.0,4.77e7,3.32e9,7.91132583083604,0.0,0.0,0.0,0.06643379725104591,0.0,0.0,0.0,45924.31317477505,50815.02978431317,56482.26214482444,83148.66280788255,1.9870106801500364e-5,0.0,0.0,0.0,0.022173859531392972,0.02544260843275523,0.02754489691523111,0.03149122868811064,28.75385201646082,31.550740862428057,34.82727564469229,50.58072250661313,2.769425865825678e6,2.978505664650088e6,3.1562068711911296e6,3.781790013398907e6,0.2541382682220011,0.060239270151251,0.0,0.0,1.6845496722683554e9,0.0,0.0,0.0,1.6294823580701712,1.8373396049726425,1.9676223430680015,2.205488980241049,59031.473,57160.351,54381.674,44093.706
JAM,2.62e-6,0.00809,8.59,323.0,0.418,28.8,57400.0,2.35e6,0.0541,1.5,0.00397,22400.0,872000.0,2630.0,3.8e6,2.64e8,7.91132583083604,0.0,0.0,0.0,0.06643379725104591,0.0,0.0,0.0,9892.60256641512,11485.37508553288,14131.664233804173,30095.36151643826,5.795541911460711e-5,0.0,0.0,0.0,0.04250627787114639,0.04839929523308044,0.05215142109702489,0.05912074558553411,3.461508399606187,3.730571080139995,4.5750099668564195,11.563602820376929,31306.032865682824,36667.58478099448,44015.9786307912,74621.99567353573,0.008379193281246353,0.00840219568245994,0.008168852479426055,0.007965528746398911,1.2449942851536053e8,0.0,0.0,0.0,1.2006197763255886,1.353771186678539,1.4497648812996864,1.6250275267058332,3047.969,3045.162,2960.321,2341.11
JOR,2.48e-6,0.0571,27.5,1050.0,0.418,28.8,603000.0,2.26e7,0.0504,2.11,0.00397,42100.0,1.61e6,13100.0,9.3e6,6.51e8,7.91132583083604,0.0,0.0,0.0,0.06643379725104591,0.0,0.0,0.0,13546.789735363855,18484.09745434299,25870.92818176066,59958.38763094573,5.4694463485405913e-5,0.0,0.0,0.0,0.03923302493005652,0.04487308817817913,0.04848752387101142,0.055248193309789105,8.82675646952881,11.697763883817451,16.404963610717736,39.53166793220126,149632.38237844128,229574.7490230887,350795.9257343519,895033.817050051,0.03779628175668125,0.049712535840802444,0.05959527081975083,0.06513018858549743,3.6795077538784546e8,0.0,0.0,0.0,1.6910906690700038,1.906806690169885,2.042015225348432,2.2888752472530562,10655.185,11886.728,12932.404,14146.04
JPN,1.83e-6,0.597,38.4,1630.0,0.418,28.8,5.99e6,2.67e8,0.0239,1.69,0.00397,62400.0,2.65e6,97300.0,-1.23e8,-8.35e9,7.91132583083604,0.0,0.0,0.0,0.06643379725104591,0.0,0.0,0.0,43603.041816920195,47864.660847748186,52437.65206106499,72700.9231258724,4.0512451369814695e-5,0.0,0.0,0.0,0.018625014199082177,0.021302697623559446,0.023017387137553243,0.026221237879759184,27.281034380572823,29.637651774875398,32.23572072341237,44.52742815731499,5.364092409648207e6,5.541353045375423e6,5.675817645094571e6,6.261379658646331e6,1.0036098021917976,0.872597872178563,0.7014455257862758,0.37144181835868695,-3.809410385635447e8,0.0,0.0,0.0,1.3510009976355355,1.5233350806283639,1.6313522728795116,1.8285670893109016,120758.056,113356.481,105804.023,83924.568
KAZ,2.19e-6,0.172,38.5,1630.0,0.418,28.8,1.48e6,6.07e7,-0.000267,2.3,0.00397,58000.0,2.45e6,24900.0,-2.14e7,-1.45e9,7.91132583083604,0.0,0.0,0.0,0.06643379725104591,0.0,0.0,0.0,36335.08028938965,43396.894392226575,50009.44947862465,69543.60523361889,4.7964882711387495e-5,0.0,0.0,0.0,-0.0010353697193945567,-0.0007193767087826687,-0.0004694994660903831,8.994973309366378e-5,24.311725898927325,28.85517569784478,33.13733408568452,46.09810772620125,749200.9246538407,970107.6412655306,1.2008647444276528e6,1.8807549521560173e6,0.16595938323473464,0.192385191898264,0.196530311607425,0.16028438205629852,-2.1043534979006443e7,0.0,0.0,0.0,1.8415527091941828,2.076461712205559,2.223700206757221,2.4925241973598076,20639.019,22370.403,24024.036,27041.822
KEN,8.57e-7,0.0453,7.0,265.0,0.418,28.8,2.06e6,7.38e7,0.0515,1.8,0.00397,17500.0,657000.0,100000.0,1.49e8,1.03e10,7.91132583083604,0.0,0.0,0.0,0.06643379725104591,0.0,0.0,0.0,5033.139572756701,6971.254148457987,10148.25966554013,25226.76746017973,1.9270471892056243e-5,0.0,0.0,0.0,0.04029161041429125,0.04596628084980195,0.04958967225862484,0.05634059110915441,2.2397674831481695,2.904638669815495,4.154213785231156,9.990650751006328,343857.3581339336,579468.75099467,975412.874155007,3.1501726223561503e6,0.03060206917375135,0.039048824731406,0.04633380672708578,0.051537200210107006,3.9173641685390267e9,0.0,0.0,0.0,1.4405924119619455,1.6243548020093166,1.7395351370281493,1.949828222358774,66449.655,79469.672,91575.0919999999,118213.964
KGZ,4.16e-6,0.0477,17.7,672.0,0.418,28.8,258000.0,9.37e6,0.000334,2.14,0.00397,25100.0,938000.0,9580.0,8.88e6,6.18e8,7.91132583083604,0.0,0.0,0.0,0.06643379725104591,0.0,0.0,0.0,6659.845026986697,9513.901207957415,14253.947236561435,36796.377429199696,9.117291906936648e-5,0.0,0.0,0.0,-0.0004465462183100807,-0.00011366132954682023,0.00014010547399618704,0.000693314589504898,5.501255291541725,7.399397424769807,10.601108405637307,25.445995702149336,49270.4276697575,79024.30722402035,130101.14469676583,392420.811858819,0.0207459015390915,0.029788928745460817,0.04047240745040068,0.06357018833067804,3.0196712807550585e8,0.0,0.0,0.0,1.716893295152466,1.9359007067935166,2.073172250975767,2.323798857934885,7446.10600000001,8307.138,9126.09800000001,10657.27
KHM,4.13e-6,0.115,14.3,522.0,0.418,28.8,527000.0,1.93e7,0.0809,1.8,0.00397,22000.0,813000.0,21600.0,2.42e7,1.68e9,7.91132583083604,0.0,0.0,0.0,0.06643379725104591,0.0,0.0,0.0,5756.27997303251,8271.536406554495,11910.287400135338,31532.982839167027,9.039307690778545e-5,0.0,0.0,0.0,0.06314588630207067,0.072095436508993,0.07781905208726785,0.08850309404583238,3.47124325750486,4.94946076016414,7.279734837137899,20.721589282944024,114096.64089665796,182026.81147758604,280631.5356633171,777398.1192867304,0.047630829940689845,0.06908350574828945,0.0903746732436755,0.15275029338739304,7.987905850029558e8,0.0,0.0,0.0,1.442696686267141,1.6267274981612656,1.7420760771729387,1.9526763377547633,18781.04,20526.539,21860.917,22648.986
KOR,2.74e-6,0.616,51.2,2060.0,0.418,28.8,3.49e6,1.54e8,0.0193,1.89,0.00397,87300.0,3.63e6,41400.0,-1.86e8,-1.27e10,7.91132583083604,0.0,0.0,0.0,0.06643379725104591,0.0,0.0,0.0,50481.9720763228,60792.9896036145,71612.47193433084,107766.48371184187,6.004882055826269e-5,0.0,0.0,0.0,0.01486780796844254,0.017108919717969736,0.018554863371468524,0.02127777181677489,24.094868225321576,30.763823338756175,38.615624694773786,66.99013517610625,2.623398150070334e6,3.0782826364689358e6,3.415832330738028e6,3.8448660701263086e6,0.7275264886763434,0.7760984414746431,0.7307622832605427,0.5018675270060089,-2.5537973089173512e9,0.0,0.0,0.0,1.5116532581915105,1.7044801905990274,1.825342085514664,2.0460084065195403,51152.05,49783.741,46829.924,34934.427
KWT,3.44e-6,0.0753,39.5,1660.0,0.418,28.8,452000.0,1.92e7,0.092,2.27,0.00397,74000.0,3.23e6,5510.0,-3.23e7,-2.22e9,7.91132583083604,0.0,0.0,0.0,0.06643379725104591,0.0,0.0,0.0,58397.484356591485,63064.50079076444,67441.77503914572,81950.74366272482,7.59815758432028e-5,0.0,0.0,0.0,0.07137672277286496,0.08173464379118561,0.08838960892815187,0.10087570292246933,24.971434450086416,28.778773416263835,32.915582148186395,47.60145391966528,297593.9753071739,351500.45612233225,395896.55895406206,528325.7111738923,0.10442693994932295,0.10573837254419244,0.09343377885953376,0.053408399964850126,-5.290082469687138e8,0.0,0.0,0.0,1.821651390114524,2.0540217750346157,2.1996690904436713,2.4655879499650024,4747.083,5152.526,5393.471,5856.128
LAO,2.94e-6,0.0505,19.2,711.0,0.418,28.8,317000.0,1.19e7,0.0721,1.93,0.00397,32200.0,1.21e6,9130.0,9.23e6,6.43e8,7.91132583083604,0.0,0.0,0.0,0.06643379725104591,0.0,0.0,0.0,9390.912070560786,13089.911710111186,18602.241311100268,46066.462483685485,6.432536131864404e-5,0.0,0.0,0.0,0.056263347337007504,0.0642556672014752,0.06936868730494289,0.0789158475522921,5.263904648528426,7.152267807654569,10.251127052414345,27.95753587843955,81261.76901784849,124988.2241999464,188577.4499588549,466527.0827324109,0.024140631537532004,0.03375632574267444,0.04321625113870955,0.06523227011995869,3.239457149367079e8,0.0,0.0,0.0,1.5430763592970225,1.739911631685995,1.8632859119804597,2.088539277056417,8226.277,8971.94100000001,9479.75300000001,9386.51600000001
LBN,1.91e-6,0.0206,22.4,899.0,0.418,28.8,238000.0,9.72e6,0.0335,2.02,0.00397,36800.0,1.49e6,6300.0,4.95e6,3.47e8,7.91132583083604,0.0,0.0,0.0,0.06643379725104591,0.0,0.0,0.0,18872.41069120023,22971.955851195005,27943.192185234264,47624.6498702764,4.2249986084037336e-5,0.0,0.0,0.0,0.025998647826637047,0.029779565488304807,0.0322061900269822,0.036751598036756684,11.093233227223097,13.181144035941298,16.130015011673787,29.607815978600833,119748.01086936686,150840.37081008166,188292.66402204896,308155.81284723536,0.023365495696489606,0.02523147234894408,0.024710063457106805,0.01732193717727435,2.0291883559218436e8,0.0,0.0,0.0,1.6174543936913643,1.8237773499344507,1.9530984107675655,2.189209244065441,6194.842,6376.39699999999,6528.16199999999,6241.13899999999
LBR,9.79e-7,0.00346,7.62,262.0,0.418,28.8,175000.0,5.75e6,0.081,1.95,0.00397,12000.0,414000.0,11000.0,1.52e7,1.05e9,7.91132583083604,0.0,0.0,0.0,0.06643379725104591,0.0,0.0,0.0,1618.9296600279524,2411.311604061948,4271.418623669617,18468.3430040329,2.2026759832477938e-5,0.0,0.0,0.0,0.06315681145040412,0.07216350903520737,0.07793041915355296,0.08870908603845072,1.083807518770457,1.4923243509993322,2.6210564420468363,11.77659008543132,10551.812457363343,20230.444255676597,43002.95985788923,273267.6487286812,0.0010733906323837977,0.0015582661376569965,0.00233488833193933,0.005110141848672385,3.903406157368468e8,0.0,0.0,0.0,1.5641460672600558,1.76366899776852,1.888727873929088,2.1170569277687585,6371.558,7825.12099999999,9339.75499999999,13590.907
LBY,3.85e-6,0.062,24.9,1020.0,0.418,28.8,354000.0,1.45e7,0.0553,1.91,0.00397,40300.0,1.66e6,8280.0,-1.23e7,-8.39e8,7.91132583083604,0.0,0.0,0.0,0.06643379725104591,0.0,0.0,0.0,23301.97752040564,27009.183475647467,31685.126716403924,50114.10223496092,8.494542285174854e-5,0.0,0.0,0.0,0.04318387683768654,0.04930266724502633,0.05321417710728748,0.06051122713750328,14.02855993723779,15.898597087575174,18.715144253149703,31.55078560708317,185016.63765945254,231005.5597057772,284503.43918092793,448065.6412420373,0.07258232695886838,0.07768923540465623,0.0750656749149921,0.050638536952134404,-9.809312114068037e7,0.0,0.0,0.0,1.529069468958599,1.7241180183131122,1.8463723993853156,2.0695810832865726,7606.414,8150.987,8525.412,8430.754
LCA,1.31e-6,0.000471,27.1,1040.0,0.418,28.8,6870.0,276000.0,0.0533,1.31,0.00397,42600.0,1.64e6,164.0,267000.0,1.86e7,7.91132583083604,0.0,0.0,0.0,0.06643379725104591,0.0,0.0,0.0,16792.050459583163,20202.656490198926,26125.018883461606,58828.02819952827,2.8931788854310407e-5,0.0,0.0,0.0,0.04197879902396647,0.0477494595164582,0.05141785462985034,0.058219864181603735,10.936232288581877,12.580050465512054,16.11365622046395,37.6504590264522,3293.8241940918792,3978.123073347328,5002.721133339603,9154.550899024938,0.00044010451381273213,0.0004550613365754528,0.00046348770901483464,0.0004878272198749201,8.332640010533327e6,0.0,0.0,0.0,1.0528670196610306,1.1871710450941968,1.2713513969049357,1.4250455661709238,188.742,187.937,182.127,147.054
LKA,1.19e-6,0.0661,27.5,1050.0,0.418,28.8,953000.0,3.81e7,0.0638,1.56,0.00397,47200.0,1.83e6,20000.0,3.23e7,2.25e9,7.91132583083604,0.0,0.0,0.0,0.06643379725104591,0.0,0.0,0.0,16792.499308334107,23108.280314106996,31413.831177525157,65257.02495072674,2.6152315102698796e-5,0.0,0.0,0.0,0.05001224099769635,0.05698435901994619,0.061428626957505734,0.06969413917496935,8.901065908966471,12.125051276182095,16.771597586982285,39.08287182778089,387268.30229239044,541901.0010251795,727354.7745226223,1.291488282363587e6,0.046773752427220955,0.0595023242930848,0.06776907094713118,0.07341824658736944,1.0085053033598505e9,0.0,0.0,0.0,1.248734980350417,1.4080239802226526,1.5078646514577694,1.6901510008774017,22023.018,22186.243,21813.964,18501.357
LSO,2.76e-6,0.0038,6.74,239.0,0.418,28.8,57600.0,2.01e6,0.0327,2.59,0.00397,20200.0,709000.0,2670.0,4.59e6,3.18e8,7.91132583083604,0.0,0.0,0.0,0.06643379725104591,0.0,0.0,0.0,3568.1673670615346,5085.8414236917315,8060.9766359773175,30347.919240384017,6.201680432959274e-5,0.0,0.0,0.0,0.024926016879357103,0.028799940105431406,0.03131317216011153,0.03607426883661724,1.420480301067997,1.8102736478827335,2.798946907264197,10.048422764008002,8374.194030940831,13119.800740865896,22157.39109016396,89000.72690797006,0.002398460241076502,0.0028452617116610035,0.00338723366150364,0.004685943592517122,1.2657086124590294e8,0.0,0.0,0.0,2.0784844608362456,2.3436165474889967,2.509798553268492,2.8132090852493863,2325.171,2507.457,2665.265,2830.569
LTU,1.02e-6,0.00249,37.8,1640.0,0.418,28.8,141000.0,6.16e6,0.0021,1.65,0.00397,74500.0,3.11e6,1970.0,1.19e6,8.35e7,7.91132583083604,0.0,0.0,0.0,0.06643379725104591,0.0,0.0,0.0,44784.686038821514,52431.39081666653,61208.84287324984,91797.53791360087,2.4919353694447157e-5,0.0,0.0,0.0,0.0012595482162274425,0.0016531475055193594,0.0019268723551055613,0.0024804741167633866,28.375254799189356,30.787026456197882,33.79812889692615,43.60496212284278,111369.85412102996,119967.12694528728,130097.9047178837,156675.5466666701,0.01281694573993651,0.003045795299363805,0.0,0.0,5.413911524771968e7,0.0,0.0,0.0,1.3240740597237939,1.4929733346291774,1.5988376252657166,1.7921217331879216,2484.803,2284.302,2121.388,1702.528
LUX,5.04e-7,0.000983,85.5,3700.0,0.418,28.8,122000.0,5.23e6,0.01,1.65,0.00397,143000.0,6.39e6,832.0,-196000.0,-1.31e7,7.91132583083604,0.0,0.0,0.0,0.06643379725104591,0.0,0.0,0.0,127528.51160975586,133919.93573726603,136097.29618722532,148168.46279643493,1.2452979558843208e-5,0.0,0.0,0.0,0.0075760272929248605,0.008787308287660556,0.00957535524437381,0.011071842372584398,63.847131554892165,72.5487590754243,78.07513541020371,94.08338998238631,88703.7550172213,100536.69093671332,108538.54432821306,135005.5882133782,0.005101470747282166,0.001211800897704539,0.0,0.0,2.853214743264298e6,0.0,0.0,0.0,1.3257238297405973,1.4948335497925738,1.6008297452355396,1.7943546813226292,690.344,744.183,789.943000000001,901.185000000001
LVA,1.29e-6,0.00188,39.8,1670.0,0.418,28.8,94800.0,4.08e6,0.000509,1.59,0.00397,71400.0,2.94e6,1390.0,392000.0,2.8e7,7.91132583083604,0.0,0.0,0.0,0.06643379725104591,0.0,0.0,0.0,40078.03442065329,48309.945537872925,56926.84235106389,89223.40828082344,3.159322214962519e-5,0.0,0.0,0.0,1.5114096821970668e-5,0.0002314845574056817,0.00039190023615855195,0.0007341446434012649,24.887425538369655,28.944744250695464,33.09733863827279,48.316261978646374,68915.565789121,76527.28266145999,84237.81884991397,108710.85654753697,0.010055215157938458,0.0023880243388686466,0.0,0.0,2.812440043624331e7,0.0,0.0,0.0,1.2728577876751428,1.4352238999157592,1.5369932728476123,1.7228009927374972,1720.156,1583.723,1479.176,1217.518
MAC,1.23e-7,0.000795,68.2,2860.0,0.418,28.8,135000.0,5.88e6,0.0435,1.44,0.00397,148000.0,6.64e6,871.0,1.24e6,8.63e7,7.91132583083604,0.0,0.0,0.0,0.06643379725104591,0.0,0.0,0.0,130324.65430172127,142278.32461706438,146729.5702892644,152734.1337438729,2.7510841844441193e-6,0.0,0.0,0.0,0.03420220195824728,0.038923696280682735,0.041927129490330485,0.04749996486078655,39.59971469216224,51.07877557557774,60.12168938476827,81.7342370692003,98606.8861379999,116882.06193442007,128172.35007865593,149104.94807813485,0.001252827406922414,0.0012020575885730632,0.0009944710426717665,0.000491859361070744,3.590081360260881e7,0.0,0.0,0.0,1.15245334975021,1.299460636620323,1.3916032592078087,1.5598347232959222,731.876,790.725000000001,838.377,931.970000000001
MAR,1.86e-6,0.131,20.7,766.0,0.418,28.8,1.82e6,6.87e7,0.038,1.71,0.00397,37900.0,1.44e6,45500.0,5.99e7,4.16e9,7.91132583083604,0.0,0.0,0.0,0.06643379725104591,0.0,0.0,0.0,11064.01173053405,16109.832680984877,23096.955699597198,54275.12452089501,4.107990343820682e-5,0.0,0.0,0.0,0.02971101341222323,0.033893006188979447,0.03656228461726244,0.041533086852441774,5.162171362393661,7.5838156628784485,11.18247252911806,30.45061375371767,463918.69999799796,732410.3139511879,1.1052681610781474e6,2.670998048292414e6,0.08801392998292634,0.11911934533134158,0.14102982409611642,0.1459830756338153,1.8630644551107812e9,0.0,0.0,0.0,1.3678900314088984,1.542378484496983,1.6517460132846888,1.8514262369964187,40887.291,43973.175,46165.497,47249.767
MDA,1.22e-6,0.00664,26.8,1030.0,0.418,28.8,105000.0,4.24e6,0.0155,2.09,0.00397,39400.0,1.49e6,2980.0,6.79e6,4.71e8,7.91132583083604,0.0,0.0,0.0,0.06643379725104591,0.0,0.0,0.0,11695.641250396577,16277.548121893038,23581.46272098486,57261.663152999296,2.678025998259068e-5,0.0,0.0,0.0,0.011659727256638192,0.013546321061946674,0.014776329391075555,0.017117466207305216,9.378581750883404,12.249842474668831,16.91067519487381,37.9948703568124,45778.46842514072,60072.51459434535,80408.70987461494,141322.07201368592,0.0056618214338146206,0.00665148979401858,0.007347336729045911,0.006724506093617021,1.9844837608135894e8,0.0,0.0,0.0,1.6715996876402193,1.8848294334396303,2.0184795973868095,2.262494387991479,3885.9,3641.189,3360.176,2426.47
MDG,9.23e-7,0.0217,7.73,267.0,0.418,28.8,1.17e6,3.83e7,0.0641,2.08,0.00397,13200.0,460000.0,66300.0,8.46e7,5.85e9,7.91132583083604,0.0,0.0,0.0,0.06643379725104591,0.0,0.0,0.0,2018.461239386257,3081.792207188403,5143.491039200882,19776.013327806697,2.075842267649331e-5,0.0,0.0,0.0,0.049907241528654826,0.057043010954539355,0.06161290950414753,0.07015540976052301,1.1777665229190009,1.6722125884488632,2.7685273523617253,11.59225028003632,73209.42599299939,144869.34969417893,295124.2246485885,1.769227017774146e6,0.007018454245832539,0.010516142395440378,0.015101370383719354,0.031179707200340596,2.174280656756037e9,0.0,0.0,0.0,1.6636246075504049,1.875837049797503,2.008849578568404,2.2517001924191766,35622.312,44471.369,54048.131,83598.4000000001
MDV,1.54e-6,0.0026,26.1,1010.0,0.418,28.8,28600.0,1.16e6,0.0611,1.5,0.00397,49200.0,1.98e6,552.0,361000.0,2.54e7,7.91132583083604,0.0,0.0,0.0,0.06643379725104591,0.0,0.0,0.0,24386.866152125072,30167.895936587745,36707.64823108001,63507.24919950987,3.366654490104358e-5,0.0,0.0,0.0,0.047971891908617274,0.054636662803105716,0.05888216882131127,0.06677216731026664,9.465835207027158,12.78197193859393,16.964189406350116,36.04205205306578,13256.313281985349,17698.76217614558,22781.24210992135,37132.68596804252,0.002061111222608109,0.0025017578941178378,0.0027324425869405134,0.002717429656998463,1.6202863844698671e7,0.0,0.0,0.0,1.2014914965254233,1.3547541037624082,1.4508174954219588,1.626207391762406,519.348,556.282,586.102,548.102
MEX,1.52e-6,0.577,29.2,1110.0,0.418,28.8,7.29e6,2.91e8,0.0478,1.91,0.00397,46100.0,1.84e6,151000.0,1.25e8,8.72e9,7.91132583083604,0.0,0.0,0.0,0.06643379725104591,0.0,0.0,0.0,22308.194067443386,26916.294232209322,32897.385447381545,59955.2466328329,3.366591868524503e-5,0.0,0.0,0.0,0.03730735411209531,0.04260587997302976,0.045993931123027444,0.0523159589078862,9.492379397100688,12.367692634404987,16.96166979958417,41.81012915700704,3.255044666648701e6,4.202700633051743e6,5.338811736753401e6,9.659629125371534e6,0.5060897520028119,0.5594166158355456,0.5755614749463873,0.5989693799737165,4.8143854819446335e9,0.0,0.0,0.0,1.5341580630465683,1.729855714953491,1.852516946684465,2.0764684473199133,140875.763,149759.03,155150.814,153104.199
MKD,1.94e-6,0.00834,20.1,833.0,0.418,28.8,70500.0,2.99e6,0.0203,2.19,0.00397,43500.0,1.76e6,1690.0,1.27e6,8.95e7,7.91132583083604,0.0,0.0,0.0,0.06643379725104591,0.0,0.0,0.0,20710.6050201092,26370.69334592394,33174.095029006465,57040.43473983775,4.21692125121273e-5,0.0,0.0,0.0,0.0153977059998731,0.017816761186981833,0.019387587338865843,0.022365474586138433,11.328876510594364,13.633245307968508,16.395178901501954,25.390145781526655,43064.92508719104,52794.41719323836,62791.04422467324,85195.66894539571,0.008386858340970462,0.009811604774027496,0.01009220199551479,0.007406575803278065,6.2016598983454175e7,0.0,0.0,0.0,1.7523114484881184,1.9758368101433301,2.1159401579176826,2.371736993929669,2050.742,1966.966,1856.775,1460.927
MLI,7.84e-7,0.0138,6.81,253.0,0.418,28.8,763000.0,2.64e7,0.132,2.71,0.00397,10400.0,387000.0,53600.0,6.38e7,4.42e9,7.91132583083604,0.0,0.0,0.0,0.06643379725104591,0.0,0.0,0.0,2763.351488682087,3906.1761363292176,5826.96218561804,15090.85335624527,1.7634209078789544e-5,0.0,0.0,0.0,0.10149190430741761,0.11671615125057627,0.12656624588478266,0.1451933152163263,1.837526259274941,2.478065599376429,3.69958142892653,9.966921698518792,80252.84597225235,152405.16433940743,286115.44063916954,1.1901650825858077e6,0.00653576681405287,0.009398126060265645,0.012436965542373763,0.01781793249983962,1.6357119173794e9,0.0,0.0,0.0,2.1705778162363165,2.4474573582798334,2.621002545650395,2.937856571908172,26957.39,34938.565,43585.533,68867.545
MLT,2.91e-6,0.00159,69.2,2890.0,0.418,28.8,40500.0,1.72e6,0.0216,1.59,0.00397,99300.0,4.13e6,408.0,-2.14e6,-1.47e8,7.91132583083604,0.0,0.0,0.0,0.06643379725104591,0.0,0.0,0.0,58055.62982655786,68771.06823559891,81125.40662645537,123035.31652748093,7.181127621711974e-5,0.0,0.0,0.0,0.016816973714548673,0.019225858079964277,0.020767348877228642,0.02364539507122321,42.44369285064273,48.989798833942984,56.87724394492479,84.75840066008062,26543.23671867196,30863.03973556632,35342.79928377033,48080.58575584705,0.008802917786637329,0.00208881506608832,0.0,0.0,-4.15438867265159e7,0.0,0.0,0.0,1.2736529435616089,1.4361204861200194,1.5379534345091879,1.72387722871912,448.894,440.314,426.793,381.76
MMR,1.01e-6,0.0556,8.75,332.0,0.418,28.8,974000.0,3.8e7,0.0751,1.89,0.00397,15200.0,590000.0,59900.0,1.25e8,8.63e9,7.91132583083604,0.0,0.0,0.0,0.06643379725104591,0.0,0.0,0.0,5849.173000082493,7556.832210149512,9937.595583435514,20755.149889529806,2.2153369844570845e-5,0.0,0.0,0.0,0.05862924772758977,0.0669501579141647,0.07227272707981716,0.0822099494116423,3.0333949993137037,3.861216759590408,5.177974985120772,12.282760283763167,358545.0356814772,493454.09622987785,663360.8164718847,1.337990845657884e6,0.03668289750637661,0.04589764403949399,0.05235578921160192,0.06443121748474269,3.3702955687479615e9,0.0,0.0,0.0,1.5114463682828012,1.7042469097529611,1.825092263106391,2.045728382982298,58478.49,61201.6100000001,62253.423,59568.374
MNE,1.64e-6,0.00232,31.7,1300.0,0.418,28.8,23300.0,987000.0,0.0106,2.07,0.00397,43100.0,1.77e6,553.0,438000.0,3.07e7,7.91132583083604,0.0,0.0,0.0,0.06643379725104591,0.0,0.0,0.0,23910.388972598204,28219.534067761517,33686.765114675436,54471.263415331116,3.5604150181972564e-5,0.0,0.0,0.0,0.007793538291414012,0.009168091052450639,0.01007452288654582,0.011819363000915923,17.95250930603447,20.63183794055706,24.493852281710005,40.08032862775929,15018.616816077823,17378.825613665078,20052.83112938486,28122.248625331755,0.0024695093895762037,0.002726952697558227,0.0027212538641754667,0.00206421596004242,1.952629561959242e7,0.0,0.0,0.0,1.6609971389623206,1.8728744205466863,2.0056768741362143,2.248143938503171,624.058,610.249,589.336,510.246
MNG,8.02e-6,0.115,34.4,1330.0,0.418,28.8,262000.0,9.93e6,-0.0293,2.4,0.00397,54800.0,2.14e6,4670.0,-1.61e7,-1.1e9,7.91132583083604,0.0,0.0,0.0,0.06643379725104591,0.0,0.0,0.0,19108.099967548118,27792.388064247647,38620.92862730062,76104.44590545232,0.00017578380476830586,0.0,0.0,0.0,-0.02448875568727194,-0.027064561670869125,-0.02861898103779349,-0.0313391759094273,11.033256353512874,16.106768255347944,22.948371524465887,48.87894736284685,69491.33693102855,110572.75578811349,166904.48044852348,378411.75556908204,0.056414357723239786,0.08160764229388669,0.10452542767153414,0.14459286986751527,-2.1369372648991096e8,0.0,0.0,0.0,1.9209601481858893,2.1659983873750295,2.319585780720068,2.600001415985718,3716.204,4089.199,4448.931,5133.137
MOZ,2.18e-6,0.0487,4.59,159.0,0.418,28.8,1.12e6,3.65e7,0.0873,2.4,0.00397,9990.0,348000.0,80900.0,9.49e7,6.57e9,7.91132583083604,0.0,0.0,0.0,0.06643379725104591,0.0,0.0,0.0,1590.4972697615588,2382.207926068135,3880.2872219850115,14797.351063289247,4.910503756470391e-5,0.0,0.0,0.0,0.06765866506842677,0.0775219521301439,0.08386400064385925,0.09577269566793944,0.7539552207792456,1.035617223790728,1.6822213569179167,6.765307945694538,67316.1352580694,135349.59671610646,274686.83112770156,1.6783328388652208e6,0.01526600297305488,0.02324173850139296,0.03324918745609652,0.06996780648682005,2.457221941447187e9,0.0,0.0,0.0,1.9242508193616994,2.1697088175299273,2.3235593113920303,2.6044553083398774,41184.834,52729.199,65312.931,103507.934
MRT,1.52e-6,0.0102,11.3,413.0,0.418,28.8,290000.0,1.0e7,0.0989,2.13,0.00397,19700.0,735000.0,11100.0,1.23e7,8.49e8,7.91132583083604,0.0,0.0,0.0,0.06643379725104591,0.0,0.0,0.0,5510.288612117491,7720.941487654285,11007.29722354981,28265.75308839299,3.4160170900819644e-5,0.0,0.0,0.0,0.07680711489393514,0.08791576095013531,0.09504925866226857,0.10842579295267481,2.7325274495187917,3.8283640915214447,5.639077946223561,16.615610337452996,35052.443742193274,62427.53657333307,108781.81846226384,439256.5057788081,0.005529915006536712,0.007457303685772702,0.00915995834827504,0.012738912550401377,3.297709979663964e8,0.0,0.0,0.0,1.7033246168846377,1.9206012039513145,2.056787885478678,2.3054337800634235,5967.176,7432.085,9024.891,14020.097
MUS,9.78e-7,0.00213,33.2,1330.0,0.418,28.8,57500.0,2.4e6,0.0614,1.69,0.00397,52600.0,2.11e6,1090.0,1.62e6,1.12e8,7.91132583083604,0.0,0.0,0.0,0.06643379725104591,0.0,0.0,0.0,25690.330603696766,30710.043940349427,38073.531785430765,69127.95608655454,2.199908462466258e-5,0.0,0.0,0.0,0.04807379160211046,0.05481053395863613,0.05910878892949763,0.06711083551057181,16.146796136724532,18.73291682649848,23.27664632176198,44.131427385203295,34249.90373444587,40325.549366024716,47805.1244917238,71569.51882308464,0.003479718291997437,0.0031022050448560913,0.002592365382855316,0.00133667808171644,5.222007515383608e7,0.0,0.0,0.0,1.3543226209884007,1.5270804112290888,1.635363178730677,1.8330628751443439,1274.036,1244.874,1185.525,970.208
MWI,9.07e-7,0.00952,3.67,128.0,0.418,28.8,514000.0,1.69e7,0.0754,2.44,0.00397,8420.0,294000.0,45800.0,5.98e7,4.14e9,7.91132583083604,0.0,0.0,0.0,0.06643379725104591,0.0,0.0,0.0,1381.0456821332018,2063.4309051329165,3349.441515989302,12292.273842711915,2.0400639016602705e-5,0.0,0.0,0.0,0.05839985268684815,0.06691851912049264,0.07239523066503394,0.08267668560884561,0.7119255764221515,0.9363375153642284,1.487208134726723,5.308611509564757,34704.17173037016,68945.46720062291,137006.69519575144,766726.9116335653,0.003269682445046686,0.004918527307355096,0.006889738069933592,0.013279404414301999,1.5296024161574044e9,0.0,0.0,0.0,1.954224886364827,2.2035063852999603,2.35975340926359,2.6450249249061453,24849.443,31317.316,38142.971,57611.5679999999
MYS,2.28e-6,0.39,27.1,1090.0,0.418,28.8,2.95e6,1.18e8,0.0648,1.6,0.00397,67900.0,2.74e6,40200.0,-3.92e7,-2.65e9,7.91132583083604,0.0,0.0,0.0,0.06643379725104591,0.0,0.0,0.0,33345.97577000916,41616.23713438948,51372.237629287105,87911.26064067916,4.994997356522683e-5,0.0,0.0,0.0,0.05076445142305961,0.05785564346401745,0.062377560428978046,0.07079106524582264,12.788553552457772,16.067712430469918,20.160691323230264,35.473964006203516,1.2648406882986634e6,1.7061303420463155e6,2.2131059392830324e6,3.918361540893276e6,0.29177710518713434,0.35780903797692454,0.39383341745212125,0.4254447468765548,-4.894629118896249e7,0.0,0.0,0.0,1.2800802508136095,1.4433676625677685,1.5457144963532554,1.7325765283750543,36095.052,38754.576,40550.371,41625.097
NAM,2.46e-6,0.00861,5.45,217.0,0.418,28.8,121000.0,4.54e6,0.0728,2.4,0.00397,24000.0,947000.0,4340.0,3.79e6,2.63e8,7.91132583083604,0.0,0.0,0.0,0.06643379725104591,0.0,0.0,0.0,10471.748948035302,12611.566090726246,16407.481549553544,32582.401113216165,5.525757930505086e-5,0.0,0.0,0.0,0.05647577495690176,0.06469771481121762,0.06998148429224144,0.0798961252589172,2.706481791705051,2.972130680845872,3.798793818029367,7.2859943389457325,33183.236929391045,46955.57081998959,69891.44198246232,177572.93559073098,0.008468192545329505,0.00907328550682126,0.009519913583304328,0.008330340416752017,1.2147327377297433e8,0.0,0.0,0.0,1.925400925431048,2.1710056314663704,2.3249480802778923,2.6060119660413212,3010.873,3496.969,3981.125,5046.749
NER,5.84e-7,0.0138,5.96,204.0,0.418,28.8,1.29e6,4.1e7,0.123,2.54,0.00397,8920.0,307000.0,92300.0,8.58e7,5.93e9,7.91132583083604,0.0,0.0,0.0,0.06643379725104591,0.0,0.0,0.0,1432.5342361578146,1969.590297223327,3130.342346255167,13035.271461042017,1.3144986144718466e-5,0.0,0.0,0.0,0.0951309235383211,0.10925876303827045,0.11838052100310148,0.13559002199062814,0.9641826719925277,1.2595981418681022,2.01170233450753,8.755471050941425,52306.35629747139,106499.24257696058,229635.5962524329,1.8678516450793224e6,0.0031753728055987315,0.004895445821950478,0.007440746214530386,0.02084474712650969,2.156091870621269e9,0.0,0.0,0.0,2.037101466921899,2.2969547267490533,2.459828019346695,2.7571975938727222,34846.019,48745.862,65593.043,126182.966
NGA,8.28e-7,0.29,12.7,458.0,0.418,28.8,1.58e7,5.35e8,0.0959,2.22,0.00397,24100.0,877000.0,491000.0,5.87e8,4.06e10,7.91132583083604,0.0,0.0,0.0,0.06643379725104591,0.0,0.0,0.0,5759.885999920855,7861.950574837583,11792.974485849274,35485.1109158527,1.8613846000644027e-5,0.0,0.0,0.0,0.07444583151700421,0.0852379317005225,0.09217092227612325,0.10517698723852863,3.0751766733136114,4.017019042708685,5.909203773053981,18.56929947250522,1.6110045126144204e6,2.807624956116604e6,5.16891461571976e6,2.433265260327426e7,0.13848827127422053,0.1827514398755607,0.2371661067259832,0.3845206708158992,1.5365642663084072e10,0.0,0.0,0.0,1.7753539299348584,2.0018185972730067,2.1437642709617974,2.402924774918216,262977.344,329066.612,401314.997,620456.667000001
NIC,1.45e-6,0.019,18.3,658.0,0.418,28.8,287000.0,1.04e7,0.0758,1.9,0.00397,31100.0,1.13e6,8380.0,1.44e7,9.96e8,7.91132583083604,0.0,0.0,0.0,0.06643379725104591,0.0,0.0,0.0,6917.163867878818,10123.913136009838,15438.227852616346,46163.14846700179,3.1967336568346504e-5,0.0,0.0,0.0,0.05917698794847835,0.06758216813333455,0.07295947740231487,0.08300063598367342,3.8796030888145037,5.536189354200166,8.373211757343611,27.218251252104714,53734.73324238508,86991.74679002835,141313.28734070103,437439.84402510966,0.00793307703204182,0.010995144497833726,0.014465921136801821,0.025756004390937757,3.999393021089183e8,0.0,0.0,0.0,1.5215219221725786,1.715607704248244,1.8372586329072833,2.0593655500026555,7391.88100000001,8048.74800000001,8531.04500000001,8749.721
NLD,6.38e-7,0.0159,57.0,2410.0,0.418,28.8,1.49e6,6.42e7,0.00785,1.16,0.00397,88900.0,3.79e6,16700.0,1.23e7,8.58e8,7.91132583083604,0.0,0.0,0.0,0.06643379725104591,0.0,0.0,0.0,63403.02379253361,69758.17504814564,76061.67018623544,102027.98732501142,1.5674444208097862e-5,0.0,0.0,0.0,0.006071055852853464,0.006967111618998966,0.007542999291087667,0.008622903482600846,38.4355820409058,43.11203644703174,47.77116595816194,66.55267050031202,1.1126794825497991e6,1.226516979006262e6,1.3154750529244577e6,1.6752160538108896e6,0.08054569826847724,0.019133290480831885,0.0,0.0,4.550927103883556e8,0.0,0.0,0.0,0.9311597068960807,1.0499387118625134,1.1243881439890253,1.260315867939795,17450.317,17460.761,17165.37,16278.811
NOR,9.94e-7,0.0335,49.7,2140.0,0.418,28.8,556000.0,2.36e7,-0.0027,1.97,0.00397,79500.0,3.48e6,6920.0,-2.59e6,-1.72e8,7.91132583083604,0.0,0.0,0.0,0.06643379725104591,0.0,0.0,0.0,67854.17409258298,69998.42465384328,71110.41032649505,83453.90087573942,2.1593296350605678e-5,0.0,0.0,0.0,-0.0027662358285782417,-0.002789448958444611,-0.002766086280777662,-0.002648052031452511,37.92105335413048,41.113128892573954,43.31047951368639,54.23381430902114,397557.49868228985,437769.9375072184,468054.47328898945,620211.6980238635,0.03964596701059618,0.04166020805969302,0.03852193404626168,0.027609806462321026,5.415568039621273e7,0.0,0.0,0.0,1.580384930701551,1.7819792953872908,1.9083365247225568,2.1390360760513287,5875.922,6271.49099999999,6600.33799999999,7451.51999999999
NPL,2.18e-6,0.0639,10.7,394.0,0.418,28.8,531000.0,2.03e7,0.0647,2.08,0.00397,16500.0,612000.0,32000.0,6.6e7,4.57e9,7.91132583083604,0.0,0.0,0.0,0.06643379725104591,0.0,0.0,0.0,4233.074869486609,6144.636369333308,9030.5689242351,24005.468866234783,4.78415633697614e-5,0.0,0.0,0.0,0.05041966024097081,0.05762981724134164,0.062247544800722206,0.07087987160144657,2.634808946570774,3.743453107101086,5.577081355490328,15.738271589140549,146547.42756155255,226736.8477175532,338851.803617217,780825.6414251158,0.03237901874091007,0.0455440140242916,0.05775508965083055,0.0812012710790114,1.833882954929267e9,0.0,0.0,0.0,1.6658649059312198,1.8783631212960017,2.0115547696540266,2.254732415116691,33389.541,34889.298,35323.925,30374.079
NZL,1.75e-6,0.0343,46.8,1930.0,0.418,28.8,431000.0,1.76e7,0.0215,1.68,0.00397,73200.0,3.04e6,5690.0,-5.77e6,-3.92e8,7.91132583083604,0.0,0.0,0.0,0.06643379725104591,0.0,0.0,0.0,46376.75301633382,51659.98833702613,57682.45536118466,87228.2208569306,3.8487881950325494e-5,0.0,0.0,0.0,0.016723841321718294,0.019146936268907278,0.020700476497292324,0.02360685831215913,29.594480332429605,32.4746261931496,36.074122609452075,55.750950542787145,243946.21744399317,286042.6626651505,330167.2788069717,529287.9694731461,0.04336089331823547,0.04438558221839169,0.04055996523719485,0.027086146379172903,-1.92366948923786e7,0.0,0.0,0.0,1.3474580066203075,1.5193401446414225,1.6270740625335538,1.823771684437398,5172.961,5433.0,5607.79300000001,5927.91300000001
OMN,3.34e-6,0.0576,27.3,1100.0,0.418,28.8,383000.0,1.56e7,0.0871,2.05,0.00397,49300.0,2.06e6,6990.0,-1.4e7,-9.57e8,7.91132583083604,0.0,0.0,0.0,0.06643379725104591,0.0,0.0,0.0,31020.20379671245,35345.31610868963,40003.05693366115,59608.58157729738,7.374114500092218e-5,0.0,0.0,0.0,0.06778672425111475,0.07751624232355053,0.08375407192189864,0.09542982865935332,14.056340994606877,16.803387775571327,20.115273013491496,35.04313515162333,196804.58744307913,245169.853861062,299808.8378593558,487591.6412160892,0.06702320858041758,0.07157731073230263,0.06867018195781413,0.04783718915370475,-1.5866877408520085e8,0.0,0.0,0.0,1.645722850733446,1.8556517396372005,1.9872329611691615,2.2274703336599093,5936.083,6437.413,6915.451,7467.288
PAK,1.74e-6,0.819,15.3,563.0,0.418,28.8,9.18e6,3.29e8,0.076,2.15,0.00397,22200.0,819000.0,354000.0,5.16e8,3.57e10,7.91132583083604,0.0,0.0,0.0,0.06643379725104591,0.0,0.0,0.0,5749.727132179266,8116.430411004416,11864.003820669357,31930.596571127964,3.8040800628327634e-5,0.0,0.0,0.0,0.05911381780412564,0.06760890095660277,0.07305559361680805,0.08325053649900654,3.9764662517750127,5.4475852503233035,7.969140546980872,22.145274546997985,1.58628024916308e6,2.618001771021012e6,4.303156623237958e6,1.3819047474180853e7,0.278682492563796,0.4181416433811774,0.5831924592691756,1.142697179278416,1.4255359535174921e10,0.0,0.0,0.0,1.7239839841610367,1.9438958861690212,2.0817343554084493,2.333396038532311,262958.797,302129.186,338013.194,399523.347
PAN,1.17e-6,0.0278,33.2,1290.0,0.418,28.8,458000.0,1.82e7,0.0643,1.7,0.00397,69900.0,2.86e6,5970.0,2.25e6,1.6e8,7.91132583083604,0.0,0.0,0.0,0.06643379725104591,0.0,0.0,0.0,36261.62289083092,45274.40645374359,55171.75368493417,88832.31645495626,2.596848741280795e-5,0.0,0.0,0.0,0.05033876117498632,0.05740016828267883,0.061906604687132084,0.07029842652877251,12.925974156186816,17.020021498246578,22.169127233401234,44.91293251624276,187545.6965830738,260537.3013795645,342907.5982633526,612936.8893799137,0.022492300542824435,0.026750567548744417,0.028515461366984025,0.029316769529884407,1.3050373339428557e8,0.0,0.0,0.0,1.3594377320653368,1.5328480073733142,1.641539745658455,1.839986129671783,4927.612,5442.241,5852.93900000001,6446.736
PER,1.23e-6,0.0976,14.7,591.0,0.418,28.8,1.55e6,6.1e7,0.0411,2.16,0.00397,36900.0,1.46e6,39800.0,5.49e7,3.81e9,7.91132583083604,0.0,0.0,0.0,0.06643379725104591,0.0,0.0,0.0,15900.383934393534,20664.36865578874,26481.958531078017,49155.31289025442,2.7292407984163372e-5,0.0,0.0,0.0,0.03191834190509343,0.0365610517812793,0.03954162900668995,0.04512681786644615,7.009424821997981,8.786752323203682,10.984415416389236,19.225243448503928,589481.5887598784,825781.7300578926,1.111459457317296e6,2.1112816561195515e6,0.07430058287714454,0.08910940853242882,0.09713866275556023,0.1061308708933166,1.667546414233989e9,0.0,0.0,0.0,1.7273821733456507,1.9477275493614203,2.0858377155537764,2.3379954554958164,36030.592,38552.118,40373.987,41096.678
PHL,1.64e-6,0.428,20.6,758.0,0.418,28.8,4.86e6,1.82e8,0.0604,1.54,0.00397,30800.0,1.17e6,144000.0,2.06e8,1.43e10,7.91132583083604,0.0,0.0,0.0,0.06643379725104591,0.0,0.0,0.0,10035.118624478015,13328.392462809084,18214.53108167227,43206.574843014736,3.583226532686284e-5,0.0,0.0,0.0,0.04734914662412653,0.053937636536078144,0.05813573353420428,0.0659400026030849,5.807567920362689,7.6276700799297625,10.626025000152325,29.253902962454482,1.2938097824241763e6,1.9050781157287403e6,2.784784991328866e6,7.046975407435914e6,0.21410401740826948,0.28660970388262164,0.35550116845802826,0.5488838074596676,6.049119887155505e9,0.0,0.0,0.0,1.2351630436390293,1.392720803288876,1.491476351345298,1.67178151273336,123697.926,135618.864,144488.171,153010.12
PNG,1.93e-6,0.0353,9.11,333.0,0.418,28.8,361000.0,1.28e7,0.0489,1.54,0.00397,19600.0,725000.0,15700.0,2.1e7,1.45e9,7.91132583083604,0.0,0.0,0.0,0.06643379725104591,0.0,0.0,0.0,5322.558353801087,7570.856987112816,10644.940476536427,27533.493448586287,4.229079309929821e-5,0.0,0.0,0.0,0.03840734942336544,0.04373913452648022,0.04713451463266861,0.05344226982207651,2.3199789771407753,3.2732653697098355,4.666546612350999,12.847453760838686,58590.78923302573,98716.52959598758,158328.17656391254,531394.9428396106,0.011443405788381681,0.0175282898426284,0.0238549844313431,0.04885023356403969,5.798275260576092e8,0.0,0.0,0.0,1.2335848606858333,1.39094130685589,1.4895706737386774,1.6696454570130634,10709.351,12492.601,14204.06,18320.839
POL,1.18e-6,0.0362,40.2,1670.0,0.418,28.8,2.03e6,8.81e7,0.00735,1.71,0.00397,69400.0,2.87e6,30400.0,1.45e7,1.02e9,7.91132583083604,0.0,0.0,0.0,0.06643379725104591,0.0,0.0,0.0,40089.44303386736,47714.651089861945,56061.47746393017,85924.88219384324,2.917690804995051e-5,0.0,0.0,0.0,0.00542296677217034,0.006369348193129187,0.00699236473421261,0.00818947728842034,24.40404073907414,28.137879825652952,32.44994251118239,49.1242190037948,1.488432830869129e6,1.6942164615282675e6,1.879594503036496e6,2.2884541629317165e6,0.20056198912179948,0.04766342641584896,0.0,0.0,7.25862568520395e8,0.0,0.0,0.0,1.3670565941249377,1.5414387337089506,1.6507396263094969,1.8502981875048774,36944.572,35282.532,33294.573,26416.855
PRT,9.24e-7,0.00734,41.5,1710.0,0.418,28.8,554000.0,2.37e7,0.0234,1.33,0.00397,66600.0,2.74e6,8450.0,8.38e6,5.84e8,7.91132583083604,0.0,0.0,0.0,0.06643379725104591,0.0,0.0,0.0,39385.56795386229,44915.53777103299,51487.91583404618,82291.44229686235,2.268253719075075e-5,0.0,0.0,0.0,0.018363829609921587,0.02091246083525446,0.02253466045261729,0.025546216687467704,24.927685761674127,27.91871220421615,31.71497407274008,51.11536518945335,397298.6256647756,438293.1420588878,478286.5371053072,637411.2666095842,0.04161872918288419,0.0098670754025594,0.0,0.0,2.912326662812353e8,0.0,0.0,0.0,1.0687784459659144,1.2051121375992977,1.2905646628556318,1.4465815313819248,9912.683,9558.276,9084.579,7552.83200000001
PRY,1.15e-6,0.0292,22.4,845.0,0.418,28.8,531000.0,1.99e7,0.0584,1.79,0.00397,54900.0,2.07e6,8960.0,1.21e7,8.42e8,7.91132583083604,0.0,0.0,0.0,0.06643379725104591,0.0,0.0,0.0,16657.44783148218,23539.23632916592,32864.546126892245,77500.51076162243,2.5330645611804008e-5,0.0,0.0,0.0,0.04567496258050746,0.05210481081257248,0.05621052713044206,0.06386063905193419,6.843060807824723,9.520415149734088,13.331754230285814,31.5871959913489,138091.53034211745,213327.2628762233,315934.719331756,770772.8467807765,0.01615449633480142,0.021365302995576853,0.025627146644678668,0.03596055323593906,3.6983092151935846e8,0.0,0.0,0.0,1.4354254436516036,1.6185287337078023,1.733295951778305,1.942834779555742,7949.969,8613.80400000001,9101.631,9348.396
PSE,8.03e-7,0.00972,20.3,752.0,0.418,28.8,353000.0,1.25e7,0.0479,1.88,0.00397,30800.0,1.14e6,9730.0,1.36e7,9.45e8,7.91132583083604,0.0,0.0,0.0,0.06643379725104591,0.0,0.0,0.0,7947.8576350824815,11075.959499578195,16627.502698772183,45635.581079638134,1.7726987313943867e-5,0.0,0.0,0.0,0.037440371427530685,0.04274532974382654,0.046136085446683496,0.05246033672189223,5.4142620882460015,7.218960704260279,10.758383991601674,30.192019742136313,51914.206703664604,87766.59681621245,153347.18422634443,554065.1128812763,0.004250120824128257,0.006159743458119303,0.00844354126499998,0.013067582896522436,3.633409860063441e8,0.0,0.0,0.0,1.5065605007054799,1.698737799476311,1.8191925108551334,2.0391154073662494,6341.724,7599.231,8815.77700000001,11535.9
PYF,1.41e-6,0.000726,16.5,677.0,0.418,28.8,8390.0,354000.0,0.0435,1.23,0.00397,27600.0,1.15e6,295.0,379000.0,2.64e7,7.91132583083604,0.0,0.0,0.0,0.06643379725104591,0.0,0.0,0.0,18266.785681553134,19719.193668193762,21716.561316000065,32381.29133247834,3.081873459800509e-5,0.0,0.0,0.0,0.03428079239964935,0.03896267159992832,0.04193505166034016,0.04743849865894792,10.088060484920476,10.935135027984213,12.241320535938634,19.985294969521668,5592.931828190829,6300.338374234507,7029.176732798429,9778.491394830498,0.000796039190225383,0.0008152344330852736,0.0007717814984726828,0.0006550735413733012,1.2274125625193419e7,0.0,0.0,0.0,0.9873975092232241,1.113350224727652,1.1922960632346067,1.3364332021908896,296.695,307.521,310.651,288.303
QAT,1.53e-6,0.0354,44.7,1850.0,0.418,28.8,452000.0,1.98e7,0.086,2.07,0.00397,107000.0,4.8e6,3890.0,-1.51e7,-1.03e9,7.91132583083604,0.0,0.0,0.0,0.06643379725104591,0.0,0.0,0.0,100741.16514029705,101721.05473268844,101792.6409659314,108942.75069017148,3.365920939725527e-5,0.0,0.0,0.0,0.0669182611471402,0.07652469099859671,0.08268369726461773,0.09421204344688876,25.67819230536331,31.628865365412,36.740309111089644,54.67813195357122,357841.9162747747,397360.4127087807,424429.0911200521,492262.8788384888,0.05562566837767425,0.052952557592716026,0.04437342433265707,0.022044513691501032,-2.3182368164856377e8,0.0,0.0,0.0,1.6565996218827974,1.8679159549003808,2.000366811822965,2.242191940673138,3326.888,3628.689,3851.121,4129.498
ROU,1.07e-6,0.0138,46.9,1920.0,0.418,28.8,1.01e6,4.28e7,0.0156,2.09,0.00397,69300.0,2.82e6,15100.0,1.4e7,9.77e8,7.91132583083604,0.0,0.0,0.0,0.06643379725104591,0.0,0.0,0.0,35545.74376781254,43768.011201660105,53492.94329976209,88771.49348893558,2.6502232639546768e-5,0.0,0.0,0.0,0.011773929446058611,0.0136766024782206,0.014916881342822636,0.017277163504658147,24.993217037594732,30.217744320267446,36.47361044182065,59.60268458257332,657867.570260185,767835.3309189295,882758.1638785782,1.197113718812793e6,0.08051949841573179,0.01912408160930988,0.0,0.0,5.08867878300497e8,0.0,0.0,0.0,1.6738617079658449,1.887379997740582,2.0212110180193386,2.265556011136118,18306.092,17306.604,16259.784,13256.308
RUS,2.58e-6,1.19,31.7,1340.0,0.418,28.8,8.39e6,3.53e8,-0.00801,2.39,0.00397,64500.0,2.67e6,133000.0,-2.35e8,-1.6e10,7.91132583083604,0.0,0.0,0.0,0.06643379725104591,0.0,0.0,0.0,36663.58895209242,44757.66955969926,53076.95006816398,79955.29077217607,5.663866192492375e-5,0.0,0.0,0.0,-0.00730464923679002,-0.007751114317553541,-0.007975652293628639,-0.00827589568507023,19.897747248059385,23.5630776601065,27.221423594561195,38.336229353752486,5.219353962220478e6,6.174478042107574e6,7.151651792018664e6,1.0082197539876377e7,1.3652426774171433,1.4459110070862597,1.38207434920141,1.0146208750597767,-1.8279321003199956e9,0.0,0.0,0.0,1.9152152297717626,2.1595206454851983,2.3126487127765243,2.5922257231762877,143347.514,139031.166,135824.486,127150.223
RWA,4.73e-7,0.0046,4.84,175.0,0.418,28.8,424000.0,1.46e7,0.0568,2.04,0.00397,13500.0,484000.0,25800.0,3.88e7,2.68e9,7.91132583083604,0.0,0.0,0.0,0.06643379725104591,0.0,0.0,0.0,2770.2678719591413,4080.8916326142235,6357.578100257326,19856.948865639886,1.064333455731794e-5,0.0,0.0,0.0,0.04425187053467681,0.0505684204264239,0.0546118514053217,0.06216618387495466,1.1564719696103642,1.532964613809851,2.3458986802662554,7.084427326660116,45921.73903306726,84175.39881057458,154531.71185851906,652969.3076110766,0.002257231803155238,0.003132914142952108,0.004054268237737027,0.005900171029657894,9.983463944441128e8,0.0,0.0,0.0,1.6313141287101163,1.8394050368119803,1.9698342312916954,2.207968264500078,16234.39,19633.864,23048.001,30959.061
SAU,2.68e-6,0.458,41.8,1730.0,0.418,28.8,3.57e6,1.5e8,0.0917,2.22,0.00397,75100.0,3.19e6,43300.0,-1.61e8,-1.1e10,7.91132583083604,0.0,0.0,0.0,0.06643379725104591,0.0,0.0,0.0,52717.916985395685,57824.04621538258,63421.7833414176,87552.6553497606,5.9225596216187555e-5,0.0,0.0,0.0,0.07123296626417766,0.08154564946723081,0.08816857792680928,0.10058845164101919,24.73814017455177,28.199475674642024,32.478539154014776,51.82838360934937,2.2233056532291416e6,2.6562354401099775e6,3.075417079844762e6,4.260453300810737e6,0.6081192263332303,0.6228370522175459,0.5657536360529369,0.33571038437117123,-2.3496175689054575e9,0.0,0.0,0.0,1.7790319504867815,2.005965787203897,2.148205531329168,2.4079029409942048,39322.336,42473.029,44562.4840000001,44214.176
SDN,3.16e-7,0.045,20.1,788.0,0.418,28.8,3.93e6,1.43e8,0.106,2.31,0.00397,32200.0,1.27e6,97300.0,1.24e8,8.61e9,7.91132583083604,0.0,0.0,0.0,0.06643379725104591,0.0,0.0,0.0,13415.829931011682,17272.950749201453,22622.49305554178,43438.371067861735,6.973780497760241e-6,0.0,0.0,0.0,0.08239021500326528,0.09443135250054539,0.10217990849372112,0.11674384059008693,8.244881550392737,10.25559198431651,13.4125776324537,27.61125417022669,798827.8184792054,1.2839500094658616e6,2.024466453262034e6,5.865390855348676e6,0.02572773623909325,0.035449884198170384,0.04385233758529986,0.05442077922886669,3.255096637532546e9,0.0,0.0,0.0,1.854277541682897,2.090809728053884,2.2390656168781655,2.5097471379398515,55253.531,67919.2769999999,81192.8209999999,120912.127
SEN,1.95e-6,0.044,11.0,389.0,0.418,28.8,1.05e6,3.53e7,0.0906,2.08,0.00397,18900.0,679000.0,41200.0,4.5e7,3.12e9,7.91132583083604,0.0,0.0,0.0,0.06643379725104591,0.0,0.0,0.0,3977.3232742637533,5693.581068634599,8734.078027284673,27862.160992347468,4.3949748900681244e-5,0.0,0.0,0.0,0.07047615021909967,0.08061559696015841,0.08711946397116056,0.09929998398555176,2.241651634389536,3.0361900203217735,4.640066968501794,16.278052039168443,90473.53149656151,166660.79788819156,315108.6835448565,1.6023567569796327e6,0.018363610027892004,0.025613884783464533,0.03413767339890988,0.05978740905481314,1.203749724772582e9,0.0,0.0,0.0,1.665807708555224,1.8782986278059697,2.0114857030363873,2.254654999008543,21551.461,27087.986,33186.85,52315.237
SGP,2.67e-6,0.124,36.4,1580.0,0.418,28.8,696000.0,3.16e7,0.0608,1.51,0.00397,107000.0,4.82e6,6130.0,-5.67e7,-3.9e9,7.91132583083604,0.0,0.0,0.0,0.06643379725104591,0.0,0.0,0.0,96513.51798210462,102008.47569373915,104795.80068501241,111273.05709664573,5.852201418862576e-5,0.0,0.0,0.0,0.047739812979644955,0.054374443000426494,0.05860098602185619,0.06645621572112291,26.196307927435335,30.583587771683693,33.97848571642383,40.89704216080338,634314.5143073488,693245.4056386014,710831.53605985,701936.6697728876,0.17143679330684108,0.17033743458335757,0.14820438370620898,0.08929365371274241,-9.642885324591233e8,0.0,0.0,0.0,1.2093704631588924,1.363638113687545,1.4603314559208385,1.6368714986793922,6262.46500000001,6445.48900000001,6407.52800000001,5915.13800000001
SLB,1.03e-6,0.00165,9.05,329.0,0.418,28.8,32600.0,1.12e6,0.0598,1.42,0.00397,16200.0,600000.0,1590.0,1.93e6,1.34e8,7.91132583083604,0.0,0.0,0.0,0.06643379725104591,0.0,0.0,0.0,4567.787130026815,6387.222312530112,8939.654945113936,22703.610470429583,2.2493785177861557e-5,0.0,0.0,0.0,0.04699247260507486,0.053495865252906415,0.05763550696909246,0.06532251436447742,2.2247455889158214,3.1320556960374293,4.457793981602726,12.870345455892314,4081.8512649074064,7184.150129222629,12198.839819954448,48298.88822078837,0.0004240331787786078,0.0006784873884445864,0.0009775886923872477,0.00236158224435596,5.076582312933264e7,0.0,0.0,0.0,1.1359707620186867,1.2808755251696962,1.3717003079843701,1.537525696488916,864.602999999999,1067.654,1290.214,1996.922
SLE,4.7e-7,0.00203,7.35,260.0,0.418,28.8,191000.0,6.53e6,0.0896,2.09,0.00397,11100.0,393000.0,14000.0,2.31e7,1.6e9,7.91132583083604,0.0,0.0,0.0,0.06643379725104591,0.0,0.0,0.0,1968.000619470543,2910.8755709321003,4774.0759533597975,16501.66490917274,1.0562107999277978e-5,0.0,0.0,0.0,0.06971662528192096,0.07974891562265474,0.08618421738727694,0.09823662191029889,1.3686931122192616,1.8979835475078042,3.0903630333477787,10.936450751187305,19674.684516661437,35637.60066987219,67125.98527275062,293675.8210788766,0.0009597066446812483,0.0013162690141893037,0.0017476659578609247,0.0026333762510729565,5.963739087238129e8,0.0,0.0,0.0,1.6773321173785414,1.8912930935945127,2.025401585082674,2.270253177496171,9648.679,11338.668,12944.875,16204.831
SLV,1.01e-6,0.00777,14.6,563.0,0.418,28.8,149000.0,5.9e6,0.0684,2.07,0.00397,23000.0,887000.0,6350.0,1.35e7,9.34e8,7.91132583083604,0.0,0.0,0.0,0.06643379725104591,0.0,0.0,0.0,8979.193277630628,10765.92214404447,14111.08328054607,31906.5841525349,2.2399501956501402e-5,0.0,0.0,0.0,0.053309977748799704,0.06093208749500718,0.06581382579275619,0.07494025453030881,5.857796195807088,6.696390356732956,8.70238988143917,20.40815586963059,63720.49346241047,79170.93910157461,104327.87870298923,205975.86775351627,0.006591702724281268,0.0070116558983943375,0.007483338306688389,0.008497837110733208,3.721620560886436e8,0.0,0.0,0.0,1.6600892175456423,1.8718506844081486,2.004580546547052,2.246915075441542,6778.59200000001,6931.496,6936.792,6005.535
SRB,3.11e-6,0.0359,21.0,866.0,0.418,28.8,185000.0,8.0e6,0.0208,2.21,0.00397,30800.0,1.25e6,6330.0,1.63e6,1.21e8,7.91132583083604,0.0,0.0,0.0,0.06643379725104591,0.0,0.0,0.0,16258.1460280705,19202.309936333528,23030.290101250743,39662.429056210196,6.758424300006589e-5,0.0,0.0,0.0,0.015848186631414362,0.018336656790096734,0.01995248471845241,0.02301557983727927,12.418662310455542,13.976005814251394,16.169973670244612,26.339682260661203,136088.52556224287,150179.069383227,166397.761357083,213551.77121359148,0.042476339479390175,0.044731289442165936,0.04286330661129317,0.029754530056704493,1.8039808100840735e8,0.0,0.0,0.0,1.7719533887795669,1.9979842820918614,2.1396580707795514,2.3983221745846146,8250.434,7680.059,7083.83,5263.1
STP,1.16e-6,0.000241,9.56,364.0,0.418,28.8,8350.0,296000.0,0.0702,1.77,0.00397,14000.0,535000.0,478.0,593000.0,4.1e7,7.91132583083604,0.0,0.0,0.0,0.06643379725104591,0.0,0.0,0.0,4521.449256823557,6043.568749608315,8609.620160860926,20132.308756724557,2.6105092328208892e-5,0.0,0.0,0.0,0.054883551761629595,0.0626224049017028,0.06756631597512477,0.07678348515018638,3.126725336497754,4.030871030541158,5.734465045741739,13.809965901516497,1262.9990742644475,2108.1924099971043,3622.8863364655035,12940.829267083156,0.0001522679098908873,0.00019245140047116142,0.00023312942471840842,0.00028680152748789364,1.558617263145824e7,0.0,0.0,0.0,1.420909294722272,1.602160900568983,1.71576750243536,1.9231873090933458,268.242,328.275000000001,394.163000000001,596.953000000001
SUR,2.15e-6,0.00362,14.9,575.0,0.418,28.8,33100.0,1.3e6,0.0691,1.6,0.00397,47000.0,1.84e6,659.0,347000.0,2.45e7,7.91132583083604,0.0,0.0,0.0,0.06643379725104591,0.0,0.0,0.0,18749.219645195284,24495.623202055063,32056.77341673617,63827.90953508668,4.74891807267619e-5,0.0,0.0,0.0,0.0541640055130399,0.061743979453901573,0.066579483879881,0.07558045890701982,5.2555966375532694,7.089268263901422,9.677268246120954,20.676944284978987,12480.901346146535,17263.279533121055,23257.946571722114,45587.50280587185,0.0027372896058683004,0.003241413348532456,0.0035368992261015867,0.003987440165708656,1.792991036840172e7,0.0,0.0,0.0,1.284059193031557,1.447854159820547,1.5505191237682354,1.737961989083627,632.399,663.766,680.234000000001,664.037000000001
SVK,1.23e-6,0.00522,33.1,1460.0,0.418,28.8,318000.0,1.35e7,0.00912,2.01,0.00397,70400.0,2.88e6,4650.0,2.27e6,1.6e8,7.91132583083604,0.0,0.0,0.0,0.06643379725104591,0.0,0.0,0.0,38083.13321711307,45408.06721177321,54519.739239165996,89763.58913318957,3.0327887394688296e-5,0.0,0.0,0.0,0.006656832517952405,0.007859745327776495,0.008655332779055823,0.010191184898390333,26.281907812441073,28.524925985340214,31.168579652950292,37.5201781115904,207045.21188029,238743.82184222777,274058.8505710556,377906.5281645608,0.028999297076998665,0.006888312289319413,0.0,0.0,1.0880745390508899e8,0.0,0.0,0.0,1.6079016742284067,1.8130060827786212,1.9415633707229243,2.1762797285033098,5403.406,5216.738,4983.647,4167.548
SVN,1.33e-6,0.00261,52.3,2190.0,0.418,28.8,137000.0,5.84e6,0.0131,2.09,0.00397,74500.0,3.1e6,1850.0,-325000.0,-2.12e7,7.91132583083604,0.0,0.0,0.0,0.06643379725104591,0.0,0.0,0.0,45671.3602298255,52405.746681108234,60232.16100027502,91367.19536481175,3.267337291199945e-5,0.0,0.0,0.0,0.009737667439928903,0.011372392325121484,0.012443539850347898,0.014492526307924577,33.476063287589106,37.61863001372279,42.60374889076472,63.34272758192353,94811.37684840054,106296.02030907982,118279.91022590878,159461.2632712722,0.014306537699127706,0.003396177574245558,0.0,0.0,1.5525797058004241e7,0.0,0.0,0.0,1.6735091097536396,1.8869824219971452,2.020785250831971,2.2650787727863926,2056.201,2005.52,1939.598,1720.347
SWE,4.51e-7,0.00687,60.0,2550.0,0.418,28.8,1.08e6,4.51e7,-0.00072,1.41,0.00397,90700.0,3.86e6,11800.0,1.3e7,8.99e8,7.91132583083604,0.0,0.0,0.0,0.06643379725104591,0.0,0.0,0.0,62984.93216092276,69953.42098508445,77158.75132463944,105912.69546313175,1.1139092481553343e-5,0.0,0.0,0.0,-0.0008878596494335631,-0.0008314044472069313,-0.000776447003611366,-0.000637182804213824,41.63036712237593,46.128233990665095,50.846316518322766,70.15105479819391,668548.1757535316,769437.7914037954,878093.9730469981,1.3103863471445325e6,0.03439241229071115,0.008176061777399218,0.0,0.0,3.9330173134599864e8,0.0,0.0,0.0,1.1331469031198496,1.2776914540025601,1.3682904595527468,1.5337036301423266,10629.973,11008.44,11389.198,12380.214
SWZ,7.38e-7,0.00132,11.7,442.0,0.418,28.8,69400.0,2.49e6,0.0681,2.39,0.00397,32700.0,1.22e6,1810.0,2.73e6,1.89e8,7.91132583083604,0.0,0.0,0.0,0.06643379725104591,0.0,0.0,0.0,9756.956280316459,12589.00181196781,17734.563005612865,47034.776593491544,1.6594165814705683e-5,0.0,0.0,0.0,0.052822390936985576,0.060512133222940585,0.06545330887042679,0.07472358381857325,3.933743415836321,4.759834053088592,6.553781728893825,16.647960721418524,13254.976129881865,20124.63246945184,32205.76162533668,104788.6701393121,0.0010158147063889997,0.001167801368720123,0.0013173650859033693,0.0014762634697543862,7.32026610811534e7,0.0,0.0,0.0,1.9188027487999573,2.1635657894914835,2.316980691310135,2.597081396294749,1297.837,1507.374,1704.428,2072.996
SYR,2.12e-6,0.0694,13.6,503.0,0.418,28.8,866000.0,3.23e7,0.0484,2.06,0.00397,23400.0,892000.0,33500.0,4.55e7,3.15e9,7.91132583083604,0.0,0.0,0.0,0.06643379725104591,0.0,0.0,0.0,7344.2010598290535,10530.154146548084,14619.531990588901,32869.57452593513,4.6722098077853724e-5,0.0,0.0,0.0,0.03769532193223881,0.04310175614886959,0.04656487687865707,0.053039211254805284,3.4870415042406386,5.1422281603316335,7.472847781300894,19.708315069156864,201937.6400035364,331204.27745093853,506888.2368617276,1.26076347733447e6,0.04357322792183226,0.06126560211164142,0.07356113814133922,0.07837101666585618,1.3251182261822062e9,0.0,0.0,0.0,1.6517076003111861,1.8623999056241265,1.9944596285390215,2.2355706356839464,26676.568,30153.278,33129.325,36424.617
TCD,5.71e-7,0.00727,5.44,191.0,0.418,28.8,614000.0,2.04e7,0.102,2.24,0.00397,10800.0,379000.0,41500.0,5.24e7,3.63e9,7.91132583083604,0.0,0.0,0.0,0.06643379725104591,0.0,0.0,0.0,1923.4755034178804,2811.1984420522995,4527.077632947,15910.061427591148,1.2846540023628701e-5,0.0,0.0,0.0,0.07913846775753973,0.09065032075445313,0.09805118726196463,0.11194670054843542,1.030087598420504,1.388616714144978,2.1979254648489137,7.992916527775444,43580.09533732303,84753.98035192184,169168.3818198551,933778.5798290413,0.0025855591101247495,0.0038074295349549963,0.005357010763865496,0.010184136242396412,1.337270517504732e9,0.0,0.0,0.0,1.7950248287703736,2.0239987217259685,2.167517151663635,2.429549150689026,21690.376,27642.866,34031.31,52782.2719999999
TGO,2.76e-6,0.0237,7.32,255.0,0.418,28.8,424000.0,1.39e7,0.0979,2.24,0.00397,16800.0,584000.0,18500.0,2.18e7,1.51e9,7.91132583083604,0.0,0.0,0.0,0.06643379725104591,0.0,0.0,0.0,2743.764791593239,3986.998495200331,6359.779384494047,24626.45658796101,6.216729703245655e-5,0.0,0.0,0.0,0.07597114337904609,0.0870050616841815,0.09409613806780451,0.107404531999326,1.3319447685488393,1.7792790965137393,2.7834936369517638,10.629798443523784,30141.320099886965,55688.79507701836,107264.32202552304,627723.8372207083,0.00865375060438279,0.012106410708651611,0.016437449321623145,0.033130250912723654,5.83905370728669e8,0.0,0.0,0.0,1.7971583349280422,2.026404378554055,2.1700933896720502,2.432436831121226,10421.919,12849.617,15415.505,23017.619
THA,1.86e-6,0.412,42.5,1620.0,0.418,28.8,3.76e6,1.53e8,0.0811,1.86,0.00397,61700.0,2.41e6,60000.0,2.73e7,1.95e9,7.91132583083604,0.0,0.0,0.0,0.06643379725104591,0.0,0.0,0.0,23112.469455696366,31553.010307756693,42297.3506722656,84553.1925756364,4.066958571783219e-5,0.0,0.0,0.0,0.06330796444625761,0.07230172406675084,0.07805620400811449,0.08880316929083841,12.658807917346126,18.359234537606195,26.446197568720077,60.798783298787804,1.7269057025635133e6,2.334850623234028e6,3.0068153967414247e6,4.89988157233058e6,0.324353428377801,0.39868756141535805,0.435663936718374,0.43317035765334055,1.8372675493839912e9,0.0,0.0,0.0,1.488530320823367,1.678407684567046,1.7974208208396634,2.0147117292013266,70345.543,69008.295,65940.494,53223.839
TJK,3.24e-6,0.0507,11.4,433.0,0.418,28.8,367000.0,1.3e7,0.0217,2.11,0.00397,16900.0,632000.0,18600.0,1.99e7,1.38e9,7.91132583083604,0.0,0.0,0.0,0.06643379725104591,0.0,0.0,0.0,4900.954255118112,6743.414999371003,9443.460440525967,24625.0308005855,7.113566383606422e-5,0.0,0.0,0.0,0.01659277591745279,0.01914182662225047,0.020791543820233904,0.023908307712268127,3.9037101659533953,5.033943568084548,6.7291215470678925,16.26979115625052,57001.18378498093,95155.74505014553,156244.3237342739,567148.99202057,0.01872627446448602,0.02798663806505245,0.03792308840503537,0.07168365807445923,5.752924655719112e8,0.0,0.0,0.0,1.6908550013044523,1.906540960555128,2.0417306532824977,2.2885562731584015,11557.365,13845.878,16208.246,22493.6180000001
TKM,3.04e-6,0.102,30.9,1280.0,0.418,28.8,630000.0,2.6e7,0.0395,2.12,0.00397,74000.0,3.12e6,8010.0,-2.25e7,-1.54e9,7.91132583083604,0.0,0.0,0.0,0.06643379725104591,0.0,0.0,0.0,40952.99319631146,55015.50637778513,67081.78468967509,90107.94208982235,6.661770003266141e-5,0.0,0.0,0.0,0.030611226699094194,0.03505904577984148,0.037913827795220574,0.043261848371137765,14.441799215741536,21.227190270298596,27.38006708037068,39.087288997999536,286560.83890488214,421873.13800307584,553469.2312036023,804050.4473202688,0.08816304776842547,0.11619831667683583,0.12580421093499944,0.09517185601966972,-2.729395721658007e8,0.0,0.0,0.0,1.6962451487045407,1.9126186767364506,2.048239330350597,2.2958517867513493,6782.36,7408.523,7949.276,8553.16600000001
TLS,1.62e-6,0.00365,11.7,420.0,0.418,28.8,44400.0,1.57e6,0.0606,1.55,0.00397,18200.0,660000.0,2120.0,3.35e6,2.32e8,7.91132583083604,0.0,0.0,0.0,0.06643379725104591,0.0,0.0,0.0,3965.236583799975,6115.160211009465,9213.384918676458,26350.172889177356,3.550453920566602e-5,0.0,0.0,0.0,0.0475689815418635,0.054191329261766404,0.05841140221382531,0.06625734863312238,2.3037208736614683,3.556769681563802,5.518899544580708,17.197215023069152,6444.1885074688935,11663.61838876324,19691.278994031774,67301.9895583724,0.0010566526273352137,0.001738685448698105,0.0024907658556974255,0.0051941582986311935,9.016990688160947e7,0.0,0.0,0.0,1.2425187248868073,1.4010147773912427,1.5003584375488914,1.6817373578235475,1574.059,1809.281,2019.297,2395.424
TON,2.56e-6,0.00034,10.8,405.0,0.418,28.8,2460.0,92100.0,0.0504,1.45,0.00397,16700.0,634000.0,136.0,201000.0,1.39e7,7.91132583083604,0.0,0.0,0.0,0.06643379725104591,0.0,0.0,0.0,5798.277933011016,7560.265380446604,10056.267124248963,22849.022855760086,5.609485214822485e-5,0.0,0.0,0.0,0.039569710020284525,0.04503925839110712,0.04851967988851442,0.054980037940437265,3.504692711078493,4.532190962766926,6.152137576148929,14.994292459168902,690.8875275303441,993.79097271785,1414.7461396823587,3518.9103978966814,0.00017898246326779956,0.00023405713898672152,0.000282733079074049,0.0004290763859309176,5.8210835903883735e6,0.0,0.0,0.0,1.1637367491470054,1.3121833497493003,1.4052281190591225,1.5751066978012263,115.616,125.784,134.173,145.981
TUN,1.66e-6,0.0295,18.2,728.0,0.418,28.8,410000.0,1.64e7,0.0485,1.92,0.00397,28800.0,1.16e6,13500.0,1.84e7,1.28e9,7.91132583083604,0.0,0.0,0.0,0.06643379725104591,0.0,0.0,0.0,12871.035277768031,16524.312527540074,21507.190600237318,38576.960667459076,3.660740241046162e-5,0.0,0.0,0.0,0.0378198673274082,0.04319085750064927,0.046625256865628496,0.053033823754715055,8.125501069520709,10.104354783335442,13.180286428608396,24.670927467360926,169802.41417946378,230182.2738094785,310561.0367385397,553042.612872974,0.02870733613460992,0.033361012388321835,0.03531260622480334,0.026935623537768284,5.713437389091631e8,0.0,0.0,0.0,1.536715119797194,1.7327389506122381,1.8556046278551792,2.0799293994789996,12755.764,13353.18,13796.6,13614.079
TUR,1.46e-6,0.502,29.8,1220.0,0.418,28.8,5.94e6,2.42e8,0.0262,2.02,0.00397,62000.0,2.52e6,93500.0,2.86e7,2.06e9,7.91132583083604,0.0,0.0,0.0,0.06643379725104591,0.0,0.0,0.0,32237.484486978537,39138.96216278727,47257.01889415638,79128.30370307124,3.171871229288711e-5,0.0,0.0,0.0,0.020184630534739994,0.023179934573223135,0.02510824813098407,0.02873160910278398,16.290763765809224,19.58251310171709,23.394081546451574,37.596882948109396,2.9301014522988214e6,3.769612349353575e6,4.7057863309272295e6,7.643350481630847e6,0.4292183947358086,0.5269492541936166,0.5689059677633679,0.49980867054527117,2.18521334565898e9,0.0,0.0,0.0,1.6163477299932558,1.822529519890848,1.9517620991420506,2.1877113852031322,89157.785,94131.585,97139.5649999999,93896.593
TWN,1.74e-6,0.146,49.4,2060.0,0.418,28.8,1.7e6,7.56e7,0.0397,1.44,0.00397,82300.0,3.51e6,20500.0,-4.38e7,-2.99e9,7.91132583083604,0.0,0.0,0.0,0.06643379725104591,0.0,0.0,0.0,55349.732552860114,63446.95963247367,71885.05149018869,97231.67984180324,3.876480212416108e-5,0.0,0.0,0.0,0.031208417207861855,0.035517797252023885,0.038259061365745785,0.04334532398166615,29.599792164123254,34.636354202472866,40.75655105776435,61.10116646888823,1.3709987948873155e6,1.5500876749161293e6,1.672799547973764e6,1.8343613777677591e6,0.24544532535011251,0.22462979687338314,0.1828838636255157,0.08526434781588577,-4.387948985547286e8,0.0,0.0,0.0,1.150489354021498,1.2972461130211639,1.3892317073721197,1.5571764736281903,24011.257,23593.256,22412.979,18082.107
TZA,1.07e-6,0.0765,8.92,318.0,0.418,28.8,3.43e6,1.14e8,0.0658,1.99,0.00397,14800.0,534000.0,170000.0,1.83e8,1.27e10,7.91132583083604,0.0,0.0,0.0,0.06643379725104591,0.0,0.0,0.0,3074.9442854077743,4566.012319262493,7071.116722337975,21866.231801045524,2.4006373373487405e-5,0.0,0.0,0.0,0.05129497987014799,0.05859775886570894,0.0632710930162068,0.07199990112797286,1.7734089519477287,2.520727952743132,3.922936497201973,13.308981280391077,250935.217971257,495859.220513746,972796.8063512371,5.223347379770844e6,0.027820715464341374,0.04162656231442594,0.05756597201670754,0.10645586303339731,4.7351526039307165e9,0.0,0.0,0.0,1.5982200777046642,1.8020894989663823,1.9298727098560915,2.1631757790567243,79162.7229999999,102586.531,129386.845,222833.364
UGA,6.12e-7,0.0242,7.54,265.0,0.418,28.8,1.83e6,6.16e7,0.0624,1.9,0.00397,14200.0,500000.0,102000.0,1.42e8,9.83e9,7.91132583083604,0.0,0.0,0.0,0.06643379725104591,0.0,0.0,0.0,2518.0180276041115,3714.140843667808,6013.398591146452,21087.080791182954,1.3756283994682377e-5,0.0,0.0,0.0,0.04872424347930393,0.055626653051545946,0.06003949615637247,0.06827293811419305,1.3830480934081855,1.9150871953883386,3.0456353384793267,11.14594993542077,153139.0921388471,291917.63114657253,570173.9047505587,2.830376865718086e6,0.009728980252609655,0.014042584830541745,0.019334173866872882,0.03305517935878068,3.6435931723003025e9,0.0,0.0,0.0,1.5265871666123376,1.721319072752447,1.8433749851853,2.0662213105076943,59437.922,74454.6129999999,89446.9009999999,125645.106
UKR,3.53e-6,0.259,32.8,1300.0,0.418,28.8,1.37e6,5.65e7,0.0104,2.08,0.00397,45400.0,1.78e6,32300.0,-1.81e7,-1.21e9,7.91132583083604,0.0,0.0,0.0,0.06643379725104591,0.0,0.0,0.0,18307.177581672993,24297.01764764195,31228.81212536133,61558.33220215436,7.751328835152891e-5,0.0,0.0,0.0,0.007632284231719501,0.008986734111582012,0.009880604740837339,0.011602580151658094,14.557580833706966,18.573848925045727,23.193152819564677,43.671540997345026,753783.3418645086,931645.0456954649,1.1107161437232385e6,1.7126714690832808e6,0.26983781878354585,0.2985760503848981,0.29375908493940606,0.23587712773103586,4.242860771675452e8,0.0,0.0,0.0,1.6631393332905615,1.8752898738109276,2.008263603230006,2.251043378292176,40882.333,38002.49,35219.046,27502.824
URY,9.74e-7,0.00967,30.8,1230.0,0.418,28.8,186000.0,7.58e6,0.0345,1.49,0.00397,51700.0,2.09e6,3510.0,4.56e6,3.17e8,7.91132583083604,0.0,0.0,0.0,0.06643379725104591,0.0,0.0,0.0,25905.96489748246,31845.85414932136,38964.88688954533,66748.63186418983,2.1533550549086807e-5,0.0,0.0,0.0,0.027085083528952322,0.030845238049998207,0.033239231942479255,0.03768523893932563,14.511188992474757,17.562135576084465,21.739065642740172,40.85371559886956,94824.34564795074,118984.60149669141,146510.58879650157,238368.97224638236,0.009430085258397357,0.010130312453617193,0.010102789357079322,0.009454075516886934,1.4882929725315675e8,0.0,0.0,0.0,1.1906169877623272,1.3424924394761366,1.437686376630653,1.6114888468676043,3569.471,3624.469,3639.106,3441.452
USA,2.38e-6,4.95,40.2,1800.0,0.418,28.8,3.3e7,1.42e9,0.0305,1.98,0.00397,80900.0,3.57e6,393000.0,-1.57e9,-1.07e11,7.91132583083604,0.0,0.0,0.0,0.06643379725104591,0.0,0.0,0.0,66484.83842270874,70869.34897887926,75311.69655843938,88752.6977219541,5.1741371994699026e-5,0.0,0.0,0.0,0.023621144721351586,0.02706787465649681,0.029281028744139164,0.033428442610527936,36.0665003342143,36.879479807209904,38.07745114207797,42.730248400612105,2.3819901639305055e7,2.6681918621493325e7,2.9411392393794995e7,3.808172356461308e7,5.691910005889881,6.07680646070071,5.80656720091499,4.18427341112257,-2.314445331988675e10,0.0,0.0,0.0,1.5907871078762401,1.793708377329383,1.920897296629109,2.1531153246026675,349641.876,366572.15,379419.097,415197.398
UZB,2.24e-6,0.183,21.8,863.0,0.418,28.8,1.67e6,6.48e7,0.035,2.23,0.00397,37500.0,1.47e6,42300.0,3.51e7,2.45e9,7.91132583083604,0.0,0.0,0.0,0.06643379725104591,0.0,0.0,0.0,14588.79625448394,19305.20517963115,25483.70663658484,51145.46385361499,4.9044850230430324e-5,0.0,0.0,0.0,0.02702878857490717,0.031031663863228722,0.03360871732817945,0.038451840473562524,9.281038581313306,11.887179263143409,15.357875798272628,29.345638429149915,559296.0910836227,808280.4971459797,1.1311129469961114e6,2.338993355966909e6,0.12668211847002292,0.16390184456578333,0.18928292880656095,0.20382526103865298,1.340013054370192e9,0.0,0.0,0.0,1.7882610348367405,2.0163721362569147,2.1593497775268045,2.420394419487814,37418.45,40608.381,42942.489,44038.803
VCT,1.22e-6,0.000188,16.0,630.0,0.418,28.8,2850.0,117000.0,0.0535,1.32,0.00397,28800.0,1.14e6,99.4,186000.0,1.29e7,7.91132583083604,0.0,0.0,0.0,0.06643379725104591,0.0,0.0,0.0,13681.730522388605,16001.03196342082,19338.581911229132,38136.88710678432,2.7050010244301948e-5,0.0,0.0,0.0,0.0421211281900907,0.0479127535008608,0.051594648294549975,0.05842204185338273,7.569747441358592,8.508745810619995,10.245629081575414,21.480748823913338,1606.0645629636979,1886.1466347488772,2219.061756747251,3641.4003363818715,0.00020063678231041127,0.00020172481373682962,0.00019221773833920312,0.00018142183728531963,5.488585117266085e6,0.0,0.0,0.0,1.05620764857682,1.1909378056130193,1.2753852522345452,1.4295670758542651,113.041,112.487,109.118,90.212
VNM,2.29e-6,0.482,18.7,695.0,0.418,28.8,3.79e6,1.45e8,0.0673,1.74,0.00397,34000.0,1.3e6,105000.0,1.31e8,9.09e9,7.91132583083604,0.0,0.0,0.0,0.06643379725104591,0.0,0.0,0.0,10698.979803294298,15208.265763178475,21187.47192401376,47837.93791270058,5.025693232675384e-5,0.0,0.0,0.0,0.052645043969180114,0.06005083696213326,0.06477972145921632,0.07359131621185636,5.169858596419619,7.320129016436047,10.403576580146712,26.930813553699267,1.1685673422184729e6,1.7378214135172542e6,2.4726879792750995e6,5.336936092127104e6,0.27122507716445426,0.36669497371377446,0.4427314675669907,0.5830306360435168,4.374445636694795e9,0.0,0.0,0.0,1.3944334204497588,1.5723077560189702,1.6837975203653777,1.8873524633455034,104163.523,107795.035,109605.01,103915.555
VUT,8.88e-7,0.000825,13.4,490.0,0.418,28.8,18800.0,650000.0,0.0534,1.44,0.00397,22700.0,842000.0,665.0,836000.0,5.79e7,7.91132583083604,0.0,0.0,0.0,0.06643379725104591,0.0,0.0,0.0,6506.553893099905,8969.57376373441,12399.149870990128,31657.772973338553,1.944455377454305e-5,0.0,0.0,0.0,0.041961862040598215,0.04776323404371236,0.051455073535191055,0.058308489795397635,3.4467214511875865,4.715576796886232,6.678539301342201,19.078548647825816,2576.087703353915,4393.757502646678,7258.432727672464,27553.63560058665,0.00023133361597231405,0.0003587053896251733,0.0005028239261861923,0.0011646093953822383,2.216762168007376e7,0.0,0.0,0.0,1.155976430248012,1.3034331222984032,1.3958574273303233,1.5646031794721564,383.377,467.521,556.75,822.405999999999
WSM,2.25e-6,0.000616,8.51,319.0,0.418,28.8,5130.0,190000.0,0.0515,1.33,0.00397,16400.0,627000.0,279.0,400000.0,2.78e7,7.91132583083604,0.0,0.0,0.0,0.06643379725104591,0.0,0.0,0.0,5862.1304182691565,7601.734231079335,10042.254577129408,22423.05287445065,4.93897214041771e-5,0.0,0.0,0.0,0.04049579777292339,0.04606241796914196,0.04960101919621535,0.056162149768201365,2.759113824376931,3.5646372480465383,4.753507120814694,11.757724885636962,1332.3542229572554,1939.3781320648336,2818.387031311111,7381.845126053687,0.00030390398845786065,0.00040216373692008347,0.0004959207792990303,0.0007925102783663612,1.1389820466025282e7,0.0,0.0,0.0,1.0639036185298427,1.1996154757475488,1.2846782417266693,1.439983498492777,220.368,243.889,267.39,311.702
YEM,1.77e-6,0.0253,4.3,161.0,0.418,28.8,389000.0,1.43e7,0.0728,2.12,0.00397,6910.0,261000.0,49200.0,8.22e7,5.69e9,7.91132583083604,0.0,0.0,0.0,0.06643379725104591,0.0,0.0,0.0,2250.700508346401,2908.7728393089337,3962.3616821710393,9894.004261505848,3.903608978019532e-5,0.0,0.0,0.0,0.05663325878706419,0.06475464824413531,0.06995941100473964,0.07969658804987682,1.3889535859377784,1.7137680860013234,2.3554646764957794,6.233794118906152,84303.96281105294,132154.58278917446,203838.39240741232,588357.891900245,0.015198279200163464,0.02042429000888343,0.024715316946913556,0.03055676793549588,2.1586789708128595e9,0.0,0.0,0.0,1.6984045386867015,1.915053519137263,2.050846823432835,2.298774500695512,36406.895,42670.023,48080.012,55076.681
ZAF,2.75e-6,0.226,5.88,237.0,0.418,28.8,2.47e6,9.8e7,0.054,2.29,0.00397,30200.0,1.22e6,75900.0,3.84e7,2.7e9,7.91132583083604,0.0,0.0,0.0,0.06643379725104591,0.0,0.0,0.0,14763.704071449862,18109.075049710107,22464.693911629387,39445.18212380391,6.18837415041919e-5,0.0,0.0,0.0,0.04191634430928487,0.04800585653052846,0.05191592631278528,0.0592450932255614,2.982170381733826,3.462431084045416,4.327342271780728,7.68519983825183,1.0127193048484123e6,1.3545902999609218e6,1.7845613895858435e6,3.3419881436182465e6,0.28943148491246,0.2931366507809218,0.27222324425307703,0.17558021932971002,1.838785246380454e9,0.0,0.0,0.0,1.8339398189232676,2.0678777194217224,2.2145075371230942,2.4822202222862924,65956.09,71375.306,75517.909,79986.092
ZMB,9.19e-7,0.0303,6.38,227.0,0.418,28.8,1.58e6,5.26e7,0.0773,2.47,0.00397,23000.0,825000.0,50300.0,5.52e7,3.82e9,7.91132583083604,0.0,0.0,0.0,0.06643379725104591,0.0,0.0,0.0,4543.468880497004,6869.512396991375,10652.077870495928,34011.310382781456,2.0677211479230106e-5,0.0,0.0,0.0,0.05990895508661469,0.06866348709238149,0.07429393303599025,0.08486841144530813,1.2634090320899478,1.8064263294387553,2.8577628001528574,9.438915473543165,115624.50893367054,230062.00903016608,447678.6258823308,2.398905501325263e6,0.011041345288440602,0.01663498732809669,0.022817889833742565,0.04211135628444206,1.435321770498619e9,0.0,0.0,0.0,1.9803366682882542,2.232948993774188,2.391283744817945,2.6803669750985635,24325.502,31338.487,39120.906,65014.872
ZWE,1.59e-6,0.0144,6.89,256.0,0.418,28.8,351000.0,1.26e7,0.0773,2.62,0.00397,11400.0,428000.0,25800.0,3.88e7,2.69e9,7.91132583083604,0.0,0.0,0.0,0.06643379725104591,0.0,0.0,0.0,3221.2135839589628,4361.022179531652,6473.521862569309,16581.194439163603,3.5825884003375624e-5,0.0,0.0,0.0,0.05972339632366048,0.0685251640586702,0.074194690964284,0.08486027902480502,1.9793366300973176,2.530818221105211,3.683032004645925,10.021202685040272,58983.815914588704,97221.54216682291,166529.5994602498,539892.0460054603,0.009759102996788735,0.012179936327929668,0.014706370483244071,0.01642093808857672,1.0242552738672936e9,0.0,0.0,0.0,2.1009580417242213,2.368956864937991,2.536935711068897,2.8436268647052416,17596.441,20863.61,23947.921,30013.546
EU27,1.04e-6,0.384,46.7,1960.0,0.418,28.8,3.1e7,1.33e9,0.0134,1.7,0.00397,82300.0,3.45e6,404000.0,3.15e8,2.19e10,7.911325830836036,0.0,0.0,0.0,0.06643379725104587,0.0,0.0,0.0,52812.83653565447,60186.12918454764,68030.372979519,98695.26749885044,2.5540689552320712e-5,0.0,0.0,0.0,0.010224904117892186,0.011819013013699491,0.012852657618842555,0.014809075200583872,30.794768184981223,34.39562889415252,38.399176141276065,55.56916963168319,2.241572346091656e7,2.485328003835836e7,2.713369687056928e7,3.539204663001618e7,2.024076026710805,0.4804319557518512,0.0,0.0,1.1647930127048933e10,0.0,0.0,0.0,1.3632808383743167,1.5371813414487876,1.6461803493464198,1.845187737760617,441899.772,434457.8890000003,422712.76600000006,379853.90300000005
outside_union,0.000167,24.7,13.4,514.0,19.9,761.0,3.5e8,1.37e10,0.0564,1.94,0.0101,38300.0,1.55e6,9.44e6,-3.15e8,-2.19e10,10.660470068791026,7.427014802631579,13.543379934210526,31.641109191939247,0.07127366211321436,0.006578947368421052,0.006578947368421052,0.006578947368421052,19802.464608267368,23537.538455698883,28251.52267756386,49111.06314220147,0.00023277221094243514,0.0002674921243657435,0.00020764889936056064,0.0001303673600291066,0.04385514266676155,0.05016477207797496,0.05421009076099695,0.061781121774862634,4.9467661881811935,6.312944106062369,8.424355153298631,18.53224207553888,1.434369972289771e8,1.8727449355068272e8,2.406563222600303e8,4.693907163270575e8,31.47920733054393,29.888703867444704,25.69155776433266,21.259370122167255,-1.1647930127049316e10,0.0,0.0,0.0,1.5523074289488594,1.750320219286579,1.8744325554573995,2.1010334426373647,8.001060099000002e6,8.646866427e6,9.183440870000001e6,1.0134353733e7
