country,quantile,conso_npv,tax_npv,conso_2030,conso_2040,conso_2050,conso_2080,tax_2030,tax_2040,tax_2050,tax_2080
ABW,First,497.0,0.00862,5.977893775198249,6.778145463112646,8.350447509838325,16.980577044701104,5.512838857766053e-5,6.937128027301597e-5,9.928622632107311e-5,0.00036777686460078663
ABW,Second,859.0,0.0452,11.112011285541492,12.46025464162415,15.038451234378707,28.20458034271437,0.0003800707896681121,0.0004591964364434415,0.0006163818534702933,0.001791881546895229
ABW,Third,1070.0,0.0878,14.414688083474001,16.049693652131733,19.136387349063266,34.25526306212603,0.0008586028207801369,0.0010124375632726331,0.0013080705580694092,0.0032965695979201644
ABW,Fourth,1360.0,0.184,18.94749542353518,20.979955186828967,24.77337465400736,42.71664854322825,0.002026549854075475,0.0023435709952926314,0.0029367104993933925,0.006602117252545527
ABW,Fifth,1620.0,0.32,23.294126325519958,25.660903391692198,30.037148754531202,50.090100268267875,0.0038827643913280927,0.004412201735934414,0.0053788923685520375,0.01091206494723877
ABW,Sixth,2000.0,0.615,29.516073323166765,32.3544028052718,37.5516379477534,60.61132353282143,0.008193483597410605,0.009153877697264192,0.010865686146705696,0.01995343866662281
ABW,Seventh,2370.0,1.05,35.97833752166084,39.230478762699185,45.13103212131525,70.43529480335921,0.015317895076073968,0.016814668510159968,0.01941478798695221,0.03215685009240927
ABW,Eighth,3020.0,2.26,47.27970263709011,51.24693547857132,58.362894170046715,87.65891030584844,0.036375347958077835,0.039149165730230265,0.043823392195568515,0.06465788786198537
ABW,Ninth,3730.0,4.45,60.7662116766959,65.34684420504158,73.45815356957588,105.10127939025922,0.08063983847646658,0.08462682837899574,0.09105319881564468,0.11590747813381666
ABW,Tenth,7100.0,36.8,127.40971333227246,134.11850043021383,145.58786260957936,184.48801121070736,0.8522703186475414,0.8419586816721337,0.8245035933493227,0.7443539350359655
AFG,First,107.0,0.161,0.5282263401431685,0.7558199549797792,1.1376523552417646,4.346992398425395,0.001357268908607813,0.0016334687181272366,0.002307997214261386,0.006403809170352883
AFG,Second,148.0,0.475,0.8008869675265832,1.1326774739454075,1.6658508896696271,5.912946155938429,0.005108282071805608,0.005916268931612239,0.007770215512521419,0.01714314720627545
AFG,Third,163.0,0.661,0.9251914891158254,1.2995981046244032,1.8862600311413156,6.425201392493907,0.008092308764294454,0.009168274802403422,0.011549151564626658,0.022387035621176977
AFG,Fourth,187.0,1.07,1.1079104781596587,1.5478326075359423,2.2227524939720147,7.322693763602713,0.014382184070610067,0.01601086640546463,0.019508510524079318,0.034110069753854035
AFG,Fifth,204.0,1.45,1.2538740324058464,1.7431443571799374,2.4794028496143636,7.928695355613044,0.021351878617883374,0.023397851155720555,0.027669597999329297,0.04410063781032469
AFG,Sixth,231.0,2.21,1.4660796502681075,2.028344216357617,2.858025515675566,8.874932438546804,0.03518571762111047,0.03797240150965001,0.04362295440161482,0.06356177087973891
AFG,Seventh,250.0,2.96,1.6457157455427784,2.265443751814273,3.161272562623605,9.526872152663547,0.05091232707887425,0.05408166081415746,0.060293475647138474,0.08005986669162134
AFG,Eighth,288.0,4.86,1.9715418807465388,2.698306889003616,3.7233213404019945,10.839575892963682,0.09073160323736183,0.09468674891249529,0.10207686439982494,0.12216160157362053
AFG,Ninth,313.0,6.76,2.2549304164627335,3.0635678643750808,4.168552394418905,11.631818642627893,0.13946508668924223,0.14229795707706103,0.14698749901028738,0.15413558505416222
AFG,Tenth,448.0,25.2,3.6146786114520912,4.822807019803645,6.343416081895093,16.055173406522496,0.6334133429402099,0.6148345016733081,0.5782137337263163,0.45593647623887296
AGO,First,67.6,0.00721,0.6998561330575144,0.7760854597208882,0.8900022346147484,2.2432553922072613,5.327520354123179e-5,7.131257312110519e-5,8.786472397005861e-5,0.00027382528271294523
AGO,Second,117.0,0.0394,1.30981827720905,1.4318521635318768,1.6234857148735033,3.812758825460792,0.00036951468079370476,0.0004697353003049003,0.0005575861735105342,0.0014107197713323833
AGO,Third,146.0,0.0781,1.7039327270763975,1.8459044975431784,2.078615206087118,4.687658599423326,0.0008377718114880071,0.0010326451382355543,0.0011988481252211954,0.002681592054392815
AGO,Fourth,186.0,0.167,2.2453238953742156,2.41526449440746,2.705043572084966,5.906018518165822,0.0019831026848465706,0.0023847488260058227,0.0027197770757293204,0.005512684047773393
AGO,Fifth,222.0,0.294,2.7656442186059325,2.9556422197442678,3.29399719447479,6.987616267823602,0.003809408894082937,0.0044802658486513165,0.005028609739353223,0.009328027207824208
AGO,Sixth,274.0,0.573,3.511081749283673,3.728896922406531,4.136080265994793,8.53268159353047,0.008058976083588973,0.009276091604840107,0.010251134325657302,0.01744987996083591
AGO,Seventh,325.0,0.991,4.287022837187166,4.522843906468456,4.991802589897779,10.006865553966483,0.015105848502785962,0.017003067799498704,0.018490612154330285,0.028793655357830603
AGO,Eighth,415.0,2.17,5.6450195596988415,5.911721884200057,6.488329601581266,12.595712068882024,0.03597704799829043,0.039493809595125044,0.04218178193253274,0.05944658174094577
AGO,Ninth,513.0,4.34,7.2706158462679,7.5404699988618455,8.216080842112712,15.313350684739147,0.08005606094310172,0.08511289029698531,0.08883625100009417,0.11022034359654793
AGO,Tenth,985.0,37.2,15.330117327263952,15.522196729744232,16.606085254667207,28.134961170416275,0.8537489931974805,0.840675433017232,0.8306475347496012,0.7648826909798041
ALB,First,382.0,0.121,5.257671651938161,6.008449759057349,6.990169628465642,11.81300110239083,0.0026969764979869193,0.002595700131533523,0.002534495521498811,0.0026902008179763405
ALB,Second,555.0,0.396,7.622399750975815,8.738276055878606,10.18315462627645,17.129144250736534,0.008779783059238426,0.008520490087020195,0.00836261515897822,0.008762509820067271
ALB,Third,625.0,0.579,8.581639174042996,9.853704345842038,11.493109628172782,19.28241752579029,0.01280270537859496,0.012483321699839515,0.01228800968061542,0.012781482371233307
ALB,Fourth,733.0,0.966,10.06898279515208,11.576433442638903,13.51061893895952,22.613746852859897,0.02129900539921137,0.020845872960846553,0.020567758513990043,0.021268957457747078
ALB,Fifth,814.0,1.35,11.187917522250501,12.876946995990517,15.036163825085113,25.114239659719285,0.029798583387589665,0.0292632396833865,0.02893352509584528,0.029763155106077546
ALB,Sixth,935.0,2.11,12.851308568384098,14.806415333104813,17.29534208440016,28.81908062482979,0.046360714498256156,0.04567697476864111,0.04525431253793778,0.04631556087399648
ALB,Seventh,1030.0,2.88,14.162208113124107,16.33310103052499,19.085950086508188,31.728022569486193,0.06320385345522002,0.06248294973942844,0.06203533970842748,0.06315636789325361
ALB,Eighth,1210.0,4.81,16.620971658658547,19.18748541754791,22.42347984815083,37.15038007194825,0.1053726011078749,0.10456630977386014,0.10406233210614506,0.10531969598671584
ALB,Ninth,1350.0,6.81,18.51648755629274,21.402714600623135,25.020281556272646,41.29859683229523,0.14879630737401323,0.14837136815510799,0.14809985588789473,0.14876878602516608
ALB,Tenth,2020.0,25.8,28.0285487140286,32.4326754939631,37.817334040926234,61.49768685496455,0.5608894698420145,0.565193773000336,0.567861755788667,0.5611732836477665
ARE,First,764.0,0.0376,9.060954016072555,11.30261211508067,13.926808740805166,24.765971634837474,0.0002975052144573595,0.0003482333318820826,0.00047188284495548955,0.0015435289501843621
ARE,Second,1210.0,0.15,15.346535922006494,19.004212549395127,22.97992766946417,37.70356664109541,0.0015089685169941516,0.0017143868098514726,0.0021917752714690326,0.005656828041755795
ARE,Third,1430.0,0.248,18.8225829606676,23.19555700020373,27.741941639694215,43.499162583574886,0.002842199785352347,0.0031732286280504963,0.003921308762878128,0.008825630828728979
ARE,Fourth,1750.0,0.457,23.672621098541278,29.063656901402535,34.45597518450409,52.088262208129954,0.005800231250244981,0.006386043328310075,0.007680141522390783,0.015495755321454186
ARE,Fifth,2010.0,0.706,27.9602882059542,34.20563207885317,40.23127299460497,58.873813413936354,0.00975019688284243,0.010601124058406946,0.01244197187643006,0.02275494495799204
ARE,Sixth,2390.0,1.21,34.08964353032318,41.560071545312994,48.500620441139986,68.75074565925482,0.01812360018526711,0.019467095662078018,0.0223132277081631,0.03710263165549733
ARE,Seventh,2730.0,1.84,39.910929511234386,48.47288622155803,56.108861063987284,76.98414204709104,0.02970826247290524,0.031510959248331284,0.035243325457236636,0.053100181246567096
ARE,Eighth,3340.0,3.46,50.14906246275681,60.63998366313316,69.52717397147187,91.90286305392466,0.06088215160287517,0.06367125963919083,0.069283969595499,0.09347524285490502
ARE,Ninth,3910.0,5.75,60.82387111361232,73.1123041028423,82.81477490725322,104.50336315541608,0.11182031924496019,0.11485623687570377,0.12068058267668616,0.14145290243599357
ARE,Tenth,6560.0,32.0,111.34851134683564,131.52995785247583,144.04433357918083,162.91127576004868,0.7592665648441009,0.7482714324181949,0.7257718142842916,0.6205923537069217
ARG,First,438.0,0.0277,4.727517590454195,5.699660931132817,7.190140236589382,15.443619038673043,0.00020964672666589664,0.0002335278457041968,0.0003109410487576461,0.0011820877783034344
ARG,Second,697.0,0.116,8.06828572808926,9.67635423231907,12.001945563690045,23.68724656797589,0.0011353162786005768,0.0012395070123646268,0.0015640156951927395,0.004576738148654285
ARG,Third,829.0,0.199,9.97317334949406,11.920670968338777,14.639355108256346,27.521899421720082,0.002222296798517593,0.002397750907179064,0.0029315181836063542,0.0073692030383151535
ARG,Fourth,1020.0,0.377,12.608724656036678,15.031315941924237,18.31315526197938,33.110192943175235,0.004676851448566631,0.0049986567011920295,0.005959177811211174,0.013268198712253251
ARG,Fifth,1180.0,0.596,14.977944085639965,17.81192892828185,21.545703011481237,37.61630347735528,0.008082286323271359,0.00856535641610544,0.009982259134593115,0.0199291820557454
ARG,Sixth,1400.0,1.05,18.355634614296967,21.776717851042708,26.157575948449278,44.13475182084704,0.015431647161930979,0.016219861000874577,0.018491871009361057,0.03321464324728971
ARG,Seventh,1610.0,1.63,21.626285158764574,25.591169722669367,30.51592791341835,49.70698774278055,0.026008355882056227,0.027104538233326873,0.030205163619081193,0.04862627377866024
ARG,Eighth,1980.0,3.16,27.353320821010037,32.272985218078,38.163247478232734,59.72147393268257,0.05498539785214359,0.056757605211337776,0.061656239473207045,0.08780107044496496
ARG,Ninth,2330.0,5.46,33.5102385534552,39.382542490507575,46.07455152854321,68.55225468521027,0.10508229739109198,0.10715383130038722,0.11267246875287705,0.13723206257857434
ARG,Tenth,4010.0,33.2,62.77105524019022,72.96858280198164,83.03235886095214,109.58543378268104,0.7821659041371553,0.7753293653715282,0.7562263452721126,0.6468005402172392
ARM,First,447.0,0.0846,5.637779987609643,6.554419482301691,8.08149640771618,14.4573286652255,0.0019013019896729378,0.0018270596829976762,0.0018105706727857191,0.0018345941086569775
ARM,Second,662.0,0.299,8.337948422045935,9.720591602911021,11.991973429024881,21.427585683616307,0.006670398400751452,0.006463958590993282,0.006417847929686208,0.006484996276385106
ARM,Third,755.0,0.456,9.503398242450052,11.096125340571989,13.69279674836752,24.450075060399527,0.010150309357945107,0.00988345401286886,0.009823651191054055,0.009910714474299653
ARM,Fourth,895.0,0.787,11.255067468892841,13.156973768507715,16.238314583890503,28.9743632050008,0.017470105797049176,0.01707599710340797,0.016987434346258302,0.017116338310859704
ARM,Fifth,1000.0,1.14,12.615394421886865,14.762503428404063,18.221990208000673,32.49243989554999,0.02519925380442205,0.024715550753671045,0.02460657235918242,0.02476515637587534
ARM,Sixth,1160.0,1.83,14.610790078375437,17.113818643095573,21.124423283750463,37.63517931654694,0.04038186672753578,0.039738806413589886,0.03959353330905874,0.039804885095285236
ARM,Seventh,1290.0,2.58,16.244801140422553,19.046297041655613,23.510092149335478,41.849531372649686,0.05676487129324843,0.0560538308977793,0.0558926908056919,0.056127063465958194
ARM,Eighth,1530.0,4.46,19.24999819954515,22.59122679345658,27.879001231958853,49.55224019214817,0.09793785577801108,0.09708502281961301,0.09689087670283053,0.09717315080910649
ARM,Ninth,1730.0,6.6,21.724174109076014,25.526907684540703,31.49621993363161,55.89243386439644,0.14446251597598997,0.14390958375628285,0.14378221025475943,0.1439672180863019
ARM,Tenth,2680.0,27.6,33.79819455424307,39.76343029506719,48.911465107774845,86.02753754215391,0.5990615208753739,0.6032467359687961,0.6041946124286928,0.6028158829972714
AUS,First,711.0,0.0431,12.453750371868605,13.376371294249326,14.465572549441994,18.682582378447783,0.0009795603156698095,0.0009437072872847801,0.0009564006072350163,0.0008996736595132471
AUS,Second,1110.0,0.175,19.353656427517983,20.858453200505508,22.543750929375992,29.224383073919473,0.003939846859207841,0.0038242267454667205,0.003865268016115437,0.0036809118051417482
AUS,Third,1300.0,0.289,22.65394985269016,24.45564805748803,26.419087716310138,34.320254461482,0.006484438993085421,0.006321447109253955,0.0063793923503318506,0.006118321106176119
AUS,Fourth,1580.0,0.531,27.424900832614256,29.646115570572334,32.01171680594953,41.64899274352796,0.011881432541169348,0.011622872117998072,0.011714908732820417,0.011299214147104716
AUS,Fifth,1810.0,0.813,31.332408103034506,33.90738988631549,36.5958190127044,47.67679646121275,0.018129228033635196,0.01778984962563596,0.0179107948305383,0.017363265424061664
AUS,Sixth,2130.0,1.38,36.97750810942483,40.056818649403105,43.20665596987626,56.35024689888046,0.030679037074883488,0.030195446054553595,0.0303679916669572,0.029585017761016345
AUS,Seventh,2420.0,2.06,41.89594995456949,45.42768910282297,48.96716092148913,63.9338206265922,0.04562909465269705,0.04505002526298383,0.04525691703714305,0.04431557952805318
AUS,Eighth,2930.0,3.8,50.72532882737094,55.04836143910628,59.269365197965264,77.43903321261543,0.08385917227992376,0.08308437319766687,0.0833616903211431,0.08209546025923478
AUS,Ninth,3400.0,6.11,58.770788369212205,63.84318944347825,68.64276773519622,89.77772350454728,0.13405617927381486,0.13340927218925053,0.1336416587918363,0.13257293842206758
AUS,Tenth,5570.0,30.6,96.96820277272153,105.25690255823926,112.25781768629494,146.17897194290873,0.6643620099759132,0.6677587804099058,0.6665449776458794,0.6720696178876306
AUT,First,1200.0,0.149,19.467376021918415,21.27011980419978,23.39796282349255,33.35303790721561,0.003576301045759797,0.00326043658083389,0.003100079110215532,0.0031489545486692774
AUT,Second,1710.0,0.466,27.5778116471458,30.3301428498469,33.4830208133875,47.67798602399697,0.010941970786946347,0.01018220542757887,0.009789579052974848,0.009909765034142488
AUT,Third,1910.0,0.664,30.676858848358183,33.862309257052715,37.456671249123865,53.30391686196665,0.015404290384016035,0.014501975603267464,0.014030821534349966,0.01417540961995982
AUT,Fourth,2220.0,1.08,35.632043341924614,39.44803559133182,43.70495400013983,62.16573557066167,0.024918806057198095,0.02367710223551151,0.023023072923481363,0.02322420501007578
AUT,Fifth,2460.0,1.49,39.24950944766615,43.56714359410348,48.33730065753541,68.724958642464,0.033996380604794506,0.032571679862893985,0.03181496968842242,0.032048149666077434
AUT,Sixth,2810.0,2.28,44.6975311494336,49.741421945628446,55.2640620097644,78.54031474451665,0.051617477904544316,0.04985377182148242,0.04890857854481108,0.04920046821078101
AUT,Seventh,3070.0,3.06,48.83812458812584,54.49215908036171,60.628523874682465,86.1267252629667,0.06861597498637759,0.06682572681884197,0.06585570658273228,0.06615605547626631
AUT,Eighth,3580.0,5.01,56.75691845026005,63.515070216018735,70.78076260105642,100.49976379204827,0.11120849684277814,0.10932120962022998,0.10828060418416992,0.10860414748787167
AUT,Ninth,3960.0,6.91,62.487630863172285,70.18882016520557,78.37602480412362,111.21519228352622,0.15149435115557064,0.15069894676604204,0.15022760981529898,0.15037656080281395
AUT,Tenth,5900.0,24.7,92.15960464321135,104.3593041609433,117.04670309441187,165.86608656733057,0.5282259502320146,0.5391069452633179,0.5449689785635436,0.5431562841433423
AZE,First,628.0,0.948,9.528648212460176,10.522711659177764,11.542165654326114,17.775646087752875,0.020545907299630725,0.020146814371642976,0.020050264552885496,0.021268246092915825
AZE,Second,777.0,1.88,11.815486806510217,13.068949067008441,14.333772601653042,21.933292208241824,0.04084072957898872,0.04026628575196115,0.04012672985532524,0.04187075189420986
AZE,Third,802.0,2.08,12.199106139043344,13.50538142814742,14.814231103481614,22.59969774075729,0.04523126932253626,0.044728282260046257,0.04460577399216118,0.046128027911686055
AZE,Fourth,877.0,2.78,13.357651826802785,14.796999234916756,16.228298403150667,24.682182012809637,0.060450053230296855,0.059919712693020696,0.059790235900155426,0.06139059194893412
AZE,Fifth,915.0,3.19,13.952153916992959,15.4645593620696,16.959789942452176,25.732200045248472,0.06948190462318395,0.06901895960569798,0.06890563670184131,0.07029804739267481
AZE,Sixth,988.0,4.1,15.093910857392585,16.737752923633213,18.35130100312555,27.76469426978245,0.08936111010761508,0.0889486915540049,0.08884735755263364,0.09008208313000789
AZE,Seventh,1020.0,4.59,15.635789902407975,17.34844067715603,19.019799602729027,28.706019124907808,0.10003815753541702,0.09978885330454647,0.09972710383024777,0.10046597323145895
AZE,Eighth,1120.0,6.13,17.122257122225403,19.005907565567963,20.8272444430932,31.321901236026356,0.13379009896774002,0.13377496916307816,0.13377006287814341,0.13379739849300656
AZE,Ninth,1140.0,6.54,17.47406873884662,19.413065158826843,21.27461965976149,31.894903469575514,0.14279401862873603,0.14320984151682914,0.1433103870963814,0.14204093972419662
AZE,Tenth,1420.0,13.6,21.970282968498186,24.42320540097963,26.709946323245944,39.61345550376681,0.29746675070585527,0.3001975897791723,0.3008664476402252,0.2926579401809091
BDI,First,78.1,0.0588,0.23334301703839821,0.3734880951945075,0.6967202258967081,3.576102593640581,0.0004432359568750101,0.000542525019077654,0.000791680666747071,0.0024339619504953683
BDI,Second,116.0,0.214,0.3828624635543507,0.6060999591479813,1.1041490015580562,5.253075158406627,0.0020837182168723296,0.0024526846435505615,0.003322792750138517,0.008101297582147423
BDI,Third,133.0,0.337,0.46187103660109097,0.7262505822685212,1.305021919912705,5.948076379368712,0.0037543065295569332,0.0043195918237762115,0.005605138327934353,0.011963269703913055
BDI,Fourth,157.0,0.597,0.5729735920065111,0.8962317143804157,1.5930256305742658,7.016216481074794,0.007394508135081852,0.008354518983103614,0.01047410178090391,0.020103615119229746
BDI,Fifth,177.0,0.888,0.6688714808954077,1.0411822388754053,1.8326474596521978,7.828407910487369,0.012039922901064516,0.013382414050369182,0.016266562336977045,0.028381298676652303
BDI,Sixth,205.0,1.47,0.8061640993842091,1.2490944119403222,2.1778907018482174,9.03143258279445,0.021698222701103345,0.023738373423012778,0.028002103500173386,0.04454373598921352
BDI,Seventh,229.0,2.15,0.933161356279664,1.4387652126726196,2.4840808603655136,9.991286919294074,0.034446289089345265,0.03707130357553747,0.04239250273430494,0.061279415470439774
BDI,Eighth,272.0,3.88,1.1575088832529812,1.7749406213615377,3.0309521208059156,11.780828250069032,0.06810310713042382,0.07195719682435629,0.07947280455536244,0.10320541421035945
BDI,Ninth,307.0,6.11,1.382237629249939,2.1043796715873695,3.543372180628755,13.188991395529161,0.11948647697219122,0.12332269644011495,0.1302975683359515,0.14762801282066693
BDI,Tenth,482.0,30.1,2.443970205936038,3.6591726488630436,5.965714032591991,20.177469116385158,0.7305502123674857,0.7148586952171012,0.6833747450115067,0.5723599784768825
BEL,First,1280.0,0.201,19.36306617083183,21.83565355833744,24.761574471093535,37.14575959500421,0.004038285988251483,0.004034861414052121,0.004141730727578641,0.004872567889897147
BEL,Second,1790.0,0.587,27.211302038818257,30.693784769399013,34.74561106195305,51.52367665841892,0.012023777899985249,0.012015877130369884,0.012261624088389697,0.013901292647707208
BEL,Third,1970.0,0.806,30.128510905721498,33.98725864330959,38.434845459515586,56.62475896092225,0.016669064573488268,0.016659908408817384,0.016944169601689832,0.01881376001109311
BEL,Fourth,2270.0,1.28,34.86806908198463,39.33770564148376,44.450146850450786,65.1483693771781,0.02663651441940802,0.026624171198954934,0.027006769288016395,0.02949286734599139
BEL,Fifth,2490.0,1.71,38.28081578325746,43.19083960628108,48.768826795206344,71.14639462650862,0.03594234177815823,0.03592845861259658,0.03635812748004539,0.03911752860074645
BEL,Sixth,2820.0,2.55,43.456108712363715,49.033844470248,55.32814179667852,80.35271448852404,0.053993697388038484,0.053976876413623656,0.054496589767829166,0.05779192941608605
BEL,Seventh,3060.0,3.33,47.32322959852478,53.40055359065944,60.21163766433858,87.03834249574042,0.07098731344841847,0.0709706912185821,0.07148319543725465,0.07468074929583389
BEL,Eighth,3530.0,5.28,54.79362817602377,61.835670987502226,69.66670348101789,100.18233928393754,0.11364031901026368,0.11362354705902133,0.11413878918506846,0.11726612568111351
BEL,Ninth,3850.0,7.01,60.03749977479956,67.75820913027198,76.25996991051193,108.93941576672995,0.15239649589602824,0.1523907849155319,0.15256290260419889,0.15344520498120756
BEL,Tenth,5570.0,23.1,87.64655381409851,98.93826624198215,111.10755660366036,156.4778061611141,0.5136721895979599,0.5137748236284501,0.5106061018199289,0.49061797413032376
BEN,First,98.0,0.00448,0.46511171975388677,0.67739758811127,1.0428765738662669,4.077879898873659,4.603624231799611e-5,5.739159834577199e-5,6.871515489381747e-5,0.0001553191300647505
BEN,Second,176.0,0.0273,0.8917356762092539,1.287916234143065,1.9645961769908096,7.284142445178729,0.00032760591802265184,0.0003928746675108935,0.0004556221642857727,0.0008889586404732859
BEN,Third,223.0,0.0574,1.1720657683937283,1.6825777539088267,2.551873223893809,9.182558956074988,0.0007542615540132629,0.0008837661739525442,0.0010055700029641137,0.0017977989854062167
BEN,Fourth,288.0,0.128,1.5582228003553653,2.226685079404936,3.3619471993242525,11.81223728582659,0.0018075451972046667,0.0020788595356211297,0.00232955332782916,0.003883558764542393
BEN,Fifth,348.0,0.235,1.9325358112707416,2.7493709678219576,4.133996604650142,14.221830626231457,0.003510856124330037,0.003970817326699237,0.004388996363474709,0.00687076597103333
BEN,Sixth,434.0,0.475,2.4702686071927173,3.4996164266055003,5.241170330520185,17.66712847579468,0.007507622038014571,0.00835446003322434,0.009112148365148969,0.013420492486258734
BEN,Seventh,520.0,0.851,3.0347387688716116,4.2793505972517085,6.381868348766643,21.068206711279128,0.014230019458923208,0.015570863161387616,0.016750236751050997,0.023158607268358
BEN,Eighth,670.0,1.93,4.024687531051828,5.646130952340733,8.380033191869526,27.025180819086536,0.03431708831354078,0.036848736935285904,0.03903107523579667,0.050271982987482484
BEN,Ninth,839.0,4.05,5.223409220457871,7.276107340644154,10.73118377759361,33.60001864250528,0.07759132739752521,0.08132991558952148,0.08445981793846463,0.09937092986478137
BEN,Tenth,1650.0,38.1,11.211988513418524,15.330242303967777,22.222457707801198,64.82956625004263,0.8599076377561076,0.8505123149784511,0.8423982646960911,0.8001815859015994
BFA,First,102.0,0.018,0.39688461647462514,0.6089645394780867,0.9779953451076892,4.380353273603863,0.00011028059341666446,0.0001467971155629151,0.00018511552789744295,0.0007254509317545898
BFA,Second,167.0,0.0814,0.7267878261852403,1.1008603086405857,1.744953777749852,7.113244315759058,0.0006717836547058757,0.0008489087775548688,0.0010258358866910198,0.0030980172356363574
BFA,Third,201.0,0.145,0.9286153214235221,1.3944726483569911,2.192955416982312,8.483914938510079,0.0014096885744801632,0.0017273220639332744,0.002035445605043179,0.005278637215156949
BFA,Fourth,249.0,0.286,1.2076479332803114,1.8016329843390975,2.815858368237622,10.448597356073586,0.0031364720443443554,0.0037495940620550726,0.0043303871510407925,0.009943275910305817
BFA,Fifth,290.0,0.467,1.467882598702566,2.176322794924835,3.3824353485780327,12.097052401205158,0.005698424689879252,0.006662971866540136,0.007556969208570219,0.015553683523226197
BFA,Sixth,349.0,0.849,1.8405622043214334,2.712869573161901,4.193678651466718,14.47409532168326,0.011421077335794274,0.013070190646506687,0.014565896580394354,0.026962294429373077
BFA,Seventh,403.0,1.37,2.2157122458098897,3.244991295003146,4.987843262007665,16.600013010608926,0.020241671705552928,0.022653935538212953,0.02479123698115573,0.04111425467518919
BFA,Eighth,500.0,2.76,2.873424778820453,4.178724732124052,6.382380299344378,20.394316434681954,0.04527473962747011,0.04942043207081194,0.05299157083953417,0.07770255031084465
BFA,Ninth,595.0,5.04,3.621725084488081,5.217090533793273,7.90242909462612,23.990810106501574,0.09297856846092906,0.09830682348051913,0.10270266524870604,0.12871505901479205
BFA,Tenth,1050.0,34.8,7.257296727080759,10.214136537386159,15.153751012598738,40.93514989100331,0.8190572933134274,0.803413024378303,0.7898148769709671,0.690906776753721
BGD,First,281.0,0.0761,1.3948739398297938,2.100214983591765,3.3433630558991583,11.982539085960221,0.0005904746997195222,0.0007197066685278725,0.0010418507270359,0.003123008943682943
BGD,Second,416.0,0.264,2.2606679482427148,3.367862165152586,5.234042314510692,17.351200366230245,0.002625742738571631,0.0030783211564122874,0.004138564081130798,0.009846021315356054
BGD,Third,472.0,0.402,2.704006578745728,4.001657610699007,6.1337166415459725,19.466937960601523,0.004580206902385041,0.005249854877981056,0.006762807318503989,0.01409876419632929
BGD,Fourth,559.0,0.695,3.3333887617405056,4.907853421911755,7.440175728234166,22.795945891544736,0.008790924867357452,0.00989625141277118,0.01232073189279212,0.023117632777438862
BGD,Fifth,626.0,1.01,3.8675951857215782,5.667228329181304,8.506546696817834,25.259452874745453,0.013984771647914042,0.015490242847875752,0.018703051762292457,0.03192465022693051
BGD,Sixth,724.0,1.64,4.634958713721902,6.760509119797076,10.04966530590038,28.93648371300914,0.024641741914972246,0.026869330271917014,0.03149265126073878,0.04904594311422557
BGD,Seventh,804.0,2.34,5.331148267841402,7.737689546776776,11.38727133470322,31.772297100607396,0.03821674506414968,0.040999381623501,0.04659789656310955,0.06599714007566933
BGD,Eighth,951.0,4.13,6.567739364937721,9.479576434678957,13.791055081464016,37.11189686504625,0.07360795647610767,0.0775423902924847,0.08514582642386447,0.10843310771286539
BGD,Ninth,1070.0,6.31,7.768803912198975,11.130973732136352,15.959210323835682,41.067880046787884,0.12491202247137598,0.12857004252608392,0.13511411686691557,0.150298087446093
BGD,Tenth,1650.0,29.0,13.446900247974916,18.914562910408353,26.15945388233574,60.591720428409026,0.7080494132174467,0.6915844783224452,0.6586825031036164,0.544115644191409
BGR,First,293.0,0.00459,5.463561981268491,6.015910915882703,6.517112120733623,7.097246419805713,0.00023215710928304467,0.00013412004317290172,7.919684502280565e-5,1.5699642464650636e-5
BGR,Second,539.0,0.0267,9.227768842693527,10.500704343720384,11.730578477329619,13.984500116755818,0.0012335852830379966,0.0007884915751012763,0.0005120077892382241,0.00013449048158158081
BGR,Third,700.0,0.055,11.349436192579029,13.163900988380348,14.972588968199737,18.834708189207728,0.0023878369889908154,0.0016201162549215847,0.0011131010082766645,0.0003462885905596326
BGR,Fourth,920.0,0.121,14.286989608401914,16.826794890180892,19.41652666799404,25.498086486879227,0.004980559479256297,0.003544433483038152,0.00254771633686691,0.0009077002944154687
BGR,Fifth,1130.0,0.22,16.91182523673337,20.19245387751777,23.602408112372792,32.21252382646358,0.008538308933487625,0.006342770729017017,0.004748171694214698,0.001911206733527469
BGR,Sixth,1440.0,0.442,20.65259437308579,24.988260369825806,29.57535419914224,41.89935550323878,0.016175920855436832,0.012527057930302043,0.009754540668856155,0.0044196936183698325
BGR,Seventh,1760.0,0.79,24.251730379563465,29.746729177964024,35.66415888890239,52.51245453250745,0.027043719266907535,0.021866248897278923,0.017736378651400132,0.009085315197562633
BGR,Eighth,2330.0,1.79,30.556106979127676,38.05862857485443,46.293659801799336,71.1730814043501,0.056659849374193626,0.04808067525655282,0.04082613948717449,0.023997943815620437
BGR,Ninth,3020.0,3.81,37.27095158220932,47.33352161281487,58.643031085680555,95.26722342751299,0.10704061756787658,0.09661201935965544,0.08697321422809759,0.060959480534643125
BGR,Tenth,6550.0,38.6,69.14217396292841,91.88021097301029,118.8807758202992,220.71965244640683,0.7757074451415297,0.8084840664709597,0.8357095332908523,0.8982221810912552
BHR,First,678.0,0.0376,7.043444684952792,9.076590223514911,11.67857320590497,23.533729467953112,0.0002975052144573595,0.0003482333318820826,0.00047188284495548955,0.0015435289501843621
BHR,Second,1070.0,0.15,11.93123599861678,15.26492294635576,19.276816333503955,35.84788867224582,0.0015089685169941516,0.0017143868098514726,0.0021917752714690326,0.005656828041755795
BHR,Third,1260.0,0.248,14.634480309728616,18.633334372543224,23.275060821519265,41.36962510371366,0.002842199785352347,0.0031732286280504963,0.003921308762878128,0.008825630828728979
BHR,Fourth,1540.0,0.457,18.406471165280745,23.350104298097214,28.914399270307246,49.56065907331574,0.005800231250244981,0.006386043328310075,0.007680141522390783,0.015495755321454186
BHR,Fifth,1770.0,0.706,21.741318842764187,27.48411863955815,33.767650985206544,56.03948450202697,0.00975019688284243,0.010601124058406946,0.01244197187643006,0.02275494495799204
BHR,Sixth,2110.0,1.21,26.508993907859374,33.39863066060198,40.72140700327212,65.48454959040359,0.01812360018526711,0.019467095662078018,0.0223132277081631,0.03710263165549733
BHR,Seventh,2400.0,1.84,31.037537441129032,38.96018240229648,47.12498580687439,73.37344051320643,0.02970826247290524,0.031510959248331284,0.035243325457236636,0.053100181246567096
BHR,Eighth,2930.0,3.46,39.00346486880024,48.755302097602375,58.43528913371648,87.71144306431563,0.06088215160287517,0.06367125963919083,0.069283969595499,0.09347524285490502
BHR,Ninth,3420.0,5.75,47.31144295503971,58.80655124665605,69.66135176425388,99.87433507074229,0.11182031924496019,0.11485623687570377,0.12068058267668616,0.14145290243599357
BHR,Tenth,5760.0,32.0,86.68227641806592,106.10634355765467,121.92732338161575,157.228764036139,0.7592665648441009,0.7482714324181949,0.7257718142842916,0.6205923537069217
BHS,First,471.0,0.0303,6.458871554833354,7.09223490214186,8.267850504900364,15.01058326077121,0.00022562011525502584,0.00025980095423550965,0.00035814846930265156,0.00128901511241414
BHS,Second,752.0,0.125,11.012973094616274,12.008310456311422,13.731866461201104,22.953140837966682,0.001205249012858093,0.0013517395546779687,0.0017538093679454404,0.004903114902860231
BHS,Third,895.0,0.212,13.59421961519937,14.756865656101564,16.685833057053763,26.604305555819693,0.0023403025307527237,0.0025844045243748107,0.003236073959075762,0.007814736565815885
BHS,Fourth,1100.0,0.399,17.1718973791607,18.575889304288737,20.81581783610073,31.95327974414447,0.004893647581724581,0.00533754954914551,0.006496281399310235,0.01395651434977354
BHS,Fifth,1270.0,0.627,20.37748220699465,21.97231691513715,24.42287275924474,36.23960154268445,0.008408218398030807,0.009069361038636259,0.01075995124213183,0.020810574262263362
BHS,Sixth,1520.0,1.09,24.950344268797846,26.819005237108016,29.575149326912715,42.45376217060542,0.01596426654071548,0.017034615330186232,0.019715815429149828,0.03443908947313241
BHS,Seventh,1740.0,1.69,29.36135835462437,31.454533422630114,34.402826808642,47.72641233068219,0.026750290493212436,0.028226238129379213,0.03184170604781854,0.0500507936376509
BHS,Eighth,2140.0,3.25,37.092602154119376,39.58543900248839,42.89077496876202,57.233050310700946,0.05618727465537291,0.05854882405977644,0.0641773129256779,0.08963486255888206
BHS,Ninth,2530.0,5.55,45.354008532155184,48.157275128547816,51.55482283795502,65.51299520068393,0.10649159807240453,0.10920669653219243,0.11539690216612133,0.13864244184651534
BHS,Tenth,4350.0,32.9,84.59493283696,88.61525113997453,92.00384327698211,104.1239791720278,0.7775335325996734,0.7683807703273956,0.7462639989934664,0.6384588572906922
BIH,First,345.0,0.0604,5.164343066292771,5.714255279361077,6.782161419456949,10.134392167655685,0.001399548551336116,0.0013410460717873161,0.0013450193081538833,0.0012383670785549878
BIH,Second,523.0,0.229,7.795807007164753,8.65035116163521,10.261433568817909,15.400428903167441,0.0052342108156352525,0.005059730344141448,0.005071633453472796,0.004749302097755483
BIH,Third,604.0,0.363,8.988748202863391,9.989187479734174,11.84523472177827,17.820885957144476,0.008261765995845364,0.00802679130618868,0.008042863327817564,0.0076053923356401406
BIH,Fourth,723.0,0.648,10.744469650570025,11.953253213190251,14.166000591038427,21.341381706263345,0.014640903900870365,0.014281922530791136,0.014306529779670901,0.013633887609286268
BIH,Fifth,818.0,0.964,12.142815525284515,13.5213832301046,16.01533224903636,24.154910216418074,0.021679513144282403,0.02122463429106795,0.02125587843048501,0.02039840123785732
BIH,Sixth,956.0,1.59,14.17607248546208,15.796444521936555,18.692495509871414,28.201457351255566,0.0356356894367732,0.03501056964411969,0.03505359547239336,0.03386785429047763
BIH,Seventh,1070.0,2.31,15.891323632490632,17.72024235945347,20.949091427349977,31.617088410404886,0.05142899140289747,0.050710701931414345,0.05076025906712739,0.04938803165067814
BIH,Eighth,1280.0,4.13,19.003537681177207,21.196766287206035,25.00880284345397,37.68487120813442,0.09138488182029948,0.09047575967935166,0.09053869155161302,0.08878484939146022
BIH,Ninth,1460.0,6.37,21.695123624323443,24.212173019758534,28.505032581187443,42.89838664746885,0.13994756278762688,0.13927459483866678,0.139321532437078,0.13799407879731496
BIH,Tenth,2270.0,29.2,34.585377180192516,38.42737560083171,44.55369239080158,65.30999274018355,0.6303869321444334,0.634594249362471,0.6343039971721881,0.6423398355109748
BLR,First,253.0,0.00456,4.927494463124721,5.403121902581281,5.7367150661845026,5.859936707692541,0.00023295626966472974,0.00013811269845993626,7.994452928660424e-5,1.2636045690816233e-5
BLR,Second,464.0,0.0264,8.278477396322398,9.35485545898011,10.242601352929958,11.558848707320958,0.0012370385712112812,0.0008076334693473512,0.0005159747036782738,0.00011229587408126621
BLR,Third,600.0,0.0544,10.162971627017075,11.689390122671997,13.033865368149636,15.616944514435065,0.002393619211917079,0.0016542017605138625,0.0011206039521489376,0.00029566293540436717
BLR,Fourth,789.0,0.12,12.769386874134605,14.896183920028282,16.85262580195626,21.18562216076714,0.004991115662720129,0.0036098492411611224,0.002562836971689366,0.0007889891064876374
BLR,Fifth,971.0,0.217,15.095661532474438,17.834384132886182,20.44135593242726,26.830588455347844,0.008554087439945034,0.006445133243774794,0.004772913477226875,0.0016882257626174096
BLR,Sixth,1230.0,0.436,18.40798226227956,22.01493034572179,25.55154589473843,34.970823794275844,0.016201557015535332,0.012701136688691921,0.009798523882958677,0.003965534160200618
BLR,Seventh,1510.0,0.778,21.59140838937649,26.14984234438822,30.745727011162497,43.9402468753341,0.027079206567280616,0.022119411696339474,0.017803458861471874,0.008284891562209568
BLR,Eighth,1990.0,1.77,27.161830346255137,33.35736551839908,39.77997728066972,59.66119033170783,0.056716896758324385,0.04851271009232497,0.04094730273798247,0.022285162368434207
BLR,Ninth,2590.0,3.76,33.085314129029875,41.35533650206866,50.20663707869685,80.03681801958481,0.10710670082915073,0.09716132864186132,0.08714093813416311,0.057941465014172314
BLR,Tenth,5510.0,38.7,61.07978817068495,79.21616434645208,99.55666285433749,181.11987412036123,0.7754868216742506,0.8068504824675253,0.8352575027493939,0.9046251371707019
BLZ,First,71.4,0.00112,0.7667387669878448,0.8722955202014249,1.130992011220438,2.5333577436884887,1.8590688392093606e-5,2.0519316864575422e-5,2.3467041729614482e-5,2.9603134723541524e-5
BLZ,Second,140.0,0.00885,1.5336457683868194,1.7425121700747728,2.2451754667527086,4.9562988635705585,0.00015474298532162692,0.00016794181980027732,0.0001877010613479301,0.00022749328615294872
BLZ,Third,188.0,0.0218,2.0716989829537393,2.349509277305588,3.015005896439093,6.600554936108437,0.0003915528839395525,0.0004206381950366433,0.0004636389287753366,0.0005485285192742109
BLZ,Fourth,253.0,0.055,2.8135853607281693,3.1866287099265747,4.076190213318639,8.864048046778837,0.0010121062546572961,0.0010784313575934684,0.0011755032744922784,0.0013640821599103393
BLZ,Fifth,318.0,0.112,3.5589255210767723,4.024804816373997,5.133072221459908,11.095838570286245,0.0021044026659026477,0.002225862311440168,0.0024020033444956696,0.002739228824353261
BLZ,Sixth,411.0,0.251,4.635802723616475,5.235196606556962,6.657396867187701,14.305980975170797,0.004807434088252388,0.005048717022100978,0.005395480843102319,0.0060499054924672575
BLZ,Seventh,511.0,0.499,5.810548125276451,6.550433932896534,8.303925521581322,17.734594937060823,0.00975810995648165,0.010172257778798143,0.01076179473320574,0.011857610329358628
BLZ,Eighth,686.0,1.27,7.8786552157827465,8.864190884746373,11.19590306324979,23.734397093880148,0.02541177782552489,0.026271159005190167,0.027480948793488252,0.029690229893975364
BLZ,Ninth,905.0,3.08,10.528364138595869,11.809463006689313,14.841489218714308,31.155545069570852,0.06338879258990278,0.06483960949678434,0.0668504712801421,0.07043262752245968
BLZ,Tenth,1990.0,40.5,24.247138904931564,26.90298664687378,33.21205677901649,67.15270431960825,0.892952490061625,0.8897548636963913,0.8852589906992209,0.8770606908373247
BOL,First,498.0,0.185,1.3639318210483995,2.3945373307413513,4.677056635752427,23.356608085326247,4.242701041756716e-5,0.00012297805310152303,0.0004928811684561037,0.010457196221151726
BOL,Second,686.0,0.453,2.578406793444143,4.259017115856262,7.636390800752641,30.700145987266865,0.0003062679799501821,0.0007344837554385395,0.002270124319460978,0.024842880219772188
BOL,Third,754.0,0.576,3.376614153474705,5.38017349147063,9.181569616172425,32.69643989006379,0.0007112051871548766,0.0015233153836857589,0.004041624415905814,0.030353044082537084
BOL,Fourth,872.0,0.874,4.472440952696269,6.924949197428326,11.36031282197598,36.69663770302084,0.0017161088151365687,0.003357669519410508,0.007884851645444233,0.04386124783646663
BOL,Fifth,957.0,1.14,5.535458665434392,8.353167610088574,13.227996247438,39.176792522012306,0.003353917292884129,0.006049099278264935,0.01272872614675305,0.05407449122718916
BOL,Sixth,1090.0,1.69,7.059817326704974,10.391713391308121,15.902016377726063,43.27264814725158,0.007215142659527153,0.012025219499788803,0.022749735146332533,0.07442902115090642
BOL,Seventh,1190.0,2.24,8.662638764723267,12.426167326120055,18.354628768524137,45.79949771609413,0.013760892043931815,0.02113261768132892,0.03580599879818695,0.0893838351147841
BOL,Eighth,1390.0,3.72,11.468605639940858,15.982101279896536,22.685079022345914,51.32168545914826,0.033417771466690775,0.04682084546369135,0.07011197810491715,0.129306968493587
BOL,Ninth,1550.0,5.5,14.877800353916244,19.97830635489916,26.958811717077893,53.979656221676294,0.0762340054877062,0.09499489526077859,0.12150800136660772,0.15246890060554516
BOL,Tenth,2390.0,29.5,31.895477214974967,39.12201204368079,46.819885037768984,71.67045865710674,0.8632422620566007,0.8132388761045111,0.7224060788879354,0.39082241504806053
BRA,First,76.3,0.000209,1.0853429598300928,1.215045195075172,1.4108733329678538,2.3318538621088187,4.690804159133086e-6,4.533419326587786e-6,4.489545328834718e-6,4.547652545076235e-6
BRA,Second,166.0,0.0022,2.34094526624233,2.6401759291869413,3.0749066769470867,5.077759212566554,4.916638259984011e-5,4.778411053542203e-5,4.739733923899732e-5,4.7909448416602825e-5
BRA,Third,235.0,0.00643,3.3083145031157777,3.7425397652056787,4.363869950427094,7.202802196528906,0.0001431832626726456,0.00013963814182793357,0.00013864392553042908,0.00013996011481885989
BRA,Fourth,332.0,0.0186,4.6569597049611655,5.281415917805446,6.164146242315693,10.170151710612993,0.00041430066194547634,0.00040516257370950133,0.000402595106050195,0.00040599357497077233
BRA,Fifth,434.0,0.043,6.082933964015203,6.911667326242744,8.072516269207005,13.31384583003767,0.000953507155077093,0.0009348029307465258,0.0009295389420210763,0.000936505849245158
BRA,Sixth,585.0,0.109,8.172683924741925,9.303107771275036,10.872794872813142,17.925149967351068,0.0024038591017863753,0.0023624121546076695,0.0023507285481583606,0.002366190228076391
BRA,Seventh,758.0,0.245,10.577659275590277,12.059981152658418,14.102446695740241,23.2391660075084,0.005404398503285495,0.005324559814857259,0.005302015059015975,0.005331846050233189
BRA,Eighth,1070.0,0.716,14.864994446814451,16.978191766151625,19.864340578757123,32.7115099286452,0.015784120508080562,0.015594799162152801,0.015541233076907732,0.01561210178411532
BRA,Ninth,1490.0,2.08,20.79764624201515,23.796806959688514,27.853286069768107,45.81534794658876,0.045601762500386625,0.045217718712689134,0.04510876454900471,0.04525288336292355
BRA,Tenth,3850.0,42.6,53.744623873865365,61.6420986716538,71.99013018650624,117.18898535467882,0.9292410111200068,0.9299685889795473,0.9301745939087438,0.9299020619346551
BRB,First,230.0,0.014,2.977927068356394,3.1982184742944186,3.678135892639077,7.731988689142257,9.08895916520283e-5,0.0001101986167415927,0.00014141455733226944,0.0005840708254917957
BRB,Second,386.0,0.0664,5.376034195559005,5.720355765523788,6.4854670991134045,12.470833258219407,0.0005732903767093012,0.0006713746063809209,0.0008233835216970313,0.002602804772600845
BRB,Third,473.0,0.122,6.855559307522161,7.251380479655167,8.151712239992902,14.892396624321632,0.0012281684776334193,0.0014089426242733572,0.001682163439220033,0.004545817424272617
BRB,Fourth,594.0,0.245,8.889151103869992,9.35873147285858,10.449482112126486,18.31926864465897,0.002778249576466162,0.0031350126998374054,0.0036633814453868865,0.008733549491014956
BRB,Fifth,701.0,0.409,10.79577612560401,11.3169622779913,12.558432239457751,21.220348663812228,0.005123376255340622,0.005696100470852873,0.006528713956965399,0.013905846286481857
BRB,Sixth,854.0,0.758,13.518825810525952,14.112089892269841,15.565891217848742,25.369871722957154,0.010418008826383059,0.011417054277336115,0.012842959578291405,0.0245237810962575
BRB,Seventh,1000.0,1.25,16.27898323900783,16.916994021206865,18.542050531275695,29.117515476857804,0.018742548205238768,0.02023570958949864,0.02232517179902206,0.038067745435350256
BRB,Eighth,1260.0,2.57,21.102591461870166,21.816878784314987,23.736915891478187,35.71760601637133,0.04263138560489926,0.045264333518865246,0.048862843592321376,0.07339426884714635
BRB,Ninth,1530.0,4.82,26.654552269877765,27.367938671545115,29.492800701246846,42.055326883016974,0.08944763406250729,0.09296487666519457,0.09760455690586187,0.12470810335453444
BRB,Tenth,2790.0,35.6,53.60863548511382,53.97272745942237,56.54678390647575,70.43783307315624,0.8289664490231701,0.8190963969310192,0.8055254112039018,0.7089340124668493
BRN,First,684.0,0.0196,7.756519740155368,9.720920453493884,12.066502159768419,22.78184150171361,0.00014185898946970801,0.00017607535618944706,0.0002416002228778085,0.0007918541184577377
BRN,Second,1130.0,0.0886,13.708717220429882,16.998886180470347,20.70491981036664,36.1695594475145,0.0008254980943150369,0.0009847917206295854,0.0012742436929421067,0.0033233758438166614
BRN,Third,1360.0,0.157,17.244567350269,21.238587784006707,25.58291455359831,42.75915087660109,0.0016859117737977227,0.0019646810268574297,0.002455770747412711,0.005605981053930812
BRN,Fourth,1700.0,0.308,22.12488482135813,27.1053135067183,32.36021561278431,52.185912691467266,0.0036705487076129878,0.004198089610835072,0.0051043676425438726,0.010475465411960387
BRN,Fifth,1980.0,0.501,26.607726448390412,32.436652290946064,38.41485676739128,60.00392588949007,0.006539891642175558,0.0073548592383069445,0.008723075127341226,0.016268386066683387
BRN,Sixth,2390.0,0.905,33.007993691971926,40.04673467591588,47.05358089309353,71.21690522545906,0.012861904978085153,0.014230298174737935,0.016475639558938,0.02800475273608376
BRN,Seventh,2780.0,1.45,39.35038170423777,47.496342773666406,55.34715701615455,81.09963719756018,0.02235262546416594,0.02431559035166871,0.027457899466287804,0.04239574430061702
BRN,Eighth,3450.0,2.89,50.44898137514696,60.53361330755136,69.86033588809235,98.57097221318838,0.04890949224494424,0.05220469213698316,0.057324273754778006,0.07947726483269466
BRN,Ninth,4130.0,5.19,62.79437990508418,74.75546370878833,85.20566724886048,114.68393323895374,0.09766347796613431,0.10174898038564298,0.10780768359000945,0.13030150798605777
BRN,Tenth,7260.0,34.3,122.02927560847186,142.05275446434703,156.176193249661,185.78387806350185,0.8053487901392993,0.7928219419981487,0.7731354461968691,0.6833556676496978
BTN,First,408.0,0.0233,2.562979296046622,3.846181215631838,5.725774690733753,16.631568484202656,0.00016859586165333222,0.00019212969567300616,0.00024617997699265156,0.0009802376510826818
BTN,Second,649.0,0.101,4.4195953928973575,6.587827321253193,9.666785781249066,25.76498701546605,0.0009505241117618139,0.001057413199641437,0.0012938489815988797,0.003942022635439741
BTN,Third,771.0,0.175,5.4995325113014,8.163303197954562,11.876921275179265,30.121933712347683,0.0019052816526639643,0.0020896162665712146,0.002488416721904553,0.006487498719769758
BTN,Fourth,944.0,0.337,6.988702720299083,10.339494923688035,14.940496537580819,36.40627681200705,0.004086554898265583,0.0044312504673582045,0.005163699621333595,0.011886276847069483
BTN,Fifth,1090.0,0.54,8.341828990421105,12.303749876711096,17.669180282555793,41.53890708935847,0.007183785636605906,0.007710483272043277,0.008811394880163095,0.01813557452739698
BTN,Sixth,1300.0,0.962,10.26986552393039,15.102403605132857,21.55681911261249,48.92822404540503,0.013945101903931445,0.014819855784552706,0.016618543111607934,0.03068806321860733
BTN,Seventh,1490.0,1.52,12.159309456966415,17.82429418499602,25.281115005052797,55.33756820717266,0.023909636531437538,0.025149729385131273,0.027654831943686294,0.04563987951993954
BTN,Eighth,1830.0,3.0,15.46249079798956,22.5835140436756,31.796274435317763,66.76506144899373,0.05152960412803217,0.053581750835612466,0.057639122905494146,0.08387356125610813
BTN,Ninth,2160.0,5.29,19.079190224843877,27.73171363175489,38.67677213864472,77.07295372706903,0.10092412903499712,0.10341252164635188,0.10816920598226815,0.13406812114480085
BTN,Tenth,3700.0,33.9,36.328953596031006,52.0861326497122,70.75868132932771,124.07269444317107,0.7953967862406511,0.7875552494470646,0.7719147558749506,0.6642987644797854
BWA,First,43.1,2.64e-5,0.5422151572278646,0.6452277295159509,0.7923934604176796,1.375453190656851,4.052421354400258e-7,4.5953220248833676e-7,5.44961625683895e-7,7.311073261441627e-7
BWA,Second,110.0,0.000385,1.4010005485535573,1.6786561612993067,2.050369413724366,3.484747619448751,6.285416435640577e-6,6.988917857924338e-6,8.069811260721138e-6,1.0337114270302335e-5
BWA,Third,170.0,0.00138,2.178694225426751,2.6113651380784364,3.175925801258305,5.337773455724448,2.3349012985691925e-5,2.564445105980918e-5,2.9119071975186492e-5,3.62369850222295e-5
BWA,Fourth,256.0,0.00472,3.3082152610110453,3.9659737749946453,4.807116263726348,8.009261740006686,8.21667119614595e-5,8.935371817178991e-5,0.00010010254823986969,0.00012170555889606895
BWA,Fifth,354.0,0.0126,4.610793276794927,5.524216238459059,6.67418469149006,11.036994533081172,0.00022557748480135507,0.00024312459485186438,0.00026908332848653727,0.0003203615863407185
BWA,Sixth,503.0,0.0369,6.592343865972375,7.893021217303457,9.506260083164118,15.608356897669672,0.0006749039043023704,0.000721113382081806,0.0007887495023241563,0.0009201205539957467
BWA,Seventh,687.0,0.0966,9.079830893039029,10.857568829019039,13.032054076681444,21.243366125357703,0.0018123141665667601,0.0019190256873342143,0.002073482030328153,0.0023682299533696965
BWA,Eighth,1030.0,0.335,13.675532936601423,16.328829562445335,19.523389698445694,31.569219540554734,0.00646167077211941,0.006773209961639702,0.007218417054130683,0.008051028749716974
BWA,Ninth,1540.0,1.21,20.850680550725613,24.827878485693926,29.527649446014166,47.25990776115722,0.024115652863210307,0.024951555241446915,0.02612593961647136,0.028263932964284484
BWA,Tenth,4790.0,44.1,67.24190076323934,79.16094648274435,92.41466562910804,143.50394593954528,0.9665976744254816,0.9652695245133535,0.9633864920751576,0.9599073154267777
CAF,First,14.2,9.64e-5,0.07019229447741328,0.0949188794643036,0.14698565471425756,0.6050081468256495,1.5280454032524877e-6,1.714784106526356e-6,2.0053946679554148e-6,2.6277565965827444e-6
CAF,Second,32.7,0.00115,0.16484068856831566,0.22347608520692766,0.34405838006631506,1.3915682694165388,1.9214777030595292e-5,2.1167606412851668e-5,2.4138857128353792e-5,3.027711130168653e-5
CAF,Third,47.6,0.00362,0.24363533943946927,0.33003431294788305,0.5059845075761407,2.0266334760040396,6.261521648148802e-5,6.819159344566609e-5,7.655875133589311e-5,9.346576817376578e-5
CAF,Fourth,68.8,0.0112,0.3554409851437227,0.4812130613698987,0.7353437559875209,2.922732863516799,0.00019830503573344406,0.00021398163221569405,0.00023724078182777748,0.00028340777042347995
CAF,Fifth,91.8,0.0272,0.47866456967171167,0.647366343436768,0.9861819323586775,3.893493848306533,0.0004950861884024643,0.0005298002792427969,0.0005807831002871071,0.000680356427747311
CAF,Sixth,126.0,0.0725,0.6622712476677937,0.8947728811714114,1.3590192127192968,5.331045632450159,0.0013507341197954478,0.0014338218554629943,0.0015546379017902419,0.0017869008339255346
CAF,Seventh,166.0,0.173,0.8825800371087023,1.1906849986984367,1.802653846050182,7.025134685011146,0.00329605398152467,0.003469621403003328,0.0037193732707724754,0.004191610411160744
CAF,Eighth,238.0,0.54,1.2814911558799058,1.726057701200056,2.603842926220372,10.073705642356801,0.010554013691434824,0.011005783072119359,0.011648091750444765,0.012839717859234878
CAF,Ninth,342.0,1.7,1.866582632087403,2.507430888611925,3.7644320977275196,14.429976609434553,0.03430952832112289,0.035348974182366856,0.036803153815816815,0.039432863344467245
CAF,Tenth,941.0,43.3,5.345217345197384,7.1228206948040595,10.551889636434952,39.48036361664768,0.949712920623071,0.947906943591624,0.9453540163759286,0.9406587727169687
CAN,First,846.0,0.0869,16.903385803649783,17.45008461089228,18.005516776310397,20.04502569142079,0.0029310438677064526,0.0024625343345855513,0.0020383426458496345,0.0009552398822267074
CAN,Second,1260.0,0.3,24.254842725026254,25.335752960924424,26.469164494461317,30.93640802709949,0.009370275867017204,0.00817582373272941,0.00704663030960796,0.003861520121821073
CAN,Third,1450.0,0.453,27.183126138647626,28.583453475164863,30.073205796968598,36.14091647583358,0.013523804086853388,0.012056070556716836,0.010633039750255856,0.006374105079855735
CAN,Fourth,1720.0,0.777,31.75802352460044,33.56840100032897,35.51197579003949,43.63190813085993,0.022314753876284794,0.02023647678250009,0.018178648598091665,0.011706515550318077
CAN,Fifth,1940.0,1.12,35.168071511123586,37.3463486792313,39.7027127700656,49.75708685661519,0.030990410480040274,0.028539627479297267,0.026063814324502537,0.017899772043396586
CAN,Sixth,2250.0,1.79,40.25170995666262,42.933249551704,45.850847459252506,58.566972234409796,0.047871868559071676,0.044747810463138527,0.041524273011856676,0.03035227538986092
CAN,Seventh,2520.0,2.53,44.21465558347015,47.37588356084095,50.83590787780137,66.22237359059686,0.06478322637241105,0.06149695075954165,0.05801905534746311,0.04523808529541753
CAN,Eighth,3000.0,4.38,51.68115789645227,55.64461295050044,59.99989726635432,79.86009687938896,0.1071155876266522,0.10345275710501224,0.09942681723047411,0.08333647193108341
CAN,Ninth,3400.0,6.51,57.3317808185857,62.11921163489662,67.41273396664918,92.20686951939423,0.149673817426949,0.1477655087331573,0.14540167331201062,0.13362056712872897
CAN,Tenth,5340.0,27.9,85.85911838813071,94.06342948845999,103.05106766616898,148.61742858712822,0.5514252118370139,0.5710664400533212,0.5916677054698878,0.6666554475772911
CHE,First,1110.0,0.0812,17.3665118401584,19.664222351771,21.907721212426885,30.96444934086143,0.0017958999249410626,0.0017442997811340114,0.0017760387735782912,0.001758788876458831
CHE,Second,1650.0,0.289,25.767862284845773,29.233926067637345,32.524370734927984,45.97311425567229,0.006376741021876534,0.0062315379459978,0.006320966563940717,0.006272409198827207
CHE,Third,1890.0,0.444,29.42800055022052,33.42170142033518,37.1532490419648,52.51748941616236,0.00977027623484443,0.009581265518318094,0.009697762353215386,0.009634542005690415
CHE,Fourth,2240.0,0.769,34.90501451257017,39.67277328547614,44.066777494311225,62.27035407705904,0.016908314141015762,0.016627554434767336,0.016800708091452017,0.01670678490305233
CHE,Fifth,2520.0,1.12,39.17874430248229,44.56026201429171,49.459025065553924,69.86892431512437,0.024509124846010803,0.024162652033753805,0.024376458638867827,0.024260535260403646
CHE,Sixth,2920.0,1.8,45.43566723055822,51.70502846651444,57.336552748993526,80.93897112805845,0.03946350765320932,0.0390002590222873,0.039286302649906873,0.03913128191106413
CHE,Seventh,3250.0,2.54,50.588576823516846,57.601688934834684,63.81644661805648,90.02527611736332,0.055748304574706795,0.0552326647477004,0.055551284347456625,0.05537870028297833
CHE,Eighth,3850.0,4.42,60.03829836385964,68.38766825520003,75.65155336905416,106.5331169261569,0.09671664077226981,0.09609229524582842,0.096478476621089,0.09626945278355344
CHE,Ninth,4350.0,6.58,67.89274538269272,77.38113985538186,85.45800531936663,120.13955826025865,0.1436674278032593,0.1432525042560713,0.14350981809208033,0.14337081265659815
CHE,Tenth,6710.0,27.8,106.05692540268105,120.71769048448846,132.1818178612118,183.2150121720013,0.6050437630278662,0.6080749670141415,0.606202183868413,0.6072166921213735
CHL,First,268.0,0.00219,2.4004771168176657,3.050432732985778,3.9765826091288328,9.678992942258555,1.080958114652462e-5,1.2864550253354667e-5,1.7411821679253815e-5,7.86710493351349e-5
CHL,Second,493.0,0.0141,4.804614806145554,6.054584868835776,7.7676213628718775,17.387545148241927,9.862223667867615e-5,0.00011398140959965482,0.00014655692173368048,0.0005092138447502748
CHL,Third,639.0,0.0312,6.539327684680292,8.197143195205028,10.414733088018268,22.17778520480491,0.0002638471240686328,0.00029954961489240287,0.00037335454520952065,0.0011078119877406952
CHL,Fourth,840.0,0.0731,8.926253623765554,11.142130054900427,14.046644676684265,28.736768626827107,0.0007131781214842712,0.0007981829160517232,0.000970311723055703,0.0025370497449454465
CHL,Fifth,1030.0,0.14,11.364004364794173,14.13046772246184,17.689244274222066,34.90886047650872,0.0015437369683090874,0.0017056321373377756,0.002027369744263109,0.004730706402017529
CHL,Sixth,1310.0,0.299,14.891310430761408,18.447172286545463,22.93548660498196,43.70105478028007,0.0036670056723568044,0.004001262998792769,0.0046534320478919065,0.009723472756799209
CHL,Seventh,1600.0,0.567,18.811644608503553,23.211650770927875,28.65375543216535,52.64507464401863,0.007750751973222145,0.008348378123123324,0.009491993473863996,0.01768896240423487
CHL,Eighth,2120.0,1.38,25.721244966762956,31.594663531184338,38.68514436934182,68.19373364495495,0.021122019685279207,0.02242230356795841,0.024855243149761293,0.0407404229950068
CHL,Ninth,2740.0,3.21,34.82968137476902,42.52947052597342,51.52379095878004,86.13308538955991,0.05584180616452319,0.05818628484881123,0.06243896205887531,0.08685441247781467
CHL,Tenth,5810.0,40.1,82.98394759515993,99.55803529790306,116.93673056025311,170.11843173491243,0.9089882224729315,0.9041115598331794,0.8950253645136662,0.8360292763373554
CHN,First,359.0,0.0617,2.2072717801181656,3.418210363225845,5.0472098998698645,13.972445181362595,0.00012589100417040398,0.00018386879206794805,0.00030355177076240507,0.002240529594841313
CHN,Second,544.0,0.196,3.8807492809862514,5.88420034363681,8.434376885876091,20.54291798945571,0.0007486903859662405,0.0010201989818122612,0.00153380175780867,0.007591132504898516
CHN,Third,631.0,0.291,4.881415363685495,7.30839787328025,10.295541965824718,23.30398920204976,0.0015488713868732295,0.0020257510235179815,0.002882551460714868,0.011323862866902588
CHN,Fourth,759.0,0.502,6.257805289759653,9.275324929807514,12.886948628442896,27.513976093510735,0.003407121636256982,0.004312298981160593,0.0058721224396199164,0.01918320994704043
CHN,Fifth,864.0,0.736,7.526977091917592,11.055237180115219,15.170404096599627,30.73885803471539,0.006127067829854073,0.007529387149694693,0.00985527003284997,0.02727879059805442
CHN,Sixth,1020.0,1.22,9.336187917741015,13.591676977695451,18.428476817941636,35.500001957207935,0.012158811452641458,0.014520181278410798,0.018290525026093588,0.04311491282896801
CHN,Seventh,1150.0,1.79,11.137683027356573,16.064957656836352,21.512945518724933,39.33438277352955,0.021328473905232074,0.024726572961421316,0.02993375317083866,0.059746377632058055
CHN,Eighth,1390.0,3.31,14.28384242905767,20.38826402779669,26.926498524283545,46.4526071886688,0.04715833559359672,0.05288485266497489,0.06123393313622025,0.10144534079439473
CHN,Ninth,1620.0,5.47,17.81091414388523,25.081251063120643,32.544740339485955,52.14768763405965,0.09543035171326743,0.1025738107771097,0.11220849268509074,0.14661983342964288
CHN,Tenth,2720.0,32.3,34.7184518062657,47.247596430919764,58.908421419491866,80.33139573070277,0.8119663850921414,0.7902230773898298,0.7578859985200009,0.5814560098031991
CIV,First,237.0,0.00531,0.9609429051687234,1.6986283185043622,2.84697831538087,10.206822738783186,4.853667210398993e-5,6.209489209730805e-5,7.512714334792624e-5,0.00019108487423469552
CIV,Second,422.0,0.0311,1.834086057197303,3.2092047260442653,5.3256654783538036,17.968990253551596,0.00034220920535408086,0.00041919156487974277,0.0004902905802013747,0.0010527239376520912
CIV,Third,531.0,0.0641,2.4051488350611456,4.17891641902322,6.892405233857287,22.473011844171914,0.0007835135817946026,0.0009351475036879448,0.0010718844055562014,0.0020815865379325794
CIV,Fourth,683.0,0.141,3.1915988442185514,5.515638904487404,9.05357730186013,28.725569167272024,0.0018692994874502653,0.002185104513927089,0.0024644216921941783,0.004416321385047326
CIV,Fifth,822.0,0.255,3.9520544691287487,6.795039548658457,11.104731336863935,34.39430038794939,0.0036162784932031074,0.004148793897919151,0.004611529989213077,0.007687792287370697
CIV,Sixth,1020.0,0.509,5.0440039766931815,8.630469073296437,14.044898850087229,42.49986917542615,0.007703047276165761,0.008678277766119293,0.009511023373383477,0.014782368671149784
CIV,Seventh,1220.0,0.899,6.187325278950084,10.530797981051936,17.06108421258431,50.41066091322504,0.01454170107050393,0.01607713716318419,0.017363978265779855,0.025096889103212006
CIV,Eighth,1560.0,2.01,8.19191072734818,13.86137418909716,22.345193941279877,64.28657917870842,0.03491060405192801,0.03779045612272658,0.04015133405390257,0.05349491518633063
CIV,Ninth,1950.0,4.16,10.61049016406147,17.812268657601447,28.526438683719427,79.35076550061711,0.07847855579395654,0.08269076215314444,0.0860346759459914,0.10330836772452298
CIV,Tenth,3790.0,37.8,22.673770334702546,37.31698781393029,58.76745757568835,150.99082064868765,0.8577062543675398,0.8470130344223143,0.83822573455043,0.7878879502925472
CMR,First,120.0,0.00674,0.5880092560318793,0.8913333900833542,1.3799320497784466,5.044279985346425,5.220961040621289e-5,6.920589082621784e-5,8.493474275095483e-5,0.0002534127332432809
CMR,Second,209.0,0.0374,1.106631482198459,1.6552011373606719,2.534342719038488,8.647169857219199,0.00036341442635802907,0.0004582960821756878,0.0005422777549371572,0.0013246657041290498
CMR,Third,260.0,0.0748,1.442768661208836,2.139477172952846,3.25387969047218,10.674011173896906,0.0008256978234619385,0.0010107082780895,0.0011701582131955692,0.002539588808998405
CMR,Fourth,330.0,0.161,1.9048843510944873,2.8059177266952386,4.244931351651403,13.494647231387408,0.0019578589495870664,0.002340042451793386,0.0026623864459513506,0.0052564913532258915
CMR,Fifth,394.0,0.285,2.3496925246485976,3.439722963946465,5.178793156576162,16.010582496445583,0.003766693632360732,0.0044063621440873675,0.004935335731936216,0.00894923416533324
CMR,Sixth,486.0,0.559,2.9873689875417795,4.3473148443127805,6.514949107030807,19.605358517485005,0.007980480928123297,0.009143379599000535,0.010086432274508537,0.016841106297679136
CMR,Seventh,575.0,0.971,3.6520868673353415,5.2810214400355795,7.875714381181537,23.052567345998412,0.01498181613253627,0.016798463889166226,0.018241216778938314,0.027960849810208476
CMR,Eighth,732.0,2.13,4.816050525311446,6.915243408022904,10.256567246745755,29.104065680465922,0.03574343199169491,0.039119477129794834,0.041735137543133245,0.05812702208062947
CMR,Ninth,902.0,4.3,6.211961011663596,8.836696800095703,13.013252460625825,35.50354790480939,0.07971230266806366,0.08458486397540045,0.08822570628273914,0.10872694383647875
CMR,Tenth,1720.0,37.3,13.14275225594353,18.26673314715741,26.414761021045045,65.71616597046632,0.8546160938374079,0.8420692005596657,0.8323164142319095,0.7700206852100743
COD,First,103.0,0.0092,0.22555380877485737,0.4231623190813906,0.8134423229474667,4.7075943267527,5.723940338193177e-5,7.931616967986299e-5,9.909020469321878e-5,0.0003596637393076962
COD,Second,172.0,0.0474,0.42146664180629295,0.7779253033649577,1.4772209112439572,7.881430555916178,0.0003920165973912297,0.0005126413151644782,0.0006153838810610731,0.0017598146223806955
COD,Third,210.0,0.0911,0.5474275371215959,1.0001265492388587,1.8852026334501988,9.601731899939077,0.0008820833084203367,0.001114299768387028,0.0013062289450822067,0.0032456287046385276
COD,Fourth,264.0,0.19,0.7205557819681886,1.3059406140674372,2.4473909236500027,12.011581073388372,0.0020753669499926023,0.002550133120637756,0.0029330723300977665,0.006513015348047165
COD,Fifth,311.0,0.328,0.8864898150162089,1.5949147823156677,2.973237366442302,14.119365113914089,0.0039649471541431825,0.00475212752207341,0.0053730465729070745,0.010784026565493807
COD,Sixth,378.0,0.629,1.1242030190029448,2.008396653320369,3.7251240112748945,17.13527655197738,0.008343744196988965,0.009761575411539007,0.010855480528335225,0.019753461876110753
COD,Seventh,442.0,1.07,1.3708870341448405,2.430893353913305,4.4848986488248475,19.96552853139217,0.015554050927114657,0.017747110910428573,0.019399521108975717,0.0318916893904195
COD,Eighth,554.0,2.29,1.802677823385482,3.170230996552527,5.814450138087187,24.953730715925108,0.03681733551437359,0.04084553217414258,0.04379644221928318,0.06425363867662053
COD,Ninth,671.0,4.48,2.317178198083819,4.0310544358403995,7.336797553105614,30.0596028808438,0.08128426562349939,0.08700007604467018,0.0910171424394361,0.11547818059887797
COD,Tenth,1230.0,36.7,4.863636044917054,8.242675643553335,14.725935709624693,54.17919377209577,0.850628950324694,0.8356371875632772,0.8246045917701285,0.7459608804781034
COG,First,124.0,0.0166,0.7693455886596777,1.096003477782656,1.5645443902685439,5.0216665994602865,9.572872409235182e-5,0.00013427893938478864,0.00016842237632744934,0.0006563709650132594
COG,Second,204.0,0.0759,1.3947966628966968,1.952220810130471,2.7510592856319542,8.088604513590065,0.0005982119392457268,0.0007892553733802651,0.0009497257190896415,0.0028588674490137183
COG,Third,247.0,0.136,1.779900008013313,2.464150538160414,3.4457855958927626,9.638255635449816,0.0012744752078545883,0.0016214785705709208,0.0019038941515273594,0.004927186706350656
COG,Fourth,307.0,0.27,2.3100957701388825,3.170900685186767,4.407047911344746,11.844693135448104,0.0028702390322577287,0.0035470515726012458,0.004083944362184575,0.009366409746848197
COG,Fifth,358.0,0.445,2.8065446090761417,3.8221885155087487,5.282829653393904,13.703054124796365,0.005271935656979552,0.006346872279257515,0.00717977385068544,0.014772074560445738
COG,Sixth,433.0,0.814,3.51613539510834,4.75244497980951,6.533177023469555,16.37213950816701,0.01067868739935719,0.012534041172596906,0.013938401393614918,0.025811912011358792
COG,Seventh,502.0,1.32,4.234128342931717,5.677188563390955,7.7602840260107095,18.770536554043836,0.0191346226544254,0.02187641729936888,0.02390007917559232,0.03968575846762934
COG,Eighth,624.0,2.69,5.490003666258594,7.295028497341628,9.907071990510431,23.026661204686363,0.043327947915780145,0.04809805584914479,0.051513670555901184,0.07569823802963035
COG,Ninth,747.0,4.95,6.931153151536397,9.101687596575431,12.256626185039039,27.090898928629937,0.09038855110725753,0.09663416775978444,0.10090458776082295,0.1268782861410334
COG,Tenth,1330.0,35.1,13.928327076757196,17.74358774939762,23.346431898497976,45.92999994657853,0.8263596003627498,0.8084183811839103,0.7954575006542541,0.6993448959226766
COL,First,105.0,0.000375,1.3777663577375756,1.5992239548210447,1.913583126509569,3.304923083173235,9.705860699304455e-6,9.09624156532724e-6,8.549194085295128e-6,6.670962316329901e-6
COL,Second,220.0,0.00358,2.8393146888540595,3.3222141802632335,3.9974764107313754,7.005892093258793,9.01667020392599e-5,8.542579771276931e-5,8.112469264781793e-5,6.596999465947615e-5
COL,Third,306.0,0.00983,3.9103104687743575,4.592222834535588,5.541026737315195,9.793902846434381,0.0002438956860080051,0.00023260672697286225,0.00022229654101498327,0.0001853891423459883
COL,Fourth,426.0,0.0272,5.391805204765819,6.351317897216574,7.6808739050391175,13.668008112982328,0.0006650980473625067,0.0006376923302387849,0.0006125276654020669,0.0005212825923140718
COL,Fifth,550.0,0.0601,6.9162576157329765,8.166856170637564,9.894987285179285,17.713173776174266,0.001451157236795685,0.0013980329171020011,0.0013490138998089017,0.0011691869181051548
COL,Sixth,731.0,0.146,9.130995330297774,10.807486616210806,13.11792382117106,23.61677593396908,0.003473793358386107,0.0033621944907564123,0.0032587248426318863,0.0028747581939580244
COL,Seventh,936.0,0.314,11.609323583971955,13.770898908142534,16.74368128772372,30.31962162322672,0.007401360172926619,0.0071981514565758005,0.007008789755132867,0.0062974960403788
COL,Eighth,1300.0,0.876,15.992897886471292,19.01684452577565,23.16502674218565,42.21160405754829,0.02035178306490706,0.019900211897575064,0.01947694174878622,0.017864491947354618
COL,Ninth,1790.0,2.39,21.821696180215973,26.0175747390519,31.759342877060593,58.31992871201775,0.05442768750132842,0.05358945667950644,0.05279741996211658,0.049721165298422305
COL,Tenth,4410.0,42.0,52.95523002345152,63.43382071575768,77.59315141219878,144.17428321625266,0.911885352369547,0.9135871314619946,0.9151846116983734,0.9212935889101452
COM,First,30.3,0.000106,0.235577307142414,0.30545052568110104,0.4382757367771759,1.184412956728927,1.677183233196617e-6,1.8808633763190375e-6,2.197606321473125e-6,2.875157839463893e-6
COM,Second,68.2,0.00124,0.5396345039212502,0.69943338534638,0.9970126591204396,2.651144224998999,2.0777333304864165e-5,2.2874990822733273e-5,2.606453672079856e-5,3.264707840844895e-5
COM,Third,98.6,0.00387,0.7898004518998049,1.0219284351300217,1.4502897054697654,3.820772120275683,6.708233635602122e-5,7.301591518194773e-5,8.191383331173299e-5,9.987689659241681e-5
COM,Fourth,141.0,0.0118,1.1431617430703351,1.4772183406796637,2.0891328160087643,5.463337753835793,0.00021087493961657243,0.0002274288469316334,0.0002519765307471367,0.000300660453978713
COM,Fifth,188.0,0.0287,1.5304402603998306,1.9746672015251736,2.7836355580928314,7.232343544435253,0.0005229444140155328,0.0005593483737036819,0.00061278683763655,0.0007170765437680472
COM,Sixth,256.0,0.076,2.1056096117486605,2.712786118992151,3.8122420385731086,9.842960649016334,0.0014174673907835307,0.0015040112310196192,0.0016297966985806011,0.0018714444426651746
COM,Seventh,336.0,0.18,2.792357627892939,3.5910716901391346,5.029747912944084,12.903419070220991,0.0034355780451041655,0.0036150824168437734,0.0038732734408409857,0.004361160291645447
COM,Eighth,481.0,0.558,4.032234070950368,5.175120984354646,7.221429485598178,18.393359225745566,0.010917532031063472,0.011380953621973899,0.012039596092216196,0.013260841934025207
COM,Ninth,687.0,1.74,5.8396086555972495,7.4721004882094055,10.375026169110168,26.18488694943798,0.035147032302037605,0.036201634283620554,0.03767656891794923,0.04034251917634783
COM,Tenth,1870.0,43.2,16.4921925418355,20.904479375927394,28.607161060711242,70.43328865591886,0.9482590340244851,0.9464137694565259,0.9438058255056754,0.9390108980247291
CPV,First,104.0,0.00114,0.9172174778477533,1.1862142304396466,1.6103560678418745,3.869483187390193,1.8929000606733255e-5,2.0890447584318592e-5,2.3887967925392333e-5,3.0126521517271543e-5
CPV,Second,201.0,0.00898,1.8010556233928188,2.3214030607681133,3.1304026766126802,7.422757678188774,0.00015707511317628712,0.00017045595809072603,0.00019048546228549954,0.0002308148357939467
CPV,Third,267.0,0.022,2.416697874058689,3.1070555445935892,4.172380737320259,9.816396392586027,0.0003967145432484779,0.00042614437311136314,0.00046965006329175005,0.0005555223569502092
CPV,Fourth,358.0,0.0556,3.262739346015445,4.186622421326741,5.603501499617191,13.101143815723841,0.0010239182671133193,0.0010909250449679666,0.001188985146417235,0.001379454745318825
CPV,Fifth,447.0,0.113,4.109959948980469,5.2637993833560115,7.023931409784592,16.330524194385525,0.002126102913826077,0.002248638000181217,0.0024263224618655006,0.0027664538907345706
CPV,Sixth,575.0,0.253,5.331234705440774,6.81554734729934,9.06787803563508,20.968456932888472,0.004850678061853873,0.005093759794544904,0.005443079032559822,0.00610223604496758
CPV,Seventh,713.0,0.502,6.660031141779804,8.497198563797555,11.27027670816188,25.915352387160542,0.009832582220100921,0.010249205612528657,0.010842217390413494,0.011944348848866035
CPV,Eighth,953.0,1.28,8.994822938452717,11.450039785059532,15.133319271397063,34.57794053684765,0.025566909690316397,0.02642995059780107,0.027644796872282246,0.029863030771815707
CPV,Ninth,1250.0,3.09,11.977883161005927,15.19957583329963,19.99595074179113,45.31832703420603,0.06365210053454858,0.06510561873765258,0.06712006070666678,0.07070811458874966
CPV,Tenth,2770.0,40.5,27.377359187925368,34.42083907440483,44.680649424681214,99.11786803078398,0.8923749896552093,0.8891644114335373,0.8846505148962923,0.8764198973952863
CRI,First,642.0,0.278,4.511662180344644,6.275913586064601,9.350460782779496,25.402254927807242,0.0003785010069086842,0.0007981248747665864,0.002039381954093838,0.014416185250275191
CRI,Second,874.0,0.661,7.471649222715443,9.926823721737897,13.89622562223902,32.54234975133174,0.0018340498204315308,0.0033444444853821557,0.007049460541832017,0.031536985482983
CRI,Third,953.0,0.826,9.063055768583599,11.724058040763936,15.840576837031923,34.16992521627486,0.0033633536635407236,0.005636403562431453,0.010636654358773402,0.03681400447123915
CRI,Fourth,1090.0,1.23,11.291853375502775,14.3010169429944,18.78318785932671,37.933225887250615,0.0067186415614512015,0.01052468670886905,0.018183932611964604,0.05130216878401083
CRI,Fifth,1190.0,1.58,13.233369896535114,16.443398594847107,21.056773884629372,40.09946536893139,0.011079126336332054,0.016334189888400092,0.026070238019812723,0.06122208489305851
CRI,Sixth,1350.0,2.29,16.009655314890264,19.529851907507883,24.401837386315982,43.88732291156954,0.020213763480633706,0.02810029168397278,0.04153272872251472,0.0816517617764992
CRI,Seventh,1460.0,2.94,18.604464863887852,22.26493898768006,27.122119703474617,46.00182028527472,0.03250116384863413,0.04251258468118179,0.058028295472180406,0.09490999961955347
CRI,Eighth,1680.0,4.66,23.17765040558796,27.149978514413927,32.14238014450014,51.031431435262576,0.06518116545167695,0.07963799207286194,0.09943771468355539,0.13238172390624414
CRI,Ninth,1840.0,6.35,27.832752817577447,31.721775957791284,36.22234633286373,52.9457152668811,0.11646024939435694,0.1304433256482502,0.14540841968943077,0.14903025490928343
CRI,Tenth,2720.0,25.0,49.82840502946889,53.328791255581535,56.134158635860516,68.68726265392718,0.7422699854360342,0.682667956393884,0.5916131739458421,0.34673483090685303
CUB,First,407.0,0.483,3.637780038250734,4.612402321791672,6.16224009985214,14.99286197054094,0.004675215163093164,0.005510499510527701,0.007480344497117676,0.018251852997977266
CUB,Second,526.0,1.11,5.088977507523463,6.3783213388288065,8.324402169438866,18.792104308750865,0.013465183065713697,0.015280675759826242,0.019296296772775966,0.037483774682862084
CUB,Third,556.0,1.34,5.610306685904131,6.985054562162368,8.998571696006918,19.509594483973306,0.018320926924187474,0.020352858716798743,0.024681928422280303,0.042262046198098306
CUB,Fourth,621.0,1.92,6.476491852950976,8.020947331678183,10.224789462255222,21.447911640998733,0.028842484397512597,0.03150222845430182,0.036991261243647225,0.05728993268572726
CUB,Fifth,660.0,2.37,7.089705577964379,8.738295298643097,11.035077220121458,22.483368863911757,0.03840100180338531,0.04130806828529645,0.04712255122513576,0.06669427473164471
CUB,Sixth,726.0,3.26,8.02885412370697,9.849313282538198,12.323052655360565,24.394101946028435,0.05694322031725177,0.06035665641381299,0.06694980158621497,0.0868410067705441
CUB,Seventh,765.0,3.94,8.71568844255418,10.63961814471897,13.18627496433208,25.355799134943133,0.07386584805525158,0.07710667689197295,0.08308426912505684,0.09846628532122477
CUB,Eighth,854.0,5.75,10.061055574335674,12.212811172656739,14.97047650890572,27.83772424550618,0.11648370166549736,0.11953359554233832,0.12468779046345477,0.1335813735256272
CUB,Ninth,895.0,6.91,10.968552019079198,13.22060006039614,15.989379123515493,28.552536495198208,0.15325224484995376,0.15388539247887692,0.15403777477843192,0.14517618178695538
CUB,Tenth,1190.0,18.8,15.858364735328074,18.796988096524945,22.033363411582364,35.98839167403902,0.4957501737581533,0.475163347946248,0.4356679818858846,0.31395327129933903
CYP,First,530.0,0.0707,9.009600252414915,9.26614546426053,10.036510753341357,14.846290762126698,0.0015567000130187502,0.001515006151986308,0.0015520581319896287,0.0015291259865884352
CYP,Second,800.0,0.259,13.577678262697223,14.002751649262155,15.14899259095771,22.43178061837153,0.005695031443188277,0.005573840148158432,0.005681576099151068,0.005614966323104012
CYP,Third,922.0,0.404,15.618990571215445,16.129130759524646,17.435759522985112,25.832697730175067,0.008876249507683957,0.008715477365465097,0.008858427789918282,0.008770099539790409
CYP,Fourth,1100.0,0.71,18.647460452115386,19.27881751502054,20.828623558793257,30.873761462003614,0.015572055019719235,0.015329469232716298,0.015545199890989738,0.01541196883763809
CYP,Fifth,1240.0,1.04,21.041827392341396,21.77492616401644,23.512366876556296,34.86608456037678,0.02285041218179724,0.02254659257388016,0.02281682071845416,0.022650012575988338
CYP,Sixth,1450.0,1.7,24.53696800555792,25.41648155147638,27.430412602764605,40.69228241277948,0.03723212328027752,0.03681961467630664,0.037186572284482675,0.036960167386743174
CYP,Seventh,1620.0,2.43,27.459507274622585,28.469773812471082,30.708130910665254,45.573292141725794,0.053246741951414295,0.05277931586698317,0.05319520436641686,0.05293875504834796
CYP,Eighth,1940.0,4.28,32.792662106367565,34.0361381916071,36.689878828464046,54.475655877728016,0.09365691234770117,0.09307658719191038,0.09359305989182716,0.0932748410757428
CYP,Ninth,2210.0,6.48,37.3373428238456,38.80066195301379,41.79069108980312,62.08498365448724,0.1415809186381487,0.14117039636657544,0.14153597432640477,0.14131116077330505
CYP,Tenth,3520.0,28.5,59.33017336907195,61.83292546861146,66.48044222166365,98.89076877022842,0.6197328556170508,0.6224737004260181,0.6200351065003656,0.6215389024527517
CZE,First,1070.0,0.0937,15.25113703047908,17.747749023489018,20.59588283416615,32.01306731790749,0.0027978998670547227,0.0022825011489704602,0.0019475770546494705,0.0015483407324139282
CZE,Second,1590.0,0.322,21.97709122712019,25.933712935270982,30.4179519931292,47.99675776785513,0.00903584850893775,0.007702687443097955,0.006798126062727312,0.005670793393150288
CZE,Third,1810.0,0.485,24.6826716323918,29.356142860863304,34.64071632670793,55.13130462622161,0.013116452584844103,0.011464308448839118,0.010314705612573615,0.008844141447171558
CZE,Fourth,2140.0,0.828,28.8907924269059,34.577930298884,41.00002619027739,65.70081693413614,0.021742183040657302,0.019386133098942316,0.017712029518835815,0.015523665359772277
CZE,Fifth,2410.0,1.19,32.04344481129793,38.56760622619042,45.92889713087228,74.05303570008505,0.03031996645304519,0.027522725717743647,0.025495170885233964,0.02278987656691919
CZE,Sixth,2790.0,1.89,36.73563645146309,44.45743697810071,53.165540749641515,86.23315459873913,0.04702365434223221,0.04343222673313111,0.040773885272827874,0.037150026396194226
CZE,Seventh,3100.0,2.64,40.416024875593266,49.18781057325461,59.077896025415896,96.41539558246328,0.06389907477460219,0.06008834494342912,0.05719653905136026,0.05315384067761544
CZE,Eighth,3680.0,4.53,47.333411481908335,57.97191003101364,69.9672794010073,114.97755220685033,0.10614383166418746,0.1018405193157675,0.09845254006512455,0.09354178743100847
CZE,Ninth,4160.0,6.64,52.624717485485796,64.97025399593382,78.89820965631166,130.79673339401657,0.14919164170589622,0.14685066890885035,0.1447909547279721,0.14149984554543094
CZE,Tenth,6500.0,27.2,79.28015106010936,99.60638456446908,122.60657406169551,207.22097304309298,0.5567294470585429,0.5794298842412284,0.596518471748695,0.6202776824503237
DEU,First,870.0,0.0728,15.608860900742018,16.511763680495523,17.479063113089918,22.57706844025938,0.0020199768929583225,0.0017495171205479288,0.0015726284490327567,0.0012779982457735745
DEU,Second,1310.0,0.264,22.99114278877517,24.557763255691718,26.180741895091543,34.27341260008227,0.0069965585404985035,0.006246264080399362,0.005741135375919678,0.004869774089861693
DEU,Third,1500.0,0.411,26.14486356287874,28.079442455268673,30.055413542419725,39.64901517148231,0.010569055972956513,0.009600468210137153,0.008937259753096494,0.007769451089943174
DEU,Fourth,1790.0,0.719,30.907658247184997,33.34057086098403,35.801526146541626,47.51950179790629,0.0180850522852587,0.016656120327819976,0.015663924614475352,0.013886840758816478
DEU,Fifth,2020.0,1.05,34.587093965663385,37.45606067601558,40.33648421415404,53.83395766378233,0.025949976263546587,0.024197952552630405,0.02296525145099142,0.020721703190888712
DEU,Sixth,2360.0,1.71,39.99555965479579,43.478370412282835,46.95267763272779,62.99882131329128,0.04137435726366063,0.03904752611645537,0.037387732279031416,0.03431612256967431
DEU,Seventh,2640.0,2.45,44.397196948294585,48.45284489909667,52.475389310313766,70.79818816491557,0.05785512271224394,0.055285363755330205,0.05342266263178037,0.04990839010986329
DEU,Eighth,3150.0,4.3,52.51843360111095,57.568862916795496,62.549784253484184,84.91268123733492,0.09923331004622277,0.09615625652175033,0.09387461953533738,0.089452688980468
DEU,Ninth,3580.0,6.49,59.1358021287076,65.18423635769285,71.11421090513718,97.30004393045078,0.14528153136970734,0.14329527148152835,0.14173372955250868,0.13850427411491964
DEU,Tenth,5690.0,28.4,91.59680187889762,102.21136806921285,112.52213041175474,156.65307702140748,0.5926350586529467,0.6077652598334009,0.6187010563578265,0.6392927568497911
DJI,First,94.3,0.00219,0.9166928081342717,1.141240228821335,1.5563768514726217,3.376266344279959,3.615450220915288e-5,3.9981291991936674e-5,4.5593030310081676e-5,5.861609027235975e-5
DJI,Second,180.0,0.0154,1.7797288028433704,2.2142378563418648,3.0019871607324387,6.40851880147172,0.00026837238544190833,0.00029162166830149584,0.0003250024693152599,0.0003997632010252977
DJI,Third,236.0,0.0354,2.3573970060642457,2.9280091199689746,3.954234087163084,8.36502591224286,0.0006337356995726556,0.0006814227471264857,0.0007490285888253407,0.0008972587860053503
DJI,Fourth,313.0,0.0845,3.153145248867261,3.9119611483331487,5.267161704598255,11.06225041237737,0.0015498462856876113,0.0016524659105534069,0.0017964672046095452,0.0021068317522189065
DJI,Fifth,387.0,0.164,3.9322681149357064,4.871950254245564,6.541237233496696,13.650689659010535,0.0030657910213474438,0.0032440609905172203,0.0034918966146175955,0.004017786055498914
DJI,Sixth,494.0,0.349,5.0531502401352455,6.252863841411576,8.37267667246115,17.365358053798413,0.006673050036888457,0.007009259146170677,0.007472387788494131,0.008440116343536313
DJI,Seventh,606.0,0.659,6.242556805061225,7.712279901381047,10.296867090061248,21.22186676022499,0.01288254990794945,0.013428688908249876,0.014173676146646132,0.015705116640559194
DJI,Eighth,801.0,1.58,8.330347898029581,10.273938412514529,13.672645252772265,27.98076574553524,0.03171384564398041,0.032776468727887594,0.034209461329334404,0.03709919525935973
DJI,Ninth,1040.0,3.57,10.899203880021506,13.40598310233698,17.76344383884542,36.02795800246063,0.07361812244816911,0.07525636223521137,0.07742971554375971,0.08169338494441591
DJI,Tenth,2200.0,39.4,23.862963809049305,29.1388948605448,38.17258830046001,75.72851906783904,0.8695585320687539,0.86561966837399,0.8603067712840878,0.849581930927108
DNK,First,1340.0,0.292,21.37097902673718,23.225174078962944,25.38597721927476,37.42298551710562,0.006064963738585684,0.005748929500779542,0.005719812436371967,0.007073537589115293
DNK,Second,1810.0,0.781,29.14537802289675,31.800215817328308,34.77282468840394,50.46589143717619,0.01644545708828546,0.015785217501068358,0.015723905262801045,0.018493383532747248
DNK,Third,1970.0,1.02,31.738440604049195,34.705927695954514,37.958345438757064,54.609409389444345,0.02163063967546834,0.020908711637366996,0.020841359544998415,0.02383287739154553
DNK,Fourth,2240.0,1.56,36.243571667904895,39.702428047852194,43.43081268526423,62.04891955675221,0.033146498666525595,0.03222010360593692,0.03213333498234514,0.035932526077425295
DNK,Fifth,2420.0,2.01,39.3201593419737,43.14069139126026,47.199310567379904,67.01282450797295,0.043075294215635426,0.04208237878211967,0.04198901698478481,0.046019657910693325
DNK,Sixth,2720.0,2.9,44.12137939203084,48.48280739816083,53.0521808326954,74.8681086525448,0.06239328296628266,0.061252548916999626,0.06114482098291422,0.06572290972874203
DNK,Seventh,2920.0,3.66,47.47934491681855,52.25522264413104,57.18900827864833,80.20206671236011,0.07899343654216905,0.07794100303772927,0.07784104000850967,0.08200083024490397
DNK,Eighth,3320.0,5.59,54.242610270895106,59.80490654539752,65.46316787565242,91.16470546041508,0.12123010275181559,0.12029125586230721,0.12020109432855376,0.12380323865501788
DNK,Ninth,3570.0,7.06,58.44113790650475,64.57843988051505,70.70372669170152,97.59013799025172,0.15408288520981653,0.15398881232277783,0.15397775272069594,0.15411639181318823
DNK,Tenth,5000.0,21.0,82.26993884933329,91.34732314626552,100.05989619681449,135.51678713843904,0.46293743914541563,0.46978103883291455,0.4704278627480251,0.4430046470566212
DOM,First,112.0,0.000376,1.9113073675572672,2.1277242768530793,2.368730202778711,2.9709813051941336,1.5151059269887558e-5,1.1504385643833689e-5,8.423467577187657e-6,2.4409750238033897e-6
DOM,Second,241.0,0.00348,3.842482370908126,4.36482100455618,4.959326383806629,6.697798036553167,0.0001305764313052313,0.0001038678110566715,8.012957792339042e-5,2.846320686917453e-5
DOM,Third,340.0,0.00945,5.2144472048276365,5.987654139043454,6.8809825366094985,9.698384904390654,0.0003374433752552814,0.00027611479156749454,0.00021990145005187914,8.851740450187021e-5
DOM,Fourth,478.0,0.0259,7.106205837252595,8.231452644177994,9.545974287580092,13.919111591858282,0.0008871153051721511,0.0007425295207883757,0.0006066626969590576,0.0002700006307825507
DOM,Fifth,624.0,0.0569,9.02023133366255,10.527104156427443,12.30543740360365,18.488658863141982,0.0018728061762746599,0.0015998860367000076,0.0013375553747180461,0.0006516447426551813
DOM,Sixth,839.0,0.137,11.788722007975778,13.858104990080063,16.323325646848048,25.243288174050807,0.0043420100632157585,0.0037834377489834306,0.0032344676628281214,0.0017203954283222104
DOM,Seventh,1090.0,0.296,14.83229521758872,17.5620817538577,20.846301467664674,33.20300165473221,0.008949386021973987,0.007959876007233135,0.00696425955013772,0.004057386996355809
DOM,Eighth,1530.0,0.828,20.195302444888025,24.104996479040732,28.857755310730603,47.4942434403857,0.023709506809133193,0.021579425381892343,0.019377052354983274,0.012503898595118083
DOM,Ninth,2140.0,2.28,27.146585406238135,32.72088609377395,39.58725842841973,67.89672356215023,0.06045714364147314,0.0566725306995011,0.052609592416364565,0.03870029777632263
DOM,Tenth,5520.0,42.2,63.467754906257845,78.18665140407332,96.72912014054862,182.48371917981532,0.8992988611169267,0.9072708276166336,0.9155619554484568,0.9419769542440486
DZA,First,248.0,0.0426,2.296456550176159,2.8076874189069008,3.6287187767241624,9.190996801906659,0.000333012210624818,0.00037562457006121207,0.0005042056638472088,0.0017941670630108309
DZA,Second,383.0,0.165,3.8249643757503535,4.648703304408025,5.900682558527642,13.74392524428784,0.0016534233023299356,0.0018227633560471022,0.0023120912596490345,0.006371880314527067
DZA,Third,446.0,0.268,4.657481623979742,5.638810979773674,7.0824121059386185,15.728715418784043,0.0030756238137710085,0.003345501093426442,0.004105813139312624,0.009763960736626488
DZA,Fourth,539.0,0.489,5.819549056962881,7.024558184141283,8.748328893180355,18.695916248102343,0.006214231112604939,0.0066875244272198795,0.007993707678828113,0.016898947933484013
DZA,Fifth,615.0,0.747,6.838822914728123,8.231497537388893,10.17310357222522,21.007299394408097,0.010352779397790775,0.011034555740180418,0.012880749225620446,0.024497583302964036
DZA,Sixth,725.0,1.27,8.294676081054272,9.955915688417663,12.211224743428824,24.381321642333596,0.01907692724097784,0.02014437666589717,0.022980444252256697,0.03944810008306822
DZA,Seventh,820.0,1.91,9.665964328057603,11.566700278429543,14.075232032116231,27.14877196032197,0.030990261847403174,0.03240948622453121,0.03610239037657276,0.0557311856570994
DZA,Eighth,992.0,3.56,12.077596965203998,14.400421038496168,17.36128101711366,32.18849622914306,0.0628710500996511,0.06504201767861009,0.0705462800822105,0.09669596633071716
DZA,Ninth,1150.0,5.83,14.561833726422023,17.2792234734127,20.58707015082289,36.334996407710086,0.1139949464975214,0.11631358046496659,0.12193874579667424,0.14365378093325057
DZA,Tenth,1870.0,31.6,26.27890986250406,30.71703738057211,35.401560485392466,55.65346695713219,0.751437744477325,0.7428245697790599,0.7206355725250283,0.6051444276452522
ECU,First,432.0,0.169,2.768072908913476,3.7637796501661525,5.347980880570633,17.806676258367812,0.0005549255509040864,0.0007511122365999745,0.0011664600235967262,0.008256336078801654
ECU,Second,603.0,0.452,4.4685257875454685,5.9677267085767545,8.242197679502016,23.831903496282944,0.0024977350262488855,0.0031856068968887058,0.004528500169817915,0.020794955677540455
ECU,Third,666.0,0.607,5.343353034057292,7.060464297125299,9.59361306363711,25.6398691223331,0.004387696561334213,0.005406291429076322,0.007302922258181965,0.026246563306867535
ECU,Fourth,771.0,0.959,6.580958745590002,8.622830386851165,11.564231896885884,29.006142781616052,0.008468920661543576,0.01015138258048999,0.013165247930248347,0.038920924412209776
ECU,Fifth,847.0,1.3,7.6341798792673785,9.92648435021299,13.15703600343877,31.18869204723332,0.013540778016989169,0.01583387025571633,0.019796688280555773,0.049110626556213614
ECU,Sixth,963.0,1.97,9.144410261561672,11.80208218073133,15.464102436720644,34.68556816131784,0.023976571586689026,0.027372026670235944,0.03302962572160289,0.06913352607366499
ECU,Seventh,1050.0,2.65,10.519265537870352,13.471074895156713,17.442154147534016,36.97251075709312,0.03737431116278757,0.04161938979130557,0.04840975120015362,0.08497877485931604
ECU,Eighth,1220.0,4.42,12.955861877156568,16.44531682758815,21.004742940012566,41.75317305745274,0.07239568119740158,0.07840471634873353,0.08752011095351794,0.12617575710189508
ECU,Ninth,1350.0,6.36,15.336465436621893,19.246717738486172,24.163353647693956,44.35490219985959,0.12374800197195074,0.1293472361803269,0.13701216311366202,0.15377528573762747
ECU,Tenth,2010.0,27.0,26.56300402872987,32.41952024190985,39.0266355430231,60.04389666811129,0.7130553782641512,0.6879283676106268,0.6480685303486629,0.4226072501958634
EGY,First,475.0,0.0953,3.4771651833873167,4.915986144281508,7.153934508785311,18.53862083020339,0.0007586352738844101,0.000921220034818015,0.0013240919205730812,0.0038802310586852668
EGY,Second,695.0,0.315,5.519574708412346,7.717782741581191,10.967807909242506,26.341153982240094,0.003211163500428913,0.0037512232062576647,0.005008849245194106,0.011657360143983157
EGY,Third,786.0,0.468,6.531754230620587,9.071755960991153,12.717563653331514,29.27070041757769,0.0054434349334541825,0.006218130312201732,0.007958019209429752,0.01624319509568714
EGY,Fourth,926.0,0.792,7.980324698545355,11.025408946135878,15.28854062942318,34.002486305006485,0.010211797157453214,0.011458449725027997,0.014176540637794628,0.026061010653242008
EGY,Fifth,1030.0,1.13,9.188935823717005,12.63361829060419,17.347489306466283,37.42162209956771,0.015915037959669972,0.017573385929100648,0.021090724236073062,0.03529351077031201
EGY,Sixth,1190.0,1.8,10.929201903435203,14.955567250708741,20.339211939982086,42.58469563434155,0.027490466146159662,0.02988605600375182,0.03482600542022745,0.05320556039874929
EGY,Seventh,1320.0,2.52,12.477804699768472,16.989344689893066,22.876256425056855,46.45437946365784,0.04176505499995073,0.0446782682231707,0.05049792046616698,0.07020596217925335
EGY,Eighth,1550.0,4.35,15.24130733106569,20.63372071391181,27.46722242605208,53.871453333935655,0.07860656727721481,0.0825846837810579,0.09020521365439545,0.1128477630866895
EGY,Ninth,1740.0,6.46,17.845236558424002,23.979817380119044,31.46434165955019,59.09940420801667,0.12952787634853682,0.13298817043499425,0.13907222198982883,0.15211856492107273
EGY,Tenth,2660.0,27.9,30.167055622048043,39.7791839003887,50.37290358406685,85.83684588177502,0.6870699664032475,0.6699404123496192,0.6358404132203167,0.5184868416923255
ERI,First,18.6,0.00433,0.0768593240136907,0.10645814677976502,0.16581957824386145,0.7693547708780096,4.205457571945184e-5,5.0806506002362245e-5,6.42985803409522e-5,0.0001590075201552879
ERI,Second,33.1,0.0264,0.1465893909865782,0.2015384496811738,0.3098971036481897,1.3584326342554922,0.00030404774991772443,0.00035534709335090074,0.0004313945131288349,0.0009061605009837647
ERI,Third,41.7,0.0558,0.1925794592183056,0.26338170241619124,0.40184664817374777,1.7052440392447668,0.0007067027532135238,0.0008096887511031803,0.0009588247251360096,0.0018279324913503905
ERI,Fourth,53.7,0.125,0.25581495883096306,0.34845862376042985,0.528380349996329,2.1847676846596253,0.0017065085904886376,0.0019243176407057164,0.002233817210750687,0.003940626654852979
ERI,Fifth,64.7,0.229,0.3172549610222125,0.4304832339338194,0.6491094410263305,2.622828768179428,0.003337379439623395,0.0037098290078842106,0.004230020438706449,0.006958985969116802
ERI,Sixth,80.4,0.465,0.40545448252645355,0.5481223637980618,0.8220030119526832,3.2480260406809336,0.007184210434636964,0.00787578630406423,0.008825392882207983,0.013568715808257215
ERI,Seventh,95.9,0.835,0.498313471885575,0.6709116206752942,1.0003987015526703,3.8631982724841474,0.013711087056841,0.014816050898907748,0.016306029168014914,0.023371375919443063
ERI,Eighth,123.0,1.9,0.6610207411467312,0.8858719432293855,1.3122760844078067,4.937973779355656,0.0333218643994656,0.03543046717675264,0.0382137764107779,0.05062942744260691
ERI,Ninth,154.0,4.01,0.8589773534264128,1.1438871462557703,1.6799593894551887,6.117600298358997,0.07608831808955888,0.07925020005873794,0.08329739190895165,0.09981459622647884
ERI,Tenth,298.0,38.2,1.8481925579307703,2.4160374972526215,3.460993529509886,11.634054074517366,0.8635978269105349,0.8557775065624912,0.8454390541619846,0.7988231714667547
ESP,First,729.0,0.0855,11.897400557336649,12.738037714614041,13.806964107828582,20.460226898681555,0.0017427958393904262,0.001741518219552045,0.0017665951199351511,0.0020493039253301525
ESP,Second,1080.0,0.301,17.766313920483253,19.036248362385056,20.620760753787334,30.254475813511092,0.006227291607996464,0.006223683248101292,0.006294396767059356,0.007076464535153566
ESP,Third,1240.0,0.459,20.34020605467958,21.799451922601428,23.60349471973144,34.43539912481014,0.009575726353024136,0.009571019480533237,0.009663179539462477,0.010671125585250893
ESP,Fourth,1470.0,0.791,24.187227259423196,25.929787773857868,28.066839410718732,40.76283736211825,0.016619312906898956,0.016612308467342882,0.01674934323279589,0.01823431593528639
ESP,Fifth,1650.0,1.14,27.199492625581758,29.16449067393463,31.55830453425502,45.64886573480616,0.024152466031270275,0.02414380798322414,0.024313076839850067,0.02613146924099885
ESP,Sixth,1910.0,1.83,31.609468103587943,33.90052667693664,36.67269770351448,52.839745913144846,0.0389866169723929,0.038975021501060074,0.039201564993658324,0.041613296940213235
ESP,Seventh,2120.0,2.58,35.2554655161589,37.81677132584893,40.89593527545409,58.68700273628456,0.05521744984988979,0.05520451620938119,0.05545697254774403,0.05811630839688992
ESP,Eighth,2520.0,4.47,41.939496919409926,44.996737655373444,48.644102040896655,69.4910104211316,0.09607382339121143,0.09605811773967599,0.09636429746719424,0.09954145898363778
ESP,Ninth,2850.0,6.61,47.52985203516935,51.00322332645262,55.110708649861465,78.27775499729871,0.14324014386061262,0.14322962864657804,0.14343396494027577,0.14547257386343126
ESP,Tenth,4450.0,27.6,74.73239151775375,80.23487842611586,86.61054925547242,121.4794748358042,0.6081643731873129,0.6082403785045511,0.6067566085520246,0.5910936825938079
EST,First,1120.0,0.101,11.813030692846743,15.000817926069821,19.03426236855381,38.457932215332924,0.0010258652534492578,0.0011654485365322066,0.001426647897576767,0.003515207423929685
EST,Second,1630.0,0.331,18.13844659826116,22.849052017436307,28.622365389822406,54.47156099364852,0.004087821118828014,0.0045253731758940945,0.005314475785393889,0.010796363691574447
EST,Third,1840.0,0.488,21.13527789928239,26.50135180370681,32.95303845792915,60.61078298829963,0.006691933002519807,0.007298621557242912,0.008369422210495157,0.01523229465964695
EST,Fourth,2160.0,0.823,25.469779539649448,31.818701673485872,39.332259680060375,70.40356440762378,0.012209152609171235,0.013158562893243981,0.014804826376382352,0.024683190246048394
EST,Fifth,2410.0,1.17,29.00305354988053,36.112764207138156,44.40437955270639,77.5645613157321,0.018557631810543113,0.019788078748338052,0.021886574225587794,0.03372722327579139
EST,Sixth,2770.0,1.86,34.105859052811155,42.33016932885186,51.78273627221829,88.33712902646275,0.03128693743841446,0.03301759519506548,0.03591932024556407,0.051285847019782976
EST,Seventh,3060.0,2.59,38.53038666826458,47.66268066830488,57.996718096533634,96.54201424088372,0.04635358639297828,0.04839566103524535,0.05175367974919983,0.06828131732588036
EST,Eighth,3610.0,4.44,46.476999448710885,57.2788068455022,69.28402363428698,112.20953785870128,0.08482249047738043,0.08750180514635791,0.09179372522202292,0.11085901288638694
EST,Ninth,4040.0,6.53,53.66847991229956,65.82837306445444,79.02402104228672,123.59282478527867,0.1348501836555796,0.13699780177079554,0.14024662115325115,0.15135306141881694
EST,Tenth,6210.0,27.5,87.85866147048647,106.63082036527875,125.8715194391851,182.38221311243495,0.6601143982411358,0.6481510519412845,0.6284847071345261,0.5302664820521419
ETH,First,216.0,0.0609,0.7750947660349139,1.2181300546623266,2.1086816798671855,9.592695644409194,0.00046125449278906967,0.0005642513811290693,0.0008224754155158184,0.002519846493047578
ETH,Second,321.0,0.221,1.267328601010238,1.9697516819670582,3.3301017121400585,14.046384212379923,0.002151846342951836,0.0025314775049039943,0.0034259252064369403,0.008324694196173595
ETH,Third,366.0,0.345,1.526173284828437,2.3560401288303665,3.92910032262611,15.879678239335329,0.003859745213543338,0.0044385844232242505,0.005753779879019137,0.01224099793061026
ETH,Fourth,435.0,0.61,1.8904832536555287,2.903092426919614,4.7890962953880765,18.70591435944196,0.007575050723500728,0.008554233724175605,0.010714220660853391,0.020500701148779624
ETH,Fifth,488.0,0.905,2.2041358243566154,3.3683635086065857,5.502642593166496,20.847537838527252,0.012294315159517509,0.01365866069292083,0.01658711549365738,0.028853894228530113
ETH,Sixth,567.0,1.49,2.653255750559831,4.035895281456026,6.531144695722251,24.023715883566243,0.02208776985748721,0.024153556951765517,0.028466831811387698,0.04515205546906299
ETH,Seventh,631.0,2.17,3.0675257445579294,4.643082634451667,7.440464396535844,26.54755805635986,0.03495172223562495,0.037598995360481106,0.04295991888880998,0.06192681964521494
ETH,Eighth,750.0,3.92,3.799707862665373,5.7198952005580965,9.065890020031153,31.262111567962958,0.06885303045979937,0.07271998064622037,0.0802516784462524,0.10393976212652789
ETH,Ninth,848.0,6.14,4.529966248091329,6.770382283282629,10.581485832614476,34.946321557211114,0.12024673014347555,0.12406109681531446,0.13098195583075553,0.14803314776937063
ETH,Tenth,1330.0,30.0,7.97907421714945,11.72795288686153,17.7496962657926,53.28362828096116,0.7275185353713104,0.7117191624998648,0.6800360983673117,0.5685080809926824
FIN,First,1130.0,0.179,19.06481911431843,20.45008014222136,22.21953455279942,30.670815332740048,0.004497573129703065,0.004029374116236372,0.0037664716022118632,0.0035450885825856994
FIN,Second,1590.0,0.536,26.52565443806852,28.670602550371086,31.29649598263711,43.38094449736838,0.01306853890796838,0.012003215493100019,0.011391300314910691,0.010867658948989868
FIN,Third,1760.0,0.746,29.224927001911144,31.724996412176107,34.72211135559196,48.24316994010082,0.017869959278048055,0.016645231738012037,0.01593236862242655,0.015316565220493692
FIN,Fourth,2040.0,1.2,33.67689490082636,36.683471437333154,40.233300754867656,56.005807812433474,0.028244283408991794,0.026604383865672144,0.025639146569722146,0.02479869410081713
FIN,Fifth,2240.0,1.62,36.83997009846632,40.253165752205426,44.2318358895187,61.676128499674185,0.03773864528635605,0.035906198841168364,0.034815894069565624,0.03385923739308585
FIN,Sixth,2540.0,2.44,41.666916498348236,45.663593861231476,50.26877509067202,70.20891603109017,0.05615433713540345,0.05394990240926806,0.05262275393707563,0.051448593732576396
FIN,Seventh,2770.0,3.22,45.21514729234573,49.706230594554064,54.82292707145688,76.69967957072357,0.07310301470463729,0.07094402943634488,0.06962487487288482,0.06844566395181637
FIN,Eighth,3210.0,5.17,52.13389267292344,57.51118636784521,63.56586749207379,89.1005715528407,0.11574212371912428,0.11359664325520646,0.11225275041081693,0.1110308320679715
FIN,Ninth,3530.0,6.97,56.84931498628484,62.99102499608974,69.81090889783144,98.09107351140956,0.15305164474908853,0.15238160312004648,0.15189950281027215,0.1514228756492865
FIN,Tenth,5170.0,23.8,82.0773814241391,91.81269775055938,102.3476040439694,144.56150834540495,0.5005298796806791,0.5139394177249452,0.5220549367901137,0.529264790352377
FJI,First,253.0,0.00693,2.07872599776311,2.8430509893260276,3.835599110750668,9.442941384217798,5.2633426816054866e-5,7.004146705583501e-5,8.609557623459694e-5,0.00026140136550996385
FJI,Second,439.0,0.0382,3.87017204469689,5.217170411073603,6.959223659467016,16.010917696502233,0.0003658433759328181,0.0004628408496175333,0.0005483544665083399,0.0013585014860436973
FJI,Third,547.0,0.0761,5.026463423083804,6.7151482373271225,8.896414968056362,19.68164297254552,0.0008305085685979978,0.0010194324731067667,0.001181559785133638,0.0025955773106656464
FJI,Fourth,697.0,0.163,6.613052203837178,8.772363838779908,11.558982486227235,24.781810155523736,0.0019679224326005994,0.0023578363464397366,0.00268521494240658,0.005357727853579433
FJI,Fifth,833.0,0.289,8.13731922130822,10.724472299540444,14.061838857702972,29.314281161707374,0.0037837305037941894,0.004435798787599581,0.0049724689621466235,0.009099224673113063
FJI,Sixth,1030.0,0.565,10.319525650313949,13.515598150214554,17.636987256642552,35.77731293898134,0.008011803998173202,0.00919627875344961,0.010152056124336452,0.017082657095295894
FJI,Seventh,1220.0,0.979,12.590744238465685,16.381555276970534,21.26999476481683,41.94899847426975,0.015031335721483942,0.016880082967515194,0.018340675193728093,0.028292028655452446
FJI,Eighth,1550.0,2.15,16.563001247667312,21.390660798179322,27.615548838023727,52.75082058469663,0.03583675964913581,0.039268941118424654,0.041913447450319836,0.05865319846405751
FJI,Ninth,1920.0,4.32,21.318538755319103,27.2664061394654,34.94040262794724,64.08797482512713,0.0798497527708171,0.08479598034269993,0.08846983022577097,0.10932506569732951
FJI,Tenth,3670.0,37.3,44.87232986014995,55.992762813988975,70.30630883740434,116.56626364648119,0.8542697095526482,0.841512766894091,0.8316502972734149,0.7679746173989528
FRA,First,1040.0,0.165,16.674177692859082,18.362105606194444,20.355830451001815,29.14708850675435,0.003348823564411529,0.0033526977248246924,0.003436994843113802,0.00391289819666268
FRA,Second,1470.0,0.503,23.76060381443741,26.17202185400673,28.967784130824985,41.103187969608705,0.010396575601090554,0.01040594007676762,0.01060903314173128,0.011733397096588981
FRA,Third,1640.0,0.707,26.508781952156696,29.200362743555022,32.28941358893633,45.582226688411545,0.014757799275609565,0.014768951470149984,0.015010374124626073,0.016331776408254232
FRA,Fourth,1900.0,1.14,30.869289546744092,34.00635144085904,37.57660587352228,52.82997345858884,0.024030574647570833,0.024045958159815202,0.024378443082489896,0.026180952725521813
FRA,Fifth,2100.0,1.56,34.076336825319004,37.54079261907191,41.45457559805559,58.069110717004264,0.03297882286377764,0.03299651265482501,0.03337827782897688,0.0354289936406609
FRA,Sixth,2390.0,2.37,38.89080839107998,42.847322582617394,47.28439399256397,66.00102697184568,0.05035989513529249,0.050381847208130506,0.050854822098711436,0.05337047214510079
FRA,Seventh,2610.0,3.15,42.582928121872676,46.916353439618554,51.74007858563692,71.95594548381924,0.06734209913530752,0.06736444999570822,0.06784499846274276,0.07036987846283317
FRA,Eighth,3030.0,5.1,49.610248844259445,54.66208662994656,60.23781904805175,83.43090736558901,0.1098700246863102,0.10989369763394576,0.11040106330920184,0.11301474862349971
FRA,Ninth,3330.0,6.94,54.776829192727,60.355579011530104,66.44790666014629,91.55332480825885,0.15093833061911704,0.15094851091948397,0.15116372690843152,0.15217845831045995
FRA,Tenth,4910.0,24.2,81.3221013768446,89.61461516965292,98.45906951498581,134.1409827540606,0.5359770544715127,0.5358414341563491,0.5329222661999745,0.5174784243904179
GAB,First,203.0,0.0104,1.7391421430620646,2.325824692312144,2.978034598108749,7.398690489268905,5.9390615880125957e-5,8.376607992364463e-5,0.00010539197548525595,0.00041314857956350814
GAB,Second,346.0,0.0522,3.2405914145469463,4.258414020754671,5.383393500604719,12.269038245879942,0.0004041067396486846,0.0005361442480666755,0.0006472846735512297,0.0019686739045881828
GAB,Third,427.0,0.0987,4.202814052871439,5.4628818645343244,6.85327495009023,14.867736502512045,0.0009057504195954499,0.0011586327075854398,0.0013649001039156752,0.003575077187106519
GAB,Fourth,539.0,0.204,5.525241275081381,7.120616731001258,8.878939071857054,18.51848626444577,0.0021244093409149745,0.0026392810311661116,0.003048661597221078,0.007085955238794886
GAB,Fifth,640.0,0.348,6.7905118274109135,8.68285199508515,10.767609207521936,21.684401741643498,0.004047260026391533,0.004897709636060692,0.005558309500728571,0.011602986205122411
GAB,Sixth,784.0,0.659,8.602551041613756,10.917234549773966,13.466716893768028,26.21538953817443,0.008493794045680087,0.010019862592005206,0.011178129825648161,0.021025778788424807
GAB,Seventh,923.0,1.11,10.479466337014136,13.193560002854904,16.184283973976676,30.425646297818467,0.015789124961772694,0.018140204491980588,0.019880909510485108,0.0335689604928722
GAB,Eighth,1170.0,2.35,13.763978164166158,17.17524701668986,20.936574097966012,37.84994858704418,0.03725564633650441,0.041553782837039095,0.04464351026056706,0.06679232152348274
GAB,Ninth,1430.0,4.56,17.666669902341056,21.78957183124914,26.34565928793843,45.32851444971812,0.08191986200874797,0.0879768892836833,0.09214510576182305,0.11814154397496511
GAB,Tenth,2690.0,36.5,36.93683220603826,44.251681126676125,52.38780059571438,80.32246464131784,0.849000655504864,0.8329937270924892,0.8214277967905748,0.7358255541050797
GBR,First,880.0,0.0693,13.67012293733412,15.023182634157978,16.77247391884427,25.30752175976922,0.001222761740194874,0.0012412075232246388,0.001319817327843717,0.001872338874283272
GBR,Second,1320.0,0.254,20.793019070883553,22.8308647827774,25.38738531040782,37.433202712855284,0.004701630400778974,0.004757964900944373,0.004995997752594176,0.0065900886738721
GBR,Third,1510.0,0.396,24.086674395074297,26.432694055814427,29.324368978320305,42.67207766023498,0.007540285799446132,0.007617212074246146,0.007940630864905918,0.010046666851547
GBR,Fourth,1800.0,0.697,28.895751776887558,31.695092921115858,35.09460579952276,50.52500747884435,0.013533264914253305,0.013652139932142595,0.014149872082039012,0.017317249016116705
GBR,Fifth,2030.0,1.02,32.7661131278258,35.92434194886613,39.70795171924719,56.62008776648222,0.020269509036442344,0.02042176400657163,0.02105680898103305,0.025011889595030444
GBR,Sixth,2360.0,1.67,38.3765584039423,42.05482254748204,46.40032664469398,65.53481716311667,0.03368873169573421,0.03390029701351962,0.0347792234340049,0.04013311110966779
GBR,Seventh,2630.0,2.4,43.16855195438153,47.28152418252363,52.070011158857376,72.8245467746085,0.04917955703721417,0.04942575639526328,0.050443934313431645,0.05649025417471376
GBR,Eighth,3140.0,4.24,51.823813197947175,56.71967256029621,62.317352448787005,86.16039393053477,0.08851633715784428,0.08883338037839147,0.09013648160414786,0.09760921954545204
GBR,Ninth,3560.0,6.45,59.4651841424401,65.02490382624467,71.2369597956749,97.09887025413909,0.13778732634620175,0.13803134828064745,0.13902065399365404,0.14425072161475186
GBR,Tenth,5600.0,28.6,95.95464229588805,104.53270538920746,113.46253463602747,149.16671747904576,0.64356059587189,0.6421189294950488,0.6361565796463456,0.600678460544565
GEO,First,327.0,0.00641,3.60253196895551,4.713904688165174,6.037687947252085,10.906122410121117,0.0001968192049005858,0.0001692951668492668,0.00014508117348554893,9.087720411085513e-5
GEO,Second,576.0,0.0371,6.144119189599272,8.11688296626797,10.4935887598552,19.47288532209203,0.00107839979478772,0.0009537401629978094,0.0008407911688597761,0.0005732262824994134
GEO,Third,726.0,0.0757,7.599879254533809,10.094471637187839,13.120330382364257,24.735605014837404,0.002125491884872923,0.0019108691317338302,0.0017129814121386677,0.0012280490799582424
GEO,Fourth,932.0,0.165,9.610444276891283,12.820566337262088,16.734717230902813,31.949373183063596,0.00449785775359242,0.004097065731886298,0.003722248456875794,0.0027780119537987136
GEO,Fifth,1120.0,0.293,11.42240258857659,15.29613770480728,20.04148462838998,38.69510785146435,0.0078115940476826415,0.007199934483211748,0.0066204328848571,0.005122991682110425
GEO,Sixth,1400.0,0.578,14.003725772121275,18.821912265424544,24.749471630904676,48.302065860486536,0.014986686177123938,0.013972069022596312,0.01299827010180954,0.01041733198075348
GEO,Seventh,1670.0,1.01,16.51080399735635,22.274352633124305,29.395884570265423,58.007281128720315,0.025384561873927184,0.023948091475362098,0.022549999795758276,0.018741528661931028
GEO,Eighth,2140.0,2.2,20.896227954234092,28.304783649173796,37.49768011693736,74.88267529228166,0.053967023981548644,0.051593692509978965,0.04924440098743407,0.04262956806360747
GEO,Ninth,2680.0,4.42,25.633627756628446,34.895989069595636,46.448929092201524,94.15112056748274,0.10387342454955832,0.1010027009170126,0.09808559017745583,0.08944516828276834
GEO,Tenth,5200.0,37.1,48.141260939785674,66.12253927202582,88.56423347201262,184.05195025232905,0.7860781407320057,0.795152541398371,0.8040802038413254,0.828973246808462
GHA,First,124.0,0.00697,0.8541359879015858,1.1757355699096674,1.6790251412063388,4.888183296466434,5.273988389007978e-5,7.02518232008069e-5,8.638810542111127e-5,0.000263434850142371
GHA,Second,217.0,0.0384,1.6182580499059502,2.198584517203052,3.105066339096066,8.410400987654425,0.00036645291278232614,0.00046398347755355985,0.0005498833217728583,0.0013670814726933556
GHA,Third,271.0,0.0764,2.1142909996468626,2.8478875909416264,3.99489296672292,10.38798288707128,0.0008317151090874933,0.0010216240211890183,0.0011844256215432702,0.0026097426594267987
GHA,Fourth,346.0,0.164,2.7971280088558275,3.74271648453023,5.222305447111946,13.144872008702444,0.0019704454014737773,0.0023623031836223197,0.002690948654319273,0.005383294324563315
GHA,Fifth,415.0,0.289,3.4547898277589137,4.5941032532456445,6.379285161742389,15.60096340749571,0.003787999981967733,0.004443184006446742,0.004981788907691795,0.009137039264752168
GHA,Sixth,513.0,0.566,4.398395571186122,5.814337122858141,8.036147653702585,19.113259026963025,0.008019650063962295,0.009209542346796898,0.01016851572343234,0.01714345165094074
GHA,Seventh,609.0,0.981,5.382323656400008,7.069817058512988,9.723507948910822,22.475734865273203,0.01504373515202301,0.01690053407683864,0.01836560196019513,0.028375227848665616
GHA,Eighth,778.0,2.15,7.106543791378002,9.269002706500515,12.678211487597123,28.38425058005212,0.0358601156179237,0.03930636310344859,0.04195809682422244,0.05878508870046567
GHA,Ninth,963.0,4.32,9.174512034404119,11.854020460898536,16.097719335196896,34.614002675902334,0.07988412598097483,0.08484877873991181,0.08853088039447503,0.10947444107497925
GHA,Tenth,1850.0,37.2,19.45149865477436,24.550317560172463,32.73134923016483,64.03103260218441,0.8541830198959148,0.8413734352209916,0.8314834704869268,0.7674611981533708
GIN,First,153.0,0.0452,0.6355467279456232,0.9932407623545505,1.7504902492304684,6.819395374343473,0.0003427716791720472,0.00040504006402043306,0.0005711734682464085,0.0018968953229478369
GIN,Second,234.0,0.173,1.0657707601275233,1.6522618771854691,2.850325384999892,10.234543660694651,0.0016925747291276494,0.0019373808234664318,0.002556447448195492,0.006658197898622878
GIN,Third,271.0,0.281,1.3000757046344766,2.0049551148652878,3.416091813649346,11.715631709332614,0.0031383660081059136,0.003526059372053727,0.004476175968179249,0.010134577562798494
GIN,Fourth,326.0,0.51,1.6278836912279278,2.500458889507967,4.218544018802017,13.94590530290731,0.00632476045880648,0.007001192925496926,0.008617164979134865,0.017446921638960725
GIN,Fifth,370.0,0.774,1.9153514631151063,2.9309007414187302,4.901060414686385,15.680882518379835,0.010512656199286704,0.011482464018121015,0.01374550168567508,0.025170854873816945
GIN,Sixth,435.0,1.31,2.3265339196214234,3.5472467951617017,5.880870869416501,18.22804058766626,0.019328284783480795,0.0208395290034286,0.024283760309977243,0.04034418969153149
GIN,Seventh,489.0,1.96,2.713586749936351,4.121149044198587,6.77147854546431,20.315269462297874,0.03132596933996932,0.033324862768601984,0.037764041560451406,0.05672331294503906
GIN,Eighth,588.0,3.62,3.3954086300229323,5.134004746708609,8.35078635025675,24.152421604463473,0.06338746364165693,0.06642555204117,0.07295774872247261,0.0978881824848727
GIN,Ninth,675.0,5.9,4.096797574177193,6.158014556081275,9.887765049466413,27.308785443453907,0.11455166999024641,0.11776154431980812,0.12428985831944389,0.14443060556901258
GIN,Tenth,1090.0,31.3,7.416278125799388,10.98230214265841,17.09130175554672,42.57870427433922,0.7493954831701478,0.7372963746638328,0.7107381275382237,0.5993062620123972
GMB,First,43.6,0.0011,0.2710122702735461,0.38521217735340174,0.5872010016031616,1.7585556131520579,1.8258058731372857e-5,2.0154380562874708e-5,2.3053089164550358e-5,2.908829999172992e-5
GMB,Second,86.4,0.00872,0.5463369865215519,0.7763058660419478,1.1764110833596184,3.472069421393018,0.0001524427067793361,0.00016546176686226474,0.00018495408709575878,0.00022421565088568418
GMB,Third,116.0,0.0215,0.7401819271841451,1.0501480284818496,1.585142483902979,4.639748991937326,0.0003864519155844058,0.00041519628856430407,0.0004576973153243912,0.0005416140865468867
GMB,Fourth,156.0,0.0543,1.00781342747741,1.4283712905777644,2.149470399665107,6.250147104591873,0.001000415043948369,0.0010660644060143509,0.001162156600002357,0.001348860791337223
GMB,Fifth,196.0,0.111,1.2771401388063914,1.8077712606882905,2.712639920973634,7.84183295046025,0.002082893774034888,0.002203285691466923,0.0023778942684093245,0.0027122341294647957
GMB,Sixth,254.0,0.249,1.666648888357315,2.3562937156909225,3.526015529561398,10.135901157570185,0.004764512002923381,0.005004006364250846,0.005348229044125494,0.005997947070282688
GMB,Seventh,316.0,0.495,2.0921898153050176,2.953359950131566,4.406415310426776,12.593716928053455,0.009684082780606857,0.010095765039318352,0.010681840177751546,0.011771362666928175
GMB,Eighth,425.0,1.26,2.842021363774135,4.005054676248921,5.955666597807516,16.91122529449385,0.025257309427853376,0.026113036233483822,0.027317776695889313,0.029518114032017182
GMB,Ninth,562.0,3.07,3.8045868326500076,5.347295276396659,7.916059626993225,22.292552622851403,0.06312598538396881,0.06457408734224485,0.06658134966278327,0.07015757042523205
GMB,Tenth,1260.0,40.6,8.804107982228658,12.275641914714754,17.94231614028242,49.4544049873341,0.8935276489055692,0.8903429424872314,0.8858650490594541,0.8776989928473136
GNB,First,49.1,0.000461,0.1986776124661579,0.3207131270883536,0.5451876468841753,2.118997572663434,7.551116105293557e-6,8.38140860035949e-6,9.658317266015453e-6,1.2342478850346913e-5
GNB,Second,103.0,0.00425,0.422685330380624,0.6826505917102135,1.1536524983261456,4.415198807481987,7.315194229538025e-5,7.979612416099334e-5,8.979885600435033e-5,0.00011012262333472346
GNB,Third,142.0,0.0114,0.5906179011848475,0.9526139685165633,1.6034205271551951,6.083119899053404,0.0002029992581463415,0.00021909804695318728,0.00024302249411905242,0.0002906406587518173
GNB,Fourth,196.0,0.0311,0.8241559924278901,1.328091412018113,2.2284359036484043,8.395882416657857,0.0005650580310161865,0.0006046937063375569,0.0006629835671981251,0.0007770880678291481
GNB,Fifth,251.0,0.0675,1.067299320155268,1.7178304165751312,2.8739457921992826,10.761991650107818,0.0012558869418425834,0.0013337056560493137,0.0014470678815250103,0.0016656575981902598
GNB,Sixth,332.0,0.161,1.4222100782351617,2.2864564219633547,3.814503520890932,14.200305221723879,0.003060774650073457,0.003226311614393729,0.0034652222142845133,0.003919137001427372
GNB,Seventh,421.0,0.343,1.8239435624011842,2.9278830521657437,4.869800173826223,18.020141413785797,0.006643837611709531,0.006949275631365377,0.0073857898783893285,0.008202311392507327
GNB,Eighth,580.0,0.94,2.537466445656846,4.066527842056245,6.740745241384952,24.775894815174755,0.01865420026074201,0.01934340973134454,0.02031727869535042,0.02210643069647212
GNB,Ninth,789.0,2.51,3.5011996753830466,5.596208618040579,9.23417311633151,33.65137341096211,0.05123974734704268,0.05254625259819765,0.05436388027412343,0.05762154431392296
GNB,Tenth,1900.0,41.8,8.732523934512013,13.848619218421973,22.56202700231921,80.41660985334231,0.9182967928410265,0.9156890754825973,0.9120152978217397,0.9052947251687139
GNQ,First,179.0,0.00433,2.157014739729606,2.574991520071758,3.1380538503846713,5.905695780243073,4.205457571945184e-5,5.0806506002362245e-5,6.42985803409522e-5,0.0001590075201552879
GNQ,Second,324.0,0.0264,4.1004103917764105,4.857061415872692,5.843496996782932,10.397713469498491,0.00030404774991772443,0.00035534709335090074,0.0004313945131288349,0.0009061605009837647
GNQ,Third,414.0,0.0558,5.380772958799828,6.339671916439795,7.568198321154294,13.040319957862494,0.0007067027532135238,0.0008096887511031803,0.0009588247251360096,0.0018279324913503905
GNQ,Fourth,536.0,0.125,7.140212223244307,8.37805444398908,9.940348304725434,16.693194989902896,0.0017065085904886376,0.0019243176407057164,0.002233817210750687,0.003940626654852979
GNQ,Fifth,651.0,0.229,8.84891405722704,10.34244961089258,12.202931364481435,20.03006064737788,0.003337379439623395,0.0037098290078842106,0.004230020438706449,0.006958985969116802
GNQ,Sixth,816.0,0.465,11.300919656519115,13.158920124058834,15.442672310257018,24.793381716060626,0.007184210434636964,0.00787578630406423,0.008825392882207983,0.013568715808257215
GNQ,Seventh,982.0,0.835,13.881691415940628,16.098189666959367,18.7857560184264,29.482713089164488,0.013711087056841,0.014816050898907748,0.016306029168014914,0.023371375919443063
GNQ,Eighth,1270.0,1.9,18.402618136050098,21.243929293785023,24.632984082411717,37.684901412033305,0.0333218643994656,0.03543046717675264,0.0382137764107779,0.05062942744260691
GNQ,Ninth,1610.0,4.01,23.902248122441716,27.422773136683027,31.534809621432206,46.70739664561358,0.07608831808955888,0.07925020005873794,0.08329739190895165,0.09981459622647884
GNQ,Tenth,3230.0,38.2,51.40547196153952,58.01036005298227,65.25559558986427,89.4394288018168,0.8635978269105349,0.8557775065624912,0.8454390541619846,0.7988231714667547
GRC,First,622.0,0.0494,9.940704115687176,10.869036376516537,12.027763062578149,17.783100397211783,0.0012973913242937142,0.0012079289027837944,0.0011176082746299594,0.0008715426701021338
GRC,Second,964.0,0.194,15.15091909069929,16.658739774342976,18.536470353039864,27.852198181397302,0.004928421736904621,0.004656193595831944,0.0043767781557632396,0.0035885622297951287
GRC,Third,1130.0,0.316,17.54444472614726,19.347439353004372,21.59350221319793,32.74564232149915,0.007849076276225215,0.007478130966745669,0.007093695710505124,0.0059867683333865405
GRC,Fourth,1360.0,0.574,21.055326784128372,23.276191120410815,26.042394227069803,39.78354708614715,0.01400930426784009,0.0134370766432311,0.012839298865268347,0.011088730691724932
GRC,Fifth,1560.0,0.868,23.87122720398514,26.44501277590763,29.651982497394005,45.596566371868676,0.020877859041717194,0.020146142542336185,0.01937603485520817,0.017084773901253087
GRC,Sixth,1840.0,1.46,27.96272351998109,31.04262546757305,34.88098683276613,53.97998726059146,0.034532116455831804,0.03351706771624187,0.032440532579747626,0.02918493160439598
GRC,Seventh,2080.0,2.15,31.442254566133137,34.978132577617224,39.38773143483213,61.35642397937256,0.05015842699953304,0.04897947081614457,0.04771809342202612,0.04383206856712172
GRC,Eighth,2520.0,3.92,37.746986937948705,42.09228036513164,47.5142524346105,74.56190733082047,0.08977238697795074,0.08825811643497398,0.08661865364925335,0.08144060636270155
GRC,Ninth,2910.0,6.2,43.27176516139108,48.3926463791908,54.79168847554133,86.78893681099655,0.13874646066112392,0.13758762244272535,0.13629986905499034,0.13201257847852318
GRC,Tenth,4800.0,30.1,69.79176199284413,78.56428588738616,89.55964290524611,144.84412965894595,0.6378285562585797,0.6447322499389856,0.6521194354326079,0.6749094371609957
GTM,First,336.0,0.0909,0.9979068827412771,1.4852838279615876,2.5797553318154542,15.959546040653736,1.961797875223974e-5,3.950737022328666e-5,0.00010791049952934175,0.0047614992448383065
GTM,Second,489.0,0.248,1.9845157331144816,2.8435952349587836,4.65092866975585,22.34542649095236,0.00016180197149185234,0.00028876507207685644,0.0006599323816387183,0.013656429547285227
GTM,Third,556.0,0.337,2.6733942390441467,3.743893831255136,5.913342546595982,24.62569975219951,0.000407146351044577,0.0006755912589206816,0.0013880508781140418,0.018537429926479883
GTM,Fourth,661.0,0.54,3.6225116472483267,4.9818691044834456,7.6528003102568585,28.419539775781498,0.0010477352085908568,0.0016399650730161827,0.003094095189087459,0.029128627407688283
GTM,Fifth,744.0,0.745,4.5736694838213365,6.187847346528954,9.272291516110242,31.09380136476668,0.0021697658557025515,0.003222420646909454,0.005630872117216335,0.038716705162671915
GTM,Sixth,868.0,1.17,5.946837568169819,7.919677337102066,11.585744739317594,35.183891398844835,0.004937508086687412,0.006968588077702539,0.011304060765533796,0.05731776180489293
GTM,Seventh,975.0,1.64,7.441067848683456,9.747945871082024,13.911169254056745,38.15701870420164,0.009981788538198958,0.013362865561740047,0.020068090140281696,0.0742262107316416
GTM,Eighth,1170.0,2.94,10.070023898391167,12.951475135307044,17.975109788006954,43.963463012280386,0.025876924885256742,0.032648950626590935,0.04497140142481881,0.11683095810711859
GTM,Ninth,1360.0,4.83,13.426856348222707,16.86332646770109,22.587350871548782,47.83552182935463,0.06417641946296448,0.07506098515823632,0.09257879802587354,0.153340312923635
GTM,Tenth,2290.0,33.3,30.769403405106203,36.400047428893664,44.66197872661494,68.32217061340333,0.8912212916613104,0.8660923611545838,0.8201967885779062,0.4934840651437483
GUY,First,283.0,0.0233,2.5679068126301026,3.2648817020388394,4.3819597903036245,10.486943978440568,0.0001679040919658383,0.0001916270414800351,0.0002454982222298305,0.000977378137683054
GUY,Second,460.0,0.101,4.495945185458367,5.685561572295431,7.520557334601901,16.43714672739064,0.0009473399242338307,0.0010551578847451545,0.0012909350823763226,0.003932836513878909
GUY,Third,551.0,0.175,5.623721678865605,7.084833275083565,9.291002402737622,19.287559228901987,0.0018997470980849115,0.0020857548947998228,0.0024835692222256517,0.0064745782218263185
GUY,Fourth,680.0,0.336,7.183279079087413,9.023592120204068,11.752451181771043,23.406551927696643,0.00407613955302906,0.004424072287787366,0.005154896326865718,0.011865818813196507
GUY,Fifth,791.0,0.539,8.604006385996389,10.778216274448145,13.950563814413337,26.77679053136301,0.007167777917912735,0.007699574389162232,0.008798299845848283,0.018108768974326027
GUY,Sixth,950.0,0.961,10.63246252490567,13.28356164451064,17.088715237689204,31.634754788219485,0.01391836139988955,0.01480183573404273,0.01659736916709461,0.03064993520489017
GUY,Seventh,1100.0,1.52,12.624347149582325,15.72513876800665,20.100815630534587,35.85366255450058,0.023871490573257288,0.025124332576871685,0.027625675287985006,0.04559431605673776
GUY,Eighth,1350.0,2.99,16.11281876840712,20.001961667322195,25.378581316060252,43.38070468367401,0.051466000115415814,0.053540020779242366,0.05759255091643409,0.08381275862452921
GUY,Ninth,1610.0,5.28,19.94036605159255,24.637085759950708,30.961241955840944,50.175113943385405,0.10084609649398257,0.10336248195523967,0.10811580885215817,0.13401763284622958
GUY,Tenth,2790.0,33.9,38.24647155898092,46.60443384001393,57.00108148278075,81.08116026660375,0.7956391428322284,0.7877151424566289,0.7720953970767823,0.6645659766067026
HKG,First,327.0,0.000772,5.830362652436986,6.17027039613222,6.711241570446278,8.567693465127064,1.2770790521720775e-5,1.4128096105336037e-5,1.6207905230029047e-5,2.055478330927058e-5
HKG,Second,652.0,0.00652,11.765243625335168,12.417174325633404,13.41607122079633,16.891094348305366,0.00011329043522968252,0.00012321035140887965,0.0001380954914513907,0.00016818241140290448
HKG,Third,880.0,0.0166,16.024224619634445,16.872666585335747,18.15322940068708,22.670411252254013,0.0002979571741433696,0.00032070413294801886,0.00035440627105894014,0.00042116557368273915
HKG,Fourth,1190.0,0.0433,21.897085900124946,23.015348706236416,24.679371927434286,30.6203056872721,0.0007944177976857898,0.0008479831719455381,0.0009265376549339883,0.0010796288496050415
HKG,Fifth,1510.0,0.0908,27.873023787211487,29.243940806562804,31.261985794322463,38.56245324982579,0.0016985066276181185,0.0017995073859771382,0.001946254804330876,0.002228046730870254
HKG,Sixth,1970.0,0.209,36.524658449645024,38.25462950483746,40.77181247101151,50.00760144830254,0.003986642923670656,0.004193129875567631,0.004490412299611965,0.005053039897116418
HKG,Seventh,2470.0,0.427,46.095439858389994,48.183299478747614,51.18985065442475,62.41586571902151,0.008322410791686066,0.008687766658057235,0.009208719603778818,0.010179647216366437
HKG,Eighth,3350.0,1.12,62.97186031505683,65.67445237254232,69.51334868110591,84.179071863099,0.022366237899889944,0.023151606118305985,0.024258974306333794,0.026286419972971077
HKG,Ninth,4470.0,2.83,85.0487626870706,88.40953994241825,93.11019039857209,111.75210626641777,0.058086266639285296,0.05947881993086107,0.06141208702347401,0.06486520241542984
HKG,Tenth,10200.0,41.1,201.13704211313177,206.7161451457107,213.99869901586607,249.60137048454317,0.9043214989202694,0.9013831442788232,0.8972483046397962,0.8896981121492461
HND,First,66.7,0.000378,0.4834977630236128,0.6372968993480392,0.9162074697173234,2.618179651306309,6.1643430065164275e-6,6.851156562434353e-6,7.908920143365017e-6,1.0137455311400526e-5
HND,Second,140.0,0.0036,1.0331360052608036,1.3612122378567093,1.944755027279619,5.472039273517568,6.176321549190803e-5,6.74529145864749e-5,7.602977979773703e-5,9.349195574130418e-5
HND,Third,194.0,0.00988,1.4498724880622744,1.9071926244141681,2.713472032545499,7.568052330155398,0.00017496371126228882,0.00018904413727660873,0.00020999385981766878,0.00025176893814766684
HND,Fourth,269.0,0.0273,2.029827689596356,2.666941237338482,3.782034561985304,10.474393621271352,0.0004951433162370429,0.0005304062271849763,0.0005823219474898813,0.0006841241366974386
HND,Fifth,347.0,0.0602,2.637542640022344,3.460560293395096,4.892573468557971,13.466037539813442,0.0011170114448522403,0.0011873252552501061,0.0012898587254372527,0.001487884795012057
HND,Sixth,460.0,0.146,3.5259149395324627,4.619946022991748,6.512514099133762,17.816344795508524,0.00276195593721923,0.0029138185872707796,0.0031332001193947663,0.0035506323545893754
HND,Seventh,587.0,0.315,4.5385389458652075,5.936779875428343,8.342350276555662,22.679911448105234,0.0060857735796633035,0.0063705059043193445,0.006777784019010174,0.007540671372407283
HND,Eighth,811.0,0.877,6.339477606118072,8.276884422942718,11.588661733510936,31.277523148956213,0.017377229677975784,0.018031713213582108,0.018957258240777604,0.020659818123062956
HND,Ninth,1110.0,2.39,8.796994756571499,11.45196884581634,15.955718429153379,42.6566905864523,0.04877221492797456,0.05004470028677573,0.051816355985362064,0.05499555877994108
HND,Tenth,2690.0,42.0,22.25487257757122,28.686617184452043,39.32697598083845,101.73916022281526,0.9231477798463172,0.9206581823171914,0.9171492884027694,0.9107259120890895
HRV,First,561.0,0.0803,8.876090333018844,9.911884082172861,11.187272911664579,15.784761367668564,0.0017659287559093546,0.0017206173657060937,0.0017659972300076495,0.0017370429717820958
HRV,Second,838.0,0.287,13.225324299736371,14.80256833470965,16.682793225284634,23.56500702247376,0.006292520415969727,0.006164566550498291,0.006292713451273184,0.006211039077461721
HRV,Third,959.0,0.44,15.127702815899024,16.95135368763379,19.087266463413492,26.978402575194032,0.009660736629446297,0.009493837157633378,0.009660987612733731,0.009554521656800685
HRV,Fourth,1140.0,0.764,17.97300021059989,20.159586028914333,22.684129565455045,32.078488443418884,0.01674571315813633,0.016497376326567142,0.016746086213306668,0.016587754606130423
HRV,Fifth,1280.0,1.11,20.197899879075266,22.674054484452466,25.497122432822685,36.072708290571974,0.02430859627467349,0.024001645033465312,0.024309056168206833,0.024113451456733395
HRV,Sixth,1490.0,1.79,23.45577350700817,26.35343674989841,29.616668455196187,41.919284400017744,0.03919557307509082,0.03878448002248212,0.03919618886792281,0.03893435571736781
HRV,Seventh,1660.0,2.53,26.145189861162905,29.398977311897394,33.017799141778816,46.75429723030071,0.055450300831229364,0.054991824719585816,0.05545098698226767,0.05515915126556031
HRV,Eighth,1970.0,4.41,31.077522671940244,34.978402356905136,39.256204631000735,55.61619761904264,0.09635621729468923,0.09579955315258593,0.09635704749957236,0.09600301530988417
HRV,Ninth,2240.0,6.57,35.19287792723458,39.65435385110121,44.461928560933195,63.03169990197011,0.14342858923967702,0.14305601574786023,0.14342914046857155,0.1431927105710634
HRV,Tenth,3520.0,27.9,55.225764275355004,62.38614732104929,69.80906172235083,99.10477966692837,0.6067958243251783,0.6094900839236157,0.6067917955061375,0.608506957367216
HTI,First,33.3,0.000152,0.16226686568192433,0.24227209680205058,0.3806306039176224,1.42743340099897,2.434554031416626e-6,2.7229166367451336e-6,3.170064822535252e-6,4.12227861136853e-6
HTI,Second,72.8,0.00168,0.36252642082682,0.5406796930458431,0.8437894627108009,3.114729496930284,2.8400449731962658e-5,3.119291880488973e-5,3.542814137005402e-5,4.41339066141287e-5
HTI,Third,104.0,0.00506,0.5233239897913888,0.7790037985452867,1.2103634676251174,4.427388213615216,8.83455326528028e-5,9.595022096154853e-5,0.00010732784410072391,0.0001302141196828503
HTI,Fourth,147.0,0.0151,0.7491760367432615,1.1135749419061347,1.724173894067977,6.261202497611183,0.00026953346320033786,0.0002901088546355944,0.00032055578590573744,0.0003807400800212562
HTI,Fifth,193.0,0.0355,0.9934602701902463,1.4742994025475573,2.2753459443326682,8.209801090840713,0.0006506413633631809,0.0006946483798930845,0.0007591229902329101,0.0008845698456106864
HTI,Sixth,261.0,0.0917,1.3543190888455945,2.006676431399858,3.087326830978207,11.070176842270001,0.001718064744218263,0.0018198730851782241,0.001967583744053798,0.002250567342949952
HTI,Seventh,339.0,0.212,1.7794648329280267,2.6316742118445986,4.035438788883945,14.37681822411724,0.004052669184115517,0.004257876234354576,0.004552566455346168,0.005108027529624772
HTI,Eighth,479.0,0.636,2.5430999230068685,3.753058199615951,5.7331688524958135,20.27397930575299,0.012492054633885915,0.013004709579069552,0.013732292895812124,0.015078349632024219
HTI,Ninth,674.0,1.91,3.635597827022656,5.348461569875294,8.128623560186014,28.46615927977222,0.03867434175061054,0.03979043080879088,0.04134943298293675,0.04416178172766425
HTI,Tenth,1750.0,42.9,9.927676423167123,14.448460898968323,21.586003475901695,73.04695875852121,0.94202351432419,0.9400124870016748,0.9371725190954192,0.9319574935371965
HUN,First,1010.0,0.128,13.763545207804343,15.99788227102598,18.743714000562804,31.196958930858155,0.003513224796897372,0.003011324024710391,0.0026649345659376096,0.0023423739256133256
HUN,Second,1470.0,0.413,19.55584622275483,22.984099852515588,27.161159368844004,45.605963388611755,0.01079162792737061,0.009570131888945173,0.008698004878587719,0.007860986128208746
HUN,Third,1650.0,0.599,21.779211756924305,25.755193775092458,30.582333130125587,51.606475480211316,0.01522669408378798,0.013765974993300525,0.012702160765337747,0.011662992305194093
HUN,Fourth,1940.0,0.992,25.32764325130035,30.10037296206321,35.87992473824993,60.78667808494588,0.024675508837576417,0.022653665243542346,0.021156574463362006,0.019672469333208997
HUN,Fifth,2160.0,1.38,27.92402036635774,33.3326282857631,39.86960209622931,67.7865355712368,0.03371843994222137,0.031385601869858865,0.02963055861446114,0.02786609598361723
HUN,Sixth,2480.0,2.15,31.831622900400138,38.16071729013603,45.79734139556753,78.13367727891132,0.051275012538431725,0.048369623708449785,0.04614644720872523,0.04387774612309687
HUN,Seventh,2730.0,2.92,34.809370091291626,41.914615223659695,50.475608098520844,86.42245875913112,0.06827036830666322,0.06529927284625979,0.06297836224236683,0.060567023091194105
HUN,Eighth,3210.0,4.85,40.497877640895375,49.00671202491962,59.24459245679367,101.8415434088457,0.11084755319337788,0.10767805062855508,0.10512111880379253,0.10239120907807181
HUN,Ninth,3580.0,6.83,44.63328871845531,54.348228475318095,66.0227627817834,114.06938710597964,0.1513483829781811,0.14994455424520267,0.1486650310435854,0.14716805279995943
HUN,Tenth,5430.0,25.6,66.00725826418505,81.47340581517086,100.03314047288042,174.74831462468035,0.5303331873954923,0.5483218005511753,0.5622368074138437,0.5765910512318354
IDN,First,433.0,0.0414,2.666285045448446,3.9353243738552495,5.875372444914942,17.74190751437933,0.0003281698989585373,0.0003614997280376221,0.000473146068728644,0.0017441096821614412
IDN,Second,667.0,0.161,4.459972394866534,6.555664719731701,9.628215051360646,26.65119003958197,0.001633912321026161,0.0017670840561212022,0.002196508559070756,0.00623100144891596
IDN,Third,777.0,0.262,5.439624334414616,7.972770203241448,11.597624712878487,30.55741344049083,0.0030442755208921726,0.0032571885968929134,0.003928595614009017,0.009580565185893822
IDN,Fourth,938.0,0.479,6.807593908845811,9.956114445962617,14.371827254409256,36.389018638191004,0.006158889943295767,0.006533252300816836,0.0076925648226272144,0.016626512610342134
IDN,Fifth,1070.0,0.734,8.009181871159724,11.6887572492464,16.756167928353243,40.945557511698794,0.010272575270529567,0.010813129208958197,0.01245940661425312,0.02416136554995879
IDN,Sixth,1260.0,1.25,9.726262603688095,14.165743526683489,20.16898125632564,47.59558914219675,0.018950585363913718,0.019798950784623535,0.022339816973592455,0.03899853512034995
IDN,Seventh,1420.0,1.88,11.345973903375752,16.487298897774856,23.308122690420255,53.06935199902627,0.030821163439740056,0.031952056634131754,0.03527767249414371,0.05523074253999913
IDN,Eighth,1720.0,3.52,14.195814147098751,20.57426267446645,28.846852558122286,63.033235303292024,0.06261024294002195,0.06434576901687415,0.06933464722960613,0.09608996236333664
IDN,Ninth,1980.0,5.8,17.13783370518994,24.748879012723968,34.33619060616815,71.27884153773597,0.11371254572148962,0.11557619244314611,0.12073145574330305,0.14325094127914267
IDN,Tenth,3230.0,31.7,31.046793687121635,44.3574957834878,59.81621553712326,109.75490838252284,0.7524676395801324,0.7455948772303976,0.725566185880666,0.6080862642198994
IND,First,106.0,0.00565,1.413403689884804,1.826617749501077,2.2906910447958344,3.1417188634833937,0.000254762154057725,0.00018038669442206173,0.00012061002000565544,1.7546256567163783e-5
IND,Second,202.0,0.0319,2.42101068531289,3.2095221033077803,4.136407087916929,6.410363515331331,0.0013303957606529701,0.0010044157947866935,0.0007228874983591533,0.0001474952685198478
IND,Third,265.0,0.0644,2.9875208924960845,4.014951482186819,5.253139025364645,8.724733099914916,0.0025490846773848653,0.0019985659644877665,0.0015024046008972334,0.0003754470622042911
IND,Fourth,354.0,0.14,3.7760169750254384,5.131108214427233,6.795035910472707,11.924552801605335,0.005273682420986649,0.004261516204612351,0.0033171264367630867,0.0009751294788933109
IND,Fifth,440.0,0.249,4.479228740602691,6.145151788665581,8.224227302758406,15.151277108999604,0.008974733317334381,0.00745186339732402,0.005985061965681496,0.0020362697327425032
IND,Sixth,564.0,0.492,5.4842349560749515,7.593895360212827,10.266406099799411,19.81828794193302,0.016882217066530928,0.014391550118609318,0.011915301385420836,0.004671264332736949
IND,Seventh,697.0,0.864,6.448038356141384,9.011323748585461,12.307639012287039,24.918848566007064,0.028017284092699303,0.024544408105864647,0.020971159961762856,0.009522881075878353
IND,Eighth,930.0,1.92,8.14119788869706,11.494463008462974,15.87419292807286,33.87744061414157,0.0582168196202807,0.05258378261279607,0.04654198832142278,0.024920016986868368
IND,Ninth,1220.0,3.97,9.932939046507654,14.200446170928483,19.88135834326414,45.31132583684973,0.1088292666224158,0.10220947001280646,0.09463383638965273,0.0625499343794955
IND,Tenth,2650.0,38.1,18.439989498372682,27.03489644597426,38.79755135977697,101.16316264804198,0.7696717542676567,0.7913740410942905,0.8142896234200342,0.8947840154260936
IRL,First,1710.0,0.0733,23.29272516957041,30.080491227357243,35.68449341070512,49.467977566127104,0.0017151144497971342,0.001637350132289974,0.0015990244339772828,0.0015208307325720667
IRL,Second,2560.0,0.267,34.649118342454564,44.88521414344336,53.331278015385564,74.17165714748268,0.006148974333045308,0.005927390936248717,0.005817304421135642,0.0055908153327104086
IRL,Third,2940.0,0.414,39.63384182817724,51.43253942413393,61.16510866536135,85.22506656164668,0.009473459257275232,0.009182906577672132,0.009037876147869491,0.008738031634660979
IRL,Fourth,3500.0,0.725,47.068435159192944,61.166355185221846,72.792924527308,101.5774162078784,0.016467006197700355,0.01603279161411248,0.015815210174951258,0.015363544297266616
IRL,Fifth,3940.0,1.06,52.89270005249431,68.82148835070898,81.95552091206106,114.51563715581493,0.023964048136762655,0.023425133512725956,0.02315409804840631,0.022589319957591374
IRL,Sixth,4580.0,1.72,61.40904877823453,80.00022725236502,95.3268637484032,133.37136410880504,0.03873404818653291,0.03800919399196724,0.03764325746661532,0.036877701117511985
IRL,Seventh,5120.0,2.46,68.4564767803995,89.29338354738175,106.46853434330124,149.15883217429968,0.054935473922474325,0.05412302552563181,0.053711057215806435,0.0528452289637442
IRL,Eighth,6100.0,4.32,81.35774195984074,106.27161720640494,126.80362585305285,177.9136126399459,0.09573095407165645,0.09473754593387358,0.09423069038851081,0.0931585850719416
IRL,Ninth,6930.0,6.51,92.1692971701577,120.60895454164964,144.04183845703787,202.4850445425178,0.14300979561771923,0.14233294119020737,0.14198224004572987,0.14122867935592634
IRL,Tenth,11000.0,28.3,144.66282596243786,190.04877056670463,227.43077784686508,321.0548110934306,0.6098211258270363,0.6145917205852708,0.6170092416569976,0.6220872635360744
IRN,First,242.0,0.0183,2.1410889152488135,2.792566350917669,3.6084945012500342,8.928242679997172,0.0001132297131430479,0.000149262463496155,0.00018841260738768713,0.0007391282104851206
IRN,Second,394.0,0.0825,3.795063743203833,4.876707712818173,6.216859749630662,14.121671382147246,0.000686463334211557,0.000860539732104483,0.0010407075229927987,0.0031447822928412773
IRN,Third,474.0,0.147,4.7941373397755855,6.104852093310217,7.720104746059552,16.692845218331268,0.001436417781004398,0.0017478363149158376,0.0020609867988045146,0.00534686202356323
IRN,Fourth,587.0,0.288,6.167691754430917,7.797317126629678,9.796172936818284,20.354465119267047,0.003188705702241755,0.0037886605580676426,0.004377987312404417,0.010054590303800775
IRN,Fifth,685.0,0.471,7.4410643223293835,9.345054282318243,11.671099773942547,23.400248163243777,0.005781523203626531,0.006723671236169636,0.0076294780561679066,0.015703667995497078
IRN,Sixth,825.0,0.856,9.257038284592035,11.550298403592183,14.339392619476165,27.75722660224267,0.011564736011641933,0.013172691147517214,0.014685948977633674,0.027181795720182853
IRN,Seventh,955.0,1.38,11.075664322785945,13.724710694970467,16.93212298402786,31.611086290060076,0.020454318100189935,0.02280187401319678,0.02496085817666994,0.041385100896918
IRN,Eighth,1180.0,2.78,14.251440807140947,17.518461466128606,21.44700353148872,38.397535041921834,0.045645396684652104,0.04967060027190153,0.053271122080252364,0.07807946593446313
IRN,Ninth,1410.0,5.05,17.841603667003007,21.70140104463945,26.30369184305385,44.69032000778317,0.09346518510366093,0.09862048483761184,0.10303948252481954,0.12905513652592407
IRN,Tenth,2460.0,34.8,35.08918202863684,41.34219030609056,48.40570897208662,72.10458619364672,0.8176640243656278,0.8024643794250189,0.7887450159428672,0.6893094700963245
IRQ,First,259.0,0.0928,2.597514146289872,3.1253827727256502,3.949967991130287,9.09445700461128,0.000735988857260958,0.0008941273558914632,0.001286268013331435,0.0037798212876193047
IRQ,Second,381.0,0.308,4.142163208276061,4.929812836713617,6.082297248950909,12.961552739068336,0.003134064902175564,0.0036627539681365613,0.004894807257115228,0.011422626639855141
IRQ,Third,433.0,0.459,4.911274382620553,5.8059256001186785,7.065052257519478,14.420479285796132,0.00533124042001805,0.006092496675740411,0.007803457454310435,0.015969036815364795
IRQ,Fourth,512.0,0.78,6.011164760230045,7.068711962682507,8.50634897513618,16.76566478682124,0.010029121051458124,0.01125795004147922,0.013939166919131578,0.025688995358487572
IRQ,Fifth,572.0,1.12,6.931029414421278,8.11048705651753,9.662658355706148,18.46233994955364,0.015669374065068985,0.01730873594650339,0.02078845434134134,0.03487241868668901
IRQ,Sixth,662.0,1.78,8.255310370393268,9.613719393854,11.34034058834188,21.014701818193174,0.027131642116439796,0.029506778568418414,0.034408494072456754,0.05269184562364899
IRQ,Seventh,734.0,2.5,9.436692088143143,10.933190743936809,12.765096338203634,22.929218534602132,0.041323263511939996,0.044221160677032835,0.0500153746393042,0.06969390893885372
IRQ,Eighth,867.0,4.33,11.543571003246742,13.294074846506602,15.33533888895531,26.5748798976949,0.07799349885455503,0.08196781842326648,0.08958957523177057,0.11232368664916077
IRQ,Ninth,975.0,6.44,13.53604026399044,15.467554708293788,17.575680414762473,29.146520625638832,0.12897771923073822,0.132464122805783,0.13860813456544274,0.15192607610939177
IRQ,Tenth,1500.0,28.0,22.950568826582995,25.664369760132104,28.0210499826022,41.97371122300249,0.6896740869903452,0.6726240555377482,0.6386662675057957,0.5216315838909289
ISL,First,1640.0,0.186,24.406543982402702,27.6346497586145,31.544448926749073,48.210739023963406,0.0040154961932301865,0.003918951772589942,0.003895674540374756,0.004191562925281142
ISL,Second,2300.0,0.552,34.22397504782842,38.804735379627175,44.296615795453086,67.30835060944744,0.011971171575350171,0.011747469490314213,0.011693326886062477,0.012375660297036437
ISL,Third,2540.0,0.765,37.87416964111234,42.979453881307464,49.065210105143336,74.31510902629468,0.01660807677924304,0.016348158949770646,0.0162851091101448,0.01707570542699028
ISL,Fourth,2940.0,1.22,43.79632694242126,49.727404511917236,56.761224229583796,85.72000470521948,0.026554273746123038,0.02620312160709654,0.02611777950791429,0.027183385573531244
ISL,Fifth,3220.0,1.65,48.06086804144266,54.59782895656611,62.31469508787514,93.86392084799863,0.035849813113895776,0.03545401867069623,0.035357651829787055,0.036556013192720116
ISL,Sixth,3650.0,2.48,54.52193368322099,61.96176488277905,70.69916521551448,106.18395752525032,0.05388155453269614,0.05340091513828299,0.05328365673212405,0.05473534475375057
ISL,Seventh,3970.0,3.26,59.350937559955966,67.48068280027276,76.97988596711457,115.29015923494251,0.07087644941880278,0.07040011270991056,0.07028361580717901,0.07171788850283146
ISL,Eighth,4580.0,5.21,68.66834283232882,78.09579246281704,89.03079475155194,132.8019537416614,0.11352839228645967,0.1130455073070001,0.11292691781698638,0.11437346923196409
ISL,Ninth,5000.0,6.99,75.2132598188018,85.58890785519681,97.52908363943914,144.85453416976674,0.1523582289909502,0.15218941529857244,0.15214704381701152,0.15263893680803411
ISL,Tenth,7210.0,23.5,109.57151180669636,124.60412692671358,141.36106106190226,206.57007113547996,0.514356543363249,0.5172923290557663,0.5180092239524158,0.5091520332878605
ISR,First,710.0,0.0366,10.049308938528455,11.349983632245895,13.055290767119466,21.49970632025966,0.0006059769366481018,0.0006084667294499021,0.0006506171861017492,0.00104212151095182
ISR,Second,1120.0,0.152,16.140923047747307,18.252165524095712,20.915921974052143,33.39474895045164,0.0026810564104840853,0.0026899122496459545,0.0028387149686333215,0.004139422110358785
ISR,Third,1320.0,0.256,19.2425815275723,21.765991613838246,24.884661267078723,39.03698083947587,0.004662947116751013,0.004676170085722303,0.004897368329274171,0.006764004633821304
ISR,Fourth,1600.0,0.477,23.64339317827699,26.75268536854812,30.528540938895045,47.21397810819203,0.008928714557050296,0.008950701764467692,0.009317192933250977,0.012322615463629477
ISR,Fifth,1840.0,0.739,27.368100161683927,30.97199566202386,35.281587373774165,53.874947411084094,0.014173989745811954,0.014204141143341124,0.014705044187021916,0.018705504121476042
ISR,Sixth,2180.0,1.27,32.714383199545786,37.02739825195808,42.10442980138837,63.493879154615016,0.02492405090144985,0.024968973153202074,0.02571273783385747,0.03149611726089233
ISR,Seventh,2480.0,1.93,37.551070300216125,42.50212286902074,48.23790364575968,71.81249258270832,0.038572654069414916,0.03862919916121025,0.039561888576784575,0.04660200992073848
ISR,Eighth,3020.0,3.61,46.13786237026371,52.21593886384184,59.12090711852972,86.715543443714,0.07411712812368149,0.07419785989768142,0.07552312845172132,0.0851512650879204
ISR,Ninth,3520.0,5.94,54.44489542124761,61.59810594830557,69.52946827063349,100.10225513501015,0.125395745364308,0.12547216243040454,0.1267155527272257,0.13511854385292515
ISR,Tenth,5860.0,31.4,93.64509946011911,105.63557525330648,117.97325006596758,162.1760093693099,0.7059377367744003,0.7056024133848747,0.7000777548061289,0.6586583960372862
ITA,First,767.0,0.0745,12.535820643595255,13.62230324474781,14.903043133442752,21.36285850726107,0.0018552057980969505,0.0017359004739363351,0.0016314227209607787,0.0014423409350595546
ITA,Second,1150.0,0.27,18.63168854318001,20.34974350444818,22.36188506148483,32.31753492107738,0.006542446291531588,0.006207809669577852,0.005910404024714509,0.005360799489387088
ITA,Third,1330.0,0.418,21.277028338902277,23.30218979770988,25.668774755631944,37.26918453411866,0.009985080789416016,0.009550307726059883,0.009160556958042803,0.008431431611174585
ITA,Fourth,1580.0,0.731,25.248511590715722,27.713858255353937,30.58907051840895,44.577904351119294,0.01722629398664086,0.016581481719128426,0.01599929932130324,0.014899090700511366
ITA,Fifth,1780.0,1.07,28.34137065438433,31.16947358556471,34.46336975403565,50.39081585450591,0.02490025579920782,0.02410569453417746,0.023383455250924036,0.022005462202476067
ITA,Sixth,2080.0,1.73,32.87751800865864,36.22801187161485,40.125026254873426,58.857834202492654,0.03998469733016341,0.03892396273486321,0.03795298360518428,0.03608191419233925
ITA,Seventh,2320.0,2.47,36.6038522616552,40.41194019788821,44.83686880086135,65.9880686367573,0.05632614893501411,0.05514755392282075,0.05405982485751142,0.05193946867791911
ITA,Eighth,2770.0,4.33,43.45419159405436,48.08089851067283,53.450584764831014,78.95786760342541,0.09741238833051309,0.09598892684005028,0.09465992348819659,0.09202707976720133
ITA,Ninth,3160.0,6.51,49.12270961239357,54.49937555647424,60.734339249011065,90.14162982881885,0.14412310485702118,0.1431832631951478,0.1422794693423818,0.14041630965386867
ITA,Tenth,5010.0,28.2,76.80273579594399,85.72543244942943,96.05513736580566,144.05524473808305,0.601644377882395,0.6085750991842379,0.6149626604307805,0.627396102770063
JAM,First,72.4,0.000489,0.607814812326934,0.6840815771210742,0.8656117245765274,2.692418140233592,1.741338028949162e-6,1.9836499707566166e-6,2.6538415591912926e-6,1.551678485531423e-5
JAM,Second,148.0,0.00392,1.3814082205628178,1.551335927182147,1.93375524379898,5.417667665880633,2.14423612807387e-5,2.391912709355898e-5,3.0528684656289944e-5,0.00013318851172297442
JAM,Third,204.0,0.00995,2.0152514831162316,2.2573919746678945,2.7880639409249643,7.351386712607089,6.897103916794187e-5,7.594446551768177e-5,9.414915959585714e-5,0.0003433500475680562
JAM,Fourth,281.0,0.0262,2.9092019857083837,3.252311325185489,3.987598904750049,10.017199276579452,0.0002161612205237191,0.00023554321047892382,0.00028525298722155705,0.0009008685223333083
JAM,Fifth,360.0,0.0558,3.886968927416747,4.336410914905917,5.281818297226342,12.710745608974559,0.0005346035249810034,0.0005770819796741499,0.0006842957388700413,0.0018984740145283894
JAM,Sixth,476.0,0.132,5.33744194485133,5.942590629198745,7.192009961328613,16.601983836585006,0.0014452641190528465,0.0015459130624234034,0.0017959975607991048,0.004393958992773606
JAM,Seventh,606.0,0.281,7.066065655790429,7.848783115012394,9.43557373337162,20.86773437497859,0.0034934053728263768,0.0037014367851076493,0.004209910892196358,0.00904032863838158
JAM,Eighth,838.0,0.78,10.183568745577825,11.281146227364072,13.458563496172413,28.353099214116597,0.011067336447311877,0.011602255230246925,0.012885335170215468,0.023902590629866462
JAM,Ninth,1150.0,2.15,14.716488233926787,16.238377380666762,19.17753745428152,37.96034155181047,0.03548951202966414,0.03670026801969785,0.03953187785038518,0.06079367314619173
JAM,Tenth,2790.0,42.4,41.2989810754294,44.88008446277911,51.22835537087131,85.06399541986957,0.9476615625471624,0.9455356544697892,0.940479998114501,0.8985780507117785
JOR,First,441.0,0.0555,3.0653877287967832,4.1949700009106,6.204545588159812,17.79207533564408,0.0004161109647071853,0.0005097926698089216,0.0007452162407987658,0.0023037419336575243
JOR,Second,667.0,0.205,5.038568828824712,6.817882784218226,9.846026028617974,26.164989357380936,0.001980075211245955,0.002332724175324875,0.0031655391727439235,0.007758957339053762
JOR,Third,769.0,0.324,6.087775722522439,8.181096979665117,11.652507263036348,29.660022053571367,0.003592907741602252,0.004137306469499284,0.005377093097312003,0.011535015616829939
JOR,Fourth,920.0,0.578,7.560051323902125,10.104578134358716,14.233042105750426,34.99117883015782,0.007116747495735846,0.008047027602473082,0.01010384737949813,0.019488132179233335
JOR,Fifth,1040.0,0.863,8.835036492195012,11.74978795044058,16.38560984953703,39.05310279353559,0.011646716336300808,0.012955098390436156,0.015769952280489673,0.02764515252658062
JOR,Sixth,1210.0,1.44,10.658710355470395,14.10599587717778,19.478581228216083,45.03381916006278,0.0210932738753523,0.02309309983331569,0.02727867630673162,0.04359122620086305
JOR,Seventh,1360.0,2.11,12.351966101918213,16.262418173208935,22.228103038615064,49.81257375584969,0.03365730169617426,0.03624686835108734,0.041504470517581965,0.06025937467015947
JOR,Eighth,1630.0,3.83,15.338592420733297,20.073861483580163,27.114161881977072,58.63162994559005,0.06692483362076145,0.07075752441964328,0.07824527301154761,0.10203761149509144
JOR,Ninth,1860.0,6.07,18.34754436306533,23.825202485775574,31.702118792864788,65.57790516990985,0.11827843973476948,0.12214745150419372,0.12920420082102127,0.14696483800539034
JOR,Tenth,2950.0,30.4,32.524754946678556,41.348430655812734,52.90492507211692,98.70394732819754,0.7352935933233504,0.7197731065842177,0.6886057311722751,0.5784159500331406
JPN,First,691.0,0.0689,11.626763266338196,12.529169748875397,13.54879462187546,18.8472449552781,0.0015746295296926198,0.001495258511859898,0.0014404968786307672,0.0014951266603754967
JPN,Second,1040.0,0.254,17.454396655351758,18.881236268861784,20.4690036654131,28.394263632244517,0.005746920137823548,0.0055161767870445496,0.005355362061511951,0.005515791575623826
JPN,Third,1200.0,0.397,20.050723292426948,21.733911026077294,23.593531238010204,32.67617834449544,0.008944908942141418,0.008638776687686624,0.00842415773691561,0.008638263609549305
JPN,Fourth,1430.0,0.699,23.902758526658275,25.95114228904131,28.199714241799747,38.99763907894466,0.01567543554814176,0.015213481008529907,0.014888039313431863,0.01521270458695254
JPN,Fifth,1610.0,1.03,26.943356130235834,29.292971092501404,31.85850072243344,43.99812384883166,0.02297963135762664,0.022401024752681284,0.021991530643633263,0.022400049679947617
JPN,Sixth,1880.0,1.68,31.380285962114932,34.16060006364061,37.17847838055727,51.264845954816536,0.037407207074996916,0.03662154618985958,0.03606287072952965,0.03662021879963665
JPN,Seventh,2100.0,2.41,35.08376334829434,38.241284964888216,41.64945188912853,57.33872120583043,0.053444662355957406,0.052554317521807725,0.051917721552392576,0.05255280909687494
JPN,Eighth,2510.0,4.26,41.83967556221325,45.66246697807128,49.75528783740997,68.33370376231306,0.09390181983671467,0.0927962780114243,0.09199978720344239,0.09279439677694669
JPN,Ninth,2860.0,6.46,47.58068041310109,52.011730241758706,56.71428793497668,77.67833727633452,0.1417527740480425,0.14097045272281847,0.14039650227383146,0.1409691073566649
JPN,Tenth,4490.0,28.6,75.30023356064662,82.42185314000918,89.6826559626146,121.28810415969022,0.6185720111688625,0.6237926878062877,0.6275235316066805,0.6238015318574281
KAZ,First,798.0,0.173,11.937268884047894,14.107252704072815,16.163489010034432,22.659790526586963,0.003749880709220481,0.003657425923676543,0.0036333023475530156,0.003909057973297975
KAZ,Second,1120.0,0.523,16.834086395544947,19.924997941191414,22.83119177384634,31.818203727951367,0.011352330269893105,0.011134364277298534,0.011077266229806522,0.011724466771629279
KAZ,Third,1250.0,0.731,18.684269247488967,22.13427920480437,25.36447753070762,35.23316499945887,0.015886726321751584,0.01563089332608471,0.015563719900023002,0.016321378154911515
KAZ,Fourth,1440.0,1.18,21.659215126079527,25.67344425960882,29.415640168066933,40.73607514397559,0.02557706755498626,0.025228473732926165,0.025136766936867398,0.026166880342335486
KAZ,Fifth,1580.0,1.6,23.818611620653883,28.247954971146104,32.36150438805633,44.69538745786948,0.03474546648946035,0.03434930014564854,0.03424488158238094,0.03541310476566787
KAZ,Sixth,1800.0,2.41,27.077666659535335,32.125095577583146,36.79022359622595,50.65518839497436,0.052536624240135936,0.052051216384924145,0.05192301648155384,0.053351142259103826
KAZ,Seventh,1960.0,3.19,29.537302182802517,35.05851031207734,40.13846189157114,55.100116862756856,0.06953876325049553,0.06905230041756326,0.0689234977806425,0.07035067680388328
KAZ,Eighth,2270.0,5.15,34.256030802426494,40.66698558661829,46.52115625645264,63.58190777231595,0.11216417274651395,0.11166184186143813,0.11152828718275981,0.11299520501145362
KAZ,Ninth,2480.0,6.96,37.62874627700717,44.693099400338525,51.09595074467857,69.51282397173128,0.15186614504226228,0.15167341313450475,0.15162116295970224,0.15217148384598417
KAZ,Tenth,3600.0,23.9,55.15843926884356,65.41796982266506,74.36560976699494,99.30124144431257,0.5225828233752804,0.5255607707959353,0.5263480985987107,0.5175966040717329
KEN,First,63.4,0.000811,0.4893995116089689,0.6676520616051979,0.9704238146195514,2.4283620215658823,1.3426163691049442e-5,1.4848525797228996e-5,1.702727663036555e-5,2.157849034466101e-5
KEN,Second,126.0,0.00679,0.9870519256769946,1.3433674354721743,1.9399225522480776,4.787572905081959,0.00011810208969417654,0.00012840729193018983,0.00014386574856162812,0.0001750961709094079
KEN,Third,169.0,0.0173,1.3432027174878096,1.8240512964494362,2.6231590977217407,6.421571231187449,0.00030902095970545103,0.00033252691263751497,0.00036734361334297196,0.0004362794886428742
KEN,Fourth,229.0,0.0447,1.8343546118390937,2.486889716753556,3.56470683491521,8.670299359230896,0.0008205289849009615,0.0008756460332153793,0.0009564544353410347,0.0011138717317490633
KEN,Fifth,289.0,0.0933,2.3333463782783115,3.1580074779479803,4.513090372569368,10.914057016695699,0.0017478398408089047,0.0018513641662573387,0.0020017406159724624,0.0022903867301152583
KEN,Sixth,375.0,0.214,3.055626799386465,4.128837812234347,5.883365783098167,14.148771097222872,0.00408769903961482,0.00429854027088698,0.004602020881137277,0.00517616431102319
KEN,Seventh,469.0,0.436,3.8532707320314117,5.196900228812779,7.382486029482417,17.652344789228827,0.00850159039111745,0.008873151410869088,0.00940283584264663,0.010389688650196025
KEN,Eighth,634.0,1.14,5.259657914437886,7.0788923982681435,10.020964037084491,23.806729458929706,0.022752329036347413,0.023547314196083604,0.024668007594186966,0.026719160067951657
KEN,Ninth,845.0,2.86,7.094882862891951,9.520377339016418,13.415081550108471,31.60766946180797,0.05877312978638154,0.060173642774313446,0.06211755056560418,0.06558848030930015
KEN,Tenth,1930.0,41.0,16.73823660782413,22.263954157834238,30.962885336286657,71.39122864744756,0.9028763337077382,0.8999045584180093,0.8957231534265764,0.8880892940497677
KGZ,First,322.0,0.154,2.644419579816916,3.5579655512035986,5.056768342150064,12.125714557909244,0.0034698541256744523,0.003316595134976401,0.003205723411141603,0.00336357343447421
KGZ,Second,456.0,0.476,3.7494164417087132,5.058517971037846,7.201318729025154,17.185749420521166,0.01068786298758824,0.010318573668921931,0.010048788181384126,0.010432212142968456
KGZ,Third,508.0,0.676,4.174137222243787,5.640309832448901,8.037304668339834,19.130811527434776,0.015103848249910094,0.014664827632800064,0.014342256819834497,0.014800231456490877
KGZ,Fourth,590.0,1.1,4.850355699628604,6.560736907709934,9.35251104456327,22.197316563980106,0.02450690648125474,0.023902247761615262,0.023455833999849268,0.02408909224764821
KGZ,Fifth,650.0,1.51,5.345368097545642,7.237004311167161,10.320340409554387,24.432677054463966,0.033525485809369836,0.03283115810460733,0.03231616675480028,0.03304610354143258
KGZ,Sixth,739.0,2.31,6.089182972243977,8.249307509389617,11.762917072714648,27.754610551260626,0.05103680569047847,0.05017652673627419,0.04953527456061921,0.0504433701854358
KGZ,Seventh,807.0,3.09,6.656371635093909,9.024446126681749,12.86892079256629,30.26898172428481,0.06802940585254431,0.06715526487835023,0.06649969186797433,0.06742706159703778
KGZ,Eighth,934.0,5.04,7.737435711846258,10.492904085084186,14.949215895035751,34.968420553417005,0.11059492932871173,0.1096718658260589,0.10897284997328777,0.1099599812285508
KGZ,Ninth,1030.0,6.92,8.524435230308404,11.569473725516115,16.47665183506754,38.33622059092414,0.15124445478468637,0.15085264533970028,0.15054367011802045,0.15097694814974172
KGZ,Tenth,1470.0,24.6,12.566294132101572,17.00006545457612,23.97922030183435,54.1716243955304,0.5318004466897818,0.5371102949166954,0.5410797443130886,0.5354614260162196
KHM,First,233.0,0.0801,1.2492760962592255,1.8547781411388597,2.8801573606247697,9.772511597452873,0.0006253993330549673,0.0007616256075918454,0.0011007445772163685,0.0032826131161203345
KHM,Second,344.0,0.275,2.0157642989544216,2.9602385296241773,4.485687871695073,14.054202512782187,0.002749941196637525,0.003221307118823867,0.004324066481961963,0.010236124778567526
KHM,Third,390.0,0.416,2.4053895253911137,3.508525424067346,5.242422978430112,15.713566974564802,0.004765624205272035,0.0054581643790617895,0.0070207333803306736,0.014566414745976058
KHM,Fourth,460.0,0.716,2.9594332171759454,4.293593680181487,6.34245788069737,18.32458888016308,0.009099212269537887,0.01023573776767749,0.012725281209173565,0.023766245111548262
KHM,Fifth,514.0,1.04,3.427837389043228,4.948399757399298,7.234817490606534,20.23336328599519,0.014407496643093837,0.015947181472358875,0.019228464357000877,0.0326744785701545
KHM,Sixth,593.0,1.68,4.100883287498594,5.890789501439963,8.523935507566266,23.064859304291645,0.025271495304599753,0.027537338244829148,0.0322332582686746,0.04998172193060659
KHM,Seventh,656.0,2.38,4.708709515671277,6.7282385954384845,9.632214066979802,25.211900209210793,0.039009360001825,0.0418226583632585,0.0474739090559501,0.06695646800277835
KHM,Eighth,772.0,4.18,5.788917625174308,8.219613601782823,11.616277145110914,29.205660287684278,0.0747394841032998,0.07868631135479308,0.08629895896545267,0.10946050565302692
KHM,Ninth,864.0,6.34,6.830286681212532,9.619058202698625,13.37800994289331,32.06982468850401,0.1259828351297391,0.1295991067262399,0.13604479312503534,0.15076031627159314
KHM,Tenth,1290.0,28.7,11.738180013550487,16.12953595776314,21.412285079316387,45.18838193869165,0.7033491518129401,0.6867305689653654,0.6535497905792037,0.5383151118196284
KOR,First,882.0,0.0672,8.778765334624287,11.503904859027028,15.203695857549505,31.037249507155433,0.0005141023600584353,0.0006279010042020745,0.0009124925826800707,0.00276910104064235
KOR,Second,1320.0,0.239,14.133438543611026,18.302203144435577,23.62624440036004,44.76031825600057,0.0023486079395084857,0.002758780779164901,0.0037227865695621176,0.008963010835619028
KOR,Third,1510.0,0.369,16.905550895477482,21.738701309375294,27.682830933590214,50.26688415875692,0.004161522603028745,0.004778771645048013,0.006177799637822663,0.013027372799022947
KOR,Fourth,1800.0,0.646,20.812145354859574,26.61147991643775,33.51579581623504,58.78374870236502,0.008087987338061028,0.009121004449936616,0.011394153337156945,0.02161654931184631
KOR,Fifth,2030.0,0.95,24.148154456560754,30.718984071475855,38.30590519654377,65.1340584889601,0.013012160838371362,0.014437293839202135,0.01748860166269937,0.03017238250006827
KOR,Sixth,2360.0,1.56,28.922616599142188,36.606271722740615,45.19803859616554,74.51100905136784,0.023179484991057698,0.0253157566374665,0.02976467046464676,0.04683629484118153
KOR,Seventh,2640.0,2.25,33.287794570575535,41.90791981119822,51.21704684124393,81.80698902469656,0.03635754544790568,0.03906488874615082,0.04453213974367525,0.0637029666556402
KOR,Eighth,3140.0,4.01,41.00438776678408,51.3013691775521,61.944320432673116,95.31883278443006,0.07091914319184692,0.0748184305819212,0.08238777693690948,0.10592691490409072
KOR,Ninth,3570.0,6.22,48.597810696372676,60.31873693722418,71.7369354132589,105.47916229850063,0.12230677178271568,0.12605697893350945,0.13282139481218114,0.14908156659527713
KOR,Tenth,5590.0,29.5,84.29165072393789,102.32549397306893,116.79239587662879,153.06968730314725,0.7191126735074459,0.7030201933833983,0.670798184252666,0.5579038405166116
KWT,First,631.0,0.0376,8.200998615661275,9.60876802327136,11.474146167737313,20.007991633926284,0.0002975052144573595,0.0003482333318820826,0.00047188284495548955,0.0015435289501843621
KWT,Second,1000.0,0.15,13.923925976718143,16.199404590080892,18.980830965072347,30.507486974501724,0.0015089685169941516,0.0017143868098514726,0.0021917752714690326,0.005656828041755795
KWT,Third,1190.0,0.248,17.09132651294033,19.788982064480635,22.931781879474347,35.2100229653859,0.002842199785352347,0.0031732286280504963,0.003921308762878128,0.008825630828728979
KWT,Fourth,1450.0,0.457,21.512583471056356,24.816442997374285,28.503267904886982,42.17592578889035,0.005800231250244981,0.006386043328310075,0.007680141522390783,0.015495755321454186
KWT,Fifth,1680.0,0.706,25.422490046672934,29.222871608243725,33.29574164586012,47.675056444650075,0.00975019688284243,0.010601124058406946,0.01244197187643006,0.02275494495799204
KWT,Sixth,1990.0,1.21,31.013302192001017,35.52601732012422,40.15633957465242,55.670760832481236,0.01812360018526711,0.019467095662078018,0.0223132277081631,0.03710263165549733
KWT,Seventh,2280.0,1.84,36.324215207619005,41.4506007277947,46.46554765711262,62.32599898954799,0.02970826247290524,0.031510959248331284,0.035243325457236636,0.053100181246567096
KWT,Eighth,2780.0,3.46,45.66619701851002,51.875958956064764,57.58214648177399,74.35556304890841,0.06088215160287517,0.06367125963919083,0.069283969595499,0.09347524285490502
KWT,Ninth,3260.0,5.75,55.407268397903394,62.556713777204294,68.571564172506,84.47868441892697,0.11182031924496019,0.11485623687570377,0.12068058267668616,0.14145290243599357
KWT,Tenth,5470.0,32.0,101.48747130558137,112.40489655097855,118.774295995879,130.69139459584073,0.7592665648441009,0.7482714324181949,0.7257718142842916,0.6205923537069217
LAO,First,271.0,0.0274,1.640729223898771,2.278511821155953,3.3926116373933985,11.282307898284351,0.00020775951690757963,0.00023047791732059243,0.00030556089459332614,0.0011695331130728872
LAO,Second,430.0,0.115,2.833389570525448,3.919561801452941,5.737538733161613,17.448566594863475,0.0011269862833566712,0.001226321521634129,0.0015420312229468638,0.0045379972601563255
LAO,Third,508.0,0.197,3.516681072582534,4.850746901741815,7.0299171802670175,20.32241116764928,0.0022081729263249924,0.0023756669624651924,0.0028959024401761244,0.00731598043651796
LAO,Fourth,621.0,0.374,4.4639509915304565,6.143894895846496,8.83259643417774,24.50373851252258,0.004650801777203824,0.004958330188183156,0.00589587846200059,0.013185542355209079
LAO,Fifth,715.0,0.592,5.31736383268186,7.302558391526893,10.422023822856676,27.871131572711736,0.008042982429505697,0.00850506624579798,0.009889950298809775,0.019822820212594586
LAO,Sixth,850.0,1.04,6.535774382494307,8.956656923559922,12.690523682953035,32.72486653615757,0.015367189581181395,0.01612188609426249,0.01834555410641685,0.03306613771577989
LAO,Seventh,971.0,1.62,7.717648913078844,10.550648013330688,14.83621801414889,36.85766658535804,0.02591821848289207,0.026968882725386466,0.030007994400896108,0.04845250579981035
LAO,Eighth,1180.0,3.15,9.789419429142985,13.343767201120865,18.595340061907113,44.220664922070675,0.054838691391178286,0.05653946941250705,0.061349570517619835,0.08757563701502263
LAO,Ninth,1390.0,5.45,12.020619801561292,16.31816437979232,22.47814989594845,50.63900360930793,0.10490898632379675,0.10690103712151205,0.11233575805559137,0.13705570189945313
LAO,Tenth,2300.0,33.3,22.629749611378564,30.28205305658335,40.261515600808906,78.78682927791854,0.7827302112876527,0.7761728618109309,0.7574317996009492,0.6478181441923831
LBN,First,342.0,0.0303,3.582492700765926,4.350745923693019,5.554452231469117,12.244482265514096,0.00022562011525502584,0.00025980095423550965,0.00035814846930265156,0.00128901511241414
LBN,Second,540.0,0.125,6.08504984259105,7.336033376698914,9.187917018952094,18.668131721377137,0.001205249012858093,0.0013517395546779687,0.0017538093679454404,0.004903114902860231
LBN,Third,640.0,0.212,7.501541088907827,9.002559730631758,11.149170693300999,21.617635541669603,0.0023403025307527237,0.0025844045243748107,0.003236073959075762,0.007814736565815885
LBN,Fourth,782.0,0.399,9.463315008571227,11.316085228924365,13.888570984542158,25.935619458994957,0.004893647581724581,0.00533754954914551,0.006496281399310235,0.01395651434977354
LBN,Fifth,901.0,0.627,11.219909587928313,13.371997037288311,16.278936060575333,29.39344374051143,0.008408218398030807,0.009069361038636259,0.01075995124213183,0.020810574262263362
LBN,Sixth,1070.0,1.09,13.724289264135903,16.303597112275526,19.690123361022682,34.40310250024469,0.01596426654071548,0.017034615330186232,0.019715815429149828,0.03443908947313241
LBN,Seventh,1230.0,1.69,16.138717868937075,19.10536319473951,22.883139416665166,38.65074055587768,0.026750290493212436,0.028226238129379213,0.03184170604781854,0.0500507936376509
LBN,Eighth,1500.0,3.25,20.367998966088113,24.015212589409263,28.489295111650122,46.30233931254072,0.05618727465537291,0.05854882405977644,0.0641773129256779,0.08963486255888206
LBN,Ninth,1760.0,5.55,24.884310711189958,29.185169889908714,34.200811480035135,52.9590673398863,0.10649159807240453,0.10920669653219243,0.11539690216612133,0.13864244184651534
LBN,Tenth,2990.0,32.9,46.30020513952439,53.487114558110335,60.66919287679999,83.88636744180704,0.7775335325996734,0.7683807703273956,0.7462639989934664,0.6384588572906922
LBR,First,106.0,0.0329,0.32168958168704775,0.48685030169367144,0.8989550773915135,4.902887087954099,0.00024117564049472008,0.0002861475464980559,0.00040694632588877207,0.0013942206530131605
LBR,Second,164.0,0.134,0.5518494897953319,0.8286196827010845,1.4973942597348324,7.5205908453142225,0.0012724224167932113,0.0014620475369249693,0.0019447490743525083,0.005218389567748324
LBR,Third,192.0,0.225,0.6818922401562189,1.0185444426358847,1.8176505558528107,8.71416010057725,0.0024527345377799727,0.002765692966584993,0.0035376114824086035,0.008240512885066852
LBR,Fourth,232.0,0.421,0.8626727606062504,1.2834616248283577,2.2677332378322985,10.475144895354218,0.005098843971843143,0.005663539768043902,0.007021183978138246,0.014608502790886248
LBR,Fifth,265.0,0.657,1.024337199155393,1.5182466110137423,2.658664011349233,11.881192495195101,0.00871484548229062,0.009549894025568781,0.011510908373993631,0.021638537549046186
LBR,Sixth,313.0,1.14,1.2553097805716147,1.8539225416446543,3.218484653965046,13.929013085486604,0.016462311624682195,0.017804559933378313,0.020883516438787643,0.03557949242848573
LBR,Seventh,354.0,1.75,1.477512022404608,2.17356399402781,3.7395795131218814,15.65951529217052,0.027439515476591046,0.029276057935289278,0.03338255554533976,0.05136456978360714
LBR,Eighth,429.0,3.33,1.8676703779788035,2.7356152786638406,4.659145296876633,18.80221450353762,0.057294845524070076,0.060205515478078724,0.06651232019671925,0.09130360760231225
LBR,Ninth,496.0,5.63,2.282637354744981,3.3238565571698055,5.588032265403692,21.523114485413227,0.10777382851389501,0.11106938359081449,0.1178515881304164,0.1398878462048763
LBR,Tenth,818.0,32.5,4.256453265192705,6.108193288507583,9.954184757377693,34.52024607555097,0.77324947681156,0.7619171612188186,0.7369486204539551,0.6307643205349578
LBY,First,394.0,0.0376,4.667313243131468,5.399002140455971,6.622207584771939,13.309398324245072,0.0002975052144573595,0.0003482333318820826,0.00047188284495548955,0.0015435289501843621
LBY,Second,618.0,0.15,7.843731753511086,9.000329219397758,10.834591850166765,20.129087820219773,0.0015089685169941516,0.0017143868098514726,0.0021917752714690326,0.005656828041755795
LBY,Third,728.0,0.248,9.595625825413611,10.95428832812068,13.043265111519366,23.174242649153776,0.002842199785352347,0.0031732286280504963,0.003921308762878128,0.008825630828728979
LBY,Fourth,886.0,0.457,12.036300717315573,13.685094332720285,16.151137945061834,27.676861402695746,0.005800231250244981,0.006386043328310075,0.007680141522390783,0.015495755321454186
LBY,Fifth,1020.0,0.706,14.191215772577616,16.074243772195047,18.81946192664536,31.225283938159762,0.00975019688284243,0.010601124058406946,0.01244197187643006,0.02275494495799204
LBY,Sixth,1210.0,1.21,17.268228308449217,19.48631343799329,22.632726283059633,36.37592630947755,0.01812360018526711,0.019467095662078018,0.0223132277081631,0.03710263165549733
LBY,Seventh,1370.0,1.84,20.187472829354427,22.688680781044305,26.133717765352568,40.65554393228854,0.02970826247290524,0.031510959248331284,0.035243325457236636,0.053100181246567096
LBY,Eighth,1670.0,3.46,25.315675461915298,28.31471544546375,32.29059247766186,48.373935835895786,0.06088215160287517,0.06367125963919083,0.069283969595499,0.09347524285490502
LBY,Ninth,1950.0,5.75,30.65572456673476,34.06847643139222,38.36351912699453,54.85136796937837,0.11182031924496019,0.11485623687570377,0.12068058267668616,0.14145290243599357
LBY,Tenth,3230.0,32.0,55.849084923853034,60.80840302410894,65.92810905018497,84.15937082462479,0.7592665648441009,0.7482714324181949,0.7257718142842916,0.6205923537069217
LCA,First,404.0,0.0324,3.5186997737604053,4.154148691247518,5.577136811703701,15.669517717596355,0.00023810865422788286,0.0002808952255730419,0.0003971073645702176,0.0013733979598576636
LCA,Second,635.0,0.133,5.992728290433688,7.016103188160359,9.223895302932231,23.897790278182452,0.0012592474137461816,0.0014402241244327897,0.0019066427617475488,0.005156424328164048
LCA,Third,748.0,0.223,7.3885293549498074,8.604728902107155,11.174763575922087,27.646134573268558,0.002430751079087629,0.002729988223343944,0.0034777962467733873,0.008157172374178371
LCA,Fourth,911.0,0.417,9.325560587053664,10.816085261659296,13.909945245447382,33.159022756512165,0.005058823896925029,0.005599571916517557,0.006917574179281333,0.01448131633085812
LCA,Fifth,1050.0,0.651,11.056755896111788,12.775078292869837,16.28529818310687,37.55550053715283,0.008655182149209205,0.00945591995848573,0.011363354696262352,0.02147753749546624
LCA,Sixth,1240.0,1.13,13.527347253851334,15.572079920397895,19.681183710408728,43.93926347827934,0.01636562675844329,0.017654499054510497,0.020655133825198194,0.03535846894892341
LCA,Seventh,1410.0,1.73,15.903557345844256,18.235260081640455,22.84245700877841,49.32463471118729,0.027306054395468484,0.029072206586612283,0.033082716513371135,0.051110909127808433
LCA,Eighth,1720.0,3.32,20.071134119559865,22.91102675715024,28.408855092700986,59.056317130650584,0.057081039265041496,0.0598852890369289,0.06606081837903527,0.09098308758499755
LCA,Ninth,2020.0,5.61,24.504133463070442,27.80582245909366,34.03263681444525,67.45085360622156,0.10752752872464207,0.11071201318021605,0.11738205606307213,0.1396514870892957
LCA,Tenth,3380.0,32.6,45.5497792531331,50.889117508815154,60.2677567936411,106.66209785548558,0.7740776376632087,0.7631693926933791,0.7387567999706883,0.6322501987604505
LKA,First,395.0,0.0268,2.791391282352056,3.8648185188852753,5.547084198095794,15.802784492709657,0.00020385669210290164,0.00022420768570034793,0.0002945679952521608,0.0011436240444744315
LKA,Second,630.0,0.113,4.8144609166656185,6.642335854121214,9.38030213535809,24.457543397549415,0.001109712312630376,0.0011991054375187194,0.0014968690642627109,0.004457755289114497
LKA,Third,747.0,0.194,5.974744281741458,8.221585201399941,11.500289271957168,28.511653421182885,0.0021788363380932877,0.002329975520058324,0.002822504453393485,0.007205507673636986
LKA,Fourth,916.0,0.368,7.582211043651622,10.41319372654512,14.45563552020186,34.41607765289955,0.004596623591190839,0.004874734819162187,0.005765091101487926,0.013013672755560155
LKA,Fifth,1060.0,0.584,9.031402108340377,12.379565135697995,17.067801069153962,39.19321201790655,0.00796113936589768,0.008379866573214876,0.009698768930623285,0.01960129507819792
LKA,Sixth,1260.0,1.03,11.09990640400308,15.18688338283723,20.798554634525743,46.10361538914697,0.015232806065537929,0.015918069531700427,0.018041790797835418,0.03275631266047133
LKA,Seventh,1440.0,1.61,13.108305471640723,17.897475337731546,24.340107389920668,52.030839237446315,0.025730051379739015,0.02668613894551466,0.029597589205394948,0.04808927988409578
LKA,Eighth,1770.0,3.13,16.62841182801271,22.65000307729568,30.55773048103776,62.67447205162404,0.05453195036856033,0.05608375099465114,0.060709185036815785,0.08710318101297003
LKA,Ninth,2080.0,5.43,20.42629550924045,27.731317659511156,37.029897418563024,72.10336466456282,0.10454570892474069,0.10637094323290762,0.11162889881616948,0.13668400158380972
LKA,Tenth,3550.0,33.4,38.52179964045724,51.801177166706914,67.31963383485373,115.7556534824027,0.783909314961507,0.7779332072595716,0.7599447345987648,0.6499453700176693
LSO,First,49.2,0.000175,0.2558851634267511,0.35704033544342,0.5606300691144557,2.0860818348795593,2.80863715938584e-6,3.1381598780723445e-6,3.6485831454873445e-6,4.733702221247624e-6
LSO,Second,105.0,0.00189,0.5565870450646719,0.774249124936406,1.207225369753673,4.427701781319492,3.201331433087037e-5,3.512942876355329e-5,3.9850961855762355e-5,4.9541779949269346e-5
LSO,Third,147.0,0.00561,0.7943820613291522,1.1022170796034356,1.7108783602586308,6.221259677515487,9.816823504075841e-5,0.00010653108929445546,0.00011903214620679151,0.00014414390644399338
LSO,Fourth,207.0,0.0165,1.1266445214552816,1.5601117428823688,2.412956489713799,8.714080757898495,0.00029607486435595986,0.0003184359295346168,0.0003514988412302564,0.00041677242064489813
LSO,Fifth,270.0,0.0385,1.483321192022527,2.0499587571697657,3.160170766818592,11.342658882748152,0.0007073408046550807,0.0007546575507097923,0.0008239304108418645,0.0009585581628652584
LSO,Sixth,362.0,0.0986,2.008093291503075,2.769852026660347,4.256268279234584,15.185898460826488,0.00184908351525751,0.001957406107188065,0.0021144626073744746,0.002415033731035894
LSO,Seventh,467.0,0.225,2.6220575096873993,3.6089044375123454,5.526752526567061,19.597350465447256,0.004316430505069137,0.004532371702147431,0.004842287847484401,0.005425887426782245
LSO,Eighth,655.0,0.669,3.720813436975595,5.108410930582737,7.792408628155589,27.437196794730617,0.013150069737993054,0.013682743805192901,0.014438327175004944,0.015834978177328155
LSO,Ninth,916.0,1.98,5.2784686288114475,7.221223789795838,10.957010136007932,38.22882297009962,0.04010419487593305,0.04124416198331666,0.04283574816669028,0.045704656377998594
LSO,Tenth,2330.0,42.8,14.135164662866169,19.078357437629034,28.395609515564608,96.34680975527847,0.9394438155102053,0.9373654242439744,0.9344312132601658,0.9290456943147305
LTU,First,513.0,0.00905,9.921674444429108,10.292848990211382,10.87556365921755,12.603749801144144,0.0003635859740242558,0.0002544599824914995,0.0001880752064221481,7.747446282703638e-5
LTU,Second,884.0,0.0482,16.241809036142538,17.208459054334313,18.504854429741197,22.547791057447032,0.0017753351865618461,0.0013291132545436846,0.001039188055495881,0.0005028425966373563
LTU,Third,1100.0,0.0939,19.6375328494447,21.064207261168363,22.885892416722797,28.726302289340428,0.00327030119597983,0.0025469596873468315,0.0020583796012483497,0.0010957360613995449
LTU,Fourth,1400.0,0.197,24.375719400940795,26.40563516569276,28.926970374491304,37.18191687592939,0.006556194868427148,0.005269836311677377,0.004373131973520683,0.0025126716601769675
LTU,Fifth,1680.0,0.341,28.503219321671615,31.151352833361475,34.379735912910114,45.144732184596606,0.010846106673961055,0.008969029326535346,0.007622086858805229,0.004690754400617014
LTU,Sixth,2070.0,0.654,34.39228587450128,37.911605297937406,42.142464618318726,56.49614866147882,0.019850471619948896,0.016873022830759504,0.014673719993948297,0.009652340850043907
LTU,Seventh,2460.0,1.11,39.901072797149894,44.376579231520694,49.697447820040836,68.0694080972594,0.03202039322735229,0.028004664565379967,0.024943592361195973,0.01758029643072536
LTU,Eighth,3140.0,2.37,49.58808714013735,55.70204610875117,62.90348947377229,88.2544781835682,0.06444999045985295,0.05819674613446551,0.05324269202285351,0.04054375847239772
LTU,Ninth,3890.0,4.6,59.472153349535816,67.65752235348785,77.22166295133793,111.72100472556765,0.11568694624559954,0.10880640037547207,0.10300527465429293,0.08658138466144044
LTU,Tenth,7540.0,36.4,106.08165749080202,124.25703917323295,145.36789958434244,226.07960882259903,0.7451806745482922,0.7697497675313282,0.788853859272217,0.8367627404037348
LUX,First,1870.0,0.202,31.556500196707795,35.88342261869217,38.84166434815547,48.454587049944614,0.003961843883196289,0.003980800083383405,0.00411938110450196,0.005014218382793718
LUX,Second,2610.0,0.59,44.40228485207098,50.483318679882686,54.518405972391996,67.06528014086446,0.011847024745636859,0.011890936036793738,0.012210364764877994,0.014211478803962443
LUX,Third,2880.0,0.808,49.198406203481575,55.92864852712619,60.31846102569585,73.61806009914757,0.016463946774156055,0.016514959083139505,0.016884967810084594,0.019162426823118528
LUX,Fourth,3320.0,1.28,56.970197745180705,64.75847782452497,69.7681137456634,84.61870552437081,0.026359684917329828,0.02642859287129007,0.026927191666335486,0.029950919902925047
LUX,Fifth,3630.0,1.71,62.57872854343637,71.12722329042548,76.55671519955698,92.33103656141324,0.03563063003284,0.03570828801278568,0.0362688706611753,0.03961994017191626
LUX,Sixth,4110.0,2.55,71.07420843032435,80.77720543586774,86.86389208491552,104.19231808513172,0.0536155756031559,0.053709867464669055,0.05438877640257688,0.058384133088875335
LUX,Seventh,4460.0,3.33,77.43968048131998,88.00297092234241,94.54369385453913,112.76607106797532,0.07061308558245999,0.07070651894538067,0.07137706035919902,0.07524580578066983
LUX,Eighth,5150.0,5.28,89.71611991657218,101.94462783344535,109.40548211478121,129.67129702553444,0.11326180848188044,0.11335649595685302,0.1140323980909889,0.11780263303833258
LUX,Ninth,5620.0,7.01,98.3764013508916,111.7677673901765,119.78372865689808,140.83778772250844,0.15226577364997063,0.15229882243254667,0.1525279424564099,0.15356587559673415
LUX,Tenth,8140.0,23.1,143.84678800219865,163.3817414798199,174.5902885143986,201.77292110675535,0.5159806263293739,0.5154047191131582,0.5112630466838499,0.4870425684106721
LVA,First,594.0,0.0214,9.399127961333827,10.740783487801187,12.049564825846884,16.62839082125973,0.0006425563907159568,0.0005593800016492931,0.0004852888847537928,0.00031543495823743587
LVA,Second,965.0,0.099,14.863257165095755,17.12946471569387,19.38261828138015,27.441383991764983,0.002810418881803287,0.0025138666504973704,0.002241876744845048,0.0015823204639360785
LVA,Third,1160.0,0.177,17.61404773452234,20.399565442553683,23.198427655166434,33.3382897276067,0.004855444995673809,0.004412037817276648,0.003998319626675345,0.0029611172747845862
LVA,Fourth,1440.0,0.346,21.51585879603363,25.016438467696812,28.562555133797705,41.54024450720124,0.009247922087185894,0.008509746430155663,0.007811272124787774,0.006011703315546676
LVA,Fifth,1680.0,0.561,24.7995253997657,28.93613536150413,33.15656241297175,48.74207962128476,0.014610607210322459,0.013597212267339604,0.01262578845208488,0.010058748669543288
LVA,Sixth,2020.0,1.01,29.50827478295102,34.54819724739958,39.72507574708986,59.00915145577691,0.025572873650679503,0.024061334849560027,0.02259324124414836,0.018612942535191433
LVA,Seventh,2330.0,1.59,33.743979328686635,39.64729048126187,45.752668548186925,68.69951464204071,0.03938699899353147,0.03748196759770974,0.03560456002689476,0.030368062674709425
LVA,Eighth,2890.0,3.13,41.26257301623281,48.673747632184686,56.396251692218776,85.71032508901516,0.07527553875082486,0.07255115633220516,0.06981607998978458,0.06190912211663367
LVA,Ninth,3450.0,5.48,48.47866418563381,57.47504128386021,66.93708074452276,103.30903051280902,0.12648483803354285,0.12389825953359304,0.12121324707061096,0.11294925685246389
LVA,Tenth,6110.0,33.4,82.51262220543123,98.9478801166484,116.59224216104037,186.3955911557311,0.7011128010057198,0.7124150385200134,0.7236103258354146,0.7552312911389534
MAC,First,1040.0,0.0246,12.351648670874006,16.31848197597456,20.086393672871,32.63830918131152,0.0001734307080617562,0.00021045421875170956,0.00029468212900699475,0.001007321483816057
MAC,Second,1680.0,0.106,21.380820930390026,27.96531029272605,33.74411848417672,50.72542707239265,0.0009727078925126966,0.0011388760274920909,0.0014973395403368856,0.004028740499668944
MAC,Third,2020.0,0.183,26.629232184654295,34.61410195267426,41.282325779763426,59.34948895136387,0.0019437686542530448,0.002228328139352467,0.0028232708215214244,0.00660923464436576
MAC,Fourth,2490.0,0.351,33.87704097325633,43.82177015933439,51.78144203649606,71.83812344514521,0.004158873755010037,0.004687968618865132,0.0057664587472159206,0.012078727224254474
MAC,Fifth,2900.0,0.561,40.45955529484486,52.10341895464183,61.05604477100515,82.04968870279005,0.007294781324572986,0.008099050323212923,0.00970077173654799,0.018387368739651827
MAC,Sixth,3480.0,0.995,49.846823976627746,63.918025822649064,74.29966767124611,96.81448373016732,0.014130262347161525,0.015459125489141096,0.01804497837951118,0.031045672240046285
MAC,Seventh,4020.0,1.56,59.03912555623497,75.3627369722999,86.87368734200534,109.6529553701215,0.02417338200318508,0.026046758368514878,0.029601902604742485,0.04606650215347963
MAC,Eighth,4980.0,3.06,75.12607150862561,95.41697002073931,108.96807491002018,132.72750844741861,0.05196857414848576,0.055047853149326975,0.06071592976182851,0.08444157482606046
MAC,Ninth,5930.0,5.36,92.71630740089604,116.98557845012174,132.01130411050815,153.68359620650148,0.10146118366116605,0.10515599365364685,0.11163637149790352,0.13453758570340402
MAC,Tenth,10500.0,33.6,176.80569070111514,219.68554869573998,241.1138063333119,253.36376521316183,0.793723035505591,0.7819255920116959,0.7599182947813852,0.6617972724852527
MAR,First,271.0,0.0149,1.4915433912383897,2.254968933409729,3.4326894902976193,11.349573331238881,0.00010070564583770042,0.00011738093586292496,0.00015125812527613634,0.0006276231351044137
MAR,Second,443.0,0.0698,2.6613840975459215,3.9937151223021736,5.992121577636449,18.14874156139566,0.000623597080893164,0.0007070046055658377,0.0008699277962215189,0.0027577993756339476
MAR,Third,535.0,0.127,3.3753184537099346,5.041074932046279,7.498734695261379,21.59006180805813,0.0013213734428942502,0.001473688513204896,0.0017643665210037398,0.004777312256460855
MAR,Fourth,663.0,0.255,4.3561022506592755,6.481681532563108,9.575459217517738,26.47111296414541,0.0029629712155453385,0.003261331272812502,0.003820096369287779,0.009118585997494929
MAR,Fifth,775.0,0.423,5.2704518143455665,7.815079979255941,11.47356291551329,30.585322835063543,0.005421058964117084,0.005896762233667245,0.0067724523317273504,0.014433986949751008
MAR,Sixth,935.0,0.781,6.574933241101576,9.716594000611135,14.178352725449896,36.47880899095415,0.010939255290155884,0.011763443758390479,0.013254961948153298,0.02531084551172569
MAR,Seventh,1080.0,1.28,7.889456013134397,11.617231210825462,16.843843905201815,41.780283376209866,0.01952476454466454,0.020747632471373234,0.02292045435153424,0.03905872972438694
MAR,Eighth,1350.0,2.63,10.185319855163552,14.93577408027684,21.495845757888922,51.15231829769243,0.04401735740648097,0.04615496555768792,0.049870793896208174,0.07480967481775044
MAR,Ninth,1610.0,4.88,12.805814117780656,18.67501433202425,26.621679708051037,60.11473161179842,0.09131237376397669,0.09413083351344093,0.09887086030301336,0.12604876020371536
MAR,Tenth,2860.0,35.4,25.47778904094421,36.565271437517545,50.73258249669437,101.09279643000218,0.8237765426454343,0.815746957137994,0.8017048283575745,0.7030566820279763
MDA,First,455.0,0.0898,4.148021845173844,5.4048522063113165,7.409874270155911,16.770292204330946,0.0020576398323758948,0.001950957765528925,0.0018677159301251113,0.0019499945388109818
MDA,Second,673.0,0.313,6.108480068623703,7.989659815603194,10.985332477132975,24.78294880881971,0.007099127586694839,0.006807429275586192,0.006577243601944533,0.006804779403478261
MDA,Third,766.0,0.474,6.943550987099191,9.10068886475668,12.532998036555444,28.223028452947148,0.01070003869748514,0.010326658826135067,0.010030069815747424,0.010323254219352138
MDA,Fourth,907.0,0.814,8.206714074607346,10.773902069264592,14.855136529561591,33.397166861554105,0.01827655308527727,0.017729594490651427,0.017292746418752756,0.017724591870014288
MDA,Fifth,1020.0,1.17,9.181024276700292,12.070266995624356,16.660220824327823,37.399812390163376,0.026182775250185197,0.025516627357428972,0.02498182647628057,0.025510516639147034
MDA,Sixth,1170.0,1.87,10.614105815731103,13.973027969383683,19.30426428660357,43.26271340542319,0.04168077281630204,0.04080226761460685,0.04009315855942891,0.040794185058740176
MDA,Seventh,1300.0,2.63,11.77809472179209,15.526508124142934,21.47092798174351,48.03736225504197,0.058189976932413505,0.05722774030658733,0.056446096559497866,0.057218855355123034
MDA,Eighth,1540.0,4.52,13.927494863256353,18.385501050572245,25.44498601487106,56.78990337950731,0.0996282180527215,0.09848965186179397,0.09755628904128634,0.09847908406267816
MDA,Ninth,1740.0,6.64,15.672720491359895,20.726645282784673,28.718144246099563,63.91854361604062,0.1455260983939633,0.14481448245991252,0.14421645905901406,0.1448077877061366
MDA,Tenth,2680.0,27.3,24.235980243468063,32.12913952346122,44.50828275181116,97.92984730426127,0.5906587993525814,0.5963345900417688,0.6009383945379224,0.5963869511465194
MDG,First,96.9,0.0152,0.3176334820894879,0.49059136697312583,0.840412109389922,4.322039933428977,0.00010406589488765317,0.00011978102120658598,0.00015455573625287132,0.0006422478579278319
MDG,Second,157.0,0.071,0.5708068338469814,0.8765816268075453,1.4799731391643187,6.953159928716339,0.0006406024119920586,0.000718817673748615,0.0008853885885515064,0.0028093342496077153
MDG,Third,189.0,0.129,0.7253575250219497,1.1094860229944052,1.8570650855604107,8.285476875649701,0.0013526437350351278,0.0014950546829830837,0.0017915349680757105,0.0048538371265395095
MDG,Fourth,234.0,0.258,0.9380925754944298,1.4305291911849347,2.378083750850078,10.180917014190616,0.0030245682177574354,0.003302858962544062,0.0038716800949520616,0.00924526318566312
MDG,Fifth,272.0,0.428,1.1363977060011858,1.7278933210364456,2.8546835016514174,11.779869582033227,0.005519771496370336,0.005962501814045857,0.006852380670486698,0.014606980252864664
MDG,Sixth,327.0,0.789,1.4196449640339521,2.1525871223896993,3.5350829679546902,14.076820485917484,0.011111147611774607,0.011876534969693634,0.01338956562639573,0.02556749832243349
MDG,Seventh,377.0,1.29,1.704920280715428,2.5772654406957547,4.206107277804961,16.14574528103744,0.019781188474537706,0.020914148661012367,0.02311415550494247,0.039380272736525876
MDG,Eighth,467.0,2.64,2.2037852382521215,3.320075123924352,5.380279917643071,19.820872575774498,0.04446848969122896,0.04644338413778968,0.050197188581768706,0.07526600913448077
MDG,Ninth,556.0,4.9,2.772499802774624,4.15750206050316,6.676245977296938,23.347798730260813,0.09191294559172589,0.09450589251819717,0.09927786950744476,0.12647594233272622
MDG,Tenth,978.0,35.3,5.5283421093172445,8.1901296111143,12.853957779528885,39.87745398546497,0.8220845768746902,0.814661025558779,0.8004656807211296,0.7011526148012308
MDV,First,387.0,0.0314,3.0322255751230216,4.183815666888139,5.8116668003579965,14.902399155481687,0.00023208344305898008,0.00027065890336525127,0.00037808896097430946,0.0013326042582845312
MDV,Second,611.0,0.129,5.184024385609476,7.100032848456554,9.664418960096643,22.8078002456248,0.0012332669065145427,0.001397456884557771,0.0018324340646309475,0.0050344134311168616
MDV,Third,722.0,0.218,6.402087454182897,8.726309510401371,11.73812918627222,26.42552492039309,0.0023873036893534067,0.002659789411049848,0.003360798961890897,0.007992586926233055
MDV,Fourth,881.0,0.408,8.092504677605294,10.989548874736556,14.643133679430791,31.735346877657282,0.004979585831696164,0.00547347097717114,0.006714190240093699,0.014229527873813926
MDV,Fifth,1010.0,0.639,9.605885066752636,12.999265341262289,17.173739665963705,35.977812863441216,0.008536853322837363,0.009270214385515516,0.011072752023066457,0.021158077192290747
MDV,Sixth,1200.0,1.11,11.76615299528617,15.869085698114954,20.790812655827843,42.128775545861245,0.01617355554963781,0.017357232637557254,0.020203843646784507,0.03491886704844951
MDV,Seventh,1370.0,1.71,13.847581427608336,18.608325406025816,24.168715103376034,47.3264045103803,0.027040444357927115,0.02866730829765744,0.0324880612881398,0.050605018627028986
MDV,Eighth,1680.0,3.28,17.49834712534807,23.4165735881258,30.11120324438183,56.69099565715509,0.05665458285480366,0.05924715514061566,0.06516128681557837,0.09034145982676976
MDV,Ninth,1960.0,5.58,21.39146795536654,28.467495870167213,36.14119721092554,64.78268483085016,0.1070345164594839,0.10999604703533929,0.11643930983137578,0.13917425420221607
MDV,Tenth,3290.0,32.7,39.88602604749966,52.27586247909138,64.17424535009384,102.08142156452443,0.7757278075846872,0.7656606663271709,0.7423492341674651,0.6352131906137966
MEX,First,501.0,0.119,2.3088931178494234,3.342782982239712,5.290519698546073,22.427301943456726,2.4311978794289907e-5,5.680322195295572e-5,0.0001778476295712181,0.00660045104426605
MEX,Second,728.0,0.312,4.4914635549545885,6.20479360599771,9.178906082493512,30.53820116584741,0.00019328148068027082,0.00038955503841018907,0.0009928697800142515,0.017543436910419173
MEX,Third,828.0,0.413,5.986575729445063,8.041503567218477,11.436135686781578,33.170082814616514,0.0004756747707920699,0.0008772528077684649,0.001978640795510666,0.02281809492178032
MEX,Fourth,983.0,0.647,8.040696893405602,10.562376135391386,14.555421198650063,37.81505493119251,0.0012024768801554711,0.0020653375394007537,0.004224237352570494,0.034656042267501956
MEX,Fifth,1110.0,0.874,10.078739896114572,12.976393151777112,17.385062512991546,40.94010905356147,0.0024506255229553874,0.003948083264186542,0.007394873584874772,0.044678298235494206
MEX,Sixth,1290.0,1.34,13.012065799196108,16.430901776531687,21.419517277519574,45.8376896961444,0.005490580139119368,0.008312947616549278,0.014296855342149993,0.06421584320841157
MEX,Seventh,1460.0,1.84,16.171802748366666,20.012966323715087,25.36219663386283,49.19597274812938,0.010922359738240697,0.015505711127459276,0.0244100965367925,0.08065163248899292
MEX,Eighth,1760.0,3.2,21.71713754002543,26.274046323136027,32.2531513934452,55.993553140708094,0.027807795720679155,0.03672699886531217,0.05236138773118296,0.12266961303643201
MEX,Ninth,2040.0,5.06,28.6977279261215,33.72367979824014,39.751201959936125,60.05636626645503,0.06738761638474113,0.08115284014080207,0.10193955723658764,0.15414577858730835
MEX,Tenth,3470.0,32.0,64.34212917429083,70.30253900588221,75.02455252986027,83.01756406353819,0.8840452773838422,0.8509644703781584,0.7922236340107455,0.4520208092993934
MKD,First,234.0,0.00363,3.3726907049292416,3.9975031030608736,4.712456716650126,6.895146645633635,0.00011256068982071309,9.627871924135651e-5,8.203528443830308e-5,5.049409721839276e-5
MKD,Second,425.0,0.0233,5.942360932017837,7.113000116757589,8.46547348909622,12.73121684787799,0.0006831395443988915,0.0006010292434626962,0.0005270311920157386,0.0003535453508005193
MKD,Third,546.0,0.0504,7.491917428700778,9.01793759550774,10.791810370387157,16.4948974570903,0.0014303727125425656,0.001279693333292535,0.0011414748661619897,0.0008061067802024902
MKD,Fourth,711.0,0.115,9.619631316861145,11.631057190804581,13.97994272001691,21.645017513046838,0.003176903397377655,0.0028805779668297313,0.002604830742966187,0.001916801707078519
MKD,Fifth,868.0,0.214,11.59084616178491,14.069714248153534,16.9765043140692,26.58862335683722,0.005762762943553324,0.005288592998183402,0.004841528434044604,0.0036970694915598864
MKD,Sixth,1090.0,0.44,14.399925538222002,17.54572882589008,21.248178785454517,33.64667915192745,0.011532330944583849,0.010707847215168027,0.009920323716466999,0.007852263246452535
MKD,Seventh,1320.0,0.801,17.21227252246559,21.0526382267234,25.589521094240485,40.97966017462078,0.020406395393194325,0.019178370434871073,0.017988934934037606,0.014778752928645705
MKD,Eighth,1720.0,1.85,22.120994538656664,27.16836766158025,33.150333554016854,53.73154679618714,0.04556195535133921,0.04340543626554369,0.04128170941386863,0.03535993113566669
MKD,Ninth,2190.0,3.94,27.671652688803444,34.15800232579489,41.87403047676309,68.89032323304302,0.09335581806629731,0.09049275405191858,0.08760261072824287,0.07914579837663031
MKD,Tenth,4420.0,38.4,54.38945835165883,67.70083163765308,83.35687467212287,140.0564068448019,0.8179777609568921,0.826069419771489,0.8340095206877571,0.856039236885745
MLI,First,108.0,0.0624,0.6075630346207392,0.8730212148009946,1.3818264849874862,4.547220443774744,0.00047397197848294284,0.0005795780386312328,0.0008441779432721571,0.0025801799920518783
MLI,Second,165.0,0.225,1.0111321836762308,1.4395078376548613,2.223360190386756,6.746802728258775,0.0021996018937241978,0.0025866807316683397,0.003498109831923086,0.008480541354567356
MLI,Third,189.0,0.351,1.224066991028144,1.731743598954218,2.6373752964183756,7.652373852326957,0.003933356375385756,0.004521616323614129,0.005857399272291353,0.012433961827528522
MLI,Fourth,227.0,0.619,1.5250549253716188,2.1475332471181536,3.2345641032964894,9.05497315991401,0.0077006798221308315,0.008693134296299181,0.010881057160263058,0.020775659877998044
MLI,Fifth,256.0,0.916,1.7845358816246755,2.5016907696359247,3.7306491069080026,10.117591531141294,0.012470793159125726,0.01385020321429954,0.016809155478172837,0.029180082275356668
MLI,Sixth,300.0,1.51,2.157125588410718,3.011332351931861,4.447800018116672,11.697755055895046,0.0223571789120449,0.02444054535723163,0.028787729975598173,0.04557048707764494
MLI,Seventh,336.0,2.19,2.50095637113015,3.4751298943094118,5.081936633888557,12.95174482182011,0.035300094216247434,0.037962505169924325,0.043350347304843606,0.06237031964753808
MLI,Eighth,402.0,3.94,3.110326649525521,4.300041137922269,6.218633616625304,15.300655029864684,0.06936771879404363,0.07324315173904795,0.08078514721569201,0.10443973643221725
MLI,Ninth,458.0,6.16,3.717721725328217,5.104176775426103,7.277031308880787,17.129468921465534,0.1207646416425948,0.12456356738517693,0.1314465035668288,0.14830360097797773
MLI,Tenth,732.0,29.9,6.597480932249921,8.912163154809587,12.295352283946846,26.255820642857426,0.7254319632062198,0.7095590177441068,0.6777403722511149,0.5658654305371197
MLT,First,1450.0,0.195,20.653235770496305,23.85235258517403,27.968846646710915,43.58210470300681,0.0036299155780815788,0.0036817682463689606,0.0039039720765330107,0.004991123178030881
MLT,Second,2030.0,0.572,29.288147960963965,33.80439144400368,39.481898909794666,60.44937900596179,0.011069242210132339,0.011191885099931667,0.011712636149986468,0.014161062638525236
MLT,Third,2250.0,0.787,32.57911839713573,37.585827876204604,43.79856099439531,66.39935811360994,0.015554275127696606,0.015698498707528995,0.016307601534393375,0.019105859600753086
MLT,Fourth,2590.0,1.25,37.853084093399914,43.6571281120916,50.78258128436157,76.38380904194008,0.025123866250038446,0.025320696423191038,0.02614823168346076,0.029876722660023364
MLT,Fifth,2840.0,1.68,41.69828294004932,48.07692638943771,55.833168818808375,83.39010628903699,0.03423018611206081,0.03445422293031431,0.035392046197762914,0.03953868083865157
MLT,Sixth,3220.0,2.51,47.49574621563871,54.74625828979622,63.47964027042836,94.16500164819801,0.05190496423137469,0.052179924957268475,0.05332551739683741,0.05828851097647565
MLT,Seventh,3500.0,3.29,51.89424441472698,59.79665366960336,69.22282306672663,101.96131031531705,0.06890535088084498,0.0691814786307167,0.07032521879651527,0.07515476554125212
MLT,Eighth,4050.0,5.24,60.318646955211705,69.48109672034421,80.28907774650948,117.33044843561186,0.11150945450519287,0.11179555473547231,0.11296928779029414,0.11771653042978011
MLT,Ninth,4420.0,6.99,66.39497348544354,76.44237340843878,88.12774903807437,127.49910676579105,0.1516137584966438,0.15172530515574859,0.15216222347624347,0.15354716833964943
MLT,Tenth,6420.0,23.3,97.93333664068533,112.64493742977278,129.22421722833514,182.96943231607722,0.526458986607934,0.524770665113459,0.5177532648979731,0.48761957579685844
MMR,First,124.0,0.0256,0.9272250365799904,1.2136253012480203,1.6852332128232754,4.925364135264523,0.00019574691600491708,0.00021134149837278267,0.00027230548995588785,0.0010900292252383843
MMR,Second,199.0,0.109,1.608755882350592,2.1016830973800036,2.875160818924427,7.669258318253324,0.0010736098108213256,0.001142784379688742,0.001404357661044477,0.004290480946440099
MMR,Third,237.0,0.187,2.001641026233423,2.610256781158777,3.5395528512206305,8.964956751366463,0.0021173124084121,0.002234947065515558,0.002671137236853815,0.00697416926213073
MMR,Fourth,291.0,0.357,2.546007847477857,3.3159597429440684,4.46514976224302,10.848843051639074,0.004482684911175624,0.004700164193632368,0.005493885639589982,0.012652420274599643
MMR,Fifth,337.0,0.568,3.0380774816659564,3.95151496634052,5.287387872057839,12.37970890768897,0.007788579916052387,0.008117434589819398,0.009300319912191747,0.019134044573722583
MMR,Sixth,403.0,1.01,3.740736618324313,4.859306756002229,6.4621719560983895,14.593938953296831,0.014948743211382249,0.015489248021923465,0.017405489711127663,0.03210047056781683
MMR,Seventh,462.0,1.57,4.424861773695734,5.739314854188828,7.5834944732789475,16.502809238708704,0.02533119951716257,0.0260888402941115,0.028733135884574094,0.047317250675760494
MMR,Eighth,568.0,3.08,5.624162933507434,7.282535341940203,9.55217823198805,19.929719996771066,0.0538795672081212,0.05511626473669208,0.05935109099773735,0.08609345656619373
MMR,Ninth,670.0,5.38,6.923279448575658,8.942278213736335,11.618613085566041,22.991105429740294,0.10376897152531737,0.10523665947833102,0.11011300816438892,0.13588015495778344
MMR,Tenth,1150.0,33.6,13.123931809833088,16.826454155335767,21.328366749475464,37.22554122750535,0.7864135845755502,0.781662315741913,0.7652552693025361,0.654467522950314
MNE,First,696.0,0.273,8.207251902381888,9.710117504954336,12.141584327422512,23.42287651071513,0.0024600817145571307,0.0029322495451858874,0.00406703385576578,0.010632852999442222
MNE,Second,944.0,0.717,11.932668124518681,13.951323711606024,17.047727786074827,30.577040762370178,0.0081694342754613,0.009373286589615032,0.012090029977976166,0.025154598142987344
MNE,Third,1030.0,0.934,13.468714107650452,15.640815723819067,18.865625024451056,32.50253041985845,0.012048120527779968,0.013527459654370542,0.016745799477392482,0.03066257527653411
MNE,Fourth,1170.0,1.43,15.827935677400683,18.280264896560663,21.818085910768325,36.37924038719242,0.020225101369438524,0.02231987748242686,0.02673990713853093,0.04422669637867195
MNE,Fifth,1270.0,1.85,17.617592974637606,20.247215481912,23.938753151868614,38.771521215717634,0.028526079418658777,0.030996394294292844,0.036058577888744996,0.05443465096239948
MNE,Sixth,1420.0,2.7,20.26667742653825,23.178605244872603,27.149488475194303,42.727029126149674,0.04473035839310157,0.047879418151529886,0.054134454790827694,0.07480446168344852
MNE,Seventh,1530.0,3.44,22.37588294493115,25.462575890205176,29.54035144476305,45.15329851640066,0.06147836240092307,0.06479106683700205,0.07112631887575546,0.08968545017380633
MNE,Eighth,1740.0,5.34,26.307907606229932,29.762484873566823,34.145403505822905,50.46708318176541,0.10343164606565894,0.10712416079660476,0.11378040648122456,0.12950222316857826
MNE,Ninth,1880.0,6.92,29.394146453247696,33.01268557028561,37.35723701765082,52.995743883809396,0.14775381327173168,0.14967799203202317,0.15244393070234835,0.1523390249210114
MNE,Tenth,2630.0,22.2,44.736340535796906,49.3511438538948,54.022027532634425,69.90126887458177,0.5711770025626891,0.551378094616949,0.5128135408114336,0.38855746629312027
MNG,First,555.0,0.0532,3.961966227945067,5.930210349503896,8.839150779166367,21.518817417557624,0.00039720801964076755,0.00048696293698434267,0.00071275689737948,0.0022122979510001495
MNG,Second,827.0,0.198,6.399975670179842,9.45802914622622,13.771913638294631,31.131544291060578,0.0019070336282371308,0.0022481131214609662,0.003054446595682935,0.0075158196530005425
MNG,Third,950.0,0.315,7.693180059271171,11.285412377890697,16.208858206189756,35.1069941079512,0.003478410491279717,0.004007887146544098,0.005214928399606699,0.01122884049015013
MNG,Fourth,1130.0,0.563,9.497897385004878,13.846834383631219,19.6608453489726,41.0660774676426,0.006918639702611811,0.007827538338024019,0.009839137151471805,0.019045670981403875
MNG,Fifth,1270.0,0.845,11.059173194707201,16.033032424015573,22.528863297553812,45.54825756356895,0.01136487419941874,0.012648557431359184,0.015413125679583365,0.027113172656822757
MNG,Sixth,1480.0,1.41,13.284014971485858,19.147286171085984,26.615377510296998,52.003878155886014,0.020657487464722915,0.02262787494559548,0.026756228161953822,0.04289908675880928
MNG,Seventh,1650.0,2.08,15.349317155111494,21.991430706566124,30.227200474388688,57.05480080766444,0.03308581085058538,0.03564916875422709,0.040859490916994395,0.05951329025267964
MNG,Eighth,1950.0,3.79,18.97628646920601,26.979734229922844,36.554130904168574,65.99944441813889,0.06606548431533578,0.06988165766043618,0.07734711325745353,0.10117513960932867
MNG,Ninth,2210.0,6.04,22.63219322930608,31.868155759921596,42.413623004039394,72.71247273329737,0.11738692138110784,0.12127865957365151,0.1283928158370595,0.14646053947015547
MNG,Tenth,3290.0,30.6,39.661533639937936,53.940673625460995,67.42780447762733,97.79077462897317,0.7387381299470599,0.7233435800917172,0.6924099571028145,0.5828361421766495
MOZ,First,44.4,0.00257,0.16212218133436523,0.2550162819980583,0.42412106675908223,1.918255648674239,2.723742295262061e-5,3.373191579663581e-5,4.039177266519839e-5,8.796960550523868e-5
MOZ,Second,82.2,0.0173,0.3191881144524462,0.49812529177446413,0.8209317702803094,3.5337396266781953,0.00021234484894660553,0.00025342535451834734,0.00029409098909473065,0.0005581323197520835
MOZ,Third,106.0,0.0387,0.42653170522217154,0.6618195523092738,1.0845035880161655,4.5390792614615085,0.0005164596880195619,0.00060279239051052,0.0006864575077529174,0.00119986954548955
MOZ,Fourth,139.0,0.0908,0.5744463629449418,0.8874035630176037,1.447660995750575,5.924829319116968,0.0012932862929550379,0.0014827579074874777,0.0016632483276812506,0.0027218172106832717
MOZ,Fifth,169.0,0.173,0.720919231798573,1.1089447164815895,1.8016334096784463,7.228843358510845,0.0026133494675807194,0.0029484492721801874,0.003262709788178227,0.0050319206407289105
MOZ,Sixth,214.0,0.365,0.9320146707226928,1.4278218088974557,2.310437598601119,9.094177168506146,0.005806998452591954,0.006450257912551228,0.0070442777255576025,0.010256972328853323
MOZ,Seventh,259.0,0.682,1.1587401516096456,1.7671815627289964,2.847431202451778,10.989497564785157,0.011453309634070022,0.01251805570258074,0.0134853106093061,0.018499438653890542
MOZ,Eighth,338.0,1.62,1.5571326653902091,2.362760295252932,3.7884927611005255,14.30082502498711,0.028880850663542207,0.030998699948358646,0.03288604083600794,0.042197560197582494
MOZ,Ninth,430.0,3.62,2.0560002299339306,3.0980106258890774,4.935097077350723,18.11314050364644,0.06913335952416585,0.07250239947175179,0.07542398468344393,0.08885776071285356
MOZ,Tenth,876.0,39.2,4.597023320396497,6.788103186882161,10.598297782099,36.27341686563841,0.8800628040051754,0.8722094301242644,0.8652134877603121,0.830588558784661
MRT,First,159.0,0.0281,0.8340016276628262,1.2074790770011852,1.8534702178365383,6.736690947236151,0.00021209660731227238,0.000237504450310102,0.00031798793122486186,0.001198411184217789
MRT,Second,252.0,0.118,1.4502344056831482,2.0925055853467818,3.1560121592629353,10.484810588692406,0.0011461081173235357,0.0012566480718621518,0.0015926961413047361,0.004626972773012932
MRT,Third,298.0,0.201,1.8035431028992934,2.594796273043807,3.8734127203494375,12.23493238561284,0.0022405731779006695,0.0024264098926402903,0.0029778726631493357,0.007438106941609264
MRT,Fourth,365.0,0.38,2.294248492133897,3.2939687318308746,4.877157342275709,14.796149744678424,0.004710527019306582,0.00505091540599206,0.006041404898538967,0.013375069916122983
MRT,Fifth,421.0,0.6,2.7364289574238314,3.920467550228485,5.762156521801672,16.865938077705746,0.008133050399749384,0.00864338382076038,0.010101958591086825,0.02006653605368535
MRT,Sixth,501.0,1.05,3.3684700099061002,4.8163410959255115,7.028524412339989,19.870471841526705,0.015514826498183228,0.01634649535173635,0.018681269221097307,0.033406180649943565
MRT,Seventh,572.0,1.64,3.9814842364342438,5.67955892522001,8.226681220291024,22.444222312095096,0.026124561419724697,0.02727962621573929,0.030459894259466345,0.04885007193087524
MRT,Eighth,700.0,3.18,5.0574810194689555,7.195690778981718,10.33507348769073,27.091082704275664,0.05517430742420625,0.05703866322779877,0.06205149131455675,0.0880908526695679
MRT,Ninth,820.0,5.47,6.215697346562075,8.810372937695202,12.5173075076157,31.201506806447295,0.10530505306766655,0.10747864362823556,0.11310473571617309,0.13745781035760382
MRT,Tenth,1390.0,33.2,11.739578038930233,16.465530149990542,22.7591107747895,50.620552918191535,0.7814388962686268,0.774241709934925,0.7546706892634018,0.6454899875233612
MUS,First,517.0,0.0366,5.25744423403993,6.281466598226888,8.24035615113513,18.702065819220586,0.0002627495550816822,0.0003238660031495992,0.0004791279724980981,0.0015417359513362038
MUS,Second,812.0,0.147,8.919968369479983,10.54144861968712,13.500344763637848,28.364566479837766,0.0013641915420504038,0.0016165221310001157,0.0022188880597835857,0.0056516213901946204
MUS,Third,956.0,0.243,10.967453694834754,12.873207127492527,16.257974856466667,32.69534438636265,0.002604972798178626,0.003016288505499658,0.003963016032452685,0.008818727681458808
MUS,Fourth,1160.0,0.451,13.814757977637301,16.12965629012541,20.145574968276236,39.119860487729724,0.005374687515848946,0.006109416896104086,0.007751203852976538,0.015485344672556182
MUS,Fifth,1340.0,0.697,16.346976105722316,18.99302288698223,23.486147867284405,44.2043935471084,0.009124312328041267,0.0102007863916299,0.012541644109697062,0.022741912478854702
MUS,Sixth,1590.0,1.2,19.962815000473224,23.085405885680412,28.27167823632882,51.62370943195907,0.0171229949238958,0.018837359766227798,0.022465151582845275,0.03708494477219944
MUS,Seventh,1810.0,1.82,23.421152411195415,26.949426551830964,32.67397726190912,57.830442026998014,0.028347239310368373,0.030669413405259725,0.03543944438273208,0.053080149951277134
MUS,Eighth,2200.0,3.44,29.493560923754224,33.74715891864501,40.4553131593947,69.13978725320574,0.058740733418286784,0.06237579899083781,0.06957309634150065,0.09345039331880482
MUS,Ninth,2570.0,5.73,35.89720802944202,40.77252382161091,48.17600187085617,78.77342545613494,0.10942423030997846,0.11345798317543178,0.12097042554965386,0.14143535590260253
MUS,Tenth,4330.0,32.1,66.27921408821247,73.93463317552337,84.4050473530972,124.95902775055657,0.7676338882982697,0.7533925647348595,0.72459800211586,0.6207098138807156
MWI,First,33.4,0.00161,0.14968865589496286,0.22710114678142534,0.3676606316276565,1.3942021390668664,2.4642507930228285e-5,2.7823562871642424e-5,3.207432810386417e-5,4.529304780577862e-5
MWI,Second,63.9,0.0119,0.29478471175719445,0.44606869153688383,0.7173561545864382,2.662907234134275,0.00019545498272503003,0.0002161193151971492,0.0002430870661011661,0.00032323775933719055
MWI,Third,84.1,0.0282,0.39451566432182333,0.5954226201170695,0.9534288057411817,3.49630352869921,0.0004803503565352791,0.0005244771905755155,0.0005812505114812694,0.000745478359709183
MWI,Fourth,112.0,0.0691,0.5318594804424326,0.8011674207738259,1.2785729532101275,4.643234939840709,0.0012129332990862664,0.0013110343601901522,0.0014358069623747788,0.0017889460340383316
MWI,Fifth,139.0,0.137,0.6683152482384108,1.0046945964758114,1.5983895019484318,5.754836877871725,0.002469437825768152,0.002644984946306643,0.0028659355836269823,0.0034790160402240547
MWI,Sixth,178.0,0.299,0.8650118141262363,1.2979203291241375,2.058696748833608,7.350581604955401,0.0055273051310062915,0.00586819418572416,0.0062928520534288575,0.00744843538869782
MWI,Seventh,218.0,0.578,1.0770749652113072,1.6125167239577982,2.549498595253844,9.025384893084539,0.010984241350825687,0.011555429413002688,0.01225924372100811,0.014135346514365222
MWI,Eighth,290.0,1.43,1.449759874521128,2.1651337104729103,3.4108557203885828,11.95899118665908,0.02793346747435844,0.02908590399736475,0.030487920312647313,0.03413618539294893
MWI,Ninth,377.0,3.33,1.919215961379283,2.855999506956296,4.477555913086214,15.50811136693059,0.06759346739431216,0.0694639268283649,0.0716988633015423,0.07731955756681963
MWI,Tenth,810.0,40.0,4.3223594023216965,6.3672901900549626,9.848529773112363,33.07566061450572,0.8835786996774525,0.8793021062004024,0.8741029661596854,0.860578503896054
MYS,First,275.0,0.00144,3.0804813436325116,3.912812267473673,4.987927528369332,9.125281840411375,2.4008671395754156e-5,2.645868600137072e-5,3.019687509563189e-5,3.795732066822438e-5
MYS,Second,531.0,0.0109,6.046613035929394,7.6653897377777165,9.70897177702899,17.50994894280636,0.00019128227371106532,0.00020730762533055627,0.00023126054072853883,0.00027937799957543347
MYS,Third,704.0,0.0261,8.086078429996913,10.22991248125673,12.90424309586692,23.08219592714022,0.00047136811053863115,0.0005057308733242254,0.0005564598641042805,0.000656374506123999
MYS,Fourth,940.0,0.0646,10.892537296774545,13.75959551153741,17.300395560284063,30.739705371884483,0.0011928346969269626,0.0012694843780677028,0.0013815135923946164,0.001598676668993934
MYS,Fifth,1170.0,0.129,13.68180465294336,17.255272846660525,21.63040210896067,38.20409780712826,0.0024332603079109927,0.002570838543173763,0.002770097255268323,0.0031507977187444224
MYS,Sixth,1510.0,0.284,17.70082676145482,22.289330026028193,27.85792827013126,48.90815146345661,0.0054566458221932184,0.005724604098940727,0.006109233612587719,0.006833701951207908
MYS,Seventh,1860.0,0.554,22.036170002430644,27.697287621074604,34.506302305421045,60.198637892351094,0.010865118649474165,0.011315529206900005,0.011955937974839112,0.013144088405333702
MYS,Eighth,2480.0,1.38,29.651650794914328,37.18871141619268,46.153158438216245,79.88566974444275,0.02769140293422431,0.028603518913508368,0.029886096190686846,0.03222403418506369
MYS,Ninth,3240.0,3.26,39.25292368337317,49.07197762323305,60.580869660446375,103.75462218539799,0.0671966276939133,0.06868473924474872,0.07074483731856457,0.0744075629526319
MYS,Tenth,6940.0,40.1,88.33675817718243,109.09462233063759,131.95253371819567,215.8928634958345,0.8844774508397115,0.8810917884300045,0.8763343667757304,0.8676674282916568
NAM,First,34.2,2.24e-5,0.38377515053335226,0.4454544893870311,0.5797297860880375,1.1791757475798288,3.4236732832938984e-7,3.887878347188468e-7,4.619441072569908e-7,6.217221874607252e-7
NAM,Second,86.1,0.000336,0.9800840206704815,1.1414865856250813,1.4760523139381916,2.9437925140076753,5.451440869397411e-6,6.069294871954447e-6,7.019853219085018e-6,9.017868748992832e-6
NAM,Third,132.0,0.00122,1.5219854719323394,1.7713875178858964,2.2800109192973825,4.49832244075322,2.058779126785796e-5,2.2637854297390123e-5,2.5744741386299916e-5,3.212107605942434e-5
NAM,Fourth,199.0,0.00423,2.308715117168986,2.685422007117993,3.4439041343671244,6.737187907609825,7.341853912779401e-5,7.992483900899924e-5,8.966609402734833e-5,0.00010927680686522467
NAM,Fifth,275.0,0.0115,3.218652876910896,3.739629720799183,4.7794648598518386,9.281199451836033,0.00020398863743515628,0.00022007006144137204,0.00024388368164021007,0.0002909958864833014
NAM,Sixth,390.0,0.0338,4.603770218433105,5.342777045876393,6.805766994255811,13.123003494261589,0.0006174514158588066,0.0006603126955529886,0.0007231031476306321,0.0008452289189389309
NAM,Seventh,533.0,0.0897,6.349017410657193,7.356138650818971,9.337018504514015,17.874980270498497,0.001678171392578559,0.0017784051908630047,0.0019235983457831366,0.0022010049040624515
NAM,Eighth,797.0,0.315,9.576656617210721,11.074692004376326,14.000001324778088,26.586932794813883,0.006065089157174997,0.006361958571547911,0.006786485168233034,0.007581247875907438
NAM,Ninth,1200.0,1.15,14.645916019257283,16.88392376816974,21.22592069409515,39.896786334541794,0.023033552150388215,0.02384552879390921,0.024986909398894603,0.027066560698809406
NAM,Tenth,3740.0,44.2,47.691178635175696,54.265892360082624,66.85806732785657,121.77218592865319,0.9683019471079709,0.9670247039106724,0.9652131276250784,0.9618639242419375
NER,First,94.7,0.0839,0.32457976814552153,0.4670550148478211,0.7906798734449669,4.193337547744236,0.0006581868798155057,0.0008009457802517184,0.0011558965230756455,0.0034312759730448458
NER,Second,139.0,0.285,0.5271683055105122,0.7512744928542177,1.241446101659708,6.08048890834549,0.002865220096072526,0.0033539107380504488,0.0044958131834658376,0.010595293836424272
NER,Third,157.0,0.429,0.6298528756361489,0.8919245289874496,1.4535772455409413,6.812887977761842,0.004936579529983597,0.0056500628240075184,0.007257943714893407,0.014994068990208062
NER,Fourth,185.0,0.736,0.7764140328074434,1.0942659415657963,1.7639536690468,7.981930326163899,0.009381904267463888,0.010546772945524028,0.013095302071681976,0.024356018987480643
NER,Fifth,206.0,1.06,0.9001257934031976,1.262904249570416,2.0158990561387844,8.841705245354413,0.014793165588690978,0.016363700592632813,0.01970656988488189,0.03335256527328923
NER,Sixth,238.0,1.71,1.0782799340958915,1.5064574264991912,2.3820372463928097,10.136738948842996,0.025843100082401493,0.028143113983099596,0.03290363791092239,0.05082301314815174
NER,Seventh,263.0,2.42,1.238819801976956,1.7227084398267625,2.697340344702561,11.128372562226716,0.03972468883152305,0.04256492291683039,0.04826211689892288,0.06781273924836699
NER,Eighth,310.0,4.23,1.524962353978291,2.109910097894116,3.267590981617271,13.021971657497428,0.07575322838863766,0.07970992868255418,0.08732820202306464,0.11036710100758812
NER,Ninth,347.0,6.38,1.7997869088860634,2.4730337920302343,3.7765907281941486,14.407625274386895,0.1269293161098212,0.1305066973074579,0.13686138869934014,0.1511494960226659
NER,Tenth,532.0,28.5,3.103975529582057,4.1986895648442015,6.2114239424681825,21.543473785544215,0.6991146102255901,0.6823599442295915,0.6489331290897511,0.5331184275127803
NGA,First,142.0,0.0061,0.7746876219257127,1.0715902861979563,1.6184866126822097,5.943618083047559,5.064863746426251e-5,6.615494868398908e-5,8.071087455274701e-5,0.00022543775438281887
NGA,Second,251.0,0.0346,1.473463072246266,2.0145485683167452,3.010817739947734,10.343268138581816,0.00035443684423285606,0.00044161417658954215,0.0005200335910545947,0.0012044561456434732
NGA,Third,314.0,0.0701,1.9287810506149041,2.6164812900778696,3.8851847952277136,12.85393108719344,0.0008078794711245648,0.0009785846390149063,0.0011282727517782135,0.0023389701415345906
NGA,Fourth,402.0,0.152,2.555726160173665,3.4461551934466397,5.091307461366038,16.346240228517807,0.0019205217991935162,0.002274355753059956,0.002578278391356002,0.004891208098615432
NGA,Fifth,482.0,0.272,3.160747964615555,4.237870875002537,6.232056157428437,19.484356024713634,0.0037033857284445412,0.004297442494487495,0.004798160745506242,0.008404562360125442
NGA,Sixth,596.0,0.537,4.0291835450425495,5.3731269000812745,7.866420342233681,23.9711450541138,0.007863909100945792,0.008947194595435916,0.009843370505875587,0.01595831085650839
NGA,Seventh,708.0,0.94,4.9365801874722495,6.544772484726062,9.536780341093564,28.307197126941492,0.014797220835947787,0.016495021186242263,0.017871799743661744,0.026742022085811588
NGA,Eighth,906.0,2.08,6.527117072749366,8.597610389775356,12.462175162331379,35.917867526910385,0.03539486291871162,0.038562180859958266,0.04107062371112625,0.056173936030200565
NGA,Ninth,1120.0,4.24,8.440320222903988,11.02130390813172,15.865093958062106,44.05685075577651,0.0791975120659259,0.08379432664446641,0.08731140243846146,0.10647605883911357
NGA,Tenth,2160.0,37.5,17.96414890119096,22.9496140036017,32.448809291073,82.56166503469854,0.8559096225980092,0.8441431247020612,0.8347973472466271,0.7775850376880641
NIC,First,240.0,0.0182,1.103353860278092,1.6594087168376865,2.5891779770841463,10.289865172368225,0.00011145150951683678,0.00014777864162811825,0.00018642784210344754,0.0007308935016224052
NIC,Second,389.0,0.0818,1.982841340953258,2.9398549554588693,4.5262373223650965,16.45892444865781,0.0006776208539065563,0.0008535438873771428,0.0010317612131322562,0.003116648942230231
NIC,Third,467.0,0.146,2.517221922650864,3.69882187280143,5.649617515790944,19.5328014917379,0.001420326611699163,0.0017355020762879754,0.0020456282804382515,0.005305837509244182
NIC,Fourth,576.0,0.287,3.2536724022581223,4.747652154395998,7.205973774759377,23.924292891615657,0.003157275751623615,0.003765178902245722,0.004349373674948116,0.009987680521607645
NIC,Fifth,670.0,0.469,3.9383541681861636,5.7097118542570815,8.616687951581401,27.594173034979402,0.005731543224598011,0.006687196710600311,0.0075859043973182634,0.01561354639528775
NIC,Sixth,805.0,0.852,4.916638106206848,7.083842827395828,10.63090939532258,32.86691662766485,0.01147836976860441,0.013111115479722464,0.014613826447044575,0.027049950736359758
NIC,Seventh,928.0,1.37,5.8988708433800285,8.442952789866434,12.596571774285776,37.56035365078511,0.02032653687892625,0.022713029384766017,0.024858989301317806,0.04122248098804194
NIC,Eighth,1150.0,2.77,7.617376617322571,10.821891766546528,16.03749007838234,45.89068056349445,0.04542279100385106,0.049520415691913865,0.053103299587324196,0.07785327688059601
NIC,Ninth,1360.0,5.04,9.566855624794817,13.458710571159235,19.77160332901196,53.71812198806822,0.0931731835260068,0.0984322890145495,0.10283740619641467,0.12885125823842236
NIC,Tenth,2370.0,34.8,18.99661461370495,26.059859660627627,37.371152901172785,89.5432316039499,0.8185009008712674,0.803033950210909,0.7893873830599584,0.6902684262865877
NLD,First,1200.0,0.187,19.047541729875075,21.20682106463506,23.46251884994954,33.43763018845565,0.0040277939430990685,0.003837247517413324,0.003797790195185697,0.004324578800837896
NLD,Second,1680.0,0.554,26.76310584793269,29.902736253714412,33.109513360895704,46.756871359798055,0.011999568406136373,0.011557064811086972,0.011464748054932562,0.012678378066873715
NLD,Third,1860.0,0.768,29.63239222817845,33.17343035228735,36.74661897357937,51.62658457149548,0.016641003889792755,0.016126184030632238,0.016018310944995513,0.017423747874257753
NLD,Fourth,2150.0,1.23,34.29210469580635,38.450680906198734,42.60720559738442,59.61522558920033,0.026598683190459004,0.025902382858397226,0.02575594621594727,0.027649439062868868
NLD,Fifth,2360.0,1.65,37.648170548940186,42.272994683683415,46.85710008564412,65.32061842373615,0.03589978473460827,0.03511411780489355,0.03494829933536585,0.037076809365990615
NLD,Sixth,2680.0,2.48,42.73644971841917,48.05209531689372,53.279012928281276,74.00857890259368,0.05394213014279266,0.052986922257171144,0.05278454605822776,0.055361886775647705
NLD,Seventh,2920.0,3.26,46.53979345419118,52.401868078296275,58.119696063011276,80.43517738168485,0.07093634721007902,0.06998829819496365,0.06978647149137553,0.07233153170331712
NLD,Eighth,3370.0,5.21,53.884965157438955,60.76824971748305,67.42250496380046,92.9253290167879,0.1135888851289551,0.1126254389431051,0.11241869411480367,0.11498329788471742
NLD,Ninth,3690.0,6.99,59.044186108913536,66.71848982099804,74.05609651312422,101.53373192489015,0.15237895316415345,0.15203773996157485,0.15196147548209354,0.15282941786351345
NLD,Tenth,5380.0,23.5,86.19490209011919,97.81885246126359,108.68018302560353,147.32972370806016,0.5139868501899243,0.519824603620762,0.5210637181070726,0.5053409126019754
NOR,First,1110.0,0.239,19.652932119405268,21.223505245072122,22.3227626497856,28.219050992450924,0.005184936240911655,0.005063644207251419,0.005034386474727394,0.005405902250116858
NOR,Second,1530.0,0.672,27.08204700787333,29.291853307629076,30.81438748928025,38.73507221748072,0.014582289089391869,0.014319170841353531,0.0142554557661605,0.015057516845599557
NOR,Third,1670.0,0.902,29.6722938855006,32.12207396465725,33.79595718118673,42.351845638886,0.019577255803132118,0.01928312264818423,0.019211736048527907,0.02010581908699268
NOR,Fourth,1920.0,1.4,34.04331875329733,36.8776092590906,38.79841774331197,48.488310026819654,0.03049369107922995,0.030109086819743516,0.03001556162548329,0.031181873368693463
NOR,Fifth,2090.0,1.85,37.09292647196548,40.20471021094053,42.298773892178964,52.73617875751352,0.040212921082268246,0.03979300118824413,0.03969069511089583,0.04096113696735918
NOR,Sixth,2350.0,2.71,41.792427450849765,45.32093263772596,47.67520010890221,59.28492639551446,0.059080043098239346,0.058587573771398706,0.05846734296242338,0.05995344434820463
NOR,Seventh,2540.0,3.49,45.16928835077807,49.00983750600965,51.55201798567301,63.942920424134755,0.0759060610533829,0.07543924129929801,0.0753249663101697,0.07672895317455308
NOR,Eighth,2910.0,5.43,51.847607316508316,56.28208919705286,59.18057481663805,73.15490264217554,0.11842316358830036,0.11798514577374176,0.1178773938854352,0.11918677667849983
NOR,Ninth,3150.0,7.05,56.211442976821616,61.06463727291306,64.19846178096213,79.06245347196132,0.15369304968600808,0.15360468608721883,0.1535819118718998,0.15383036103931808
NOR,Tenth,4460.0,22.1,80.14232589050387,87.09932280685123,91.34272960316079,111.12297867183779,0.4828465892791355,0.48581532736356586,0.4865405499442771,0.4775882162406625
NPL,First,172.0,0.0659,0.9173063226476565,1.369393928893964,2.1537963235125,7.251423365409084,0.000503522640368587,0.0006151672553275952,0.0008945066892077537,0.002719504347625617
NPL,Second,256.0,0.235,1.4951217100767904,2.2075170948449987,3.389681264452362,10.56211943387849,0.002309565655727758,0.00271370826793771,0.003663996628919279,0.008837139134738077
NPL,Third,293.0,0.364,1.796154676893096,2.6340493931502507,3.989034438020235,11.900527315666249,0.004101955309223786,0.004711666457213447,0.006094264643487007,0.01287312380620017
NPL,Fourth,348.0,0.639,2.221052107133501,3.239884498145681,4.852200011899138,13.972102481397126,0.00798717201176476,0.009009681490505631,0.011260775735037174,0.021398640901377834
NPL,Fifth,390.0,0.941,2.5850273438568845,3.7523115671486424,5.563613313007686,15.523517013377251,0.012871630811553956,0.014284965025594985,0.01731247059152409,0.029915989524619983
NPL,Sixth,453.0,1.54,3.1066948387790028,4.487986173377522,6.589034309599912,17.818906680836605,0.022966619842305143,0.025089304646922165,0.029512139089070976,0.04651025075181507
NPL,Seventh,505.0,2.23,3.5850462795393483,5.152656786516509,7.487882422540148,19.614176491206404,0.03608464957353458,0.038780543193501965,0.04422763109167319,0.06336099300894764
NPL,Eighth,599.0,3.99,4.431687406516847,6.332171188789502,9.093019197930532,22.948570897432667,0.07052032071930309,0.0744137229396734,0.08197657099737186,0.10554746854987011
NPL,Ninth,677.0,6.2,5.268050835710968,7.4696218484686945,10.56650753258379,25.47811337433501,0.12191306048989214,0.12567610558819797,0.13247159144271975,0.14888690911211347
NPL,Tenth,1050.0,29.6,9.212236348273713,12.796377390762816,17.403610714808885,37.50949425403105,0.7207415029463262,0.7047051351351251,0.672586053090989,0.5599499808626921
NZL,First,847.0,0.0806,12.359981980257027,13.530141054471347,15.147523148326883,25.13751766610607,0.0013666807911342656,0.00134809690788534,0.0014246609608881587,0.0022636487975671283
NZL,Second,1260.0,0.285,18.719416477120912,20.51807654063344,22.88893061828742,36.819319507406625,0.005136390509203485,0.0050808482609688375,0.00530860266560036,0.007652640695867028
NZL,Third,1430.0,0.436,21.61491196205633,23.705914495152758,26.389544687538926,41.70585997672426,0.008130192362471892,0.00805530126581061,0.008361554219571306,0.011401345456305117
NZL,Fourth,1700.0,0.756,25.8722303361974,28.388267017448353,31.546135118148207,49.14635407886122,0.014440096995680983,0.014325566736200685,0.01479285767939176,0.0192952141496688
NZL,Fifth,1910.0,1.1,29.270861106140643,32.12905616476448,35.64540522813461,54.8251842275829,0.021425307110167713,0.02128004388988515,0.021871469428761347,0.027413492685006542
NZL,Sixth,2210.0,1.77,34.21207023785769,37.56353935117686,41.60382642836059,63.185199812025175,0.03528668965623551,0.03508686605469708,0.03589864863664022,0.04329021731096674
NZL,Seventh,2460.0,2.51,38.39171435959885,42.163466188493985,46.61626096401005,69.88395755692873,0.05102843173806103,0.05079856711773126,0.05173004160284497,0.05993540989357546
NZL,Eighth,2920.0,4.37,45.973606047291675,50.495494276009794,55.69943074604084,82.25497813978404,0.09087869785369646,0.09058731534745337,0.09176400498725686,0.10166396968958763
NZL,Ninth,3290.0,6.53,52.55995234208369,57.73816552308573,63.51045971607316,92.05691805626714,0.13957421667369407,0.13935776047659387,0.14022495628949194,0.14674785570545962
NZL,Tenth,5110.0,28.0,84.15592845801403,92.26825697880646,100.4959744110059,139.2617121011608,0.6327332963096546,0.6340796339427738,0.6286232035295531,0.5803362056159961
OMN,First,425.0,0.0376,4.615829875571563,5.622790937805454,7.026116526565342,14.737629706210726,0.0002975052144573595,0.0003482333318820826,0.00047188284495548955,0.0015435289501843621
OMN,Second,672.0,0.15,7.826561929544594,9.465480005453664,11.60607807740774,22.44879793863449,0.0015089685169941516,0.0017143868098514726,0.0021917752714690326,0.005656828041755795
OMN,Third,792.0,0.248,9.602789027499567,11.557399915058099,14.015555438665217,25.901655353206472,0.002842199785352347,0.0031732286280504963,0.003921308762878128,0.008825630828728979
OMN,Fourth,966.0,0.457,12.081564180331188,14.48654250518971,17.41255197452174,31.015966485727265,0.005800231250244981,0.006386043328310075,0.007680141522390783,0.015495755321454186
OMN,Fifth,1110.0,0.706,14.273220363100691,17.05333598999997,20.334087024309767,35.053261522282114,0.00975019688284243,0.010601124058406946,0.01244197187643006,0.02275494495799204
OMN,Sixth,1320.0,1.21,17.406568249249872,20.724392564515707,24.51587890147187,40.92364688190182,0.01812360018526711,0.019467095662078018,0.0223132277081631,0.03710263165549733
OMN,Seventh,1500.0,1.84,20.382614270214326,24.17451747335665,28.361304084913154,45.81033037657447,0.02970826247290524,0.031510959248331284,0.035243325457236636,0.053100181246567096
OMN,Eighth,1830.0,3.46,25.616786546364963,30.24498507975546,35.13673756624541,54.645064992198485,0.06088215160287517,0.06367125963919083,0.069283969595499,0.09347524285490502
OMN,Ninth,2140.0,5.75,31.073859971296162,36.46379308002538,41.83525346866658,62.082450966488665,0.11182031924496019,0.11485623687570377,0.12068058267668616,0.14145290243599357
OMN,Tenth,3550.0,32.0,56.8848681114087,65.49404031268901,72.46302086280542,96.09606748837821,0.7592665648441009,0.7482714324181949,0.7257718142842916,0.6205923537069217
PAK,First,269.0,0.117,1.5240652774604908,2.1756096753336993,3.3621319964996843,11.188101178782274,0.0009567177137053066,0.0011576734917169225,0.001652808155666133,0.0047408844439665665
PAK,Second,386.0,0.371,2.3886034122809248,3.3728019059609835,5.089537658362441,15.679547285878881,0.0038662918943606593,0.0045013162340623025,0.005971625504682677,0.013610819437434848
PAK,Third,431.0,0.537,2.804462801963481,3.9336701684202655,5.855605658867887,17.28323752399424,0.006380836793888845,0.007265519749054676,0.009241053925560388,0.01848585057923962
PAK,Fourth,504.0,0.893,3.4057864261324595,4.752368244257872,6.997375790011009,19.94640198854994,0.011717200904452085,0.013107088000011445,0.016119868499023884,0.029060518407033845
PAK,Fifth,557.0,1.25,3.8996917684929215,5.415424800749563,7.895692787012408,21.82182523612585,0.017913806050802707,0.01972176107260953,0.02353341637000631,0.03864162635772713
PAK,Sixth,637.0,1.96,4.613672703201175,6.377116972439508,9.208467313898497,24.683787589466384,0.030372283734287086,0.03292488454769426,0.038155130094224686,0.05722877594539568
PAK,Seventh,699.0,2.69,5.237560621667542,7.203582760866207,10.29856720835031,26.76073980345694,0.0452620595613589,0.048287024096181,0.05428698177584016,0.07414069764533268
PAK,Eighth,815.0,4.56,6.357934105683843,8.695092347039484,12.288251656530873,30.801199525385197,0.08336857743554583,0.08736059822930944,0.09493867858702691,0.11674873615946392
PAK,Ninth,902.0,6.59,7.383133402104962,10.022830296769882,13.961117836892704,33.48695967826692,0.13364741856618706,0.13688687226277912,0.14247111116446873,0.15331980584414215
PAK,Tenth,1340.0,26.9,12.258532938832454,16.333796724729837,21.94763477440379,47.46362941650977,0.6665148073454116,0.6487872623165813,0.6136293259235002,0.49402228518026364
PAN,First,395.0,0.00716,3.0358015757854657,4.171142823547564,5.742032472541635,14.867747201485516,1.9451348604685677e-5,2.7830441018762162e-5,4.387397165247394e-5,0.0002739012555497831
PAN,Second,694.0,0.0361,6.032181791499374,8.144992940073674,10.925293131418108,25.25799395759043,0.00016066150179214978,0.00021616354219636093,0.00031486065070338097,0.0014110375327643246
PAN,Third,872.0,0.0693,8.124721006765533,10.850226634071841,14.332306253239821,31.046261227717235,0.00040463302918883657,0.0005245710432762125,0.0007285899931130921,0.002682114162785591
PAN,Fourth,1120.0,0.146,11.007197347444022,14.572889494593692,19.016266022216087,39.101582710503926,0.001042003754562573,0.001311241838503053,0.001753107396796419,0.005513622150117741
PAN,Fifth,1350.0,0.254,13.896299981501736,18.252246580086815,23.558275708614136,46.24630403373803,0.0021592696646971755,0.002645354574855245,0.00341754490562602,0.009329409826009832
PAN,Sixth,1680.0,0.494,18.066898308320017,23.549234655724035,30.07495623774985,56.4399541177748,0.00491665676272241,0.005868908600930118,0.007333951323412899,0.01745209461363206
PAN,Seventh,2010.0,0.859,22.606181613442743,29.228329770947475,36.91970976934806,66.14902024280228,0.009945998016477957,0.011556620271381112,0.013951847818201645,0.028796673923499726
PAN,Eighth,2590.0,1.9,30.59204080641943,39.19675574573683,48.9012387353653,83.14968206470287,0.02580265642927764,0.029088293045836162,0.03378471382680896,0.05945134190738601
PAN,Ninth,3240.0,3.93,40.79293586544823,51.64807426148587,63.414447038623905,100.90997963718004,0.06405103660499563,0.06946777258004701,0.07678973035507417,0.11022569272012653
PAN,Tenth,6440.0,38.1,93.50753522948034,114.76062676198539,135.1280446781668,182.79792018394647,0.891497632887681,0.879293244061956,0.861881779758611,0.7648641119081284
PER,First,149.0,0.00153,1.832205443208442,2.2762836779613176,2.8035428010053733,4.759038105557571,4.401769135686964e-5,3.8438835153861324e-5,3.3887133846253114e-5,2.4291297557654137e-5
PER,Second,287.0,0.0114,3.4338988186439106,4.30919979809506,5.351565521966068,9.260261973813138,0.0003157112641442366,0.0002823013574139793,0.0002543887181111959,0.0001931452591829336
PER,Third,380.0,0.0272,4.481206070287099,5.653664737513981,7.053729674916181,12.343649340562644,0.0007303075395988811,0.0006623681038404964,0.0006047938083249968,0.0004753815275076898
PER,Fourth,508.0,0.0669,5.917200986417591,7.498047285446348,9.389648118432413,16.579011304428846,0.0017567567758501638,0.0016115698870442891,0.0014871097508123983,0.0012018206997132027
PER,Fifth,634.0,0.133,7.306651924080221,9.293414155523623,11.675615199919273,20.779807060386048,0.003423811526138889,0.003173188340145506,0.0029560807232230438,0.002449444325721826
PER,Sixth,815.0,0.291,9.296992544560828,11.867949850089524,14.956402676336308,26.822114012451266,0.007345635560613926,0.006875915537589763,0.00646478455266416,0.005488272969868886
PER,Seventh,1010.0,0.566,11.384755354395228,14.585334416663256,18.438146067066437,33.32413796185937,0.01397059829872929,0.01321263535589979,0.012541886401190187,0.010918469948772032
PER,Eighth,1350.0,1.4,15.036585970376146,19.3406122602345,24.53183331289319,44.71138439855603,0.03382067916820906,0.032357348467773765,0.031045605019943034,0.027799890671588775
PER,Ninth,1770.0,3.29,19.45965568101129,25.149733778870363,32.02999696822838,58.986748002132366,0.07684405807951819,0.07461296585262628,0.07257590862164102,0.06737465393586932
PER,Tenth,3860.0,40.0,41.489440590720875,54.12736858081302,69.3664715515744,129.86188473908348,0.8617484240958405,0.8671732682625123,0.8720355552702438,0.8840746293642177
PHL,First,355.0,0.115,1.832911630719827,2.5201371949963476,3.726289653047154,14.260091350734942,0.0002190594169757347,0.00028967244601170016,0.00044740787370065613,0.003811470709469068
PHL,Second,511.0,0.307,3.1440602331198564,4.257468425455161,6.128780311331432,20.264020838034345,0.0011766473056725043,0.0014766487731733028,0.0020995418783989073,0.011496782967289008
PHL,Third,575.0,0.419,3.8904664346277533,5.219443282572636,7.397661232062015,22.524380599419835,0.0022921606892101908,0.0027895386172499654,0.003778841418164953,0.016055762313911738
PHL,Fourth,676.0,0.678,4.925375120262606,6.559749554001343,9.182396564814665,26.162385229663073,0.0048053837977081034,0.005706198704362863,0.00743658264743089,0.025806806963493332
PHL,Fifth,754.0,0.943,5.854700391800613,7.745402420878948,10.72152224241794,28.792819011685626,0.008275771619623147,0.009612478434764652,0.012099290394420448,0.03500591579280064
PHL,Sixth,870.0,1.49,7.181075478457318,9.438749527866191,12.92357765808164,32.75407707261101,0.015748237032312356,0.017904361936777653,0.021789258988156694,0.052854896450124256
PHL,Seventh,965.0,2.09,8.463335939895229,11.048214183743113,14.95676788854456,35.72442166843541,0.026449976629748642,0.029411433824562367,0.03456458876623965,0.06985666765240739
PHL,Eighth,1140.0,3.69,10.711357977367943,13.874818231463601,18.540965673121878,41.39236043166114,0.055702001837888274,0.060417788764397136,0.06827897268995559,0.1124906675795099
PHL,Ninth,1290.0,5.77,13.120878586973832,16.82479774942338,22.114097079490755,45.39000478533772,0.10592482732347444,0.11130557744458681,0.11966536553445162,0.15198814325390303
PHL,Tenth,2030.0,30.3,24.57704135924117,30.709737150760162,38.693181882418656,65.50741231309537,0.7794059343473866,0.7610863010541137,0.7298401498090806,0.5206328863170916
PNG,First,96.0,0.0034,0.5872454910579711,0.8702668518965897,1.2655130021541972,3.784057587162918,4.20779627352402e-5,5.018482393582963e-5,5.901824459903173e-5,0.00010866369826939711
PNG,Second,173.0,0.0219,1.1073118246870022,1.6281368887862586,2.347268405345889,6.76494189555391,0.000304187254721656,0.00035175965215096175,0.00040201979700234307,0.0006637038818458367
PNG,Third,221.0,0.0477,1.4489887373201675,2.119498519009367,3.039583984303891,8.574839711151718,0.0007069858185689608,0.0008025543573261474,0.0009016719696374348,0.0013949424855298996
PNG,Fourth,286.0,0.11,1.917795084668325,2.7938921049749004,3.9899040052672183,11.063197249911918,0.0017071124624089661,0.001909343628202597,0.002115969551891414,0.0031076015352747744
PNG,Fifth,347.0,0.205,2.372513627544115,3.4432358156098903,4.898331208527491,13.373812842807896,0.0033384199231232085,0.003684401880685365,0.004033112040514636,0.005652415512879316
PNG,Sixth,435.0,0.423,3.024350678634562,4.373127719781228,6.197649417324248,16.665493711175856,0.007186157177260601,0.007828898089511562,0.00846803522920043,0.011341401708660855
PNG,Seventh,523.0,0.774,3.709749508446293,5.3429378814366615,7.541705825724618,19.96160744506767,0.013714222791583018,0.014741686452589246,0.01574882269236259,0.02012351830431844
PNG,Eighth,677.0,1.79,4.909226606732234,7.038444889050476,9.887819393237676,25.690391975254222,0.033327904645728865,0.03528979002335938,0.03718061613279435,0.045068339717884084
PNG,Ninth,853.0,3.87,6.366789222328683,9.072481849801399,12.66494748461005,32.12964442831389,0.07609749968226608,0.07904188887079441,0.08181130286344568,0.09270670401524404
PNG,Tenth,1680.0,38.6,13.638098726229062,19.082870086365467,26.075233149365452,61.52539082779467,0.8635754322816035,0.8562994922214444,0.8492794314785521,0.8198327091400934
POL,First,615.0,0.0243,8.964173894280677,10.21692908734044,11.748163490273303,18.23480517090062,0.0005346955968658685,0.0004864781027480703,0.00047553431930157976,0.0005647024291518327
POL,Second,986.0,0.11,14.357303979412523,16.46192579702707,18.957452008510373,29.119473827792845,0.0024241306405789528,0.002246307408355489,0.0022054504438967604,0.0025331063694387763
POL,Third,1180.0,0.194,17.134030525712674,19.712807317034812,22.720211257642113,34.6885651099707,0.004276327206680702,0.0040051175017310585,0.003942354857191294,0.004441038290838034
POL,Fourth,1440.0,0.377,21.050009595788026,24.28479352117485,28.00878749305796,42.556721185163724,0.008281709207538969,0.007822830072772263,0.007716014057011188,0.008558344336932902
POL,Fifth,1670.0,0.604,24.38486099537133,28.201027845824118,32.54516178307533,49.23501297093466,0.013281452056827316,0.012641967401000119,0.012492303945879097,0.013664336416643087
POL,Sixth,2000.0,1.07,29.15848434084625,33.80210337426083,39.032012427831205,58.80045607401747,0.023586250166844232,0.022617852585633556,0.022389971885491335,0.02416207099718316
POL,Seventh,2300.0,1.68,33.51053761639452,38.942322755114155,44.99452017165247,67.48803024804182,0.03687741732721177,0.03563626113911695,0.0353424326747938,0.037609792958009675
POL,Eighth,2830.0,3.27,41.209912961429886,48.02161597684942,55.522553905610394,82.87382157308868,0.07167594011305124,0.0698626855403771,0.06943014841410333,0.07273554915114755
POL,Ninth,3350.0,5.63,48.75656332210397,57.013111662677794,65.97446366985999,97.864100833553,0.12304869221449818,0.12125974153613589,0.12082724903955663,0.12407609396906162
POL,Tenth,5790.0,32.9,84.32542343239685,99.38773251765852,115.2347796660491,168.54026676022193,0.7160133854699028,0.7234207587121295,0.7251785403627751,0.7116549650815933
PRT,First,699.0,0.0507,9.627505014297014,10.887676715926478,12.531311555941945,21.606448747948317,0.0008044929242555917,0.0008560708043800092,0.0009366501331248302,0.0014466983394561682
PRT,Second,1070.0,0.197,15.090587260058753,17.009536669177336,19.47112551015088,32.642530727842185,0.0033658038729045578,0.0035374973423335284,0.003801357423912125,0.005373641685143325
PRT,Third,1240.0,0.319,17.76940590432847,19.987828682102844,22.807493920086788,37.626649239825824,0.005667215555044523,0.005913797088286363,0.006289115778770913,0.008448606691608676
PRT,Fourth,1500.0,0.578,21.60587235972591,24.26489017218859,27.61823461139036,44.983035635086885,0.010574497340064862,0.010971675330549609,0.011571463254185062,0.014925179837186633
PRT,Fifth,1700.0,0.873,24.78978515856291,27.799758842260115,31.569472136302966,50.831315440332304,0.016400730640157866,0.01692952575687313,0.017722223091116575,0.022038343124372625
PRT,Sixth,1990.0,1.46,29.37293625326813,32.89345136911709,37.27187621171663,59.34904291128879,0.02819682631789633,0.028961352417490437,0.030098867923418454,0.03612684915130697
PRT,Seventh,2250.0,2.15,33.42886050287117,37.379511203129596,42.25792194275894,66.51883882629281,0.04263054145132167,0.04356112317152901,0.044934086155102256,0.0519907707413571
PRT,Eighth,2710.0,3.92,40.6706488141742,45.40268030731936,51.197371240279146,79.56001285814733,0.0798000694425028,0.08107231458534862,0.08292872721819743,0.09209144014536602
PRT,Ninth,3120.0,6.2,47.44016972662206,52.84463707887322,59.39351411683398,90.79828154828436,0.13058602051531412,0.13169514886817069,0.13327843295431843,0.14046298404677315
PRT,Tenth,5070.0,30.1,79.50078067770619,88.13436642961958,98.33614411418112,144.96596573805655,0.6819738019405376,0.6765014946350385,0.668439076067854,0.6270954862374293
PRY,First,213.0,0.00132,1.6268529095699988,2.3058367187901863,3.2807298633289905,8.086883261263825,2.2019079966613864e-5,2.4278614510690892e-5,2.7728178197726187e-5,3.489599258127124e-5
PRY,Second,412.0,0.0102,3.1994615056497437,4.524852097598704,6.396928123310461,15.550965189754306,0.00017805375104123976,0.00019306179119889924,0.00021550604240183816,0.0002606309066323668
PRY,Third,546.0,0.0245,4.286605728544325,6.049510120236153,8.517635754065084,20.54074999026539,0.0004427212735412354,0.00047520178730868284,0.0005231758126205609,0.0006177383689577786
PRY,Fourth,730.0,0.0611,5.782348952969831,8.147550665646067,11.434899013387948,27.398407971201127,0.0011284233642948377,0.0012014184411262441,0.0013081557121158622,0.0015152133232402205
PRY,Fifth,911.0,0.123,7.273468423340465,10.231833345454111,14.317678842864222,34.10854017215087,0.0023168070404653578,0.0024487201790349433,0.0026398575477423595,0.003005296803197821
PRY,Sixth,1170.0,0.272,9.422835205384333,13.234723115582655,18.466475082219613,43.743781661286334,0.005228207140938086,0.005486858432563245,0.005858282615060654,0.006558343893511608
PRY,Seventh,1450.0,0.535,11.74926019259846,16.47221661635619,22.91330122577477,53.959470332446834,0.010478220784025145,0.010916084888095725,0.011538901757320124,0.012695151368780595
PRY,Eighth,1930.0,1.34,15.837236630884544,22.15792343299422,30.713574468960847,71.83171641336516,0.02690096205934936,0.027795042780094318,0.02905274572926802,0.03134677212161773
PRY,Ninth,2530.0,3.2,21.018121019281725,29.318755943228627,40.44757599322759,93.74975486388041,0.06589095099390373,0.0673667057127658,0.06941053643825197,0.07304678303768151
PRY,Tenth,5520.0,40.3,47.627212536587884,65.81764425004715,89.46225782674811,201.26483833807194,0.8874136345124745,0.8840926273733015,0.879425110167021,0.8709191741837992
PSE,First,314.0,0.0476,1.8252163942558854,2.532460781409837,3.9825291067993307,13.32712823751434,0.0003511283779059973,0.00043124067985122143,0.0006333381969399704,0.0019867932926206787
PSE,Second,477.0,0.181,3.0301981683620918,4.157282436249593,6.384224673041288,19.806811870347513,0.0017259207381345666,0.0020380496595611484,0.0027779680441978034,0.006905818559609939
PSE,Third,552.0,0.292,3.6828373792996874,5.018085809858785,7.600682219605978,22.58858763830295,0.003191637041358409,0.003683339755285497,0.004807286720816225,0.010452902069186242
PSE,Fourth,663.0,0.527,4.594931702677223,6.227285516900397,9.32915281149574,26.78743354597666,0.006418365091130148,0.007272589024623971,0.009168240104469634,0.017914895279073455
PSE,Fifth,751.0,0.798,5.39262241300224,7.2723639330614525,10.787705280408694,30.03719494328858,0.010647733530263768,0.011867606972807155,0.014501840507016608,0.025742732808562888
PSE,Sixth,880.0,1.34,6.532454233164821,8.76770568736089,12.88167859639219,34.81112376581016,0.01954014999744423,0.02143354263743107,0.02541157980473719,0.041101041571348744
PSE,Seventh,990.0,2.0,7.60267031244734,10.152885342152363,14.76909294728266,38.70116911166828,0.031608200406318364,0.03410170232857294,0.039185025731459176,0.05755574887080751
PSE,Eighth,1190.0,3.68,9.48659761253769,12.597417953804744,18.12015510970174,45.86326655594519,0.06382022263691332,0.0675896534161031,0.07498908285616172,0.09887906208115366
PSE,Ninth,1360.0,5.95,11.418197858301419,15.051019154560732,21.341337006987565,51.70304230204034,0.1150157117700083,0.1189620881065715,0.126217001179445,0.14506010486338033
PSE,Tenth,2200.0,31.0,20.546678047770033,26.604296276644856,36.45792461116677,80.01822018454983,0.7476809304105229,0.7326201874191924,0.7023086368547566,0.5944009006042565
PYF,First,261.0,0.0358,3.273020141453032,3.685892584535709,4.299412359908544,8.402087412194502,0.00024376337591838993,0.0003164934999899146,0.0004289978032041832,0.0014630473440590034
PYF,Second,410.0,0.143,5.550469923892983,6.160383118144188,7.0547951828860676,12.72948695543284,0.0012835129173623555,0.0015866245576125133,0.0020294819991897215,0.005421748743848197
PYF,Third,484.0,0.237,6.831063860028675,7.515458454864455,8.51455164439942,14.679378516108894,0.00247121438948788,0.002968069952252743,0.003669999771359144,0.008512883717315142
PYF,Fourth,590.0,0.44,8.607896841615638,9.404873087918142,10.563744725598502,17.55577124492748,0.005132448646481373,0.006024030747185081,0.007249634087542885,0.015022741248493128
PYF,Fifth,678.0,0.681,10.193192032699569,11.066728099185728,12.334182913103735,19.83599563350276,0.008764893938289874,0.010076686533174494,0.011835115435502367,0.022161212301991192
PYF,Sixth,806.0,1.17,12.454784856179183,13.439459147445854,14.865094322723076,23.148514520563463,0.016543332355916256,0.0186413130591577,0.021383560824638898,0.03629463740961749
PYF,Seventh,919.0,1.79,14.62616201476321,15.681002578193851,17.207659303166462,25.923073579040228,0.02755122986439665,0.03040620128767467,0.034036524171645495,0.05218216657197574
PYF,Eighth,1120.0,3.39,18.433755930664248,19.619194417328426,21.33372942847877,30.940094958679456,0.05747357149874324,0.06196826740878951,0.06749233282608148,0.09233126391877715
PYF,Ninth,1310.0,5.68,22.473703688945815,23.693004040724976,25.465234012234852,35.215786165370105,0.10797926993243447,0.113013877823539,0.11886234126573615,0.14063640706627004
PYF,Tenth,2220.0,32.3,41.63187797525557,42.84882810774267,44.66998887362875,55.07238006354693,0.7725567630809695,0.7549984351306244,0.7330120118150997,0.6259738916776529
QAT,First,624.0,0.016,7.42642273378241,9.234700553709803,11.104426800747646,20.426475027952122,0.00011313615372922703,0.00012612478457552545,0.00016329075248711536,0.0006810659521014549
QAT,Second,1050.0,0.074,13.38098993157785,16.589576838534192,19.653520599365443,32.92404637949578,0.000685998661064203,0.000749827813348298,0.0009260402442400677,0.0029449439910712106
QAT,Third,1290.0,0.134,16.998416829869047,21.019140489239604,24.681519282869207,39.2152339296894,0.001435572940767309,0.001550914525253608,0.0018626574911609949,0.005054187679719942
QAT,Fourth,1620.0,0.267,21.987465709455616,27.136586251723717,31.642060681271516,48.187877824967586,0.003187056443278647,0.003411070542102291,0.0040062376289835624,0.009575546191209754
QAT,Fifth,1910.0,0.44,26.624906966281088,32.79532657569494,37.99798611408247,55.72840370973659,0.005778902282222161,0.0061332875635409295,0.007060197247571265,0.015056292517351813
QAT,Sixth,2320.0,0.808,33.25366261459022,40.88390410494689,47.07784969771255,66.56394276058629,0.011560210016137488,0.012169456731405402,0.013738406957761063,0.026231506052530617
QAT,Seventh,2720.0,1.31,39.90659857736836,48.95626167127541,56.009164446390955,76.27264311828826,0.02044762651649782,0.02134406335567087,0.023614403888236806,0.04020856413380568
QAT,Eighth,3420.0,2.68,51.55135647912138,63.08577657170631,71.64100813515087,93.50789953117571,0.045633748310817485,0.047185161580257574,0.051036584178394004,0.07643499182854036
QAT,Ninth,4140.0,4.95,64.7508276876524,78.95511941363083,88.80379954536443,109.88091296927544,0.09344992476674635,0.0954648943002711,0.1003178210278038,0.12755900097350883
QAT,Tenth,7580.0,35.2,128.60830872203755,155.13443352971018,169.9649990225278,185.46752029310787,0.8177078239087392,0.8118651988035744,0.7972743605833613,0.6962539006801604
ROU,First,949.0,0.18,12.287703145935524,14.810157043548,17.864636109611062,29.63897312837906,0.0038915345877652122,0.0037976661815006087,0.0037750355742087443,0.00406274233231337
ROU,Second,1340.0,0.539,17.324352158197623,20.92300051328828,25.252410797691937,41.67987737774945,0.01168368872235714,0.011464457049230464,0.011411399714899403,0.012080147503513359
ROU,Third,1480.0,0.75,19.213188862003726,23.228593852740342,28.042824028210692,46.15087297480672,0.01627387925933613,0.016017970758111406,0.015955897715364573,0.01673435837406665
ROU,Fourth,1720.0,1.2,22.267011382827878,26.94445534481555,32.53669163887861,53.42244888908731,0.02610257319158772,0.02575548378643389,0.025671135306995087,0.02672449767877747
ROU,Fifth,1880.0,1.63,24.475666977315186,29.639603222148814,35.79844225689725,58.65569767746176,0.035340472930611565,0.03494777643531555,0.034852169630496546,0.03604126032695498
ROU,Sixth,2140.0,2.45,27.81814068738246,33.71286651303842,40.72650758205215,66.59592669619045,0.05326274415280786,0.052783906500376544,0.05266709791846215,0.05411349100743729
ROU,Seventh,2330.0,3.23,30.329246212217683,36.78368652418201,44.44495865114345,72.52484216196096,0.07026282594403893,0.0697858332506264,0.06966918632835874,0.07110562614370113
ROU,Eighth,2700.0,5.18,35.165394147723475,42.686126631915315,51.588916217735395,83.98609606798739,0.11290573319563335,0.11241803965346926,0.11229829104576212,0.11375957082661711
ROU,Ninth,2960.0,6.98,38.59307651359141,46.89569480902739,56.69170980757568,92.01999827000044,0.15213943907902644,0.15196123293291075,0.1519165749774198,0.1524369080943259
ROU,Tenth,4340.0,23.7,56.547928628804456,68.87380623863005,83.31340278701315,134.3701452527883,0.5181371089368356,0.521067633452025,0.5217832117880328,0.5129413977122927
RUS,First,415.0,0.00724,6.562724778697995,7.634491981824214,8.644405187398728,11.442291462538048,0.00022179566978064344,0.00019100755729464854,0.0001638889894179743,0.00010304107839835362
RUS,Second,717.0,0.041,11.024826198167357,12.932634071662385,14.769157741250712,20.061830992798175,0.0011885962402142514,0.0010523767254986068,0.0009288088120757508,0.0006354272177128131
RUS,Third,894.0,0.0825,13.543544828700774,15.965921733101965,18.325472658714286,25.277202165634144,0.0023122928547606005,0.0020809917765247875,0.0018674852566378385,0.001343139427618675
RUS,Fourth,1140.0,0.178,17.022300629518515,20.145197567864816,23.21417841488935,32.41249304240629,0.004842324437689386,0.004415215173521974,0.004015346685542251,0.003005865788241759
RUS,Fifth,1360.0,0.314,20.133582884030883,23.910699283846768,27.650862336049787,39.02991725171886,0.008331245107796183,0.00768611052639213,0.007074230808619689,0.005489828177585188
RUS,Sixth,1680.0,0.612,24.56119038477393,29.265476195844084,33.954979952190165,48.42754447985473,0.015838785144332627,0.014779589620486857,0.01376190575015283,0.011059055341708217
RUS,Seventh,1990.0,1.05,28.826999959051495,34.465462273925446,40.122934539903646,57.83529853332954,0.026575953553087502,0.025092970848192477,0.023648012113632853,0.01970355714008965
RUS,Eighth,2540.0,2.29,36.28550516118379,43.53782982040367,50.855615256944596,74.13300322131168,0.055905765255166884,0.053488474590577005,0.051092794377939725,0.044332075911559014
RUS,Ninth,3140.0,4.53,44.24811981358058,53.33139832157781,62.5550013508209,92.46213853987524,0.10616318184807912,0.10330063925825377,0.10038711658868002,0.0917316724353642
RUS,Tenth,5930.0,36.7,81.87958917635079,99.3004045448832,116.7371150197154,175.47788439291017,0.7786200598890928,0.7879126239232578,0.797060410617301,0.8225963374817221
RWA,First,38.6,0.000384,0.21994974496533898,0.3216117679264051,0.5005321231906463,1.5785811448374358,6.2672002473234e-6,6.964719374002047e-6,8.038847987192145e-6,1.0301441092951236e-5
RWA,Second,80.1,0.00365,0.4649481606823614,0.6787781608797696,1.0496162076193423,3.262272527306591,6.262191716157382e-5,6.838407057125812e-5,7.706923408336518e-5,9.474894636179216e-5
RWA,Third,111.0,0.01,0.6499084636333586,0.9469110841572601,1.458082690587948,4.493491622876674,0.00017709882643590616,0.00019133403686350694,0.00021251201757648526,0.00025473582302708775
RWA,Fourth,153.0,0.0276,0.9068191837468433,1.3192572675063188,2.0247129711484613,6.197650192899766,0.0005005108147549251,0.000536111897063256,0.0005885208232477308,0.000691275684472178
RWA,Fifth,196.0,0.0608,1.1755049411802128,1.7074060139325828,2.612412119319157,7.948757027265293,0.0011277510939572144,0.001198649831821954,0.0013020277147047505,0.0015016584351208184
RWA,Sixth,260.0,0.147,1.567767171882613,2.273676369723828,3.468589062446332,10.492862433729565,0.0027852295792635553,0.0029381663645216115,0.003159082537717701,0.0035793838294555323
RWA,Seventh,330.0,0.317,2.01418836022801,2.9158218164782657,4.434288044285427,13.334581751523055,0.006129565463430256,0.006415938184116351,0.006825533399201756,0.007592675396172295
RWA,Eighth,456.0,0.882,2.807287337816938,4.055814599805391,6.146343221585704,18.36006936352816,0.017478301810222575,0.0181355665980711,0.01906498421038601,0.020774489502144756
RWA,Ninth,623.0,2.4,3.887673906136067,5.60032060692751,8.447622611823526,25.020687045883907,0.048969823198364175,0.050245092947408046,0.052020514198919295,0.05520615911303895
RWA,Tenth,1510.0,42.0,9.79494471440939,13.99353502051635,20.84201637733864,60.38970112675569,0.9227628300961624,0.920263791350189,0.9167417170161757,0.9102945718291137
SAU,First,660.0,0.0376,8.116751257995464,9.415648198077166,11.323353417582549,21.808691398995627,0.0002975052144573595,0.0003482333318820826,0.00047188284495548955,0.0015435289501843621
SAU,Second,1050.0,0.15,13.78037808980043,15.873854857294015,18.733095965801738,33.263944491887266,0.0015089685169941516,0.0017143868098514726,0.0021917752714690326,0.005656828041755795
SAU,Third,1240.0,0.248,16.914983427986684,19.39160374034444,22.633968080497137,38.3983810877082,0.002842199785352347,0.0031732286280504963,0.003921308762878128,0.008825630828728979
SAU,Fourth,1510.0,0.457,21.29054594813211,24.318984432401457,28.13634081396316,46.00972275927571,0.005800231250244981,0.006386043328310075,0.007680141522390783,0.015495755321454186
SAU,Fifth,1740.0,0.706,25.160161575822833,28.63833171370562,32.87110637236548,52.02407740681152,0.00975019688284243,0.010601124058406946,0.01244197187643006,0.02275494495799204
SAU,Sixth,2070.0,1.21,30.69362499622279,34.81821847677747,39.652570139155394,60.77971762020941,0.01812360018526711,0.019467095662078018,0.0223132277081631,0.03710263165549733
SAU,Seventh,2370.0,1.84,35.95042730104301,40.62866571428545,45.893387159570295,68.07902374760154,0.02970826247290524,0.031510959248331284,0.035243325457236636,0.053100181246567096
SAU,Eighth,2890.0,3.46,45.19835137756788,50.85828935245295,56.90228846778298,81.30531742595852,0.06088215160287517,0.06367125963919083,0.069283969595499,0.09347524285490502
SAU,Ninth,3380.0,5.75,54.84329927709481,61.347033736194895,67.80541984728298,92.47526025603221,0.11182031924496019,0.11485623687570377,0.12068058267668616,0.14145290243599357
SAU,Tenth,5680.0,32.0,100.5125492016508,110.4838998701841,118.0349604660115,144.20464362425759,0.7592665648441009,0.7482714324181949,0.7257718142842916,0.6205923537069217
SDN,First,312.0,0.0423,2.7036144109250326,3.4309865180560624,4.681036694194112,11.902864621259145,0.00033179543538646854,0.0003720460643098631,0.0004962682948952544,0.0017815313659942853
SDN,Second,490.0,0.164,4.576714685955096,5.786767387417278,7.756868575870519,18.05133985985447,0.0016485260167797048,0.0018086977589447924,0.0022826971877127024,0.006336405573222014
SDN,Third,575.0,0.266,5.60293129575872,7.063028374147735,9.370372583971038,20.75282730162814,0.0030677604444400435,0.003323229797664573,0.0040608735353563855,0.009717845347264725
SDN,Fourth,698.0,0.487,7.039683100945352,8.855415806061261,11.653315486164281,24.808529029964273,0.006200356611644198,0.0066486729270022376,0.007917521163042888,0.016830524254146346
SDN,Fifth,800.0,0.744,8.303443743921987,10.422448624966329,13.615327908099147,27.985809058522104,0.01033268134998825,0.010978863392984458,0.012774383762809333,0.024413234064381832
SDN,Sixth,947.0,1.27,10.11267234977051,12.66809436197808,16.432783884666602,32.64937453225071,0.01904528359741035,0.020057608515123768,0.02281907631758458,0.039335445627869635
SDN,Seventh,1080.0,1.9,11.820918353847203,14.773559827225547,19.023622956310323,36.50254964427527,0.030947932556036322,0.032294745882660854,0.03589515394858862,0.055605950379513804
SDN,Eighth,1310.0,3.55,14.832192607824002,18.491108422115694,23.61652646193031,43.58280043531156,0.06280580534229006,0.06486767923864846,0.07024275067258699,0.09654460843093603
SDN,Ninth,1520.0,5.83,17.94337766266901,22.28936985574126,28.168876844944677,49.48794080374855,0.113924379847411,0.11612948995152045,0.12163793755930712,0.1435536649668637
SDN,Tenth,2550.0,31.6,32.71390268075982,40.29768931721909,49.697505600136516,78.23224014249854,0.7516954787986135,0.7435189664711405,0.721873337558116,0.6058807899898075
SEN,First,140.0,0.0164,0.6278388229701162,0.8866905276754588,1.4037071015588078,6.105266176852511,0.00011815709998840612,0.0001295580075283403,0.00016802918143398092,0.0007021690148066828
SEN,Second,229.0,0.0756,1.1300067489095993,1.5930549209722178,2.484332598248529,9.83408518901721,0.0007108297125091718,0.0007664859098185868,0.000947915922400842,0.0030179788554352167
SEN,Third,276.0,0.136,1.434043702278485,2.0176678816620757,3.1185156458692953,11.705048654012469,0.001480612382411452,0.0015807889023800098,0.0019007484520516807,0.005161497382114839
SEN,Fourth,342.0,0.271,1.8536048618532524,2.6043769810045343,3.996984633191549,14.377499177300583,0.00327479710887272,0.003468735925152533,0.004078024328540429,0.009751652732900507
SEN,Fifth,399.0,0.447,2.2428667411405416,3.1465028560445107,4.798171813348878,16.619832053143096,0.0059180910517502875,0.006223999973548344,0.007170674945239102,0.015294864762827834
SEN,Sixth,480.0,0.819,2.7993165754222384,3.921507525158553,5.942921958574992,19.844794792100785,0.011800156633164747,0.012324534144519146,0.01392320192775345,0.026582579143721478
SEN,Seventh,556.0,1.33,3.356604640156679,4.69394650112416,7.067320295816285,22.72939949521318,0.020801721671105684,0.021570869532117506,0.023878396236792714,0.04064442581944949
SEN,Eighth,689.0,2.71,4.33221645320727,6.046166887870263,9.03574959538567,27.858010352286033,0.04624872015202102,0.04757484847577633,0.05147751654829133,0.07704638330506786
SEN,Ninth,821.0,4.98,5.4343991881249405,7.561595665764427,11.191922281141853,32.71832029460727,0.09425288677834953,0.09596549259428383,0.10086023148587796,0.12811899679146474
SEN,Tenth,1450.0,35.1,10.758588734956653,14.825082056974999,21.378744455999897,55.27608373232397,0.815394027409827,0.8103946865348755,0.7955952609716186,0.6936794521922113
SGP,First,384.0,0.00111,6.160947299754233,7.240170501079614,8.172395345768782,10.216822260652538,1.839992506531579e-5,2.0310033007339883e-5,2.3229652456474062e-5,2.930790481218766e-5
SGP,Second,754.0,0.00878,12.260911308691583,14.378731682147022,16.124249551863564,19.868490628886576,0.0001534246581276808,0.00016652049661877009,0.00018612680813031435,0.00022561499452979986
SGP,Third,1010.0,0.0216,16.53573569152599,19.351194109695168,21.610268672779302,26.407906108503568,0.0003886306436566008,0.0004175206874606267,0.0004602352469632289,0.0005445677625568493
SGP,Fourth,1360.0,0.0546,22.42423845678203,26.20099646330745,29.163098888509804,35.39708692319635,0.0010054108204083335,0.0010713490436100944,0.0011678600813312696,0.0013553657935086885
SGP,Fifth,1710.0,0.111,28.33770585368129,33.055630177585655,36.680129435088844,44.25161356821244,0.0020920884671460816,0.0022129370411361035,0.002388201074272766,0.0027237751653003016
SGP,Sixth,2210.0,0.249,36.87637784885546,42.946659580324976,47.511378382093476,56.9689635679364,0.004782867956783748,0.005023127436451507,0.0053684374840043125,0.006020169560553411
SGP,Seventh,2740.0,0.497,46.189173636914475,53.690210933848284,59.20300188548802,70.53171458632627,0.00971575411227222,0.010128491865323837,0.010716049023599378,0.011808266105776661
SGP,Eighth,3690.0,1.27,62.57456646359517,72.57322865597769,79.7087648116496,94.19414653712865,0.025323428915271094,0.02618072105905951,0.027387625181335574,0.029591794659469168
SGP,Ninth,4870.0,3.07,83.56595063242732,96.59464481935326,105.51472414238539,123.32333798352572,0.06323855579496442,0.06468782263836496,0.06669662977722424,0.07027539893050866
SGP,Tenth,10700.0,40.6,192.09568483784412,219.10207191290536,234.0345268556298,260.00880582847554,0.8932814387063045,0.8900911996989672,0.8856056056706825,0.8774257391229844
SLB,First,119.0,0.0168,0.6203486327330736,0.9367210034376785,1.3739510326397257,4.817982851449112,9.779041714061068e-5,0.00013609075844030202,0.00017083330878816941,0.0006663297893967818
SLB,Second,193.0,0.0767,1.1175108329116343,1.6581027176056515,2.4006737199692716,7.721096423639548,0.0006087571788208686,0.0007979532010551912,0.0009608053099255701,0.0028936606119723818
SLB,Third,232.0,0.138,1.4225305309578808,2.0881163408737438,2.9999667654220668,9.1828529081475,0.0012939896764917688,0.0016369785161949246,0.0019231342207649766,0.004978591701874312
SLB,Fourth,287.0,0.273,1.8421251004257273,2.6812815775565455,3.828546667536263,11.263082741713617,0.0029088768715113556,0.0035768171056137447,0.004120124441851995,0.009451154402011492
SLB,Fifth,334.0,0.448,2.2343273672296973,3.227137147809683,4.582369408244562,13.011642886861742,0.005334145797006882,0.00639347619290793,0.007235341767023332,0.014887362593452387
SLB,Sixth,402.0,0.82,2.794530969914332,4.0063399479814965,5.658028993392662,15.52077977841246,0.010787521330946317,0.01261334158453613,0.01403116209307933,0.025982291186911997
SLB,Seventh,465.0,1.33,3.360457098798937,4.7800331505617715,6.712473930660287,17.7702230609606,0.019297789788862173,0.02199181506075658,0.024032306955465602,0.03989829513976361
SLB,Eighth,576.0,2.7,4.349888227332695,6.1332738730521426,8.55700589971213,21.756702816028884,0.04361672338412172,0.048295132428819075,0.051733943715038595,0.0759982008763071
SLB,Ninth,687.0,4.96,5.483032890658681,7.642795233228626,10.573713399891629,25.54815133576578,0.0907764092700256,0.09688502232517547,0.1011744539668453,0.127156209352174
SLB,Tenth,1210.0,35.1,10.982133498831184,14.876076597032629,20.118960043851434,42.9778128312921,0.8252779962850727,0.8076733728265006,0.7946178942212171,0.6980879043461359
SLE,First,111.0,0.0521,0.43972494483507557,0.6617695258835266,1.140482339427489,4.873794499294286,0.00038805863333882945,0.00047590707462774574,0.0006970216447898062,0.002167822631002726
SLE,Second,168.0,0.195,0.733501482012636,1.0925809421519206,1.8380452662881206,7.262876251833373,0.0018714273167865436,0.002206845222918039,0.003000207866568285,0.007396712021155305
SLE,Third,194.0,0.31,0.8914916242304785,1.3192064886796122,2.1885999324914045,8.276361444550401,0.003422361205749566,0.003944500463363138,0.005135423880608402,0.011078221042150522
SLE,Fourth,232.0,0.556,1.113260976913341,1.6391294913803431,2.6895547676505296,9.820142476493661,0.006821328799205756,0.007719669541049064,0.00970891349174973,0.01882724636065862
SLE,Fifth,262.0,0.836,1.3064369498458706,1.9145350899113447,3.1104979291078156,11.008011798413019,0.011225996102590077,0.012497430883486637,0.015237028951610741,0.026849684948629517
SLE,Sixth,306.0,1.4,1.5830525708858727,2.3095838358899186,3.7166610018194333,12.761676967367451,0.02044207166955215,0.022397785801541604,0.0264975641615004,0.042555077412677694
SLE,Seventh,343.0,2.06,1.841455787627965,2.673678862847677,4.260129584607232,14.180328107189105,0.03280233019770971,0.03535252053755242,0.040539009852783116,0.05914093373907476
SLE,Eighth,410.0,3.77,2.2975588040450523,3.318317730924813,5.229041997251076,16.810902872717705,0.06563736053825463,0.0694450180689008,0.07689875065603179,0.10074207915230945
SLE,Ninth,468.0,6.02,2.7612230845068053,3.95985627282084,6.152193787071325,18.928997628955763,0.11693946751582683,0.12084215354479952,0.1279841782852336,0.14620277463434767
SLE,Tenth,750.0,30.6,4.957121832424707,6.993515835447427,10.51822548483803,29.365150833373956,0.7404495980209859,0.7251181688617611,0.6943019012091242,0.5850394480579937
SLV,First,218.0,0.0332,1.8640850640033497,2.20331820312609,3.0076516977998384,8.513566191600756,0.00024272291778387788,0.00028880786478614105,0.000411950256456582,0.0014047399419448606
SLV,Second,344.0,0.135,3.1845241681490704,3.7324727706347165,4.9858574858157265,13.010216758009147,0.0012790564870701017,0.001473070659098805,0.0019640572902856032,0.005249614228376145
SLV,Third,405.0,0.227,3.929155882462962,4.580239113227318,6.041565966459088,15.054682793491908,0.0024637915084602968,0.0027836982206995695,0.003567853093515561,0.0082824467221774
SLV,Fourth,494.0,0.423,4.963690501886611,5.76202925949608,7.524464141479454,18.06866654279867,0.005118954715656491,0.005695755189618197,0.007073473322481085,0.014672420248538293
SLV,Fifth,567.0,0.66,5.887975631669961,6.808178838667078,8.810602941351087,20.470424201963855,0.008744802729371753,0.00959716303411575,0.011585251951159576,0.02171935490035593
SLV,Sixth,673.0,1.14,7.207872348411078,8.303059816756004,10.651249802093878,23.96350496875359,0.01651081678104375,0.017879948835403926,0.02099839397754157,0.03569030926654897
SLV,Seventh,767.0,1.75,8.47659520496019,9.724959335763462,12.361979360180603,26.907703179152,0.027506408898058537,0.02937833342836098,0.03353310040825646,0.05149157672110537
SLV,Eighth,935.0,3.34,10.70339463167914,12.223972055257754,15.378785033173966,32.241476219753,0.05740189249842155,0.060365913784426406,0.0667384969888743,0.09146379069008044
SLV,Ninth,1090.0,5.63,13.06933019147532,14.83551109120498,18.41907688724112,36.836808944535676,0.10789692499561337,0.11124791027933446,0.11808587737360682,0.14000545588829694
SLV,Tenth,1840.0,32.5,24.312681822066335,27.1768525692633,32.65905878137485,58.49351298829884,0.7728346284685202,0.7612893987041558,0.7360415453378225,0.6300202913925756
SRB,First,394.0,0.111,5.666758279448563,6.3459044960334055,7.300283898850755,11.951664230683178,0.002483533434735467,0.002379481047279856,0.002309568162511222,0.002439317726604363
SRB,Second,574.0,0.369,8.24681102776428,9.263344090808111,10.674349723990588,17.390109661108994,0.00823046441357992,0.007958613475995949,0.0077743708645580285,0.008115282546678197
SRB,Third,648.0,0.545,9.309217214906957,10.473552052273472,12.079819404490733,19.626061886366347,0.012124014651098634,0.011785174286369162,0.011554367650827811,0.011980696100189309
SRB,Fourth,761.0,0.917,10.942758152582755,12.325873893993533,14.222554258509943,23.04198988277015,0.020333637075189807,0.019848131346356532,0.019516028849425267,0.020128577468184854
SRB,Fifth,847.0,1.3,12.18099284651699,13.734480556684238,15.85392227156216,25.62015633634037,0.028655282744407342,0.02807626848883855,0.02767861591121071,0.028411062238495547
SRB,Sixth,974.0,2.03,14.014685045302459,15.814744023690846,18.255478052993247,29.406227753099646,0.044896705561067625,0.04414978834026585,0.04363465668570123,0.044582120399625585
SRB,Seventh,1070.0,2.8,15.473111385908156,17.475100257185066,20.173728274053317,32.39484965060425,0.061655444955896074,0.06085847654164811,0.06030605201895442,0.06132035766877523
SRB,Eighth,1260.0,4.72,18.193249155184645,20.557762825477447,23.715264566326386,37.88244577372024,0.10363259024598669,0.10272509137190985,0.10209133645933365,0.10325201132348916
SRB,Ninth,1400.0,6.76,20.32388327033065,22.985660382331325,26.505364731461118,42.10991958821089,0.14786481721144729,0.14735802440529217,0.14699584878445754,0.1476539945244932
SRB,Tenth,2090.0,26.3,30.912713511437335,34.88215125613803,39.86947307244449,61.548273012838415,0.5701235097065912,0.574860950696044,0.5781391546130201,0.5721165800034645
STP,First,166.0,0.0941,1.1516086220229258,1.5564332296609782,2.339185064924742,6.757347362165214,0.0007479880410230219,0.0009084840798305601,0.0013063158071933705,0.0038330795348087586
STP,Second,244.0,0.312,1.8321981168380737,2.4494076376076253,3.595107464018866,9.625755645345418,0.003174977675752096,0.0037097058310146982,0.00495534470444316,0.011547324934006726
STP,Third,275.0,0.464,2.17026159206788,2.8820260956022197,4.173000832521331,10.707713665278252,0.005390829533040406,0.0061592313122564284,0.007885576871823065,0.016114810250963913
STP,Fourth,325.0,0.787,2.653950681145624,3.5061322188489603,5.022050334807901,12.455046168305643,0.010126215056196673,0.011364529810674342,0.014065376717726001,0.02588695112685925
STP,Fifth,362.0,1.12,3.058003278646716,4.0206131640959715,5.703258477009987,13.721633433872649,0.015800035200057867,0.01744951194079153,0.02094927908076715,0.03509665450270275
STP,Sixth,418.0,1.79,3.6398233039329786,4.763607121289899,6.693695547373228,15.636902324668847,0.027322620351249823,0.0297086671366002,0.034630791160563966,0.05296562079173729
STP,Seventh,462.0,2.51,4.158255869278358,5.415480360873932,7.535589650436765,17.078390382162418,0.04155857965912786,0.04446466839328603,0.05027250618457527,0.06996707064104543
STP,Eighth,545.0,4.34,5.083372562411009,6.584028990261497,9.060847094770882,19.848252041684553,0.07832036815729602,0.08229676852107112,0.08991798976165198,0.11260372157201518
STP,Ninth,611.0,6.45,5.956889316475177,7.659997966489839,10.394567720572278,21.815515541306514,0.12927160658616707,0.1327441521418043,0.13885631977522925,0.15202977597957731
STP,Tenth,939.0,28.0,10.093889747708635,12.757977449771133,16.755118413369633,32.01595903963275,0.6882867797400891,0.6711942808326709,0.6371604999360267,0.5199549906662835
SUR,First,123.0,0.000357,1.0608965302467555,1.4583853277032544,2.0237807745634186,4.520627092156605,5.8166792557020696e-6,6.467212499865425e-6,7.469518277468536e-6,9.582589402181439e-6
SUR,Second,260.0,0.00343,2.2711370881198274,3.119837178013466,4.301565077706569,9.459546630295458,5.8842305023038426e-5,6.428493068668253e-5,7.249239958265792e-5,8.921228729353186e-5
SUR,Third,361.0,0.00948,3.191857883663522,4.377053590638997,6.00946120936132,13.098433720055958,0.0001676729965931978,0.00018122342040521462,0.00020139142551297643,0.0002416292207185975
SUR,Fourth,502.0,0.0263,4.473610724580041,6.126938370265834,8.383909900769602,18.144115880765728,0.00047675770871126043,0.0005108588656134399,0.00056107997015599,0.0006596078795061017
SUR,Fifth,648.0,0.0583,5.819270040363937,7.9582028611166855,10.85601836644704,23.346393866601773,0.0010801198149885773,0.0011484181992094961,0.0012480417293737275,0.0014405359863785062
SUR,Sixth,860.0,0.142,7.787351532733329,10.634539794575527,14.463087341846462,30.911369413207336,0.002681785943502265,0.002829936542311278,0.0030440131892412697,0.0034515249144130484
SUR,Seventh,1100.0,0.307,10.035220480272924,13.68015945519879,18.544734410986884,39.38073103492893,0.005934482161016384,0.006213526700603051,0.006612767673688257,0.007360895355107284
SUR,Eighth,1520.0,0.86,14.034688653654747,19.093576040158784,25.78514521725205,54.33867781972823,0.017026864084916646,0.017671661917858905,0.018583718581288374,0.02026207716598325
SUR,Ninth,2090.0,2.36,19.507867193479,26.45687734532164,35.54349195203585,74.14184466036824,0.048084030592474875,0.04934674104097831,0.051105163954649466,0.05426171847790066
SUR,Tenth,5040.0,42.1,49.536396418721445,66.38362977830832,87.45374639222379,175.05623837067077,0.924483627713518,0.9220268811698338,0.9185638615582298,0.9122232161232968
SVK,First,473.0,0.023,10.969254717739194,10.812403571848618,10.723453984883424,9.655098801655432,0.0013302996556092987,0.0006703806464183584,0.0003253584655646029,2.907798970061137e-5
SVK,Second,800.0,0.0954,16.602835161412248,17.090975801155242,17.71080852994522,18.287512065447103,0.0050274960505197535,0.0029077818358241017,0.0016225576137878053,0.00022414988959107557
SVK,Third,990.0,0.162,19.176282491760826,20.237943992577367,21.512743548243346,24.088303290887243,0.007983235773228944,0.00499942799735626,0.0030260066517433927,0.0005414752495286657
SVK,Fourth,1260.0,0.307,22.952599632766145,24.710491905440836,26.807137054555778,32.027270540901206,0.014215197816493668,0.00948546760591773,0.0061266029639227,0.0013485550106609964
SVK,Fifth,1500.0,0.487,25.97274440684193,28.465614160084854,31.450031724669067,39.82712047594846,0.0211398663335593,0.014933996251127988,0.01022573430799657,0.0027116912515516996
SVK,Sixth,1850.0,0.86,30.360022375932438,33.855045193066864,38.07265235378697,51.01337391642705,0.03489376503743484,0.026051139821501434,0.018876722884643243,0.0059969015142141155
SVK,Seventh,2200.0,1.35,34.07988863097573,38.68933929300035,44.313404958016605,62.948136541047745,0.050576077491053154,0.03998408294601642,0.03072219154000544,0.011769625960717126
SVK,Eighth,2820.0,2.67,40.82104379798431,47.280877639387036,55.276451573001054,83.83410295445,0.09030465399711671,0.07611910235369858,0.06245737989374361,0.029514645242351437
SVK,Ninth,3520.0,4.8,46.701817899327,55.48846083088605,66.58869586331757,109.78973474121061,0.13914671485155053,0.12726792729126782,0.11354664278411004,0.07015202093200992
SVK,Tenth,7040.0,35.1,74.91910168236817,94.23610588625904,120.01410251232026,241.1117529953414,0.6353826929934338,0.6975806932508714,0.7530708028944825,0.8777118569596744
SVN,First,1160.0,0.268,17.621751371968465,19.726765604892883,22.32514331736676,33.68521554808571,0.005802979232261312,0.005668934035348349,0.005636593350240635,0.006047062410757365
SVN,Second,1580.0,0.733,24.134904746412516,27.07037087652563,30.652178794269645,46.01210653960104,0.015898810244314845,0.015616571149221204,0.015548210815564999,0.016408308739722856
SVN,Third,1730.0,0.968,26.33668486817259,29.56995549989355,33.49127469446234,50.12924381036152,0.02103335299372587,0.02072332297932552,0.020648058917227714,0.021590181589141156
SVN,Fourth,1980.0,1.49,30.130144090316392,33.85783878018287,38.35652647575113,57.27995504092342,0.03238052367301184,0.031981126793388756,0.03188397952990963,0.03309475632830123
SVN,Fifth,2150.0,1.94,32.73756635689918,36.814881314737804,41.71448113052103,62.16649911559954,0.0422548234024469,0.041825090806757316,0.04172036484463632,0.043020022382656675
SVN,Sixth,2410.0,2.82,36.79245500425771,41.40504010263279,46.92471949387109,69.79203252577501,0.061451317089747194,0.060955478620964315,0.060834381953989505,0.06233002193820977
SVN,Seventh,2600.0,3.59,39.65152182093727,44.655008415861275,50.61749315364227,75.12925640853229,0.07812518608979178,0.07766510175832264,0.07755242242524464,0.07893536314609276
SVN,Eighth,2970.0,5.53,45.380439066548014,51.149755942621155,57.992469963534504,85.87734365231884,0.12045693450582191,0.12004199916290581,0.1199398322400848,0.1211787992675912
SVN,Ninth,3210.0,7.06,48.99183211743481,55.276230022186965,62.68720427205094,92.55784106769998,0.15400823412334905,0.15395740024951077,0.15394377655166733,0.1540787704968675
SVN,Tenth,4530.0,21.4,69.29060088899612,78.35426303987427,88.91282335962134,130.46245377033605,0.46858783864552916,0.47156497444425544,0.4722923793714343,0.46331671370065963
SWE,First,1260.0,0.179,20.53789512652375,22.684996572799022,24.981712647311717,34.88712717144929,0.0038712105531734137,0.003777781976054314,0.00375525773189467,0.004041619909189194
SWE,Second,1770.0,0.537,28.90181951704365,31.9778814107011,35.23028818472831,48.948064535011156,0.011636335990620087,0.011417843491645036,0.01136496490363319,0.012031467241046187
SWE,Third,1970.0,0.747,32.039716219047115,35.483879823324,39.10212057909965,54.17061098239086,0.01621868262149249,0.015963439064962053,0.01590152767035938,0.0166779750553252
SWE,Fourth,2280.0,1.2,37.10723384623816,41.127717866428135,45.33004259188982,62.65401406709394,0.02602779858047827,0.025681386917279003,0.0255972035951014,0.026648524935539136
SWE,Fifth,2500.0,1.62,40.7730347467693,45.22183962775706,49.85094299516591,68.76026916652204,0.035255970259227276,0.03486379257427648,0.034768314229263214,0.03595584902533424
SWE,Sixth,2840.0,2.44,46.31707116350262,51.405120982151395,56.67651767881259,78.0183601372702,0.05315983263972666,0.05268130229044709,0.052564570455036236,0.05401005962353595
SWE,Seventh,3090.0,3.22,50.48390413345922,56.06839989738393,61.828507377431606,84.93390678361045,0.07016047170068941,0.06968337942820343,0.0695667097516842,0.07100348083308564
SWE,Eighth,3580.0,5.18,58.50260025264738,65.0244076668388,71.71831658691808,98.29101746452827,0.11280135386861025,0.11231287133419546,0.11219293272465247,0.1136566269917449
SWE,Ninth,3930.0,6.97,64.19168433797508,71.4177921168612,78.7888969451211,107.66298469285515,0.1521017963362388,0.1519220314562811,0.1518769957833615,0.15240204465144655
SWE,Tenth,5740.0,23.7,93.95195607516354,104.75020975921645,115.62255480167521,156.99205784539578,0.5187665474497434,0.521696171466656,0.5224115231550137,0.513572351733753
SWZ,First,95.9,0.000373,0.7877017406095389,0.9852695829579238,1.3792665557834352,3.6718372964966073,6.079841839013541e-6,6.757847701711209e-6,7.802154095896842e-6,1.0002673337495698e-5
SWZ,Second,201.0,0.00356,1.6799764556774217,2.1001410975203196,2.921840829175133,7.662163791243503,6.105591604401558e-5,6.668588530322491e-5,7.517343838023498e-5,9.245621711707865e-5
SWZ,Third,279.0,0.00978,2.3565394001836357,2.9410069735890283,4.074814460382349,10.593627751835871,0.00017320228453587274,0.00018715487968265927,0.00020791606199663856,0.0002493204378177356
SWZ,Fourth,387.0,0.027,3.2977760886060823,4.110699345368111,5.677020918114131,14.657780500054798,0.0004907095558859125,0.0005256927512123895,0.0005772005573628317,0.0006782147153574142
SWZ,Fifth,498.0,0.0598,4.284208173448384,5.3327215244089015,7.34250569346911,18.842980802958927,0.0011081298040575094,0.0011779592449373331,0.0012797935224636151,0.0014764905990984755
SWZ,Sixth,661.0,0.145,5.726006303223934,7.117750377227231,9.77185325473768,24.93059366618377,0.002742686749043126,0.002893658957507773,0.0031117680397766165,0.003526821030590414
SWZ,Seventh,843.0,0.313,7.369911283252115,9.145848155738271,12.517228228812293,31.743055029808072,0.006049473011284056,0.006332843640357687,0.0067381977022970265,0.007497552519552715
SWZ,Eighth,1170.0,0.873,10.293347595895291,12.750026414003752,17.389203138611716,43.801196062345475,0.017293331951844515,0.01794550256163986,0.018867827156745606,0.02056460944448273
SWZ,Ninth,1600.0,2.38,14.284850334300701,17.644241628755942,23.95222117386817,59.815426373258454,0.048607874891513046,0.049878036655716475,0.05164654856777965,0.0548203738050337
SWZ,Tenth,3910.0,42.0,36.16306562362888,44.28939401742962,59.32934875353493,144.8434076302525,0.923467455993953,0.9209857075759409,0.9174877727991019,0.9110841585576122
SYR,First,204.0,0.0405,1.162313558592154,1.752685209696351,2.63468992941779,8.474958359037998,0.0003241847869782288,0.0003501079400462319,0.000448628920762949,0.0017033715468786292
SYR,Second,314.0,0.157,1.939324118645368,2.9150229025212058,4.316793124688893,12.722320688269637,0.0016178116224862898,0.0017218575494884732,0.002104167571313175,0.006115663747610721
SYR,Third,366.0,0.257,2.3637592633168087,3.5449891186146063,5.203746983218965,14.591140276813102,0.0030183653292586363,0.00318515404554931,0.0037860084246986976,0.009429895035273573
SYR,Fourth,441.0,0.471,2.955896522156208,4.425389869295259,6.450404843033046,17.376539083638125,0.0061130901987022715,0.0064069851763715775,0.007448865603310924,0.01640204362879078
SYR,Fifth,502.0,0.723,3.476084240140979,5.195414437419313,7.52457791639276,19.55774802274545,0.010206119533767228,0.010631326741096282,0.012116611907031298,0.02388358696459462
SYR,Sixth,591.0,1.23,4.219027330736456,6.295376478205738,9.060427849091656,22.740356436624023,0.018845775825187067,0.01951444097040838,0.021815805777934794,0.03862605630190404
SYR,Seventh,668.0,1.86,4.920056131549583,7.327811614988066,10.477282769702429,25.36803477582623,0.030680700061261754,0.031573988493050174,0.03459906538650368,0.05481473322540351
SYR,Eighth,806.0,3.49,6.15270419697468,9.143325159085977,12.973002594009703,30.152035666282146,0.0623932491249955,0.06376783118323907,0.06833018586978185,0.0955838387266486
SYR,Ninth,930.0,5.77,7.426019322626884,11.002004028344297,15.457705734711885,34.13408445106983,0.11347695506933639,0.11495965410095081,0.1197173919798995,0.14291044331874692
SYR,Tenth,1520.0,31.8,13.438160671309321,19.70947540498057,26.946741394538403,52.83733617843863,0.7533237484480266,0.7478886537997996,0.7296332685587632,0.6105303675041486
TCD,First,57.7,0.00485,0.24135636943905284,0.3634966446411001,0.5901827349030615,2.46105205607878,4.717488833807705e-5,5.951923444639698e-5,7.160800901552536e-5,0.00017096881660539376
TCD,Second,103.0,0.029,0.4623591342505978,0.6900584773600433,1.109818703386153,4.371923428889266,0.00033427343856524906,0.00040482707231949205,0.00047133449912489263,0.0009614270560700386
TCD,Third,130.0,0.0604,0.6073243066121798,0.9005790626218834,1.4398515243500047,5.49340424511776,0.0007676383691822767,0.0009071574809847901,0.0010357060825153502,0.0019242130260603868
TCD,Fourth,168.0,0.134,0.8070368862241624,1.1908730201538469,1.8952264448961413,7.048816016525827,0.0018358209203384241,0.0021273200200069863,0.0023909772657949575,0.004122151721014194
TCD,Fifth,202.0,0.244,1.000440012975456,1.4693304163760332,2.3285093614717853,8.46754751795301,0.0035591823162188594,0.00405213741246046,0.004490547931961822,0.0072384532557134215
TCD,Sixth,252.0,0.49,1.2782649232177052,1.8690051600385174,2.949907866241978,10.49675398611497,0.007597307847208449,0.00850267150933982,0.009294529861524537,0.014036352783604336
TCD,Seventh,301.0,0.873,1.5696054131228174,2.2837549679973708,3.5890555622378724,12.490305271432874,0.014373232405091472,0.01580300924873035,0.01703145278041086,0.02403970129946362
TCD,Eighth,387.0,1.97,2.080572941123551,3.0109246919872987,4.709218529529097,15.986451796160202,0.0345901879276276,0.03728148464840544,0.03954565025279167,0.05174625145532246
TCD,Ninth,482.0,4.1,2.69839804063478,3.8763678807709607,6.024641345220908,19.820023245300618,0.07800041092560157,0.08195722214684324,0.0851858304897579,0.10118951284796962
TCD,Tenth,943.0,37.9,5.784764827950574,8.158880769058351,12.478741392108644,38.12377511381639,0.8588947709618281,0.8489046512264632,0.8404823628271025,0.7945709677381765
TGO,First,66.4,0.00175,0.2947540194378799,0.42656656582574204,0.6802824815322168,2.8012001361259387,2.510482222862321e-5,2.8838624269051265e-5,3.3481824567824393e-5,5.132535967215066e-5
TGO,Second,128.0,0.0127,0.5864114981238432,0.8465432361984989,1.3406723223875319,5.369592835442582,0.00019848647485560647,0.0002226224223888552,0.0002518715447859852,0.0003583350275447624
TGO,Third,168.0,0.0299,0.7873280629403883,1.1333375195313438,1.786731036976137,7.045453325217746,0.00048686037561559547,0.0005382482880226034,0.0005995621650116024,0.0008156237302520213
TGO,Fourth,223.0,0.0726,1.0645423094767434,1.5291856300085989,2.402247203188647,9.35553021487722,0.0012274719464530415,0.0013414430466872549,0.0014757307376462151,0.0019367616983637897
TGO,Fifth,277.0,0.143,1.3401781979110028,1.9208058896771458,3.0074713625186154,11.584810387107261,0.0024955613602205716,0.0026990651074091706,0.002936120422241699,0.003730940791726807
TGO,Sixth,354.0,0.31,1.7379380904041541,2.4855505053516542,3.879166703761148,14.784502873202461,0.005578239470701927,0.005972573537759698,0.006426778296512766,0.007914682176885518
TGO,Seventh,435.0,0.596,2.1668876747468233,3.0910709891240633,4.807398085207415,18.123567156157872,0.011069952945862774,0.011729199125625192,0.012479518690464911,0.014877680248996711
TGO,Eighth,577.0,1.46,2.921377355631423,4.155154115238311,6.436042296348155,23.964805830100453,0.02810726516485949,0.029433865409413885,0.03092280308968005,0.035546923521893065
TGO,Ninth,747.0,3.38,3.871416480611152,5.482410683360136,8.444866061190961,30.953378335585874,0.06787753321866233,0.0700226926367654,0.0723833556187805,0.07942236390260096
TGO,Tenth,1580.0,39.8,8.728755859840277,12.178285449619361,18.404669923396273,64.67918178896552,0.8829335242205401,0.878011451801659,0.8724907776103084,0.8553453635420641
THA,First,904.0,0.311,4.669446339936146,7.390871887024473,11.994574392122043,38.29000188306584,0.00068164523623409,0.0012324826562286292,0.0026345062891944483,0.015703306498884257
THA,Second,1210.0,0.733,7.492748293920548,11.42282640490256,17.58689345395787,48.72631684530846,0.002946955298641138,0.004731341904710157,0.00862012589661651,0.033584062125724165
THA,Third,1300.0,0.91,8.912858268213228,13.295249299900822,19.870647405489475,50.9598733277566,0.005057148245955263,0.007580876294589982,0.012606251989242822,0.03871803272156249
THA,Fourth,1470.0,1.35,10.938555210346966,16.038148766099596,23.405873932457347,56.37765676502524,0.009580411891199042,0.013596013447653687,0.021020523521194743,0.05342341142040807
THA,Fifth,1590.0,1.72,12.641812064842103,18.249378034218605,26.07192706282757,59.41308998051259,0.015062893478640493,0.02034990606369107,0.02946984875891042,0.06318905466273117
THA,Sixth,1780.0,2.47,15.092185153534416,21.46108487705556,30.02949486486672,64.80278355296541,0.026241233513526623,0.0338004880236166,0.0459412229344443,0.08355249363640056
THA,Seventh,1910.0,3.14,17.29158678927855,24.206150214732045,33.15379525083024,67.70258554054833,0.04022066107940009,0.04930966193277687,0.06276202716384162,0.09625775739411797
THA,Eighth,2170.0,4.9,21.208952466009404,29.17067487820435,38.99257225080745,74.76059062412816,0.07645199402350085,0.08868397432479445,0.10487923529922484,0.1329303896707514
THA,Ninth,2330.0,6.53,24.949962821446885,33.550412475775225,43.499817657834434,77.21359666407305,0.12757463358838336,0.13791651315916253,0.14853768194370992,0.14776784412920912
THA,Tenth,3290.0,23.8,42.643813256300334,54.40628137832198,65.73570827258185,98.62236321567495,0.6961824236445192,0.6427987421927761,0.5635285762036204,0.33487364774021083
TJK,First,190.0,0.0884,1.703557451378033,2.21094646420505,2.935338171257173,7.1176804182161275,0.0020212562249873577,0.0019203063312675415,0.001848495489534945,0.0019196703670295136
TJK,Second,281.0,0.309,2.514201812547638,3.2749401607344844,4.358011566586352,10.531037821907974,0.007000050610317473,0.006722939874006643,0.006523759659321229,0.0067211836147464754
TJK,Third,320.0,0.47,2.8606534923902864,3.7334472457354573,4.974386004764044,11.997019291206588,0.010573520566567239,0.010217999667286816,0.009960904216399896,0.010215738416049077
TJK,Fourth,379.0,0.807,3.383996087123986,4.422895591780992,5.897555758690487,14.193893582643046,0.018091586732004946,0.017569797176311006,0.017190561632579916,0.017566468942274784
TJK,Fifth,425.0,1.16,3.7883085192918364,4.9575406159440565,6.614828598014813,15.890251735420048,0.025957926062689235,0.025321286793691476,0.024856370761281405,0.025317214882493923
TJK,Sixth,491.0,1.86,4.382604186824423,5.741313522431326,7.663190364019729,18.36327266718996,0.041384831296633826,0.040543657765382615,0.03992631225647874,0.04053826231945562
TJK,Seventh,545.0,2.61,4.866158559355558,6.381652768479015,8.521116746503271,20.36963992708333,0.05786658362629323,0.05694319144314706,0.056261537694347885,0.056937248173880836
TJK,Eighth,644.0,4.5,5.7580332720228045,7.557397037842022,10.088024530903995,24.01386620717351,0.09924684868268699,0.09815075026550309,0.09733479871208037,0.09814366107186842
TJK,Ninth,724.0,6.63,6.484204060475409,8.520710391002272,11.373938201544352,26.95445635028282,0.1452899559796785,0.14459885440815343,0.14407263860981073,0.14459432359772326
TJK,Tenth,1100.0,27.4,10.036204847416442,13.167488350637601,17.445535521348788,40.317713485743646,0.5925674402181412,0.5980112162752504,0.6020246209681649,0.598046228614478
TKM,First,390.0,0.00769,4.699653512035089,6.763258301378596,8.549453095025875,11.555796380113826,0.00023536436752042477,0.00020281359200448123,0.00017412502704662453,0.00010967931273387115
TKM,Second,684.0,0.0431,7.97578093911011,11.597492969651704,14.80343748145975,20.56390717505017,0.001247430283770638,0.0011050846856306073,0.0009758838364937689,0.0006687816240554726
TKM,Third,857.0,0.0861,9.823427811120949,14.36491245993559,18.43604980072042,26.020072485434127,0.002411005405440511,0.002170966202905597,0.0019492685249275262,0.0014042126111748574
TKM,Fourth,1100.0,0.184,12.384790001895107,18.19296414825503,23.44965492927204,33.514070852716806,0.005022836127754894,0.00458207256744173,0.004169192633855693,0.0031257554126414857
TKM,Fifth,1320.0,0.324,14.673654275347936,21.640151679423223,27.997760025883647,40.462413090544295,0.008601472838403032,0.007939135608313063,0.007310597108411965,0.005681353000408227
TKM,Sixth,1630.0,0.629,17.93773294364017,26.55315232001842,34.47413860813406,50.349057477165644,0.016278499251061354,0.015196638320537187,0.01415660990803077,0.011391525181026598
TKM,Seventh,1940.0,1.08,21.077121027230145,31.31673348232478,40.800582841044786,60.229999295840265,0.027185647859256153,0.025679352489981884,0.024210855763514366,0.02019786585313986
TKM,Eighth,2470.0,2.33,26.578288829079792,39.64553255243051,51.828909908528985,77.36558223452742,0.056887872197534745,0.054449190030193405,0.052030833563360836,0.04519825477459367
TKM,Ninth,3060.0,4.58,32.430185277780886,48.60383668166151,63.80177724290787,96.54291398255234,0.10730450428507878,0.10444748316132181,0.10153714312810296,0.09287789798343707
TKM,Tenth,5780.0,36.6,60.13168860532198,90.65172290914245,119.06125746173737,182.43231063497018,0.7748253673841795,0.7842272633416703,0.7934854905062554,0.8193446742467889
TLS,First,191.0,0.0822,0.8305213206513518,1.3485822874034041,2.2093303529065826,8.213171559406598,0.0006435693081465578,0.0007834197216694367,0.0011313243858268372,0.0033651345893618767
TLS,Second,280.0,0.28,1.3314126436698583,2.137994249968894,3.4202469414147196,11.778435372823276,0.0028139786939300605,0.003294981509934208,0.00441952248270084,0.010435981746108833
TLS,Third,316.0,0.423,1.5847564580942697,2.527629794462167,3.9886228354677575,13.158773442932654,0.004860722954343624,0.005564932011845714,0.007152757945330302,0.014804718025811918
TLS,Fourth,373.0,0.727,1.9450866142466556,3.0859207090944687,4.816449569541312,15.346688668502319,0.009256647244529907,0.010408988620456605,0.012931460488378715,0.024095278325449665
TLS,Fifth,415.0,1.05,2.2489769242736912,3.550636710056375,5.487337401002109,16.951006036873924,0.014622508993218644,0.016179434819183776,0.019495155437490204,0.033053214834501805
TLS,Sixth,479.0,1.69,2.685587818573044,4.219873562703257,6.458748695244924,19.351433040602714,0.02559050897305064,0.027875487683730524,0.03260761378722813,0.05045218896850368
TLS,Seventh,529.0,2.4,3.0789418832032944,4.813647326716972,7.294048552618423,21.1824753131652,0.03940906257736776,0.042237498766078886,0.04791461478409642,0.06743603450062004
TLS,Eighth,623.0,4.21,3.778309396508651,5.873203116082173,8.797282116431065,24.64309683066094,0.07530679861364221,0.07925929580693374,0.08687539899136955,0.10996947531133207
TLS,Ninth,697.0,6.36,4.450374870825059,6.86635268855368,10.136012995553365,27.158815966329957,0.1265140062918652,0.13010868899356734,0.13650378387645767,0.1509810141988058
TLS,Tenth,1060.0,28.6,7.624843850659437,11.54224097399527,16.427743842262352,39.61158973781407,0.7009821963499054,0.6842872720665998,0.6509683678211213,0.5354069594995043
TON,First,179.0,0.0744,1.2598681111448335,1.698970160659542,2.43224265744528,7.034856492873068,0.0005760669898291025,0.000702402422369227,0.0010175088757393333,0.0030567729280958694
TON,Second,264.0,0.259,2.029118515357316,2.7053849680247306,3.781724928277398,10.131785720712378,0.002574062016209624,0.003018784138428058,0.004061226536686227,0.009682698487490647
TON,Third,301.0,0.396,2.4231107814619186,3.208549242208576,4.423834296633263,11.352413645538395,0.004502660116478111,0.005162678344284493,0.0066547309141568286,0.01390196728049997
TON,Fourth,357.0,0.686,2.9811326501987154,3.9260062385274925,5.353220611510246,13.262305815658712,0.008661456034109196,0.009753588091742562,0.012150511042220617,0.02284350760152397
TON,Fifth,399.0,1.0,3.4548836840094426,4.527197467653687,6.111533885557199,14.6736806254557,0.01380656121101092,0.01529748216553912,0.018481116389549395,0.031606437019475096
TON,Sixth,462.0,1.63,4.134421343227748,5.391095515894914,7.205997613168502,16.769353188717503,0.02437522063271591,0.02658642511362941,0.031178569090562474,0.04864706297278586
TON,Seventh,514.0,2.33,4.751341973660353,6.163438374986237,8.154317444835009,18.38207826571518,0.03787985140396373,0.040649193795547024,0.04622471134952101,0.06558601122714415
TON,Eighth,608.0,4.11,5.84528129516391,7.5367345815894655,9.851824542394214,21.39302720757747,0.07312435810105775,0.0770530583211166,0.08465162379650176,0.10798906426339977
TON,Ninth,685.0,6.29,6.909358916029011,8.83935642725741,11.381320470338732,23.613954292912823,0.12444975594117937,0.12812508430210573,0.13471018519823688,0.15009156907115817
TON,Tenth,1050.0,29.1,11.923196266904368,14.930987311603753,18.46454704672402,34.19642670943501,0.7100500075534464,0.6936513033052378,0.6608698168068255,0.5465949091484265
TUN,First,284.0,0.0366,2.6500611295065943,3.4087433744718147,4.690230107774057,10.457922217428367,0.00026269389618167367,0.00032376693113871525,0.00047893501316897627,0.001541352812865238
TUN,Second,445.0,0.147,4.479366434511274,5.697329090647682,7.653710276981272,15.809203544407275,0.0013639566495487012,0.0016161212806702753,0.0022181670322204442,0.0056505089167050125
TUN,Third,523.0,0.243,5.500684565390399,6.948195690863478,9.204933648066605,18.203063497096522,0.0026045850736345737,0.0030156427930080384,0.003961908103216667,0.008817252504347067
TUN,Fourth,636.0,0.451,6.919900643821684,8.693561128550991,11.389476652491636,21.748828419880972,0.005373987752690078,0.0061082747091337035,0.007749317204805166,0.015483119422815833
TUN,Fifth,729.0,0.697,8.181283636310537,10.22705814951823,13.26474019298206,24.550330595411914,0.00912327736493487,0.010199128127885308,0.012538999620383776,0.022739127006142498
TUN,Sixth,864.0,1.2,9.981440933716804,12.417080456866186,15.948153378434538,28.630033141221944,0.017121331275605955,0.0188347427461388,0.022461122953192986,0.03708116502940723
TUN,Seventh,983.0,1.82,11.702298712274045,14.483293203541109,18.41361893961469,32.03484412973173,0.028344962360541816,0.03066590433645443,0.035434248096540624,0.05307586870215152
TUN,Eighth,1200.0,3.44,14.722148705894359,18.11458250698471,22.76367638414235,38.21687848165224,0.05873712510432327,0.06237037198380954,0.06956544396114565,0.09344508192136605
TUN,Ninth,1390.0,5.73,17.90472759140651,21.862653630506763,27.069117773650603,43.457610378083515,0.10942014255995318,0.11345208306358417,0.12096276822370816,0.14143160632373394
TUN,Tenth,2330.0,32.1,32.979393830609176,39.473135975550754,47.073310124103294,68.13450069378521,0.7676479379625859,0.7534139640281771,0.7246290897916176,0.6207349173604656
TUR,First,383.0,0.00905,5.432982114042165,6.414183479256638,7.513190255604313,11.428259714173972,0.00027602475981902057,0.00023823205815701412,0.00020486885112504572,0.0001296861738818106
TUR,Second,662.0,0.0492,9.098439775570514,10.846460326147325,12.824328298446986,20.038253020987227,0.0014199146813993772,0.0012597782285069519,0.001114198316060676,0.000767106173638163
TUR,Third,824.0,0.0966,11.130064998194104,13.340405902739617,15.857319503480511,25.168655775733757,0.002696690109635536,0.0024316373725723887,0.002186461179090643,0.0015818995170374308
TUR,Fourth,1050.0,0.204,13.952207907072228,16.796109222641434,20.049717239411446,32.22118643365462,0.005539812617699614,0.0050604381410271175,0.004610714151105582,0.003470876810505328
TUR,Fifth,1250.0,0.354,16.45120029713919,19.8803220065907,23.82019475605766,38.707705765769845,0.009367989662343198,0.008657590005727607,0.007982438061592004,0.00622736380947767
TUR,Sixth,1540.0,0.679,20.01503328828628,24.276107836382703,29.190212776792293,47.93904519885606,0.017513866272352206,0.01636953139776908,0.015267798214512046,0.012330278289875391
TUR,Seventh,1820.0,1.15,23.409016135577897,28.498233274803408,34.390162777080874,57.09549649986769,0.02888083384495642,0.027311446628602427,0.025779080957506716,0.021579259463528955
TUR,Eighth,2320.0,2.45,29.362945459070595,35.89109769014043,43.47446254490551,73.02368840102223,0.05958402568812492,0.05708968359042641,0.05461193873273067,0.047589242708802375
TUR,Ninth,2860.0,4.72,35.60424607830402,43.73753793788211,53.22564562299335,90.71427482733301,0.11037463996250772,0.10753749966029762,0.10464055919115145,0.09598394262811663
TUR,Tenth,5390.0,36.1,65.11243352016224,80.70632745338438,98.80205988285802,172.38359418121337,0.764346202401162,0.7740441629169134,0.7836019423451251,0.8103403444251362
TWN,First,842.0,0.0541,10.343125903245419,12.42849629922531,15.420820209606505,27.462227501479653,0.0004039875375292015,0.0004951526895617838,0.0007244061305753282,0.0022451622054582283
TWN,Second,1290.0,0.201,16.987824186637713,20.179581007506705,24.451918074663148,40.392592649795084,0.0019333096128234483,0.0022785578814946725,0.00309443740310784,0.007603469250923796
TWN,Third,1500.0,0.318,20.529455616552887,24.218158721352037,28.945504185186564,45.81712852651677,0.0035196735641844406,0.004054537931045604,0.005273407829898158,0.011339412302066346
TWN,Fourth,1810.0,0.569,25.493108196421222,29.909370237218333,35.35660914873356,54.077935765619436,0.006990138439490738,0.007906770958370153,0.009934734800997274,0.01920569835401376
TWN,Fifth,2050.0,0.851,29.797418507177852,34.78457101476545,40.71484165409145,60.39272070359891,0.011466729678796351,0.012759363110653373,0.015542164557535997,0.02730584843453666
TWN,Sixth,2420.0,1.42,35.95088831410623,41.76381974296544,48.41318395276585,69.69349771105263,0.020815189467869116,0.02279626897336598,0.02694541973644411,0.04315014270589342
TWN,Seventh,2730.0,2.09,41.67401736801913,48.164141700034065,55.27525067730421,77.15881786213042,0.033292927121277155,0.03586583620905997,0.041093411502118087,0.059784387787846484
TWN,Eighth,3290.0,3.8,51.76233639452367,59.473387798327835,67.47474154866299,90.95293517367524,0.06637750076177464,0.07019976117455881,0.07767350180855058,0.10148933686456285
TWN,Ninth,3790.0,6.05,61.95559409491154,70.64552118107365,78.99051580412728,101.91194231144858,0.11771164220040138,0.12159524312206572,0.12868878141768694,0.14664566143182936
TWN,Tenth,6180.0,30.5,110.00331521368108,123.0023959449306,132.6481584234788,154.832565809741,0.7374889016158535,0.7220485079498239,0.6910297348130857,0.5812308806628691
TZA,First,123.0,0.0269,0.5370237157564194,0.8022951308846454,1.2964646449790886,5.391953200033748,0.0002040325977679539,0.00022448922181459832,0.0002950595961890225,0.0011447902761490343
TZA,Second,194.0,0.113,0.9266513062555136,1.3796387143573374,2.1936745506379656,8.352265894054769,0.0011104922637318036,0.0012003305514185205,0.0014988956931852753,0.004461375533330652
TZA,Third,229.0,0.194,1.1501331908083139,1.7079442289120155,2.6899675353548522,9.740432994641477,0.0021801623269751126,0.002332035548554429,0.0028258049909673276,0.007210498994704036
TZA,Fourth,279.0,0.369,1.459781089971403,2.163628933172326,3.3820268228126857,11.764631383432715,0.004599074443406588,0.004878508368402158,0.005770982088999112,0.01302144616534901
TZA,Fifth,321.0,0.584,1.7389507489286244,2.5725140759356164,3.9938504913152846,13.404630585211619,0.007964844797371683,0.008385524908297267,0.009707393887924302,0.01961132532678119
TZA,Sixth,381.0,1.03,2.137453544683458,3.1563562016163615,4.868002123100314,15.78152977010537,0.01523889447123145,0.015927290922629705,0.018055516479640186,0.032770356379384864
TZA,Seventh,435.0,1.61,2.524384544389391,3.7201401774424636,5.69813403725661,17.82503220918381,0.02573858420770649,0.02669894768591378,0.029616164141593855,0.048105765533078736
TZA,Eighth,531.0,3.13,3.2026112278114978,4.708890029098282,7.156660356637581,21.508627736442904,0.05454587428705608,0.0561044274723728,0.0607382282943289,0.08712466091213908
TZA,Ninth,621.0,5.43,3.9343659139157063,5.766316473437401,8.676470438779182,24.78943938821179,0.10456222545123486,0.10639505020539895,0.11166106896841846,0.1367009604507064
TZA,Tenth,1050.0,33.4,7.421649646782155,10.783019182671229,15.8274728272433,40.31820374395981,0.783855815153518,0.7778533951151978,0.7598308858587536,0.649848820428377
UGA,First,83.9,0.00606,0.3429998235633993,0.5217032413838597,0.8513709646969668,3.600503436581896,5.054613759679736e-5,6.595609782271628e-5,8.04364026585285e-5,0.00022367918428441296
UGA,Second,145.0,0.0344,0.6433654476658157,0.966110222856585,1.5598086594244502,6.1928576697677755,0.0003538456216178527,0.0004405220591379602,0.0005185807312040137,0.001196804529792088
UGA,Third,181.0,0.0698,0.8382080461617631,1.2484579568482772,2.002602369754249,7.667456918100674,0.0008067039776297308,0.000976475953551558,0.0011255286012019795,0.0023261060494579643
UGA,Fourth,230.0,0.152,1.1058110928389997,1.6365698317248485,2.611724803819477,9.71395249968325,0.0019180549981966766,0.0022700344792162736,0.0025727544626471034,0.004867645125639922
UGA,Fifth,275.0,0.271,1.3635547366537397,2.0061705153632707,3.186666384967717,11.550464042938364,0.003699197581554946,0.0042902630376052305,0.004789131397645948,0.008369234814477019
UGA,Sixth,339.0,0.536,1.7328829808460082,2.535185062731403,4.00890114005633,14.17245027970216,0.007856187150814915,0.008934237702817125,0.009827335370519127,0.015900739170397915
UGA,Seventh,401.0,0.938,2.118231531787721,3.080360493537795,4.848062098957356,16.704435717925787,0.014784976424068442,0.01647493865165886,0.017847371179130614,0.02666206332771805
UGA,Eighth,510.0,2.08,2.792680153953964,4.034071999232469,6.315532941601674,21.143467329580915,0.03537170395369818,0.03852520709431483,0.041026555311548286,0.05604488079811976
UGA,Ninth,629.0,4.24,3.602873593901912,5.158662295447966,8.020705567475247,25.889863054867185,0.07916322966008742,0.08374169089752057,0.08725051696852248,0.10632560509500553
UGA,Tenth,1200.0,37.5,7.626929772907445,10.683678893051495,16.323383400629837,48.3519470763818,0.8559955544947351,0.8442806740263548,0.834961789574922,0.7780832419051072
UKR,First,691.0,0.283,7.73045994512577,9.82742606253625,12.24051089098729,23.17776069483058,0.006120523923756529,0.005980004673019899,0.005946098454743498,0.006376337165860273
UKR,Second,939.0,0.763,10.54126765898719,13.419519476053685,16.70921001727411,31.42251296081091,0.016560563644796824,0.016268891500294487,0.0161982387997924,0.017086961069081592
UKR,Third,1020.0,1.0,11.47607875054677,14.621220088916736,18.203811754315762,34.1111004706553,0.021755884133138864,0.02143817170978709,0.02136103423313333,0.02232636182054379
UKR,Fourth,1160.0,1.53,13.102838217363223,16.70091530790433,20.78331872988822,38.80079041240253,0.033306540082850264,0.03290016857767779,0.03280131248115449,0.0340330397048554
UKR,Fifth,1260.0,1.99,14.212004260373726,18.122050368183615,22.54392313623312,41.95611673062209,0.043246117108821265,0.04281196481296196,0.04270614672722884,0.044018945108608064
UKR,Sixth,1410.0,2.88,15.943659099381776,20.333420067579098,25.275720290786943,46.856982909271615,0.06258862077412365,0.06209163454465466,0.06197023838878025,0.0634690264852259
UKR,Seventh,1510.0,3.64,17.152230070098593,21.88089994826075,27.184045770880022,50.2172779679436,0.07917253540452773,0.07871622110017315,0.07860443650906067,0.0799756542499424
UKR,Eighth,1720.0,5.57,19.587559591589077,24.983300677284426,30.992095206915813,56.92558020862047,0.12138795445817098,0.12098466456383478,0.12088531783839769,0.12208878757241419
UKR,Ninth,1850.0,7.06,21.093310958676092,26.911780178114725,33.35228339762061,60.94085163227387,0.15409477083876216,0.15406210359337835,0.1540529085266092,0.1541330184435926
UKR,Tenth,2540.0,21.1,29.63365442398096,37.69205361288572,46.31450892006486,82.60021267009287,0.46176648963105177,0.46474617492421794,0.4654742680410996,0.4564918683798758
URY,First,464.0,0.0286,4.659221530404559,5.741124156346993,7.392683964947103,16.76992059691431,0.00021512722771381646,0.00024245050608462062,0.0003268026483113879,0.0012186426949513975
URY,Second,735.0,0.119,7.939821875044174,9.725193252187927,12.303306079763164,25.674081142272325,0.0011594241955167539,0.0012778891777878913,0.001628392729253717,0.004689025132858214
URY,Third,872.0,0.203,9.805731355063399,11.965365665833627,14.981020669630373,29.79897382967718,0.0022630908183268166,0.0024618466112681214,0.0030353972280315073,0.00752305243647077
URY,Fourth,1070.0,0.384,12.388363871974803,15.072254840781282,18.715085237052183,35.82210451599986,0.004751966810037011,0.005115418127220697,0.006143202729003616,0.013506607806480945
URY,Fifth,1230.0,0.606,14.706926702862804,17.84410766034417,21.991876241354422,40.669615566707435,0.008195449927654794,0.00873953552684867,0.01024982088205147,0.02023533464535298
URY,Sixth,1470.0,1.06,18.01260605468853,21.797023815974214,26.668680208188167,47.69023618189997,0.015616956046244905,0.016502290434015264,0.018914711628186618,0.03364119953564401
URY,Seventh,1680.0,1.65,21.208844290204674,25.591991202742122,31.075594926427048,53.67979316743465,0.026267069097769855,0.027494653342604106,0.030773105540222088,0.049124183660409104
URY,Eighth,2060.0,3.19,26.80681609097833,32.242695937924864,38.815185376119636,64.46716391477553,0.0554056384048233,0.057383086134373915,0.06253603465909312,0.08844492555904537
URY,Ninth,2430.0,5.49,32.81178190346725,39.297152475227165,46.788481026013855,73.95325296419465,0.10557719513185534,0.10787531001076145,0.11363204428238276,0.13773218317949085
URY,Tenth,4160.0,33.1,61.34683089786835,72.6458613198081,84.12549816360266,118.37025905853925,0.7805480823400573,0.7729075201290353,0.7527604876734637,0.6438848453492964
USA,First,548.0,0.00647,11.384259094878013,11.378597567488466,11.588670766311177,12.762269320641034,0.00017914174189884714,0.00015193635807253614,0.00013682250420344317,0.00011594921400793732
USA,Second,959.0,0.0376,19.586400349027343,19.790783899139992,20.28994112339497,22.55767896175886,0.0009987585715164721,0.000873112914326953,0.000801459670289166,0.0006999358861318994
USA,Third,1200.0,0.0767,24.332220607841112,24.735205540799743,25.45334003556031,28.454521335552837,0.0019888072907334057,0.0017699689231783053,0.0016432206272218074,0.0014608798872643395
USA,Fourth,1540.0,0.167,30.882766409928596,31.547371372021445,32.558246955777584,36.55202693759394,0.0042432644145519085,0.003830741998104855,0.003588793797115169,0.003236399378535654
USA,Fifth,1850.0,0.298,36.81771553574623,37.7700961126324,39.07937952497269,44.036683354011046,0.007423969546216266,0.006788959664631063,0.006412213579676024,0.005857240461134427
USA,Sixth,2290.0,0.585,45.27556419889639,46.63593100004702,48.365181496565754,54.68180539982819,0.01434521554095665,0.013282781290126321,0.012645199588172944,0.011695362906072366
USA,Seventh,2720.0,1.02,53.53688006744403,55.370983051155996,57.556758373259385,65.28834930366793,0.02447871127828027,0.022960518478145148,0.02203813491327415,0.02064724366501458
USA,Eighth,3470.0,2.23,67.98454489709485,70.62156768517669,73.56912153484318,83.68523032187818,0.05247504464566408,0.049938367697616455,0.04837415833006859,0.0459807828381193
USA,Ninth,4310.0,4.46,83.72194544822216,87.43479834343464,91.31490974956188,104.19614985825993,0.10207758201451503,0.09895524453793456,0.09698545621166876,0.09390373164605491
USA,Tenth,8190.0,37.0,158.6231392334036,167.00648717231942,174.03449700891144,196.40461290304793,0.791789504955667,0.8014483681378638,0.80737454077831,0.8164024741176646
UZB,First,325.0,0.0336,3.587058108083158,4.561977642288943,5.856167221586311,10.923593505045023,0.0008513911081962894,0.0007905774388370276,0.0007574156016016799,0.0006243254216973697
UZB,Second,516.0,0.143,5.61536129108148,7.181486935707105,9.246166250639108,17.453405013134795,0.0035220129394385935,0.00331908206514612,0.0032070240268822787,0.002746144393168715
UZB,Third,612.0,0.243,6.603345608429161,8.46985892410361,10.922065857521062,20.757240762136586,0.005891637262372909,0.0055997770301754665,0.00543742160062736,0.004759974965605387
UZB,Fourth,749.0,0.458,8.022155054316212,10.314071945520375,13.31574822039308,25.43813758730669,0.010936085420361064,0.010465422993590457,0.010202020589182436,0.009089845701548341
UZB,Fifth,863.0,0.715,9.195368829233237,11.846369049848295,15.308997021740307,29.380478317205828,0.016882270166734385,0.01625495495777035,0.0159019082503202,0.014394686545582396
UZB,Sixth,1030.0,1.24,10.88589311462248,14.050815842165434,18.172118637371682,35.01899253511802,0.02889321977668514,0.02798524173017739,0.027471315992920093,0.02525246059952843
UZB,Seventh,1170.0,1.89,12.375346600557187,16.003125573108626,20.712913101356122,40.08310845461116,0.0434784486386904,0.042371871316026405,0.041741512960922635,0.03898547329672061
UZB,Eighth,1430.0,3.56,15.038303251820981,19.48311551029876,25.22764902257808,49.00645104893705,0.08095974721928088,0.07944440511296068,0.0785739630414476,0.07470551117524735
UZB,Ninth,1680.0,5.9,17.509077057743262,22.73633933792044,29.45675533110925,57.50359900273389,0.13159779988863687,0.13027247524710564,0.1294987326355258,0.12595090580704707
UZB,Tenth,2800.0,31.7,29.198721346490203,37.988872155935596,48.99737716324398,95.53184372938262,0.6769873875796034,0.6834961921082104,0.6872086853005699,0.7034906720938543
VCT,First,202.0,0.00862,2.0141319108775275,2.3478758195168328,2.9571274786791526,7.416925936507433,5.512838857766053e-5,6.937128027301597e-5,9.928622632107311e-5,0.00036777686460078663
VCT,Second,346.0,0.0452,3.745521207828163,4.318057413966584,5.327994231541074,12.32463808192846,0.0003800707896681121,0.0004591964364434415,0.0006163818534702933,0.001791881546895229
VCT,Third,429.0,0.0878,4.859452079034681,5.562849226057721,6.780977862554186,14.97115007305448,0.0008586028207801369,0.0010124375632726331,0.0013080705580694092,0.0032965695979201644
VCT,Fourth,544.0,0.184,6.388410732881924,7.272810325110282,8.779935757520665,18.673176979924776,0.002026549854075475,0.0023435709952926314,0.0029367104993933925,0.006602117252545527
VCT,Fifth,648.0,0.32,7.854673888698894,8.896464598941806,10.646827144948967,21.900399473196792,0.0038827643913280927,0.004412201735934414,0.0053788923685520375,0.01091206494723877
VCT,Sixth,797.0,0.615,9.953681228437288,11.218450744141325,13.312461962206417,26.507604286141156,0.008193483597410605,0.009153877697264192,0.010865686146705696,0.01995343866662281
VCT,Seventh,941.0,1.05,12.133904930547233,13.604075368511992,16.00176008630086,30.812323427648913,0.015317895076073968,0.016814668510159968,0.01941478798695221,0.03215685009240927
VCT,Eighth,1190.0,2.26,15.94704586811359,17.77392324494908,20.698466990707743,38.36762049024178,0.036375347958077835,0.039149165730230265,0.043823392195568515,0.06465788786198537
VCT,Ninth,1470.0,4.45,20.49797176666722,22.66824092408913,26.06008338148791,46.032135784609885,0.08063983847646658,0.08462682837899574,0.09105319881564468,0.11590747813381666
VCT,Tenth,2780.0,36.8,42.99655567874296,46.57651896090825,51.765892888857145,81.19746248068718,0.8522703186475414,0.8419586816721337,0.8245035933493227,0.7443539350359655
VNM,First,243.0,0.015,1.4717987816348599,2.141814255109428,3.146195747321136,9.965798598055573,0.00010181427771814684,0.0001181759264119377,0.0001523499588136542,0.0006324634853705827
VNM,Second,401.0,0.0702,2.6516952054904683,3.8348713188628962,5.551186115534802,16.047026315029623,0.000629219229927331,0.0007109224678460483,0.0008750539201868326,0.002774883543305328
VNM,Third,486.0,0.128,3.3736476299243994,4.8580205716081295,6.971190056939454,19.12680898706205,0.0013317245193156192,0.0014807801659325673,0.0017733817310594524,0.004802704650046021
VNM,Fourth,604.0,0.256,4.36747014442088,6.2683551633467935,8.932504096929314,23.49708187820992,0.0029833813394825478,0.003275123378036814,0.003837224791938763,0.009160652739441886
VNM,Fifth,708.0,0.425,5.294976620062161,7.575499076048944,10.727160819973045,27.177232115423802,0.005453797251430138,0.0059186078741432484,0.006799008987884729,0.014491476015960863
VNM,Sixth,856.0,0.784,6.619984223459878,9.4421322632235,13.287416822653428,32.44266817019302,0.010996315512957159,0.011801045618329634,0.01329971149758444,0.025396198339443624
VNM,Seventh,994.0,1.28,7.956043708337217,11.309431118120585,15.811516845185078,37.16599266841582,0.019609967959926,0.020803031245739845,0.0229848930317954,0.03916574800384128
VNM,Eighth,1240.0,2.63,10.292313543481423,14.573246062704069,20.218734365965545,45.48186369603283,0.04416743144978852,0.04625098962582108,0.049979462272726434,0.07496171436475323
VNM,Ninth,1480.0,4.89,12.959720037220023,18.251875699122404,25.07067120829225,53.36991450066628,0.09151250604813908,0.09425584033176912,0.099006532828236,0.12619136132688566
VNM,Tenth,2610.0,35.4,25.875072342985327,35.84084984661505,47.75210410682479,88.19213998856485,0.8232138424113155,0.8153854833659698,0.8012923809797743,0.7024227975309515
VUT,First,191.0,0.0295,1.084214544470681,1.5334935203854387,2.265242945690232,7.839250791883775,0.00022045722523781876,0.00025122053777344836,0.00034256551493887916,0.001254327441771279
VUT,Second,300.0,0.122,1.8552663018961484,2.6080406865768926,3.781675838632468,12.030664180814995,0.0011827549988807893,0.0013153440102277193,0.0016917501981956163,0.004797920499477829
VUT,Third,352.0,0.208,2.2936288192414445,3.211381803662241,4.6061596050651605,13.966905847059632,0.00230245493968436,0.002524128088935599,0.0031370466428234435,0.007671681929247128
VUT,Fourth,429.0,0.392,2.9012594926031787,4.049646367103285,5.758382776699828,16.800824423381155,0.004824278154593337,0.005228482850313949,0.006322439349689234,0.013736198682050269
VUT,Fifth,492.0,0.617,3.44655577971966,4.796832131267315,6.767781005022334,19.07795295755811,0.008304152885444062,0.008907665312266836,0.010509303244864276,0.020529289082902663
VUT,Sixth,583.0,1.08,4.224653614537635,5.863400977207252,8.209975896250619,22.3795564743486,0.015794574990462714,0.016774045602690215,0.019323020063745075,0.03404951081310943
VUT,Seventh,664.0,1.67,4.976454282978016,6.8859802374376,9.565894652692698,25.190089991969526,0.026514464003991923,0.027868731578424923,0.0313189477228528,0.04959913617321956
VUT,Eighth,809.0,3.22,6.294361924627406,8.680009582124972,11.950273273343294,30.25843824729429,0.05580634382868494,0.05798032662795784,0.06337668142004227,0.08905619298548297
VUT,Ninth,944.0,5.52,7.706065412703289,10.57834477363981,14.397167757017982,34.69738159757728,0.10604694869468344,0.10855956670721703,0.1145400779033706,0.1382020696416925
VUT,Tenth,1580.0,33.0,14.420594547305852,19.561242996374713,25.864810050153825,55.49156279473073,0.7790035702783366,0.7705904886841923,0.7494381679394778,0.6411036727510463
WSM,First,102.0,0.00736,0.7211850873645802,0.988778917924167,1.353359585189344,3.9052332529627694,5.359882505456942e-5,7.195619333040792e-5,8.876202124649213e-5,0.00028024151189399624
WSM,Second,175.0,0.04,1.3422140296755285,1.812791063792183,2.4524153192611537,6.593265825506344,0.00037136293090384183,0.00047321763084552817,0.0005622550464330116,0.0014375022704946991
WSM,Third,217.0,0.0791,1.742560137422863,2.331620113937719,3.132238764496428,8.083652216130899,0.0008414247633376698,0.001039308782489897,0.0012075766330538818,0.002725529658966055
WSM,Fourth,275.0,0.169,2.2919573975618905,3.044215344217153,4.06660486511202,10.154776883397693,0.0019907312258798868,0.0023983053811081193,0.0027372029904850865,0.005591576095385437
WSM,Fifth,327.0,0.297,2.8193944795168475,3.7195456030790286,4.943416513477798,11.985632519173834,0.003822303461959576,0.004502640664662427,0.005056879541748579,0.009444162512122987
WSM,Sixth,402.0,0.578,3.574446343169634,4.684866448034305,6.195072314954819,14.591183473271732,0.008082646750785722,0.009316207518699715,0.010300962948668108,0.0176357068221123
WSM,Seventh,475.0,0.998,4.3596265395294935,5.674479826775394,7.463960373383535,17.061061625143378,0.015143209576092937,0.017064810541437592,0.018565918690385368,0.029046653442434487
WSM,Eighth,603.0,2.18,5.732697713220482,7.403025980991938,9.676700884437873,21.363483071013224,0.03604732451425855,0.03960654592056646,0.04231633987790642,0.05984509809579108
WSM,Ninth,740.0,4.35,7.374120213910391,9.42434902166956,12.21762985581427,25.810010072603816,0.08015927452497072,0.08527145149131717,0.0890195626943887,0.11066707026106727
WSM,Tenth,1380.0,37.1,15.485757645201579,19.229672950675504,24.271033438075506,45.48144691045168,0.8534881234267566,0.8402555558755427,0.8301445395556843,0.7633264593297316
YEM,First,63.8,0.0362,0.4276793856851316,0.5701719638349955,0.8272588922558903,2.628506203603515,0.00026003360214569757,0.00031904467751965365,0.0004697573749341356,0.0015230679571251824
YEM,Second,99.6,0.145,0.7283877379251653,0.9610507462851331,1.361389652966711,3.997788275316669,0.0013527230527754042,0.0015969859382022496,0.002183805132092796,0.005597331866951094
YEM,Third,117.0,0.241,0.8968523988058307,1.175574231347669,1.6422821022210525,4.612530518653424,0.002586029931950822,0.0029847953895027874,0.003909033695806499,0.008746686481730173
YEM,Fourth,142.0,0.447,1.1312185017984377,1.4752365857073084,2.0381666817432795,5.523185751924248,0.0053404859056491805,0.006053669986132117,0.007659206690816577,0.015376616185860555
YEM,Fifth,162.0,0.692,1.3398634317471385,1.7390476911335604,2.3787733986455986,6.243914042540795,0.009073708027692416,0.010119792691524564,0.012412581477965461,0.022605707741366454
YEM,Sixth,192.0,1.19,1.6378982909549087,2.1161514564882458,2.8665341756378018,7.293749663099005,0.017041609333571673,0.018709455811456232,0.02226838875041062,0.036899972166141826
YEM,Seventh,218.0,1.81,1.9232192376546628,2.472577487875176,3.315627257026386,8.171308841887653,0.02823581933350718,0.030497756780986447,0.03518538643262412,0.05287049300633667
YEM,Eighth,264.0,3.42,2.4242969781968307,3.0994243385703752,4.108347876704972,9.76444069993763,0.058564028104425285,0.062110150031472584,0.06919844465550648,0.09318999954929355
YEM,Ninth,307.0,5.72,2.9533115625447715,3.7478745758591914,4.895051198963939,11.117759484083887,0.10922394581627082,0.11316872474659975,0.12059465437252863,0.14125098717698698
YEM,Tenth,507.0,32.1,5.46286876956195,6.7983294718076355,8.551426218941774,17.480691551490406,0.7683216168920115,0.7544396239466036,0.7261187414173148,0.6219391378682075
ZAF,First,35.2,1.0e-5,0.40325130434315837,0.4918344827743201,0.6258026220366644,1.1711205298590395,1.5019029877995005e-7,1.7180967262659755e-7,2.061449565000134e-7,2.820419991396895e-7
ZAF,Second,90.7,0.00017,1.0575774457995117,1.2914898071374938,1.631324104909344,2.994037601735228,2.715424589486016e-6,3.0429668989339787e-6,3.550308530357598e-6,4.627979480813017e-6
ZAF,Third,142.0,0.000671,1.6764788075215342,2.0442681085757415,2.569230743527904,4.663948490138054,1.1111078323655898e-5,1.2290058110316422e-5,1.4087677618035121e-5,1.781185222163471e-5
ZAF,Fourth,217.0,0.00247,2.585050958007959,3.148273680526772,3.9409688220172687,7.092408338818325,4.2267253537206577e-5,4.626355880067145e-5,5.2279738428339694e-5,6.449477638568898e-5
ZAF,Fifth,304.0,0.00709,3.66050037236194,4.4510173319411015,5.55114367853815,9.914839556176954,0.00012447957424167557,0.00013496412369807254,0.0001505670281882382,0.00018167397857981848
ZAF,Sixth,438.0,0.0221,5.315456453446682,6.453095414604584,8.019237599121677,14.219343620630164,0.0003987155701333171,0.0004283377375248775,0.000471927236929426,0.0005572959134732289
ZAF,Seventh,609.0,0.0621,7.451202517046254,9.027860767883904,11.17606995879727,19.67048185162326,0.0011492088510035795,0.0012228487823107309,0.001329940245394829,0.0015358032988733315
ZAF,Eighth,926.0,0.233,11.44639224207374,13.836324575075654,17.05451664834508,29.768036800990945,0.004436680487309691,0.004670554485661955,0.005006121313326,0.005637627529487252
ZAF,Ninth,1430.0,0.927,17.9386830256092,21.60732042880085,26.477277218857672,45.72431583223829,0.018341485673444537,0.019043450270882695,0.020032795980844526,0.021842882753375533
ZAF,Tenth,4760.0,44.6,62.570413031531075,74.2674128577532,89.03394711464183,148.66968006572563,0.975493185897118,0.9744380762064391,0.9729385243257838,0.9701574998761235
ZMB,First,43.2,0.000116,0.20839653894675741,0.32337068919844447,0.5205685603076702,1.8151962358474918,1.839861277068384e-6,2.061908351334083e-6,2.40696654518925e-6,3.1442544501668713e-6
ZMB,Second,98.0,0.00134,0.4811246839482928,0.7477806409761958,1.1966077889135374,4.102431400125484,2.2455865705148688e-5,2.470809703181961e-5,2.8130493133520103e-5,3.5186521001297157e-5
ZMB,Third,142.0,0.00414,0.7051537440032659,1.0948089944758084,1.7445376363948215,5.9242637111930225,7.183583332211649e-5,7.814698513792396e-5,8.760563539347537e-5,0.0001066834436134484
ZMB,Fourth,203.0,0.0126,1.0218951091435977,1.5853501257993772,2.5178471834668215,8.486187295464477,0.00022414890971072978,0.00024162285806442186,0.00026752123259784463,0.00031884140300474106
ZMB,Fifth,270.0,0.0303,1.3685312038865156,2.1206449519433543,3.3575329576938984,11.241828594773265,0.0005521599158846605,0.0005903232866795386,0.0006463174348121016,0.0007555119410594377
ZMB,Sixth,368.0,0.0797,1.8834033224349531,2.9151691145934056,4.60164764512532,15.309993018271058,0.0014869790231504787,0.001577095402516922,0.0017080156029392539,0.0019593540358002733
ZMB,Seventh,483.0,0.187,2.496916041926302,3.858794366539356,6.071514980707203,20.070005290918886,0.0035798792170617265,0.0037654727749261672,0.004032316231303598,0.004536238153355189
ZMB,Eighth,690.0,0.576,3.6044881328470435,5.560813691348702,8.71780733435362,28.609600437559653,0.011290437705834891,0.011765697373404953,0.012440927279342146,0.013692233975439215
ZMB,Ninth,983.0,1.78,5.213494677761684,8.02064569884727,12.512732271491192,40.68701593603734,0.03599676905274696,0.037066526894666496,0.03856220333895403,0.04126433460279171
ZMB,Tenth,2650.0,43.2,14.66028835845519,22.34763631194803,34.35473699488482,108.94132431017968,0.9467734946153061,0.9448883444192203,0.9422245557849789,0.9373284716694845
ZWE,First,92.9,0.0193,0.5573602780168909,0.7643720405724964,1.1487219152845718,3.835097628171047,0.00012367392960443475,0.00015782080129918342,0.00019988111658869639,0.0007867819918318551
ZWE,Second,151.0,0.0862,0.9954612918216463,1.3491184087710535,2.0001953734337303,6.108411594640687,0.0007378833047053066,0.0009006343995339406,0.0010920498362387415,0.003306308601813719
ZWE,Third,181.0,0.153,1.259188693940674,1.6936291921190298,2.4907472785037705,7.231327842832282,0.0015294370031392233,0.0018182609099658814,0.0021487729653542923,0.005581313845175667
ZWE,Fourth,224.0,0.298,1.6229234240177255,2.170053543509843,3.1710490105057145,8.841407381110665,0.0033695246657092365,0.003922323846060043,0.004541002173791607,0.010435526911956554
ZWE,Fifth,261.0,0.485,1.959404186657197,2.6056475794212544,3.7855375909983935,10.181548995825235,0.006067804771635425,0.006930711002787696,0.007876976374993934,0.016214955893155334
ZWE,Sixth,314.0,0.878,2.440065230761219,3.227805787618675,4.663065536309258,12.111468921952131,0.012057293174812763,0.013521241548702684,0.015094382787856743,0.027927122935649674
ZWE,Seventh,362.0,1.41,2.9200385175477406,3.8409695417036622,5.516186818593937,13.822531248384893,0.021179678106530545,0.02330327806819793,0.025535880048172917,0.042300732558358485
ZWE,Eighth,449.0,2.83,3.7599451854891104,4.914528911207824,7.010594297978678,16.87312057904529,0.04690201507491471,0.05051512582131673,0.05421472613731385,0.07934643580742282
ZWE,Ninth,534.0,5.1,4.704963261839864,6.098073573972638,8.623338377581064,19.725732900454652,0.09509977893933734,0.0996729157219028,0.10416871776799591,0.1301858432870051
ZWE,Tenth,938.0,34.6,9.261988340002638,11.745888354489516,16.231055696593298,33.034138954135926,0.8129329110296111,0.7992576878802331,0.7851276107916932,0.6839149781676309
