country,quantile,conso_2020,conso_2021,conso_2022,conso_2023,conso_2024,conso_2025,conso_2026,conso_2027,conso_2028,conso_2029,conso_2030,conso_2031,conso_2032,conso_2033,conso_2034,conso_2035,conso_2036,conso_2037,conso_2038,conso_2039,conso_2040,conso_2041,conso_2042,conso_2043,conso_2044,conso_2045,conso_2046,conso_2047,conso_2048,conso_2049,conso_2050,conso_2051,conso_2052,conso_2053,conso_2054,conso_2055,conso_2056,conso_2057,conso_2058,conso_2059,conso_2060,conso_2061,conso_2062,conso_2063,conso_2064,conso_2065,conso_2066,conso_2067,conso_2068,conso_2069,conso_2070,conso_2071,conso_2072,conso_2073,conso_2074,conso_2075,conso_2076,conso_2077,conso_2078,conso_2079,conso_2080,conso_2081,conso_2082,conso_2083,conso_2084,conso_2085,conso_2086,conso_2087,conso_2088,conso_2089,conso_2090,conso_2091,conso_2092,conso_2093,conso_2094,conso_2095,conso_2096,conso_2097,conso_2098,conso_2099,conso_2100,tax_2020,tax_2021,tax_2022,tax_2023,tax_2024,tax_2025,tax_2026,tax_2027,tax_2028,tax_2029,tax_2030,tax_2031,tax_2032,tax_2033,tax_2034,tax_2035,tax_2036,tax_2037,tax_2038,tax_2039,tax_2040,tax_2041,tax_2042,tax_2043,tax_2044,tax_2045,tax_2046,tax_2047,tax_2048,tax_2049,tax_2050,tax_2051,tax_2052,tax_2053,tax_2054,tax_2055,tax_2056,tax_2057,tax_2058,tax_2059,tax_2060,tax_2061,tax_2062,tax_2063,tax_2064,tax_2065,tax_2066,tax_2067,tax_2068,tax_2069,tax_2070,tax_2071,tax_2072,tax_2073,tax_2074,tax_2075,tax_2076,tax_2077,tax_2078,tax_2079,tax_2080,tax_2081,tax_2082,tax_2083,tax_2084,tax_2085,tax_2086,tax_2087,tax_2088,tax_2089,tax_2090,tax_2091,tax_2092,tax_2093,tax_2094,tax_2095,tax_2096,tax_2097,tax_2098,tax_2099,tax_2100
BRA,First,1.0304582617336955,1.0343487280245365,1.0365181506967764,1.0390108316323796,1.042878095447477,1.0481910689554694,1.054287028135772,1.0607055376814918,1.067998564356134,1.0761467682006303,1.08529653247702,1.0949165558296445,1.104921782366187,1.1165534829514117,1.1284965389927353,1.141161163219554,1.1541919459380714,1.1677619506291195,1.1824065189901432,1.1980771581130434,1.2149435492975837,1.2322468143914103,1.2499721369691388,1.2683545427532814,1.2873308256415839,1.3066697315717355,1.3258150431264009,1.345243360017693,1.3656134940900118,1.387411692850452,1.4107792938357602,1.4346302430899507,1.4588478363261916,1.483825293071332,1.5093660736268155,1.5351832682444824,1.560572406880694,1.586289316971014,1.6129771018338976,1.6404301653786748,1.669012642023885,1.6981942791426028,1.7279250101430292,1.7583387217540167,1.7893090201932993,1.8207834389829347,1.8516908471791353,1.8822596474226496,1.9133841962432,1.9455956152458953,1.979158899005821,2.013187895619653,2.0475584912573135,2.082483898955431,2.1180952036197365,2.1543725832997116,2.1902900132824277,2.226008162516653,2.2617606263560455,2.2996619773718514,2.335781361937315,2.3718013085515475,2.4082593503797343,2.44575223752604,2.4841405581893947,2.523432852022344,2.562356435536373,2.6009924822458106,2.639737887790406,2.678395351108791,2.7166380756124884,2.753312022940779,2.789473043876533,2.8264698706456857,2.8651859826473642,2.9050723825535476,2.9441816403889036,2.9831559951923428,3.022194690042643,3.0610766194774466,3.099331811564235,5.2905781251919546e-6,5.222913666859665e-6,5.144965730798076e-6,5.07277586340855e-6,5.00659730873012e-6,4.946728994207731e-6,4.892444616458853e-6,4.831199022583527e-6,4.777127761252562e-6,4.7302946450852405e-6,4.690804159133086e-6,4.657931060438122e-6,4.622183088011991e-6,4.607255054322039e-6,4.594673635131046e-6,4.584354635810852e-6,4.575653772159037e-6,4.561859292068962e-6,4.550287082553086e-6,4.540822667909234e-6,4.533419326587786e-6,4.527643342622053e-6,4.518464725889132e-6,4.511279888037266e-6,4.505936552368813e-6,4.502432301784866e-6,4.500300639437891e-6,4.495075976186777e-6,4.4916128763208315e-6,4.489785334242744e-6,4.489545328834718e-6,4.490456831761623e-6,4.488246977816839e-6,4.487510964035196e-6,4.488132018992406e-6,4.490045538477716e-6,4.4928334148210865e-6,4.492785058836572e-6,4.493943413701513e-6,4.496200524605614e-6,4.499518627455809e-6,4.503663786203199e-6,4.50536192823587e-6,4.508088780342714e-6,4.511701033424226e-6,4.516156705609698e-6,4.52132720807627e-6,4.523825969868188e-6,4.527133558691457e-6,4.531162350994208e-6,4.535888965299983e-6,4.540692172823815e-6,4.541573228685263e-6,4.543107957140816e-6,4.545149833019099e-6,4.547705662750329e-6,4.550252480970918e-6,4.549005073684999e-6,4.548194489197559e-6,4.547764706966933e-6,4.547652545076235e-6,4.547461302319577e-6,4.54392209793806e-6,4.540706379151347e-6,4.5377290021157985e-6,4.534917271300821e-6,4.531935941551594e-6,4.525672187465565e-6,4.519614047608519e-6,4.513675512350155e-6,4.5078703584577475e-6,4.501460305734344e-6,4.491945655355152e-6,4.482531391452686e-6,4.473174661960118e-6,4.463840882016107e-6,4.453798738927435e-6,4.441037766298297e-6,4.428287243007652e-6,4.415541531020804e-6,4.402808011665034e-6
BRA,Second,2.1853187858607472,2.197524197253125,2.207187595336964,2.2175654872893285,2.2303070079327187,2.245551048744757,2.2620051197555218,2.279162808657876,2.297988657375839,2.318476256559328,2.3408748734349314,2.364057797413112,2.3881333243519016,2.415222406327231,2.443166631564897,2.4726160289123174,2.502696859547449,2.53393488882742,2.5672337264963665,2.6025323053362177,2.640107907639363,2.678433972454362,2.7177740411263622,2.75855202295358,2.800679194878039,2.843805659192426,2.886678290096424,2.9303490385932376,2.9758962373903315,3.0240829108487546,3.07514049992818,3.126986596329833,3.1797603285097247,3.234127932714736,3.289791607190669,3.346311786533555,3.402186395001146,3.4589054353010185,3.517521312880879,3.5777228101033858,3.6400823007076646,3.703363592231493,3.7678197985913324,3.8337119916899556,3.9008493633380215,3.969157883686549,4.036538298377301,4.103684814456288,4.172037184542198,4.242426043730691,4.315272620030122,4.388719124467031,4.462951320874577,4.538377278955462,4.615206350526851,4.693416863789539,4.770862017363199,4.848230915990029,4.925962650057285,5.007285156865517,5.086016206738549,5.164268890415461,5.243436542305725,5.324518607005169,5.407309872098428,5.491830914026827,5.575351265733346,5.6586522771306065,5.742419922651107,5.826351919619436,5.9099461125817125,5.9905566741221214,6.070564006949088,6.152130570531079,6.236637577219979,6.323248248724642,6.408028943228635,6.492797405343229,6.577928866887656,6.6630858950794964,6.747541948149763,5.436469550975438e-5,5.378344760304048e-5,5.311227699014783e-5,5.248915406494314e-5,5.191658938935869e-5,5.139751505933414e-5,5.092593282945196e-5,5.039281026460049e-5,4.992118872214815e-5,4.95119758517161e-5,4.916638259984011e-5,4.8878319239508596e-5,4.8564674443552775e-5,4.8433589135646424e-5,4.832304834882783e-5,4.823233828857442e-5,4.8155829958469215e-5,4.803448983905786e-5,4.793264667477144e-5,4.784931806185603e-5,4.778411053542203e-5,4.773323711984333e-5,4.7652348451398205e-5,4.758901170285342e-5,4.754191893260873e-5,4.751100364334838e-5,4.749222031200265e-5,4.744613195141636e-5,4.741558014865e-5,4.739945731999363e-5,4.739733923899732e-5,4.7405377681970806e-5,4.738589170103376e-5,4.737939666693112e-5,4.7384880282918355e-5,4.7401750609440796e-5,4.742633946797685e-5,4.742591548684213e-5,4.74361402532818e-5,4.745605675310719e-5,4.7485314031496076e-5,4.7521876734382035e-5,4.753684463823368e-5,4.756089118568384e-5,4.759272750967421e-5,4.763201491299864e-5,4.767757476683786e-5,4.769959200917384e-5,4.772873685895383e-5,4.77642364322792e-5,4.780587106061436e-5,4.7848158560323e-5,4.785591873704524e-5,4.7869439351946356e-5,4.788741967007079e-5,4.7909919867885013e-5,4.793234074959041e-5,4.792134858305358e-5,4.7914224576550026e-5,4.7910435892949536e-5,4.7909448416602825e-5,4.79077720206005e-5,4.7876609794217705e-5,4.7848279935751656e-5,4.7822072696373115e-5,4.7797308649635476e-5,4.777103638939758e-5,4.771585965140951e-5,4.766248219137625e-5,4.761014439692919e-5,4.75589724564009e-5,4.750243831718158e-5,4.741851358499537e-5,4.7335446666777235e-5,4.7252862805862754e-5,4.717044748921335e-5,4.7081742095059135e-5,4.69689762719623e-5,4.685624506925032e-5,4.674351415979111e-5,4.663082755685817e-5
BRA,Third,3.0651404960492483,3.0847513231432475,3.101445196945149,3.1191292399459294,3.1398252329684917,3.1637177968142884,3.1890518909774315,3.2154622707392777,3.244074275953829,3.2748926490932746,3.308231649100491,3.3425139183979393,3.378126970327556,3.4175550463173052,3.4582624765050345,3.5010527983126303,3.5446433896862652,3.5899252893602585,3.6379742186101414,3.6887254014570985,3.742527064270101,3.797278617190019,3.8535576303461343,3.9118595627864456,3.9720826080791753,4.033805873060672,4.095234406428039,4.157925342035151,4.223172048183058,4.291913389386272,4.364440070989004,4.4379407433788165,4.512863520195642,4.5899982470976175,4.6689864791612905,4.749295297558459,4.828814097170345,4.90963658166368,4.993024808225835,5.078605522749555,5.1670824289006525,5.256664194135217,5.347940802443727,5.441211087879415,5.536247939270806,5.632964469525826,5.728499603202586,5.82399367212083,5.921179645519758,6.021077699793627,6.124209378166235,6.227985990808363,6.332970351771705,6.4396272777764985,6.548219537463308,6.658726022837034,6.7681538635658915,6.877726645234614,6.987945700171081,7.102647699523394,7.21437048023717,7.325288889523991,7.437562681650664,7.552381817383218,7.669504102729385,7.788961946741494,7.906910048259718,8.024827943517447,8.143519302282412,8.262619412194752,8.381517408831483,8.496414736624303,8.61079460657284,8.727263992898418,8.847517796318943,8.970545468887003,9.090937486901648,9.211535817802774,9.33276912497654,9.454228033306649,9.575027606020901,0.00015640793500550069,0.00015493730212226745,0.00015323668475417633,0.00015165543107921692,0.00015020039507443635,0.00014887961632672174,0.00014767820400989293,0.000146318364388003,0.0001451138882029721,0.00014406767245473724,0.0001431832626726456,0.0001424455051511174,0.00014164160979996518,0.00014130544046332165,0.00014102185378559872,0.00014078910284283697,0.00014059272002092595,0.00014028122276408284,0.000140019703618557,0.00013980565726190788,0.00013963814182793357,0.00013950742687365793,0.00013929956146841398,0.00013913677481674762,0.00013901568629264086,0.00013893621275327356,0.00013888790380172763,0.00013876941027711592,0.00013869084343689724,0.000138649370693373,0.00013864392553042908,0.0001386646000910134,0.0001386144784714839,0.00013859776566221762,0.00013861188207586953,0.0001386552729528691,0.0001387185119228714,0.00013871742860349675,0.00013874370509875955,0.00013879492492991518,0.00013887015618934396,0.0001389641767797404,0.00013900265247795667,0.00013906446539332338,0.00013914632452037158,0.00013924729259262567,0.00013936439028481461,0.00013942097804157036,0.00013949585844833488,0.00013958707448897593,0.00013969404886100592,0.00013980268580489238,0.00013982262931144896,0.00013985734647943085,0.00013990353718718352,0.00013996134157225222,0.00014001892824937266,0.00013999069113175872,0.00013997238865335118,0.00013996267207314257,0.00013996011481885989,0.00013995581106757,0.00013987577173084874,0.00013980300117810308,0.00013973568386948197,0.00013967206194217966,0.00013960455959707255,0.00013946276516537274,0.00013932559243596323,0.00013919107850338165,0.0001390595316445768,0.00013891418294020174,0.00013869837925292426,0.0001384847442308201,0.00013827229049563828,0.00013806020609159978,0.00013783191369259317,0.00013754161232581763,0.0001372513339652553,0.00013696094782674785,0.00013667057297136976
BRA,Fourth,4.287923063654891,4.318237185048827,4.3452321269963,4.373606957992267,4.405840511827362,4.442178032343274,4.480233616927814,4.519889276943026,4.562469521904643,4.607996991697028,4.6568675124551495,4.706880695199195,4.75884383851831,4.815683409061417,4.874412583185556,4.936024168636928,4.998655274075958,5.063723541932151,5.132516474051054,5.204968922464365,5.281518167029985,5.359274648797653,5.439287076771086,5.5221390512038715,5.607716578544607,5.6955137737308705,5.782975656730372,5.872367792019614,5.965245867413723,6.06276502733363,6.165290197762919,6.269021304182446,6.374879530284749,6.483806216930448,6.595370386437402,6.708928931830568,6.821523633066136,6.936078257946681,7.054110053014607,7.175172734691835,7.300131454702346,7.4264097699541995,7.555108731384297,7.686574392593211,7.82053648901411,7.956895641379426,8.091749863188404,8.226884208483348,8.364388454291614,8.50551339096276,8.650905912920614,8.796965034522445,8.944827421137676,9.095030164358914,9.24790095721236,9.403422396600428,9.557429155966883,9.711929106421787,9.86749943724684,10.028508590665037,10.186314028922013,10.342833187687285,10.501321329249537,10.663202231978852,10.828190368420772,10.996336415753582,11.162242159591287,11.32842625796535,11.495834739277544,11.66402916874404,11.832268005190096,11.99513117885814,12.157651247397027,12.322974824511268,12.49318121689135,12.667053215964673,12.83715085483285,13.007791817454258,13.179469649680485,13.351691295380391,13.523379771569635,0.00044816747167216754,0.0004444179868525398,0.00044007710951011466,0.00043603598438338826,0.0004323131699240649,0.0004289302599998923,0.00042585012519179185,0.0004223603968855925,0.00041926630322425273,0.0004165763178913796,0.00041430066194547634,0.0004124011218774151,0.0004103300069291879,0.0004094635043835783,0.0004087323913444593,0.0004081322060930475,0.0004076257219827485,0.00040682216439523206,0.00040614735762553166,0.00040559497722911036,0.00040516257370950133,0.0004048250928997436,0.00040428846008808665,0.0004038680657821505,0.00040355539989630156,0.0004033501204456741,0.00040322535447423155,0.0004029192649004208,0.0004027163098386428,0.0004026091813383885,0.000402595106050195,0.00040264850862738877,0.0004025190230725737,0.00040247584755848803,0.00040251229405496587,0.0004026244293292285,0.00040278779060794954,0.00040278498002680385,0.00040285285909747576,0.00040298515476642723,0.00040317951941092555,0.0004034223206592343,0.00040352168382586665,0.000403681368275858,0.0004038927360363744,0.0004041534699010219,0.00040445584399319913,0.00040460192633843205,0.00040479525712703576,0.00040503074133790536,0.0004053068909168502,0.00040558727107393994,0.00040563871849039283,0.0004057283656094016,0.00040584755200068776,0.0004059967149861145,0.00040614533698759566,0.0004060724657596597,0.0004060252299363472,0.0004060001710220527,0.00040599357497077233,0.0004059824788938592,0.00040577588273202857,0.0004055881128993656,0.00040541432611790963,0.0004052501097543725,0.000405075857707904,0.00040470982351836993,0.0004043556605910781,0.00040400833063834035,0.0004036685896986055,0.00040329323940286465,0.00040273579107092956,0.0004021838219185742,0.0004016348524541822,0.0004010867454704115,0.00040049663464477317,0.0003997460623656773,0.00039899532772648866,0.00039824419972439297,0.00039749288715773003
BRA,Fifth,5.57346061922051,5.615825706119539,5.654630769175828,5.695206462017153,5.740459635855486,5.79069389207132,5.84287132912982,5.897272396371541,5.955302878786632,6.017003947857532,6.082843516782661,6.149974744783702,6.219750265310456,6.295307047221024,6.373396517156419,6.455192648353233,6.538214642111419,6.624513953257373,6.715512368784335,6.811147875954194,6.911944779016221,7.014190310334742,7.1195085464846395,7.228514862639056,7.341085869832784,7.456638597295066,7.571812055621275,7.68967449054038,7.811975298919765,7.9400765559845565,8.074414522004933,8.210168998016133,8.348846095399905,8.491477447902108,8.637565010151212,8.786365437994375,8.93402836768887,9.084394845061608,9.239169459509084,9.397841692862235,9.561427671129813,9.7265150668903,9.894823962201752,10.066697577274502,10.241829432969103,10.420108919994933,10.596552434537742,10.773696885174116,10.953914536151027,11.138674023974039,11.328743236063941,11.519466345359312,11.712690202823532,11.908949159357633,12.108635523467326,12.311736063173568,12.51285852442842,12.714942628052786,12.918561488926633,13.128205583675687,13.33485107519383,13.539679707063673,13.74719239906134,13.95896266299277,14.174670440545498,14.394385689578124,14.611076482824457,14.828478532957844,15.047601504717788,15.267940233050187,15.488632501729576,15.70254425396051,15.916418119083309,16.133834976166508,16.35723793497056,16.585221260439862,16.808236401913355,17.03225168395327,17.25775800400507,17.484183998091858,17.710276057524222,0.0010224182520215165,0.0010148196124136369,0.0010060131185257914,0.0009978056445400288,0.0009902367990943343,0.0009833524455350178,0.000977078741354705,0.0009699644034171847,0.0009636508895455164,0.0009581575795337791,0.000953507155077093,0.0009496231163181127,0.0009453857730223697,0.0009436123204021938,0.0009421155156051243,0.0009408866222167015,0.0009398493429544133,0.0009382034321039676,0.0009368209458707342,0.0009356890521457097,0.0009348029307465258,0.0009341112338532888,0.0009330111718830126,0.0009321493457539355,0.000931508212473199,0.0009310873208898493,0.0009308314683557409,0.0009302037530313012,0.0009297875103077495,0.0009295678020128775,0.0009295389420210763,0.000929648449108965,0.0009293828858698872,0.0009292943768713259,0.0009293690579841428,0.0009295990898663378,0.0009299341067069308,0.0009299283418833673,0.0009300675555313168,0.0009303389384281253,0.0009307374388007966,0.0009312353758138036,0.0009314391461831422,0.0009317665389103555,0.0009321999182117292,0.0009327344212225413,0.0009333543240632722,0.0009336537582493647,0.000934050032582609,0.0009345327137460582,0.0009350986870913907,0.0009356733210399943,0.0009357787057438313,0.0009359624327512875,0.0009362067067171523,0.0009365123169250776,0.0009368167982463378,0.0009366675395827325,0.000936570729260721,0.0009365193410271692,0.000936505849245158,0.0009364830884854328,0.0009360597950744271,0.0009356749687836033,0.0009353188714763949,0.0009349822788489348,0.0009346251915895366,0.0009338749232122899,0.0009331489709467164,0.0009324368868827078,0.0009317403516778916,0.000930970623066356,0.0009298274749711989,0.0009286953198626539,0.0009275691581123633,0.0009264445605466963,0.0009252335952914343,0.0009236930526193535,0.0009221518735374919,0.0009206094726055677,0.0009190665208486275
BRA,Sixth,7.452553259216476,7.513061692498553,7.569798790541516,7.628878775226889,7.693772723175197,7.764866188237184,7.838179724285191,7.914652899914731,7.995757031680249,8.081562441836292,8.172623125217093,8.265166585319763,8.361389526903325,8.464617590346919,8.571335190800742,8.682956522012775,8.796087526595095,8.913741830554555,9.037492225588903,9.167285894197203,9.30376528946071,9.442022117420867,9.584570734660844,9.732047606841553,9.884321121943428,10.040709796526839,10.196666308412567,10.356454254967812,10.522052765292448,10.695102544121992,10.876134192991842,11.058861987759071,11.245702466110464,11.437786207541464,11.63452818984005,11.835057779064869,12.034219121991034,12.23720001310888,12.445926343950719,12.659809626521293,12.880064496498335,13.102039803960826,13.328419574994829,13.559523910446307,13.795001986181523,14.034731140831836,14.27216420671189,14.51097673439355,14.753888504544475,15.002653138080873,15.258204349610969,15.514352830930756,15.774046280618007,16.037789813811877,16.306061661287508,16.578857865732925,16.84899393336287,17.120836536322898,17.394920410666337,17.674908351978143,17.95322973902858,18.228930365628955,18.508380699153424,18.793323139216216,19.083395677265703,19.378698251553377,19.6698079270121,19.962326732958488,20.257317250303153,20.554190179718383,20.851926764285874,21.140870909874195,21.430298686325855,21.724330866323157,22.025888770342764,22.333327667887122,22.634039992790903,22.936474278570277,23.241091173694567,23.547219145745252,23.853373227104733,0.0025556773632678105,0.0025390029122488948,0.0025196578128595286,0.002501608947128185,0.0024849474818812905,0.0024697786694303225,0.0024559435022087537,0.002440240649284261,0.002426292935459324,0.002414147736717428,0.0024038591017863753,0.002395260979769044,0.0023858758607997743,0.002381946084391782,0.0023786288346176712,0.0023759045991964332,0.0023736050180913114,0.002369955282021663,0.0023668889450363093,0.002364378133715021,0.0023624121546076695,0.0023608775549251388,0.002358436330252655,0.002356523559202325,0.0023551004847102053,0.0023541661816676458,0.0023535981541712007,0.0023522047467562156,0.002351280434960459,0.0023507926966535074,0.0023507285481583606,0.002350971739628594,0.0023503821719901316,0.002350185580974741,0.002350351501724184,0.0023508621636655447,0.002351606102286579,0.0023515932840207075,0.0023519023059260444,0.002352504775672599,0.0023533895471118463,0.002354494814074612,0.0023549471970143133,0.0023556738958037354,0.0023566357075176137,0.0023578221098279274,0.0023591978609456433,0.0023598623918883186,0.0023607417282986757,0.002361812698310355,0.002363068387255872,0.00236434328721234,0.0023645770941251257,0.0023649846796927163,0.002365526435219417,0.0023662044106344125,0.002366879840034604,0.002366548742870037,0.0023663340172978492,0.0023662200381197487,0.002366190228076391,0.0023661396288351725,0.0023652005944343347,0.0023643469408446997,0.0023635569849205806,0.0023628101767048174,0.0023620179468698006,0.0023603531197762075,0.002358742145553329,0.0023571617328015785,0.002355615831880642,0.0023539071583310155,0.00235136918158395,0.0023488554116306037,0.0023463543915020436,0.0023438566805636277,0.0023411664989543227,0.002337743564619425,0.002334318580483554,0.0023308900606400845,0.002327459427493688
BRA,Seventh,9.603342246557013,9.685899384251021,9.764725362993673,9.846512739982833,9.935311880291666,10.0315920114271,10.130311176579195,10.233398938110312,10.342170975191259,10.456727325420353,10.577684328029587,10.700251176364938,10.827760236507762,10.96329933511294,11.103414963944857,11.249774309864064,11.397931360982685,11.552143227368822,11.714001140604708,11.883467050494614,12.061310797188003,12.24126059299064,12.426988797806246,12.619041803317849,12.817284812077583,13.020936634300478,13.22408365998968,13.432465042537851,13.648184193670328,13.873180510880342,14.108081921305773,14.344951100676743,14.587387261402668,14.836516264022583,15.091660832702928,15.351828122480953,15.610363068964293,15.874089565629813,16.14504744254176,16.422577707193952,16.708097674048688,16.995517976588587,17.288766759962957,17.588040170105465,17.892947782543864,18.20335494795763,18.510940134901034,18.8208098321129,19.135932476958818,19.458354483063353,19.789192112433994,20.12052167129955,20.45672033232466,20.79811691816054,21.145282635670526,21.498223523606764,21.84770984773942,22.199931679857027,22.55521986910558,22.914383797271945,23.27536913786621,23.632785749520796,23.995304119665967,24.364695409514017,24.74056153078116,25.123041166974666,25.499971678414077,25.87929543984779,26.261978171474837,26.647350441097092,27.034231407262492,27.410078986143787,27.787208869400406,28.170149035117433,28.562320526049845,28.961839558942415,29.35263766292117,29.746163140128907,30.142707984197372,30.541501685874195,30.940821465105522,0.005695066072127386,0.005663274518840159,0.0056263508378070785,0.005591861749596354,0.00555998975059515,0.00553094427169391,0.005504428324381361,0.005474305162716921,0.005447523953879313,0.005424184260764384,0.005404398503285495,0.0053878535101046145,0.005369783614648944,0.005362214301500303,0.005355823123153066,0.005350573465369608,0.0053461415468710055,0.005339105997374068,0.0053331937127824545,0.005328351669597768,0.005324559814857259,0.005321599455225532,0.005316889951981424,0.005313199267646389,0.005310453268690436,0.005308650111568183,0.005307553852138643,0.0053048643288517135,0.005303080445443245,0.005302138845174577,0.005302015059015975,0.0053024846197053995,0.005301346450948419,0.0053009668416356594,0.005301287104485073,0.005302272948149709,0.005303708935094197,0.005303684030114735,0.005304280697271597,0.005305443413754051,0.005307151197980294,0.0053092843777796436,0.005310157183900871,0.005311559657662456,0.005313415751707438,0.005315704813136812,0.005318359050647728,0.0053196411661106426,0.005321337547292881,0.00532340342943267,0.0053258255170895155,0.005328284331742131,0.005328735460149768,0.005329521253015595,0.005330566258851548,0.005331873635339787,0.0053331759455537385,0.005332537645430436,0.005332123407683804,0.005331903650461316,0.005331846050233189,0.005331748693337838,0.0053299378776776015,0.0053282915609307825,0.005326767772456293,0.0053253274589279195,0.005323799259491933,0.005320587790900415,0.005317479852772015,0.0053144307696726895,0.005311447478212244,0.005308150200073678,0.005303251577751373,0.005298399085378508,0.005293570295156107,0.005288746980359524,0.005283551188955022,0.00527693894349033,0.005270321007536177,0.005263695097601419,0.005257063391879515
BRA,Eighth,13.428922858591177,13.551657027588181,13.670986106691336,13.794379074322878,13.926808840090803,14.068886756354011,14.213701006235148,14.365085504229217,14.523974775759857,14.6905251774551,14.865362181047606,15.042035160109922,15.225933749631281,15.419492882473621,15.619588443149556,15.82829494690069,16.039280310708296,16.259082522333895,16.48923816706494,16.729741738486677,16.98157662343499,17.236049046453317,17.4989930680519,17.770743702091252,18.05116884071741,18.339336993613454,18.626883895725758,18.922221863230003,19.227564746840677,19.545363171814124,19.87638835130074,20.209817976561876,20.55144499598284,20.902337040399058,21.261654019945933,21.628237898849193,21.992750062974856,22.364956352492804,22.746981148772623,23.138085532287185,23.539992960084007,23.944011387223508,24.35641234301089,24.777128906073553,25.20571850423498,25.642028991472237,26.074620655357027,26.51121376065924,26.95510104854301,27.408777732075254,27.87368515496356,28.33885621288064,28.81128145177511,29.290951697162768,29.77857515589142,30.27418077160911,30.764889230555035,31.26028741358334,31.760257826755332,32.253586746689614,32.762142510514046,33.26539604141854,33.77620108819426,34.29628078071969,34.8251907459071,35.363138701602416,35.89309081310191,36.427309630428326,36.96650852999216,37.50989825390696,38.05604689689544,38.5872526663596,39.12130550205556,39.663277277078315,40.21738681312445,40.78138764719856,41.333104207074314,41.889439881417836,42.45033331941633,43.01486051875028,43.580928254843485,0.016468562329979442,0.016394062036973623,0.016307425706520565,0.01622639495495735,0.016151420385177785,0.016083016932339777,0.0160205060405489,0.015949415265229853,0.01588614266704847,0.015830948965447775,0.015784120508080562,0.01574493535322295,0.015702110148477447,0.01568416170196485,0.015669003641280477,0.015656549665772904,0.01564603351193855,0.01562933594506301,0.015615300763754896,0.015603804237553903,0.015594799162152801,0.015587768267480184,0.015576580873120825,0.01556781237714401,0.01556128745028102,0.01555700256441059,0.015554397683397636,0.015548005626391494,0.015543765142122214,0.015541527157295535,0.015541233076907732,0.01554234910586649,0.015539643697077209,0.015538741316574579,0.01553950265994449,0.015541845658789613,0.015545258983012507,0.015545200359382208,0.015546618403245505,0.015549381776257105,0.015553440645909756,0.015558509848769048,0.01556058408723151,0.015563916872847383,0.015568326976107227,0.015573765467432108,0.015580070962678246,0.015583116638491289,0.015587145927841757,0.015592052833385656,0.01559780481109012,0.015603644435249356,0.015604715441535695,0.015606581330119659,0.015609062380641085,0.015612166679676699,0.015615258955491979,0.015613743111489315,0.015612759897737274,0.015612238266838021,0.01561210178411532,0.01561187042099234,0.015607570682739038,0.015603661401878629,0.015600043033747051,0.015596622466290802,0.015592992925019415,0.015585365526547039,0.01557798251490649,0.015570738419095098,0.015563650057380744,0.015555814754649934,0.015544172146610167,0.015532637239290896,0.015521155992942856,0.015509685773363485,0.015497327812615473,0.01548159665236468,0.015465848227184619,0.015450076653208347,0.015434287180315762
BRA,Ninth,18.684707198058767,18.866832769142693,19.04689530239873,19.23240205819891,19.429425690482798,19.638737303588133,19.850895763139498,20.073160281041076,20.305113859201,20.546971357665985,20.799062192238466,21.05312550064746,21.3178286126903,21.59308522919763,21.877511414618006,22.17368565768213,22.472690053763742,22.78469667061055,23.110622906680288,23.450515293065518,23.805638819269607,24.1639527698118,24.534761792087377,24.91769298801867,25.312634131230123,25.718478542426,26.123458567399123,26.540068284640437,26.970164819902564,27.416927425041525,27.88125699245703,28.34845823917682,28.827768674008926,29.319796885832034,29.82344643529322,30.337438767807136,30.84869802277614,31.37143686898997,31.90736927267761,32.45574483198144,33.018607315926,33.58357962408716,34.16069204274044,34.7491443164058,35.34845925531041,35.958458084067914,36.56346274154487,37.17521583952112,37.79696966312441,38.43171445626314,39.081388287171464,39.73098605874079,40.39153287469871,41.062100788026996,41.74353856282269,42.435906948806036,43.121287207248706,43.81467759361056,44.51470378754472,45.17250653600362,45.88587393331325,46.59149644256853,47.308531424450074,48.03805772251152,48.779600312491304,49.53347324998973,50.2759604111168,51.0259208434763,51.78315845308759,52.54676002005651,53.314992149155906,54.063097867982336,54.81688539127717,55.58148402722739,56.36209872131389,57.1560716778621,57.9329653633774,58.71770813452379,59.5092592277316,60.30651841219059,61.10694906796396,0.04697700850510585,0.04682829724841697,0.04665506250495513,0.04649274611829874,0.04634230786740953,0.046204841927161996,0.046079039342396384,0.04593576174555364,0.04580805453322174,0.04569650841913786,0.045601762500386625,0.04552240671236409,0.045435599709798824,0.045399193726844506,0.04536843607731036,0.04534315851540065,0.04532180752293309,0.04528789734548946,0.04525938481909049,0.045236021923987936,0.045217718712689134,0.045203424850951884,0.04518067683188686,0.045162843342030454,0.04514957035142274,0.04514085325343155,0.04513555323748183,0.045122547307389384,0.04511391826311326,0.045109363080111084,0.04510876454900471,0.04511103567241262,0.04510552980208548,0.04510369322668314,0.045105243038580475,0.0451100119897939,0.045116958397472796,0.045116838699521294,0.045119724264859155,0.04512534784816515,0.045133606478742795,0.04514391996170218,0.04514813939152022,0.04515491948728653,0.04516389002570748,0.045174951371991144,0.04518777355753006,0.04519396644198536,0.04520215943067323,0.045212135726403216,0.04522382805169654,0.04523569673261181,0.04523787339227256,0.045241666077010655,0.04524670798317788,0.045253016436750164,0.04525929938087826,0.04525621928110482,0.0452542214533232,0.04525316139182553,0.04525288336292355,0.045252413406354865,0.04524367651579399,0.045235731090382064,0.04522837753661945,0.04522142490132455,0.045214046898830615,0.04519853955716459,0.04518352680450875,0.04516879432722731,0.045154377270660746,0.04513843733893589,0.0451147464392952,0.04509126829393574,0.04506789421018706,0.045044537012863727,0.04501936432774748,0.04498731146172336,0.04495521131101668,0.044923052890524784,0.04489084671683767
BRA,Tenth,47.6690096865838,48.20432599380334,48.75086717065697,49.30994844382025,49.89223547629117,50.49914608922241,51.107584118845615,51.74848481805387,52.40932931461822,53.09056378343944,53.77828001473722,54.47578630609419,55.20408114920634,55.93983793298832,56.69900564191852,57.48625092754409,58.27902635125122,59.10998974494759,59.97343283509087,60.869583944793014,61.801491107084665,62.73698761903973,63.70910856845778,64.71101110619453,65.74283073371858,66.80291965842432,67.85959856431937,68.95082848407068,70.07153946021808,71.23239166552837,72.43251585783806,73.63799736896038,74.87735719913557,76.14884913127842,77.44721352778431,78.77394589093917,80.09293114256715,81.44724246344589,82.83016908850297,84.2441783987925,85.690237285988,87.1319588310485,88.60710787304744,90.10835278914345,91.63562431993198,93.18817445072659,94.72837102719839,96.29169031313037,97.87841691487768,99.49101858203682,101.13775864707546,102.78625754475128,104.46513584084839,106.1701258391588,107.90062013729468,109.65684547311128,111.39045683625793,113.15580851364939,114.9378045978314,115.50841186581506,117.36728109214508,119.20481558095126,121.07749704249554,122.97952725529626,124.91051121743611,126.87141460755707,128.80239181040662,130.76213608191694,132.74228468025262,134.7415783176756,136.7570464406554,138.72573383881087,140.71976257485943,142.74021226694154,144.79654275792007,146.88469536983163,148.93026052453973,151.00501539448408,153.09983442477068,155.21295825939023,157.34003929598973,0.9266170367971853,0.926902182020862,0.9272339189823467,0.9275443292400883,0.9278316609641454,0.9280939116334588,0.9283336573424622,0.9286064100032374,0.9288492565129349,0.9290611667775558,0.9292410111200068,0.9293915374508926,0.929556086418992,0.9296250620758595,0.9296833208409194,0.9297311891301835,0.9297716131314773,0.9298358022616573,0.9298897608184636,0.929933964207779,0.9299685889795473,0.9299956252373281,0.9300386460061415,0.930072366976033,0.9300974612907486,0.930113940798888,0.9301239598252276,0.9301485443544748,0.9301648538577525,0.9301734626240665,0.9301745939087438,0.9301703014700459,0.930180707351806,0.9301841781364089,0.930181249448849,0.9301722366513049,0.9301591080000134,0.9301593341759018,0.9301538801253031,0.9301432509107489,0.9301276401831953,0.930108143583901,0.9301001664512797,0.9300873487338543,0.9300703881316486,0.9300494728822772,0.9300252251078821,0.930013513280916,0.9299980183473178,0.929979149384112,0.9299570318459727,0.9299345790845325,0.9299304610664054,0.9299232859680121,0.9299137465767019,0.9299018108385849,0.9298899222213275,0.9298957501689744,0.9298995304570417,0.929901536268033,0.9299020619346551,0.92990295123871,0.9299194823479257,0.9299345139367877,0.9299484259890943,0.9299615783202854,0.9299755343885627,0.9300048649618767,0.9300332563620466,0.9300611146352695,0.9300883740460296,0.9301185086039772,0.930163288550224,0.9302076581056941,0.9302518227716821,0.9302959477523697,0.930343492487265,0.9304040186364531,0.9304646178062375,0.9305253116221778,0.9305860796669272
CHN,First,1.3190796463239256,1.3969329921453968,1.4761450882103238,1.5580798937431646,1.6434751869895161,1.732591202530866,1.821886658929727,1.913243113893605,2.00783971603033,2.1057451374821787,2.2071761004427968,2.307422566026394,2.409356468789561,2.5227046969071756,2.640089175650388,2.7620478322794093,2.8842375349362346,3.0101220742541512,3.141048318476197,3.277218602603802,3.4190649249121132,3.5611168633885146,3.7072215771633275,3.858661089289154,4.015610122108443,4.178098319435811,4.340555931828417,4.507568262832403,4.6809274075113825,4.8614811902561526,5.050034128126386,5.2397827408746585,5.4352351433698916,5.637972649287386,5.848073228734125,6.065544315865725,6.2829988192827955,6.5070042335596,6.739594083661753,6.980924460427449,7.2318710448222,7.483685463853228,7.743346756775345,8.01253814960069,8.291539309749277,8.580747350679243,8.868724885721285,9.164481477333757,9.470955335032428,9.789388854875243,10.120705972682755,10.453712101539915,10.797572073160769,11.153951084825628,11.523598429633768,11.907116313397927,12.293349551185141,12.692258690722488,13.105064635566936,13.532604810066971,13.976239662545238,14.42480558499071,14.889728024431152,15.372713833014728,15.87433144186593,16.39542919659758,16.92225436022459,17.46772366455708,18.033028388458515,18.61870355121425,19.225180259178153,19.835589003555675,20.46728812689239,21.123447586618074,21.806752623300742,22.517455674994835,23.234813381274762,23.97742583447534,24.747390866909168,25.54554010387554,26.372315178353197,0.00010436449867237304,0.00010566083452757872,0.00010703715824828246,0.00010870624993755897,0.0001106688882768354,0.00011292827864961698,0.00011524224449399892,0.00011750478027301492,0.0001200403953877631,0.00012283831816136464,0.00012589100417040398,0.00012887234333955038,0.0001317515758123247,0.0001367845187735955,0.00014225169192590603,0.00014818087775255462,0.00015441726633904737,0.00016092673635048366,0.00016798137869119165,0.000175614710134311,0.00018386879206794805,0.0001925434859385122,0.00020163689292444103,0.00021146669978768876,0.0002220816257041481,0.00023354364790095054,0.0002456960699007557,0.0002585182386005241,0.00027236890712728517,0.0002873257418005781,0.00030355177076240507,0.0003208796732758124,0.000339292213170382,0.00035922194007903204,0.0003807866604027891,0.00040412525634541107,0.00042907544168906885,0.0004556880335959752,0.00048451355196994046,0.0005157457477836517,0.0005495971205514121,0.0005858130288223884,0.0006245434637840407,0.0006665523570833767,0.000712132369616734,0.000761612183202821,0.0008145018017522857,0.0008711876055712476,0.0009327445603166032,0.0009996234704760572,0.0010723160950920933,0.0011506217631093425,0.0012350153249947328,0.0013268297201787485,0.0014267531991897695,0.0015355739297660187,0.0016537598592057676,0.0017819364390726045,0.0019216933978019777,0.0020741552684470773,0.002240529594841313,0.002422178902930748,0.0026200548448291217,0.0028363300535756628,0.003072785196577175,0.003331393549804397,0.0036143499409033897,0.0039236132472927135,0.004262262797908788,0.004633145591886363,0.005039498378621225,0.00548258836090915,0.005967069413610791,0.006497899876212347,0.007079725883036874,0.00771751062804659,0.00840866415161823,0.009163452573096706,0.009990050474137346,0.010895289437580485,0.01188664693642267
CHN,Second,2.3382909043197815,2.475287423576578,2.614747664886386,2.7585478564899573,2.907729532144625,3.0626663346235867,3.2174623998262795,3.3756542016548203,3.5388195813012624,3.707065322065744,3.880676462200226,4.052007000178983,4.226150414483958,4.415907714641627,4.611532987965048,4.813761097649822,5.015238483759795,5.222014143499648,5.435853632849677,5.657018671379195,5.886084282120114,6.114050363008955,6.347604642568902,6.5883786448436785,6.836584930756261,7.092232135032978,7.346120944692276,7.606014209562324,7.8741895945597,8.151759661995756,8.439726737917555,8.727168768262349,9.02181075202973,9.325588497626697,9.638540776942115,9.96060922747128,10.279992188652246,10.607285302283037,10.944949536593777,11.293102578193665,11.652802923503176,12.010317449564388,12.37693949399798,12.754563266669491,13.143433380843552,13.54393617740121,13.938883354885446,14.342246633503816,14.757437863496653,15.185907695362088,15.628677927822705,16.068824656897345,16.520476686254042,16.98531712582732,17.464095902154657,17.957346827768294,18.44825331744305,18.951771840426453,19.468998479174285,20.000714075344728,20.548342057625355,21.09496279495521,21.657285761052535,22.236935120894028,22.834251149403894,23.44989321400416,24.063716755693925,24.694103158672508,25.341958255795415,26.007477966770846,26.69068096728756,27.36834675548163,28.063568157805555,28.77941900140071,29.518485091761672,30.280410656911684,31.039004915295365,31.817196316234423,32.61640509939251,33.436860062049256,34.27828602422495,0.0006421085405129262,0.0006486375467563782,0.0006555529572588372,0.0006639167777229082,0.0006737206591963085,0.0006849662464538025,0.0006964393013448997,0.0007076152220060534,0.0007200915874356124,0.0007338006566893708,0.0007486903859662405,0.0007631658997206991,0.0007770851114561034,0.0008012776831000356,0.0008273655441130978,0.0008554416702052569,0.0008847406356416064,0.0009150807312120998,0.0009476957771837467,0.0009826894239427183,0.0010201989818122612,0.001059269091904056,0.001099858714531431,0.0011433356707356015,0.0011898433837585055,0.001239575310174336,0.0012917810056652208,0.0013463140767532294,0.0014046233285134482,0.0014669320022584825,0.00153380175780867,0.0016044282497146842,0.0016786425745062188,0.0017580642016678046,0.0018430056380767832,0.0019338423716291908,0.0020297787846037096,0.0021308588782876104,0.002238987057695267,0.0023546575218385004,0.0024784029936176346,0.00260905027166068,0.0027469152410017185,0.002894437149287398,0.0030522987644863954,0.0032212618337588007,0.003399301795100904,0.0035873925145861554,0.0037886846461809773,0.004004144935255051,0.00423480241255833,0.004479466790889135,0.004739074243672128,0.005017075276345305,0.005314786903902441,0.00563371770820011,0.00597434571340062,0.006337543459437953,0.006726770022020706,0.007143966368600942,0.007591132504898516,0.008070503110354616,0.008583062578484093,0.009132765454080477,0.009722260074129418,0.0103544133641275,0.0110323409287438,0.011758302080829225,0.012536859788733472,0.013371605924391758,0.014266594949758132,0.015221237209026761,0.016241950280770617,0.017335091952969197,0.01850569233239303,0.019758771566298048,0.02108438615768779,0.022497129636339975,0.024006249325941465,0.025617476464385412,0.027336784688933476
CHN,Third,2.957392185593111,3.1296787581903356,3.305016916528031,3.4854414717639246,3.672135714768589,3.865516307767081,4.0584066113487545,4.2554139506015645,4.458139982337374,4.6667066300520865,4.881405054685138,5.093099323563559,5.308222981091873,5.539712808032149,5.777666426382577,6.022894672894381,6.266381324111519,6.515720877385812,6.772713653271189,7.037627658536874,7.311081678117558,7.582193883319794,7.85930817094768,8.144030658774966,8.436567492779853,8.736886011155713,9.033854819348608,9.337060402410918,9.648807705167826,9.970310514032754,10.302584579326991,10.632589856457912,10.969870562693549,11.316315229826838,11.671906700919935,12.036517224957818,12.396130667647187,12.763499284654682,13.141043035452077,13.528816568601352,13.927912280858095,14.322209512472115,14.725235834859015,15.138706101558343,15.5627970036509,15.997832356913394,16.424090923343037,16.857932916271153,17.302660861483822,17.759752876338162,18.23020646960123,18.694565830881476,19.169304177258677,19.65581687768776,20.154785359451356,20.66663478092706,21.172068890123505,21.688304103944613,22.216154751284005,22.756295226588712,23.31009074376954,23.858140153472725,24.41942881319426,24.99533618145781,25.586021948980907,26.19197122683585,26.790489088395027,27.402101287878555,28.02742573058022,28.666436250415224,29.318886399225903,29.95954630202922,30.613311313519482,31.282978177530048,31.970939883027924,32.6765045520479,33.37254764879882,34.08268246398862,34.807766502007965,35.54769917383093,36.30183924256928,0.0013554076191526563,0.0013673793823165351,0.0013800415908520683,0.0013953314475184584,0.0014132201309283929,0.0014336955268896535,0.0014545374296402911,0.0014747942121836471,0.001497355929216433,0.0015220848748734375,0.0015488713868732295,0.001574842017387361,0.001599750476396243,0.0016428966506680026,0.0016892210276498846,0.0017388493821104071,0.0017903977878226068,0.0018435270489084508,0.001900365705736741,0.001961045430124884,0.0020257510235179815,0.00209279291459723,0.002162072916943199,0.0022358803528697334,0.0023143925198514186,0.00239786528879085,0.0024849766167678263,0.0025754339952098635,0.0026715739219551845,0.0027736737727522246,0.002882551460714868,0.002996799339548295,0.0031160635003754395,0.0032428440284243973,0.0033775081088010714,0.0035205092429870916,0.0036704617435662696,0.003827317732792892,0.00399388506699,0.004170738988471855,0.0043584945659912045,0.004555185599633208,0.004761122089557954,0.004979738169187015,0.005211784350169976,0.005458098583027062,0.005715476448297122,0.005985098755918985,0.006271186379988099,0.0065747501101438895,0.006896845692850656,0.007235430759999471,0.007591433118769846,0.007969145782890588,0.008369839021799882,0.008794982585739899,0.009244627246295992,0.009719325263266257,0.010222930370197255,0.010757195416263047,0.011323862866902588,0.011924880296402963,0.012560553213839578,0.01323478004480139,0.013949692370051035,0.014707561679044657,0.015510821679474486,0.016360766787491356,0.017261242884142474,0.018214770563896133,0.01922422088720428,0.020287132042318932,0.021408765387758558,0.02259399554835931,0.02384595145786183,0.025167506024072275,0.026545830898687808,0.027993706835011404,0.02951773705584037,0.0311205446171754,0.03280468396971247
CHN,Fourth,3.8073685240992923,4.028234088812141,4.252996665006255,4.483908085700978,4.722335186639121,4.968755983833277,5.2142211644004615,5.464804941261743,5.7221729978406035,5.9864715380008375,6.257963799274534,6.525503393882164,6.797333439060574,7.0868177614804395,7.3836848196523235,7.688852644313789,7.991000737330096,8.299847701827568,8.617279127903307,8.94358400184726,9.27945369265059,9.611387263762516,9.950026759104398,10.296997868081476,10.652515664604817,11.016513833826057,11.375149829234442,11.740543749729486,12.115092989126225,12.500170006147782,12.896839264136522,13.289093780220782,13.689021204976777,14.09852982176617,14.51755249058039,14.945905852080664,15.366437075399162,15.794923005003058,16.2338213770594,16.68314585426892,17.144068308715777,17.597021140703543,18.058735498706344,18.530814420489527,19.013390944864817,19.506755743618356,19.987466965815546,20.47535177703234,20.9737282833419,21.484170388117565,22.007709635141744,22.521104490545767,23.044324147278857,23.57855226181182,24.12445220628994,24.6823826525829,25.229390532596977,25.786079718025462,26.35305115317503,26.930929885339182,27.521104499410495,28.10049369036835,28.691582638429214,29.295605689211104,29.912596338674177,30.54293471348838,31.160026676679458,31.787889114080105,32.426941472448966,33.07699754264525,33.73760577774708,34.3800290631642,35.032531824980175,35.697818725624906,36.378259437361415,37.07289487168081,37.75207266780568,38.441652259805174,39.142094975720404,39.85307542879481,40.57368105201647,0.003030004012380067,0.0030535317279124946,0.0030783879801816213,0.0031083634545880897,0.0031433805373886846,0.0031833914232033953,0.0032240432888411314,0.003263482202939449,0.003307326988917566,0.003355285586353021,0.003407121636256982,0.003457268176343604,0.003505263265437179,0.003588172632449321,0.003676874726000282,0.0037715533907417627,0.003869522985893043,0.00397011186475937,0.004077303928228448,0.004191276050655777,0.004312298981160593,0.004437154180338367,0.004565621615995012,0.004701883575373595,0.004846174554474591,0.004998865367478461,0.005157452349735226,0.00532133983870198,0.0054946711128472546,0.005677822591277699,0.0058721224396199164,0.006074928047035147,0.006285506565566197,0.006508139245630068,0.0067432966005081165,0.006991585115225289,0.007250429645617868,0.007519600427090339,0.007803730823319861,0.008103567223862114,0.008419898912316153,0.008749185559662004,0.009091747236021446,0.009453042757121256,0.009833992558279941,0.01023563084433322,0.010652433669590643,0.011086054523687027,0.01154293678993722,0.012024266855168976,0.012531260280128666,0.013060265585228397,0.01361232457321715,0.014193599246473893,0.014805460682277515,0.015449523311301085,0.016125217190221065,0.016832720474625223,0.017577055127581533,0.018359992032502444,0.01918320994704043,0.02004860016057672,0.02095563344147882,0.021908829247797544,0.022910050282236756,0.02396125139283936,0.025064494745907242,0.026220180260544138,0.027432062666160155,0.02870193682351189,0.03003192264057289,0.031417074572755305,0.032862491860321814,0.0343724848300328,0.03594889370560102,0.037593050660510746,0.03928693656586643,0.0410441931101305,0.04287031236813134,0.0447656812447073,0.04673041217360482
CHN,Fifth,4.5979178086475825,4.863522047157449,5.133749470692607,5.41095166556318,5.696640085363949,5.991333022062736,6.284535000475365,6.583729126055919,6.890492357665324,7.2049892417952845,7.527399712051917,7.84496793829889,8.167585333433914,8.50785980684838,8.856039260959419,9.213116053283768,9.565743176426396,9.925599253241723,10.29450857235422,10.672763953578308,11.061103183717895,11.44376098515233,11.833475588852831,12.231742811909859,12.638772681989474,13.05445469765749,13.462594893909978,13.877611570606309,14.301827078241216,14.736738344463657,15.183394762329126,15.623273023863407,16.070742962176098,16.527583702184486,16.993667166438964,17.468751642684214,17.93305647837713,18.4050010615467,18.886911000335083,19.37875019677692,19.881730530097965,20.373460216645054,20.873428112011595,21.382969787470916,21.902164724344722,22.43125213654966,22.943896101484206,23.46278090919348,23.99103888732532,24.53029301862203,25.081576105586006,25.61866211420402,26.164400235625553,26.71963680253284,27.284996460320745,27.860757591429355,28.421123657652288,28.98941338834765,29.565940921231217,30.151266926853797,30.74676888217237,31.326534398677634,31.915785569259356,32.515547197537806,33.12573399234477,33.7466175115451,34.34872427580305,34.958682927930546,35.5766973045125,36.202442464720505,36.83528969637486,37.44420845948,38.05973706615509,38.68441376690742,39.320545010955975,39.96695957985353,40.59280419608311,41.225090195519904,41.86386880861348,42.50863822690775,43.158281605078265,0.005528469600283733,0.005566094484851933,0.005605801878490811,0.005653630427903299,0.005709426130048813,0.005773077253430539,0.005837638556818469,0.005900170032670403,0.005969568267413156,0.0060453369856334664,0.006127067829854073,0.006205976496024917,0.006281355102574307,0.006411241521748068,0.0065497547384021585,0.0066971018091976035,0.00684904098907945,0.007004498017571803,0.0071695677259308085,0.0073444263967243715,0.007529387149694693,0.007719453826865382,0.007914246716672456,0.008120025781780931,0.008337023357622776,0.008565667972986898,0.008802102119668172,0.00904535943666558,0.00930147791427847,0.009570855845193732,0.00985527003284997,0.010150690617527084,0.010455923825184472,0.010777012423521411,0.011114419443601737,0.011468789252117256,0.01183624166586724,0.012216281386451111,0.012615229969189973,0.01303385456216466,0.013472958348482318,0.013927362929282568,0.014397287721625237,0.014889928859429231,0.015406176014737191,0.01594703737236543,0.01650474367536062,0.017081227625330042,0.01768467711434545,0.01831618284896847,0.01897683324604599,0.01966139833390918,0.020370794486467305,0.02111241250148567,0.021887374292791924,0.022697058023299625,0.023540063132468238,0.024415942439129278,0.025330165574154573,0.026284065601249483,0.02727879059805442,0.0283156789001507,0.029393125307584585,0.030515463838812738,0.03168375423891001,0.03289907426341901,0.03416253471490813,0.03547327232121061,0.03683414885364049,0.038245668886843213,0.03970859771509103,0.04121593415123329,0.042771643186167885,0.04437858014425082,0.04603677308740777,0.0477455941086295,0.049484545785871976,0.05126590637352371,0.05309307954109292,0.05496409401939723,0.05687659749583975
CHN,Sixth,5.725069527815439,6.054475411979137,6.389558113151697,6.7327910095268875,7.085877711589174,7.449393079466686,7.810645792782601,8.179133469903263,8.556302414417539,8.942345474571766,9.337217243471217,9.726062720267972,10.121041491467688,10.53364694548443,10.954915985847522,11.385942457426223,11.810503277762383,12.24306450952618,12.685366346843546,13.1377119646681,13.600912722512655,14.055977233007843,14.518647170789844,14.990246172229485,15.470987634166924,15.960713459613713,16.43984471138547,16.92610417732786,17.421711745565432,17.928362271319145,18.447088672433004,18.955771950052497,19.4720577897979,19.99757995104173,20.532134810883438,21.075428437092075,21.603904961719245,22.13977354068109,22.68520251545214,23.24011592351125,23.80579588198573,24.355740745240738,24.91345256419045,25.479949261977918,26.05526056590421,26.63958325318832,27.20238187612818,27.770478730757258,28.346813562836978,28.93310530137462,29.530423712751176,30.108113806014316,30.693292655738432,31.28641935347559,31.888100276568498,32.49854216848034,33.08781239355758,33.68320649236858,34.28471984637699,34.89286826400241,35.50906258474403,36.10325385594456,36.70471551745837,37.31426860682439,37.931717785760576,38.55724409541284,39.15711383405204,39.761911242253944,40.37162510714869,40.98580401119221,41.60364238805191,42.19049901312369,42.78054786626698,43.37622081028226,43.97983789445609,44.590013268691074,45.17358859789096,45.759819033262936,46.34834472907775,46.93850815977844,47.52899507555372,0.01112627180284902,0.011191652380199979,0.011260579897576171,0.011343506908628787,0.011440114205888556,0.011550149356992345,0.011661570804268438,0.01176931092734952,0.011888679872985131,0.012018766171379765,0.012158811452641458,0.012293749991444851,0.012422407689958262,0.012643547538354952,0.012878618614051006,0.013127841623198981,0.013383946541368735,0.01364506866918972,0.01392135182029394,0.014212935559249249,0.014520181278410798,0.014834671235324897,0.015155710122291065,0.015493492708736152,0.01584821147473329,0.016220367132998577,0.01660351798453927,0.01699598548705625,0.017407345339514407,0.017837999083561762,0.018290525026093588,0.01875826969600164,0.019239164871085877,0.019742495375445694,0.020268673988044578,0.02081837604277187,0.021385294128021766,0.021968429520494496,0.02257717662359897,0.0232123083131863,0.023874624617598674,0.024555952023377698,0.0252563263081831,0.025986081684161322,0.02674603104681752,0.027537129506480133,0.028347575924815873,0.02917982945464521,0.030045216706645055,0.03094467070012731,0.03187908064851313,0.03284044441950903,0.03382950860582461,0.034855915258301694,0.03592041541252828,0.03702405682898688,0.038164084782029074,0.039339064471704877,0.04055542198745365,0.041813895880708045,0.04311491282896801,0.044459076030930106,0.045843148820644414,0.04727148011022312,0.04874407767131078,0.050260890278523464,0.051821837056996126,0.05342433221519272,0.0550702800037856,0.05675858938232165,0.05848839055454203,0.06024968421394872,0.06204538933159255,0.06387685956613953,0.06574203384954863,0.06763801427249398,0.06954023830616213,0.07146039691305532,0.07339990106683165,0.07535419171868755,0.07731824631218703
CHN,Seventh,6.858347173133975,7.251188761287485,7.650664647530308,8.059217065788518,8.478707748750281,8.909744066626635,9.33758704046656,9.77382753376168,10.219550339220918,10.674970557099545,11.139653039006081,11.597171149170938,12.061849912674399,12.542296454814615,13.031668586430545,13.531129719103639,14.02175488698969,14.5207858261249,15.029669356108162,15.548698223797514,16.078733761553245,16.597799620606217,17.124598725019258,17.660063294582425,18.204394547468183,18.757371527024432,19.296252834097814,19.84201535679848,20.396542927060572,20.961716439330388,21.53846630299073,22.101414085406617,22.671374915301417,23.24963682069032,23.835901110230846,24.429820543821474,25.00446464409957,25.585614109986995,26.17505170818067,26.7726550202782,27.37973695323767,27.966206260516294,28.559290082199993,29.159472134085917,29.766720637889502,30.381171433610973,30.968866211037373,31.560266307858424,32.15786187624232,32.76342833202185,33.3780421318895,33.96734066704189,34.562219291100625,35.162572659646926,35.76897283605365,36.38153977577918,36.966966727870755,37.55593934143836,38.14803141563826,38.74370096948515,39.34436541529326,39.9166460170252,40.493176703045926,41.07449301061944,41.6602976868952,42.25068263283211,42.80865011413687,43.36790043581623,43.928180325077214,44.488935636003845,45.04921018911101,45.57201090979218,46.09403723256596,46.61753339836253,47.144795084699346,47.6742719743604,48.17193286244842,48.66810277463958,49.16197516111315,49.65278198783595,50.139076543790495,0.019803714639935792,0.019901028336555746,0.02000350563835679,0.02012664200736952,0.0202698794668181,0.020432749403696136,0.020597374451145668,0.020756278389127993,0.020932013022771898,0.021123146352535337,0.021328473905232074,0.021525889536717524,0.021713731955393677,0.022035733652558526,0.02237683819768948,0.02273717096350257,0.02310607689926059,0.02348079919766135,0.02387575703354266,0.024290922145732332,0.024726572961421316,0.02517060492263507,0.025621950370934142,0.026094769467572887,0.02658905990334753,0.02710523865590796,0.027634143304575087,0.028173309160238195,0.028735666120291256,0.029321434117384488,0.02993375317083866,0.030563298203499886,0.031207051485338005,0.031877130427624877,0.032573664364965366,0.03329710896136045,0.03403878376022752,0.03479709450017745,0.03558386332885561,0.0363995746286045,0.03724471248118406,0.0381083982994208,0.038990323837042325,0.03990301990153083,0.040846870397484594,0.04182240103898073,0.04281453716157945,0.04382589127285245,0.04486963818183988,0.04594614233450128,0.047055667526905216,0.04818800668258912,0.049343428159725894,0.05053242515724621,0.05175493211325084,0.05301117189410866,0.054297034442020706,0.05560997654023097,0.05695614785931948,0.05833519918791221,0.059746377632058055,0.06118906540616908,0.06265851905960138,0.06415802308358921,0.06568612652788196,0.06724125924345425,0.06882174697381119,0.07042336441934828,0.07204633157005325,0.07368777609094945,0.0753449784583205,0.07700660119930183,0.07867365371401691,0.08034540540875205,0.0820178224065682,0.08368606014954734,0.08532673658076713,0.08694827554924965,0.0885495937089921,0.09012440665554386,0.0916660528249748
CHN,Eighth,8.837101990051769,9.340819173289365,9.85288696653665,10.375677916903896,10.911311127847203,11.46045252727565,12.00478209791412,12.55954776068725,13.12522548359716,13.702074424946352,14.288496477043468,14.866154696679606,15.452774928042516,16.052106373532695,16.66091871642704,17.280491560966826,17.887206617066255,18.50312891662045,19.129227544282585,19.76578770718151,20.41378492707264,21.045983442531544,21.686313537132104,22.335075787066906,22.992473823541314,23.658210295385,24.303849614856293,24.95617868846764,25.616518333085665,26.287158957172725,26.968850164491823,27.63042804264628,28.29831002108971,28.973303320105263,29.65494259686707,30.342863605642624,31.004093448532025,31.67075454897622,32.34403118792016,33.02378689885504,33.71140914281542,34.370217815664056,35.03421732014161,35.70309632755779,36.37676676939956,37.05530604506287,37.69852925795529,38.34343428688284,38.991889715773574,39.64581526725521,40.306359039240505,40.93212222702119,41.56107053712796,42.192289188345214,42.82634660510857,43.463275951077605,44.06360212513703,44.664196646570545,45.26404955671177,45.86358291819909,46.464293761338084,47.02667522345289,47.58957357320513,48.153172076460535,48.71707192675306,49.28129058378777,49.80268667194792,50.32089576812757,50.835370080546,51.345451848772996,51.85000803555155,52.30715976997066,52.75879633019247,53.207012049573834,53.65418550298706,54.098568843663635,54.50342601528156,54.90203069761724,55.29301403988173,55.67550401639923,56.0479007048258,0.044508046397847376,0.044678791703801075,0.044858359012151336,0.045073801240686356,0.04532396808900869,0.04560784906660401,0.045894169684234716,0.046169956240404555,0.04647428918444508,0.04680450340915007,0.04715833559359672,0.04749765570743687,0.0478197312473247,0.04837006171215234,0.04895062085852781,0.04956124125082954,0.05018359108560862,0.05081289834811177,0.05147311600296045,0.05216376322492459,0.05288485266497489,0.05361604185656522,0.05435542886684897,0.05512589982807474,0.05592694768421865,0.056758731144232584,0.05760607851826239,0.058464797036036485,0.0593550859124699,0.06027670006439504,0.06123393313622025,0.0622116358990638,0.06320473946575328,0.06423141088707357,0.06529111655931276,0.0663837937896129,0.06749570988970087,0.06862400889035274,0.06978564509273218,0.07098047023480929,0.07220829889276632,0.07345260177007121,0.07471241109089936,0.0760048618142688,0.0773294844752517,0.07868595526141481,0.08005252359222349,0.08143222049865519,0.08284213090087292,0.08428156059703426,0.08574962485773074,0.0872317614779524,0.08872744528502083,0.09024912397730549,0.09179530028646794,0.09336478202481326,0.09495100115093158,0.09654947458931368,0.09816620469904577,0.09979904913343954,0.10144534079439473,0.10310250849952522,0.10476328799455176,0.10642948939229986,0.10809740022623845,0.109763131158329,0.11142262280612865,0.11306915100355627,0.11470055495513687,0.11631137915418609,0.11789628016293978,0.11944193606660763,0.1209468578205531,0.12240753155619225,0.12381729287670327,0.12516875555732246,0.12644048526935095,0.1276366891854957,0.12875312178820733,0.12978147690798056,0.13071322634326696
CHN,Ninth,11.089211135873224,11.716962501514747,12.354698393284057,13.004270324788616,13.668001998267032,14.346559045831906,15.01801997685924,15.701991800903306,16.39758110419021,17.105082360047653,17.82062254082846,18.52612369677977,19.24246108534243,19.962755101408042,20.691756749257287,21.430795923136706,22.15151668487838,22.881372627010194,23.620209327613733,24.368251407896985,25.126568200332223,25.86266168764662,26.606270851588565,27.356375889059922,28.113157061503106,28.876201863004948,29.61119254103566,30.351425397533088,31.096944842210117,31.85055154704431,32.61255589598796,33.34617034340319,34.08385277747833,34.82537858523291,35.57004081657546,36.317492009303486,37.029014402343485,37.743329792292855,38.4603742028418,39.180009999588435,39.903635491269284,40.58848384265379,41.27548678034696,41.962918896549844,42.65062473436616,43.338599402769894,43.98165115669069,44.62284480962846,45.26276156747478,45.90341976327164,46.54601137974039,47.143060886319134,47.739252424479794,48.33237865415911,48.92299936018148,49.51104953969176,50.05206078060591,50.588378179890746,51.118140228140234,51.64173661844715,52.1607314412936,52.630773846392245,53.09597757606865,53.55599500824361,54.010365309897225,54.45905876031957,54.85449497158966,55.24092591016335,55.61745660400316,55.983401546354905,56.337524215029795,56.63540750495743,56.92218333731562,57.19965217688862,57.47024147037833,57.73212037290478,57.948660820693675,58.153847923206825,58.34566542923716,58.523247658594734,58.68498325645804,0.091965456464024,0.09219185102612137,0.0924294628868366,0.09271390462613222,0.09304331674912919,0.09341598383695672,0.09379063858446848,0.09415035830538661,0.09454600917109118,0.0949737680741545,0.09543035171326743,0.0958665040993253,0.09627895032986057,0.09698025282491511,0.09771540112024808,0.098483479263392,0.09926094441354884,0.10004163794708928,0.1008548300016298,0.10169914884613314,0.1025738107771097,0.1034536227396721,0.1043360921804802,0.10524801622199145,0.10618792844386171,0.10715513349646844,0.10813132087006472,0.10911130366216577,0.11011749854393925,0.11114865364956968,0.11220849268509074,0.11327933293786643,0.11435505448981653,0.11545451785283957,0.11657597732146703,0.11771817759925379,0.11886580361717554,0.12001526346178173,0.12118287104148981,0.12236714397470529,0.12356652829281069,0.12476382228478972,0.12595739033319128,0.1271623683797537,0.12837679279936065,0.12959879046090686,0.13080765488300358,0.13200536977145624,0.13320550970156858,0.13440573632013653,0.13560350605753602,0.13678543989417147,0.1379499561430248,0.13910513135716174,0.1402477668432155,0.14137484156546581,0.1424795556431941,0.1435568874479895,0.14460872481451567,0.14563114475327188,0.14661983342964288,0.14757049739372327,0.14847626216885412,0.1493352517166864,0.15014232199648192,0.15089221265471642,0.1515795256436333,0.15219781813147093,0.15274239119629768,0.15320713567039818,0.1535859352279392,0.15387130724752227,0.15405865574508248,0.15414222890286008,0.1541155429307302,0.15397205990895516,0.1537088966536613,0.153320126132399,0.15279903918528256,0.15213965048507735,0.15133615461749006
CHN,Tenth,21.98306303984111,23.207456527059477,24.44946988500434,25.707485142857628,26.984530077423084,28.28118225570584,29.55897372387559,30.858985590591203,32.1726255719182,33.50040332723444,34.8036867022464,36.109126217776804,37.43400664354658,38.71277524835806,39.99520851291075,41.282574453394034,42.52642557111239,43.77893132102247,45.0339308453095,46.291226664885436,47.553099171190375,48.76165073205372,49.97603343470272,51.18824431223521,52.398626844858555,53.606631722808515,54.745276814256876,55.88354196159404,57.01374331517536,58.144058596943324,59.27129355740217,60.33098121801975,61.38539401844447,62.43075075845613,63.46430224820793,64.48738563818478,65.4324607219583,66.37140992435388,67.29757398345215,68.2119589883285,69.11583959192494,69.933124454784,70.74245346000448,71.53592231344619,72.31353456492425,73.07528736366073,73.75228897545094,74.41654938107844,75.0632769671724,75.69525623247478,76.3143871342453,76.83758735954746,77.34765012264683,77.83724174139094,78.30729273201332,78.75773897167782,79.1200103438434,79.46303134497487,79.78183493746533,80.07709438443734,80.35110037070622,80.53584065936221,80.70134948701258,80.84563391128086,80.96841237056158,81.0699032906337,81.08001014031669,81.0666271362194,81.02793501648588,80.96350755166539,80.87205517616674,80.69343248415025,80.49151978760229,80.26761197584099,80.02490356058006,79.76154384367642,79.43486727861084,79.08772858045161,78.71616019029227,78.31958284505055,77.89653083890279,0.821936156424342,0.8212953725769568,0.8206212710000476,0.8198121968595128,0.8188723051433163,0.8178052096071237,0.8167283456547438,0.8156905296876588,0.8145446255803362,0.8133004695710696,0.8119663850921414,0.8106860757322593,0.8094699732457866,0.80739003126528,0.8051930534813924,0.8028791397690693,0.8005173213954375,0.7981254514391457,0.7956120306258021,0.7929781782123787,0.7902230773898298,0.7874238457461592,0.7845873816023791,0.7816252296930772,0.7785383370524274,0.775325011983061,0.7720429311608212,0.7687076390685722,0.7652396888990635,0.7616386031318063,0.7578859985200009,0.7540397373364672,0.7501185610092036,0.7460491636176935,0.7418315513148199,0.7374636923686967,0.7329984213235301,0.7284454571689756,0.7237340974441584,0.7188619388045738,0.7138264837746815,0.7086926282332796,0.7034619326786934,0.698059968928177,0.6924844372237954,0.6867320829155301,0.680891251048276,0.6749457279772975,0.6688172750183051,0.6625029218281883,0.6560000631826391,0.6493671642926424,0.6426010200592827,0.6356383417226106,0.6284773712445759,0.6211142921283187,0.6135703108402328,0.6058571288752297,0.5979348861479094,0.5898013363576053,0.5814560098031991,0.5728970112992365,0.5641463525701321,0.5551775870581336,0.5459915314161826,0.536588812415742,0.5269697255094936,0.5171491995330638,0.5071138652841413,0.49686799191161535,0.486413581025011,0.4758065049363762,0.4650235232601253,0.45404992221423157,0.44289027147014914,0.4315526771241238,0.42017327963032625,0.408670123691698,0.39702091548554297,0.38523718844946475,0.37333119463756803
COD,First,0.14355622902761384,0.1496319863940897,0.15589986926465912,0.1625953013012164,0.1699162968413277,0.17794983519985036,0.1858903300730651,0.1945167874237634,0.203937921317834,0.214241975303402,0.22555154726876692,0.23785134663757188,0.25175190939306513,0.2673281487460687,0.2844462356710111,0.30335790114793376,0.3230082818897026,0.3445945297282915,0.36841379832512605,0.3946686658651409,0.42316462141134803,0.45120586830825377,0.48156129557591076,0.5144930857132307,0.5501778297839329,0.5881623397163015,0.6243827785934198,0.6629240397753388,0.7062251731742357,0.7576280528201214,0.8134895483540633,0.8713613418111471,0.9333684416227479,0.9999419842874526,1.0713106146503215,1.1476605784376535,1.2259064221440958,1.309276044375006,1.3984579657214393,1.4937502146012296,1.595842416154811,1.691277838621217,1.7876058732326785,1.8889562885826392,1.9955217442907585,2.1144540757300327,2.2416533869171458,2.3792503945985675,2.5242918018388374,2.6768259474927274,2.833619399723044,2.986613604916382,3.1471895619600265,3.315753613429249,3.492931650804934,3.679215933105195,3.8675566500341856,4.064231720797757,4.269559837780632,4.48448702476821,4.709407138176707,4.937237360937846,5.175495553012719,5.4252173192635595,5.686879920456787,5.961191071886146,6.238899893549112,6.527805766700894,6.828582288714861,7.1278556568024936,7.428270454878976,7.72676332806023,8.03336247670162,8.350080394345445,8.67906134887394,9.019890276504503,9.359590675062861,9.708616856792869,10.067064213632367,10.43488317019606,10.811476935779767,5.7084123779022335e-5,5.696584974974717e-5,5.6840666032303316e-5,5.676963318015316e-5,5.6751616812503606e-5,5.6785809227852824e-5,5.683982214378958e-5,5.687054935753668e-5,5.694891995143056e-5,5.7072519469345745e-5,5.723940338193177e-5,5.830904672767985e-5,5.9816621895545706e-5,6.172160325168018e-5,6.378739114725093e-5,6.602527821757892e-5,6.840832613952713e-5,7.090416456824881e-5,7.36036612433495e-5,7.652184125287778e-5,7.931616967986299e-5,8.107622370345156e-5,8.287473611172806e-5,8.481033323899462e-5,8.689049754165609e-5,8.87704234808349e-5,8.916320279652306e-5,8.952075516557186e-5,9.098506634017645e-5,9.489622647173754e-5,9.909020469321878e-5,0.00010356057559498543,0.0001082937743291878,0.00011336968286236013,0.00011881350323358271,0.00012465299756575035,0.0001308870775605255,0.000137515983772402,0.00014463827024184745,0.0001522936684187364,0.00016052546926826431,0.00016543337317579304,0.00016884072430742964,0.00017239882393546433,0.0001761127662181907,0.00018240766965242131,0.0001914932757587256,0.00020250807775686462,0.00021415721355869024,0.00022616964658784077,0.00023720844009664883,0.00024655078698445477,0.00025636664996623514,0.00026678284183486643,0.00027783908901549484,0.0002895816543682752,0.0003019945627629353,0.0003151107371997354,0.00032905388650399396,0.00034388423758679353,0.0003596637393076962,0.0003763656536851519,0.0003940608190223662,0.00041291032694495944,0.0004329981365368089,0.0004544147887551583,0.00047716401790803283,0.0005013559582515371,0.0005271818420430534,0.0005503818605038328,0.0005718873290984822,0.0005939851976030604,0.0006167288247564414,0.0006401896045167204,0.0006644040074070853,0.0006894070446173471,0.0007150304163773768,0.0007414308986163606,0.0007687142817397084,0.0007969240117319472,0.0008261071239346592
COD,Second,0.26639888824539676,0.27792204539818594,0.289900148348165,0.3026929920294724,0.3166116418578024,0.3318124991495162,0.3468102595888445,0.36308564409293104,0.38083154351480764,0.40021685744834395,0.4214637724825561,0.44413924367038266,0.46955671350837347,0.4978691848126431,0.5289401421254607,0.5631814036193313,0.5986118328303525,0.6374403934400754,0.6801359943178067,0.7270371330613223,0.7779391712028147,0.8284713330004272,0.8831112661684933,0.942277344316749,1.0062732372753485,1.074540859778529,1.140679335651033,1.2110903085928235,1.2891783546808437,1.379571722057754,1.477345735471503,1.5780728625649074,1.6856388649447231,1.800685956757169,1.9235787052126827,2.0546237710298274,2.188263527179433,2.3301114020351705,2.481151828782649,2.641834842348774,2.813150653084055,2.9756773959994627,3.141000462206169,3.31460202373904,3.4968102208118528,3.6969983259696093,3.9075485534251215,4.133115665661273,4.369950103713503,4.618224170175582,4.873937199996904,5.124234321767058,5.385975977969331,5.659721153541988,5.9463451265832985,6.246538197836293,6.5483235789413605,6.862318917605982,7.188943061428651,7.529325709147927,7.884257721341548,8.241438690317576,8.613277150117314,9.001119188150417,9.405584543730834,9.827592157354387,10.251820305762331,10.691209974352649,11.146582198553757,11.60202324062959,12.060794310968822,12.514691252983251,12.979820568066236,13.458839883633551,13.954590086622082,14.466547611035852,14.974294880886065,15.494576847885696,16.027501804864976,16.57301274806103,17.13033320156832,0.000391140707968669,0.0003904732569312943,0.0003897665001943896,0.0003893653482396453,0.0003892635887816876,0.0003894567258506481,0.00038976171572379254,0.0003899352324331536,0.0003903776651711329,0.0003910751707950561,0.0003920165973912297,0.00039803842611579925,0.00040649132599121615,0.0004171166804913858,0.0004285707215699166,0.00044090205385461317,0.0004539485619357358,0.0004675226374760752,0.00048210496249546155,0.0004977572040986673,0.0005126413151644782,0.0005219660856267466,0.0005314555697061882,0.0005416255295877963,0.0005525068380319541,0.0005622987713515962,0.0005643397359518561,0.0005661961027612474,0.0005737844327669672,0.0005939417064333404,0.0006153838810610731,0.00063805184828979,0.0006618522135770772,0.0006871582479732996,0.0007140609743007334,0.0007426602787300743,0.0007729119507723758,0.0008047794654572697,0.0008386930119191243,0.0008747898465014549,0.0009132174374511194,0.0009359469431540337,0.0009516504858487525,0.0009679834801038864,0.0009849624487903016,0.0010135832645181537,0.0010545575003869513,0.001103728423718042,0.0011551661855525503,0.0012076371859103658,0.0012553740482689132,0.0012954332089149525,0.001337201262218719,0.0013811791792475991,0.0014274885205255753,0.0014762731108723974,0.0015274157811611068,0.0015810016800569,0.0016374782926040243,0.0016970236671458917,0.0017598146223806955,0.0018256728477539345,0.0018948047636444677,0.0019677561759904815,0.002044756796452521,0.0021260509117422676,0.0022115468364202373,0.002301549107402448,0.002396646048641729,0.0024812526803851967,0.0025590189760485178,0.0026382950685257304,0.002719246048851005,0.0028020963684779604,0.002886941247046388,0.0029738679727099836,0.0030622621873923673,0.003152637548714724,0.0032453190441464165,0.0033404127373800672,0.0034380328524981165
COD,Third,0.3452082250280453,0.3602618721588937,0.37595072050171763,0.39270075503114527,0.4108892964833228,0.43071612695422484,0.45026356636331033,0.47147095735072714,0.4945758970425259,0.5197989524510086,0.5474247045439259,0.5765883077001915,0.609124849374265,0.6452363556885297,0.6848238911758114,0.7283880897281826,0.773355892344533,0.8225786687201998,0.8766042538168753,0.9358426190996534,1.0001507206867675,1.0643350293197393,1.1336932550837417,1.2087101192543301,1.2897572519593867,1.3763059645134332,1.460909236868736,1.5509966525320988,1.6501700432700914,1.7633073513545863,1.8853876348397636,2.010758900225517,2.1443853155759998,2.2869885183144802,2.438988080502941,2.6007360217819318,2.7651715272107036,2.9393191699704766,3.1242715451252585,3.3205320960136637,3.5292160721981345,3.7290483328909314,3.9332908214456768,4.147517632996039,4.372122266628817,4.6165703366674595,4.871018316458326,5.141963864071553,5.425790437273288,5.722836042557467,6.029289772637995,6.329946091286715,6.643711450073964,6.971153903133364,7.313238994799377,7.670718202937272,8.02887767371538,8.400719413862506,8.786642019350037,9.187723539416288,9.605093625052252,10.023518732512462,10.458012728670198,10.90998106391534,11.380058927999313,11.869208372101841,12.358896698637265,12.86474644593071,13.387551830482048,13.912205023411962,14.441816086986139,14.964392013030617,15.499132856192153,16.04894729911809,16.616961697180688,17.202579664856966,17.781740227549605,18.374285645752767,18.980277083010986,19.599628203389482,20.23145711358326,0.0008803649531166616,0.0008790551496456053,0.000877667892098702,0.0008768803837785819,0.000876680640352446,0.0008770598506660271,0.0008776585684775711,0.0008779991637760906,0.0008788675525467932,0.0008802363888883751,0.0008820833084203367,0.0008938833985736388,0.000910407077130395,0.0009311124811134598,0.0009533538575409472,0.0009772097736708034,0.0010023518536887669,0.0010284075870896608,0.0010562853852455804,0.0010860824544333013,0.001114299768387028,0.0011319210649351349,0.0011498099212306056,0.0011689335285632856,0.0011893408724366159,0.0012076583840331975,0.0012114708110089458,0.001214936901032539,0.001229089106519726,0.001266559646152671,0.0013062289450822067,0.001347960838196521,0.001391559552176382,0.0014376811701375379,0.0014864572312015105,0.0015380321959912004,0.001592289104081883,0.0016491269535866405,0.0017092715877614095,0.0017729175603566525,0.0018402714339221776,0.0018799229930306785,0.0019072388985522267,0.0019355826260133164,0.001964976182944173,0.0020143633470609303,0.0020847268764114892,0.0021686586977861743,0.0022558944815303365,0.0023443147022762685,0.0024242817405003845,0.00249105168211003,0.002560355090815515,0.0026329898631428992,0.0027091158327151805,0.002788925599461151,0.002872183893793884,0.0029589864333208703,0.0030500090959921225,0.0031454820603059024,0.0032456287046385276,0.0033501049074733252,0.003459178250879099,0.0035736415093466905,0.0036937770504127825,0.0038198823446280524,0.003951730631070299,0.004089705343387095,0.004234610605189759,0.004362801246499931,0.004480043957070836,0.00459900630247358,0.004719920247788992,0.004843102442677451,0.004968671592244195,0.005096733944888401,0.005226366622238891,0.0053583061743083995,0.005493003488984996,0.005630584165410999,0.005771183812855392
COD,Fourth,0.45338522890515903,0.47330127581497555,0.49410714335026473,0.5163152709182753,0.5403896916509474,0.5665895161559834,0.5924035688054582,0.6204021126193741,0.6508856782236252,0.6841462690797373,0.7205536928605762,0.7586525500168928,0.8009944870827278,0.8478515173870114,0.8991779453982534,0.955595133233419,1.013715207822309,1.0772726659935252,1.1469252572662885,1.2231831188162945,1.3059838819287488,1.3889896465938922,1.4786413357241586,1.5755188241836215,1.680089471985838,1.7918624743624667,1.9019212072910974,2.0191356631808737,2.147404262330282,2.2919856503939013,2.4476787720939504,2.607152657429157,2.776864521763282,2.95765271369758,3.1500219333143966,3.3543984728685325,3.561653625457856,3.7807572592875895,4.012959539193965,4.2588511688988,4.5197261287733,4.771487679865909,5.0298160513589085,5.300525389384231,5.584105718761362,5.890357210931535,6.206412866172992,6.541281963660503,6.891425690134066,7.257385846625325,7.635479072237764,8.00714429280258,8.394363794414955,8.797749836097845,9.218407485608319,9.657192898712204,10.095585112235606,10.549929880346756,11.020635143408738,11.508579619624523,12.015679837931481,12.522442939319989,13.04755480801074,13.59254384879411,14.158103345767985,14.745290864723962,15.331066792701451,15.934878651168022,16.55753980724451,17.184333598017815,17.81831682822893,18.442530395594172,19.080571944922266,19.735707632621637,20.41146805597372,21.107189287084203,21.793594019481947,22.494993971625178,23.21142347981696,23.94278385755353,24.688078872728394,0.0020717999641143266,0.0020690804762183634,0.002066199626210601,0.002064563918430946,0.0020641489490343745,0.0020649366580923305,0.002066180210719356,0.002066887608422462,0.002068691013932278,0.0020715330056896874,0.0020753669499926023,0.002099839052504994,0.0021340400541693776,0.0021767877789125784,0.002222575028551099,0.0022715385506186943,0.0023229806520966116,0.002376122229745668,0.002432793489695758,0.0024931592432753317,0.002550133120637756,0.002585619903445841,0.0026215745146889458,0.0026599327304645034,0.002700778362341781,0.002737366040645462,0.0027449720473286445,0.0027518846406277926,0.0027800828860980505,0.0028545451605809864,0.0029330723300977665,0.0030153554115550955,0.0031009726556891267,0.003191171213479719,0.0032861580393241437,0.0033861600591557034,0.003490896601526836,0.0036001209047449357,0.0037151693916096817,0.0038363429088601867,0.003963958792823441,0.004038800151484062,0.004090237324001965,0.004143507840858405,0.004198642840721769,0.004291037545554398,0.004422160722277669,0.004577805095606943,0.004738729430226859,0.004900992625566637,0.005047037418563698,0.005168483882500809,0.005294075207342465,0.005425211042027119,0.00556212454457699,0.0057051024012295054,0.0058536647011265645,0.0060079243487650225,0.0061690177450108566,0.006337277064756269,0.006513015348047165,0.006695551163389642,0.006885274251300338,0.0070834746700426,0.007290540667427932,0.0075068767673644255,0.007731986090106359,0.007966413908803165,0.008211403675022022,0.008427131310940163,0.008623636259770185,0.008822263733680018,0.009023386882222026,0.009227511155553886,0.009434810414016672,0.009645434516319676,0.009857847594383433,0.010073241767141706,0.010292326171915592,0.010515274496139959,0.010742273652217076
COD,Fifth,0.5569700193431212,0.581564659599019,0.6073000149265397,0.6347624015422245,0.6644951278855139,0.6968133114501117,0.728640101712548,0.7631556545983333,0.8007138942266454,0.8416751182375953,0.8864893814520048,0.933020196962554,0.9845556953325468,1.0414343727220658,1.1036893813226198,1.1720486560004457,1.2423466285041604,1.3191589785225746,1.4032275725275845,1.495148052212077,1.5949826153687,1.6954692596800258,1.8039536551770525,1.921083842250628,2.047409731290865,2.1825415215714967,2.3164610192868014,2.459107720691355,2.61438089560432,2.787521769486989,2.9736473727318593,3.16385206192869,3.365987550427338,3.580968840633499,3.809362187805862,4.051645870285684,4.296769716319412,4.555489831134498,4.8291578270324145,5.11842247884308,5.424709950326056,5.722460999105107,6.0290861340453565,6.350144302734633,6.686204429307988,7.046565487252711,7.415505921694802,7.804579995075123,8.21072524721549,8.634735276416993,9.073457310220801,9.505562224272229,9.955082600645786,10.422622086087104,10.909381190665197,11.416280600930811,11.92142871263604,12.444121509828896,12.98472829259682,13.543747121757734,14.124099953931307,14.702388662585376,15.300488317452801,15.919970519992788,16.56154645246876,17.22631961659168,17.887366107908235,18.567417317768918,19.267243872953003,19.973820529638814,20.689842588278815,21.393394350713873,22.111796195305327,22.84857304203023,23.607559110464077,24.38802453853967,25.156370940258768,25.940627743994938,26.740775495245153,27.556692441912116,28.38727853806225,0.003958950758747928,0.003954378054444443,0.003949533269373579,0.003946782003787529,0.003946084010878392,0.003947408879539961,0.003949500415571053,0.0039506902724879295,0.0039537230232232195,0.003958501890143802,0.0039649471541431825,0.004006051841078616,0.0040633952971956735,0.00413490297595433,0.004211294913268578,0.004292762145185572,0.0043781092886580235,0.0044660194318847015,0.004559488388534533,0.0046587399524946095,0.00475212752207341,0.00481015743980722,0.004868845844347347,0.004931341921899501,0.0049977609208580395,0.005057143870954128,0.005069475751322422,0.005080679270997261,0.005126343040824352,0.0052466355734529764,0.0053730465729070745,0.00550502469239653,0.00564184389825946,0.005785441342830015,0.005936076969305759,0.006094037663661522,0.006258806268841814,0.0064299265123849356,0.006609413512394846,0.0067976422372469794,0.0069950042900167085,0.0071103435237716926,0.007189443711899967,0.007271219932991851,0.007355705986931835,0.0074969453421530885,0.007696668988634515,0.00793268030662654,0.008175525185458436,0.008419225120992597,0.00863759742175055,0.008818510539780392,0.009004965634874454,0.009198982485602535,0.009400835228391403,0.009610870966799816,0.009828311108174252,0.010053249139225676,0.010287260664842755,0.01053073508491221,0.010784026565493807,0.011046055244912971,0.011317288884782672,0.011599462271154687,0.011893005926413144,0.012198363288685798,0.012514703107727832,0.012842662077472708,0.013183833074340229,0.013482968209399492,0.013754425453152986,0.014027847007169946,0.014303733819025291,0.014582760585523482,0.014865140495280373,0.015151052938095044,0.015438397179559775,0.01572877282824531,0.01602310984569376,0.016321610299378737,0.016624490096230442
COD,Sixth,0.7052329234442968,0.73654140811753,0.7693567576672548,0.8043658508171299,0.8422213579096466,0.8833182324864702,0.9237704838784085,0.9676334382847287,1.015337361400832,1.0673406548187585,1.1242070099914996,1.1828048837039908,1.2474864813041409,1.3186876461281543,1.3965612876870386,1.481985101884326,1.569679230987039,1.6654235557985757,1.770077394259281,1.884358519310483,2.0085136005134636,2.1339791705031126,2.2693730773057816,2.4154394389475375,2.572846698499306,2.741360075959735,2.9094170140537687,3.0884513202019077,3.2823291282891036,3.496223392646221,3.72576367375922,3.9597978240055767,4.208176932407618,4.471925392243895,4.7517009247073245,5.048061944410037,5.347215789848383,5.6624673690008125,5.9953105028064755,6.346483538731186,6.717599568769423,7.081023355689677,7.456623683046468,7.849590158851594,8.260607925443665,8.6982644629861,9.142784379462304,9.60937608131671,10.095652852247056,10.602759563866524,11.128279142648763,11.646905888096207,12.18564220294729,12.74509488971087,13.326604490074637,13.93119249707428,14.532154801311123,15.153018051395977,15.794114070248472,16.455054809529013,17.140910910428797,17.822337917710776,18.525783405918386,19.252898224968728,20.004436863688014,20.781585193714644,21.551864409700656,22.34274198873331,23.15495546432357,23.977623525635384,24.812982417797144,25.632150499129274,26.46779672413859,27.323808366950818,28.204445610459892,29.108906295142784,29.997374420845386,30.90325491125618,31.826473425919602,32.76689127136352,33.72328256070464,0.008332795736981195,0.008324445283517442,0.008315596138922673,0.00831057050405329,0.00830929541759033,0.008311715703417872,0.008315536479033393,0.008317709685037249,0.00832324906931763,0.008331976311750295,0.008343744196988965,0.008418730673677545,0.008523155583367916,0.008653077012933719,0.008791514266343585,0.008938748058373403,0.009092559086999078,0.009250533775483929,0.009417999795799244,0.009595277190331201,0.009761575411539007,0.009864667977049463,0.009968744899374177,0.010079369787560459,0.010196712357150462,0.010301428890219259,0.010323152027954948,0.010342880349907019,0.010423225382726817,0.01063437091053208,0.010855480528335225,0.011085497872099823,0.011323080408306504,0.011571501629868919,0.011831099755981095,0.012102248838976924,0.012383945777254908,0.01267530300309589,0.012979628807231082,0.013297409340954728,0.013629148499643622,0.013822341251667168,0.01395455146853392,0.014090994783918672,0.014231707007901157,0.014466377824409557,0.01479703545638889,0.01518602548357436,0.015584358857511723,0.015982194636038064,0.016337111169732597,0.01663004559272449,0.0169309345862349,0.017242949323554076,0.017566423575197148,0.017901800031634642,0.018247724783488715,0.01860424252546358,0.018973731111535656,0.019356667365841032,0.019753461876110753,0.02016228414669497,0.020583728459541508,0.02102033746556328,0.021472598394836874,0.021941007969898355,0.022424107704321183,0.02292268859596299,0.023438967934690247,0.02388967689733335,0.024297132180293023,0.024706069683536978,0.025117230462678643,0.025531599390232487,0.025949469292729205,0.02637107419900654,0.026793303950230253,0.027218498215455442,0.02764798876374386,0.028082032952955516,0.0285209040247366
COD,Seventh,0.8589899903557461,0.8972911856491488,0.9374876661234631,0.9803579976430734,1.0266638101965835,1.0768816994951682,1.1262906698855804,1.1798622982175024,1.2380945426738157,1.301547141248056,1.3708988418999257,1.4418034387967933,1.519796469379778,1.6054137699929576,1.6989765447357223,1.801504641101892,1.9065680983011326,2.0211886111136614,2.14631469065568,2.2827748350859216,2.431081730422774,2.5815888001929945,2.7439361579667483,2.9189314579264907,3.1073517214449655,3.3092220955610308,3.511850051694902,3.727741052927994,3.960291621489614,4.214022237778411,4.4858521670542775,4.7623525982029635,5.055391732537454,5.3660557110998015,5.695067152331986,6.043039213165296,6.393429081765734,6.762071176653719,7.150536490920714,7.5596200815830175,7.991075948894975,8.416943074233574,8.858763031848852,9.320629470336478,9.803327458292454,10.313511643929928,10.827282221873615,11.363840795292184,11.922092944909988,12.50363384240532,13.107394751493864,13.7045937527128,14.324016210569496,14.966200768264141,15.6325816847016,16.324237237760418,17.00988726508365,17.717071694517788,18.44601644000861,19.195001756683368,19.971998095106933,20.741615659723518,21.534563548067723,22.35247678608122,23.196106937225895,24.066667511779546,24.92655923374005,25.80760360119487,26.710425140852806,27.6281173648349,28.562012869144368,29.475805680340976,30.407006345894075,31.359774423485185,32.33870954817805,33.342930151824234,34.32713343239462,35.32948998689265,36.349829161556286,37.38797870070197,38.44258679067736,0.015536869143833608,0.015523762051971647,0.01550986978596195,0.015501978721037717,0.015499976191993952,0.015503776825779128,0.0155097761373038,0.015513188313173287,0.015521884048217686,0.015535582668256723,0.015554050927114657,0.015671620265083834,0.015835037435578722,0.01603785940288784,0.01625337941868458,0.016481930002972527,0.016719972094676662,0.016963705763375025,0.017221267096807196,0.017493017667682655,0.017747110910428573,0.01790423436218502,0.018062554990436692,0.01823050620715113,0.018408287445917833,0.018566622917044095,0.018599431822844452,0.01862921735972419,0.018750412009787873,0.019068094773193746,0.019399521108975717,0.019742971906965653,0.020096327065744636,0.02046432044447047,0.020847285509390835,0.02124559938193508,0.02165761573347623,0.022081883721837194,0.022523041988131976,0.022981578838617886,0.023457993178604284,0.02373439596660194,0.023923113105674694,0.024117505423785685,0.02431759155633241,0.024650416345036064,0.02511756614831701,0.025664470393716356,0.02622160491641932,0.026775175675900705,0.027266661112806085,0.027670669061372343,0.02808412266740001,0.028511262039192412,0.02895239162182311,0.02940796068663664,0.029875977882064617,0.03035636481113254,0.030852160645503834,0.031363818482646286,0.0318916893904195,0.0324331523417624,0.03298882011808954,0.03356183666147675,0.03415260779132348,0.03476153731993623,0.035386490354846645,0.03602825688098401,0.036689423409987015,0.037263856922697416,0.03778097956771015,0.038297929334999585,0.03881564163450472,0.03933534388604486,0.039857377550868794,0.040382009951745686,0.040905362791472555,0.041430336101637794,0.04195854361440756,0.04249026268928328,0.043025784972011163
COD,Eighth,1.1279176278721472,1.178475957676496,1.231620140897392,1.2882814442831243,1.3494055194143912,1.415611271262674,1.4807177479269924,1.5513021000052416,1.6279815761637222,1.7114938543498175,1.8027136688715786,1.8951592555837131,1.9964430291017823,2.107279794818348,2.228292908812711,2.360747672150517,2.4962004934443613,2.643846094968102,2.8047878448116794,2.980049441798651,3.17061138135346,3.3649380020024995,3.5744517997777403,3.8000736572998535,4.042772711021676,4.303034898671135,4.566190435838915,4.846612986162107,5.146870093932531,5.470341104328457,5.816207860107213,6.167069009237711,6.538331116993627,6.931196992578471,7.34651108980228,7.784999187813068,8.225310075288812,8.687704973928595,9.173893244164713,9.684788389793718,10.222393631512208,10.757943951089608,11.315997732153546,11.89882823775819,12.50740408437022,13.145186673902279,13.78111684583019,14.441367839730127,15.12700809405471,15.84039060152486,16.582673665274122,17.318880015199756,18.081161746591505,18.869979214753545,19.6869448546322,20.533257906452157,21.36959890903463,22.23059423524359,23.116324284978226,24.021406674549027,24.96165621208006,25.88964503454018,26.843615771808917,27.82522070202257,28.835244767421845,29.874987835015098,30.89781281629405,31.94329365964436,33.01191809452731,34.102959366838576,35.216340687759484,36.30304554805357,37.40918618060959,38.539402678520034,39.69888730827688,40.88665844625168,42.047617699015156,43.22848017254244,44.4289512703871,45.64882895078177,46.886576348687726,0.03678523400391945,0.03676074015312748,0.03673477331425207,0.036720021643841964,0.03671627713903795,0.03672338309877691,0.036734598447663434,0.03674097681570091,0.036757230148068615,0.036782830655540444,0.03681733551437359,0.037036754889230555,0.03734106397713775,0.03771766306422479,0.03811653724297321,0.03853807997589209,0.03897556709376381,0.03942188425246534,0.03989175620599242,0.0403855745586496,0.04084553217414258,0.04112910839747531,0.041414195615861925,0.041715920035502674,0.04203451954765098,0.04231759678257518,0.04237617589560643,0.0424293322553985,0.04264539381827856,0.04321002026490134,0.04379644221928318,0.044401353698837666,0.04502079366699456,0.045662806781892204,0.04632764696343508,0.04701563337006511,0.04772359514139562,0.048448753961268534,0.04919870669865145,0.04997387591088005,0.05077467981350224,0.05123717305890786,0.051552067897708005,0.051875689362365585,0.05220801277680595,0.05275906424513506,0.05352890080503891,0.05442488707116299,0.055331877136457326,0.05622741416690551,0.057017869210608856,0.05766441216297265,0.05832310237547161,0.059000473626017784,0.05969674584552261,0.06041234641273139,0.061143880197675284,0.06189097642591408,0.06265808498347748,0.06344557194536046,0.06425363867662053,0.06507795158948654,0.06591914307932316,0.06678163017596317,0.06766561693446935,0.06857129417044426,0.0694950849264626,0.07043777113526696,0.07140271839786456,0.0722359919072509,0.07298212949102303,0.073724256745734,0.07446373855490322,0.07520233266770489,0.07594050130988206,0.07667859770706045,0.07741117716426464,0.07814232110686206,0.07887425022404103,0.0796073007915329,0.08034181700885724
COD,Ninth,1.4481836266875705,1.5134170461378011,1.5820792182185723,1.655248534904567,1.7340797327770423,1.8193577566178971,1.9031756609922381,1.9940479059816283,2.09269747861016,2.2000721174029136,2.317265487481685,2.434703918975796,2.5627140139817883,2.70222168208163,2.8543450694440593,3.0206046913673408,3.1901799911377275,3.3748330013209102,3.575754817607047,3.794155858415218,4.031799125170479,4.275688505225268,4.538482694380864,4.8211291703207735,5.124784231277042,5.450771894372768,5.783453545403709,6.138020984168218,6.514780560379347,6.9140687773886205,7.339994189288229,7.770588810628034,8.22530192779426,8.705333899012487,9.211590017287365,9.744853449902541,10.278334601780251,10.837245114441235,11.423270399183973,12.03737291235967,12.681718531813809,13.331641304199279,14.012821976388114,14.723398219147038,15.464499836508113,16.232533892656008,16.98821071917678,17.766561786947282,18.572857664438832,19.410598559619892,20.285151950454352,21.155924063180848,22.05557043349697,22.984274930813637,23.94373642896986,24.935180411321415,25.910897605146225,26.912906299478635,27.94094262714577,28.983535791170258,30.069002386984746,31.135295394217053,32.228302211893194,33.34946605687471,34.49950335997468,35.67968680280627,36.8344030399109,38.01092254224321,39.20939407170895,40.44065471432536,41.70187532459936,42.9286738148495,44.175499774724635,45.447327216626704,46.74982856979223,48.08188289396602,49.379292976298224,50.69677258166836,52.03378728625717,53.39006165691565,54.76384732893837,0.08123758070871152,0.08120194653411107,0.08116415711300363,0.08114268326213235,0.08113723262681592,0.08114757673937248,0.08116390060132862,0.08117318449232262,0.08119683795461094,0.08123408486653895,0.08128426562349939,0.08160287717649403,0.0820433261798993,0.08258613048507392,0.08315832266994438,0.08376001849125281,0.08438123281781744,0.08501161952245022,0.08567163745964222,0.08636131618224913,0.08700007604467018,0.08739216010863332,0.08778501578057198,0.08819936538676716,0.08863530075836708,0.08902127348776154,0.0891009849749596,0.08917327125051225,0.08946663127309713,0.09022978796240215,0.0910171424394361,0.09182376747775564,0.09264398648509442,0.093487992267938,0.09435553538657895,0.0952464288433971,0.09615599731440753,0.0970801796314674,0.09802809068601065,0.09899956030830845,0.0999943810700243,0.10056490324205317,0.10095167668184833,0.10134776292419385,0.10175302240649076,0.10242173502252731,0.10334914504602882,0.10441862149657047,0.10549049566939508,0.10653834128941225,0.10745464826715356,0.10819818887661523,0.1089502426206931,0.10971791373179565,0.11050100428731077,0.11129952867810781,0.11210926842355735,0.11292941994711031,0.11376441155503492,0.11461411094061835,0.11547818059887797,0.11635147936068199,0.11723422054920984,0.11813048968748888,0.11903986893502531,0.1199618981166615,0.12089232100752621,0.12183133405649187,0.1227816233655185,0.12359337507948286,0.12431327670461258,0.12502277946988433,0.12572327993996252,0.1264164813419981,0.12710283171595949,0.12778265934478558,0.12845100892217917,0.1291116825402011,0.12976668274697986,0.13041626708911622,0.13106068805882887
COD,Tenth,3.0318676956622457,3.170046262344118,3.3159520911532483,3.47125294607861,3.6380656611609274,3.81798469912735,3.994601806418203,4.18609280615575,4.3936238769242735,4.6191824945456466,4.864629829833032,5.104149204914123,5.361941372733386,5.640022226719003,5.942342907092007,6.271586132036392,6.605243622252981,6.967730394395737,7.360466285979661,7.785509947533682,8.249007195430877,8.732358039645295,9.252470507716568,9.810218179596978,10.407623077554033,11.050781604345556,11.721971696866282,12.437589010717026,13.184139204755878,13.943846119838655,14.749610174253224,15.557406244776235,16.406331197929724,17.297509922154635,18.232003574414687,19.21102473670565,20.18147734583204,21.192565785951516,22.24550622772078,23.341669136523826,24.483813381048186,25.673370677112853,26.938310046811527,28.25410482805743,29.622678518922864,31.002395556296765,32.314753064752054,33.63921228780233,35.00343749918923,36.41661597312303,37.90595966262316,39.40491966347556,40.94543594169383,42.52665585968876,44.1506145002036,45.818747831180715,47.44357916266767,49.10266871994823,50.79408269680105,52.42984491775976,54.19542127774059,55.90966944090875,57.65474104809579,59.43120749137253,61.23970312026568,63.081592603210105,64.85913840036326,66.65635047993257,68.47207089278501,70.3712868656106,72.33792572810638,74.23528036267045,76.15720384070102,78.11011784962722,80.10181122379235,82.1307878159531,84.08989277548578,86.0719473548763,88.07551612359548,90.10017140154768,92.14343500572478,0.8507481798988277,0.8508391531902829,0.85093559569395,0.8509903845815179,0.8510042898187025,0.8509778997092768,0.8509362476020352,0.8509125578672887,0.8508521906049602,0.8507571065229274,0.850628950324694,0.8498138952305134,0.8486832664476341,0.8472836285151563,0.8458006644899764,0.8442327856699618,0.8426048702242245,0.8409432806354611,0.8391930635545441,0.8373525537055327,0.8356371875632772,0.8345790884371386,0.8335149281276704,0.8323881945392645,0.8311979023997036,0.8301398404319348,0.8299208337302262,0.8297220811138737,0.8289140529835604,0.826801147775879,0.8246045917701285,0.8223364556783083,0.8200112902798288,0.8175985572185475,0.8150968656672483,0.8125045463705215,0.8098330550306823,0.8070924098623848,0.8042533460460479,0.8013135893798549,0.7982708200147439,0.7965107394961536,0.7953111797016248,0.7940773548018334,0.7928092660268635,0.790704069393953,0.787757745180757,0.7843206149534814,0.7808321909238897,0.7773785349504098,0.7743222111705186,0.7718166542060247,0.769258633904983,0.7666222558675851,0.7639060314549218,0.7611076104581583,0.7582395786661953,0.7553027239518113,0.7522787920194944,0.7491654291508268,0.7459608804781034,0.7426813827441591,0.7393234808242071,0.7358684610560285,0.7323142293671018,0.728658674321884,0.7249148653236106,0.7210782629359772,0.7171335916467029,0.7137125638855069,0.7106374700812202,0.7075675674563928,0.7044970935853072,0.7014185825572701,0.6983298523745657,0.6952291623807713,0.6921392431719015,0.689042772818817,0.685930061818347,0.6827993307670704,0.6796487183978305
DEU,First,14.458982494736171,14.603466409232407,14.736218045903367,14.860940704757875,14.979314668500471,15.091989609218707,15.20484547696034,15.312430229056455,15.415360728823018,15.51399920238048,15.608801467854098,15.70608142632791,15.800085954998082,15.893902976967926,15.983856565285501,16.070676166681828,16.161802304668047,16.25144506758447,16.339430860206175,16.425949789678377,16.511435751442683,16.60394381877292,16.696686834036814,16.788775928785252,16.880324977811963,16.97134459440136,17.070376710329995,17.170573867231557,17.271667609173402,17.37427824310506,17.47872005080827,17.591740370535558,17.706572338744895,17.823185890010027,17.941539094013997,18.061505368025593,18.188731884457074,18.31810437731323,18.450445506764115,18.58568284311935,18.724257530835363,18.870268446759216,19.01895343255669,19.171302574868882,19.32726403449149,19.486882375127568,19.654056748302313,19.824051764463455,19.99843713883804,20.177702220167173,20.362149531218545,20.557822771608485,20.75753007661496,20.96237870266763,21.172484991243834,21.38789732044589,21.616017545756613,21.848106729524485,22.085564419796608,22.32852464470638,22.577357138963222,22.83913975281182,23.10579770724795,23.379299204309042,23.65952326241189,23.946464271619604,24.246292076798305,24.550790100351524,24.862161107812064,25.180230287423903,25.504779447993556,25.842758319970756,26.185809323295196,26.537044515714292,26.897090032107528,27.265552751872978,27.651056498908044,28.04288216484985,28.44310238414592,28.851521452814083,29.2677715633174,0.0024679419465921623,0.002414914688395684,0.002362613984296425,0.0023124336011124584,0.0022644064620585347,0.0022185455268466927,0.0021748285711645277,0.002133021000347901,0.0020933246783285866,0.00205566419446067,0.0020199768929583225,0.001986169599693096,0.0019539813246808612,0.0019249077735245543,0.0018968615866982931,0.0018697990795645773,0.0018437220925828382,0.0018188470864373045,0.0017948841061406306,0.0017717850861223112,0.0017495171205479288,0.0017281149181998965,0.0017079417228058847,0.0016885249284395035,0.0016698098284404007,0.0016517782561682587,0.001634461955675079,0.0016181052980899012,0.0016023728603205686,0.0015872195838647044,0.0015726284490327567,0.0015586009018070815,0.0015451662413686405,0.0015322249599770933,0.0015197523442060498,0.0015077212823649505,0.0014960707974164273,0.0014846625847482653,0.001473643824580564,0.0014629922130713743,0.001452696883211941,0.0014426244414487712,0.0014325239582599024,0.0014227410681022896,0.00141324803553197,0.0014040329851351082,0.0013949692123405074,0.0013858268545725065,0.0013769252611093494,0.0013682509273086306,0.0013598011747852153,0.0013514221721397845,0.0013428733401818294,0.0013345201572570935,0.0013263426066738384,0.0013183389934887388,0.0013103226433046743,0.00130203346534195,0.001293888614067227,0.0012858814612848853,0.0012779982457735745,0.0012700364253803232,0.0012617384910562123,0.0012535533371441576,0.0012454640170518581,0.0012374554832724864,0.0012292837565398827,0.0012206846807334925,0.0012121597856275279,0.0012036938223945644,0.0011952858313872858,0.0011866312770132362,0.0011775288911472898,0.0011684748404275876,0.0011594546442269954,0.0011504641294984607,0.001141202613508377,0.0011315526962496513,0.0011219245267527866,0.0011123098925823732,0.001102704234563209
DEU,Second,21.00684232343091,21.248568572969415,21.474371975622663,21.68846495833728,21.892943672548316,22.08862378497235,22.284058934251803,22.47138207855592,22.65131116732383,22.82434002504148,22.99090602326798,23.160581943007276,23.32489063241263,23.48717274825831,23.643618634863998,23.79520011703326,23.95285761654182,24.107765524246712,24.25986355753487,24.409453693889567,24.557142724396044,24.71485296700441,24.87220093910253,25.028306690567106,25.183378800765702,25.33747815044026,25.503284438481074,25.67024986150983,25.83822758520937,26.008071705842095,26.18022852407219,26.364850290492342,26.551862702073162,26.7413119771175,26.93319274737858,27.127389415150528,27.332450604600805,27.540744542208593,27.753271802369024,27.96998523688346,28.19148151320483,28.424072008128718,28.660974229490698,28.903282028528334,29.150971655258154,29.404130772453556,29.66888270685637,29.938407180046298,30.214537804843562,30.497930453575577,30.78899903938919,31.0971221537288,31.411866934325193,31.734434239999786,32.06500575932068,32.40366377550879,32.761944710319746,33.12707412278651,33.50057364088264,33.88263673746866,34.273765415719126,34.68500314749047,35.104577119488766,35.534694142671356,35.975234342919634,36.42622547029247,36.897540322733946,37.37733669918596,37.868056522583466,38.36950918047334,38.8814372540376,39.415043316315824,39.95804327502055,40.51402162008919,41.083829217412266,41.66699956022966,42.27752149739974,42.89944062692297,43.53505647560864,44.18416366691926,44.84632837819884,0.008189904751692833,0.008051500209996381,0.00791428245804952,0.007781947542377996,0.007654653928033332,0.00753250528181342,0.007415511973959568,0.007303110221461923,0.00719590566348045,0.007093758449001414,0.0069965585404985035,0.00690410959890859,0.0068157470043909785,0.006735643316738325,0.006658104621708762,0.006583032333477978,0.006510456487105053,0.006441004595113358,0.0063738917183575015,0.006309003194614983,0.006246264080399362,0.006185791437382602,0.006128633926012602,0.006073473519241412,0.006020168825832568,0.0059686812600017285,0.0059191153250297375,0.0058721865120098145,0.005826946172017926,0.005783275772115424,0.005741135375919678,0.005700539202517299,0.005661581108414374,0.005623980570317491,0.005587673887965023,0.005552588251821368,0.0055185521579789835,0.005485166029076755,0.005452864051086505,0.005421587136731968,0.005391306820757678,0.0053616353206202725,0.0053318345547262985,0.005302925627870637,0.005274830664642915,0.005247517572061279,0.00522061339074053,0.005193436207111271,0.005166936068501445,0.005141075060163838,0.005115848848092266,0.0050907990275614965,0.005065205432578725,0.005040162508435399,0.00501561213691243,0.004991550980762887,0.004967419077502754,0.004942430771301305,0.004917843312404193,0.004893637890502568,0.004869774089861693,0.0048456387947261636,0.004820449220173041,0.004795565849406643,0.00477093803204489,0.004746520991018633,0.004721570807610138,0.004695275289529826,0.00466916640044819,0.004643197574605236,0.004617366491609304,0.004590735845967054,0.0045626809013298245,0.004534727427399399,0.0045068307343604785,0.0044789778477250545,0.004450235400755431,0.004420232780853735,0.004390241229290797,0.00436023568608867,0.004330201201749707
DEU,Third,23.704806147902023,23.997740305329216,24.27338620814327,24.53582515645864,24.787262692365534,25.028537599349374,25.269293333269214,25.500670486154956,25.723341228124564,25.937834246470384,26.14449828666976,26.354392387256205,26.55787007330783,26.757923748641925,26.951244865412832,27.13890020478923,27.333329726578555,27.524309507417982,27.71189961598025,27.89645203080306,28.078644485789738,28.272055406625107,28.46460979754367,28.6555768467939,28.845215182538247,29.033607703029638,29.235240783379155,29.437830759472334,29.641393130758214,29.84688981569408,30.054824362327196,30.276848434634704,30.501414645302297,30.728636771028924,30.958530182764314,31.190995010619584,31.435900806562028,31.684538794961025,31.937920492710578,32.19601823150881,32.4594966403794,32.735720449972696,33.01711649349253,33.304669272918055,33.59837886907981,33.89835637897618,34.21179832306473,34.53105589625971,34.85792033858691,35.19312365310136,35.537125509906055,35.900908245804025,36.27270063732876,36.65355718947724,37.04369860918944,37.44322369837526,37.86567045602558,38.29658126947028,38.73729817714271,39.18804646193463,39.649392577603464,40.13433110455574,40.6295639846615,41.137130432437274,41.656927249007424,42.18901071582982,42.74513673916232,43.3119975753852,43.89181011284434,44.48439396912587,45.08948323466013,45.720491021982966,46.363488830075134,47.02190661651362,47.69671070536243,48.387418957951475,49.11079493018787,49.84857800159487,50.60284653281494,51.37340985355983,52.15982604656963,0.012073588317363514,0.011901177218718641,0.01172972624376703,0.011563878804856091,0.011403879299894908,0.011249907364660059,0.01110202310031103,0.010959558992842428,0.010823325341133826,0.010693190191901056,0.010569055972956513,0.01045071234673665,0.010337343122973392,0.010234352101011078,0.010134457663803541,0.01003755019489512,0.009943685437365955,0.009853693120925208,0.009766573928041271,0.009682193947277741,0.009600468210137153,0.009521562602228811,0.009446862577796198,0.009374660440622292,0.009304781445197564,0.009237185828051631,0.009172020119753491,0.00911023657995787,0.00905059689679213,0.008992952802185719,0.008937259753096494,0.008883542261229373,0.008831931734943078,0.00878206370427411,0.008733857999384573,0.008687224645266165,0.00864193882548731,0.00859747257306182,0.008554406826922064,0.008512667619678546,0.008472220409381651,0.008432549636613641,0.008392669273854132,0.008353947131995722,0.008316281634287567,0.00827963225077764,0.008243500757480093,0.00820697131096214,0.008171321687783206,0.008136503058025877,0.008102510439488899,0.008068728522947719,0.008034184778194236,0.008000356559221194,0.007967166794952529,0.007934612251531487,0.007901935923358283,0.007868073019974518,0.007834725595925782,0.0078018697816121686,0.007769451089943174,0.007736637442439041,0.007702362010230128,0.007668474008337347,0.0076349057355191196,0.007601596940843943,0.007567531963772458,0.007531598149994447,0.007495887154906048,0.00746033526100787,0.007424939871262156,0.007388415008187178,0.007349899589639635,0.00731148505731698,0.007273110167266291,0.007234757127933759,0.00719513850363012,0.007153738729570435,0.007112308895663468,0.007070813492690814,0.007029231693634003
DEU,Fourth,27.849880479295646,28.21309030627179,28.556710480741025,28.884860772982314,29.199943547432852,29.50286385691986,29.80494882194793,30.09581319172074,30.376125501448662,30.646479767605896,30.90702164169805,31.17121092788724,31.427536133723304,31.678780468129336,31.922009513861923,32.15843167328733,32.40274782793551,32.64268513864673,32.878435380944175,33.11042299618984,33.339435098949025,33.58151379215167,33.822165789677115,34.06079041736625,34.29771673575559,34.53306286550142,34.78401402938212,35.035763865073314,35.28849547037288,35.54332067000016,35.800824563217695,36.074871085889356,36.35175952338879,36.63168160537159,36.91468452295899,37.200687391552044,37.501502719453,37.806787730872855,38.11760883733791,38.43396318913298,38.756612511891234,39.0944402302161,39.438637780801784,39.79012732522299,40.14893743355234,40.51521387884503,40.89769816904408,41.287454638328306,41.686298211046754,42.09506632506195,42.51428553391556,42.957243259563846,43.410130170043644,43.873898905244495,44.34882027068087,44.83501849781577,45.34890436818412,45.87345857055138,46.409902625803426,46.9585019767515,47.519911250992976,48.109902137326266,48.71284366698959,49.33068850458814,49.9633509712636,50.61092058296551,51.28780834615676,51.97845989894526,52.68495052371778,53.40710856398137,54.14465626116526,54.914097197138645,55.69900206851559,56.50277406911395,57.326527117781396,58.16975641251131,59.05312295284573,59.954942571995986,60.87715258628046,61.81957954729126,62.78176426718102,0.020261535694360126,0.02001461731992442,0.019768453016711908,0.01952973697090254,0.019298874545615616,0.01907618065888368,0.01886179713386547,0.01865480686954456,0.018456437919854553,0.01826655018883692,0.0180850522852587,0.0179116843389481,0.017745292031870412,0.01759386431691213,0.017446744092172662,0.017303790851552675,0.017165105472243376,0.01703193537199618,0.0169028238803187,0.016777588287032213,0.016656120327819976,0.016538680730921653,0.016427351382689363,0.01631960650454223,0.016215198615704987,0.016114079065190627,0.0160164792777037,0.015923839436697666,0.01583431743960955,0.015747698567319415,0.015663924614475352,0.015583041913900695,0.015505256795654917,0.01543002749932612,0.015357239945588791,0.015286763827779397,0.015218266022234724,0.015150951261496173,0.015085703105695882,0.01502241340166573,0.014961035004672774,0.014900789526073118,0.014840178698388768,0.014781284797789914,0.014723954843550713,0.014668132151066443,0.014613058663033808,0.014557340191752905,0.014502924284520328,0.014449740732056366,0.014397784024950714,0.01434611347960469,0.014293243291200058,0.014241432789576916,0.014190565739495002,0.014140640009498398,0.014090494606137574,0.014038492538222336,0.013987248163345083,0.013936724592516691,0.013886840758816478,0.013836315801646107,0.013783502873420186,0.013731250421312421,0.013679455554736038,0.013628025246150973,0.013575390103555416,0.013519827778401706,0.013464568197722062,0.013409512922683609,0.013354659344766219,0.013298012841300184,0.013238230235562774,0.013178556369235877,0.01311889416780592,0.013059217191148435,0.012997519000217308,0.01293299059153303,0.01286835627852741,0.012803561103281763,0.012738571265802098
DEU,Fifth,30.993449999649002,31.41658065729268,31.818611067809755,32.20348776819617,32.57372621726432,32.930251437792585,33.28566058938366,33.6284111564282,33.95911611232399,34.278405938912535,34.58617279988462,34.89787107811966,35.20050691714454,35.496426210171585,35.78331871243224,36.06249659859852,36.35041113004678,36.633145004093706,36.911033497263375,37.18455856316331,37.454588796880394,37.739059231464005,38.02152418278179,38.30157239730145,38.57959180947554,38.85572893879558,39.14927591413509,39.44338335641538,39.73843052118025,40.035651288304386,40.33569393430214,40.65414389218321,40.97561185311902,41.300370889413884,41.62849643130587,41.959928315500214,42.308029820815236,42.6611946795016,43.02049312728107,43.3859457125136,43.75838925158901,44.14794708462281,44.5449043403457,44.95003643189916,45.36340230234645,45.7851777477604,46.22537403308674,46.67410056764178,47.13309422214622,47.6032744568098,48.08522161179103,48.59411472362113,49.11459804567352,49.64743015924205,50.19292694745651,50.751233472951114,51.341127270334106,51.943638510504954,52.55974707682666,53.189755524573165,53.83439007376857,54.511728542170495,55.20437875779697,55.91405229061145,56.640686358538304,57.38440643338309,58.16186546811875,58.9558291724008,59.768053736295094,60.59838796645416,61.44654739264181,62.33167365492119,63.23543328860768,64.16097564306521,65.10954530748909,66.08062629368482,67.09820152007741,68.13790021434997,69.2013468174593,70.28839476643029,71.39858504342291,0.028569466894993407,0.028275127876319334,0.027980980914995367,0.027695054265686525,0.027417892665569394,0.027149930979669515,0.02689140293563734,0.02664125717982158,0.02640103561151554,0.02617062717570375,0.025949976263546587,0.025738819072575768,0.025535797941079307,0.02535072804283238,0.02517063722036363,0.024995378380359812,0.0248250944749101,0.02466134478678508,0.02450235977451326,0.02434793479670458,0.024197952552630405,0.024052755832088286,0.023914939319752825,0.023781398859034106,0.023651840530577648,0.023526219974579415,0.023404836055940483,0.02328949725689829,0.02317792573011151,0.02306986384084879,0.02296525145099142,0.022864152875455405,0.022766837593167364,0.022672637317946002,0.02258141644943195,0.022493019681188053,0.022407034659175634,0.022322466017057178,0.0222404319658682,0.02216080000842372,0.022083516236622643,0.02200760368439975,0.021931176834109625,0.021856862231144383,0.021784470152700075,0.02171393502578173,0.021644300034965203,0.021573802541537762,0.021504907737535276,0.02143752836309615,0.0213716627125993,0.021306119068905675,0.021239009548092776,0.02117320388418954,0.021108555631718075,0.02104506505118778,0.02098125581705928,0.02091504275829859,0.020849751970564132,0.02078533982060429,0.020721703190888712,0.020657207724675084,0.0205897498160286,0.020522963462491526,0.020456718404305727,0.020390897058024212,0.020323489188133387,0.02025228438848514,0.0201814169146785,0.020110763238062816,0.020040318440432345,0.019967518951455175,0.01989063226386834,0.019813825421048346,0.019736975646566665,0.019660046228181138,0.0195804494455094,0.019497131914688128,0.01941360701957061,0.019329803520760695,0.019245676592826316
DEU,Sixth,35.647670576070794,36.155532066291194,36.63996560428324,37.10477088994668,37.552639759704604,37.98454412008897,38.41496354255026,38.83064540524941,39.23215053905194,39.620169780564915,39.99407958978518,40.372544624646125,40.74025235126421,41.099057807825986,41.44739080310683,41.78671039046079,42.13604576990684,42.47908679207374,42.8163570024405,43.14842125917475,43.47627122015685,43.82057029457091,44.16210157887935,44.50068415567687,44.836793141448986,45.17061622654971,45.52452984791713,45.878727763612076,46.23383739866948,46.5912695166336,46.951757969439186,47.33336999011526,47.718292062730754,48.10690601880952,48.49932997010787,48.89553308154572,49.311132747330554,49.7326637238467,50.161212802523096,50.596837663271124,51.04048136816382,51.50405528558832,51.97649331629506,52.45840373386729,52.949889900954574,53.45116682365434,53.97408261844461,54.507322740924664,55.052552067168264,55.61080336565384,56.18273076327246,56.7862429625488,57.40370408853834,58.03564289151421,58.68243858661655,59.34426513247356,60.04330990982358,60.75772849344106,61.488216036259935,62.235125723531254,62.99928352699927,63.8020770384005,64.62350925502888,65.46501623095588,66.32656691780487,67.20833447336143,68.13017953911199,69.07238244966126,70.03632733387974,71.02188662814622,72.0287703136766,73.07988032007974,74.15407509943329,75.2542255429525,76.38175105441935,77.53612538915637,78.74607330170143,79.98330934499327,81.24908759242652,82.54329802686775,83.86548120000664,0.04478624012305504,0.044406734354840736,0.04402651288353606,0.043655987755898525,0.043295940636373854,0.04294701695868484,0.042609596681903304,0.04228238741743653,0.041967477014115614,0.04166479821334475,0.04137435726366063,0.041095874335462135,0.040827624384623534,0.040582663396029915,0.040343901000109296,0.040111169014296046,0.0398846881855227,0.03966656606409456,0.03945447676317046,0.03924817328763337,0.03904752611645537,0.038853012585425124,0.038668146491413265,0.0384887877816211,0.038314566370143265,0.03814543600983799,0.037981821530399584,0.03782618290061012,0.03767546529469274,0.037529339482830756,0.037387732279031416,0.03725075069686001,0.03711876955491131,0.03699089578406246,0.03686695786969665,0.03674675296909902,0.03662972865373834,0.036514540572993054,0.03640271233138311,0.036294074016261356,0.03618856005216894,0.036084841272563555,0.035980342585749,0.03587865601182348,0.03577953091449533,0.03568287876324877,0.035587397395099876,0.03549066408217541,0.03539606777013109,0.03530348903505066,0.03521292972840624,0.03512275621273267,0.03503036762536618,0.0349397137554379,0.03485059711818126,0.034763020083329606,0.034674947545503355,0.034583498622553756,0.03449326301801135,0.034404184348109365,0.03431612256967431,0.03422681449272419,0.03413334186335892,0.03404073632874853,0.03394882052974802,0.03385743167803112,0.033763777061207555,0.03366477664919273,0.03356617434032306,0.033467798045645376,0.03336964183656223,0.03326813104818374,0.033160837768533215,0.03305357094754471,0.032946159202243454,0.03283855189390883,0.032727121575105676,0.03261038437130238,0.032493254551065165,0.03237563211556104,0.032257451169476536
DEU,Seventh,39.352575123422824,39.93728292295702,40.497056935166896,41.035296338367544,41.55478161785792,42.05648145038151,42.55636207992012,43.03980741529942,43.50725956621328,43.959437145372554,44.395119103168994,44.83585445992834,45.264350115011815,45.68166515205924,46.08731091320177,46.48285886480449,46.889443985860325,47.28871686465744,47.681417145674814,48.06817745572969,48.4500864832474,48.84999864279255,49.24632827879049,49.63921264878959,50.029202215483146,50.41651958558111,50.82608174340471,51.23554109686805,51.64582494119892,52.05849678525201,52.47436166148342,52.913509101225884,53.356128044950154,53.8027176382972,54.25343560376265,54.70828223641641,55.18478380016091,55.667960172334645,56.158856324390065,56.65756527221956,57.165116591211294,57.694977213651384,58.23504796340298,58.7856591016127,59.34695986453391,59.91920247097359,60.51583784332737,61.12445684205371,61.74651797383692,62.383154486300946,63.035081194114184,63.72258739243852,64.42623062055996,65.14617620488197,65.88286565886418,66.63649917143462,67.43225450992479,68.24598924021817,69.07795236825754,69.92854122075634,70.79867301919472,71.71266571420541,72.64846181553965,73.60701966697864,74.58834599901981,75.5926672506588,76.64273651551349,77.71689715411671,78.81591781557744,79.93970629729179,81.08797663317114,82.28706080743319,83.51357505208955,84.76982286306072,86.05738669720313,87.3757445005388,88.7579393164742,90.172442433516,91.61990063867036,93.10025234798628,94.61305773123324,0.06153787605052524,0.061133175973794,0.06072648044766226,0.06032897293703256,0.0599415758101218,0.059565087059566445,0.0592000135651645,0.05884504827378451,0.05850254922592379,0.05817254112223654,0.05785512271224394,0.057550082461418,0.05725560840139981,0.05698614711972151,0.05672299466897963,0.056466004823944926,0.05621545613572774,0.05597372264805028,0.05573826915782358,0.05550885555240848,0.055285363755330205,0.05506836217384506,0.05486180438071217,0.05466110887473263,0.0544658805591664,0.05427609649361813,0.05409225271402191,0.05391714667253634,0.05374736643704661,0.05358255811541248,0.05342266263178037,0.053267812774113424,0.053118454413447105,0.052973590114359044,0.05283304076126799,0.05269658902406131,0.05256362089500703,0.05243261198160588,0.05230530817224389,0.05218152494514695,0.05206119420885436,0.05194281138440349,0.05182343596005695,0.05170717477726787,0.05159374943987538,0.051483064615323315,0.0513736326202449,0.05126268127449592,0.0511540926541005,0.05104773898675708,0.05094362762333656,0.05083988105737903,0.05073350777000934,0.050629051175902634,0.05052628926755822,0.05042522992809187,0.05032352518314523,0.05021784143921991,0.050113483528778084,0.050010385481236354,0.04990839010986329,0.04980487405727083,0.04969644841250868,0.0495889467833035,0.049482162534684224,0.04937590900485297,0.0492669372567617,0.04915165312522869,0.04903673785160919,0.04892198990740429,0.048807405914830425,0.04868880619125733,0.04856334075144096,0.04843779281686862,0.04831196220088083,0.04818578694436394,0.04805500927675466,0.04791786966774415,0.047780134554917496,0.047641682201309286,0.047502432857592085
DEU,Eighth,46.26243637347332,46.98164696814695,47.67286997882605,48.33900399897367,48.98302891373487,49.605938440323214,50.22648501405845,50.827510632685815,51.40930984104839,51.97266872613938,52.51485369848567,53.063524752383636,53.597350526278916,54.11627284402083,54.62139069222748,55.1144782856132,55.62056968162256,56.11761300388765,56.60669266885974,57.088563653015804,57.564501822573256,58.061258711001834,58.553124530782725,59.04071324634868,59.524712465438135,60.005412475644924,60.51238574465812,61.01870618472185,61.525766885046714,62.0354092150405,62.54855964724838,63.08889111522151,63.63306283484273,64.18176884485952,64.73523694153266,65.29352457515799,65.87761739990732,66.46973660190594,67.07088747852144,67.68122758579703,68.30194012878485,68.9492780730615,69.60919189330224,70.28161375681368,70.9667702037081,71.66498080017007,72.39257175870866,73.13506593087395,73.89365020475992,74.6696262804606,75.46381670753942,76.3007781122367,77.15770524381931,78.03423635441753,78.93091614778444,79.8479904212603,80.81598754808515,81.80650198143093,82.81912623683631,83.85433664781237,84.91320192344911,86.02525918663176,87.16461078096299,88.33152205510113,89.52606430680373,90.74855126528819,92.02685583656407,93.33570051092215,94.67495333935604,96.04458147114104,97.44430126968658,98.9064896032926,100.40360264417643,101.93713597877144,103.50894187476244,105.11850807511794,106.80650406792303,108.5354818030024,110.30519182115901,112.11565418897443,113.96646265940949,0.10349922302509484,0.10303879798000086,0.10257401605356578,0.1021177084937673,0.10167109437803638,0.10123524186580823,0.1008109086403526,0.10039671766634391,0.0999955813808551,0.09960768688814196,0.09923331004622277,0.09887234717411225,0.0985227873982834,0.0982019750773946,0.09788780250388392,0.09758015568831072,0.09727943004414892,0.09698854672027919,0.09670452352688577,0.0964271242711293,0.09615625652175033,0.09589266131184067,0.09564121311741292,0.09539639434181803,0.09515776431111705,0.09492533446452722,0.09469975673276794,0.09448450930596551,0.09427544781554664,0.09407216494509997,0.09387461953533738,0.0936830092154684,0.09349790844280095,0.09331811555747903,0.0931434270607371,0.09297359832492573,0.09280788030506894,0.09264439342759723,0.09248532395150742,0.0923304620130798,0.09217973520505218,0.09203127316416773,0.09188139047180013,0.09173524761598596,0.0915925067446828,0.09145306202980431,0.09131504578327802,0.09117495818241429,0.09103770952180609,0.09090314141305646,0.09077127406717542,0.09063973516081102,0.09050472411841787,0.09037201061020578,0.09024131818422292,0.09011266044864646,0.0899830545109965,0.08984824069364328,0.08971498087284027,0.08958319666681158,0.089452688980468,0.08932010398595856,0.08918108755585433,0.08904310945728196,0.08890590967933751,0.08876925060585708,0.08862894857657537,0.0884803558708142,0.08833207209412461,0.08818384230658871,0.08803565607076515,0.08788210234680789,0.08771946829490085,0.08755653146210238,0.08739302551296202,0.08722887154019301,0.08705851827930144,0.08687964790253498,0.08669976014207678,0.08651869234084059,0.08633634134292087
DEU,Ninth,51.68466558546915,52.533050294598866,53.35197484906799,54.143235917083295,54.90984525620181,55.652711465039594,56.392735976402086,57.11076373021519,57.806767716298424,58.48153244894203,59.13054969157434,59.787305544316084,60.426867688879966,61.0472507275406,61.65206941375296,62.24324292558474,62.84900988344037,63.44406348939972,64.02992752977305,64.60745508078314,65.17807504381258,65.77158833585163,66.3586706036753,66.94065107982583,67.51834792773779,68.09210028554692,68.69535539426568,69.29710705965364,69.89938063626799,70.50427890978271,71.11281888454727,71.75156443334672,72.39426143778324,73.04183902287397,73.69459438577105,74.35264547129209,75.039988934481,75.7365707912577,76.4432114936894,77.16013542529689,77.88865753210143,78.64755695184724,79.4213736714497,80.20933810303933,81.01176755271295,81.82904513734667,82.68012767709111,83.54901607517716,84.4362966204129,85.3434272585794,86.27131976573989,87.24842947395311,88.24933961631011,89.27279213981089,90.31944509999688,91.38958577907701,92.51866854754671,93.67493385882094,94.85686180384423,96.06500780277926,97.30059161243189,98.59802776639457,99.92845509371124,101.29089742846438,102.68551408588091,104.11272755042484,105.60532726312287,107.13532249671186,108.7010112219584,110.30245035001371,111.93937997199849,113.650090776056,115.40377287849414,117.20035356578077,119.04196728795608,120.92814494454477,122.90698397345638,124.9360819762069,127.01362776780513,129.13976537377732,131.31416345731796,0.1477912215389669,0.14753480135490873,0.14727229617978638,0.14701105404145126,0.1467520160147833,0.1464960743016679,0.14624394107540936,0.14599505923782952,0.14575143083842756,0.1455134433167796,0.14528153136970734,0.14505588808331776,0.14483547542020006,0.14463155881069595,0.14443036215032687,0.14423191407612826,0.14403657277916743,0.14384635757489275,0.14365942990006123,0.1434757251903651,0.14329527148152835,0.14311864441571248,0.14294922605550728,0.14278340942298698,0.1426209632878575,0.14246196327577026,0.14230692072105153,0.14215831252960817,0.14201335362938414,0.14187182025179315,0.14173372955250868,0.1415992705731097,0.1414688980333793,0.1413418148199752,0.14121791453998137,0.14109705753752114,0.14097874994316723,0.14086166855090548,0.14074740206949257,0.1406358267598159,0.1405269226197765,0.14041935392421578,0.1403104552809573,0.14020398310023394,0.14009971527269485,0.13999759007215035,0.1398962549492882,0.13979314221768785,0.1396918625580409,0.1395923212386892,0.13949454521054963,0.1393967838171759,0.13929620342763896,0.13919710113818473,0.13909928341450242,0.13900276686217747,0.1389053228457163,0.13880372634166702,0.1387030685371524,0.13860329899860804,0.13850427411491964,0.13840344612568078,0.1382974802326901,0.13819206113675447,0.13808699044408748,0.1379820947222998,0.13787414725118757,0.1377595492000894,0.1376449078134138,0.13753002323704602,0.1374148916548813,0.1372952956124525,0.13716829783828713,0.1370407253292208,0.13691236955275832,0.1367831635797002,0.1366487166354349,0.13650715316726947,0.13636437574938864,0.13622025086632666,0.13607468676284815
DEU,Tenth,78.68794752358174,80.1296640275129,81.53333056032307,82.8966566897931,84.22296495965254,85.51293096150741,86.79822699776213,88.04975782865723,89.26630852752156,90.44874119220485,91.5752895392369,92.72384202084072,93.84454203083959,94.92790916647381,95.98779006570032,97.02675832000914,98.08912869386258,99.13377168746932,100.16410901247792,101.18144953426459,102.18810294773418,103.22598907878202,104.25112996275142,105.26778983024155,106.2774143222228,107.28064064172764,108.32967556327641,109.37416509925693,110.41871963436978,111.46685559768409,112.51992916746786,113.61592546997282,114.71683311814876,115.82460327744444,116.93987238752212,118.06305884010487,119.23260731564693,120.41725692187332,121.61712425650049,122.83275719446868,124.06606233200093,125.3477960132616,126.65536240883691,127.98513218820196,129.33783400339706,130.71415543538996,132.14554618034762,133.60832924995668,135.10064663134156,136.62463621596063,138.18162034370874,139.81853963953873,141.49706881967182,143.21224433908063,144.9652242577395,146.7565006677256,148.64484339410234,150.58196400236523,152.561714414454,154.5850050384314,156.65371478347842,158.82523392474886,161.05601801634845,163.33990705687717,165.67746508083766,168.06959412521792,170.57215370338278,173.14366491606245,175.77584909147558,178.46917657827032,181.22351077693025,184.10475435667834,187.06601888497747,190.1006319158821,193.21195002016907,196.3997358409049,199.74690998425064,203.1871375927916,206.71202680092497,210.32229184456963,214.01797603902807,0.5708230016573559,0.5732291530231012,0.5756446378176293,0.5780032255869149,0.5802996662595128,0.5825295100023993,0.5846899763222322,0.5867890331405872,0.588812932326365,0.5907617402595933,0.5926350586529467,0.5944343129888277,0.5961703429704983,0.5977581600451395,0.5993081344919534,0.60082120555747,0.6022957888912259,0.6037179820314261,0.6051027672446876,0.606451616386712,0.6077652598334009,0.6090404139923554,0.6102538810258975,0.6114326353269617,0.6125790262259626,0.6136932253722548,0.6147723355676565,0.6157999835076262,0.6167962077244782,0.6177631066385296,0.6187010563578265,0.6196092795855386,0.6204851960819129,0.6213346496722835,0.6221587191417405,0.6229586844559728,0.6237381577407253,0.6245060670014582,0.6252522037012198,0.6259776518861246,0.6266828125595013,0.6273765176454938,0.6280759923820979,0.6287571776377858,0.6294217122975384,0.6300701545346511,0.6307112271935289,0.6313611771372899,0.6319972524564719,0.6326202111857957,0.6332300161706158,0.6338376614807419,0.63446068066832,0.6350724474215889,0.6356742691057834,0.6362661153912853,0.6368617218472761,0.6374806203497774,0.6380917463869116,0.638695480958714,0.6392927568497911,0.6398989251494989,0.6405338395246798,0.6411633392152195,0.641788635068485,0.6424108182696487,0.6430489240346565,0.6437239948675304,0.644396909447147,0.6450688436845615,0.6457398345435036,0.6464343508773757,0.64716908346529,0.6479043103288353,0.648641218170929,0.6493801635173471,0.6501460892697826,0.650949298178254,0.6517560370527468,0.652567018780558,0.6533827028785869
FRA,First,15.041190341531992,15.214342202984401,15.378335121816553,15.540781245151639,15.70398209652465,15.868453735981939,16.03021409894209,16.189312848967912,16.349447354651687,16.510888440529087,16.67410586696243,16.835151990848523,16.994408087144816,17.158438296393292,17.324139250276005,17.492570537636453,17.661115476057194,17.82989309828372,18.002738769624933,18.179844696234504,18.36181796182567,18.545928595281985,18.730956960131593,18.92040713970725,19.114416880802914,19.312857826905056,19.512799828540267,19.713679227169713,19.920480885855707,20.134307675963257,20.35553848115763,20.579065800143862,20.804250119922862,21.035843726515743,21.27372672220695,21.517627445219354,21.76167424753531,22.00783518329634,22.261430996753365,22.52230691236243,22.791250898170727,23.06085405390633,23.3335351112282,23.61371047688528,23.901307332976145,24.196409877341072,24.489049808058695,24.78331295999483,25.085235353451118,25.3957817481249,25.715539524105083,26.034699244100565,26.356507905626497,26.686228505992492,27.024137887667326,27.370352884563093,27.715192226856256,28.062164369705215,28.416299329862184,28.77790155033159,29.147743952576555,29.51780184900528,29.89142327477965,30.273662409252932,30.664390585440998,31.06368153465443,31.462742971998413,31.866091146435824,32.276697330427176,32.69430944118193,33.118569817351045,33.54052058529869,33.96652219968023,34.40079397161637,34.84468424060423,35.297510159901144,35.74970983885963,36.20622309047192,36.669779177248145,37.14014975058271,37.616773393301344,0.003467337718529501,0.0034536579975776695,0.003436609168016655,0.0034211269051683856,0.0034072897106483817,0.003395177727311295,0.0033848668324464853,0.0033730205289700735,0.003363059595895357,0.0033549897772341426,0.003348823564411529,0.003344562135203083,0.0033387440858100854,0.003336942767294713,0.003336590977481667,0.0033376562671458684,0.0033401237344059327,0.003341225304963524,0.003343703336735412,0.003347531274756818,0.0033526977248246924,0.00335917043285083,0.003364256419602973,0.0033706319757091127,0.003378259909204643,0.0033871484693829695,0.0033972239692978802,0.0034053952070927916,0.003414774347845591,0.0034253312749087583,0.003436994843113802,0.003449713799981046,0.003460360510555377,0.00347212581776295,0.0034850068255367706,0.0034989911601164938,0.0035139032491307465,0.0035266663108761477,0.0035404724034165573,0.0035553076730077244,0.003571176218327738,0.003587824209716874,0.003602426727021782,0.003618006529101893,0.0036345321275598687,0.003652009433999228,0.003670068111902905,0.00368579778226793,0.003702402559432842,0.003719873491910785,0.003738226304042142,0.003756907663596258,0.0037729658076527143,0.0037898246579895446,0.0038074502377746997,0.003825865193245507,0.0038444132376245885,0.0038604984109379134,0.0038772753916038877,0.0038947508287522636,0.00391289819666268,0.003931099025579381,0.003947229446431745,0.003963987609506095,0.003981352549097393,0.003999295309045751,0.004017436626129449,0.004034514710567621,0.0040521669218956235,0.004070353138816381,0.004089089987939352,0.004107887560352342,0.00412571172552742,0.0041440526883079485,0.004162879001619928,0.0041821870818183485,0.004201392795071422,0.0042195440384550946,0.004238130649760476,0.00425714756317327,0.00427660575058358
FRA,Second,21.36924215297259,21.62257353546289,21.865038395506495,22.104891000535023,22.344986919369322,22.58598221618282,22.822202100064587,23.05534768016592,23.289159742617223,23.52401369623188,23.760341535935563,23.992790226314444,24.22348346801588,24.45906389594283,24.696443331025783,24.93698632465551,25.176883303827218,25.417703175427928,25.663459787247806,25.91444482321237,26.171461361669408,26.430630478605472,26.691791843295977,26.958525334335512,27.23105272815758,27.509252175034074,27.78893871193335,28.070980700552674,28.360607969359073,28.659229929925576,28.967369380797738,29.277870346930076,29.591827613380808,29.914107895129337,30.24459009622506,30.58296482994482,30.920983177235154,31.263163537343573,31.615017971123997,31.97637976197232,32.348234005344324,32.72016815384734,33.0975172699368,33.484681165164865,33.88159319150711,34.288362859203744,34.69120252354814,35.09783979002487,35.51454377357396,35.942508671420356,36.38246078481753,36.82089992268169,37.264573085020366,37.71865687545188,38.183506513991865,38.659260293379596,39.13272210968396,39.610762105025444,40.09830678646778,40.595726885781076,41.10398130743241,41.612100389682546,42.12640335453397,42.65197650373167,43.18867211062235,43.73659930573486,44.283663034476895,44.83736861584415,45.40064562064977,45.973204489032796,46.55459781379327,47.13253288950005,47.7167449501333,48.311720820031695,48.919133345632964,49.53815763284409,50.15595458476747,50.78037468427177,51.414048697866725,52.05670524963994,52.70765378595005,0.0106818331272965,0.010649031572415358,0.010608106783257671,0.010570898301061072,0.01053760859872539,0.01050844133089728,0.010483590601477091,0.010455017108440419,0.010430971302859483,0.01041147863756887,0.010396575601090554,0.010386272817772971,0.010372200699225584,0.010367842663559959,0.010366991280620989,0.010369569247070469,0.010375538393936725,0.010378202599572955,0.010384196078997661,0.010393451879398443,0.01040594007676762,0.010421578706810826,0.010433861845220882,0.010449253029910338,0.010467658045185225,0.01048909142222502,0.010513370954765787,0.010533047803879245,0.01055561882813442,0.010581006575408685,0.01060903314173128,0.010639568173635138,0.01066510676975708,0.010693306034363232,0.010724153089308254,0.01075760959349852,0.010793248881925734,0.010823721916924491,0.010856654622815012,0.010892006938808256,0.010929780304368964,0.01096936453206176,0.01100404767701345,0.011041013100886192,0.011080179465173883,0.011121551773370243,0.011164249761508496,0.011201397283808576,0.011240569229800716,0.011281735848102407,0.011324929603280975,0.011368841393071002,0.01140654317449858,0.011446081748073017,0.011487370809911123,0.011530458381895304,0.011573804246551059,0.011611352528818121,0.01165047298261192,0.011691176750597639,0.011733397096588981,0.011775691932706259,0.011813134317047272,0.01185199365966942,0.011892214481544884,0.01193372847120083,0.011975653541556261,0.012015077882394256,0.012055782334133552,0.012097671801975516,0.01214077994380232,0.012183977007369744,0.012224891673538163,0.01226694455911029,0.012310061851255655,0.012354231365688506,0.012398114261770801,0.012439541578382375,0.012481914207585845,0.012525219449752767,0.012569478659425096
FRA,Third,23.804391762568958,24.090762175144544,24.366220539079315,24.638483640381637,24.9105798739348,25.183195283997257,25.44997788709051,25.71382291103457,25.97791467127715,26.24265573978042,26.508400513665148,26.769326407956058,27.028805945309102,27.292511699030534,27.557813233818614,27.82618597528885,28.093351766781243,28.36195572003252,28.63556422621439,28.91450594383858,29.199654002469288,29.486671737421723,29.77634996535985,30.07177331136512,30.373198246495118,30.680500281996682,30.98901558930713,31.30079337548174,31.620517155288518,31.949708123199187,32.28895151294842,32.63029888877573,32.97619144857228,33.33086187120628,33.694184385445176,34.06583587364015,34.43668566846165,34.81290210693015,35.19936275713011,35.59589447072064,36.00354652831836,36.41080570127642,36.824772080600845,37.249150139552015,37.68387510367238,38.12906012871001,38.56954774224581,39.01514608465615,39.47144343532642,39.93971032412504,40.42070928337068,40.89967641579924,41.38541815567315,41.88223587547025,42.39051477024913,42.91038764756297,43.42749846388043,43.950655678220286,44.48393979750888,45.027735577510796,45.58306662085167,46.13801655172464,46.70058963790458,47.275158849844125,47.86157205398534,48.45994992919897,49.057068419975565,49.66190625789403,50.27691937248176,50.9018095038356,51.53608881408074,52.16636383793452,52.80392111537856,53.45290208642928,54.1150907809013,54.78961302084205,55.46259821006606,56.143263651709894,56.83375374405875,57.533777025797576,58.24259233776942,0.015096702756245518,0.015057819357248006,0.015009274282971398,0.014965108408332654,0.014925568067767871,0.014890905741115764,0.014861360048458054,0.014827370771985579,0.014798754230634266,0.014775547095494477,0.014757799275609565,0.0147455263088727,0.014728759582125873,0.014723567228745495,0.014722552463832474,0.014725624646617067,0.014732736963740826,0.014735911234089565,0.014743052279689972,0.014754077969601024,0.014768951470149984,0.01478757215674102,0.014802194548056568,0.014820511851678368,0.014842409650572378,0.014867900919997795,0.014896765447381067,0.014920149814001282,0.014946963185367465,0.01497710946028604,0.015010374124626073,0.015046596690508103,0.015076877834666984,0.015110297759733323,0.015146836269385533,0.015186444289213289,0.01522861064521731,0.015264644203107887,0.015303564785454134,0.01534531982111936,0.015389907390409236,0.015436600656381463,0.015477486227916726,0.01552103664324433,0.015567149041039379,0.01561582624545924,0.015666026564530956,0.015709672080664195,0.015755666740986045,0.015803970789628405,0.015854616495130605,0.01590606780422095,0.01595021278445943,0.015996478644304996,0.016044760838775714,0.016095111032203364,0.016145726518344044,0.016189543210963688,0.016235166138487012,0.016282604222684436,0.016331776408254232,0.01638100163331946,0.01642455119716829,0.016469720730256585,0.016516443972197776,0.016564637284957724,0.016613275011855014,0.016658981760924226,0.016706143113577657,0.01675464515004938,0.01680452441040336,0.01685447279221978,0.016901750674847726,0.016950312489086895,0.01700006856908733,0.017051005156023723,0.017101577054953073,0.017149286542099962,0.017198053673011755,0.01724786047871765,0.017298730358757945
FRA,Fourth,27.683856342257297,28.02103166020994,28.346721095977845,28.668448073238388,28.989527300872183,29.310711001563284,29.62459441772524,29.935491340171843,30.246209463196447,30.557206065265916,30.868653664486548,31.17412453906542,31.47838219325995,31.786436314942208,32.09599826706951,32.408713988139155,32.71956800513545,33.03245896064402,33.35069240961295,33.67465895642973,34.005346184441834,34.337673130805555,34.67350349225335,35.0155963461525,35.364263932579455,35.71938895555021,36.075536987708446,36.43608117819656,36.8053906850484,37.18516131183076,37.57606849295611,37.96888761322592,38.36763849250534,38.776142578981954,39.194276066558686,39.62169885544933,40.047848241680676,40.4809171045802,40.925393466805396,41.38110111473327,41.8491947887735,42.31635595901962,42.79193298097143,43.27913917494037,43.77791797720199,44.2883951958565,44.79314901201528,45.30469673286123,45.828217724031184,46.36510758805153,46.9161964770595,47.46456701196233,48.021675469653246,48.59119115222546,49.173545529822576,49.76887651083857,50.360808464666455,50.96065754516249,51.571890914255405,52.19492552356448,52.83088432943109,53.466167997588435,54.110971693660396,54.76919041902975,55.44066514966675,56.12553784077899,56.808658990598,57.501068418192965,58.204888533914875,58.919805255585,59.64527974502843,60.36599109919426,61.09546137233716,61.83767924895163,62.594603217995726,63.36528388980574,64.13400524368649,64.91194325983503,65.70088321129595,66.50051205471082,67.3100142716442,0.024497091453620914,0.024443666860171704,0.024376930588851445,0.02431617944539872,0.024261763386262875,0.024214037815635418,0.024173340151613033,0.02412650389308077,0.024087056693018274,0.02405505428008471,0.024030574647570833,0.024013643078486007,0.0239905083327433,0.023983342194166955,0.023981941605246918,0.023986180861263952,0.023995996711999295,0.024000376287937924,0.024010229523155357,0.02402544086576389,0.024045958159815202,0.024071637787689643,0.02409179989642118,0.024117050646148323,0.024147230295916935,0.02418235208261003,0.024222107086298593,0.024254304260300886,0.024291211233589058,0.024332690658310948,0.024378443082489896,0.024428242324840272,0.02446985531995803,0.02451576400229253,0.02456593599311944,0.02462029566796974,0.02467813788749984,0.024727543670345152,0.024780883121164186,0.024838078672019776,0.02489912241940003,0.024963012742846936,0.025018927024701522,0.02507845440722448,0.02514144947151099,0.025207910357278096,0.025276409276606366,0.025335931512822034,0.025398621449850552,0.02546442345238737,0.025533374184889802,0.025603378269145202,0.0256634078918152,0.025726286885621702,0.025791869206728282,0.025860220639933994,0.02592889081183416,0.02598830383671052,0.026050132725578507,0.026114387593287536,0.026180952725521813,0.02624755234168145,0.026306439854614564,0.026367486524826133,0.026430598197859423,0.026495659590240066,0.02656128592104595,0.026622922380614436,0.026686486526861373,0.0267518204829528,0.026818972400595668,0.026886178373742468,0.026949755248208047,0.02701502377691385,0.027081860006692004,0.027150241114145875,0.02721809284431572,0.0272820701146429,0.027347428296407354,0.027414144384396922,0.027482243314249904
FRA,Fifth,30.526054286035286,30.901728124113212,31.26585568291865,31.625357434698085,31.983735854946396,32.341775980244805,32.691287066111904,33.03794995032395,33.383959352152516,33.72980571389899,34.0754547049356,34.414142621476415,34.7519628487319,35.09285075518406,35.43503509971691,35.78028247220879,36.12303216230833,36.468407018121006,36.81921583326986,37.17589577882205,37.5395139455859,37.90442670678635,38.27361020753461,38.64927810406749,39.03178354960297,39.421013572871104,39.81097091323426,40.206367225551155,40.610966477988896,41.02659029888612,41.45398300163772,41.8829751601532,42.31914727048712,42.76562318253081,43.22227736586857,43.68875949566187,44.153475778537626,44.62649316934621,45.11160201385242,45.6086213868995,46.118776767378094,46.627460672371846,47.146042739685825,47.67697447441732,48.22020625515689,48.77586795168623,49.324939803125105,49.88231470981142,50.452429558552794,51.0367604224405,51.636180786866376,52.23228476414651,52.83888135880873,53.458691974188284,54.09218060239274,54.73948102741989,55.38284994314051,56.03581221025579,56.70092109885127,57.37860944654848,58.070069946250825,58.76057707553796,59.46224460818228,60.17819842874846,60.908277275494335,61.65263636232893,62.39479770475288,63.14749761113141,63.91234936088005,64.6890336067546,65.47696832456343,66.25952705763486,67.0520127840867,67.85804471541144,68.67970528854435,69.51599240673215,70.3499682458376,71.1943829209084,72.0505045103919,72.9180015090977,73.7960050561261,0.0335142443149459,0.03345303826675235,0.03337654421895327,0.033306869988815,0.03324443158164915,0.03318964416205643,0.03314290745225096,0.03308909943443643,0.03304376375039912,0.03300697232959703,0.03297882286377764,0.032959348728216396,0.03293273649553375,0.032924491798014974,0.032922880903498423,0.0329277587177713,0.03293905060675142,0.0329440896304792,0.0329554224243896,0.03297291875010415,0.03299651265482501,0.03302603914916081,0.03304921598790985,0.03307823681280422,0.03311291244478603,0.033153257398517565,0.03319890936493118,0.03323586970821176,0.03327822406104167,0.033325810117649256,0.03337827782897688,0.03343536383535407,0.03348304530523313,0.0335356297509513,0.033593072010701976,0.033655282729135365,0.03372144552624405,0.0337779316463281,0.033838890255663334,0.033904222317111814,0.03397391497879931,0.034046817964445725,0.03411058752275932,0.03417844405481692,0.03425021607139205,0.034325893740573446,0.0344038482105652,0.034471547552654816,0.03454281596865303,0.03461757874702731,0.03469587503073627,0.034775320336650074,0.034843406512501826,0.034914689432413375,0.034988996690572524,0.03506639680486706,0.03514411239802508,0.035211315112331186,0.03528121611856621,0.0353538208762779,0.0354289936406609,0.0355041626867121,0.035570593396183764,0.0356394243044362,0.035710548500668154,0.035783828096799496,0.03585770467939088,0.03592705342510951,0.03599853277346624,0.03607196407673283,0.036147396076975716,0.036222848018137035,0.03629418567089476,0.03636738109981206,0.03644229470630672,0.03651889805444284,0.03659486575270587,0.0366664554642404,0.03673955184712241,0.03681412661681531,0.03689020481736328
FRA,Sixth,34.80002855703775,35.2327503071508,35.65360382130016,36.06891328104596,36.4824600391567,36.8950905720217,37.29744357431408,37.69702869756548,38.095360140298816,38.4929857093836,38.889447038772225,39.277697848356596,39.66547765548554,40.0555284227559,40.446673071869064,40.84085595674937,41.23170315409248,41.625956902758844,42.02589462717602,42.43202226768844,42.84553079045427,43.25989727088428,43.679585682739585,44.1062093314922,44.540183665075524,44.98140665188274,45.42303149142155,45.87152019911736,46.32998604179408,46.80043799071589,47.28371841241459,47.76821011768929,48.26159592228476,48.76623134726556,49.28199483452032,49.8085226179547,50.332660071246615,50.86700240725338,51.414582898942946,51.9752202849277,52.55024473530712,53.12308621424425,53.70788701028286,54.306247610525126,54.918129981464425,55.543675924307166,56.161422926867324,56.78955348361995,57.43170044156789,58.0894650140967,58.76378623519916,59.433954979616864,60.1170234320586,60.81464597235506,61.52733518213744,62.255226168026724,62.97843776399863,63.713543432978746,64.46206827421622,65.22447379076004,66.00205549005281,66.77830974271966,67.56800223679652,68.37341349372322,69.19437689715598,70.03107378897316,70.86496251957902,71.71120203072088,72.57083899495066,73.44354396231516,74.32867876644806,75.20756863356584,76.09808592517578,77.00347864997974,77.9260060763374,78.86459437688704,79.80037394535869,80.74836031817954,81.70924216150972,82.68266178015115,83.66767954674995,0.051022917118002276,0.050947271373563516,0.05085267761644983,0.05076646697397362,0.05068916589750605,0.050621305971132693,0.05056339208981728,0.050496690749244226,0.05044046682817492,0.05039482556878464,0.05035989513529249,0.05033572541120775,0.050302689654860254,0.05029245383794838,0.050290452525824106,0.05029650824885318,0.0503105273397386,0.05031678310750046,0.050330850868293676,0.05035256680104241,0.050381847208130506,0.05041848086196444,0.05044722901676088,0.05048322123690938,0.05052621407466615,0.05057622005828006,0.050632783155503375,0.050678562667070895,0.05073100597580189,0.050789906953498956,0.050854822098711436,0.05092541931110354,0.05098436156863558,0.05104933823536503,0.051120286029234394,0.05119708389290985,0.05127872132699622,0.05134838070571957,0.05142352099445733,0.05150401151575131,0.05158982583428335,0.0516795436323519,0.05175797571534999,0.051841389947610554,0.05192956714993457,0.05202248749936309,0.052118144221321314,0.05220116802449812,0.05228851723533725,0.05238009756326083,0.052475947620276624,0.0525731400208754,0.05265638637872359,0.05274349288736287,0.052834240652208445,0.05292870799961724,0.05302350126398201,0.053105423549939315,0.053190586920259755,0.0532789931102747,0.05337047214510079,0.05346189165709502,0.05354263773817991,0.053626256555285585,0.05371260992166793,0.05380153173879561,0.053891121316020835,0.05397517340028175,0.05406175840658557,0.054150656530881615,0.05424192195968243,0.05433315474614306,0.054419362107968765,0.054507764837394695,0.0545981872445441,0.05469059400073693,0.05478217694950042,0.05486843035774503,0.05495644977046691,0.05504619345710428,0.055137693446346815
FRA,Seventh,38.062272330403346,38.5403179574452,39.006749618300056,39.466794095229346,39.924418137500275,40.380493199620204,40.82474274521823,41.266532190196585,41.70638240610302,42.144872621252745,42.581097892005495,43.00798554042204,43.434951439622935,43.862996484391196,44.29177307810295,44.723355723224884,45.150746603961245,45.58235154597053,46.019615819687075,46.46309567194312,46.9140732890753,47.36532149825154,47.822907529806315,48.28755040400443,48.7597158828699,49.23930533585358,49.71882756885316,50.20660126495181,50.70471555212891,51.21532022518346,51.739339597854766,52.26402992905169,52.79924980875345,53.34621106908279,53.9047916160224,54.47461717226932,55.04136783661258,55.62012224642096,56.21275287076555,56.81907871785753,57.4405002339054,58.058996694690265,58.69135075728691,59.337948746894845,59.998762739679556,60.673937555120325,61.34022804153493,62.018877512523204,62.71228281828856,63.422131306338116,64.149400821405,64.87175172238118,65.60928525742581,66.36215889352934,67.13092398515944,67.91570586285576,68.69514779670034,69.48866556455293,70.29635145833228,71.11868036054184,71.95702333197809,72.7936696832734,73.6458417494646,74.51459619625435,75.39976258652135,76.30154218337645,77.19993397291768,78.11219694464273,79.03858243910516,79.97875813961126,80.9320370936972,81.87832881197986,82.83766639242019,83.81266026258406,84.80570131790401,85.81566033119034,86.82237519291074,87.84278310584789,88.87677420317614,89.92397150882285,90.98337678026567,0.06801534066906849,0.06793871333137297,0.06784282555064701,0.06775536944628632,0.06767689927414827,0.06760797315925964,0.06754912171218125,0.06748130105429072,0.06742410754842063,0.06737766023594041,0.06734209913530752,0.06731748952957868,0.0672838425859536,0.06727341631649851,0.06727137821049475,0.06727754596142879,0.06729182657666109,0.06729819701896099,0.06731252626412948,0.06733464036006398,0.06736444999570822,0.06740173479447352,0.06743098766479114,0.06746760183277145,0.06751132433408756,0.06756215892939126,0.0676196348782031,0.06766613398528076,0.06771938032210588,0.06777915328593428,0.06784499846274276,0.06791656946888482,0.06797629151051697,0.06804209496099357,0.06811390538315533,0.06819159076893068,0.06827411492599517,0.06834449162637606,0.06842035689184897,0.06850157531827997,0.06858810493216493,0.06867850606998535,0.06875748038870667,0.06884141585728872,0.06893008156870553,0.06902344868913411,0.06911948965636033,0.06920278557015175,0.06929036053554867,0.06938210959734423,0.0694780594519512,0.0695752776509185,0.06965848560709416,0.06974548860285576,0.06983606245308542,0.06993027597148503,0.07002474209375673,0.07010631996892579,0.07019106789914295,0.07027897861197217,0.07036987846283317,0.07046064924198628,0.0705407640263539,0.07062367488227708,0.0707092341055046,0.07079727484412868,0.070885912405055,0.0709690080012056,0.07105454806041334,0.07114230874933052,0.07123233713994762,0.07132226599991943,0.07140717884186912,0.07149418934301761,0.07158312106722443,0.07167393467539455,0.07176386984037397,0.07184850620243248,0.07193481207519874,0.07202274314112937,0.07211232736147426
FRA,Eighth,44.28709181432061,44.849786888404324,45.40084866201097,45.94407779351155,46.48380066180901,47.020957268036966,47.54355122505518,48.06400130482279,48.58144744145753,49.09654332421202,49.60724307951673,50.10699123492581,50.607604862639405,51.107664465975866,51.6080119099751,52.11096478448285,52.608349244443225,53.111274694942985,53.62005515423955,54.135346789178385,54.65861180019524,55.18119726281812,55.711837997709935,56.25001762920138,56.79629832586656,57.35060024373333,57.90419309251621,58.46837577314656,59.04384295402319,59.63301560219257,60.2369591638677,60.84070853781771,61.45775741944862,62.08773713397028,62.730533382040186,63.38575976872442,64.03684482699214,64.70299296249841,65.38449082545819,66.08116040567616,66.79454312323384,67.5037935710329,68.23016889584842,68.97236044840155,69.73035997069665,70.50432719238528,71.26753274318789,72.04645773822648,72.84181319575235,73.65545147255702,74.48843345938523,75.31516936989537,76.1609506094991,77.02383942145646,77.90445796685137,78.8029255954077,79.69489809489419,80.60464583972295,81.53025142794208,82.47222505622719,83.43207478338022,84.38961434872171,85.36627039797794,86.361407506792,87.37485548307177,88.40684925284587,89.43447728893521,90.47873361822063,91.53876060188404,92.6142203309614,93.70434556401455,94.78617163803227,95.8836258394592,96.99848796294222,98.1333914326063,99.2871104312353,100.43681778520838,101.60290583675078,102.78414896842867,103.98013939005638,105.18977621283422,0.1105801585798566,0.11049964282804194,0.11039877617429215,0.11030666925011222,0.11022394026735045,0.11015120413268194,0.11008904467588235,0.11001736024925013,0.10995685676473053,0.10990768897615528,0.1098700246863102,0.10984395127158099,0.10980828792517151,0.10979723392854958,0.10979507173361024,0.10980161348542072,0.10981675283880414,0.10982350537230086,0.1098386908174307,0.10986212213928638,0.10989369763394576,0.10993317664416237,0.10996413635284207,0.11000287033641401,0.11004910151209735,0.1101028186866937,0.11016351433638476,0.11021258425367836,0.11026873677697388,0.11033173030089988,0.11040106330920184,0.1104763594173165,0.11053913801924299,0.11060825294450412,0.11068360776532532,0.11076504906561317,0.11085147426875656,0.11092510329119643,0.11100439907393629,0.1110892006790535,0.1111794512272629,0.11127362912392635,0.1113558082542036,0.11144306078603056,0.11153512087220176,0.11163194682951985,0.11173141820313245,0.11181758832096206,0.11190807867953736,0.11200276917046172,0.11210166796574506,0.11220174609197547,0.11228729624944563,0.11237664359292236,0.11246954721086708,0.11256606078594343,0.11266270848285159,0.11274607045991202,0.11283256992213546,0.11292219442040936,0.11301474862349971,0.11310705474151646,0.11318842853220963,0.11327254409279862,0.1133592479661722,0.11344835461735026,0.11353795469278712,0.11362185149430609,0.1137081107508462,0.11379650325221122,0.11388706446881909,0.11397740680464204,0.11406260493495925,0.11414979941887707,0.11423880840935068,0.11432958132413402,0.11441935678331638,0.11450373604296321,0.11458967242484959,0.11467711787504631,0.11476608682774768
FRA,Ninth,48.8259823712167,49.454764632124295,50.07312590612557,50.6822513362323,51.28666623002045,51.887306839656006,52.47086624301685,53.05312907502904,53.631048905798934,54.20530374236541,54.77268730376796,55.327532876429515,55.88443117872632,56.43813642073535,56.99128876443883,57.54637254325659,58.094351386365354,58.64936666351629,59.2098480449689,59.77652069217325,60.350971627033175,60.9234168975076,61.505698819020836,62.09532155690292,62.692920920610426,63.29841951335278,63.902192014364914,64.51900383037963,65.14722845925827,65.78948534244057,66.44695844882918,67.10300125115286,67.77517501554789,68.46057979892174,69.15909845470507,69.87033036058097,70.57613418639271,71.30008177666413,72.03987597790068,72.79533785017843,73.56809111762736,74.33535091590606,75.12292231670321,75.92686859932152,76.74720159748274,77.58407490825333,78.40842116292073,79.25188745132098,80.11243052174146,80.9920072393061,81.89171660635651,82.78390404242788,83.69904895059025,84.63201690614072,85.5834825807011,86.55353863666154,87.51604115571821,88.50005988190517,89.50062567685633,90.51825414697984,91.55455187928278,92.58789711398718,93.64383382710137,94.71908205581515,95.81347309447898,96.92726960282816,98.03571368234323,99.16313604429318,100.30698425447287,101.46692715929936,102.6421244004875,103.80787555313559,104.9914297998717,106.19311318380787,107.4157277612425,108.65797684572694,109.89552768794277,111.15175489165567,112.4237566837972,113.71109908878287,115.01259954321768,0.15123833535554948,0.1512048803464146,0.15116276829869732,0.15112411548455204,0.1510892395465663,0.15105844660747175,0.15103204274515178,0.15100148554700585,0.1509756100161099,0.15095451909783839,0.15093833061911704,0.15092710432383014,0.15091172542466494,0.15090695138495258,0.15090602051171292,0.1509088432831661,0.15091537829814275,0.15091829008808177,0.1509248377376379,0.15093493177245482,0.15094851091948397,0.15096546005188044,0.15097872816053204,0.15099529833239853,0.1510150305020562,0.15103790271963038,0.1510636673852738,0.15108443880286226,0.1511081427000394,0.1511346512399713,0.15116372690843152,0.15119517892728207,0.15122130801737318,0.1512499718527846,0.15128110178229742,0.15131459848761525,0.15134998434798666,0.151379997362343,0.15141217922536243,0.15144643931221796,0.15148271760198184,0.1515203729791792,0.15155306412177724,0.15158759968592023,0.15162384596431974,0.15166175407240706,0.1517004672621431,0.1517338158354048,0.15176864439911872,0.15180487782026814,0.1518424949113246,0.1518803194742149,0.15191245885465926,0.15194583546245655,0.15198033108033332,0.15201594463867885,0.15205137347321765,0.15208174679524578,0.15211308229243067,0.15214534772093535,0.15217845831045995,0.15221126336416185,0.15224000394650322,0.15226953079097724,0.15229978053679116,0.15233066348203397,0.15236151161969164,0.15239020472182807,0.1524195156481863,0.1524493479128718,0.15247969459715616,0.15250975465397903,0.15253789993669617,0.15256650499817462,0.1525954919096837,0.15262483097451152,0.15265362914675681,0.15268049441124887,0.15270765097941297,0.15273507689290947,0.1527627623416906
FRA,Tenth,72.24109467872167,73.19967386112562,74.15102937361016,75.08690676964115,76.01288160828632,76.93000621827439,77.81837600535549,78.70814995548629,79.58816313250573,80.45930460600995,81.3072960384102,82.14063414126981,82.9805961858398,83.80774726278364,84.63164077296996,85.4555658474084,86.26627001906508,87.09056967472175,87.91997742081632,88.75557261299598,89.59967105990992,90.43518366805606,91.2884572454237,92.14964099018498,93.01976198728806,93.89883332065921,94.77253238360258,95.67011021519902,96.58135476619822,97.50997769271268,98.45766623020886,99.39784945940083,100.36662297538436,101.35171000792207,102.353032955944,103.37017550145983,104.37670589312265,105.41501559682871,106.47328365318383,107.55136467908622,108.6513288197111,109.74005032436422,110.86335437096051,112.00754488441999,113.17274339306745,114.35913159190765,115.52507221921256,116.72518372918587,117.94732485250064,119.19398347029168,120.46649374726864,121.72572229644038,123.02508574075064,124.34759009494202,125.69417264757999,127.06485841257347,128.4231857699162,129.81948789114273,131.23749526455387,132.6778030647458,134.1424849394107,135.60144897370282,137.09852528570673,138.62074413953087,140.16795182991586,141.74055983488645,143.30351057005745,144.89667209746358,146.51126614425564,148.14698930345813,149.80270476307624,151.44370597598655,153.11298274336693,154.8056964765781,156.52546675127854,158.27069463156667,160.00806816168392,161.7750450958185,163.5625866126402,165.37015402299144,167.19621679139937,0.5318860389068848,0.5323522780664419,0.5329354873178633,0.5334671957963001,0.5339440936693751,0.5343628633524379,0.5347203336907218,0.5351321506632958,0.5354793532697575,0.535761264001302,0.5359770544715127,0.5361263763952514,0.536330505213911,0.536393757880269,0.5364061197876774,0.5363686992812625,0.5362820685358193,0.5362434193561127,0.5361564906695403,0.5360223181875282,0.5358414341563491,0.535615149414266,0.5354375901078624,0.5352153239452563,0.5349498592314276,0.5346411493132713,0.5342920234219604,0.5340095134976217,0.5336859425691006,0.5333226101331319,0.5329222661999745,0.5324869880510944,0.5321236551440606,0.5317232186412494,0.5312860948519357,0.5308130543449977,0.5303103589402476,0.5298815192667833,0.5294190786258818,0.5289238377526304,0.5283959990930017,0.5278443280891043,0.5273621963405497,0.5268495789878761,0.5263078582681622,0.5257371713588957,0.5251498787319289,0.5246402960367658,0.5241043232017347,0.5235425635196087,0.5229548084326228,0.5223590012953321,0.5218488367391496,0.5213151780859998,0.5207593708197434,0.5201809585521302,0.5196007274738131,0.5190994261262156,0.5185784296091838,0.5180377458648086,0.5174784243904179,0.5169196333752417,0.5164262175453077,0.5159153808499669,0.5153879697684964,0.5148450265654476,0.5142981441864678,0.5137852122227684,0.5132569554640342,0.5127147289041779,0.5121582190146783,0.511602054043495,0.5110766591854905,0.5105380267893049,0.5099872272342354,0.5094244962531037,0.5088669245712355,0.5083419352477897,0.5078063360761841,0.5072603701409547,0.5067038671223608
IND,First,1.1489643576901267,1.1702856714089607,1.1909055902239583,1.2125988064593818,1.236511054979194,1.2628811669301028,1.2889290259715815,1.316617067529699,1.3464558551775367,1.3785718672221603,1.4133095461525949,1.4479659849446729,1.484678303556047,1.5247750290884778,1.5657564268437092,1.6081246536621019,1.6492176129865306,1.6910181935891682,1.7344695177452352,1.7795500980201016,1.8265204338979475,1.8720218065545944,1.9176408417018553,1.9641782027336134,2.0115414971862315,2.059385122941301,2.1043496445881784,2.148887236245146,2.1944129457157877,2.2416478055352984,2.290862799112509,2.3377465123508743,2.3840641954073543,2.4307470516501875,2.477473454918937,2.523736651093996,2.565723663162838,2.6065127443237333,2.647600601212354,2.688623738477237,2.730161018747289,2.768686632635277,2.8057928948447737,2.8423726986618556,2.878181977812527,2.913099977371342,2.9426551453076284,2.968748200238194,2.9937005298646193,3.0183871663134134,3.0432050566507045,3.064204296378204,3.0827589531560915,3.0998723149280334,3.1157537792499537,3.1303366414500027,3.1395165521523247,3.1449542825333516,3.14787078494044,3.156744759482148,3.1542118149470246,3.146862558813108,3.1366500138405633,3.1255081419889765,3.1131901074193933,3.099691017942758,3.0812241431206124,3.058792828391455,3.0339109622214493,3.0062917889662653,2.97546148019684,2.9384827495591743,2.8974933083670575,2.855370515732049,2.813431834303248,2.770855651906181,2.7239825630838834,2.6739489617133443,2.6218776881471118,2.567525607822679,2.5103316068268047,0.0004523958212145385,0.0004230890437834476,0.0003957156781878265,0.0003709636087588251,0.0003486592448326602,0.0003286261931868779,0.00031062545998841165,0.0002940101449072876,0.00027925211063698846,0.00026620955325378236,0.000254762154057725,0.00024473338440288443,0.0002356299441064385,0.00022830299879931262,0.0002211746745456349,0.00021423831021663312,0.00020741933554974885,0.0002003613344473696,0.00019350827300008272,0.00018685211016094007,0.00018038669442206173,0.0001740335370871947,0.00016748894237333985,0.0001611454972768535,0.00015499451634809632,0.00014903148594685027,0.00014319006510953153,0.0001372592917317837,0.00013152294438056788,0.00012597365642776214,0.00012061002000565544,0.00011537193369531222,0.00011010781758525313,0.00010501497923890917,0.0001000889959163568,9.532671673570661e-5,9.068788995018173e-5,8.606424101006621e-5,8.161234655659064e-5,7.732843754460561e-5,7.320964660565999e-5,6.921852667062489e-5,6.526803525489443e-5,6.148807830914627e-5,5.7873363665477506e-5,5.4420170999933056e-5,5.109136804812887e-5,4.782120770933444e-5,4.4713924622523264e-5,4.176417344614594e-5,3.89672022306609e-5,3.6292837058818775e-5,3.3694336607127906e-5,3.124490772796783e-5,2.8938192285608117e-5,2.676873119883313e-5,2.4709663571419574e-5,2.273027976019649e-5,2.0880655294832686e-5,1.915473745610962e-5,1.7546256567163783e-5,1.6033736189439505e-5,1.4597032990425458e-5,1.3267989591203256e-5,1.2040259699109258e-5,1.0907853291222535e-5,9.855923620911806e-6,8.871189715041793e-6,7.970094127778315e-6,7.14688337395196e-6,6.396287148036929e-6,5.707642707447916e-6,5.0724252935459365e-6,4.498165253159066e-6,3.98005090362291e-6,3.5135987124211453e-6,3.0914426341321507e-6,2.7081093611777354e-6,2.3662605521249346e-6,2.0621423727147816e-6,1.7922835607672694e-6
IND,Second,1.8862438713328815,1.9306246703319054,1.9746510943643552,2.0206463970363346,2.0701827236502526,2.123628817927737,2.176355511558509,2.2319338709682133,2.291031078120998,2.353861202340042,2.420918315731911,2.4876060013094583,2.5577942300613747,2.6332055123621334,2.7106808115497705,2.7909438407876257,2.869354758851247,2.9496405807931416,3.033062900619086,3.1196342595731656,3.209756485531195,3.2977047697434405,3.3867684471547053,3.478008758613225,3.571331279814035,3.666289312387739,3.7569628118792955,3.8479646623756802,3.9412197455111433,4.037770346345158,4.138034620645638,4.234625726572047,4.331323303760134,4.429403855064995,4.528436482305921,4.627729504818628,4.720433346269379,4.8122359415266205,4.90521826723901,4.998887376757584,5.09407941689845,5.184260461678033,5.273088605931351,5.361809169914055,5.450079268423758,5.537726618884109,5.616752908688799,5.69125156116863,5.764527206194784,5.837837335471689,5.911764589119917,5.9789435060620795,6.0427882429121835,6.104760316156428,6.165148681601918,6.223840282911141,6.273035249334685,6.316628532485552,6.356431094287746,6.404529536637047,6.435428908399894,6.45723554112378,6.474346889238037,6.489719292609291,6.502955564482378,6.514017544211823,6.515275113025291,6.509734772112443,6.499767466665276,6.484869572909637,6.464244524846504,6.43144791074708,6.391166931937452,6.3479620249035404,6.303843954740784,6.2575189063218195,6.201413532115236,6.13867047170295,6.071211662464535,5.998581827472353,5.91980835587619,0.002118421282077055,0.0020068666032924693,0.0019012374588105172,0.0018044376515962764,0.0017160848774525873,0.0016357533683218723,0.0015627282824299243,0.001494568230607855,0.0014333802204657946,0.0013787677280960868,0.0013303957606529701,0.0012876641968593023,0.0012485751932393126,0.0012168978587016092,0.0011858869443703765,0.0011555223248159094,0.0011254832553916783,0.001094186895274901,0.0010635928372989636,0.0010336751779461493,0.0010044157947866935,0.0009754655123923302,0.0009454278894385305,0.0009160961848389921,0.0008874410152406028,0.0008594516989541161,0.000831823665724778,0.0008035509814892297,0.0007759819901009535,0.0007490925143469126,0.0007228874983591533,0.0006970810981488273,0.0006709213768778933,0.0006453865284267214,0.0006204649013642214,0.0005961507436730716,0.0005722463057467566,0.0005481905320066402,0.0005247989293553291,0.0005020638107611609,0.0004799828157663835,0.0004583649126837562,0.0004367382691594048,0.0004158174079728567,0.00039558809179773336,0.0003760444698299385,0.0003569882045613616,0.00033804501349519225,0.0003198249139461729,0.0003023140626861264,0.00028550152732074357,0.00026922031430742744,0.0002531920386599771,0.00023787813605873238,0.00022325808685263736,0.00020931627967956824,0.00019589598467838895,0.00018280586750403347,0.00017038971915964946,0.0001586271069448056,0.0001474952685198478,0.00013686241271368042,0.00012659822342512035,0.00011694463462048227,0.00010787589888625537,9.936764142796418e-5,9.132571954339668e-5,8.36619133547977e-5,7.651956088001014e-5,6.987231018341016e-5,6.369623843790517e-5,5.792016485164533e-5,5.248612271806913e-5,4.7473380578465556e-5,4.2857107457541597e-5,3.8613778022575345e-5,3.4691104445592376e-5,3.105077394554976e-5,2.7731228726284694e-5,2.4710448006942676e-5,2.1967583517638856e-5
IND,Third,2.2751890756152338,2.3348609376506024,2.3945636484503408,2.456791266575925,2.523311708010332,2.5945538066522995,2.6648758878331145,2.7388067497318422,2.816997314033462,2.8996977279886194,2.9874546648367897,3.0746186173072534,3.166106064787846,3.2636131507329598,3.364007163144732,3.4681334084819166,3.5702411667025915,3.6751844923927757,3.7842736516996425,3.897553543078021,4.015512698377534,4.13109271683685,4.248741925065625,4.3695189968834764,4.493344335550816,4.619734866484826,4.741291206603621,4.864050252017891,4.990062448362965,5.1205564415232745,5.25604000888148,5.387346479017605,5.519647091069542,5.654275252600941,5.790757405134675,5.928324362169266,6.05830394415674,6.188129790651628,6.320044658299769,6.453507742635066,6.589504075986872,6.719654791807301,6.849137272609054,6.979213582441794,7.109502074578363,7.239813440098174,7.359985395460726,7.475738066424762,7.590702307775014,7.706352952278485,7.82339034349253,7.932289518054905,8.038059178332889,8.142195437176808,8.24503691637786,8.346447756880716,8.436231987640554,8.520042902986056,8.599775850991854,8.689050935136821,8.758652807887811,8.816792489733846,8.869796112281815,8.920958577433113,8.969791609892775,9.016229977587074,9.049974479582193,9.075739600924036,9.09615677994247,9.110569903666152,9.117954875352211,9.109297383593404,9.091338336822208,9.069435347780324,9.046009961345533,9.019453436406225,8.979283523655251,8.930389866746276,8.874976810056092,8.812406378942937,8.741386705218929,0.0038080782518941075,0.0036347468299949377,0.0034692971214114374,0.003316479455222493,0.0031759398171680208,0.0030472356655654605,0.0029294345025433293,0.0028187567189638194,0.002718775131182925,0.002629015687175561,0.0025490846773848653,0.0024781259107052797,0.0024129194999613895,0.0023598627042460494,0.002307730717641854,0.002256496577385662,0.002205622659702443,0.0021524141267270096,0.00210019055132422,0.0020489156767033935,0.0019985659644877665,0.0019485442828677524,0.0018964225198028657,0.0018453009255303817,0.0017951365651420132,0.0017459189482486057,0.0016971168464373612,0.0016469416055088402,0.0015977787027100273,0.0015495937488777672,0.0015024046008972334,0.001455701885337222,0.0014081160208958337,0.0013614203758291696,0.0013156012178379148,0.001270655516808637,0.0012262225977371856,0.0011812524423771616,0.0011372658817348684,0.0010942585409219915,0.0010522355534879006,0.0010108405479354549,0.0009691647108074489,0.0009285844864511496,0.0008890847098962505,0.0008506666290716651,0.0008129493481785675,0.000775189423400291,0.0007386051426218528,0.0007031840447677617,0.0006689197660639196,0.0006354841725191286,0.0006023074785253731,0.000570351449965724,0.0005395915416815341,0.0005100131003621208,0.00048129817999748595,0.0004530428397172535,0.00042599942838556,0.00040014405141802534,0.0003754470622042911,0.0003516327720099533,0.000328418421794318,0.0003063648439430823,0.0002854353420821743,0.0002655953097236911,0.00024664401877505385,0.000228386607240545,0.00021118091423166953,0.00019498584046239055,0.00017976487513163012,0.00016536201160181235,0.0001516477304197512,0.00013883946556198323,0.00012689526086256015,0.00011577504516971939,0.00010536044009873357,9.556518750668699e-5,8.650973990527172e-5,7.815353460073369e-5,7.045764852285306e-5
IND,Fourth,2.8226293539195044,2.9028999826122526,2.983751897774078,3.0679318311591337,3.157466631162864,3.252868385041748,3.3470812171727315,3.4459564147572457,3.5501541997188846,3.6599773030119107,3.77602667010871,3.8912171690760564,4.0118884721338075,4.139759008492856,4.2716556717359735,4.408581826108583,4.543235746597358,4.682008306614255,4.826303006779658,4.976209780836401,5.132332347774165,5.285760147655295,5.44253424558847,5.603743337900292,5.769331524073388,5.938775398588156,6.102621499252695,6.268852810072136,6.439703606971087,6.616648819768308,6.800309873466863,6.979077477828851,7.160042668489806,7.344641996690231,7.5323492807830785,7.722311338901379,7.903339961551678,8.085253527266953,8.270516791084924,8.458541359668622,8.650500266802167,8.835458817622499,9.020715171459555,9.207577890700723,9.395626194916813,9.584656417049695,9.761556319718744,9.934300871804526,10.106948342126971,10.281245441366691,10.458051261238483,10.624885422179183,10.788986000708004,10.95192143152252,11.114095893926377,11.275353817767582,11.422216829729589,11.56281947497846,11.699173442117754,11.84563230456949,11.970678660174467,12.081196923865757,12.186224487223205,12.289477816794864,12.3903634611541,12.488789854464976,12.570793219116531,12.643561874860586,12.710045100612524,12.769403099523545,12.820338799715579,12.850270669388216,12.86884565375322,12.88238370682096,12.893801462585817,12.901110742863503,12.889832178409609,12.86740477127713,12.836363849087974,12.795839862127853,12.74414421769447,0.0074866697833749635,0.007188916564437429,0.006902832382537934,0.006636889896971972,0.006390805569490144,0.006164119449411643,0.005955477371324986,0.005758400258684601,0.0055794593284026655,0.005418049034125104,0.005273682420986649,0.0051450082166961605,0.005026326293823851,0.004929439711087156,0.004833957184949249,0.0047398369284908926,0.004646096110145755,0.0045477442861432665,0.004450898400486716,0.004355500510283102,0.004261516204612351,0.004167833990061262,0.004069881267802919,0.0039734635982085625,0.0038785105302114593,0.00378501149053082,0.0036919622101132137,0.003595930636293822,0.0035014675276508578,0.003408517880832069,0.0033171264367630867,0.0032263123714797236,0.0031333951652994635,0.00304182395240805,0.0029515804480824397,0.002862667390905149,0.0027743744838171105,0.0026845999541433114,0.002596369820818851,0.0025096866189946573,0.0024245726163172874,0.0023403122716321285,0.002255043175236366,0.002171574808757196,0.002089891965394871,0.0020100129807190544,0.0019311556381369616,0.0018517555800034388,0.0017743724761852188,0.0016990006880645472,0.0016256474834850578,0.0015536250634099634,0.0014817033347845853,0.0014119724159590338,0.001344404104817997,0.0012789917346384908,0.001215051451936657,0.0011516867512955066,0.0010905963497899235,0.0010317563778789829,0.0009751294788933109,0.000920107355567668,0.0008660463585043582,0.0008142705437533614,0.0007647278681206582,0.0007173703768069811,0.0006717475101137609,0.0006274079916988802,0.00058524516301414,0.0005451947802912646,0.0005072027287951321,0.0004709109335860761,0.0004360162698293913,0.00040310025208749724,0.00037209198831063294,0.0003429239709700968,0.00031531803590070025,0.0002890716338552793,0.00026453730087862303,0.0002416409011772446,0.00022031074235634646
IND,Fifth,3.2947255356777805,3.394771435015655,3.4960204725058133,3.6013628615219866,3.713030755946169,3.831601568124248,3.9487743949614744,4.071613030646848,4.2007171421293545,4.336426578223769,4.479353924627141,4.621164428491281,4.7695030331830734,4.92594001777756,5.08753016153549,5.255417916527281,5.420921291968149,5.591902287749624,5.7697602167409165,5.954634602979446,6.147238678979151,6.337006608418145,6.53154287636797,6.731860319654229,6.937936080368189,7.149226235836059,7.3544194515308305,7.563387463122054,7.778412262798071,8.001202631227306,8.232485088966556,8.458442343943565,8.688061056413193,8.92277678335858,9.162027180327438,9.404911064566784,9.637917690224766,9.87320704965487,10.113314498091889,10.35763569592593,10.607516245603966,10.849634871633214,11.09346354786079,11.340212727970094,11.58944536532227,11.840959695408788,12.078896906133519,12.313555984671812,12.549196930614803,12.787814090260202,13.030431602010555,13.261782141364613,13.491445773914325,13.720876262314906,13.95054590229508,14.180295782103721,14.393498375277723,14.600938095938782,14.8045073629488,15.017397652512972,15.209683742392333,15.384988043529642,15.55525079822907,15.724335489116601,15.891562969563662,16.056826212494933,16.202523820961027,16.338583413126095,16.468009451167145,16.589791410314202,16.702369953768414,16.789529580355424,16.864087160632963,16.933023907689922,16.9997172780466,17.06181897799182,17.10073130129069,17.126774913187703,17.142565000417008,17.146989066051553,17.137948399930625,0.012169897583269085,0.011749098087479933,0.011342333999503355,0.010961963638787323,0.01060799350734955,0.010280158163951218,0.009976866675971502,0.009688972236777173,0.009426340780924247,0.009188403296674898,0.008974733317334381,0.008783587139694488,0.008606684276858444,0.00846183172194294,0.008318685199039413,0.008177192866184116,0.008035878988975873,0.00788718593321196,0.007740331211192703,0.007595237881121542,0.00745186339732402,0.007308515019709361,0.00715815664403379,0.00700966887448251,0.006862953404343534,0.0067180051409095895,0.006573269077918076,0.006423374787519017,0.006275398874039825,0.0061292672187595295,0.005985061965681496,0.005841239119140248,0.0056935238881258695,0.005547376508840898,0.005402775096195267,0.00525973162288498,0.005117104105705146,0.004971469181885967,0.004827715666648377,0.0046858587938633425,0.004545947191187228,0.004406808834199854,0.004265342084425878,0.004126192627694491,0.003989351708960918,0.0038548677486252647,0.0037214320055286147,0.0035863744145291226,0.0034540382137315177,0.0033244377189831187,0.0031976097624869,0.003072381158927124,0.0029465995673779114,0.0028239196207358545,0.0027043230155171408,0.002587830757957148,0.002473246256189266,0.002358958195515754,0.0022480392973801546,0.0021404858607336256,0.0020362697327425032,0.0019343006609736457,0.001833391280003493,0.0017360329025221126,0.0016421747226985572,0.0015517733671401971,0.0014640072514532079,0.0013780279622115587,0.0012955991049827967,0.0012166483595763276,0.0011411218623631442,0.0010683534043172665,0.0009977655657315335,0.0009305748906358784,0.0008666937099116476,0.0008060394474394062,0.0007480834751814769,0.0006924387533636886,0.0006398985751291428,0.0005903625391548503,0.0005437328916785598
IND,Sixth,3.9709111549212923,4.098993367460054,4.229201110932808,4.364624418421886,4.50777374919277,4.65931838756428,4.80917752138828,4.966146916942331,5.130750903988095,5.3033822099301124,5.484622264311105,5.664425890774614,5.852264500966204,6.049509607469651,6.253534359576766,6.46567534578484,6.6752769176976114,6.8922973721353324,7.118132769348135,7.352994730128531,7.597751360301871,7.839468165321188,8.088000504698973,8.344258446027752,8.608271389295616,8.8794770542853,9.143905017503979,9.414129789689225,9.692481392534233,9.981006995424833,10.28056906549797,10.574220591486784,10.873671528836224,11.180365386723587,11.493685933913614,11.812696938398815,12.120563036371443,12.43280579283254,12.752024141418644,13.077621905220514,13.411169182810909,13.73591372608646,14.064508896230475,14.39801475536795,14.735988773772773,15.078241912108629,15.405022225106025,15.730004133362815,16.057682230629723,16.39037436817851,16.729357598629612,17.055409078234085,17.381513316110208,17.70895744831488,18.038308862777754,18.36941731957702,18.681151939292935,18.98822516553386,19.292300748741674,19.600692386784097,19.89442329303726,20.167976470913082,20.437571931710814,20.707190234334867,20.976057044909698,21.244058889834406,21.4883758539681,21.723056905079083,21.951095577954952,22.17126756164222,22.381680702708447,22.560857233695547,22.72633209720372,22.885856896737142,23.043420444425326,23.19621443427588,23.319698705636156,23.42857688482256,23.525467816250252,23.60893853779904,23.67634628795365,0.02189742950728588,0.02125112409889884,0.020622556509125065,0.020031264180794647,0.0194778658443208,0.018962538153629336,0.0184833302270179,0.01802619834676296,0.017607215514453566,0.017225964400160707,0.016882217066530928,0.016573573967612446,0.01628695704318316,0.016051557376093914,0.015818292230778182,0.015587087519602628,0.015355534370517416,0.015111186791525283,0.014869140025944754,0.014629280334425215,0.014391550118609318,0.014153142080800804,0.01390228489851651,0.013653738526015733,0.013407352291150514,0.01316312906034116,0.012918448312511162,0.01266416940016055,0.012412249883174171,0.012162575571417015,0.011915301385420836,0.011667778927921412,0.011412594993382614,0.011159134925451028,0.010907365805086203,0.010657314221051756,0.010406978337797768,0.010150290428935222,0.009895824815080882,0.009643618680596528,0.009393769687192254,0.009144182792583938,0.008889238275596643,0.008637269037829551,0.008388278367816662,0.008142374554282985,0.0078971674965653,0.007647696307140587,0.0074019515690383455,0.007159989288926661,0.006921910409881674,0.006685526593808094,0.006446736068349835,0.006212459483380288,0.005982706376658849,0.00575756080187197,0.005534735234863905,0.005311069611891887,0.005092576620555051,0.004879307025677524,0.004671264332736949,0.0044663111001338575,0.004262051755998661,0.004063548057096906,0.003870770448249133,0.0036837041159654936,0.003500706112238467,0.0033200263765698033,0.003145413485151105,0.0029768017689164204,0.0028141650769587115,0.002656141997763662,0.002501520812407735,0.002353028689626836,0.0022105719070074146,0.0020740663728722655,0.0019424086096999779,0.0018147810190462484,0.0016930820645630435,0.0015771877149272412,0.0014669769618837196
IND,Seventh,4.595705339535368,4.7526837893187155,4.912868804827239,5.079430324775987,5.255114223775398,5.440664562572946,5.624315946162853,5.816573085255471,6.017782757813823,6.228371735051519,6.448807748372337,6.667497248918379,6.895696203862997,7.134325118418769,7.381464180405911,7.638637195325741,7.89330616014573,8.157595351012903,8.432764878386632,8.719109428022009,9.017660385349997,9.313200459407021,9.617972713427998,9.93262613426505,10.257260051833729,10.591317433289182,10.918238960274818,11.25343967239036,11.599108643519132,11.957662965209858,12.330095622622165,12.696419473456343,13.071238151891665,13.455864353848119,13.8496371219249,14.251642315557332,14.641727383684458,15.039009302865008,15.445929395120856,15.861958139977423,16.288887192996434,16.706498837313287,17.130985352168967,17.563024957445474,18.002208569203972,18.448387230322616,18.877905338551308,19.308204841828513,19.743708616852246,20.187057578878207,20.639843012262215,21.078844819758604,21.520884910095326,21.966798199545117,22.417262904811572,22.872172389413475,23.3057277948837,23.737214064514145,24.167653758342126,24.59080116142621,25.014327546083546,25.41540817423695,25.815247857605197,26.217508357121716,26.621356858479956,27.02671006592892,27.40516531553853,27.775708920918063,28.140879824499546,28.499259934975548,28.848632289990768,29.1617455551477,29.46176489002949,29.75677920183586,30.051427725743924,30.34245103225685,30.598691417173463,30.840247834096786,31.069281602987974,31.284013861183855,31.481215387579343,0.03470501109721515,0.03386365669453901,0.03303988699106836,0.03225988783670169,0.03152529996570019,0.03083717157678993,0.030193664181276864,0.029576483781851442,0.029007899255333265,0.02848805115743528,0.028017284092699303,0.027592898903195513,0.02719734191118751,0.02687140219572215,0.026547455717881835,0.02622541104836098,0.02590191193426162,0.0255594701606652,0.02521915736280822,0.024880825488040968,0.024544408105864647,0.024205924233271524,0.02384854987991808,0.023493216780725648,0.02313972277365977,0.02278808296617542,0.022434514993006277,0.022065705940386773,0.021698914760980164,0.02133398732482953,0.020971159961762856,0.02060653792789101,0.02022910081480376,0.019852641460691923,0.019477110943075904,0.019102544093862753,0.018725918588271013,0.01833800071802267,0.017951662003455816,0.017566962416553165,0.017184052551836557,0.016799703592977833,0.016405151630152378,0.0160132101261455,0.015623896913107735,0.015237396307406208,0.01484993540793068,0.014453564241896519,0.014060900340422086,0.013672061631840468,0.013287240629284451,0.012902899846802054,0.012512277046937414,0.0121266363471782,0.011746040680548778,0.011370679007017022,0.010996752696853969,0.01061888032141917,0.01024718580689284,0.009881825745991618,0.009522881075878353,0.009166698477751836,0.00880906341190103,0.008458834902306301,0.00811605827131545,0.007780808550087488,0.007450209029441256,0.007121091513014067,0.006800323640810962,0.006487909859662431,0.006183930896911835,0.005885941452156465,0.005591693138169226,0.005306454695301238,0.0050301992836875465,0.004762919607100352,0.004502584238911772,0.004247654230866077,0.004002037828036496,0.0037656621670431483,0.003538461096869386
IND,Eighth,5.700142020333104,5.907154222730885,6.119296382525096,6.339890679233652,6.572077110675519,6.816730930833595,7.059122591412137,7.312749802343978,7.577684067998967,7.854414701835774,8.143027933917493,8.429518486669709,8.728118855524084,9.039022120471643,9.361472181239677,9.69730487768159,10.03067937278716,10.377486010506853,10.738771643637117,11.114975288666912,11.5074149220912,11.896837608339947,12.299695128621847,12.716210872256498,13.146611947492808,13.590369188772407,14.026362111482952,14.474976901506764,14.938117369065818,15.4189106249643,15.918522946061426,16.411703717859197,16.918081384550387,17.438819711206214,17.973127098894054,18.520228584588104,19.054119877749585,19.600253110675492,20.160703725174685,20.7351561891096,21.325716921966286,21.90601843351617,22.498609605489786,23.103504073604086,23.720388068237376,24.34919248842639,24.959519131525894,25.575444356841363,26.201214992383196,26.839945247108925,27.493876678659174,28.132951648704964,28.780623304747454,29.437048508595886,30.103062985904003,30.77867245054988,31.429891707398248,32.0843302962185,32.741753174450004,33.34783869315029,34.00684002563429,34.64015214590166,35.27789507375366,35.923027247778364,36.57467978686557,37.232869523741236,37.85948829851756,38.482511199977246,39.1035300639572,39.72087629548521,40.3318677986273,40.89914416926291,41.45606449758867,42.010990489944554,42.569643086359136,43.128115254572066,43.6436970949506,44.14644989948268,44.63752228269911,45.11463457770108,45.57366692517952,0.06848745357697297,0.06723390974792619,0.06599621273479947,0.06481467587517581,0.063693238271379,0.06263495098891668,0.06163836944253447,0.060676175016453275,0.059784124875682874,0.058963745642075245,0.0582168196202807,0.05754018000026068,0.05690664575905427,0.056382516605227834,0.05585969566982405,0.05533805480434381,0.054812135978379695,0.05425330427101791,0.05369576420626318,0.053139290058406195,0.05258378261279607,0.05202264115787597,0.05142773490332865,0.05083370358156684,0.05024021369318562,0.049647297678614394,0.049048543411726285,0.048421173742775866,0.047794354893777403,0.04716782249996195,0.04654198832142278,0.04591008980055763,0.04525279515582122,0.04459392140187747,0.04393334658008842,0.04327109841649869,0.042601756602836015,0.04190865559238393,0.04121457923500544,0.040519604889224695,0.03982397623453888,0.03912174845493417,0.038396634107681196,0.037671958099168804,0.03694773904327628,0.036224303652822754,0.03549451116147212,0.03474308729783949,0.033993725399608966,0.03324665582480491,0.03250225840672815,0.03175363054283824,0.030987322085040174,0.030225232918308077,0.029467525609241683,0.028714620484354515,0.02795885654994353,0.02718909192147022,0.026425785597877484,0.0256693421699315,0.024920016986868368,0.02417017766994453,0.02341072608398376,0.02266036459234793,0.02191932891823063,0.02118792380709285,0.02045993538750731,0.01972825557197104,0.01900812928985272,0.018299768859086102,0.017603567001743484,0.016914056418195718,0.016225998437680057,0.015551785308796735,0.01489162712983138,0.014245790326635146,0.013609577037972909,0.01297929239869042,0.012364770424579756,0.011766179652905821,0.011183714243408673
IND,Ninth,6.8044958290174105,7.069751379077905,7.342733804829501,7.626642552707507,7.924963226405516,8.238672972381725,8.54996281485605,8.875628025632727,9.215150278318657,9.569032594135514,9.936572244317604,10.301711874493881,10.681816715891836,11.075555738840162,11.484548714134325,11.910976356424863,12.335552066090095,12.778601473161926,13.240565823931062,13.72207623690875,14.224810674681201,14.725182466443231,15.244801243430043,15.782959220281349,16.34008071631412,16.915734795925335,17.4838525257677,18.070850457407882,18.677734905917884,19.308631523397278,19.96484942563616,20.615502405799997,21.286319921108912,21.97796625348524,22.689454909597064,23.420417538727083,24.138230214962785,24.87629254420466,25.635532066811525,26.416142443177772,27.220535759124626,28.015230926671762,28.831180062672725,29.666924992509998,30.522407878555722,31.39773744018255,32.254958708028575,33.12685596773664,34.01656534255406,34.927683997331805,35.863571335768576,36.78659458818475,37.72878702025556,38.688812561653684,39.66770651652333,40.665760492914806,41.63922591429439,42.62754115234748,43.62753269097626,44.46193572772233,45.483951530214824,46.48083769399838,47.4951994461417,48.52772440932158,49.57772026082538,50.64553614421887,51.68118727067149,52.72569725952695,53.77801747431833,54.836391560587955,55.89776788364304,56.91199644448592,57.92734751196202,58.95089894778212,59.989908452389635,61.03993151308045,62.0432716493099,63.045158075804125,64.0438004126335,65.03648397113858,66.01813996447038,0.11987695215979596,0.11859692752183232,0.11731467187501489,0.11607344754381098,0.11487978314153303,0.11373933729956345,0.11265288136988924,0.11159232756774595,0.11059884810798126,0.10967643739974493,0.1088292666224158,0.10805573103525462,0.10732619971615703,0.10671877139677403,0.1061093391803825,0.10549775848632763,0.10487758426078952,0.10421463485507668,0.1035491201882992,0.10288077379385817,0.10220947001280646,0.10152715196727527,0.10079912562786578,0.100067355690915,0.0993314114081639,0.0985913061908792,0.09783892688612683,0.09704516699998363,0.09624650857125899,0.09544256952924779,0.09463383638965273,0.09381143526635942,0.0929496944025828,0.0920793739775577,0.09120018969618801,0.09031204309989016,0.08940744055985253,0.08846327632910188,0.08751007822869225,0.08654780809323019,0.08557665794201337,0.08458807426321714,0.08355846698780546,0.08252038846997463,0.08147372300631385,0.08041879821229003,0.07934490989784859,0.07822881909610602,0.07710509625895105,0.07597394805643765,0.07483582109944727,0.07367987748630898,0.07248456034491707,0.07128341956874966,0.07007659953749809,0.06886467262209142,0.0676350092218301,0.06636865229360261,0.06509865049799228,0.06382561629744492,0.0625499343794955,0.061258332531839384,0.059934315395835686,0.05860992504176563,0.05728559927522582,0.05596190974473981,0.05462742819024017,0.053268435201005736,0.05191281687813867,0.05056109698750229,0.04921417120916842,0.047861394460905295,0.046491951094413765,0.04513023783403529,0.04377695023676826,0.04243292776431522,0.04108847800642345,0.03973544684249019,0.03839488258086893,0.03706760536794115,0.0357545291105909
IND,Tenth,12.027308715982132,12.569906914312298,13.133658959148033,13.720965706134658,14.336734064955271,14.982381362670486,15.625489785788877,16.298644062919237,16.998392002993544,17.72523528637234,18.4674849773661,19.211338151679975,19.983844333550987,20.775792263613052,21.60121907656654,22.463743818224167,23.328250094170173,24.236298764034355,25.185084998557233,26.176081225326318,27.21304413019395,28.250337029272192,29.336421266493005,30.465507890746405,31.63912139491249,32.85766724267638,34.070595341185935,35.33469846008273,36.643714229149765,38.010701114982446,39.43530452567941,40.86191535306559,42.34372800336026,43.88156503738215,45.47018451917215,47.11539396506259,48.74998215626845,50.450242736352735,52.205972666053604,54.02437182903728,55.906096042220526,57.77844792413808,59.721492447261255,61.724643557752586,63.790183977178096,65.91877735182564,68.03872906889522,70.22646288866679,72.47794211876719,74.79460762798973,77.19268899632584,79.60764639563533,82.1023113901798,84.67489068389357,87.32419906059766,90.05292882760678,92.76506647567402,95.57644480174883,98.45849655794932,98.45623610354689,101.54648707725829,104.64389543600416,107.85814557526618,111.17464413164433,114.59593784932449,118.12636980045912,121.66182068962115,125.3171984073107,129.07370537808865,132.93241879210368,136.89194072987715,140.84261902770385,144.9192066612617,149.11562666205077,153.4495849272508,157.9191282907112,162.39607753529023,167.01961390653244,171.7666162687749,176.63781736281274,181.6295444864947,0.7289976909369004,0.7340516648078154,0.7390152552495411,0.7437299903121799,0.748184329760774,0.7523701091406636,0.7562966224870235,0.7600741076972457,0.7635647046749363,0.7667653561012584,0.7696717542676567,0.7722984972453186,0.7747527203624286,0.776779417431405,0.7787977824805868,0.7808084011342716,0.7828323331062863,0.7849795113459104,0.787118296943382,0.7892496489690544,0.7913740410942905,0.7935167482186586,0.7957849274269196,0.7980463103404395,0.8003022638025544,0.8025527653393998,0.8048222045313265,0.8071967266141504,0.809565821851927,0.8119306000552996,0.8142896234200342,0.8166684516694692,0.8191397503646253,0.8216139058896781,0.8240914763161652,0.8265724681776891,0.8290772705282863,0.8316682005801332,0.8342600930726516,0.8368528097183097,0.8394455957610546,0.842060745803165,0.8447589527238802,0.8474535168576968,0.8501445728297703,0.8528311152739523,0.8555398594717296,0.85832764741788,0.8611067717608724,0.8638766445100426,0.8666361237130711,0.8694110619840203,0.8722516076988006,0.8750768851519365,0.8778866128548976,0.8806795464808289,0.8834844447601352,0.8863430819178233,0.8891798960266722,0.8919937406265228,0.8947840154260936,0.897579543282876,0.9004147920355631,0.9032204464920529,0.9059959889954922,0.9087406392337244,0.9114781408570665,0.9142358356732185,0.9169568018688102,0.9196405743509454,0.9222859838233417,0.9249142115139146,0.927545848403337,0.930134007318123,0.9326781333252593,0.9351774300887628,0.9376504076087312,0.9401119910508747,0.9425241839967603,0.9448864355318701,0.9471980574376112
MEX,First,1.7250294746264874,1.767774848654726,1.8120557898540532,1.8598961839296122,1.9124649142994492,1.9698106369453043,2.031080869530646,2.0949910270043643,2.1626219326783636,2.2338600007237304,2.308806677546067,2.3863607524210453,2.465982972010541,2.5522173012943234,2.644119953861945,2.7425953759156636,2.8471832012534986,2.958238953204395,3.077518606501505,3.2054512909258204,3.3428169521457574,3.4884634769025187,3.642815857810011,3.807431686745856,3.982874381477513,4.169458522714716,4.366162464085664,4.574545486392248,4.79722744328902,5.0360030419338715,5.292087559089861,5.563420000846376,5.851122443982667,6.157822587668191,6.48442339768414,6.831672307397853,7.197655439735131,7.586119639488492,8.00078641209681,8.443000379505106,8.915405058649048,9.416108586218547,9.948530756428118,10.515988226498834,11.120552218716396,11.751205423221238,12.389472334899192,13.03906141741877,13.701000080176183,14.376478370248192,15.066126695645215,15.763649901791736,16.47320531168582,17.193875619372477,17.92595381362929,18.66931426412779,19.416167971695867,20.172348552099646,20.936872274640372,21.699669525789908,22.477262663741115,23.257836889200938,24.048699506577016,24.850260756766573,25.66225108843826,26.484854066018922,27.308233260755586,28.13917039864926,28.977351913281257,29.82222644282134,30.67274732483059,31.518105712135117,32.36936115527754,33.2294606292948,34.10166510806189,34.98445849375295,35.86268128216168,36.747843118166585,37.6391829189522,38.53607035566779,39.43694770721475,1.3115477046094105e-5,1.371982541044315e-5,1.4415122433902552e-5,1.5225720014175722e-5,1.6155870023245657e-5,1.721097269348577e-5,1.840615902536756e-5,1.9679308616940352e-5,2.1085479599974032e-5,2.2628654182052442e-5,2.4311978794289907e-5,2.614291719942868e-5,2.8054028897792724e-5,3.0276995591644648e-5,3.280280673792695e-5,3.567224047000207e-5,3.8934634485190336e-5,4.257140315322126e-5,4.6710639306310654e-5,5.1426089698150036e-5,5.680322195295572e-5,6.293822035467944e-5,6.985956446004786e-5,7.778379306538978e-5,8.686826898875577e-5,9.729744768700302e-5,0.00010927313546916787,0.00012292068474612224,0.0001386593285563654,0.0001568365461416483,0.0001778476295712181,0.00020213029027148794,0.00023004043353641305,0.0002624347589778072,0.0003000862951431935,0.00034390318211435913,0.0003948739813057362,0.00045397309185411306,0.0005230226927974974,0.0006037964594379977,0.0006983891214212964,0.0008091283780364867,0.0009384441652961289,0.0010902925085124562,0.0012687327727557438,0.0014715281803955034,0.0016935538304476475,0.0019348945889579561,0.0021954645029637326,0.0024750132245276377,0.0027731337232994547,0.003089274080689869,0.0034227494157729743,0.0037727561309019745,0.00413838802290312,0.004518651132119933,0.004912479135366911,0.005318749553850589,0.005736298231610455,0.006163934071987694,0.00660045104426605,0.007044641876391277,0.007495307155216204,0.007951266603660032,0.008411367536356807,0.008874491143159007,0.009339558938857307,0.009805539426246724,0.010271450106532349,0.010736361600229461,0.01119940003886302,0.011659747748798925,0.01211664440112338,0.012569388703068791,0.01301733368501825,0.013459890904587688,0.013896525950409506,0.01432675871422958,0.01475015941188888,0.015166348346364657,0.01557499300879477
MEX,Second,3.4552802958173063,3.534351644965343,3.6160419073749006,3.703405825753194,3.7981746220293693,3.900402785117374,4.008364798509219,4.120490473094577,4.238427038947489,4.361999136340889,4.491347821547919,4.624320080786023,4.760602056307352,4.906899494232549,5.061769697290126,5.226478468626866,5.399763772508031,5.582548727226372,5.777287097519794,5.984494165333389,6.205171460140974,6.436936357818411,6.680824840769949,6.938867389621113,7.211681292543993,7.499510800406231,7.80002328973443,8.11584160356125,8.450281541732506,8.805522839678073,9.182891673596144,9.578429882461863,9.994051175720898,10.432789971836112,10.895366843981563,11.382261536404128,11.889467057896962,12.42232506527632,12.98490112909402,13.578198221171252,14.204822596752852,14.860343801780756,15.549368631094158,16.274864896395773,17.03829145453677,17.826764420294076,18.61777067627738,19.417339297983148,20.22703424186707,21.048548764202536,21.88294953887224,22.721480475897327,23.570540384795613,24.42932169455001,25.29837892357096,26.17778148671316,27.05686779672288,27.944326851724632,28.83910301739268,29.701053976809057,30.6060020033134,31.511409907781427,32.42743651995097,33.35474411542632,34.293174676163076,35.24310296041591,36.19162474744467,37.148224835103406,38.11268668969053,39.08450821374184,40.06260120444133,41.03288948065682,42.00989735717961,42.997181245357474,43.99864255373899,45.01262006682516,46.01987667916996,47.03550274339328,48.058712667166084,49.08886817777823,50.12425832136336,0.00011582630835837129,0.00012024473113413369,0.00012528628964500135,0.0001311105447574424,0.00013772732904332653,0.0001451526575571254,0.0001534677879673121,0.00016222131511607255,0.0001717739823800363,0.00018212845061973149,0.00019328148068027082,0.00020525757115637296,0.00021759949662036022,0.000231767874053857,0.00024764209347420636,0.0002654116888610225,0.0002853044995906413,0.0003071278372637502,0.0003315585081390646,0.0003589144626277312,0.00038955503841018907,0.00042387078222587795,0.0004618523847850184,0.0005044913599620315,0.0005523907790360944,0.0006062395683816116,0.0006667520176657939,0.000734203330268468,0.000810245880118513,0.0008960450161354897,0.0009928697800142515,0.0011020506652765856,0.0012244273806717885,0.0013628634075398798,0.0015195811798064392,0.0016970993177884098,0.0018979661924739557,0.0021243824127906642,0.0023813973619552504,0.002673294073680751,0.0030049318057177596,0.0033813291721869697,0.0038071743462740597,0.004291306867630765,0.004841683815496983,0.005446655609149659,0.00608777414195938,0.006763190754655805,0.007470805527961054,0.008208307646688442,0.008973221435171251,0.009762946109241515,0.010574799561933846,0.011406051387984204,0.012253961770467227,0.013115810670302812,0.013988924637351843,0.014870702234489606,0.015758629491436412,0.016650302925303964,0.017543436910419173,0.018435873409139172,0.019325593473221894,0.020210718082777496,0.021089508701068176,0.021960372282177686,0.022821857236880023,0.023672648180231636,0.02451156708786314,0.02533756560652087,0.02614971746972516,0.026947217972877517,0.027729373112587424,0.028495591321965046,0.029245384907213123,0.029978354047882006,0.030694184426776596,0.031392642562996856,0.03207356418313826,0.03273685208775628,0.03338246903849874
MEX,Third,4.692115965037181,4.793456801527096,4.897724612801508,5.008499649160911,5.127851078288591,5.255841773512289,5.390104788200764,5.52926422087358,5.675112471009738,5.827452330074913,5.986456837581649,6.149264413620391,6.316031813181726,6.494008311981953,6.681560358472066,6.880105399558786,7.087761486040419,7.3059907163069155,7.537392999541583,7.782454689571874,8.042217892628154,8.31343363995405,8.597650890784355,8.896889234720277,9.211688366854066,9.542143378495064,9.885016686721821,10.243642659049558,10.621371871600184,11.020435583761264,11.442064490770706,11.881103910049553,12.339979228562322,12.821538656946728,13.326212193701469,13.854153983173948,14.400084212270437,14.970166482396449,15.56815086779514,16.19462982944253,16.85191005703056,17.534081232983695,18.24629023325119,18.990806970266252,19.76850243952903,20.567354203136833,21.365054935830617,22.168818776025624,22.980535542956435,23.802180224074494,24.63508991465553,25.46963411703514,26.31317610998941,27.16505504651949,28.025976407201505,28.89614279550593,29.76391603944515,30.639131641506516,31.52075048922964,32.35339044850136,33.2436660519796,34.13319364995721,35.03310093019248,35.944152331919405,36.86624830077074,37.79983994732532,38.73116226473612,39.67053770861539,40.617799448796674,41.572482161991765,42.5335111166257,43.485985926557056,44.4453766122921,45.41540307619,46.40012270911611,47.39784614584794,48.38839051914963,49.38772622650952,50.39507208006127,51.409798767362204,52.43017258604177,0.0003037953755226262,0.0003139291026674089,0.00032543426076008604,0.0003386523878738879,0.0003535785356262867,0.0003702197821514841,0.00038872630860776027,0.0004080698625944699,0.0004290267678875,0.000451573633512816,0.0004756747707920699,0.0005013547587812113,0.0005276163749142103,0.0005575267119945065,0.0005907562710695175,0.0006276248142342431,0.0006685166611173291,0.000712947710991005,0.0007621957717880564,0.0008167738342308021,0.0008772528077684649,0.000944237309487919,0.0010175359196684431,0.001098863037873296,0.0011891234147752402,0.001289334813872632,0.001400508427080297,0.001522810286733248,0.0016588449367785358,0.0018102224429806513,0.001978640795510666,0.002165803890494094,0.0023724917748821723,0.0026027802678292742,0.0028594561460816175,0.003145602941560555,0.0034641519359955297,0.0038173015372141815,0.004211434562522666,0.004651351893972823,0.005142357042999092,0.005689592189044358,0.006297342689096949,0.006975315210973703,0.007731257642173947,0.008546124921672551,0.009393389248521565,0.010269794296001397,0.011171966549703087,0.012096473294425626,0.01303986771466682,0.01399873776466725,0.014969739814620795,0.015949637306923465,0.016935323046587545,0.017923844884797428,0.018912418558661156,0.01989844486903478,0.020879511334605045,0.02185340171780521,0.02281809492178032,0.023771762759686694,0.024712763775574777,0.025639642549026218,0.026551118664698826,0.027446080527737997,0.028323570684344917,0.029182784984894378,0.030023053931013673,0.03084383905870428,0.03164471780317945,0.032425378355879185,0.03318560589702753,0.033925275535348215,0.03464434483900893,0.035342843191222016,0.036020862304761106,0.03667855546891301,0.037316122514513245,0.03793381138851631,0.03853190432309978
MEX,Fourth,6.395427567065946,6.527125625046125,6.66219925047595,6.804877580112732,6.9576516619638005,7.12060618408876,7.290507921687938,7.466309990315818,7.649997569000988,7.841358316189021,8.040601953544353,8.243922064059564,8.452141037500926,8.67321826569156,8.90529884476707,9.150003987772292,9.404611590331157,9.67134404320919,9.953017222439174,10.250109990489731,10.563746250185348,10.889530665264179,11.229759990560863,11.586495832909211,11.960226843121454,12.350911523702871,12.754120486398683,13.174203677764824,13.614641653834793,14.07781609064472,14.564915255701345,15.069255775958139,15.594054111825068,16.142084804683392,16.71352252184704,17.308253850381295,17.919371406989097,18.554312843908296,19.21666060671513,19.906699684283765,20.62656956731892,21.368504668370267,22.138689686238234,22.938873149742026,23.76948965669942,24.61904123713223,25.46441965048283,26.314473192000158,27.171476551872228,28.037708339846517,28.91485880213045,29.79186877834995,30.677447343424877,31.571110330118817,32.4736968805497,33.38553538129649,34.293240920158624,35.20847682951089,36.130113997623624,36.96839382995713,37.89883743879397,38.82770546472176,39.76774863141234,40.719849362890955,41.68395433320481,42.66059646360476,43.634295951554286,44.61688140525937,45.608222565567296,46.60786467423516,47.6147002746979,48.61203965763776,49.61721119872885,50.63422101233811,51.667422260983024,52.71504182375668,53.754731557338715,54.80435771507616,55.86311449850496,56.93035651240171,58.00426445140215,0.0008082101596318854,0.0008320771457706193,0.000859064876986462,0.0008899326469695341,0.0009246191582370042,0.000963088301980668,0.0010056301443757988,0.0010498401791250887,0.0010974574936927957,0.001148379302097627,0.0012024768801554711,0.001259758599875862,0.0013179745033080176,0.0013838559505729984,0.0014565505643662601,0.001536629372433983,0.0016247817806369822,0.001719822166486124,0.0018243239994996945,0.0019391719564594103,0.0020653375394007537,0.0022038235477557545,0.002353969800255653,0.0025189874415758907,0.0027003438293617074,0.002899667448519154,0.0031185031751828234,0.0033566908905578075,0.0036187465685004892,0.0039071017963251305,0.004224237352570494,0.0045725243057273875,0.004952528058736505,0.005370730640043046,0.00583099239369034,0.006337489567327756,0.0068939056013820905,0.0075024594380141175,0.008172301950963417,0.008909426529760582,0.009720281433053167,0.010610645807469996,0.011584548267132557,0.012654213894146045,0.013828028599483205,0.015073149145034109,0.01634756828256533,0.017646003317041244,0.01896325347501182,0.020294264355315804,0.02163418145978315,0.022978390805241822,0.024322552166343898,0.025662625040625726,0.026994881821163143,0.028315917285469602,0.029622651275124513,0.030912324245372602,0.03218249256467922,0.033431015656005356,0.034656042267501956,0.03585599576262368,0.03702955549496033,0.038175641591191925,0.039293395874034735,0.04038215917540469,0.041441460016429094,0.042470993065737705,0.043470603841250795,0.0444402699306763,0.04538008819150233,0.04629026028606678,0.04717108055895276,0.04802291861265147,0.048846216696727264,0.0496414701433035,0.050409225233277226,0.051150069443256396,0.051864617744678036,0.05255351660683727,0.05321742720276553
MEX,Fifth,8.125396266592462,8.28507041265883,8.44822251708957,8.6196006180243,8.80209620005493,8.9958291077117,9.19668079635769,9.404235930727735,9.620487857454487,9.845231028890689,10.078709935069401,10.316218405332169,10.559464099387174,10.816433837559696,11.085176251009493,11.367465125825635,11.659715264793604,11.965024538250555,12.28620984115666,12.62370334337903,12.978658641703412,13.34554861761258,13.727496080100376,14.126406607038378,14.54267199152972,14.976078461002945,15.421044602865155,15.882944117441145,16.365146838638413,16.8701043717477,17.39889833572628,17.94344142694612,18.507738225122452,19.09427448653417,19.702917799079398,20.33326695337108,20.976952632572814,21.642569752744375,22.333290449790535,23.04907105565995,23.791804435110382,24.55210890692468,25.337102092657194,26.14786275170758,26.984385898593768,27.836730059832675,28.68239925252813,29.531578437681176,30.38686461246926,31.250767008998125,32.12528029645189,32.99832758299601,33.879602239253515,34.76879780414751,35.66684423293159,36.57416888874318,37.47614600688611,38.38579884139718,39.30191988863004,40.10501189415685,41.03074973296141,41.95445703722969,42.88998149598221,43.838275504945734,44.79930980479003,45.77366510628509,46.74476442582011,47.72541157604286,48.71549574031896,49.714567416311674,50.72149784557993,51.7185104900666,52.72407366007006,53.74235959934726,54.77788341631532,55.828817522448695,56.87154838177211,57.92505791085403,58.988524355384456,60.061288753053304,61.14148193141453,0.0017245892283930097,0.0017695978802741584,0.00182030526106443,0.0018780680935758414,0.0019426893216001474,0.002014015582648449,0.0020924919213853067,0.0021736189417358304,0.0022605338842761435,0.002352971731002434,0.0024506255229553874,0.002553439844928693,0.0026573411705587027,0.002774241408445974,0.0029024320727937323,0.003042724869554176,0.0031961088462715,0.0033603111899032246,0.0035395442037372653,0.003735027836280429,0.003948083264186542,0.004180034377162232,0.0044294048700386675,0.004701109873596118,0.00499705490777572,0.005319327510843136,0.00566979566738281,0.0060475549455469004,0.006459036593603664,0.006907181737553729,0.007394873584874772,0.007924691336087733,0.008496386047353624,0.009118460269457493,0.009795179000879001,0.010531042297055157,0.011329601870015492,0.01219214142906429,0.013129485581816643,0.014147529692130829,0.015252416154170763,0.016448989543744633,0.017739440438881753,0.019136370604757733,0.020646626474546327,0.0222246411691601,0.023816070606033326,0.02541448394499514,0.027013819830827537,0.028608427852862647,0.030193105093345426,0.031763111560178,0.03331418128362794,0.03484251981379287,0.03634479697082896,0.03781813086874204,0.039260066838919305,0.04066855326551613,0.042041916328878756,0.043378833619798655,0.044678298235494206,0.04593959722205438,0.047162281091620066,0.04834612942427564,0.04949113492246963,0.05059747233922438,0.05166547022937596,0.05269559919802824,0.05368844472897194,0.05464469095991069,0.0555651032347114,0.05645051689907831,0.05730181214726509,0.05811991967619691,0.05890579382541023,0.059660412873031546,0.06038476642692199,0.06107984989886258,0.061746660997257154,0.062386189734273324,0.0629994156213602
MEX,Sixth,10.627555881904161,10.826795576466145,11.029605125746187,11.241395555092456,11.465598509102474,11.702398987344031,11.94641333880818,12.198253930856591,12.459881297493588,12.73111758259909,13.012223352751612,13.29727999328334,13.589310152601408,13.89617027897495,14.215830984985665,14.550274552938971,14.894681610546485,15.253450692309556,15.629372211250935,16.02283006824216,16.435034903077863,16.858862167988114,17.298678304433533,17.756172667220596,18.231631522509367,18.72463999909891,19.22799943687211,19.748588333017192,20.28962527675285,20.853721249460584,21.44184418572924,22.043995957454996,22.665360420316365,23.30810685951734,23.971734310258118,24.65555483935323,25.34918209216535,26.062954210984255,26.79956143918479,27.55865614810731,28.34188944617943,29.137662294103265,29.95461160001923,30.793078751732576,31.652632103908818,32.52525140525912,33.38881419145051,34.255366861261805,35.12790569290605,36.00917851426071,36.90161730992275,37.79162826438855,38.69021307343105,39.59734435086056,40.514010552774,41.44074203297408,42.360925574607606,43.2896821154689,44.225598923423625,44.99095074412032,45.93907341991779,46.88492205390754,47.84402261989311,48.81741405681045,49.805082651674795,50.80766146573375,51.806771339336414,52.816764002082394,53.83753990809609,54.86863740250976,55.90887605330422,56.938626958194526,57.97823605729936,59.03213006683979,60.10508822354471,61.195188596336976,62.27662185178217,63.370274861704395,64.47528990600915,65.59097764804194,66.71537575881696,0.0040401194498037975,0.004132147654331483,0.004235454330335887,0.004352667377891175,0.004483225934159591,0.0046266550261400904,0.004783673064659353,0.0049451593341423685,0.0051172614843593275,0.005299313775545277,0.005490580139119368,0.005690828071202281,0.005892068471027281,0.006117191634665011,0.006362550987104687,0.006629350715129958,0.0069190849824160156,0.007227096026923139,0.007560883617107195,0.007922208328089556,0.008312947616549278,0.008734908562101225,0.009184792972476147,0.00967078675022427,0.010195466146921179,0.010761614649380968,0.01137151086143123,0.01202257029994421,0.012724747740978617,0.013481712779669325,0.014296855342149993,0.015172888224286826,0.01610777098343944,0.01711358656936471,0.01819509713566616,0.019357150012422723,0.02060281980009989,0.02193148376118112,0.023356886922673258,0.024884615322574268,0.026520188372109593,0.028266791820977803,0.03012346257496574,0.03210374272256792,0.034212157007765386,0.036381176193540206,0.03853537772030353,0.040667098371281366,0.04276946513336717,0.044836401253049114,0.046862617159304114,0.04884358540664147,0.05077551416995525,0.05265530232589477,0.05448049380198675,0.056249228744170376,0.0579601840226638,0.05961253029436492,0.061205873167991476,0.06274020170335534,0.06421584320841157,0.06563341809248431,0.06699379014585614,0.06829803315598885,0.0695473948265355,0.07074326110788652,0.0718871296849117,0.07298058314191869,0.07402526575734691,0.07502285964203924,0.07597508046616133,0.07688364264456593,0.07775026546988537,0.07857664542065533,0.07936446378393479,0.08011536640399364,0.0808309632363098,0.08151281753592939,0.08216245952918774,0.08278135721612953,0.0833709385140514
MEX,Seventh,13.391003242595515,13.629070073403653,13.870204774755493,14.120350913265996,14.383520449894432,14.66000183313052,14.943012426860856,15.234786142274997,15.536942059877777,15.849374258519351,16.172322629744343,16.498706093146616,16.833300491631142,17.182721403733073,17.54506815157417,17.92249055448406,18.30881650309674,18.7100525118106,19.128642161077344,19.56487235718777,20.01996135652187,20.485085958984914,20.966101528551793,21.46418235617759,21.97945642811201,22.511258937101278,23.050722915574514,23.606400599052506,24.181022786847375,24.77731504097954,25.396055906633876,26.025393767641056,26.671791588893207,27.33682404906362,28.01954451710962,28.718972460957943,29.422807822605577,30.1431535183501,30.881894983256103,31.638379539616086,32.413938230359896,33.19495177308083,33.99158720400763,34.80325109354751,35.62909802359901,36.4644391054334,37.28925124723032,38.11714734604416,38.95144116573937,39.7950210857418,40.650691433762944,41.50371110476148,42.3660132659548,43.23782450404192,44.12013052247588,45.01351775616872,45.89988209633586,46.79594739713559,47.70009891804079,48.38458215121385,49.30471989950001,50.22280244831737,51.15549353800817,52.10386077841352,53.06787492785992,54.04817719970801,55.025215644281765,56.01433609460128,57.01542794344318,58.02800652981181,59.05084352041523,60.0631879475828,61.08651858232049,62.125396683018046,63.18473082603078,64.26252560257922,65.33171134127338,66.41426566171343,67.5092947990717,68.61608295938419,69.73260510741544,0.008417318522490433,0.008580174274209661,0.00876229191343632,0.008968057251865825,0.009196194071607782,0.009445576812343695,0.009717142925997749,0.009994915143151404,0.010289309048234663,0.010598946963805195,0.010922359738240697,0.011258952476739399,0.011595220843150691,0.011969115068846762,0.012373979209919252,0.012811222605288311,0.013282660096074489,0.013780128444668227,0.014315105037378002,0.014889599244217011,0.015505711127459276,0.01616532887855724,0.016862368645064393,0.01760848955883826,0.01840640141838326,0.01925897792591229,0.020168186291158848,0.02112873004389713,0.022153697487943855,0.02324654131560667,0.0244100965367925,0.02564604642343529,0.026949324815279698,0.028334364244737238,0.029804897855548684,0.03136446100873072,0.033013930990370755,0.03474918683047386,0.03658453463117224,0.038522994612689515,0.040567071305858814,0.04271596857609515,0.04496362236222103,0.04732111363371004,0.04978787664552384,0.052280778565465216,0.05471326862800594,0.05707908602435169,0.059373106697688326,0.06159127708530068,0.06373053521924055,0.06578873304119749,0.06776455152817355,0.06965740273854652,0.07146735490209663,0.07319504415394328,0.0748415878664475,0.07640851778320472,0.07789770205776439,0.0793112857503452,0.08065163248899292,0.08192127548371768,0.08312286472246638,0.08425912819843065,0.08533284633041166,0.08634681100836408,0.08730380158737831,0.08820657607975381,0.08905783689101393,0.08986022399914055,0.09061630724825676,0.091328572936033,0.09199941708205549,0.09263114540979726,0.09322596750427001,0.09378599132743605,0.09431322626610966,0.09480959088603008,0.09527690063385454,0.09571687904864397,0.09613115681712164
MEX,Eighth,18.260397979759773,18.565414394590544,18.87254722847314,19.18853609891203,19.51836044779321,19.86252233754462,20.21180885492467,20.57149567394101,20.94253898225259,21.32499461088287,21.71883433919762,22.115389022644447,22.522423645924302,22.944157651423687,23.379019738612367,23.829447601779286,24.286934210437526,24.760364195537473,25.251560451966444,25.760686782968943,26.289023119663515,26.824798204872497,27.37659867605432,27.944746008448494,28.529165274188,29.128850897325602,29.73206519292049,30.350360435556194,30.985638786081843,31.641019611218464,32.31699312808214,32.99865143528906,33.694718456429904,34.405991866354896,35.13081154682737,35.86795524339658,36.601823221882015,37.34779233638947,38.10648954508008,38.87704669108091,39.66036360745306,40.439309532422826,41.227085911057344,42.02181578904678,42.822215964360254,43.62862074816724,44.4235422614407,45.22325891586834,46.031544639491464,46.85133879827926,47.686171585756476,48.51919659813827,49.36373100244899,50.22056923663516,51.09055034635039,51.97430473382636,52.85065131885999,53.739542660921664,54.638810296531744,55.192846414129974,56.11719830881425,57.04022157812133,57.980841804232185,58.940169425852346,59.91813087593152,60.9153758039315,61.90983994480775,62.91894672907602,63.942550691891114,64.98010977456774,66.0302850685454,67.06979459735534,68.12260416250388,69.19356633308416,70.28788652665241,71.40342399710082,72.51016681596067,73.63261092627243,74.76979178002502,75.92093318911658,77.08387006075833,0.02257096719332988,0.022921094050250126,0.023310904765478473,0.023749183238242794,0.024232515504276412,0.024757815256940357,0.02532632683755816,0.025904148977217257,0.0265126019386349,0.0271483131103248,0.027807795720679155,0.028489412819483938,0.02916568995748538,0.0299123163123054,0.03071466675675721,0.03157428128400103,0.03249336701447634,0.03345479103920213,0.03447942186188059,0.03556943222683196,0.03672699886531217,0.03795373818651677,0.0392365170846836,0.04059481226389479,0.042031143994394046,0.04354809218798812,0.04514640808526788,0.046814137767672556,0.04857111607026331,0.05041982127423216,0.05236138773118296,0.05439479527741829,0.0565079943682282,0.05872032593297336,0.0610330122235699,0.0634465583403874,0.06595704551821802,0.06855297866777062,0.07125005642430728,0.07404619037287082,0.07693806580520064,0.07991733483768507,0.08296839493486868,0.08609852852683413,0.08929831979488215,0.09245465159185456,0.09546006917068484,0.09831272703621459,0.10101230709608477,0.10355982181967012,0.10595743699875598,0.10820829708739252,0.1103163449512976,0.11228618281697267,0.11412292153874598,0.11583205462949966,0.11741934622361098,0.11889072761196917,0.12025222200202125,0.12150985515487095,0.12266961303643201,0.1237373668832906,0.12471886014693744,0.12561965311157372,0.12644510755669083,0.12720037015625438,0.12789034825654938,0.12851972317069682,0.12909291379946083,0.1296141156518321,0.13008726723534575,0.13051607566527773,0.1309040160332188,0.13125433193663788,0.13157006131773652,0.131854031443466,0.13210887034867377,0.132337020161643,0.13254074832079613,0.1327221492249996,0.13288316499779787
MEX,Ninth,24.61851092264576,24.99461638274367,25.369604758159625,25.75069245961867,26.144160164771403,26.55093161257141,26.958643526988027,27.378118512781374,27.808474174883642,28.250131674069547,28.702247430755474,29.155314443023492,29.62163804763057,30.098950454487127,30.586820335689453,31.087939453605802,31.590888858241918,32.10885468064404,32.64196679711239,33.1901620029458,33.75473296547053,34.32028369246226,34.89938194993199,35.490521352430186,36.09332694832268,36.7063563328492,37.31455465799108,37.933491081670944,38.56319203464654,39.20734287623987,39.86594973203007,40.520969247417725,41.18398649389238,41.85433510130835,42.52940299869459,43.207875818344796,43.87080486042071,44.53748921276573,45.20639808845132,45.87661287328642,46.54848349180905,47.20159568324646,47.852748220844546,48.498300465538264,49.13667734066573,49.777155396986096,50.40895105359903,51.05041736680935,51.70549913325093,52.37686440916046,53.06854145206798,53.76202394642345,54.47126796895629,55.19746452468266,55.94109864297827,56.70266644191692,57.45871372210715,58.231435663169535,59.01807148709982,59.36392765585737,60.18891223973258,61.01458161712875,61.86112074421297,62.72954518417485,63.61964338909529,64.53196037994881,65.44303975745305,66.37134553051094,67.31663661645449,68.2782658631161,69.25477445432927,70.22167528481677,71.20405091074215,72.20681626715604,73.23522819656223,74.28701366216768,75.33093910170912,76.392492665415,77.47063068441713,78.56450845068838,79.67186616798637,0.05845103766250409,0.05907197816767537,0.059759073400888436,0.06052638384176871,0.06136629466008618,0.062271833864018425,0.06324348790368535,0.06422234355345492,0.06524382699553864,0.0663011676949972,0.06738761638474113,0.06849964238940291,0.06959229032741424,0.07078656734601363,0.07205626303305485,0.07340122620035065,0.07482215845059614,0.07629019135823661,0.07783466373693064,0.07945560974548894,0.08115284014080207,0.08292512089149821,0.08475021267965566,0.08665232357973693,0.08863069179874439,0.09068434823879976,0.09280960706022817,0.09498622391472121,0.09723538444537899,0.09955464416619356,0.10193955723658764,0.10438287406264166,0.10686451101568026,0.10940111810777693,0.1119869741603323,0.1146151706246362,0.1172737957709238,0.11994334967374216,0.12263201297757707,0.1253285371872603,0.1280201056767813,0.1306890642808331,0.13331180774197543,0.1358842235183433,0.13838685933582132,0.14072532846322508,0.1428266182326663,0.14470213187123177,0.14636397240766044,0.1478246996618166,0.14909710770831727,0.1501940313553869,0.15112818634320868,0.1519120409454593,0.15255770802973304,0.15307685723234873,0.15348065418611873,0.15377971486903944,0.15398406573420634,0.15410314307582748,0.15414577858730835,0.15412019938995994,0.1540340397543745,0.15389436480812,0.15370767781799455,0.15347995374174556,0.15321666497258446,0.15292280722409163,0.1526029213935895,0.15226113313090558,0.15190117421563032,0.1515264111908024,0.15113987863062195,0.15074429250669752,0.15034208861328882,0.14993542837138155,0.14952624711523932,0.1491162497385601,0.1487069398806147,0.1482996446364238,0.14789551725572453
MEX,Tenth,58.050008488200966,58.73071601278494,59.3866604429491,60.02494805366029,60.658873699805376,61.29269989444103,61.898253072445684,62.52219792483109,63.150623503029905,63.786854147125624,64.40586447387768,65.03110658275384,65.68629514029155,66.32465455116903,66.9551559271248,67.58176382937114,68.18018819794389,68.7875144710854,69.39336463028532,69.99701569978517,70.60120197642105,71.17079194028906,71.7433981777558,72.30729512401406,72.86169053070637,73.4043951679301,73.90398899114017,74.3986011250666,74.87594629579061,75.34909838746181,75.81383371588285,76.24097163379459,76.65415015600495,77.04986902521667,77.41883385880935,77.76470724355502,78.05143573792377,78.32109491961263,78.5596627611749,78.77106351519255,78.95230259379612,79.06611070330267,79.15212373909533,79.20027222945042,79.20989519477048,79.22817894662832,79.26989001755467,79.36034285038912,79.50269520758619,79.69497155586588,79.9448382376997,80.22671186375477,80.55168261212114,80.92478692743211,81.34270640157426,81.80458051932975,82.27280738429818,82.78364046476194,83.32907070818283,82.51891006177911,83.20037911273462,83.89268609166568,84.62303239717511,85.39195204809221,86.19854175640096,87.042857315842,87.89278002015374,88.77325438595274,89.68355300423295,90.62249482478151,91.58796812477001,92.54709278977452,93.53264571942002,94.55015335835063,95.60546802873613,96.69569290256793,97.78019413547474,98.8922275016775,100.03036399170155,101.19341979125045,102.37857674952403,0.9035550206229198,0.9022450371682765,0.900787769778971,0.8991507188970407,0.8973469996153399,0.8953884317435263,0.8932706469467379,0.8911200033848456,0.8888571229253961,0.886494576683913,0.8840452773838422,0.8815152105512298,0.8790061448266233,0.8762371406975104,0.8732623562047224,0.8700758562096766,0.8666690830343354,0.8631050128231725,0.8593055926242332,0.855261836276076,0.8509644703781584,0.8464059992443401,0.8416334860789124,0.836572352341233,0.8312105154416196,0.8255351002086153,0.8195394552791329,0.8132641578359123,0.8066295209478777,0.7996198929251617,0.7922236340107455,0.7844361955243606,0.7762945251221919,0.7677133358013003,0.7586747236092823,0.7491615227079766,0.7391719083392148,0.7287327431578948,0.7177588668942148,0.706232263855622,0.6941361932826876,0.6814711553939266,0.6682657624792878,0.6544448925125238,0.6399984579115512,0.6253959661605031,0.6111263101388121,0.5972105897952691,0.5836658387787321,0.5705053138063433,0.557738793488116,0.5453728927893632,0.5334113807650654,0.5218554814928985,0.5107041700954876,0.49995446039860614,0.48960168725573533,0.4796397352731581,0.47006128908680656,0.4608580263247002,0.4520208092993934,0.4435398691206524,0.4354049442397722,0.42760542247495553,0.42013044776973935,0.41296902851804584,0.4061101383926887,0.39954274552840036,0.3932559424629569,0.387238940420041,0.38148114409662454,0.37597217630062024,0.37070190666726216,0.36566049087698166,0.36083834482739213,0.356226211293696,0.35181512869152104,0.34759644558957886,0.3435618267840712,0.3397032517100552,0.3360130132207855
NGA,First,0.6685283255402298,0.6760935181146951,0.6830027468546088,0.6904619647578013,0.6993560159844765,0.709821617550653,0.7200986785057074,0.7315869655340483,0.7444307907706997,0.7587134623246425,0.7746569483590556,0.7927155900305703,0.8135285407676083,0.8371759647050827,0.862953834087103,0.8913966966329618,0.9209859592056338,0.9535052701007479,0.9894423430238444,1.0289629237093123,1.0715313014298815,1.1128314694214474,1.1572281161136644,1.2049895917526618,1.256199673751028,1.3097554977388681,1.3599304830003394,1.4128357132182254,1.4721345469443456,1.5425619293922033,1.618538665231684,1.6972034424751739,1.7803227753069222,1.8683526544163072,1.9612506258201337,2.0588301825542863,2.1581854632124617,2.262562001860882,2.372893562595581,2.4891776899823816,2.612297715526468,2.727073151624244,2.84152060585265,2.960617651609318,3.084336784812534,3.2201733193145605,3.3643950528892965,3.5176305701672717,3.6770139892708786,3.8428540103626094,4.011650403616635,4.176739845803116,4.3483739182139,4.526605637749047,4.71203619929696,4.904951305953453,5.100168573333027,5.301781067654876,5.509719707572135,5.726252541387011,5.9489329132909505,6.175372686871417,6.4105538742400885,6.655568858831143,6.910549109262107,7.176002792946442,7.445836612809269,7.724028232748116,8.011008325939411,8.294113042339735,8.575389361339248,8.855328343568752,9.1405520185304,9.434046950340054,9.738872676950084,10.053848572507695,10.36987688195329,10.692880870206789,11.022628679831309,11.358653453224761,11.69962575665871,4.938199179780475e-5,4.938515732399961e-5,4.938321538424554e-5,4.942946810041106e-5,4.952275476268837e-5,4.9662223370360165e-5,4.982609038879486e-5,4.997151268987274e-5,5.0158363798035726e-5,5.038463473448167e-5,5.064863746426251e-5,5.145997572521296e-5,5.2524128311449445e-5,5.387326045357246e-5,5.533226268271968e-5,5.69076475089698e-5,5.858035769861771e-5,6.0319723663766575e-5,6.21933566916163e-5,6.420973098479381e-5,6.615494868398908e-5,6.746620506935941e-5,6.880585358327047e-5,7.024470330303842e-5,7.178762436528211e-5,7.32228080984159e-5,7.375732977272888e-5,7.427690957218326e-5,7.543856297879203e-5,7.799130610786588e-5,8.071087455274701e-5,8.358911501851133e-5,8.660653210822332e-5,8.981956520100015e-5,9.324047430316573e-5,9.688265500360444e-5,0.00010073957434214391,0.00010479836043441461,0.00010912449556932227,0.00011373652203742956,0.00011865463218939805,0.00012171813857987882,0.00012395152937840897,0.00012628471814503758,0.00012872083202408814,0.0001324694631124067,0.00013760757675647888,0.00014367076237247893,0.00015001505070694402,0.00015649314453316704,0.00016241300158072888,0.00016741742830986232,0.0001726248684215601,0.00017811269713058505,0.00018389645410538095,0.00018999491922251364,0.00019638801808747767,0.00020307572117737516,0.00021013104449283572,0.0002175772976435023,0.00022543775438281887,0.0002336833757234225,0.0002423283270822498,0.0002514618576687607,0.00026111438099531056,0.0002713184385457609,0.00028205776727782765,0.00029335970236101454,0.00030531977346475223,0.0003160511554547288,0.00032599528295403085,0.00033615427388685365,0.00034653935887807985,0.00035720276121889465,0.00036815899857158165,0.0003794220122031087,0.0003909029267529024,0.00040265799830392504,0.00041475491220851584,0.000427210559036027,0.00044004337754390075
NGA,Second,1.260642998173798,1.2763113357445173,1.291263312498505,1.3072755988911904,1.3256706697670557,1.346700384286908,1.3671220792193655,1.3897486714131746,1.4148493777958535,1.4426112873597061,1.473422456822112,1.5072024951781986,1.545684537519187,1.5890458170979382,1.636345870080639,1.6884160365134318,1.7423159338560288,1.801413119577401,1.8664542584866495,1.9377263749930824,2.0145313410521113,2.0899327256272993,2.1709350068037723,2.257953635593315,2.351143878319903,2.4489982089871654,2.542540971562083,2.641228472348641,2.750212952042386,2.876126036054793,3.0112083899583966,3.1503200371469715,3.2969375570497585,3.4517168666772076,3.6146153598532367,3.7853897146663416,3.958709177551255,4.1402189754565715,4.33123151908912,4.531759300491031,4.743049026215495,4.943080668356617,5.144125037308929,5.352923206438598,5.569472615077617,5.803841250507235,6.049139019728356,6.30772604594825,6.575841568843315,6.853993625471447,7.137665786563408,7.416099463704723,7.704595670510001,8.003228742064865,8.312844608684424,8.633854589515641,8.95722683332686,9.290260618412008,9.632849615821415,9.987660319185567,10.35208862338793,10.720587253471127,11.101712837233354,11.496925799957971,11.90640578204846,12.330837796710533,12.759757214966257,13.20044972538358,13.65344827243564,14.102902506228874,14.551408255827345,14.996621913114321,15.449562627030616,15.914249951394122,16.39482481893138,16.88973929948145,17.38432308079509,17.888743275193736,18.402675854159583,18.925514716399405,19.455497093919362,0.00034711479527267355,0.00034713310831064215,0.00034712189063448536,0.000347389831149077,0.0003479301769416986,0.000348737659597818,0.0003496858408407739,0.0003505268866673899,0.00035160678270972854,0.0003529135200424108,0.00035443684423285606,0.00035910932497957405,0.0003652173205641469,0.0003729286313238462,0.00038122809194269093,0.000390144667935703,0.0003995625650834412,0.00040930344079659684,0.0004197385021509179,0.00043090403381688887,0.00044161417658954215,0.00044880097688311846,0.0004561166606505044,0.0004639448087953405,0.00047230614533748535,0.0004800536978555877,0.00048293203571408695,0.00048572614321752163,0.0004919600192673527,0.000505596808314637,0.0005200335910545947,0.0005352141756470259,0.0005510242671020759,0.0005677464969252938,0.0005854276857080353,0.0006041193712529216,0.0006237692969082684,0.0006442954077134062,0.0006660088252400547,0.0006889786966486542,0.0007132792231086948,0.0007283193305474211,0.0007392385469544231,0.0007506057357125872,0.000762431764263335,0.0007805465892694597,0.0008052176510188832,0.0008341052561932301,0.0008640829350074862,0.0008944423637353915,0.0009219746222253496,0.0009450984395637902,0.0009690188820939682,0.0009940766554713838,0.0010203240641029501,0.0010478267629155083,0.0010764742923390308,0.0011062480012150762,0.0011374516650182102,0.001170162819213251,0.0012044561456434732,0.001240178503877162,0.0012773654495481829,0.0013163708407868161,0.0013572895390841,0.0014002218613815016,0.0014450613676500045,0.0014918845919514926,0.0015410442433811701,0.001584826331783784,0.0016251312452677347,0.0016660530878089093,0.0017076291145296568,0.0017500590024928167,0.0017933884383967585,0.0018376597746142765,0.0018825145395166666,0.0019281638259278668,0.0019748581560822868,0.0020226480787727402,0.002071588419791936
NGA,Third,1.6459722212270265,1.6670554518551766,1.6874385495935598,1.709192692288753,1.733889021328,1.7618530658580087,1.788895539801666,1.818788047832849,1.851849084863412,1.8883356581841995,1.9287385459847295,1.972250423861112,2.02152249643878,2.0767731837595553,2.13704012399377,2.203318858662081,2.2717504855231456,2.34673673341868,2.4291279358581046,2.519272881584031,2.616514740027426,2.7126851867057113,2.8159741621993657,2.926832487944931,3.0454491371807215,3.1702389483690583,3.290855355487931,3.4181338711092373,3.5575458409429546,3.716142326896028,3.885864233015316,4.060153003929305,4.243581895496572,4.436861590590392,4.639930772018938,4.852496608581723,5.067727226827947,5.292723293727797,5.52893331669759,5.776353267310397,6.036390994621095,6.2850242780841565,6.5361560010791475,6.796675719405688,7.066587785610525,7.35617888375084,7.656538901799804,7.971546549085621,8.29755768861901,8.635309281062474,8.9804014920827,9.320059952055129,9.671370359955718,10.034342052825478,10.409920964876383,10.79855459111761,11.188995200602589,11.590407283746995,12.002590130025816,12.42805120738581,12.864718529174288,13.304891105707778,13.75914171747535,14.229019326935372,14.714692053116337,15.216893163557447,15.72272562968943,16.241340428797187,16.773226853438977,17.30282364889396,17.832569145021182,18.35746419528829,18.890918983817855,19.437390835700008,20.001514408660096,20.58155421896994,21.159948001940677,21.749124095122287,22.348649761554906,22.957836088963543,23.57470161897272,0.0007933026137912802,0.0007933390762724492,0.0007933166715790039,0.0007938508687894738,0.0007949278285789496,0.0007965369074494023,0.0007984257021857235,0.0008001004472813582,0.0008022501454220243,0.0008048501792000084,0.0008078794711245648,0.0008171606559410147,0.0008292689919753887,0.0008445172978001831,0.0008608818734636432,0.0008784102151708904,0.0008968662153004338,0.0009158939777881407,0.0009362106566093897,0.0009578748028365453,0.0009785846390149063,0.000992443570608517,0.0010065205283586282,0.0010215498693130617,0.0010375652513070145,0.0010523709130491592,0.0010578631737562787,0.001063190486755883,0.0010750613310863172,0.0011009587354001212,0.0011282727517782135,0.001156883310678915,0.0011865635472903403,0.0012178304388996098,0.0012507544557878595,0.0012854128209955622,0.0013216906586657196,0.0013594193599938706,0.00139915173836219,0.0014409899520436984,0.0014850434481742162,0.0015122051867714596,0.001531876132074778,0.0015523116056956865,0.0015735265967850617,0.001605935134931502,0.0016499061729823403,0.0017011554657133375,0.0017540779661675808,0.0018074140146630622,0.0018555644448926822,0.0018958495733815831,0.0019373771309118884,0.001980724986383006,0.002025966272788747,0.0020731952472272685,0.00212220457686609,0.002172945053903485,0.0022259151251813173,0.002281222945580326,0.0023389701415345906,0.0023988748061686774,0.0024609738847206474,0.0025258318980547834,0.0025935753963647946,0.002664337242884354,0.0027379091052759804,0.0028143842036705818,0.002894301758462607,0.002965165370024553,0.0030301491571819244,0.003095887114860149,0.003162434486205198,0.003230104185111128,0.0032989600111352794,0.0033690603670637857,0.00343983070252877,0.0035115992263300027,0.003584750819853845,0.0036593531371838773,0.0037354802257774
NGA,Fourth,2.1755860050788547,2.2042205816887055,2.2322168759583896,2.2620188634982985,2.295512777651302,2.333125028882975,2.3693686773973432,2.4093412944353463,2.4534363796102308,2.502009574618358,2.5556881488703542,2.612666395462549,2.676861077248635,2.748556611832607,2.826768640164098,2.9127089507852806,3.0012478970440344,3.098209391486808,3.204586909952389,3.3208177937764205,3.4462953776413614,3.5711462327980823,3.705211127435418,3.848998064886855,4.002746160944836,4.164767463542252,4.3227962843883425,4.489586761008612,4.6710634047997175,4.874873886555732,5.0925020605490605,5.315451322729318,5.5498217174061875,5.796406823706158,6.055131548609972,6.325654748913229,6.599076298348544,6.884489635971538,7.183528562450528,7.49618464101792,7.8240806084851275,8.140196571189028,8.46079129560153,8.79306356092126,9.137037078988179,9.503459232593027,9.880678539460074,10.274637309815372,10.681755443766706,11.103043286861027,11.534146888923392,11.959433828395309,12.39865175331471,12.851757380648893,13.319837787071375,13.803404400767967,14.288139152482064,14.785813950007153,15.296133591885072,15.820864318294687,16.35973807195264,16.901496010055315,17.459525631590143,18.035525381886725,18.629674167708245,19.242792269281168,19.85859746732745,20.488891798194665,21.13414720911367,21.77871080993215,22.424924064079228,23.06432873355881,23.713675838565752,24.37800970503118,25.062620188088,25.765551908046405,26.465182643710996,27.177158024581285,27.900937083820686,28.635740784689574,29.379319061516032,0.0018899013136396124,0.0018899780981017108,0.0018899308688893309,0.0018910543001795879,0.0018933186728486676,0.0018967012961546186,0.001900670851108768,0.0019041895578523781,0.001908704824394438,0.0019141639536710269,0.0019205217991935162,0.0019399823975428318,0.0019653301805450762,0.0019971862612660645,0.0020312952926862696,0.0020677412027359484,0.002106018591656501,0.0021453797413496976,0.0021872950478658794,0.002231865684309288,0.002274355753059956,0.002302727250079523,0.0023314941471935594,0.002362152128232954,0.0023947592617573022,0.002424847365865206,0.0024359952047401942,0.0024468013640688638,0.0024708561841749743,0.0025232190193081147,0.002578278391356002,0.0026357715293659884,0.002695224975520507,0.002757653458305836,0.002823171174478511,0.002891904436931588,0.0029635969995628433,0.0030378911535279287,0.0031158464895155156,0.003197627699209027,0.0032834106429155737,0.003336137241636431,0.003374246900892348,0.0034137704209631307,0.003454730708504697,0.003517165357042176,0.003601615156485877,0.00369967537588402,0.003800535088400703,0.0039017815522380257,0.003992848816869993,0.004068802506111539,0.0041468770519853225,0.004228139096615826,0.004312700959995736,0.0044007121417845504,0.004491760710913698,0.004585732056698105,0.0046835214625618226,0.004785296189283223,0.004891208098615432,0.005000707545330245,0.005113830929577513,0.0052315705469384195,0.005354113327943354,0.0054816538790795925,0.005613772465847554,0.0057505931041454085,0.0058930308625557825,0.0060188813191517625,0.0061339263881264065,0.006249961496191548,0.006367079171999554,0.006485822619952435,0.006606293840952121,0.006728583628076634,0.006851682773027006,0.006976156957565441,0.007102663560627654,0.0072313058784049845,0.007362196855396611
NGA,Fifth,2.686509092537649,2.722510843952005,2.757966994365797,2.79563127093827,2.837673064461451,2.884614985374584,2.9297307082248043,2.979423743046248,3.03413538059909,3.094317954529892,3.160723845370547,3.230319193053823,3.308387050507435,3.395259401764325,3.4900239722413424,3.5940833795615377,3.7010889317229974,3.8182394178214656,3.94662185244529,4.086747514000169,4.238161582065701,4.389672053192937,4.552341179965417,4.7266896313509035,4.912996253772096,5.109599438318453,5.302891102527778,5.506930091254347,5.727636241657621,5.972686339070335,6.233890005999669,6.500926343424746,6.781353636778897,7.07599784303881,7.384757504581444,7.707237147345885,8.032596099099152,8.371784367353557,8.726544920887559,9.096851061821207,9.484488285563312,9.861124330031275,10.244544129557879,10.641601581084299,11.052331946837112,11.487002415180479,11.931354294742398,12.393573709022126,12.87059224851581,13.363752339345996,13.869230910013822,14.369045450987203,14.884565493961652,15.415649787412717,15.963487162039192,16.52862609693822,17.093976655623123,17.673683087809287,18.26731501272892,18.875301528633624,19.50027050568287,20.127103664002984,20.771707078618004,21.435838087485028,22.11966373786666,22.82405461312882,23.529732309539913,24.250866394217148,24.98785250369532,25.72629950036586,26.468147987819442,27.201172493749215,27.945052463595207,28.705273260529694,29.487645332228517,30.290027297411946,31.087330543690797,31.89798865692694,32.721326753558145,33.55648426859304,34.40098520517184,0.0036513494789311347,0.0036514799466810265,0.0036513998374359843,0.0036533106898599113,0.00365716214645336,0.0036629145303564217,0.0036696631293796087,0.0036756440505096243,0.0036833165068006733,0.0036925899260026014,0.0037033857284445412,0.003736401912043434,0.0037793431353875502,0.0038332097618586176,0.003890764249711126,0.003952125912640266,0.004016421911491075,0.0040823820357636835,0.004152451679448835,0.004226770891965739,0.004297442494487495,0.004344536480166161,0.004392210214590688,0.004442934071360164,0.004496789548709677,0.004546399749557686,0.004564760620358416,0.0045825480318760405,0.004622106609270423,0.004708046245338873,0.004798160745506242,0.004891990712643265,0.004988738294549183,0.005090026173251135,0.0051960025449276645,0.005306831989570897,0.005422063162435119,0.005541086866316056,0.005665560802672133,0.005795699119026373,0.005931728358643789,0.006015102354746449,0.006075253017668945,0.006137539417711259,0.006201987460167418,0.006300026278961754,0.006432262382145422,0.006585285768008181,0.0067421042336812745,0.0068989551612894905,0.007039562185303301,0.007156497958460305,0.007276387097216365,0.007400841722486377,0.007530000110037548,0.00766405573010199,0.007802347250162937,0.007944670322616245,0.008092344838746273,0.008245580950884962,0.008404562360125442,0.008568420738858808,0.008737171934021199,0.008912249601857816,0.00909387645079033,0.009282283663201761,0.009476795087514962,0.00967753828211129,0.00988579453174721,0.010069194330929118,0.010236361922155745,0.010404507253226529,0.010573760535706666,0.010744899829524207,0.010918060447239218,0.011093360527716041,0.011269346493389506,0.011446824317098016,0.01162671853678482,0.011809161486491446,0.011994297387888984
NGA,Sixth,3.419108134836999,3.4657753204383903,3.5120672723728052,3.5611471199918645,3.6155649190929173,3.6759807074463997,3.7338964261038394,3.7975996777880683,3.8676014268203387,3.9444947241669337,4.029200069695546,4.116881431638028,4.214807721065664,4.323383884083693,4.441826276497952,4.571799401225454,4.705202823132158,4.851207234777219,5.0110258115159505,5.185276421462313,5.373737484657816,5.5633790285855955,5.766960557975046,5.985018685103511,6.217890769007414,6.463980749595716,6.7078256033709724,6.965268146049857,7.242146280860027,7.546091115376062,7.869492101708751,8.199430981954555,8.545567972027676,8.908773970401095,9.288915050184858,9.685533257780566,10.085011183923823,10.500943491226117,10.935213633829228,11.38778157354487,11.8606514280688,12.323712914076124,12.796887825699285,13.286496963155894,13.792598839398433,14.324722562102187,14.864907233912971,15.424583929132302,16.001427262131354,16.5972352015128,17.208949460705877,17.815231695733946,18.439754288755488,19.082258831609675,19.744075153354228,20.425810673951847,21.10641566813967,21.8034459927231,22.516294919110564,23.242168692407027,23.990491650064175,24.739257294347738,25.507977171296115,26.298498403095543,27.110986775842445,27.946393258597283,28.781160528762147,29.632885204893757,30.501872188417902,31.375422083074007,32.25493597201338,33.12284854580866,34.003024942174925,34.90154537490301,35.82492671631488,36.770796082682416,37.709114408240836,38.662333397104454,39.62961424953565,40.609996231431055,41.60070957027181,0.007767878820487698,0.007768120068921296,0.007767972059338939,0.0077715018868893294,0.0077786159715956095,0.0077892385392004816,0.007801698156712661,0.007812737583789198,0.00782689542483552,0.00784400219258178,0.007863909100945792,0.00792473878701343,0.00800373919550795,0.008102658446894324,0.00820813039023044,0.008320331827350633,0.008437630717153147,0.008557684132852378,0.008684911223083947,0.008819514958935097,0.008947194595435916,0.009032107373873876,0.009117929792328125,0.009209093577971063,0.009305719702424982,0.00939457978770267,0.009427430664559746,0.009459237443132956,0.009529910036187788,0.00968313867318382,0.009843370505875587,0.010009738083249583,0.010180785877286075,0.010359334949853482,0.010545585351940417,0.010739760464126885,0.010941006411868917,0.01114820421539795,0.01136417560574047,0.011589211862600922,0.011823619070856297,0.011966887032435864,0.012070060202682602,0.012176733348785362,0.012286934889846985,0.012454238893085457,0.012679271857981575,0.012938794121372678,0.013203789252557368,0.013467887129887777,0.013703840914105009,0.01389951275057566,0.014099608299427177,0.014306777180422524,0.014521197400619155,0.014743135975941348,0.014971443816449536,0.015205737331088298,0.015448135442851526,0.01569891657033667,0.01595831085650839,0.016224837613426187,0.01649846350695163,0.016781443870793163,0.017074054983106216,0.01737658220382538,0.017687853862379487,0.01800799710527062,0.018338961547004932,0.018629463901397973,0.018893486624283147,0.0191583244253832,0.01942418203061957,0.01969227167890953,0.019962792010359328,0.020235912681632086,0.020509362533207117,0.020784389185987753,0.021062413216175392,0.021343618700052133,0.02162820550418241
NGA,Seventh,4.18467882873244,4.2425836559156584,4.300329418993754,4.361439283592549,4.428837041272101,4.503324992995141,4.574572355401726,4.652875322905045,4.7387758312568184,4.833015136700116,4.936671907326317,5.042617643201877,5.160422914536835,5.290540986672734,5.43247004135804,5.588124321637096,5.747588042255319,5.922097714264457,6.112928207303333,6.320790993424912,6.545873431724842,6.773733907042351,7.018319488128739,7.280115982675495,7.559506893382868,7.855157559346882,8.150459052080564,8.462269811817878,8.795657871303712,9.157372714123538,9.541603829596376,9.932789359738395,10.342755640443068,10.772350668316813,11.221382453089985,11.689316795113493,12.159720211178863,12.648859511723854,13.15866346180115,13.689058096002746,14.242217203159534,14.788536051795973,15.34903929981596,15.9285232369832,16.527060407851767,17.15203689179783,17.781691885193077,18.431222482454228,19.09975994064708,19.789685808050155,20.499460049489926,21.204840253607234,21.9305000300444,22.675989905584114,23.44274036202384,24.23138548889593,25.017027945721694,25.82057224464445,26.641156188379938,27.471037095571806,28.32984060489034,29.187044796835274,30.065632632699398,30.96742918377518,31.892570120305507,32.84204505805705,33.78823643831392,34.752022201796954,35.73353209372672,36.723696456558606,37.72290931727233,38.707474862008546,39.705195965529995,40.722619481191764,41.76686587249668,42.835346135378636,43.89349877425987,44.96749884482679,46.05629306663619,47.15881882065873,48.27203559275164,0.01464479348262486,0.014645177105126488,0.014644941772961207,0.014650550263179381,0.014661852584455591,0.014678725568427895,0.014698511888111934,0.014716037805226642,0.014738508798980044,0.014765649640552077,0.014797220835947787,0.014893605927069871,0.015018589696497258,0.015174779986324022,0.0153409475821787,0.015517304503820923,0.01570122360819927,0.015888993828453105,0.0160874728555917,0.016296897308657014,0.016495021186242263,0.016626502560639626,0.016759166431611964,0.01689984257620074,0.017048673702348038,0.017185297483631973,0.017235747002328976,0.01728456301076028,0.017392922133158507,0.017627363502239247,0.017871799743661744,0.018124830354927155,0.01838417954572608,0.01865405187675766,0.0189346540508275,0.019226223710699222,0.019527380839155,0.019836370955610944,0.020157306310903043,0.020490497684415025,0.02083627297687645,0.021046968822284524,0.021198404333116136,0.02135471806930258,0.021515929173884406,0.021760148341285947,0.02208765035156723,0.022463964259178265,0.02284671408555686,0.023226689397827287,0.02356494684124728,0.02384459364267185,0.024129764362295726,0.02442417798635686,0.02472801032758544,0.025041560008473292,0.025363128129008948,0.025692109966622172,0.026031400456988832,0.026381297311778927,0.026742022085811588,0.027111424274026498,0.027489377183321836,0.027878897401904947,0.028280251463059933,0.028693707424436606,0.029117549895174517,0.0295518409068418,0.029999103175767,0.030390274897476532,0.030744661187881373,0.031099078473512495,0.03145379970832709,0.0318104368176571,0.03216923889178747,0.032530413948856335,0.0328909529975572,0.03325250319705613,0.033616917446251754,0.033984413113708686,0.03435522561556743
NGA,Eighth,5.525386443334462,5.603136407500962,5.681166775094587,5.763577399740604,5.853905672890843,5.953202528722127,6.047934582493651,6.151932403767682,6.265797254398581,6.390533877928188,6.527446035212407,6.665416767819936,6.818047038962267,6.985886336880756,7.168956233499615,7.369591388834885,7.574690983786993,7.799108606462312,8.044221167197719,8.310906477853731,8.600079173458683,8.89485688623134,9.211238617990645,9.549624032952911,9.91048235086436,10.292962876537983,10.678480310455452,11.085616443811405,11.518032613312863,11.980893425304169,12.47159533613442,12.969977837734653,13.491673358708319,14.037505859902357,14.607184440754722,15.20007960845148,15.794821616354353,16.412345403744823,17.054634663326773,17.721592624901874,18.415664683394933,19.107984518454682,19.821577253161358,20.558631838453472,21.319258678978972,22.10719508023972,22.894090452629484,23.701731530397122,24.53172447595452,25.38741285337586,26.26983209215009,27.14960824912254,28.053298643850336,28.980187460032848,29.93187256056502,30.909050351696585,31.880067172394256,32.87175478679775,33.882832494661855,34.89150240862745,35.94626237698343,36.996022426522906,38.069870360881495,39.16962034751348,40.29538539807917,41.44824687088664,42.59345842407498,43.75773042711937,44.940932984532026,46.139842389278904,47.35321998333114,48.54684801586485,49.7554582996632,50.98637832061164,52.24773752465277,53.536622040829876,54.81049560897552,56.10215359870039,57.41021768928771,58.73347683902696,60.068462593319346,0.03510623253001972,0.035106958850299526,0.0351065129688305,0.03511714665220211,0.03513857087284724,0.03517054821852172,0.03520803464397662,0.03524122841836125,0.03528377380051573,0.03533514044290552,0.03539486291871162,0.035576998333422406,0.0358127441262032,0.036106677523143574,0.03641856761696972,0.03674867178637451,0.03709193982345177,0.03744136632106401,0.03780960406297654,0.03819691607412914,0.038562180859958266,0.03880397184979853,0.03904744853209699,0.03930509807699007,0.039577091061047384,0.039826244427675885,0.039918119121490736,0.040006952363250275,0.04020391337837761,0.04062897885350524,0.04107062371112625,0.04152615848343166,0.041991362810331,0.042473636319617945,0.04297315570610175,0.0434901440927711,0.04402196784584059,0.04456536878267963,0.04512739713170224,0.04570835800823273,0.0463085744283925,0.046672991490081035,0.04693430023118634,0.04720349279053485,0.04748055604778597,0.04789920087122585,0.04845858306209578,0.04909851372144018,0.049746335917708405,0.050386459514717014,0.05095382372568217,0.051421136269742866,0.05189607322696292,0.05238472079966008,0.05288722599846969,0.05340393304307827,0.05393190168837769,0.05447001840202644,0.055022879192844536,0.05559079226003387,0.056173936030200565,0.05676866850442667,0.057374643779164805,0.05799652338064717,0.05863452119000295,0.05928884533685691,0.05995657841513783,0.0606376259596642,0.06133572604719956,0.06194357109762272,0.06249209788037875,0.0630386379009628,0.06358362806084193,0.06412954310744436,0.06467674774043976,0.06522553377051483,0.06577133604949092,0.0663166548165932,0.06686427137443897,0.06741447919698854,0.06796759074565498
NGA,Ninth,7.139415037384296,7.241246209492278,7.343970101279504,7.452199013639785,7.570158145566796,7.699193271032222,7.821970987153234,7.956692703451104,8.10389466229489,8.264901011574093,8.441170356949552,8.615635610446397,8.807399739237153,9.017039992522225,9.245659121272045,9.496033950603065,9.751291987524583,10.030654437512698,10.33541224052272,10.666589446616975,11.026482800494973,11.396786775997368,11.794205615888961,12.218826719509286,12.67117834001729,13.151559888572226,13.64136266284335,14.158721255102988,14.703570931164158,15.276748203378162,15.883059744338022,16.497028010735804,17.138748805848124,17.80883215507775,18.50678312708711,19.231836783845417,19.956937339665117,20.708399277469034,21.487981577216523,22.295522056921943,23.133636181624695,23.981028538652748,24.859893304713808,25.766542219348946,26.701099472866325,27.659074831224505,28.60444232404295,29.567969565517256,30.556173087964382,31.573867696528787,32.627179752529734,33.68224900272408,34.76396305275262,35.87111211639611,37.00537357438805,38.167431838054185,39.31833501198448,40.49143973063317,41.68475338993495,42.851662813111,44.0913590797315,45.320629599982986,46.57506541175807,47.856180523602326,49.16399005594186,50.4995824439273,51.820807360513264,53.16052414990494,54.51808600560998,55.902019291861386,57.30795262253023,58.68774728217777,60.083267187152046,61.50241695562201,62.95423773690639,64.43547274345018,65.8957599163546,67.37452220149041,68.86987684983004,70.38043464661898,71.90228734105219,0.0787695265838891,0.07877060701446087,0.07876994372286417,0.07878573776647071,0.07881755637480387,0.07886503172208527,0.07892065881339154,0.07896989570041006,0.07903297337877709,0.07910908349509833,0.0791975120659259,0.07946678291865937,0.07981439875937098,0.08024637304368326,0.08070300908839739,0.081184382889874,0.08168287210637096,0.08218814111535391,0.08271826893411742,0.0832732906240584,0.08379432664446641,0.08413796674527926,0.0844829889494051,0.08484699415207746,0.08523004521051791,0.08557983628924086,0.08570855849871488,0.08583288635281135,0.08610807419888523,0.08669977331906738,0.08731140243846146,0.08793894186035711,0.088576346130653,0.08923348517787291,0.08991024622235377,0.09060655829111755,0.09131852836603258,0.09204151156511185,0.09278455651610362,0.09354763985965661,0.09433074030386931,0.09480359789832861,0.09514146854685268,0.09548849363766973,0.09584456492638076,0.09638048775968203,0.09709265415464502,0.09790191220163895,0.09871527118345876,0.09951321219565427,0.10021571727627282,0.10079102173943569,0.10137266323099611,0.10196790713141843,0.10257667971078045,0.10319913311319762,0.10383148932344234,0.10447221290135876,0.10512653068666958,0.1057945132973931,0.10647605883911357,0.10716663489280147,0.1078656070138639,0.10857805969691792,0.10930389277763934,0.11004297703224651,0.11079168244913246,0.11154959908648385,0.1123205301830259,0.11298689881097299,0.11358434781506024,0.11417597182578103,0.11476229707675913,0.11534599837129708,0.11592745882675387,0.11650696683131602,0.11707972743969465,0.11764840829236783,0.1182159010012065,0.11878246694163423,0.11934837996495802
NGA,Tenth,15.175207207323323,15.398600839846749,15.626583114964243,15.865477508393955,16.122510514378806,16.400481342480255,16.66332743400051,16.951417700017373,17.26466667018105,17.606021380000985,17.974476185696037,18.32526019808445,18.70447035304306,19.112747151034824,19.55793211176669,20.044709873127623,20.537728067804935,21.077878664244675,21.66551794016813,22.30228010728387,22.998653668098815,23.732412195677426,24.519978102286974,25.35942021105812,26.251514994743708,27.203719641922362,28.202286342109836,29.25749289497924,30.345626558019948,31.441638568475135,32.59464646554389,33.753824884473154,34.9607488666951,36.215342152497875,37.51536958891731,38.860336281974526,40.19498342382216,41.57235902395026,42.99176644113877,44.45361114343481,45.960486581982444,47.538309443594684,49.200652858750885,50.9103745466197,52.667814059282335,54.42214516323272,56.10085665027856,57.78086927177199,59.49577065519649,61.25723954544552,63.09969428680909,64.970073491524,66.87834931431347,68.8221005445755,70.80280445284444,72.8211421759631,74.80285611535633,76.81412809837353,78.84877637927615,80.52037073666774,82.6247959270838,84.69247567830583,86.78986039825904,88.9168996304311,91.07333711020429,93.26041131370934,95.40125131020913,97.55828781555849,99.7285419107549,101.9793730895538,104.29059481404458,106.54646885115142,108.8224209572665,111.12854226363217,113.47764434040877,115.86528629492001,118.20456110238801,120.56640997971144,122.94676138992385,125.34360022961869,127.75131842695625,0.8569805183895461,0.8569778215745019,0.8569794769920822,0.8569400282731799,0.8568605426167122,0.8567419033348361,0.8566028248839035,0.8564796680372122,0.8563218119737667,0.8561312220152116,0.8559096225980092,0.8552337597676029,0.854358844465637,0.8532677957872524,0.8521098435517372,0.850883979346588,0.8496088841035949,0.8483105356829147,0.8469418536814638,0.8455017558903071,0.8441431247020612,0.8432434769876022,0.842337318890181,0.8413781460357562,0.840365262492185,0.8394371474773227,0.839094836348564,0.8387638178945547,0.838029757546613,0.8364449335375347,0.8347973472466271,0.8330968823746808,0.8313591680194335,0.829556415543315,0.8276877623335713,0.8257521621675308,0.8237592568451888,0.821721053333214,0.8196108720841915,0.8174272605961295,0.8151686769149739,0.8137960725045883,0.8128112005591933,0.8117960502554797,0.8107506176003573,0.8091697813114034,0.8070552316343214,0.8046329230681987,0.8021770742867547,0.7997466655254546,0.7975893081718206,0.7958100696917468,0.7939996058496889,0.792134521744055,0.7902139987015149,0.7882364530580576,0.7862128621943522,0.784147250243294,0.7820216900846452,0.7798346403578522,0.7775850376880641,0.7752865697453608,0.7729402379917482,0.7705275909044302,0.7680473104910137,0.7654980729175416,0.7628907395846094,0.7602251770574998,0.7574861878773912,0.7550956727851857,0.7529338424967106,0.7507754241483865,0.7486186504561331,0.7464536616263925,0.7442789007943645,0.742093086458007,0.7399143435448352,0.7377326421827698,0.7355367509763703,0.7333253429077274,0.7310969919032382
RUS,First,5.474321933331433,5.579490591875766,5.684893969566598,5.792262848510815,5.901456379066154,6.012677660470106,6.118868536720263,6.226256123080717,6.3359272685032195,6.4480779383869695,6.562826890098516,6.6718194423417785,6.782984448248154,6.898011508923531,7.009152335687752,7.118058255291858,7.2186580422943205,7.320659288314838,7.424284094074263,7.529674082565078,7.636930510910164,7.735214126089456,7.835182960561197,7.937069849320524,8.040992926340582,8.147122674401048,8.244860051045526,8.344239576708006,8.445553212549555,8.548796999026,8.653998635669055,8.751719932486102,8.850779601746654,8.951801753061027,9.054890465000634,9.160165422489536,9.258975531106431,9.35911078545317,9.460968101970579,9.564280006980063,9.665867982857936,9.76059676281134,9.85656892949739,9.953896540568959,10.052619072517656,10.152779454076331,10.245327153682311,10.339227489360256,10.434246268158779,10.530305471843636,10.627397662798765,10.715195442768977,10.803896169293976,10.893544064433552,10.98411877084877,11.075656341872103,11.157068841974517,11.23896828393814,11.321708785147138,11.402632884007481,11.483531343312364,11.554858914433623,11.626489611348937,11.698948507073261,11.772233083382593,11.8423592072366,11.902697577083817,11.962874411909935,12.023480426436901,12.084513810463063,12.146019491326653,12.200723048271014,12.255022262726802,12.309189166302845,12.363058180563005,12.41670244513226,12.464493342871881,12.511684593213738,12.55517468745007,12.594696385225596,12.633710630886782,0.0002627065708976261,0.0002577667224732283,0.0002527304420695219,0.0002480018631880661,0.00024356529750897848,0.0002394066726859781,0.0002355061300076465,0.0002317197515071581,0.000228180427558954,0.000224875904354135,0.00022179566978064344,0.00021893942051082522,0.000216242835888402,0.0002138976281868363,0.00021082812973806855,0.00020730797572204163,0.00020388524770670926,0.00020053939645575374,0.0001972799297113311,0.00019410344953608318,0.00019100755729464854,0.00018799585251122282,0.00018505277542091967,0.0001821846709640429,0.00017938795662903863,0.0001766607609754666,0.00017399910918467274,0.00017137932214579643,0.00016882365525276776,0.0001663287971484345,0.0001638889894179743,0.00016149804005663663,0.0001591207157483096,0.00015679992038496507,0.0001545331112736885,0.00015231735108911575,0.0001501458259719405,0.00014799254643496884,0.00014588417992519642,0.00014379482568869102,0.00014152130325675136,0.00013929308721297303,0.0001371023343050919,0.00013494960878507347,0.00013283219882800058,0.00013074864199833156,0.00012870819069465126,0.00012670830281824103,0.00012473805188659232,0.0001227958420791237,0.0001208809420804665,0.00011899837104454825,0.00011714302456586913,0.00011531232482836836,0.00011350452716900428,0.00011171949360784539,0.00010995229184645992,0.00010819380510422065,0.00010645613618327963,0.00010473885792748152,0.00010304107839835362,0.00010135133504408673,9.965928784716123e-5,9.798630024571027e-5,9.633170220918613e-5,9.455675960917858e-5,9.274944910174295e-5,9.094243659258634e-5,8.915603329522051e-5,8.738956677044004e-5,8.56431782268114e-5,8.39088575511064e-5,8.218167276296688e-5,8.047438115425954e-5,7.878651145350528e-5,7.711796495372088e-5,7.546658570367793e-5,7.383133766072668e-5,7.21336670980286e-5,7.03727594827113e-5,6.86359041652146e-5
RUS,Second,9.110826828081779,9.295606979671222,9.4814306572892,9.670458750019296,9.862541744622963,10.058000140937944,10.244997981464847,10.434243111815322,10.627168099877537,10.824086786100002,11.025132047897579,11.216331506419424,11.411095092398705,11.611624398653962,11.80821445549567,12.002980925868346,12.183971852108352,12.367609896084943,12.55423390845867,12.744083015122735,12.937344212285815,13.115597502047097,13.296932348254234,13.48170236614459,13.670113830953007,13.86244445363837,14.040663218712917,14.22195617566146,14.406727310592569,14.595029701467029,14.78693259072615,14.9663047584514,15.148354092045777,15.33393900124742,15.523220201998408,15.716413202368154,15.898688583364052,16.083601973643162,16.27168061750181,16.462626688684544,16.652325526761214,16.830465375335496,17.011041418876367,17.194228463086105,17.380108235626924,17.56876356868963,17.74443043404945,17.92262273155445,18.103052139124692,18.28562095849168,18.470350839101947,18.63924460389023,18.81000965270646,18.982742465526748,19.157427957250157,19.334133047875227,19.493524331985835,19.65421484983838,19.81668305896083,19.974098010794098,20.13416402752812,20.27793389567794,20.422833007580167,20.569559353197967,20.718117213479456,20.86318650343809,20.992084526472794,21.12135259246538,21.251784313753806,21.383381528568943,21.516210086074835,21.637512434344732,21.758703572458884,21.880144259508064,22.001604709724557,22.123189488726094,22.234877156356163,22.34601816712191,22.452398498806378,22.553633613035487,22.654441814879398,0.0013640101568746447,0.0013431327654749316,0.0013217661179262053,0.00130162824422845,0.001282664823811829,0.0012648274269187081,0.0012480414808337705,0.00123169436052861,0.0012163663038502128,0.0012020128042430007,0.0011885962402142514,0.0011761225896970752,0.0011643168397562377,0.0011540259769702952,0.0011405235265403047,0.0011249910983718028,0.00110983895949166,0.001094979123415355,0.0010804563612668338,0.0010662582975964846,0.0010523767254986068,0.0010388306316919432,0.0010255523225547883,0.0010125727902291185,0.0009998780589668393,0.0009874617379925282,0.0009753080868628492,0.0009633102567207635,0.0009515719399147723,0.0009400796871745936,0.0009288088120757508,0.0009177321886599503,0.0009066871017980611,0.000895874149616484,0.000885282707341165,0.0008749010330654097,0.0008646982411951294,0.000854553164761834,0.0008445922078916667,0.0008346938385680353,0.0008238914958104817,0.00081327213038377,0.0008027995934505386,0.0007924776041394199,0.0007822941203864352,0.0007722432338828746,0.0007623705140134178,0.0007526650950624552,0.000743074924452173,0.0007335929616412399,0.0007242163414417437,0.0007149704459061293,0.000705831092063968,0.0006967861637926838,0.0006878275468515005,0.0006789551800326821,0.0006701449439673127,0.000661351559024767,0.0006526356688127606,0.0006439955704674536,0.0006354272177128131,0.0006268729862250185,0.0006182801319137139,0.0006097568538304417,0.0006013003863769422,0.000592198471349305,0.0005828974264318295,0.0005735638220167108,0.0005643024377457202,0.0005551101490070223,0.0005459880196761962,0.0005368945149814931,0.0005278033697504128,0.0005187817609950683,0.0005098276682892602,0.000500940884181488,0.000492110199512863,0.0004833301968120284,0.0004741768607744146,0.00046463998853779934,0.00045519002231046983
RUS,Third,11.129821880924169,11.362699582946464,11.597379494723334,11.835942460010125,12.078237297692075,12.324643731932577,12.560643056193257,12.79957438825709,13.04292072689861,13.291058256902826,13.54407258326637,13.784887871564147,14.030023520378434,14.281726660157513,14.530490950752734,14.778432931975443,15.009591568959099,15.244222173065696,15.48271560501192,15.7253688059773,15.972422345697126,16.201092289328987,16.433745951520493,16.67079239870034,16.91249310510286,17.15918892524969,17.388557176929385,17.621951273345566,17.85979254547986,18.102191327365528,18.3492418797048,18.580936456383732,18.8162523903055,19.05610519032977,19.300682099584083,19.550268019095533,19.786424428949214,20.026147497523876,20.269968266717736,20.51764631889984,20.765049101411336,20.998227706481742,21.234674832029796,21.474599507696272,21.718117472463884,21.96533930322384,22.19648880150549,22.43095992708529,22.668471706671973,22.908917126115792,23.15235163261058,23.37619014397297,23.602608393413142,23.831757662672594,24.06363030646288,24.298313140116907,24.51152378982587,24.72673247529255,24.944437436044264,25.152920509525636,25.368351166982333,25.563628649044393,25.760794341611856,25.960562674328305,26.162945174336095,26.36250343950575,26.542463662178918,26.72342317046732,26.906203107913925,27.0908139021361,27.277338051247813,27.449691804732126,27.622410733517203,27.7958460252351,27.969739114279633,28.14421721590727,28.306546065471096,28.46862306703471,28.626096931245684,28.778567963553673,28.930937504841882,0.0026046734492238635,0.0025701716437951288,0.002534781181791291,0.0025013507284844826,0.0024698021118090448,0.00244006574289231,0.002412027221691807,0.0023846698699903092,0.0023589706444921118,0.0023348636208977186,0.0023122928547606005,0.0022912759102652787,0.0022713550131283618,0.0022539667924168583,0.002231118516538562,0.002204787568451038,0.0021790515656221667,0.0021537636632166113,0.002129002156777529,0.0021047487620469638,0.0020809917765247875,0.0020577661224134313,0.002034958154628361,0.0020126229688567396,0.0019907388327437985,0.0019692968628905643,0.0019482716158942125,0.0019274797832862234,0.0019071024363804343,0.0018871181203590247,0.0018674852566378385,0.001848158178087306,0.0018288537413078635,0.0018099230270822353,0.001791349179734269,0.0017731128739328034,0.0017551615659738187,0.0017372823996194878,0.0017196988084021143,0.0017021970743481406,0.0016830639776881213,0.0016642209508284924,0.0016456048618734753,0.0016272234089325563,0.0016090559687097622,0.0015910930727911611,0.0015734169119435493,0.0015560093009744647,0.0015387779090165613,0.0015217108019994956,0.0015048032101751248,0.0014881017419242863,0.001471563321781045,0.001455166678941388,0.0014388977321588658,0.0014227566071984762,0.0014066998578952273,0.001390644768324224,0.001374702223948538,0.001358869565174473,0.001343139427618675,0.0013274062920422467,0.0013115724470650508,0.00129583717213416,0.0012801953874717288,0.0012633261260833729,0.0012460513303163994,0.0012286780930219222,0.0012114012559024305,0.001194215042820355,0.0011771218131836677,0.001160043404490229,0.0011429302497529598,0.0011259084462319762,0.0011089742466099874,0.001092127518793149,0.0010753470777287448,0.001058622574014808,0.0010411431681074256,0.0010228829118109292,0.001004739187892998
RUS,Fourth,13.926776460048714,14.225281923013775,14.526563032006255,14.832679241563529,15.14348357585742,15.459438556182455,15.762313892631223,16.06905723297404,16.381252157496633,16.699359357671764,17.023317254662786,17.331913632655176,17.645884286131206,17.96759120546717,18.28751937514171,18.607849295755116,18.90723950489031,19.211227191480763,19.520278696265756,19.83476755524222,20.155012354372293,20.452204316026535,20.754613531666088,21.062727037973637,21.376880398011444,21.697500244246932,21.996350980259635,22.300522606781932,22.610455264724898,22.92636613951335,23.24836918672541,23.551131335313855,23.858781803398564,24.172349208548315,24.492035361509107,24.81824015186912,25.127545276635992,25.441685390721673,25.761188852311797,26.085900463874218,26.411567378350167,26.719319512738444,27.031473581881993,27.34828378671396,27.669912776229616,27.996504556804705,28.302790716365774,28.613481647625548,28.928306802286748,29.24713300559333,29.57008654929322,29.868318379863208,30.170084233410932,30.475632305803607,30.784952679588645,31.09816089715996,31.384179059702532,31.673156890711116,31.965605776111676,32.238785739421814,32.529386684053506,32.794550251241105,33.06262879871242,33.33436858146203,33.60979266574659,33.883236549558205,34.13237080659399,34.38335675504718,34.63705927438124,34.8935023204594,35.15278664549056,35.39428575447222,35.63679660561088,35.88066833965787,36.12560969097702,36.37177483728424,36.602722340159026,36.83382864516423,37.060521314577876,37.28238322856913,37.50460033884544,0.005374147342624301,0.005311827224389452,0.0052477844739569094,0.005187177508942388,0.005129881558109435,0.005075786722166604,0.005024699152232735,0.004974775889088494,0.0049278084643669265,0.0048836879775457295,0.004842324437689386,0.004803759531744652,0.0047671617537276365,0.004735182194865089,0.0046931106315121545,0.004644555009683189,0.004597021452482615,0.004550242857104398,0.004504367116003457,0.004459363914464577,0.004415215173521974,0.0043719894174209205,0.004329477859805742,0.004287786704172198,0.0042468781397964365,0.004206738228084983,0.004167322526058409,0.004128289312129401,0.004089980535110091,0.004052358077417945,0.004015346685542251,0.003978861755244483,0.003942369566284113,0.0039065346450448835,0.003871327491667615,0.0038367140703232275,0.0038025959572761847,0.0037685693894057887,0.003735061224871743,0.003701664736947009,0.00366510377607235,0.0036290444313341157,0.003593366889931125,0.0035580880195451112,0.0035231689850006385,0.003488592686337321,0.003454519109507787,0.0034209147820050715,0.0033876029277997853,0.003354560940726588,0.003321780720677668,0.003289353427231142,0.003257196659579848,0.0032252696827482666,0.0031935455089952816,0.003162024989252207,0.003130623768059922,0.0030991798321103672,0.003067910196475622,0.0030368102982442804,0.003005865788241759,0.0029748692838466274,0.002943626819702496,0.002912531128374929,0.00288157254327393,0.0028481305577566216,0.0028138255862001065,0.002779264403768957,0.002744833333947255,0.0027105212436310732,0.0026763323759933537,0.0026421107823999925,0.002607755591756368,0.002573519196512035,0.002539394376848875,0.0025053804736373743,0.002471434842955881,0.0024375360781449485,0.0024020351148859773,0.0023648686548807087,0.002327856811103064
RUS,Fifth,16.406387931625975,16.765638941135663,17.128739731295376,17.49752017145458,17.87183790127977,18.252224623022613,18.617139522252895,18.986824377963195,19.362857833285027,19.745773388993392,20.135266033451735,20.506597436763638,20.88422795159446,21.27045961893693,21.656637499313494,22.04482667532489,22.408421011092912,22.77770604243239,23.153207935356747,23.535368723731548,23.92458265063873,24.2865841595793,24.654990179887402,25.030347071271503,25.413060793770516,25.80363830060664,26.168483974209515,26.5399116711376,26.918333131801084,27.304104841947396,27.697344425886936,28.06790043037966,28.444602768425863,28.82854885529007,29.219929280670335,29.619277159998752,29.998622299941825,30.384082204429287,30.776111566324904,31.174703165828483,31.575842015120394,31.955738735247227,32.34116897139405,32.73242183332277,33.129712863766585,33.5332167954228,33.91260828951882,34.297471874788855,34.687574589654425,35.08274875789661,35.48321773036748,35.854377388681286,36.230033780886494,36.61056486498121,36.995950469107306,37.386336325832445,37.74434924695919,38.10637991486495,38.47289640174034,38.80504744750952,39.17068854765165,39.506146614322894,39.84566220627526,40.18994803594651,40.53904359227082,40.887553669038546,41.207701466400884,41.53072059270054,41.857451940953084,42.187937045328326,42.52229758577571,42.83568770571209,43.150917817765716,43.46829113990674,43.78749308837289,44.10870903172084,44.412018123973844,44.71607575220162,45.01649245197457,45.312876209349454,45.6102680430029,0.009123513321439814,0.009031269407208645,0.008936315336156742,0.008846303786122636,0.008761072203511435,0.00868047910518886,0.008604254773919684,0.008529661981770305,0.008459389140490822,0.008393290290546874,0.008331245107796183,0.00827333095008147,0.008218311025148632,0.0081701853227185,0.00810680283097209,0.008033552697580737,0.007961740967238947,0.007890968371349701,0.007821463783354552,0.007753185575874267,0.00768611052639213,0.007620347447093995,0.007555583242653681,0.007491983097337083,0.007429493618710755,0.007368098013827757,0.0073077311608253015,0.0072478729956938544,0.007189049475172666,0.007131206380387166,0.007074230808619689,0.007017995035732522,0.006961677303144578,0.0069063049581037485,0.0068518348341017835,0.00679821751650816,0.006745302497927548,0.006692465597010264,0.006640369609720741,0.0065883842263457434,0.006531400212680862,0.006475122080645031,0.006419365562849952,0.006364158353050701,0.006309441300529459,0.006255188874474607,0.006201654533058487,0.006148787843754217,0.006096312080491136,0.006044192926967046,0.005992418545847736,0.005941134210272424,0.005890210806436363,0.005839584676830397,0.005789213450856151,0.005739099827273073,0.0056891092180181395,0.005638983890995035,0.005589068963125381,0.005539358057705193,0.005489828177585188,0.005440147188215735,0.005390002685535967,0.005340023510420021,0.0052901949109418105,0.0052362892533160225,0.005180905922920848,0.005125018656489355,0.0050692508289003945,0.005013584205914391,0.004958025252795111,0.004902319814546033,0.004846301906585453,0.004790381420205297,0.004734546196380384,0.004678795249304187,0.004623057487587958,0.004567297497379777,0.004508793625743669,0.004447424477387881,0.004386186412562146
RUS,Sixth,19.93751700249028,20.383016095560393,20.833875838629176,21.291626407248632,21.756138130144418,22.228039117567523,22.681075430005432,23.14016956419468,23.606899044815076,24.081899429939035,24.564298298241802,25.02472493993342,25.492765270455617,25.97064525123796,26.450889153089495,26.935409950555428,27.390149217368908,27.85214061812532,28.321995314058697,28.8002490477029,29.287413472902905,29.74142375174361,30.2035353621699,30.67437599650371,31.15445144109404,31.644382734659906,32.10293433381625,32.569864052079595,33.045509418207295,33.5305004040314,34.02491817136488,34.49178566919709,34.966567181629145,35.45050778089662,35.94372836529524,36.44700366986423,36.92584739200802,37.41265725302936,37.90772765662507,38.41131268673615,38.91970427325098,39.40205695377249,39.89155782320352,40.38853844760842,40.89329698655713,41.40604526256271,41.88928096535953,42.37950321521816,42.87654531290148,43.380153019308075,43.89075051016028,44.36561652302382,44.84632345207354,45.33350499694219,45.8270974025814,46.3272867385244,46.78771118547909,47.253719565088325,47.72566594987739,48.129002966892436,48.602227074151905,49.038553020114264,49.480587374390275,49.92899188731293,50.38382648861319,50.84013391347634,51.26236861052339,51.688961115267105,52.12070974916244,52.55768376417813,53.00003439801579,53.41692230706222,53.836867547735295,54.260110551334215,54.68630715447339,55.11568537337528,55.52337762248116,55.93270149207537,56.33958676681582,56.74368609776755,57.149776646777255,0.01712171065899842,0.016973300138580647,0.016820270449417824,0.016674961547154935,0.016537148363727397,0.016406633720081807,0.016283014460650932,0.0161618683242164,0.016047582488941656,0.01593994533227098,0.015838785144332627,0.015744251051140128,0.01565434226132534,0.015575620259694613,0.01547182881374727,0.015351717167262758,0.01523379418848156,0.015117411713224171,0.015002952585263574,0.014890355482111536,0.014779589620486857,0.014670841759081024,0.014563600018690049,0.014458144861467738,0.014354394043577117,0.01425232446523571,0.01415183603134694,0.014052064694128768,0.013953892988337,0.013857234527566086,0.01376190575015283,0.013667697160557855,0.013573233253624485,0.01348023892020574,0.013388647361426743,0.013298378600310279,0.013209184039384208,0.013120013232146737,0.0130319861008751,0.012944039541570626,0.01284751283767089,0.012752055382470161,0.012657356494121625,0.012563465488372673,0.012470284883773866,0.012377773504634853,0.012286366285094502,0.012195979980250056,0.012106145142946445,0.012016804172410097,0.01192793785625462,0.011839797294064244,0.01175216306653675,0.011664926289112074,0.011578015298855146,0.0114914344704888,0.01140495304281214,0.011318123419287856,0.011231542339068633,0.011145199315508373,0.011059055341708217,0.010972530789151239,0.010885078976039035,0.010797794543106956,0.010710650582855216,0.010616238913363022,0.010519088182378828,0.010420896637148336,0.010322755533563682,0.010224633139824676,0.010126539373264118,0.01002802343278032,0.009928787396152036,0.00982955564708918,0.009730304691499396,0.009631031431164207,0.009531607808833175,0.009431968194784035,0.009327234257440807,0.009217156748205075,0.009107093220582051
RUS,Seventh,23.306742156094472,23.83843588913342,24.377262239901295,24.924142238235817,25.478956862139377,26.042420721156482,26.583750757681432,27.132483079050367,27.690049147853216,28.257177497132744,28.832137495556033,29.381605041954323,29.939923020422416,30.508998504208705,31.08381950150971,31.665888734653684,32.21328490842521,32.7695749665389,33.33543961388087,33.91150295036725,34.49840495110052,35.04643787960805,35.604342537131096,36.172807989344285,36.75244194042246,37.34398309566658,37.898711736001665,38.463711792033095,39.03915154153394,39.626044350743946,40.22438648968986,40.79055968265765,41.36652926430852,41.95366594429277,42.55194790150176,43.16247182149472,43.744290026727256,44.336105072265724,44.93790723526542,45.55035090519958,46.170539525248515,46.759974298501,47.358297081859924,47.96586943318219,48.58309081762879,49.21020445354767,49.802582614457656,50.40355941677594,51.01308114863271,51.63076026882185,52.2573169768594,52.84202966133376,53.43402383122075,54.03430710972674,54.64273615428269,55.25954230486059,55.82933524271611,56.40657767939397,56.99138819521201,57.454255973285804,58.04393059767773,58.59024172320041,59.14422112634292,59.70638526407525,60.27682376764694,60.8517733702321,61.3874448766311,61.92934422248827,62.478125026133405,63.033890280543645,63.59683031232134,64.13009533908884,64.66802122739684,65.21071280097428,65.75781067395408,66.30959233591199,66.83617751300774,67.3656346883299,67.89484023914315,68.42356988514635,68.9556742519556,0.028345481981409248,0.02814221547412442,0.027932236676088313,0.027732485690489504,0.027542706823771315,0.027362679445525347,0.027191890943976046,0.027024262460250106,0.026865890465290365,0.026716521483189058,0.026575953553087502,0.026444428197043207,0.026319189022535012,0.026209413774322673,0.026064507465430015,0.025896570362542497,0.025731437333995997,0.025568208216152032,0.02540743092701949,0.025249029491826096,0.025092970848192477,0.024939528661034886,0.02478798948831283,0.024638758589925872,0.024491728417059523,0.024346876341525575,0.02420406730862883,0.024062079711440858,0.023922174218352094,0.02378423644277252,0.023648012113632853,0.023513205956421656,0.02337785305506686,0.023244425155571718,0.023112835083390917,0.02298297376671291,0.022854490720518532,0.022725872661664762,0.02259873850298018,0.022471554445765325,0.02233177070881417,0.02219333619889419,0.022055805049015914,0.021919251213152927,0.02178353796315757,0.021648607636070318,0.02151509751022022,0.021382893489619578,0.0212513104940151,0.021120266918288184,0.020989735493217674,0.020860089202833824,0.020731005933732664,0.02060232729605763,0.02047394926879259,0.02034587861592212,0.02021777360163698,0.020088968679810863,0.019960348817229356,0.01983189748395064,0.01970355714008965,0.019574462899714134,0.019443791150911167,0.019313175703852457,0.019182575334237173,0.019040860425286906,0.018894789622064555,0.01874690136635685,0.018598833631088777,0.018450533594933094,0.01830201657819429,0.018152593849578517,0.01800180835003881,0.01785075360305794,0.017699392000284395,0.01754771441929578,0.017395523202691467,0.01724271280236447,0.017081773824183993,0.016912272416614176,0.016742427867371144
RUS,Eighth,29.20849053508465,29.89009119344979,30.581844095669954,31.28370263258765,31.995575719335516,32.71832872917256,33.41325124004086,34.11792021560832,34.83354352371511,35.561011502572754,36.296171727874565,37.00039413342017,37.7156145808791,38.44323708196376,39.182281413603654,39.93358569098546,40.64169390010195,41.361553232909365,42.09396829938409,42.83970087390864,43.59965131894774,44.310612504943535,45.03453896618476,45.772211175403136,46.52441515290917,47.29210350367413,48.0134128532417,48.74827477102034,49.49640424795647,50.25981390375299,51.038163776743275,51.77637680058033,52.52752332276416,53.293431416304124,54.07358534081296,54.86988464947214,55.62991680019245,56.403578839411935,57.19008038127173,57.99099709107609,58.80460506515754,59.57888288081924,60.365046743005465,61.16347851592989,61.97478049751319,62.799217087803896,63.57983357807873,64.37178979052577,65.17526672834161,65.98946765549117,66.81591195436035,67.59026284170933,68.37421201201033,69.16974846566687,69.97644366374132,70.79461121703525,71.55295919455493,72.32219864783855,73.10180067597233,73.60644643338507,74.40045110133113,75.13991255594577,75.8904626786473,76.65236277225519,77.4257564642675,78.20896327698387,78.94390455537624,79.68834394981761,80.44268332975466,81.20709140377895,81.98182019332103,82.7196012862773,83.46486224343614,84.21748122468443,84.97707510547855,85.74401451455857,86.47971170996266,87.2204825538661,87.96489042873361,88.71293452490143,89.46682219126397,0.05873794754471554,0.05841541210265592,0.05808147271767101,0.05776308507375788,0.05745994356626437,0.05717179049078088,0.056897895025756484,0.05662856075248359,0.05637363663516174,0.05613279092189245,0.055905765255166884,0.05569302040785819,0.055490150198685716,0.05531209092188659,0.05507671085802641,0.05480343621485207,0.054534211039578936,0.05426759207819984,0.0540044869901747,0.05374479290050649,0.053488474590577005,0.05323599947410839,0.052986212774435285,0.05273979853042885,0.05249659621310675,0.052256585524666846,0.052019556513787125,0.05178349382775695,0.05155050243422728,0.05132040701697832,0.051092794377939725,0.050867188027251695,0.050640295278821745,0.05041626643507387,0.0501949669044119,0.04997622739709797,0.049759466033630184,0.04954213574617854,0.049326974938534496,0.04911139118253793,0.04887405853278215,0.04863860802323676,0.04840429202426438,0.048171241397265356,0.04793922740831601,0.0477081567692305,0.047479129775680265,0.04725195782887455,0.04702547119930184,0.0467995340660587,0.046574100618732704,0.04634981745163896,0.04612613313325311,0.04590277532184475,0.045679562190772446,0.045456509540205935,0.04523301868063577,0.04500792399366056,0.04478276780035057,0.04455751921455591,0.044332075911559014,0.044104914186086974,0.04387457338824432,0.04364392054945713,0.04341288262713567,0.0431617119062946,0.0429023084734445,0.04263913995950863,0.04237510707454568,0.04211011104915985,0.04184416970996207,0.04157604010274926,0.04130488631787857,0.04103265865086413,0.04075928119540747,0.04048473057572639,0.04020863848382676,0.03993079835472984,0.03963750086299393,0.039327837168127,0.039016755509146836
RUS,Ninth,35.41806650287669,36.268443920310155,37.13311461859438,38.010093828419436,38.899310697194686,39.80176864847407,40.670329511083736,41.55144772527297,42.445685086197045,43.35408735315762,44.26824445998678,45.14666486103344,46.03827359608036,46.94324096091458,47.86869511050639,48.814006151971796,49.7073678870734,50.61593750823276,51.54061726107443,52.48229576170388,53.4422275040065,54.34228598375344,55.25902502726697,56.19325982396761,57.14598572517196,58.11841275985182,59.03422237378827,59.967558097836374,60.91720994298283,61.886916444446435,62.87565621622375,63.81606239307816,64.77315885249013,65.74943261717101,66.74338051804246,67.75826147215297,68.72870015770214,69.71748710423948,70.72229199091404,71.74635090392509,72.79053424451118,73.78560514228865,74.79627448130837,75.82288301184877,76.86634404257698,77.92689678725976,78.93391232617023,79.95557968395205,80.99251916084037,82.04314545344458,83.11044538516747,84.11539276516257,85.13263356564079,86.16595561595028,87.21435435867117,88.27824614653379,89.26809635857924,90.27381283237952,91.29352291988333,91.74348913831032,92.795736351212,93.7816881445005,94.7835525950826,95.80102738864143,96.83434172001196,97.88640805453416,98.88169561712492,99.89138608390853,100.91529450307446,101.95369961711602,103.00694641130663,104.01601226539167,105.03697922218005,106.06926820936829,107.11250157279919,108.16719073995368,109.18475341831927,110.21105891915245,111.24850019315214,112.29758457254361,113.35665750492542,0.10942107514426176,0.10905519850524906,0.10867500261030211,0.10831119806122294,0.10796362141754898,0.10763214350238348,0.10731608589945707,0.10700435800524966,0.10670844833074367,0.10642811355643073,0.10616318184807912,0.10591430946015724,0.10567644141281979,0.10546722810602119,0.10519002757127478,0.10486729590744062,0.10454839091086832,0.10423163595849104,0.10391813869573899,0.10360780985047731,0.10330063925825377,0.102997220942687,0.1026962001534295,0.10239842589200622,0.10210373583331533,0.10181213046224058,0.10152338899285979,0.1012350683038554,0.10094975764349212,0.10066726718783603,0.10038711658868002,0.10010873196276952,0.09982805760041054,0.09955022913943591,0.09927510382284697,0.09900249572801631,0.09873169637346425,0.09845952530615233,0.09818942310823972,0.09791813609831655,0.09761872435751905,0.09732090102232441,0.09702373008510236,0.09672738953073327,0.0964315964242193,0.09613623807313533,0.09584273358035915,0.09555085853736256,0.09525911861766875,0.09496734127653429,0.09467547146597242,0.09438435331496096,0.09409327275871683,0.09380187899559077,0.09350993758705767,0.09321746165759548,0.09292366500218922,0.09262700285481137,0.09232949570701089,0.09203109831787157,0.0917316724353642,0.09142917829953418,0.09112164275354831,0.0908128730211064,0.09050276180376911,0.09016468950637295,0.08981450098901786,0.08945815046586467,0.08909953111486656,0.08873849416981948,0.08837504263410939,0.08800745529499883,0.08763454128483289,0.08725895208903953,0.08688056018240013,0.086499311892174,0.08611466817297678,0.08572631277299715,0.0853149509599143,0.08487906569071986,0.08443954931983656
RUS,Tenth,64.78324518105697,66.43948365164982,68.13047512143076,69.84449380242762,71.58161117754936,73.34345009303243,75.04291617399942,76.7687647708261,78.51812734295885,80.29274460150754,82.02606339288879,83.72882356606995,85.45392551017181,87.19521569545577,89.00213726035003,90.86592176177064,92.63815939504133,94.44227713945877,96.2796538500804,98.15107852654693,100.06102376998795,101.85406023617705,103.68210878542439,105.5453832464966,107.44593091978831,109.38667423037532,111.21917638231771,113.08788364007809,114.9795477680705,116.92087408221853,118.89930016183555,120.79502554088444,122.71989685089758,124.68934231874171,126.68607838552671,128.73100307074185,130.68831911147402,132.69159179475744,134.71880175372797,136.7922151538184,138.91871554232597,140.93276257516075,142.9785650394905,145.0546736746283,147.16491907055098,149.30775756560618,151.35159652248797,153.4225506354268,155.52516405699805,157.6451688424396,159.80649303929184,161.87644734629097,163.96164826211714,166.09125661066489,168.2542358368582,170.45154981980585,172.4977128487303,174.59360396848734,176.71851699612677,173.71093339457374,176.111105231882,178.39465095208993,180.71909237184678,183.0811371594417,185.48150239666728,187.94830726560517,190.32399777303837,192.74028321296893,195.19379397183104,197.68543498418336,200.21608251192728,202.6726938506057,205.16550596719367,207.69158978550396,210.25054642128887,212.84387634908936,215.37639269177293,217.93864342084052,220.55519452566406,223.22979139755034,225.93851632448929,0.7676447338295548,0.7688997060160485,0.7701976399946201,0.7714338074964087,0.7726095938339372,0.7737261871713761,0.7747865849114739,0.7758284286049154,0.7768137270991035,0.7777438981086292,0.7786200598890928,0.779440562481502,0.7802224896369849,0.7809083890229173,0.7818145416562204,0.7828657859980932,0.7839006283345331,0.784924658622391,0.7859344214546896,0.7869303522755602,0.7879126239232578,0.7888794796919572,0.7898353732100688,0.7907777218946122,0.7917071688860944,0.79262382760256,0.7935285186545519,0.7944289617928421,0.7953171446737608,0.7961937637623598,0.797060410617301,0.7979189316952184,0.7987818523837934,0.7996334036494804,0.800474119503805,0.8013046616629439,0.8021272587446583,0.8029515899566253,0.8037672713185591,0.804584144029912,0.8054829527977051,0.80637414669267,0.8072605771050856,0.8081417553760228,0.8090185607470789,0.8098913575074447,0.810756003589428,0.8116132248392789,0.8124674486524216,0.8133192000932952,0.8141686548055997,0.8150133845401235,0.8158554802033334,0.8166959725702537,0.8175355468884913,0.8183741596184234,0.8192140595929389,0.8200596271968708,0.820905072147795,0.8217505133185946,0.8225963374817221,0.8234482667401397,0.8243117723591927,0.8251761012174718,0.8260415347217293,0.826981998080568,0.8279528830181233,0.828937444159232,0.8299248287561443,0.8309154078381196,0.831909121064595,0.8329106099459241,0.8339230038604896,0.8349390148048506,0.8359589329308267,0.8369828495907696,0.8380121461381828,0.8390475901911121,0.8401402576588575,0.8412934791842338,0.8424515657450296
TUR,First,4.531750459709197,4.617456913990709,4.701487529822762,4.78699813738485,4.875328372877094,4.966697191331437,5.055444201072506,5.146075578971843,5.239120432061525,5.3346450248178465,5.432928739107601,5.52774839144718,5.625029845766296,5.725786906508155,5.823184804537773,5.919190569655137,6.013634205375817,6.110246140130682,6.209275989015562,6.31075004734854,6.414991563168388,6.518093594646102,6.623216899230681,6.730302018002863,6.839334632381045,6.950060214364169,7.058759078358382,7.169140402015233,7.281904549953758,7.397806126255378,7.517093463878048,7.635426722415087,7.7553510177272775,7.877417381991477,8.001418457297511,8.126993256379372,8.250407082960797,8.37534849166091,8.502626881061781,8.631677225314995,8.760161079929272,8.887660515929712,9.016989041426584,9.147927557314564,9.280334668423468,9.41417841774365,9.544935493090765,9.676341404538176,9.809006950148701,9.943722668633615,10.08089607789481,10.2159059845208,10.352487394326873,10.490193278871901,10.62924858117167,10.76966740052795,10.906059362619315,11.042770457474633,11.179717737963902,11.3205407359294,11.456408847317636,11.588422463077391,11.721338957335156,11.85587430928059,11.991860543855722,12.125215345209574,12.252752135944354,12.379654848415836,12.506390342386954,12.63270189596479,12.758159104428373,12.87741202433914,12.9955803416459,13.114247934479055,13.23460152210238,13.35591623300803,13.472104890618617,13.587696737048015,13.69886548997873,13.80493825918506,13.909032922195271,0.0003261230232217032,0.000320080467571461,0.0003139181130333959,0.00030813066971267295,0.0003026990578797424,0.0002976063371355216,0.0002928285319007738,0.0002881893522627317,0.0002838519100409256,0.00027980123828397056,0.00027602475981902057,0.0002725221702371177,0.00026921474112471844,0.0002663377662449011,0.00026257159925464115,0.0002582514834726679,0.00025404981666217057,0.00024994158236857166,0.00024593836600347505,0.00024203619685674884,0.00023823205815701412,0.00023453052305565537,0.00023091245448657476,0.00022738574074522845,0.00022394602255368948,0.0002205910161103251,0.00021731594934811384,0.0002140916035070357,0.00021094554523115144,0.00020787361985089345,0.00020486885112504572,0.00020192357598755522,0.00019899446257470686,0.0001961343986559179,0.0001933402085146512,0.00019060842240605747,0.0001879305700050866,0.00018527466487437073,0.00018267359616516425,0.00018009545587399439,0.00017728941025694977,0.00017453865636657805,0.0001718335247807329,0.00016917475137978225,0.0001665589466911792,0.00016398440617241807,0.0001614625080735218,0.00015899019466039113,0.0001565539731696264,0.00015415187452440344,0.00015178300217862973,0.00014945358712878533,0.00014715732462370606,0.00014489106203819844,0.0001426526115082464,0.00014044185934378826,0.0001382526831695167,0.00013607379281098717,0.00013392018557302325,0.0001317913501350706,0.0001296861738818106,0.00012759047789104172,0.00012549142342204342,0.00012341548737019025,0.00012136186852386895,0.00011915832274765129,0.00011691395860444662,0.00011466934046470513,0.00011244968106968864,0.00011025418026559247,0.00010808296672973179,0.000105926146729502,0.00010377757463855684,0.0001016530776516808,9.955211486373313e-5,9.747456381481941e-5,9.54177605642913e-5,9.338038340203393e-5,9.126457418878763e-5,8.906915685290367e-5,8.690296813092995e-5
TUR,Second,7.500724982324267,7.652590435516164,7.802902950410026,7.955748832759264,8.11297763650713,8.274931561719951,8.432236123513565,8.592756460597005,8.757170085357778,8.925611141281712,9.098458445160908,9.265323253847727,9.436226890627902,9.612455907208442,9.785496331129751,9.957898263094334,10.127817434721381,10.301526963585491,10.479403145987202,10.66152520358035,10.848381465426996,11.03341500685104,11.222109104483474,11.414413821543842,11.61034992484863,11.809607628708395,12.005826812177958,12.20528716850662,12.408953387954849,12.61791441308724,12.832551723442464,13.045693418906954,13.262001076189174,13.482229794399524,13.706121580732749,13.933224529682585,14.157169451338676,14.384177666392338,14.615355859834658,14.85000253004362,15.085185312183711,15.318747253820998,15.555750630165425,15.795924905175081,16.03911297614608,16.28530106559015,16.526778100219026,16.77001741799968,17.01590822258452,17.2655720139172,17.519619519131417,17.77002518745665,18.023465475348498,18.27937053215611,18.538082294993476,18.79965160756393,19.054753794339035,19.311163073100023,19.568763650792974,19.830215003827583,20.08737530844011,20.338242400152996,20.591286370595444,20.847493964328592,21.10666378829662,21.36341751193939,21.61112056512333,21.85880647233881,22.10710587296227,22.355677409904846,22.60393601357917,22.842366626111676,23.0800266191344,23.319129637908183,23.56137164935783,23.80576986228099,24.04171371027878,24.27749291087513,24.50793749686397,24.732113034539125,24.954197521364016,0.0016256474518439117,0.0016011878783778394,0.0015761480242118039,0.001552541483427669,0.0015303055551342609,0.001509384695901653,0.0014896920206577252,0.0014705097158906125,0.0014525189852920817,0.0014356685015376332,0.0014199146813993772,0.0014052651596837495,0.001391397366801892,0.0013793071921581021,0.0013634408191637234,0.0013451850373843396,0.0013273717952703875,0.0013098980418394877,0.0012928165483421634,0.0012761130609238486,0.0012597782285069519,0.0012438343514250443,0.0012282022109024802,0.001212918237172491,0.0011979663936635553,0.0011833392156925142,0.0011690183688285124,0.0011548780662235434,0.0011410406612389408,0.001127490403008074,0.001114198316060676,0.0011011325283995924,0.0010881013307024923,0.001075341292848456,0.0010628400805952315,0.00105058392053162,0.001038536491597329,0.0010265547373030425,0.001014788099234599,0.0010030930509589853,0.0009903271414663497,0.000977774656604074,0.0009653929408978148,0.0009531864946332612,0.0009411412128341204,0.0009292501731671485,0.0009175673430904602,0.000906079863031283,0.0008947263391584666,0.0008834985667471438,0.0008723929464119936,0.0008614398558063454,0.0008506104760422561,0.0008398907315248109,0.0008292709427446033,0.0008187510899570603,0.0008083025922005066,0.0007978717624087641,0.0007875305553368632,0.0007772769989545565,0.000767106173638163,0.0007569499218642381,0.000746745363422831,0.0007366211384290783,0.0007265739034444846,0.000715757130561742,0.0007047008167737976,0.0006936028229719226,0.0006825877467684291,0.0006716518464840671,0.0006607964153278386,0.000649971986805841,0.0006391473895591708,0.0006284024586223326,0.0006177348592122289,0.0006071443392340509,0.0005966176561889885,0.0005861482527355106,0.0005752302655089552,0.0005638511545558538,0.0005525719519437293
TUR,Third,9.117143302432002,9.308392691394792,9.498468027320177,9.691657647028666,9.890057190434206,10.094070566120292,10.292285259554685,10.494521560647769,10.701431229813155,10.913184004688867,11.130181586386499,11.339755215775128,11.55422296018426,11.774829088924957,11.993228745208183,12.212064570826158,12.42799379698301,12.648723518130783,12.8746881872988,13.106003058995945,13.343246641873927,13.578366176322351,13.818179993665057,14.062641014621107,14.311796577511386,14.56531848283065,14.815345829917657,15.069643188562113,15.329276077941445,15.595519117395739,15.868830037652996,16.14044926374975,16.4163205492577,16.697244679721884,16.98294034475956,17.272928922015055,17.559332396564223,17.849868993806385,18.145741701107895,18.446247691397307,18.748586067447047,19.04905598814225,19.35406274465268,19.663316184301927,19.97666397714715,20.294111660969552,20.60607835601508,20.920638402969512,21.23885462639204,21.562021052610397,21.890872944491058,22.21537783909987,22.54395672278114,22.876002540497247,23.211925354144203,23.551804539216967,23.884005052177244,24.218386633108146,24.55477712299061,24.893327686200905,25.23025388821551,25.55970447197636,25.892417975505477,26.229447726240785,26.570586604885303,26.910401746703958,27.239786235888364,27.56995844618536,27.901553591741827,28.234200646523366,28.567240138853,28.888672347057675,29.209968844681192,29.533615372723258,29.861586184162114,30.192778496389487,30.51385580879236,30.835437693795104,31.15216276148799,31.463022449694073,31.77221313838219,0.003030979829313487,0.002991573940445167,0.0029511418600608207,0.0029129386125487052,0.0028768763113886007,0.002842876773680355,0.002810811003318283,0.0027795170080531562,0.0027501132679395427,0.0027225249802363483,0.002696690109635536,0.002672629013730859,0.00264981846939507,0.002629904906396746,0.0026037335549723723,0.002573566554011577,0.002544074041987154,0.0025150882833591096,0.0024866993726142448,0.002458886730818994,0.0024316373725723887,0.002404991454101883,0.002378818974272711,0.002353183375575877,0.002328060106126653,0.002303439195522974,0.0022792917658275348,0.0022554073518871957,0.002231994343559473,0.002209027986437554,0.002186461179090643,0.0021642411545072368,0.0021420428264686073,0.0021202697584866087,0.0020989027879867905,0.0020779203008806477,0.0020572613924746117,0.0020366815418389607,0.0020164380247011445,0.0019962849275055273,0.001974248520848667,0.0019525417228526667,0.0019310915958411726,0.0019099073855444657,0.0018889653941505595,0.001868254751436814,0.0018478704082286505,0.0018277915411066422,0.001807911708989796,0.0017882172630735956,0.0017687028503243886,0.0017494222301365223,0.001730325969575622,0.0017113895433220744,0.001692596356280877,0.0016739470155164495,0.0016553912461812295,0.0016368335650519842,0.001618401909054,0.001600093366845727,0.0015818995170374308,0.0015636982505646876,0.001545376481835455,0.0015271646653154877,0.001509057007899771,0.0014895238142149851,0.0014695160170350608,0.0014493891324718988,0.0014293686594428839,0.0014094482234151314,0.0013896301670197335,0.0013698241293657188,0.00134997255818158,0.0013302215388760696,0.0013105667794704508,0.0012910079837657382,0.0012715208550754759,0.001252093279429462,0.0012317827047019579,0.001210558429354128,0.0011894627142465745
TUR,Fourth,11.369251095594127,11.614554373515766,11.859181740085862,12.107752739186601,12.362682573397004,12.624461912741847,12.878844543986913,13.138348916957822,13.403626730434254,13.674900058073547,13.952555243872943,14.220836136975873,14.495205438480154,14.776906094393047,15.057566870487271,15.340005409145604,15.618933359714664,15.9040377828167,16.195835734732928,16.494491704954584,16.800706527983916,17.10435391070613,17.41411006362501,17.729939057416292,18.05192599953507,18.379724807822985,18.703390923556352,19.032733191025706,19.3689457978114,19.713562481028717,20.06713021466294,20.41871292919546,20.77601243373154,21.13992056456538,21.51011765242273,21.88610810600832,22.25791982686795,22.63532197464236,23.019640711401113,23.41017800492499,23.80420752675318,24.195972437010948,24.593758861579843,24.99725396734772,25.406317261701595,25.820980581754014,26.22910757587445,26.64097542449512,27.057867614094405,27.48128736741601,27.9121466188114,28.3376727541957,28.76866479800606,29.204494675820623,29.64565435119288,30.092262105748624,30.529493450937668,30.97010082811181,31.41384102379712,31.85414154197907,32.29991819366016,32.736558899136135,33.17791238913706,33.62513433795587,34.078015187400695,34.53096194711827,34.97152325160263,35.41396184431585,35.858936441186025,36.30603966840143,36.75452544950083,37.18896780306208,37.62414363857117,38.06289045490881,38.50753523222859,38.95683141536531,39.393714139508596,39.83201408521093,40.26607085214631,40.694781691307895,41.12244858037423,0.00613539480033394,0.006065675480350495,0.0059940093647966675,0.005926169988469104,0.005862019603085868,0.0058014385245493275,0.005744211949350941,0.005688276497375926,0.005635641255037537,0.005586186459661372,0.005539812617699614,0.005496568720193848,0.0054555230803339195,0.005419651543009015,0.005372451093715024,0.005317964376631589,0.005264612472035366,0.005212095748046153,0.005160581268882277,0.005110035273456831,0.0050604381410271175,0.005011867552991529,0.004964088882266926,0.0049172223108525995,0.004871225602779229,0.004826083975972844,0.0047817478058652715,0.004737833131773903,0.0046947243435047255,0.004652379511280228,0.004610714151105582,0.004569633380263373,0.004528536459462122,0.0044881716225531896,0.004448506368801887,0.004409502537975244,0.004371049362610198,0.00433269224416132,0.004294912259593165,0.004257250968698985,0.004216012951866727,0.004175332040649443,0.004135073846605985,0.004095257024389023,0.004055838101731724,0.004016798222739306,0.003978317969497511,0.003940359873854746,0.0039027244111708094,0.0038653863187033673,0.0038283364554412566,0.00379167832679685,0.0037553183928898766,0.0037192110318162623,0.003683325616860632,0.0036476634927568013,0.0036121289526825874,0.00357653885673478,0.003541138704285736,0.003505923350519512,0.003470876810505328,0.0034357638040292786,0.0034003648591834717,0.003365124679314174,0.0033300323762777014,0.0032921163537530137,0.0032532126122611603,0.003214008652575809,0.0031749426649221157,0.003136001906289917,0.0030971912269033,0.003058333202897383,0.0030193137313904985,0.002980418974345237,0.002941640710867798,0.0029029782296887807,0.002864383081115101,0.0028258308965702756,0.0027854451338917485,0.0027431520398435035,0.0027010220934732252
TUR,Fifth,13.344736497057779,13.639637452517453,13.934505455904857,14.23405421454411,14.540961253653101,14.855788941272555,15.161794053158475,15.47394486927241,15.792821593690212,16.118690703565406,16.451867292540705,16.77394211353417,17.1031528493203,17.44061211165477,17.778650769269362,18.120092754686016,18.457553350778454,18.80248840434625,19.155480946386785,19.516742086709684,19.88708253464538,20.254513748431975,20.62939699060282,21.011701120712388,21.40155106965573,21.79859233525734,22.191007169798215,22.59045851554669,22.998218064957406,23.41606467781724,23.84461813596282,24.27100794818893,24.704555878814425,25.146199892034513,25.595576284171166,26.05220174822659,26.504208167330116,26.96325601252207,27.430722036663717,27.90597426134096,28.386666271829775,28.864807906224694,29.350430799696298,29.843206199994558,30.34301690580703,30.849920855371273,31.349453500226517,31.8538949072426,32.364740897730705,32.88366653445378,33.41176206240221,33.93376254453992,34.46262230228576,34.99773218442262,35.53965259133801,36.08854249266616,36.62665546987171,37.169454661030414,37.71659396333184,38.2510527426589,38.80218386835245,39.34285181948861,39.8898033251167,40.444226102614934,41.00591651499405,41.56963182485186,42.119557532477536,42.67268102436937,43.22961796496813,43.78994257016937,44.35284274746577,44.89974038720247,45.44850143232876,46.00222237969506,46.56354017456343,47.131100168958085,47.68438430246364,48.24023961195038,48.79316705575555,49.3420393625051,49.89081906170159,0.010238492727758331,0.010137244551447112,0.0100329930714941,0.009934141856132268,0.009840515690392269,0.009751962897454051,0.009668191117980885,0.009586193049044124,0.009508927622546853,0.009436236402177306,0.009367989662343198,0.009304275369850934,0.00924373410779201,0.009190770773129388,0.009121004598066446,0.00904036038295891,0.008961281404842,0.008883329178365387,0.00880675671252057,0.008731518414027827,0.008657590005727607,0.00858509201785297,0.008513680206709893,0.008443537010346324,0.008374604490684135,0.008306864615788927,0.00824024649958416,0.008174176114309985,0.008109235123547592,0.008045363729942353,0.007982438061592004,0.00792031727392027,0.007858094147876568,0.007796903447623817,0.007736698326248802,0.007677424598571812,0.007618916284117771,0.007560483061076523,0.00750285922458539,0.0074453464826059555,0.007382291231496252,0.0073200046436986315,0.007258282490490454,0.0071971557572013825,0.007136559784566221,0.007076466490801356,0.007017156369852785,0.006958574132345011,0.006900413374878229,0.006842636561954124,0.006785230537800328,0.006728356311074214,0.006671871291861842,0.006615704783505813,0.006559810288402785,0.006504190452477501,0.006448696181957695,0.0063930409924649306,0.006337608374034897,0.0062823908876978056,0.00622736380947767,0.0061721572717870305,0.006116424001477041,0.006060863527599849,0.006005457973691893,0.005945506571543976,0.0058838970846957234,0.005821712486254722,0.005759645425634892,0.005697675822949312,0.005635811427363246,0.005573768083544767,0.005511361240030148,0.005449047494821858,0.005386812548047249,0.0053246555154296115,0.005262497157841633,0.005200297592070636,0.005135019795402698,0.005066525405941079,0.004998156854409687
TUR,Sixth,16.1635538258038,16.529040150972495,16.89542848920455,17.267565331976407,17.648482163851106,18.038841818800737,18.418341859851747,18.8054425698728,19.200635077836143,19.604250716024534,20.016391641078783,20.41505383046143,20.82234580095535,21.23921266654048,21.658931709837717,22.084339076941202,22.50509709543603,22.935173609755672,23.3752455497863,23.82559030874252,24.287176139908563,24.74534492135296,25.212881378999693,25.689765434715355,26.176180236773725,26.671767828631346,27.16202842499586,27.66126754502192,28.17083904213617,28.692900797824084,29.228147932525275,29.760982801437933,30.3030137483416,30.855276405528613,31.417318830123264,31.98871554120568,32.554872384683534,33.130156529785545,33.715973530569045,34.311825241335896,34.91586774263087,35.51689202542433,36.127474366975164,36.747264687993145,37.37618711745643,38.014336065359615,38.64395140079847,39.28015774755855,39.924744155175524,40.579588242747825,41.24606740437239,41.90541642413829,42.573583341040106,43.25004794301084,43.93544216094868,44.62998626798745,45.311745823310126,46.000111279523246,46.69456569670749,47.35415686595719,48.05591796390504,48.745342414853795,49.443305409380855,50.151031145154555,50.868334458470564,51.59050197597471,52.29691889614847,53.008464134977295,53.72569415380019,54.44816542224446,55.17498128496167,55.88307135644903,56.59469886894613,57.31329813143153,58.04192127764671,58.77907942312909,59.49935191735385,60.22389653568956,60.94750275825723,61.669028782627784,62.39192779883095,0.01889684691107266,0.01873702947565742,0.01857219300068665,0.018415629465735214,0.01826710329880665,0.01812640835769045,0.017993114837578997,0.017862458081717488,0.017739173630971435,0.01762303661824718,0.017513866272352206,0.0174118276678327,0.01731476500282334,0.01722976526082294,0.017117677864030723,0.016987936925813053,0.01686053232924279,0.01673476257393179,0.01661104397561064,0.016489310490148425,0.01636953139776908,0.016251908472055262,0.01613589083930315,0.016021781149013155,0.01590949220653636,0.015799000914522347,0.0156901987824987,0.015582151059342682,0.015475814582448748,0.015371096129066774,0.015267798214512046,0.015165694804910444,0.0150632946625179,0.014962468181914105,0.014863143387035553,0.014765234501582522,0.014668473311732584,0.014571718832310416,0.014476188280590508,0.014380727028622324,0.014275932918001381,0.014172277586973177,0.014069425117777375,0.013967429425048916,0.013866185332467399,0.013765648730922153,0.013666291293460624,0.013568024636486707,0.01347033756367171,0.013373168852182047,0.013276496982824609,0.013180596400513632,0.013085227585908764,0.012990272673241947,0.012895653526005692,0.012801376360616627,0.012707187860850969,0.012612601079542754,0.012518267603745817,0.012424173834615514,0.012330278289875391,0.012235948959692142,0.012140589450093622,0.012045392795599318,0.01195032983698519,0.011847316447727229,0.011741289746797877,0.011634102404602433,0.011526944499292495,0.011419781399810414,0.011312623846598152,0.011204978529051713,0.011096520503204945,0.010988040337493591,0.010879511207632447,0.01077093072237466,0.010662158698695596,0.010553122051142765,0.01043848006886538,0.010317955509941076,0.01019741129188666
TUR,Seventh,18.82025498007755,19.255531353249776,19.69289568169762,20.13703306688588,20.591286079782027,21.056408163308426,21.508721901990896,21.970104020402676,22.44084949908791,22.921348860583127,23.411348602500635,23.88565686833554,24.370001838447187,24.864973204262174,25.36584828716504,25.875255349054072,26.379482622775235,26.89491292031905,27.422301534495606,27.96199240094978,28.515109214948428,29.064401460284007,29.62502737611945,30.196970913527704,30.780477874060693,31.375197534821318,31.96402706189733,32.563865737298265,33.17607339057729,33.803230220532974,34.44607681726972,35.086416566207234,35.73810949221937,36.40224850901847,37.07826099015057,37.765837731059705,38.44770584252863,39.14095155202853,39.84689493632351,40.565281124873295,41.29522481979802,42.021781179285895,42.76010550994396,43.50982715842019,44.27093034820462,45.04354611797244,45.80668044321035,46.57823880781308,47.36032646449177,48.154976722302685,48.9639105018322,49.764961992086135,50.576935873174776,51.39949366558289,52.233314010007405,53.07868397071905,53.90951039005799,54.74919937662236,55.596977310100414,56.37497988836741,57.23456915853994,58.080296184566464,58.937188969835205,59.806414382228766,60.6878183101362,61.57798680841071,62.451100161901465,63.331773865032325,64.22040728410465,65.11655484266679,66.01925858481306,66.90099400881029,67.7884691066434,68.68535994427764,69.59512685781799,70.51617341963302,71.41817557782001,72.3266650798579,73.23741215871077,74.14936280601749,75.06476711025084,0.030749165258755373,0.03053478443377212,0.030313259578059908,0.030102466454746672,0.02990214087312201,0.029712059745482283,0.029531688678353017,0.029354613226656317,0.029187278285188672,0.029029420327506,0.02888083384495642,0.02874177831673803,0.028609345896300188,0.028493245610503537,0.02833996244378228,0.028162278552006644,0.02798751947822605,0.027814734998731015,0.02764450650839292,0.027476755378317723,0.027311446628602427,0.027148874949580168,0.026988283865442282,0.026830103968813867,0.026674224270912567,0.026520621743457373,0.02636915316630281,0.026218525220319446,0.0260700750924619,0.025923683953624266,0.025779080957506716,0.025635956720341586,0.025492222878487254,0.02535050516339644,0.02521071199760253,0.025072729267699267,0.024936183961256925,0.02479946963344906,0.024664307624552663,0.02452906635289454,0.024380398177062834,0.024233133432108676,0.024086799725821565,0.02394147670207072,0.023797018330407874,0.02365336385546234,0.023511192884725068,0.023370384212727312,0.023230208484412356,0.023090579512794474,0.02295147017142136,0.022813275097123345,0.022675652511053076,0.022538435612640146,0.022401510472912233,0.022264887197039146,0.02212819972489193,0.02199073843062018,0.021853447024217702,0.02171630795758195,0.021579259463528955,0.021441377562109138,0.021301783330800666,0.021162219844075188,0.021022643666431085,0.020871155698515914,0.020714976695773695,0.020556817114413733,0.020398427145215926,0.0202397511074219,0.02008080445817286,0.0199208504269656,0.019759397603486207,0.019597616553738848,0.019435466020877656,0.0192729367189429,0.019109815866896668,0.018945989319119384,0.01877340332324348,0.01859158419325726,0.018409344892895654
TUR,Eighth,23.48883363525957,24.045870001252062,24.607055927738152,25.176840384324894,25.7590825008942,26.35469181165169,26.93407105305521,27.525070893981948,28.12768492349977,28.7424094808398,29.367926756814022,29.974211302356267,30.59299363828164,31.224304611284396,31.86665748210638,32.52235443832828,33.171937586681416,33.83599504563423,34.515421570186085,35.21067035006242,35.923150778929916,36.6309961008172,37.353604071591704,38.09096494697523,38.84343685308411,39.610698114249985,40.37104096104639,41.14592132296901,41.93661494795192,42.746597428049185,43.57658072945315,44.40390780171111,45.246256512323775,46.104963581344904,46.9791128593201,47.86875356034798,48.75181289605509,49.65021810382438,50.56498591518717,51.496424322922515,52.44511898598922,53.38951749086901,54.34949255396815,55.324630723790165,56.31504385692858,57.32091011103364,58.31565484163605,59.32199778598413,60.34259031595198,61.37959768056669,62.435505857228975,63.48242301808029,64.54378160060122,65.619790232506,66.71111317963324,67.81815469418272,68.90743839368646,70.00964504402327,71.12342102090561,72.06583789353984,73.20135636864478,74.32036960010036,75.4551279722548,76.60669863847755,77.77498921086452,78.9588179760734,80.12332998230087,81.29968243212808,82.48801324901953,83.68788990431852,84.89826120767142,86.08383560613832,87.27905249092557,88.48797088611441,89.71471175953425,90.95753118341754,92.1775831312593,93.40803919995106,94.6464020790237,95.89179941335274,97.14441113147285,0.06249905638040955,0.06216749373900995,0.061824094996721486,0.06149658676802447,0.0611846663033193,0.06088808104388625,0.06060609450074406,0.06032872862501027,0.06006613894757642,0.05981798785596273,0.05958402568812492,0.05936473242083785,0.05915557615121269,0.05897196652888017,0.058729200409109825,0.05844728000555513,0.05816946654278989,0.0578942686932004,0.05762263072844083,0.05735444784719628,0.05708968359042641,0.056828827430469735,0.05657068643193113,0.056315970425311335,0.05606451668348126,0.055816303029254874,0.05557111831509197,0.05532687833457527,0.055085763452617835,0.05484759184462352,0.05461193873273067,0.05437831278232038,0.05414330543861766,0.05391121392518057,0.05368189973738799,0.05345519406801606,0.05323049081742636,0.05300515073445551,0.05278201714841629,0.05255839735449054,0.052312165381614435,0.05206783229220049,0.05182461980027579,0.051582670234524494,0.051341743731907336,0.05110174532771181,0.05086381542449424,0.05062776419204453,0.050392373904833775,0.05015750363172879,0.049923108948775385,0.04968986051310555,0.04945718464706911,0.04922479963474712,0.04899251861905354,0.04876035332236133,0.04852768381786575,0.04829329407916616,0.04805879161127555,0.04782414383133819,0.047589242708802375,0.0473525001936525,0.047112393250809737,0.04687190866447715,0.046630969515526824,0.04636897679820319,0.04609833101815744,0.045823688859429064,0.045548075095775034,0.04527138821327113,0.04499364357288237,0.04471354438691924,0.04443021223863672,0.0441456854228309,0.043859882743656146,0.04357277986894029,0.04328398805957505,0.04299329277802234,0.04268633952552578,0.04236216664187128,0.042036412096421304
TUR,Ninth,28.30652601595861,28.998281525202557,29.69716347476029,30.406589359745603,31.13090676734862,31.871172870310676,32.5916213543112,33.326615928414434,34.07551739035914,34.83892346157313,35.61362755020772,36.36578685232139,37.13297702381822,37.91408193806197,38.714119704983744,39.53443410388005,40.34798817624592,41.17982699722839,42.03096255844519,42.901963062868056,43.79457592209141,44.68187664616207,45.58795735390152,46.51278224630622,47.45684813412582,48.41989474536582,49.375213548092724,50.34928805402691,51.34302552285201,52.361185319586426,53.40428769560194,54.445053055596375,55.50525144645525,56.586491526744595,57.68725667507254,58.80826959592743,59.92208954461533,61.05624640238397,62.21096990164512,63.38762850935742,64.58966518360639,65.78648740539732,67.0035478476548,68.24036142083148,69.49725173612516,70.7744315632658,72.03924291253449,73.31960910909308,74.61889824205608,75.9391988527862,77.28418915763446,78.62000905649073,79.97455129690847,81.34910121936707,82.74415277566756,84.1602647309772,85.55558743655321,86.96951471540858,88.39963449494296,89.46651304933609,90.93478408272672,92.3846847382545,93.85666305459375,95.35140334739918,96.86892167064174,98.41279058128295,99.93682609351825,101.47908539295821,103.03912340664014,104.61657490052238,106.21033809194259,107.77651035388423,109.35838409652514,110.96020000925357,112.586819683917,114.23641411701873,115.8605320066136,117.5011214585572,119.15972035130355,120.83598219409318,122.52567432686264,0.11359190099138254,0.11323123655057786,0.11285627878752996,0.1124973230493365,0.11215422019659223,0.11182687685154714,0.11151463487159555,0.11120655070177496,0.11091399804331553,0.11063674327338426,0.11037463996250772,0.11012834648832752,0.10989287970056878,0.10968572130887527,0.10941116872731754,0.10909140616363476,0.1087753195682746,0.10846125021174265,0.10815030028136285,0.10784238615133843,0.10753749966029762,0.10723623631941333,0.10693725263005659,0.10664139568892035,0.10634850999398494,0.1060585982693268,0.10577144427332183,0.10548461882446782,0.10520070177252763,0.1049195085027548,0.10464055919115145,0.10436329033390167,0.10408365728194781,0.10380678044200484,0.10353251881934993,0.10326069195114479,0.10299059266508065,0.10271905121321769,0.10244949975041508,0.10217869499205338,0.10187972673834769,0.10158225896275491,0.10128535426140738,0.10098919290766169,0.10069349405742675,0.10039814602275066,0.10010456566486438,0.0998125365145913,0.09952055932630696,0.09922846310231212,0.09893619409906151,0.09864459653894263,0.09835296076392201,0.0980609289100841,0.09776826955978447,0.09747499608013861,0.09718031801467257,0.09688268640966662,0.09658412597356487,0.09628458994330054,0.09598394262811663,0.09568013095678074,0.09537117126719288,0.09506088823449403,0.09474917218993283,0.09440925191508068,0.094057042089953,0.09369852609685853,0.09333761602772525,0.09297415838507761,0.09260815739668511,0.09223787483066151,0.09186210876095677,0.09148352867221292,0.09110200141614695,0.0907174720704136,0.09032939448408456,0.08993744667418985,0.08952214235294381,0.08908192689799317,0.0886378866318246
TUR,Tenth,51.07165321266626,52.405379229365735,53.76133867999888,55.137404463689336,56.539939281817,57.9706547961637,59.36462240352015,60.787242320866184,62.23475286095515,63.70822874730134,65.17869863527514,66.62312163607197,68.09398962196785,69.58451301476028,71.13292636656944,72.73529008636233,74.3287153360662,75.95860866813949,77.62652872358998,79.33328011278599,81.08288924056379,82.82132514913529,84.59797784445199,86.41238177756959,88.26575366966304,90.15847775546783,92.03827116807533,93.95686096653857,95.90932641148255,97.91390515377944,99.96590197435447,102.01932952575291,104.11041143431446,106.24719462410901,108.41946585189282,110.63730522421618,112.84293447452016,115.0956084093915,117.38484156469153,119.72335490246134,122.12494517562715,124.50720660567794,126.93097532843382,129.39462114004675,131.90036196039713,134.44765375603313,136.97725936355732,139.5396760000072,142.1425684973929,144.78211444449417,147.47586750598236,150.17114351582705,152.89974637495484,155.678455459239,158.50254047445748,161.37338625267466,164.2033964159361,167.0860436595368,170.00636854872187,169.6729945554379,172.80170936204652,175.9073986935543,179.06862991134545,182.28389829352713,185.55386071637335,188.90790327997513,192.24534942764282,195.63589533411974,199.0760032263216,202.5658323176477,206.10428759769198,209.6073157012371,213.1599018078242,216.76652653307647,220.43514825738856,224.16406881926042,227.85976842142463,231.60595602043753,235.42748983518666,239.32755455364418,243.27732807871632,0.7529063926259085,0.7542136934827905,0.7555659632034052,0.7568540716518667,0.758079453110279,0.7592433047726729,0.7603487324885199,0.7614349637422143,0.762462358052091,0.7634323943430033,0.764346202401162,0.7652020546725674,0.7660177454836473,0.7667333291099799,0.7676787888905874,0.7687757705185313,0.7698557725506695,0.7709246306884154,0.77197872623783,0.7730185104569149,0.7740441629169134,0.7750538369290544,0.7760521835046283,0.7770365020932487,0.7780074542292775,0.778965158024351,0.7799104650733311,0.7808514402935931,0.781779705082862,0.7826959843194115,0.7836019423451251,0.784499497445448,0.7854017505113449,0.7862922117673361,0.7871714382864767,0.7880401104311919,0.7889005651436984,0.7897629233373131,0.7906163159917461,0.7914710433862958,0.7924116075290387,0.7933443060057913,0.7942721266961018,0.7951945493175463,0.7961124951078169,0.797026342018836,0.7979317601337127,0.798829494839152,0.7997241909134083,0.80061639431598,0.8015062840057605,0.8023913211393722,0.8032736910370537,0.8041544760170795,0.8050343920064469,0.8059133931297927,0.8067938389255273,0.8076803210315329,0.8085667680589115,0.8094533084790112,0.8103403444251362,0.8112338826016292,0.8121396605717622,0.8130464009633255,0.8139544016612863,0.8149412369476515,0.8159601199599478,0.8169934830899571,0.8180299430541532,0.8190698889150149,0.8201132585223176,0.8211649282770588,0.8222281883999155,0.8232953854694066,0.8243668315992254,0.8254426199873955,0.8265242063799627,0.8276123987733177,0.8287608922557275,0.8299732105703898,0.8311908285047677
USA,First,11.829341539877374,11.760489355034101,11.69056435757008,11.626301873338189,11.571023132216474,11.524600311453241,11.482240967554466,11.44883308466776,11.421444340330206,11.399736820053535,11.38863392856275,11.373922647110012,11.361995061409607,11.355060090328482,11.348875424658035,11.344726310753707,11.341192287465027,11.339968492352176,11.341436577953564,11.345453483529564,11.352106950187506,11.360291446053228,11.369770123755998,11.37993770494134,11.390540514320495,11.400843998854842,11.408494954564166,11.416968025176528,11.426755910460026,11.438510577614597,11.45281270562771,11.463725720583655,11.475507741677243,11.488172601563384,11.501477263321823,11.51458221485907,11.523553539036183,11.533408904140675,11.544885149332101,11.557476272798691,11.57135887346842,11.585243087736185,11.598876947045012,11.612540333978863,11.625742760573022,11.63865315880717,11.647612392160612,11.654823973173231,11.661661112423605,11.669141551261596,11.67755039757146,11.681879587531188,11.687241569266172,11.693689852982947,11.701385655183683,11.710335931417022,11.71914381068627,11.727824429797456,11.737068896515229,11.746274683769851,11.75163939891644,11.760930539814662,11.775006524713971,11.794231015602435,11.818155128739747,11.846503958786643,11.876895399919485,11.909886404002417,11.945617286994413,11.983605642366395,12.023269180020177,12.062189163204508,12.10214828845217,12.144578607897884,12.19027295813039,12.238434240943551,12.285882846120664,12.333795804009103,12.382434835656998,12.431408855815022,12.480051265098247,0.00024843466913158083,0.000238049073183621,0.00022846547975518386,0.00021981090086438786,0.00021199139836301534,0.00020492418401343263,0.00019853787217882012,0.00019290605290124674,0.00018782759653484298,0.00018325356734265325,0.00017914174189884714,0.0001754525091037743,0.0001719985331717435,0.0001689624105075002,0.0001661006322313421,0.00016340145380343583,0.00016085462758461507,0.0001584313789364197,0.00015614299164397135,0.00015398057303904074,0.00015193635807253614,0.00015000369063086552,0.0001481908739829298,0.0001464759473465321,0.00014485210699105886,0.00014331478591052206,0.00014185916704742823,0.00014049645289605634,0.00013920607927176768,0.00013798277512570527,0.00013682250420344317,0.00013572154010825838,0.00013466747472273596,0.00013366392409934556,0.00013270787255761796,0.0001317961382229818,0.00013092584128261014,0.00013009254883270842,0.0001292959313460426,0.00012853322107751178,0.00012780301211855676,0.00012710188196198203,0.00012640849395240418,0.00012574182030810412,0.0001250990664017819,0.0001244789536843772,0.0001238786801991938,0.0001232608903701106,0.00012266097964314096,0.00012207705732638014,0.00012150857157872843,0.00012095251765680469,0.00012037365937186514,0.00011980652114645012,0.0001192483501766908,0.00011869937553201026,0.00011815690055407228,0.00011759823371899303,0.00011704454240871339,0.00011649548955241478,0.00011594921400793732,0.00011540467156473059,0.00011483920882119202,0.00011427472868288055,0.00011370983687692421,0.00011314301875862334,0.00011257398796417502,0.00011198124267836715,0.00011138542939924605,0.00011078479478026091,0.0001101798355063341,0.0001095681168868127,0.0001089243761732618,0.00010827474218997849,0.00010761789225119363,0.00010695336996828046,0.0001062792053224693,0.00010556950036348249,0.00010485081147130321,0.00010412316781176255,0.0001033864969228433
USA,Second,19.918116293544855,19.857109044914743,19.793457367554424,19.736205575390844,19.690053445609617,19.65499885725097,19.623266601572762,19.602824582592632,19.589961469467713,19.584323400840113,19.588341860513783,19.58823867323899,19.59146746139004,19.60085675071023,19.61093626745613,19.623441962817896,19.63605801051659,19.65159633922835,19.670594249519713,19.692811095495333,19.718546539322706,19.744937053717244,19.772724952402978,19.80103941253284,19.82953296217763,19.857235027589443,19.880202694890258,19.90392323686509,19.929023289239034,19.956615647826965,19.987356170664942,20.01282219824635,20.039445467267793,20.067296906470315,20.09595582320507,20.124354370451773,20.145812656205642,20.16857246672945,20.193573522790196,20.22010402174052,20.248619930914106,20.275039218862393,20.30094669535469,20.32661758220239,20.35147751937997,20.375686880847976,20.393245317451584,20.408191611925144,20.42246728986663,20.43742702396454,20.453469840965955,20.464441597331554,20.47730243229922,20.492136144476664,20.50919277200221,20.528500352872445,20.547341622309432,20.566557473140225,20.586930899513522,20.60796175047736,20.627038515005246,20.652791796962422,20.6869839245391,20.7299973788978,20.781133087715677,20.83993451677948,20.90223472604631,20.969506961267697,21.041828285433553,21.11845533229263,21.198499881620815,21.27760222439797,21.359121802420358,21.44494815801459,21.536144295876262,21.631556272630316,21.72575357980018,21.821298964627136,21.91845673118154,22.016633861484898,22.114850927184158,0.0013034746495219256,0.0012589911091781536,0.0012176024458282625,0.00117993192431542,0.0011456451010020876,0.0011144435241680576,0.0010860667059361952,0.0010608943930955751,0.0010380725078572143,0.0010174146032788957,0.0009987585715164721,0.0009819490588621998,0.0009661492052140439,0.0009522101281025357,0.000939027027411342,0.0009265527058855638,0.0009147459334133879,0.0009034785439993804,0.0008928076416410112,0.0008826965139238303,0.000873112914326953,0.0008640294673722015,0.0008554888151062445,0.0008473908929498828,0.0008397062473104853,0.0008324157238872467,0.0008254988787019192,0.0008190112523737557,0.0008128568167635884,0.0008070122583712111,0.000801459670289166,0.000796182432313566,0.000791122478731816,0.000786297936437575,0.0007816952712280623,0.0007773001113750407,0.0007730992048215828,0.0007690719528668807,0.000765217386414375,0.000761522589232762,0.0007579813716709685,0.0007545774517407264,0.0007512077135745924,0.0007479643532033352,0.0007448342647357634,0.0007418115912790523,0.0007388828945584,0.0007358659618452777,0.0007329334686401134,0.0007300765808323772,0.0007272927310550417,0.0007245673656852314,0.0007217276730840239,0.0007189429601857632,0.000716199832165909,0.0007134994436120738,0.0007108288391134124,0.0007080759450529058,0.0007053452091807045,0.0007026348267484231,0.0006999358861318994,0.0006972430155629686,0.000694444121615792,0.0006916475217739673,0.000688846302161275,0.0006860328078437415,0.0006832056593871902,0.000680257807634533,0.0006772917642776404,0.0006742986803135209,0.0006712808101059182,0.000668226123473835,0.0006650080068358984,0.0006617568613374897,0.000658465762130622,0.000655132455290784,0.000651746691183593,0.0006481780296616548,0.0006445596199564529,0.0006408913650643103,0.0006371725962254332
USA,Third,24.448202774460057,24.411337079507092,24.370325157722018,24.335011564217183,24.31083442396944,24.297911326855257,24.286825365739343,24.287047172028867,24.29480880175467,24.309793518081207,24.32979369526564,24.346930008693352,24.367204601983314,24.393331120477335,24.419781958466487,24.44848087442012,24.47674749021028,24.508002383558175,24.542829964215183,24.580890663291168,24.622735332464913,24.663898570383875,24.706213830336676,24.748662779431278,24.790860103306848,24.831760238949474,24.866604365103314,24.901888147381502,24.938279176237977,24.977305838025885,25.01950778346505,25.055812282249192,25.09329827019814,25.132100403613926,25.17162694638808,25.21078950466136,25.241384556159794,25.273449546049676,25.307940787971106,25.344047520516558,25.382553806591687,25.416839759935467,25.450478515072966,25.483595574455595,25.515674127982354,25.54678814510731,25.569671942476575,25.58950975720123,25.608507706298834,25.628112800752554,25.648788391388102,25.66498466434297,25.683644798480252,25.70483245052637,25.728856962687903,25.755759775742728,25.781882924930013,25.808921083173026,25.83746194679245,25.86737169115906,25.89886544133758,25.938637853778935,25.989092673202,26.050529211045458,26.122115999805224,26.20330001542552,26.288854922183283,26.3809244680664,26.479462400389412,26.58358705445436,26.69224377849068,26.79990974252961,26.911004766147517,27.027541828480082,27.150725938805756,27.27921309864536,27.40624971916288,27.535375033020756,27.66673844049405,27.799637594951935,27.932925387250776,0.0025044188871181892,0.0024303230399730287,0.002361045063711215,0.0022976975708040547,0.002239789628697876,0.002186877767640036,0.0021385734960465263,0.00209557422364017,0.0020564650981720316,0.0020209594995674275,0.0019888072907334057,0.0019597647352637563,0.0019324028933250552,0.0019082111992022362,0.001885285796299266,0.0018635513596846945,0.001842942148292592,0.001823239715178788,0.0018045486664226649,0.0017868091006305446,0.0017699689231783053,0.0017539839187808374,0.0017389324109783177,0.0017246419786445303,0.0017110632770427029,0.001698164986275576,0.0016859131655479504,0.001674408631379148,0.0016634832898599504,0.001653097427892595,0.0016432206272218074,0.0016338248531400697,0.0016248077480289515,0.0016162027714375692,0.001607986651423105,0.0016001346474103259,0.001592624057145252,0.0015854185570526608,0.0015785171298187946,0.0015718972313814685,0.0015655482363937099,0.0015594416323151557,0.001553392584576807,0.0015475669286064372,0.0015419413359069733,0.001536505703618855,0.0015312361575956469,0.0015258047645251057,0.0015205225537714205,0.0015153735582671317,0.0015103536807068523,0.0015054365850073305,0.0015003105842971694,0.0014952810818731502,0.0014903240844955942,0.001485441749712001,0.0014806107052290488,0.0014756282055741145,0.0014706832924416928,0.0014657725389420602,0.0014608798872643395,0.001455995593296517,0.001450916348533449,0.001445838438705807,0.0014407493169824998,0.0014356350071842024,0.0014304928677388602,0.0014251282405340956,0.001419727294209161,0.0014142736125498773,0.0014087716291901868,0.0014031989383341869,0.0013973243576712877,0.0013913854153937769,0.0013853695338987325,0.0013792720997349453,0.0013730745768754553,0.0013665374230993274,0.0013599040296933004,0.0013531740849716252,0.0013463460127760517
USA,Fourth,30.7285138061743,30.720949614289765,30.707547377665307,30.699243359500546,30.702389314955674,30.717241771010322,30.732101848213457,30.758576755884434,30.792754270736513,30.834357263326098,30.86936521260811,30.907412506561776,30.948239028636774,30.99453434231395,31.04064441627728,31.08863758190093,31.135591079619434,31.18557903299635,31.239259583178843,31.29605887349168,31.35707187567449,31.4146397673189,31.47302592358296,31.53089858671622,31.587826031463656,31.642741569062593,31.689970196858322,31.737193310115025,31.784979311401038,31.835681015146392,31.8893983750932,31.937507216075332,31.986806122957613,32.037592402609896,32.088906444225685,32.13979442827399,32.18012998952677,32.22222689752574,32.26690329569078,32.31322457809312,32.362713722703155,32.403773226450625,32.44406138575125,32.483364243554774,32.52140819132747,32.557999869782094,32.58433182189283,32.606989566218516,32.6286820731649,32.650817075222115,32.67394029682873,32.695499865321516,32.72024098882454,32.74836581768642,32.78025986947368,32.815984588486714,32.850317976613795,32.88655892555597,32.92474457759692,32.96576428458332,33.01730325619629,33.07923013058066,33.154816273856454,33.244250528317146,33.346527611923634,33.46096944836535,33.580916533889145,33.70943450268376,33.84631644062673,33.99050210643842,34.14071713322648,34.28985715989164,34.443770659703794,34.6046210570579,34.773781054920036,34.94966714168645,35.12373380079469,35.3008567758588,35.48104009651536,35.66343839629118,35.846690050510425,0.005192744407546334,0.0050580443155764775,0.004931601950304435,0.00481554785932347,0.004709083979189462,0.004611483938099398,0.004522108174093861,0.0044423224804589455,0.0043695661036520575,0.004303354959661022,0.0042432644145519085,0.004188875572117802,0.004137536765703958,0.0040920663322860295,0.00404890603991916,0.004007924510658394,0.003969006399857299,0.003931747294072589,0.003896352291834845,0.0038627147360947166,0.003830741998104855,0.0038003558845315583,0.0037717118568851037,0.0037444858785317782,0.003718588453572792,0.003693964223108149,0.003670551548856996,0.003648546663330547,0.003627631549953106,0.00360773250869394,0.003588793797115169,0.003570763942366571,0.0035534480089236026,0.0035369115384513393,0.0035211120166438905,0.003506002975884504,0.00349154170863848,0.00347765965383273,0.003464355727092144,0.003451587455503752,0.0034393352643903893,0.0034275446430808965,0.00341585923556441,0.003404599830005137,0.0033937221887971134,0.003383206665607182,0.0033730078817722497,0.0033624913343739565,0.0033522588229993495,0.00334228007266597,0.0033325470857135304,0.003323009465936017,0.00331306261259793,0.003303298567793788,0.0032936710516293334,0.0032841846874069043,0.003274793925932622,0.0032651046019316434,0.0032554843417981188,0.0032459261159307477,0.003236399378535654,0.0032268848079362485,0.0032169860145545015,0.003207085433098528,0.0031971581625874703,0.0031871777353082685,0.003177138098300143,0.0031666591563072597,0.0031561041087687027,0.003145440980701344,0.003134677935364837,0.003123771126399458,0.0031122673292181178,0.0031006313725540154,0.003088838138738733,0.003076878465594705,0.0030647151660336013,0.0030518778493072466,0.0030388435808972915,0.0030256113851430746,0.0030121776620731355
USA,Fifth,36.32096466251876,36.35251404662455,36.376367810431624,36.40410721649856,36.4428706479204,36.49306269571489,36.54095815377209,36.59990497509814,36.666110783232796,36.73935667903725,36.78809887786295,36.84972974516523,36.91332310816897,36.981249613490235,37.04821377455166,37.1162948416378,37.18270344910624,37.25193270821136,37.324680071834194,37.40004214747176,37.479882819486896,37.552356841505464,37.62508897794358,37.69637317300472,37.76574775998536,37.832225361256796,37.88957211295912,37.946265414277136,38.002639856057996,38.062158734032344,38.1241640309235,38.18217973784925,38.24125209861994,38.301914223555364,38.36269074447958,38.4229646267721,38.47107536799644,38.521200845886895,38.57382911530351,38.62792879617731,38.686088584395094,38.73019766134158,38.773492097666214,38.81520753758284,38.85550944226591,38.893772182313505,38.920020749515196,38.9420165808429,38.96302424513227,38.984207986309976,39.006193355762036,39.03204265152762,39.061720945914765,39.09566904714204,39.13434470393301,39.177829049922174,39.219104855942305,39.263590634172154,39.31037031326825,39.361971524581,39.437725805918944,39.5257188380628,39.63008461231344,39.75084502631824,39.886853571714084,40.03732486451827,40.19431108314894,40.361795661004784,40.53936563645761,40.72581131576516,40.91966651015785,41.11239279847769,41.31122510520095,41.518362120540665,41.7353230442367,41.9603196494755,42.183187000755275,42.41012153108492,42.64090899294302,42.87457977016703,43.10958755062679,0.008854577488136256,0.008654019191827619,0.008465068595540574,0.008291041018623505,0.008130876295808357,0.007983601372603056,0.007848354477696837,0.007727305396221352,0.007616658026783079,0.007515742568172475,0.007423969546216266,0.007340750065678324,0.00726206078112004,0.007192254241048382,0.007125895358927716,0.007062796285173233,0.007002792577755404,0.006945271341819937,0.006890558345796244,0.006838499368416231,0.006788959664631063,0.006741826344781082,0.006697347599359652,0.006655028558248235,0.0066147360745992,0.006576388760836773,0.0065398962204402025,0.006505569049375372,0.006472915713277291,0.006441825138277123,0.006412213579676024,0.006384002873102216,0.006356891761291972,0.006330984307138747,0.006306215880291292,0.006282515861619935,0.006259818914722357,0.006238019355848244,0.0062171164750455,0.006197045335002424,0.006177775914008159,0.006159223502785402,0.006140828345966426,0.006123095834444341,0.006105956684179935,0.0060893817504938195,0.006073299085591778,0.006056708224673543,0.00604055915214078,0.006024803978147928,0.006009430986311806,0.005994360901096845,0.0059786372508342026,0.005963197165365228,0.005947966408680237,0.005932953594412321,0.00591808615441989,0.005902740271902757,0.005887497173126835,0.005872346979252511,0.005857240461134427,0.005842147281950979,0.005826438450880918,0.005810720012040109,0.00579495325321811,0.005779094843480039,0.0057631362164651334,0.005746471692958402,0.005729678857193546,0.0057127066319152915,0.0056955673065155026,0.005678191107953897,0.005659855061605239,0.005641299055941283,0.005622483025806617,0.005603391579768092,0.005583965231809656,0.0055634509736103965,0.005542610215401842,0.005521440855138672,0.005499936461722411
USA,Sixth,44.29350401686503,44.38018141730805,44.45673865926948,44.53559788169177,44.624934218544354,44.72534466532322,44.82021670392241,44.92538724450626,45.037234396128994,45.15561784324006,45.209754802070805,45.301364789359305,45.39329763951324,45.4875629476964,45.57950744558477,45.670977706493716,45.760107249493586,45.85153207027424,45.94601925482011,46.041924029213426,46.14277155010297,46.228062768225385,46.31266878092495,46.3940692532726,46.47176997199868,46.545094919239915,46.60759701656873,46.66835389538641,46.72699529970295,46.789312628799095,46.85281283515645,46.9177277279277,46.98337234397903,47.05082505820566,47.117488110319314,47.18365142087492,47.235957391229945,47.29075250753454,47.34763823071218,47.405459908845536,47.46915118105175,47.50722188558932,47.544582395998304,47.57927527227677,47.61253659401996,47.64271366965329,47.6586966096438,47.66947820464391,47.67950580185202,47.689168321847774,47.699210643298,47.72672935969853,47.75883583994217,47.796712048082064,47.84092195443391,47.89156921249461,47.93832312878651,47.99084204614608,48.04602486031849,48.11019606855123,48.22938000345446,48.36321677472857,48.517059251287804,48.69068197537168,48.882754450033005,49.09235798834752,49.30977328019446,49.54029014041341,49.78319251421796,50.03707552160028,50.300218398209516,50.56209702285678,50.831890721712554,51.11180576153385,51.40355260804712,51.705071998766655,52.00395664099703,52.308276498516065,52.61748978878699,52.93045927688705,53.24539287108545,0.01668832887549545,0.01636374140521172,0.016056824892658295,0.015773169933395344,0.015511265370454724,0.0152697090681249,0.015047254885272383,0.01484763587147926,0.01466473626981972,0.014497556500709349,0.01434521554095665,0.014206816759005585,0.014075725196216709,0.013959244927940971,0.013848352867091155,0.013742759125167483,0.013642209275249211,0.013545692296657641,0.013453772962193682,0.013366206207228221,0.013282781290126321,0.013203320740830918,0.01312825693085627,0.013056766102030208,0.012988633564420825,0.012923730721352217,0.012861912573195399,0.012803714197142338,0.012748310315486667,0.01269551723687325,0.012645199588172944,0.012597229367445662,0.012551097746367262,0.012506986093645566,0.012464788268654079,0.012424386616369189,0.012385673567339418,0.012348470105488682,0.012312778802830857,0.012278490264031333,0.012245555370335814,0.012213831522095788,0.01218236163346838,0.012152011768647445,0.012122664854531739,0.01209427180801367,0.01206671097620395,0.012038268085261091,0.012010570479445164,0.01198353811717457,0.011957150711166561,0.011931273238057167,0.011904263860075827,0.011877730069564763,0.011851546567024675,0.011825726690063473,0.01180014784893167,0.011773735619572774,0.011747490102471697,0.01172139371263511,0.011695362906072366,0.011669344699554973,0.011642254583469692,0.011615136944416227,0.011587924387513876,0.011560542734715093,0.011532976280192354,0.011504178340590017,0.011475145621742027,0.011445790027484063,0.011416131955903215,0.011386050343667612,0.011354291879096954,0.01132213628658936,0.011289514396241901,0.011256397861601597,0.011222682626037397,0.011187061046803271,0.011150851950664951,0.011114050628623862,0.011076645405407733
USA,Seventh,51.93448814956807,52.09373285484167,52.24003033947548,52.38613342385845,52.54118010240054,52.705980634223806,52.861152142421666,53.024650214684996,53.19338542455524,53.36732272196548,53.41730082701495,53.542662639004035,53.66563403659016,53.78746404051772,53.90492373170414,54.01929968480915,54.130691707768385,54.24330442938429,54.35794077448061,54.47185520954986,54.59102725488106,54.682575363305666,54.77197559921058,54.855554843655874,54.932807881049925,55.003648245217285,55.06227297346447,55.11754949455235,55.16793571657631,55.2226392917081,55.27626342709195,55.34097152148779,55.405750528758595,55.47250658085072,55.53696466642851,55.60093951004414,55.65010518126292,55.702284906555924,55.75559404588499,55.80878098325641,55.87032795155998,55.88946511184079,55.90820887602997,55.92274891800092,55.93604133762948,55.94481678296159,55.93760554878198,55.92409250280753,55.91038249910719,55.89547389488385,55.88024904273071,55.904664371212334,55.93425340900149,55.97142503365525,56.01685671247651,56.07067527057204,56.11812984989466,56.17498031127466,56.234652963874716,56.3094315324029,56.48691702076729,56.681179507697536,56.898850696190415,57.13937552710098,57.401273291792684,57.68352212339177,57.97473426431855,58.28156825351477,58.60292316910994,58.937227909355045,59.28253001532628,59.626419063806495,59.980077449604565,60.34557578814632,60.72481063785607,61.115479875969605,61.503028796454785,61.897491440713544,62.29786979224202,62.70287264918099,63.11047988789889,0.0277508752533443,0.027303450694924167,0.02687870646727833,0.026484680649110998,0.026119589022009417,0.02578175777794719,0.025469690579631606,0.025188869385627193,0.024930907115570885,0.024694555722234814,0.02447871127828027,0.02428222766018596,0.02409576865689178,0.023929806210249458,0.023771553339393015,0.023620629605135113,0.02347670402416581,0.023338355861353875,0.023206419216391393,0.02308056750748999,0.022960518478145148,0.022846038413289554,0.02273777059662073,0.022634544408316727,0.02253606458014047,0.02244216122567542,0.02235263628452038,0.02226827813746462,0.022187900644882005,0.022111250079432068,0.02203813491327415,0.021968379643529542,0.021901249616174387,0.02183701540944385,0.021775526552618926,0.021716618210432883,0.0216601375994607,0.0216058278408931,0.021553696197631603,0.021503585116161204,0.021455428416671113,0.021409018530099487,0.021362958109905295,0.021318515330934068,0.021275521678168784,0.02123390567769301,0.02119349205360256,0.02115176624495474,0.02111111658710321,0.02107142576503807,0.02103266559698364,0.020994638958164977,0.020954931430084863,0.020915906543436433,0.020877381662842427,0.02083937596960791,0.02080170870128179,0.020762798061821772,0.020724117274530152,0.020685640628130105,0.02064724366501458,0.020608849275260546,0.020568855831098232,0.020528804925449392,0.020488595279972086,0.020448118471562044,0.02040734956804623,0.020364740299640083,0.02032176352929243,0.020278287196969988,0.020234342049724567,0.020189748114197534,0.020142643966499302,0.020094925814201466,0.02004648908942721,0.019997291834050423,0.019947176824139122,0.019894197927389355,0.019840312492369814,0.019785512709897785,0.01972977914096464
USA,Eighth,65.3277655481281,65.60992178708543,65.87465824057794,66.13524666394808,66.40237436486586,66.67718641948548,66.93544110294107,67.19886288592977,67.46523244692169,67.73468579152507,67.71495337129527,67.88186765267454,68.03953053077612,68.18830831400145,68.32788919149465,68.45757376655462,68.58412018837501,68.70902815973696,68.83322254198265,68.9508499242466,69.07467435850454,69.13833690455478,69.19657632219882,69.2424456214259,69.27544998201373,69.2973617217234,69.30612447066758,69.30793439157748,69.29757917245134,69.29362780864142,69.2822660030013,69.31270067097549,69.34142272412825,69.37271945192799,69.39762228101817,69.42248800107717,69.43349737254252,69.44894684565534,69.46251053795966,69.47281306281968,69.49828821822601,69.43603782811067,69.37465014956486,69.30524826803881,69.23577822913413,69.1583031249736,69.06306351884871,68.95884656765787,68.85658575103847,68.75094848124644,68.64311437727939,68.6403649874979,68.64296925493515,68.65739829327869,68.68452088995208,68.72450518160755,68.75140858331775,68.79712745156145,68.84528281202714,68.92527693938027,69.24353037979623,69.58132493857435,69.94740001011427,70.34065029691754,70.75940943696315,71.20253627435496,71.65604695029899,72.12884425922661,72.61917453376394,73.12523408302597,73.64471843434116,74.1622183898055,74.69220440057812,75.23646092557811,75.79719773372122,76.37173202382242,76.94203806910525,77.52140310069689,78.1080261665263,78.70036888936534,79.29604742260913,0.05779242733422392,0.05707686385286134,0.05639428360631397,0.055758162725385974,0.05516623010567147,0.054616304740471217,0.054106429217849604,0.053646037750538965,0.05322180011500498,0.05283198292063946,0.05247504464566408,0.05214933367111085,0.051839540003749,0.05156322156969188,0.05129923050137507,0.05104699853654899,0.05080603490127297,0.050574016865922944,0.050352386552743114,0.05014064632153611,0.049938367697616455,0.049745194854849024,0.04956225415589548,0.049387606935144636,0.04922078206581541,0.04906151946096394,0.0489095117577616,0.0487661192853808,0.04862935524423069,0.04849880328277375,0.04837415833006859,0.04825513329773448,0.0481404881370326,0.048030698574239965,0.047925517844683165,0.04782467506552718,0.04772791679834047,0.047634812933755405,0.04754538188281115,0.04745936280858981,0.047376643810731256,0.04729688060113056,0.04721766910869858,0.04714119547683736,0.04706717303064813,0.046995485657808964,0.04692583246115228,0.046853878554258106,0.046783743762048136,0.04671522794251679,0.04664828467320635,0.0465825750064382,0.04651392698836018,0.04644642636374451,0.046379753913778084,0.04631394872755746,0.04624869829670194,0.04618125950177587,0.046114185651652574,0.046047431659835276,0.0459807828381193,0.04591410511397082,0.04584461398973298,0.04577498610062137,0.045705046286134046,0.045634604926688464,0.04556361673986735,0.0454893839887742,0.04541446788637222,0.04533863815525116,0.04526194593836935,0.045184075656396254,0.045101772246588845,0.04501834331194645,0.04493360394041687,0.044847477947048034,0.04475968752141468,0.04466681436841481,0.044572286519215784,0.04447608412691374,0.04437816886480409
USA,Ninth,79.50798953805837,79.97614075197171,80.42087104438201,80.8546773661791,81.28982006014633,81.72784635629476,82.13932025566946,82.54913695025624,82.95702736419776,83.36336869504507,83.18498719425942,83.39448860059113,83.58177882295091,83.74540103807624,83.89090718354744,84.01357018234908,84.13356393207106,84.2459532003304,84.35177468951619,84.43951959485454,84.53420963873972,84.50990081152071,84.47391830846115,84.4134313957011,84.32803259730515,84.22314731516343,84.10596042733599,83.97520480148748,83.81862740052127,83.6718522015519,83.50525579413772,83.44077031054478,83.37080623908341,83.30409652596259,83.2230155730767,83.14265773085208,83.05409513127265,82.97212839200608,82.88188407063251,82.78193342349952,82.70924724640726,82.46638289171376,82.22690272317462,81.97250683128814,81.72065853355215,81.45456784787413,81.17100861407701,80.8738626244836,80.58308799574942,80.2847800569781,79.98058078610083,79.90766463299286,79.83870331187349,79.78831830841324,79.75762195661301,79.74682969443073,79.71052138831895,79.70977035903816,79.70960215363684,79.77207753270704,80.32970552050331,80.90836076904806,81.5190541803347,82.15999049293123,82.82944671622381,83.52628660562237,84.23422780186874,84.96456095747806,85.71469205484047,86.48267570426448,87.26590890188328,88.04621336602021,88.84159680528775,89.65324976127106,90.48376470141272,91.33011119467156,92.17089086631793,93.02299188075042,93.8834270460808,94.75042847638701,95.62126108002634,0.1083447792329157,0.10752271225671546,0.10673244649084589,0.1059905761685752,0.10529553604224481,0.10464573400989954,0.10403971350123334,0.10348956450817973,0.10298013239545364,0.10250991992466627,0.10207758201451503,0.10168157458625691,0.10130358959053606,0.10096535206067135,0.10064123239755754,0.10033066289781857,0.10003315384224415,0.0997459335737798,0.09947088156659906,0.09920746901243621,0.09895524453793456,0.09871384467632585,0.09848474911946628,0.0982656029385854,0.09805587245419485,0.09785528654446385,0.09766350159903167,0.09748228863344649,0.09730918001588285,0.09714368870796182,0.09698545621166876,0.09683415399311732,0.09668822686813028,0.09654830343179406,0.09641409387260762,0.09628526988118428,0.0961615254118611,0.0960423273520275,0.09592771504643229,0.09581736612652933,0.09571115128498262,0.09560863579698935,0.09550673832325067,0.09540827705258059,0.09531289097511454,0.095220436720799,0.09513053566669731,0.09503759179125691,0.09494692156022237,0.09485827666208899,0.09477159999738878,0.09468645792506002,0.09459743981630259,0.09450984146653153,0.09442325397237068,0.09433772671079621,0.09425285893431744,0.0941650778504268,0.0940777052841423,0.09399068278840059,0.09390373164605491,0.09381667842204597,0.09372588243020796,0.09363483344398837,0.09354330498332117,0.09345104624852991,0.09335799775091938,0.09326061354282675,0.09316225149184065,0.09306260307600414,0.09296173498783478,0.09285922510310617,0.09275078165102556,0.09264075292937761,0.09252888540865199,0.09241507763221432,0.09229895573675029,0.09217598378124435,0.09205068564817102,0.0919230273492252,0.09179295380254078
USA,Tenth,146.7579078308235,148.15761431869527,149.50851173578081,150.81690862017217,152.1011851416243,153.36440705719423,154.55224030775395,155.70353804875435,156.82828533447628,157.92786485031965,154.34833104030426,154.06155763152526,153.58283547718943,152.91645358629404,152.11862962080488,151.12095981497671,150.15431156424128,149.09562990912434,147.94917470576155,146.6215707910454,145.31192089533795,143.05850269796156,140.71529663212544,138.18204801344032,135.45974163722127,132.60962280897155,129.8079681339322,126.91125806155631,123.79689120733391,120.74593693016106,117.49377674053812,115.28806549481342,113.02167141758581,110.77035561263907,108.38938521665114,106.02600602199551,103.80208739409747,101.61549019557043,99.3215469928397,96.91986872304783,94.72136551478012,91.17000752286235,87.66094049206679,84.04233228187042,80.4748819422652,76.80836800240479,73.18575559374759,69.47797826503913,65.8505764579634,62.155261301900595,58.39927571318617,56.8095197196362,55.16725264987326,53.62753782759387,52.19256375816937,50.862957050956254,49.32479402151577,48.04987740030194,46.72964008288446,45.92195233232479,49.48408069331671,53.03313176555247,56.58003094175771,60.12546922403928,63.67046886207578,67.2166920323962,70.75268079049795,74.28882424217062,77.82298841632579,81.35464256570532,84.8819440672161,88.38870614042301,91.89538947712421,95.40375720309115,98.91897749549554,102.43753608617251,105.93510494676804,109.43246323950208,112.92391502298219,116.4074237227124,119.87941566632531,0.7713199392025663,0.7740938050605485,0.7767339550077639,0.7791893812496017,0.7814699930565588,0.7835851636170332,0.7855432710900608,0.7873088899378575,0.7889338347711516,0.7904252597337277,0.791789504955667,0.7930332553824149,0.7942152283740717,0.7952686709202996,0.7962744160397944,0.7972347235201246,0.7981515562701647,0.7990338331282787,0.7998761297647341,0.8006804106592051,0.8014483681378638,0.8021814020086081,0.802875297640849,0.8035374563602021,0.8041697011759121,0.8047730535675264,0.8053487188048964,0.8058915676972109,0.8064091603303921,0.8069030905845985,0.80737454077831,0.8078246080571423,0.8082580001605965,0.808672936013312,0.8090703557692923,0.8094513004919737,0.8098167368963881,0.8101682996994021,0.8105059254205773,0.8108306098524903,0.8111427773186973,0.8114437444378007,0.8117425764510424,0.8120310316044332,0.8123101959215152,0.8125805154710021,0.8128431241426266,0.8131143641484812,0.8133787126339863,0.8136369202659418,0.8138891659658888,0.8141367280368974,0.8143953261249913,0.8146495692603584,0.8149006541568363,0.8151484430512996,0.8153941096935181,0.8156479817082224,0.8159004471282472,0.8161516752605728,0.8164024741176646,0.8166533471188563,0.8169147690210853,0.8171766724512234,0.8174397121912326,0.8177046042059296,0.8179715128311192,0.8182505856880563,0.8185321840169044,0.8188171768440303,0.8191053675514853,0.8193979453695842,0.8197071311252855,0.8200204942104686,0.8203387328124361,0.8206621267547287,0.8209917164204337,0.8213403291001061,0.8216950951321583,0.82205608432721,0.8224234335565629
