"region_tiam","total_E_gtco2"
"AFR",63.7152418066627
"CHI",368.024642769274
"CSA",39.7189504748012
"EEU",21.2193768603932
"IND",152.2294098006
"JPN",25.9496082184031
"MEX",16.1027616448469
"ODA",118.423858761874
"SKO",20.7760756199828
"WEU",75.6761821472602
