country,quantile,conso_2020,conso_2021,conso_2022,conso_2023,conso_2024,conso_2025,conso_2026,conso_2027,conso_2028,conso_2029,conso_2030,conso_2031,conso_2032,conso_2033,conso_2034,conso_2035,conso_2036,conso_2037,conso_2038,conso_2039,conso_2040,conso_2041,conso_2042,conso_2043,conso_2044,conso_2045,conso_2046,conso_2047,conso_2048,conso_2049,conso_2050,conso_2051,conso_2052,conso_2053,conso_2054,conso_2055,conso_2056,conso_2057,conso_2058,conso_2059,conso_2060,conso_2061,conso_2062,conso_2063,conso_2064,conso_2065,conso_2066,conso_2067,conso_2068,conso_2069,conso_2070,conso_2071,conso_2072,conso_2073,conso_2074,conso_2075,conso_2076,conso_2077,conso_2078,conso_2079,conso_2080,conso_2081,conso_2082,conso_2083,conso_2084,conso_2085,conso_2086,conso_2087,conso_2088,conso_2089,conso_2090,conso_2091,conso_2092,conso_2093,conso_2094,conso_2095,conso_2096,conso_2097,conso_2098,conso_2099,conso_2100,tax_2020,tax_2021,tax_2022,tax_2023,tax_2024,tax_2025,tax_2026,tax_2027,tax_2028,tax_2029,tax_2030,tax_2031,tax_2032,tax_2033,tax_2034,tax_2035,tax_2036,tax_2037,tax_2038,tax_2039,tax_2040,tax_2041,tax_2042,tax_2043,tax_2044,tax_2045,tax_2046,tax_2047,tax_2048,tax_2049,tax_2050,tax_2051,tax_2052,tax_2053,tax_2054,tax_2055,tax_2056,tax_2057,tax_2058,tax_2059,tax_2060,tax_2061,tax_2062,tax_2063,tax_2064,tax_2065,tax_2066,tax_2067,tax_2068,tax_2069,tax_2070,tax_2071,tax_2072,tax_2073,tax_2074,tax_2075,tax_2076,tax_2077,tax_2078,tax_2079,tax_2080,tax_2081,tax_2082,tax_2083,tax_2084,tax_2085,tax_2086,tax_2087,tax_2088,tax_2089,tax_2090,tax_2091,tax_2092,tax_2093,tax_2094,tax_2095,tax_2096,tax_2097,tax_2098,tax_2099,tax_2100
BRA,First,1.0304582617336955,1.0343487280245365,1.0365181506967764,1.0390108316323796,1.042878095447477,1.0481910689554694,1.054287028135772,1.0607055376814918,1.067998564356134,1.0761467682006303,1.1257849643800752,1.1400691648447876,1.1545969423127533,1.1704792259247019,1.186310457752572,1.2027015079711565,1.2187416743560229,1.235032645907223,1.2521190141919216,1.2700987950020515,1.2888694646598196,1.3086986427747263,1.3284745887533156,1.34854837509855,1.368850039237423,1.3891100687653384,1.4086627175464497,1.4281432627026704,1.4482361081490525,1.4693677891405796,1.4917261430488313,1.5149173372009237,1.5383036077401755,1.562279536830439,1.586625345960433,1.611072452782612,1.6349251210267808,1.6589508862649112,1.6837337597882858,1.7090582132548424,1.7353873394815822,1.761487311410735,1.7878382306450091,1.8144883785369368,1.8413891932903756,1.868388233173823,1.8945040461059501,1.9198618053232241,1.9454582919290726,1.9716821919499787,1.9987844951691032,2.0280148130293143,2.057281969733649,2.0869530780779075,2.117154434083578,2.14786780773321,2.1777165343657625,2.2073958812549415,2.2367641571373524,2.2665472224140744,2.3022918496585367,2.33772933885763,2.3734922401409677,2.410211418669938,2.4477638613712482,2.486165697457964,2.524176379011113,2.5618620124626093,2.5996167524639633,2.6372459434842335,2.674425064673916,2.7100330936133417,2.7451032563902142,2.780979656560494,2.8185468519654964,2.8572582970453078,2.8952035749685296,2.932998650904561,2.970988886988262,3.008926758159359,3.046218005052185,0.006957127589196116,0.006990622891237838,0.007018963454392485,0.007049762237453626,0.007084692228417384,0.007124101740186805,0.007165556881450773,0.007205910950155373,0.007250480785328184,0.0072994159816155545,0.007350222239988474,0.007405602275710689,0.007461507755644723,0.007527727966187703,0.007596387278757836,0.0076680222150332725,0.007740479651276175,0.007813085082999873,0.00788911909428482,0.00796848280980948,0.008051488488314102,0.00813497608916948,0.00821899720083852,0.008305773265752834,0.008395188375477898,0.008486992585844321,0.008578578869472242,0.008670466803115848,0.008765223363254563,0.008863501825555776,0.008965361936398554,0.009067936649664708,0.009170712217134197,0.009275943417996467,0.009383297633639579,0.009492471176583405,0.009600754852682305,0.00970909543159814,0.009819757967087294,0.009932474583744804,0.010047738092758775,0.01016257506589735,0.010277635456273117,0.010394412922602824,0.010512768327116796,0.010632575776438401,0.010750908150933672,0.010868147065056118,0.01098673615879834,0.011107150739587648,0.011229676905584181,0.011352055436134703,0.01147340862976939,0.01159594208386693,0.011719735103993486,0.011844781787167271,0.0119676385994016,0.012088950654952484,0.012210640345365146,0.012332927536279657,0.012457611499080366,0.012579828066328834,0.012701054616629839,0.012823507082052077,0.012947047396553338,0.013071675292385232,0.013193409545805428,0.013313488421494248,0.01343383370531329,0.013554243088815813,0.013674438873019943,0.013790208105514842,0.013904129706780502,0.014018880450039545,0.01413525910795228,0.01425278479315994,0.014366443608477702,0.014478763403598664,0.014525259529649932,0.014517392881406618,0.014509515330503599
BRA,Second,2.1853187858607472,2.197524197253125,2.207187595336964,2.2175654872893285,2.2303070079327187,2.245551048744757,2.2620051197555218,2.279162808657876,2.297988657375839,2.318476256559328,2.3432353059126663,2.366505346678538,2.3906137058360666,2.417662395069419,2.445500279336365,2.474778481957968,2.504627151845147,2.5355803259067415,2.5685368746063357,2.6034296493747004,2.6405472618840813,2.678283622432285,2.7169623918215504,2.756993269733905,2.798286394591284,2.8405005211905627,2.882415808507099,2.9250651549576516,2.9694912314674298,3.0165072736929397,3.0662921711375617,3.1170331443718275,3.1686477407972014,3.221816735240593,3.276205959441415,3.3314155006594897,3.3859814970540736,3.441365664870733,3.498568280393546,3.5572879839443172,3.618149826143842,3.6795812431744843,3.742134700525639,3.8060306258261027,3.8711168261287354,3.9372819587594416,4.00249471950189,4.067397330556391,4.133458013370086,4.201452684600237,4.271811238173579,4.343320414013823,4.415552820305534,4.48896930962286,4.563770297494103,4.639935641117243,4.7152536786345385,4.790549113056043,4.86615291345623,4.942266210935841,5.020609327819992,5.098147541582108,5.17641555834859,5.256465979949833,5.338119189315092,5.421407854803699,5.50365622096822,5.585617214538518,5.667973356482596,5.750426742070779,5.832478975201524,5.911539944518948,5.989950417802995,6.069866990241002,6.152673178470092,6.237536115843608,6.320583334819192,6.403587405417779,6.487122104273616,6.570813828835416,6.653767349230398,0.01563701619954315,0.015691550391860137,0.015736970600237567,0.015786616831947556,0.015843299531498864,0.01590759096997369,0.015975360530236748,0.016040920180992718,0.016113622990888615,0.01619369235961214,0.016276948525970225,0.016367843064964506,0.016459300912661904,0.01656832380103727,0.016681171760540396,0.016798696701587727,0.016917313831914273,0.017035673667706853,0.017159385611046594,0.017288243668307324,0.017422711169073745,0.01755762131413378,0.017692866891892242,0.017832214116118066,0.017975440207233583,0.01812210704686753,0.01826802588230813,0.018413855799117498,0.018563844072589448,0.01871897958403637,0.01887930736112625,0.019040271603007555,0.01920090372358137,0.01936488934085051,0.019531679647329298,0.0197007748781033,0.019867967633904575,0.020034587084098377,0.020204263447829985,0.020376555530340002,0.020552185348900822,0.020726611674683343,0.020900695661185735,0.021076830245456743,0.0212547801143961,0.02143434372878258,0.021611135795728303,0.021785618415329208,0.021961571688793424,0.022139681110392384,0.022320345996474374,0.022500205310357707,0.02267782526147187,0.022856625306484593,0.023036703775715303,0.023218041927604433,0.023395641382790038,0.02357030640749657,0.023744999777182953,0.02392002928297746,0.02409795737673182,0.024271832444406883,0.02444364390455484,0.024616693271039235,0.024790777996219576,0.024965881378792472,0.025136408254003564,0.025303997211351098,0.02547149455154414,0.025638617156691565,0.025804985771432656,0.02596475619884206,0.026121426364157617,0.02627883485994102,0.026438069550900195,0.02659845696521061,0.026753122697974297,0.026905457824501974,0.026968072866720823,0.02695681587217772,0.02694554034219109
BRA,Third,3.0651404960492483,3.0847513231432475,3.101445196945149,3.1191292399459294,3.1398252329684917,3.1637177968142884,3.1890518909774315,3.2154622707392777,3.244074275953829,3.2748926490932746,3.295683701759314,3.3282292412463126,3.3620767244254752,3.3997349767157523,3.438714975081896,3.4797412370520657,3.5217608033563046,3.565504674750013,3.612038276608442,3.6612280920608313,3.7135503823599807,3.766362735183729,3.8207806489786704,3.8772308976923013,3.935612466890923,3.995533446925974,4.055295675400109,4.116361305677968,4.179958550827518,4.24712965926388,4.318063352916708,4.390103928386917,4.463550859995974,4.5392168689827885,4.616695647361034,4.695508711771067,4.773602707676187,4.8530206019088915,4.934967807576422,5.019089076908562,5.106134630402323,5.194055300322722,5.28370657754637,5.3753574309537155,5.4688109674036,5.56396034325166,5.6580142491153715,5.752071211722834,5.847870874252709,5.9464044213508895,6.048211203297611,6.150881334007319,6.25478102491958,6.3603976432779445,6.467982645891795,6.577516532001298,6.686039905525274,6.794778690012333,6.90421298937921,7.014376969989368,7.125770355021687,7.23595683601493,7.347264527889181,7.460949313228308,7.576800345383239,7.694864996443327,7.811367446480159,7.927748935370501,8.044810197251163,8.16219202671371,8.279288295158235,8.39237083911073,8.504871444491656,8.619391551015799,8.737629364704862,8.85857913824619,8.976907868946297,9.095399472026545,9.21470235190484,9.334367162571672,9.453322830601058,0.02257823401801242,0.02264606243787033,0.022702817793813414,0.022764662925305254,0.022835025245726493,0.022914586456006948,0.022998276418035115,0.023079308968928278,0.023168917082477813,0.023267350992086575,0.023369484612355593,0.02348074006588229,0.0235926161733464,0.02372543001843701,0.02386269479153252,0.024005430145918563,0.024149280958730243,0.024292715168074942,0.024442399010658995,0.024598059552502008,0.024760233042290233,0.024922683435284868,0.025085359113607087,0.025252693341034558,0.025424399071318948,0.025599937458122956,0.025774294847657687,0.02594833593239916,0.026127039311644572,0.026311561314511366,0.026501930312051517,0.02669272859351029,0.02688287725823554,0.02707665900401434,0.02727341290543278,0.027472535887803108,0.027669081176068484,0.027864681676690196,0.028063526829199402,0.028265089991311165,0.02847020014357769,0.028673553369731045,0.02887621299371736,0.029080906397116624,0.029287355364970354,0.029495315308751314,0.02969971677466419,0.029901166586094513,0.030103975064826635,0.03030892809241822,0.030516474288219193,0.030722758388015685,0.030926214332471447,0.031130685128495983,0.03133628384395341,0.03154298329926538,0.031745101456982824,0.03194363860247116,0.03214189984833229,0.032340237475773664,0.03254154618418011,0.032737976146872155,0.03293184736011186,0.03312682420852339,0.033322676458159596,0.03351938230152958,0.033710674425936074,0.03389846404500845,0.03408588819490767,0.034272633482568995,0.03445827896208908,0.03463633878100923,0.034810776222690444,0.034985810613286476,0.03516264523040659,0.03534052797870819,0.03551186874811677,0.035680472241117846,0.03574985279418637,0.03573765607313909,0.03572543695651468
BRA,Fourth,4.287923063654891,4.318237185048827,4.3452321269963,4.373606957992267,4.405840511827362,4.442178032343274,4.480233616927814,4.519889276943026,4.562469521904643,4.607996991697028,4.645457084875961,4.693771021194129,4.743978456202564,4.7990247501499095,4.855971560698567,4.915732524733841,4.976678469222475,5.040068868571453,5.10718014192705,5.177874234402566,5.252724809984381,5.328247428867976,5.406068378191844,5.486695315576467,5.570014092432279,5.655552248480126,5.74086989417591,5.828125002370275,5.918792586887456,6.014157413910758,6.114454240484781,6.216198980080433,6.320029325555307,6.426917252837189,6.53636581495588,6.647804650387652,6.758354185807212,6.870869556892272,6.986788686364145,7.105684221474862,7.228503402590615,7.352213460853376,7.478351933342545,7.607212990502205,7.738577994488062,7.872305174484671,8.004593860396271,8.137158085177651,8.27211553335084,8.410660374520873,8.553457623888299,8.697467648282394,8.843266776513726,8.99144304395223,9.142310691270092,9.295854281688666,9.447896312266137,9.600525117726264,9.754236718481508,9.90918802124538,10.066800531904368,10.222629936297164,10.380131604252751,10.540810944564605,10.70442079920845,10.87103036051392,11.035329300512336,11.199785336382057,11.365342490063037,11.531569261224195,11.697730071186932,11.858493456258849,12.01882589213386,12.181869282822163,12.349707697090762,12.52112978417486,12.688790930835536,12.856934793499423,13.026288216293699,13.196315864388472,13.365743754236673,0.03255473413970367,0.032634018706210716,0.0326998703898166,0.03277182211696406,0.032853937318212456,0.0329470125521991,0.033045007750829754,0.03313961292198561,0.03324442141562067,0.03335970631692192,0.03347939888628557,0.033609863870296255,0.03374084608247247,0.033896775443455596,0.03405778427474183,0.0342250459432731,0.03439342116155817,0.03456095876406205,0.034735615139598275,0.03491704144223448,0.03510582974054861,0.03529468812019733,0.03548344176943403,0.03567735070641646,0.03587606064890664,0.03607892230933827,0.03628012559583694,0.03648056687880677,0.03668608952093482,0.03689799284926535,0.037116275827179905,0.037334699826543194,0.03755193053983221,0.03777296470581708,0.037997027431469314,0.03822341877410992,0.03844650568360913,0.038668065346561274,0.038892936165416864,0.03912050369392588,0.03935168787140871,0.03958050004158352,0.039808069497201906,0.040037541098128765,0.04026858663522793,0.04050092692911191,0.04072890519457617,0.040953135531903315,0.04117850713734301,0.041405881660843524,0.04163574440600837,0.04186380929387676,0.042088263880437064,0.04231346708363042,0.04253953159008691,0.042766425342420686,0.04298791224525565,0.04320501934232217,0.043421476720643025,0.04363767014245009,0.0438567457410448,0.04407015855382982,0.04428036920029004,0.0444914504645829,0.04470314257217939,0.044915420451760044,0.04512152175155469,0.04532345529273295,0.0455246914409813,0.0457248958547236,0.04592362135000337,0.04611392702523663,0.0463000140519285,0.0464864762813577,0.04667459358600864,0.046863557139526446,0.04704528907779437,0.04722380132015099,0.0472970009059338,0.04728376225932707,0.04727049702798665
BRA,Fifth,5.57346061922051,5.615825706119539,5.654630769175828,5.695206462017153,5.740459635855486,5.79069389207132,5.84287132912982,5.897272396371541,5.955302878786632,6.017003947857532,6.131264528758651,6.203628471420391,6.278380156034709,6.358492322964308,6.440624767851683,6.526170330213962,6.612055944351124,6.700808706449373,6.7938572392261705,6.891284648529869,6.993347724191803,7.0972644435379,7.203603107556445,7.313079369802403,7.4255591612437994,7.540434027412832,7.654290461098876,7.770324258328199,7.89025544321357,8.01547652887613,8.146371922395115,8.279457577281246,8.415183458757285,8.55461091999426,8.697150368092267,8.842145895799538,8.985835054286241,9.13200651972179,9.282216566093714,9.435948171414497,9.594453593606856,9.752833505296755,9.914007370388738,10.078144865075366,10.245102410403549,10.414579167749332,10.581806148458199,10.749101049603352,10.919023949365169,11.092787029415081,11.27114498882799,11.453158385924082,11.637209949078878,11.824105378534421,12.01422339525861,12.207553972558085,12.398159242461723,12.589844822789749,12.782556699288842,12.977529653910318,13.184172364994515,13.38841081565825,13.594974363334156,13.805533890111636,14.019814276788637,14.237907401344613,14.452886604428091,14.668423749295005,14.885528373459687,15.103703628725526,15.322094440805865,15.533672441181736,15.745099750302343,15.959954420911382,16.18068593932873,16.40589536789995,16.626146960712703,16.847319461065712,17.070138632050977,17.293990954234122,17.517425562654573,0.04336372320852694,0.04345186539820494,0.04352507761300393,0.043605007385328555,0.04369614604573794,0.04379935569134916,0.043907929887137986,0.044012693213024694,0.04412864625721791,0.044256065792572824,0.04438822855808952,0.04453213910174078,0.0446764894345619,0.04484810701008426,0.04502510829421328,0.045208765866968516,0.045393421688674655,0.04557695141711064,0.04576804265676765,0.0459662860131023,0.04617230072964084,0.04637811424570286,0.046583546668704075,0.046794303247979466,0.047009975125440036,0.04722984105005773,0.04744759803928468,0.04766423206444945,0.04788603958171373,0.04811439728899068,0.0483492743555868,0.04858394331060112,0.048816983862518884,0.049053741470965195,0.04929336792510376,0.049535106132896065,0.04977294232172226,0.050008793399382204,0.050247797510723446,0.050489288834950095,0.05073422514969709,0.05097626428779245,0.05121661507278648,0.051458590469216636,0.051701838238921854,0.051946056618538544,0.05218531031237443,0.05242026969417135,0.05265605865648553,0.05289357230188608,0.05313330657306911,0.05337079215662731,0.0536041623757861,0.053837949438493175,0.054072266572610585,0.05430707545844472,0.05453593611828378,0.05475994320772982,0.05498294567497075,0.05520534450384714,0.055430371939101546,0.05564925689196689,0.05586455238801842,0.0560804247725975,0.05629660843023478,0.056513072735552575,0.056722938380616296,0.05692827811543312,0.05713262546465094,0.057335643065114066,0.05753688489437086,0.05772934234986771,0.05791729854130173,0.058105390414728245,0.058294906709826746,0.05848502707491176,0.058667640063819776,0.05884680085657267,0.05892021965296993,0.05890697700903181,0.058893709108749394
BRA,Sixth,7.452553259216476,7.513061692498553,7.569798790541516,7.628878775226889,7.693772723175197,7.764866188237184,7.838179724285191,7.914652899914731,7.995757031680249,8.081562441836292,8.140504161190194,8.228678361905196,8.320475842015357,8.419303090220303,8.521751598642378,8.629036025434042,8.738339542479052,8.852266985461105,8.972372607518883,9.098430359363055,9.231407021595215,9.365023701652849,9.503148275097544,9.646250174026406,9.794198681153818,9.946382136668714,10.098491031904674,10.254546250840805,10.41638570416913,10.585891139873613,10.763350678155076,10.942874108024808,11.126492450810643,11.315387268394053,11.508869089856194,11.706182248939632,11.902313103732476,12.102314872727398,12.308003392080202,12.518814598735121,12.736098137827126,12.95455803181866,13.177520565535005,13.405238209801382,13.637431001775926,13.873925030393655,14.108317891796455,14.344186402470145,14.584281870495536,14.830303290530734,15.083206911365819,15.337265065288829,15.5949268402379,15.856739324004268,16.12316583316489,16.394204751322413,16.66273240545783,16.93311011232436,17.205835834569378,17.481015223630354,17.759668839680657,18.03499231462965,18.313620567283674,18.59741485933107,18.886066754995685,19.179702657988837,19.469027412737475,19.759561740036137,20.052371482566617,20.346877528942585,20.642069862281637,20.928420045959903,21.21510472033774,21.506245324751905,21.804772082977074,22.109048181268825,22.406601083721156,22.70576940700643,23.00723453331368,23.310286185799164,23.61325587888591,0.05962599148372587,0.05971778659760171,0.05979314147074281,0.05987580268065495,0.05997056558073026,0.06007834269610918,0.06019193473888449,0.06030106719074844,0.06042226164675644,0.06055578971351366,0.06069449012046438,0.06084574569585243,0.06099715774080637,0.06117806375388658,0.0613644896214879,0.06155774461345717,0.061751821035446575,0.06194419892220799,0.06214430225593094,0.06235166232746973,0.06256688572196999,0.06278159574254961,0.06299539059456333,0.06321443516835534,0.06343826961944958,0.06366611855924413,0.0638914203093814,0.06411501766099166,0.06434360576692406,0.06457856966762159,0.06481983313329509,0.06506044992019734,0.06529878809869599,0.06554050356976367,0.06578470723217653,0.06603060641119145,0.06627207661753075,0.0665109223068027,0.06675251451599853,0.06699615863907897,0.06724280026143073,0.06748604264594302,0.06772697928093162,0.06796907438843901,0.06821195983814382,0.0684553277392504,0.06869327248552677,0.0689263487281835,0.06915979213714016,0.06939447642398208,0.06963087752020984,0.0698645663664065,0.07009356139978472,0.07032250980313941,0.07055151152523541,0.07078052821327784,0.0710032749664516,0.07122069358094237,0.07143671236518857,0.07165172121401402,0.07186883695210358,0.07207958773942112,0.07228632884935536,0.0724932222783743,0.07270000612498104,0.07290664467304808,0.07310657281869729,0.07330166915477447,0.07349545356040685,0.07368760685518135,0.07387771669648321,0.07405914930825591,0.07423588206129657,0.07441242723795244,0.0745899882995293,0.07476779062209095,0.07493821628253947,0.07510500567852041,0.07517296299712563,0.07516009264093486,0.0751471950627853
BRA,Seventh,9.603342246557013,9.685899384251021,9.764725362993673,9.846512739982833,9.935311880291666,10.0315920114271,10.130311176579195,10.233398938110312,10.342170975191259,10.456727325420353,10.558611123679654,10.678189726155585,10.80257701295869,10.934904358596985,11.071797664966612,11.214780989240907,11.359833342072164,11.510925069991249,11.669633484132179,11.835782261903256,12.010401902882718,12.186056053850535,12.36752022102403,12.555198040871922,12.748951733664876,12.948064817288488,13.14685971606656,13.350853847223377,13.562005130711512,13.78250274869559,14.012710377561252,14.245535249194104,14.483830392281133,14.728777479503744,14.979571868244742,15.235355495035448,15.489656905762287,15.7491311574664,16.015674656550537,16.288637474392193,16.56966807528215,16.85152581896982,17.139184479452418,17.432717656993763,17.73185932883366,18.0363603959533,18.338106934896953,18.64203505770827,18.951212055788123,19.267557286482027,19.5921890898161,19.918853161957568,20.25030912728863,20.587001556243248,20.929491515304772,21.277788017829995,21.62254921657309,21.97021716087132,22.320899738411644,22.67511312965187,23.03687214727453,23.394222616138382,23.756135099759597,24.12452408364438,24.49905396100867,24.87989464802733,25.255033308291072,25.632312096155626,26.012705721238994,26.395556906616232,26.779695271511773,27.152727518491155,27.52685029244512,27.906598094224513,28.295403993204086,28.691393090370642,29.078653111046133,29.46850157378744,29.861419018056935,30.25660345295932,30.65217887943384,0.0787778067671,0.0788691891540778,0.07894426799841175,0.07902649787876734,0.07912060480356653,0.07922745834460666,0.07933991945411357,0.07944790581054056,0.0795676325276775,0.07969932710778584,0.07983591157496536,0.0799846138711565,0.08013328208295865,0.0803105080770435,0.08049282571538752,0.08068148560894044,0.08087060838879644,0.08105777188956576,0.08125208918590132,0.08145306565880313,0.08166124677038013,0.0818685103873878,0.08207449753290381,0.0822851052554354,0.08249986270870954,0.0827179965910976,0.0829332230468582,0.08314637775467272,0.08336381111461785,0.08358680051493629,0.08381523325778761,0.08404251365940259,0.08426712472812252,0.08449437160427879,0.08472339744161549,0.08495344273503187,0.08517878538325863,0.0854011459887431,0.08562550784323766,0.08585120422141174,0.08607909356624288,0.08630326348469321,0.0865247504813611,0.08674672992089827,0.08696885358176201,0.0871908315307871,0.08740729339278698,0.08761878977784367,0.0878300712171709,0.0880419203756204,0.08825475410142171,0.0884645862246994,0.08866967577613147,0.08887417980508862,0.08907818912272986,0.08928166290463121,0.08947903857410473,0.08967120173755742,0.08986162849336499,0.09005067067363977,0.09024106058635954,0.09042538411642113,0.09060574091965838,0.09078576192242165,0.09096521571451582,0.09114407183840344,0.0913166674238785,0.09148466886480353,0.09165111543197102,0.09181574102099312,0.09197819901021545,0.0921328586015632,0.09228315235223158,0.09243292455376817,0.09258318994296906,0.09273328707406991,0.09287680787564638,0.09301693723714077,0.09307394955865562,0.09306318474985244,0.09305239413419002
BRA,Eighth,13.428922858591177,13.551657027588181,13.670986106691336,13.794379074322878,13.926808840090803,14.068886756354011,14.213701006235148,14.365085504229217,14.523974775759857,14.6905251774551,14.817719379806448,14.98779982678358,15.164991674281033,15.351866498870807,15.545453108298947,15.747520889583905,15.952619497447193,16.16666165852892,16.39116293473722,16.62584646683295,16.872205066135848,17.11935962049466,17.375270650939857,17.640013403726897,17.913453884499177,18.194770876945395,18.476003124108022,18.765153736402837,19.064240668611397,19.37606253403991,19.701008770719945,20.029145416599484,20.36544522722979,20.711029265307353,21.064917006416824,21.42610139469684,21.785528446037212,22.152685420176667,22.529560181569828,22.915395909169003,23.31223490350007,23.710073401835313,24.116406057580026,24.531036141326375,24.95365991097666,25.384010211910102,25.81088446862874,26.24181653195762,26.680196692465802,27.128433625169624,27.587932652247446,28.04910361392235,28.517593638878065,28.993439817938103,29.477363163244824,29.969395980170347,30.456680180773354,30.94885545290118,31.445700907642035,31.94763425620667,32.45783969322101,32.96168565199798,33.47238291672513,33.991840237913216,34.51968985124242,35.05617846586178,35.58445141185411,36.11664322139083,36.65348884317269,37.19421440273976,37.737401279868685,38.26552388356758,38.7962257028404,39.33459790902974,39.884877661322356,40.44482827527286,40.992457540022194,41.544509061016214,42.101023553546206,42.66106455893546,43.222465405678264,0.11394885772929787,0.11401615393616522,0.11406903888200187,0.11412808624219223,0.11419711747641374,0.11427682915267531,0.11436137717344402,0.11444134805848093,0.11453119829345862,0.11463107119222367,0.11473530029721296,0.11484950736853396,0.11496298373382899,0.11510081815285168,0.11524236732106434,0.11538854379946319,0.1155346507769137,0.11567806298518023,0.11582661975731576,0.11597985486488983,0.11613810149023512,0.1162950682294793,0.1164499260371425,0.116607714958697,0.11676800729632206,0.11693017160242325,0.11708946408142584,0.11724602848976533,0.11740506491380702,0.1175674294756442,0.11773295361372701,0.11789677064725916,0.11805733259745248,0.11821893421930958,0.11838091304590541,0.11854269306550701,0.11870022498934492,0.11885434587441986,0.11900894563925316,0.11916351921193814,0.11931861207112274,0.11947018127752546,0.11961860703745057,0.11976639413086806,0.11991327607507558,0.1200590446537963,0.1202001994160024,0.12033680233091704,0.12047231213364527,0.12060720571182644,0.12074171816542922,0.12087327814888606,0.12100042164490213,0.12112623485714025,0.12125075246082612,0.12137394524083843,0.12149243555928699,0.12160643394676202,0.12171848765866217,0.12182880820518104,0.1219389720730854,0.12204467065843587,0.12214683738109472,0.12224793626995355,0.12234782311172859,0.12244646937083725,0.12254074962345828,0.12263133154409885,0.12272025618764187,0.12280738687371477,0.12289255965216739,0.1229727910107356,0.12304970008540922,0.12312563339886401,0.12320109639058957,0.12327573911904086,0.12334630022619184,0.12341422442808936,0.12344089587838925,0.1234343148267288,0.12342771395467654
BRA,Ninth,18.684707198058767,18.866832769142693,19.04689530239873,19.23240205819891,19.429425690482798,19.638737303588133,19.850895763139498,20.073160281041076,20.305113859201,20.546971357665985,21.012476377557206,21.290326654347624,21.57785996803473,21.874349645673384,22.177934812506695,22.49219589454901,22.805459268367255,23.130049188474864,23.46694913453095,23.816893697682307,24.179878522441676,24.548404631796906,24.926701437146257,25.31492164240686,25.71290360501938,26.119385645079763,26.522295399112924,26.934715723445514,27.358626107171155,27.796960507964318,28.250674018377346,28.710346763621946,29.181119370093707,29.663551274104975,30.156413483841146,30.65851811657582,31.157192842536684,31.666350123896542,32.18741157931143,32.7193790205911,33.26537860164398,33.80736013221672,34.35972312272475,34.92103333130638,35.491419722972864,36.06996169418006,36.64164820275967,37.21743336291816,37.80136155295014,38.39556851182241,39.00166556440119,39.619621946586065,40.2467564822843,40.88297473119195,41.52922272278833,42.18557028833154,42.83187595363991,43.48640126673643,44.14543460567028,44.814116593197575,45.53043646082211,46.23766624177416,46.95539652131614,47.68495192026058,48.42595121319488,49.1787571639601,49.919850010508966,50.667937155902024,51.42286770927845,52.18374786078537,52.94886110695736,53.693640070004264,54.44372642824259,55.20429208841088,55.98057112432817,56.76991474302302,57.54208187891903,58.32182000748919,59.10803238949276,59.899641218207876,60.694182892007014,0.16404222519701234,0.1640647656846736,0.16408256684134814,0.16410204098489836,0.16412431900277522,0.16414951137965134,0.16417573351984704,0.16420022467032772,0.1642271637932158,0.16425646105292113,0.16428636963645846,0.16431838365351537,0.1643494696341759,0.16438616665670389,0.16442275218831104,0.16445935137062234,0.16449471707176,0.16452821780240712,0.16456163748437772,0.16459472289242866,0.1646273898857693,0.16465825660108152,0.16468713999021076,0.16471497425719475,0.16474156857014852,0.16476671420797456,0.16478964973202725,0.16481038357469247,0.16482963380902713,0.16484736059031715,0.1648633798659757,0.16487713365254106,0.16488843780824666,0.16489767655938287,0.1649047254251968,0.16490949321521353,0.16491188342778754,0.16491189380701798,0.16490963972032635,0.1649050494013704,0.16489802285920688,0.1648887352247813,0.16487711744827627,0.16486312101184042,0.16484672307345552,0.1648279178279303,0.1648072244495943,0.16478462791619328,0.16475978569779204,0.16473257032949704,0.16470287184548213,0.16467123656480895,0.16463789990331576,0.1646023938059162,0.16456468706829347,0.1645247768683889,0.16448382274609497,0.16444168008852056,0.16439781446770796,0.16435216939795896,0.1643040560165701,0.16425538818094226,0.16420564344434402,0.16415399116327503,0.16410048582369194,0.16404512578555883,0.16398974056849006,0.1639338451024508,0.16387663118237053,0.16381821934449894,0.1637587754968343,0.1637004677652477,0.1636420908390804,0.16358233463884475,0.1635207736271024,0.16345765190842956,0.16339570985232954,0.16333364560776478,0.16330768548842295,0.16331202992889818,0.16331637459015522
BRA,Tenth,47.6690096865838,48.20432599380334,48.75086717065697,49.30994844382025,49.89223547629117,50.49914608922241,51.107584118845615,51.74848481805387,52.40932931461822,53.09056378343944,53.53589508444473,54.20377945649145,54.902822871786306,55.610573291567775,56.3434786929234,57.104900513580276,57.87565075701569,58.68579615056469,59.52959959341318,60.40624239369303,61.320685438828406,62.232778170412566,63.183488591060474,64.16509486300639,65.1777144769443,66.22000467166248,67.2631095265992,68.34223868897823,69.45415516817708,70.60602427161967,71.79825634128896,72.99732023154756,74.2326593865722,75.49944337590998,76.79560938588638,78.11945858935022,79.4387926193371,80.79258491838114,82.1778625270784,83.59340414881865,85.04414315095667,86.49384649675919,87.97896795521872,89.49242889258348,91.03410301361542,92.60355390527027,94.16238135341305,95.74692337958056,97.35725385984195,98.99892162876661,100.67530460151372,102.35043076015837,104.06102971602235,105.79697898015982,107.56036279049795,109.35145082248998,111.1257903724176,112.93016583573004,114.75414066268728,116.59835513914719,118.46581026568212,120.30866078893163,122.18495493047627,124.08932895704646,126.02156467844384,127.98272897697227,129.91242545025577,131.86996508778654,133.84706428365524,135.84250681037025,137.85335608962325,139.81606717688865,141.8034022687955,143.81650180183908,145.86500823417686,147.94479416667178,149.98089568052174,152.04570601181695,154.12867659923063,156.22835068016877,158.34161339525477,0.4625142836678816,0.46191798480209767,0.4614272849562314,0.46088970071648805,0.46027429276692106,0.4595752110172419,0.4588389036460205,0.4581310080348157,0.4573456552073585,0.45648111949074666,0.4555836455482094,0.45460556103234717,0.45362634644954264,0.45245807912031244,0.4512544187539633,0.4500069137347356,0.44875428543492973,0.44751236430068453,0.4462207898041179,0.44488258077045306,0.44349381296177787,0.44210848583501344,0.4407288342007037,0.43931543568301606,0.4378712283769932,0.4364011985890296,0.4349476195957477,0.43350473504198905,0.4320296485454869,0.4305134068891211,0.4289564503368715,0.4274035521372729,0.42586490916618014,0.4243043161076214,0.42272747131213106,0.42113945772356043,0.41957977791409135,0.41803646908468617,0.4164751103609273,0.4149001558919289,0.41330543463565367,0.41173227292736925,0.4101733170708158,0.4086063994154327,0.40703385875092996,0.4054576598866132,0.4039160340278128,0.4024050939543081,0.40089119010800467,0.3993686132539461,0.39783423019810177,0.39631671211018693,0.3948285667959302,0.3933400126877443,0.3918503389365554,0.3903597789579611,0.38890919835134785,0.3874921324312455,0.3860833946485821,0.38468042156787824,0.3832628416317426,0.3818859172013751,0.38053398193594257,0.3791801885671804,0.37782621637173586,0.37647225617213254,0.3751613172075598,0.37388080224785253,0.3726080102802124,0.3713450132576977,0.37009453929338365,0.3689001608537271,0.36773552977512347,0.3665712875512177,0.36539947755471514,0.3642251773248518,0.3630986015671098,0.3619948914025425,0.36154410032794576,0.36162777375850347,0.3617116234922475
CHN,First,1.3190796463239256,1.3969329921453968,1.4761450882103238,1.5580798937431646,1.6434751869895161,1.732591202530866,1.821886658929727,1.913243113893605,2.00783971603033,2.1057451374821787,2.345673875760746,2.459198612764384,2.5731436156473113,2.696639189971506,2.822118155838596,2.950752711253629,3.0746743833023893,3.200417927486492,3.329423676428504,3.462342750596153,3.5990156065145875,3.732909987484068,3.8685719591322094,4.007756419108564,4.150864937333981,4.298140902105438,4.452054896269778,4.609793082714589,4.7732923972887145,4.94352981248348,5.121476975997238,5.304215909446721,5.492556123028461,5.688152967501536,5.891116907523261,6.101569682914771,6.313128576324346,6.531429149234037,6.758519520883856,6.9946331432752045,7.240789822282614,7.489755077184796,7.746753650521371,8.01348377481772,8.290309420001266,8.577655006005568,8.864181758966843,9.158922793487758,9.464894599573404,9.783389744674245,10.11540928094896,10.448590554336315,10.792620503313104,11.149163415461972,11.51896898907228,11.90264024880868,12.289026140674054,12.688082738262151,13.101031171087271,13.528554374999795,13.971781022488337,14.419595283131866,14.883581620785915,15.36550347738038,15.8659500070629,16.385777998068022,16.911248284713995,17.455271641786727,18.019039742956764,18.60308707544143,19.207842637869316,19.81645399400783,20.446266536114106,21.10045399960359,21.781707646514594,22.49027754663653,23.205442289728772,23.94578001309304,24.713384245215522,25.50908282739117,26.33331034946509,0.01517458576288664,0.015508891424469108,0.015840424457806205,0.016179044071404237,0.016526280761890735,0.016882528522397296,0.01722773591079184,0.017568172632521754,0.017915628394207506,0.01826966556032833,0.018614578305506453,0.01895552654235502,0.01928988754890113,0.01969315938365476,0.020105013200738625,0.020526026982087192,0.020940370687972533,0.021356977344094353,0.021783599731364848,0.022220140124015478,0.02266732396377366,0.023107033938978026,0.023549750075438594,0.024002572538357556,0.02446551262283906,0.024938614426659178,0.02540447308059192,0.025874028047717886,0.026354110638821066,0.02684558144850261,0.027350001829399274,0.027851113520842907,0.028357402185413313,0.02887489250691643,0.02940334241909928,0.029942685267093254,0.030477657826103035,0.031018481193537343,0.03157108516891437,0.0321354727084521,0.03271226070837289,0.03328367869043063,0.033861481922374946,0.034451320023374456,0.03505327778297637,0.03566754181283652,0.03627605723553945,0.036890610991043696,0.03751781610672829,0.03815839956368725,0.038812819605345446,0.03946430466421605,0.040124579147953664,0.040798283109429935,0.041485727120739155,0.0421556018028881,0.0427294026686622,0.04331587518105311,0.04391825610416273,0.04453695447455746,0.04517228130622948,0.04582469405709722,0.04649286917692507,0.04717922208802313,0.0478841457368261,0.04860810097957399,0.04935163421233854,0.05011421995223597,0.05089759064394953,0.05170219535744992,0.052528737922182246,0.05337370461289465,0.05423991153066822,0.05512964284128611,0.05604376167458591,0.056982951630058065,0.057937203803004184,0.05891469934495304,0.05991894405661516,0.060950752204951594,0.06201100756166469
CHN,Second,2.3382909043197815,2.475287423576578,2.614747664886386,2.7585478564899573,2.907729532144625,3.0626663346235867,3.2174623998262795,3.3756542016548203,3.5388195813012624,3.707065322065744,3.890538701040972,4.061208560468299,4.234286819070603,4.422366357031141,4.615887823464007,4.815601963151107,5.0143426963856905,5.218211904279277,5.429009912925987,5.646996816027065,5.872927085521677,6.097551599897728,6.328057746659374,6.566104081518262,6.812027206237551,7.066000974079076,7.317552066033872,7.57543492605806,7.841903942117909,8.118274477394275,8.405478834638297,8.692087635387225,8.986223394474985,9.289877585997328,9.603075209015543,9.925854598266834,10.245911275822566,10.574309186829336,10.913495726182548,11.263634598661389,11.625878743451864,11.983879745385316,12.351250107330037,12.7298797060367,13.120055373593225,13.522168440676248,13.919084021195651,14.324767668679108,14.742658655458348,15.174220997986698,15.62050119438105,16.060954847140167,16.512903529640163,16.97802945013012,17.457083178913965,17.950599697405373,18.441768624451765,18.945539798714684,19.4630097851413,19.994765018223124,20.541939241697612,21.087676420168926,21.648886610144196,22.227266401743268,22.823183408533826,23.437308978998153,24.049517363322,24.678183426086676,25.324215124981084,25.987809341400506,26.668983870252337,27.34454072130432,28.037558301621562,28.751116907022265,29.487811360649765,30.24728484906028,31.003373437381576,31.778981598418838,32.57552677367784,33.39323531614247,34.23182591232998,0.02862768399370235,0.029081679391645687,0.02952896785222046,0.02998336516235657,0.030446739066107585,0.030919417921401387,0.03137454726483565,0.03182025448552193,0.03227269814257834,0.03273114644545501,0.033175647744296946,0.03361205511778654,0.03403718305603901,0.034550391578296875,0.035071265676246396,0.03560035375116068,0.03611791943098537,0.036634826971002274,0.03716090114005857,0.03769583463317047,0.038240305647856805,0.038772500589309346,0.03930477487688319,0.03984584084029868,0.04039552437327901,0.04095370614942047,0.04150026082734323,0.0420475621587421,0.04260366253403162,0.04316932875984,0.04374617857639022,0.04431596038120137,0.044887859845003056,0.045468719120148035,0.046058090970091635,0.04665572836848484,0.04724514776344048,0.04783708439784549,0.04843802434642316,0.04904778690912129,0.0496668159223696,0.05027658022590372,0.05088903905735205,0.0515101877931108,0.05213992714085382,0.05277826437348778,0.05340692793656005,0.05403758700058429,0.05467698429506159,0.05532562864518769,0.055983753408370494,0.056635112946633565,0.05729074485753493,0.057955197668028,0.05862855986588082,0.05928232983746435,0.059846360851441925,0.060419521140001244,0.061004773453877975,0.06160228494790384,0.06221211664825826,0.06283446170296672,0.0634678157977847,0.06411422122095013,0.0647737690270654,0.06544660597559611,0.06613294383445438,0.06683199926534211,0.06754505363730674,0.06827218242396729,0.06901367926397964,0.06976607527802063,0.07053157138812143,0.0713118243623863,0.07210719979607257,0.07291788216921662,0.07373492212987266,0.07456503073051078,0.07541077423188057,0.07627237812466592,0.07715010363582307
CHN,Third,2.957392185593111,3.1296787581903356,3.305016916528031,3.4854414717639246,3.672135714768589,3.865516307767081,4.0584066113487545,4.2554139506015645,4.458139982337374,4.6667066300520865,4.822110380589243,5.025690579589174,5.232765622309646,5.45629896711446,5.686757777177901,5.924635592689306,6.163086973594235,6.408139203141213,6.661596884522008,6.923483002226321,7.1950060823928,7.465453434658456,7.743565104437123,8.030734992074358,8.327233853456304,8.633163514587919,8.931189302678598,9.236332540570924,9.550787481107607,9.876002802486239,10.212798244955145,10.545320117858068,10.885661928242767,11.235755366744115,11.59554532301193,11.964986642989274,12.328777689398697,12.700864260216452,13.083639187490679,13.477182710950649,13.882654181701975,14.279214178164771,14.684794297171235,15.101094711848058,15.52831079979705,15.966758631693281,16.39674434776831,16.834606082220393,17.283646361091908,17.745336431391554,18.22066958431232,18.68541103516095,19.160517788483798,19.647384481008583,20.146693327608393,20.658870845499173,21.164627907448534,21.681173354305876,22.209322203854093,22.749539119594164,23.3028781490316,23.85000908846959,24.410134439126924,24.984712686112093,25.573933847450164,26.178296819444714,26.77512788577862,27.38494649079811,28.00837380246573,28.64538563743662,29.295735610311677,29.93421851046803,30.585715331232613,31.253030719493786,31.93856812564759,32.64163554066909,33.33513658830598,34.0426608188286,34.765064046562,35.50224416408088,36.253554646161824,0.03716568017141926,0.037655847315070066,0.038136996479170494,0.03862370241025187,0.0391179221686754,0.03961994218476899,0.040101517506029825,0.0405716676661978,0.04104704882118145,0.04152687627568682,0.04199014556764162,0.042443697544192825,0.042884335409969075,0.043412191967745276,0.043945704098645885,0.04448537515916731,0.04501104835791091,0.04553410629535578,0.046064288308788226,0.04660121127260336,0.04714548683581886,0.04767521587321018,0.04820306394257884,0.04873748020771739,0.0492782233957369,0.04982510101081981,0.05035819920394364,0.050890019961826245,0.05142823814562423,0.0519735428329509,0.05252737772968151,0.05307197220195479,0.053616476633624545,0.05416726325119866,0.054723830329700844,0.055285866027290964,0.055837608904142265,0.05638952934619423,0.0569475524752576,0.057511424899782705,0.05808149599319412,0.05864035811139777,0.05919944706894286,0.05976410330694447,0.060334156425992866,0.06090953504306293,0.06147346515859612,0.06203685724954284,0.06260563620920688,0.06318019464473729,0.06376066218565779,0.06433226352774682,0.0649051833873004,0.06548327538387813,0.06606653943301734,0.06662894182961084,0.06710702371125812,0.06759098858611608,0.06808324480551785,0.06858382112417274,0.06909265489645167,0.0696097908290212,0.07013386710303927,0.07066645803587605,0.07120751025056062,0.07175701158317908,0.0723149989185896,0.0728807021310351,0.07345501744402899,0.07403785703764496,0.07462930393357946,0.07522645450615652,0.07583092184977294,0.07644386209469546,0.07706538897063554,0.07769547144208869,0.07832702949989903,0.07896513893610003,0.07961160161085651,0.08026639684732438,0.08092952086016524
CHN,Fourth,3.8073685240992923,4.028234088812141,4.252996665006255,4.483908085700978,4.722335186639121,4.968755983833277,5.2142211644004615,5.464804941261743,5.7221729978406035,5.9864715380008375,6.217323816928869,6.478363822268876,6.743552461376587,7.026222617089616,7.316444958774336,7.614897608277698,7.912000520322382,8.21629860662785,8.5297006969029,8.852300665723105,9.185331489806252,9.51521844181694,9.853202347329262,10.200757697243988,10.558203286187988,10.925651339471743,11.284022080636001,11.649961045675964,12.025777269151552,12.413108005329072,12.812833688168668,13.206679699440068,13.60875528456531,14.02102042850042,14.443374992835663,14.875734226617455,15.299770454995576,15.732346187023879,16.175896805257707,16.630466294218046,17.09732799123758,17.552241348326064,18.01624550881342,18.49092906877786,18.976458758131166,19.47311869977305,19.957509774288503,20.44943883176171,20.95223722567021,21.467477977701375,21.996197886971686,22.5100771892562,23.033763027971354,23.568438504252114,24.114767976279087,24.673111737200248,25.220525228651006,25.77760335513865,26.34494800347555,26.922952626780482,27.512663216064514,28.0910786723104,28.680924154970217,29.283521961878222,29.898939770041718,30.527573660282204,31.142853854165033,31.768790737119158,32.40580818874534,33.05372299201545,33.712084522280435,34.352183353606755,35.0022689086124,35.6650553337911,36.34292444233015,37.03491781152653,37.711413624836055,38.398246716460484,39.09587760477787,39.80398009422808,40.521636805441354,0.04922676520463441,0.04974116633467588,0.05024426746199508,0.05075162199647681,0.05126517516423463,0.051785125939163235,0.052282112188967805,0.052765408523321455,0.05325256187650798,0.05374268982418386,0.05421457304445452,0.05467477882340089,0.05512019253558034,0.05565380539645609,0.05619116256081753,0.05673269834234797,0.057258299794246625,0.0577792292965171,0.058305318826386815,0.05883610781523946,0.05937210729650977,0.05989191120870008,0.06040781515372533,0.06092818964747125,0.06145272270984698,0.06198115789047541,0.06249448966771343,0.06300456171828317,0.06351880090840967,0.06403776941826278,0.06456276860322356,0.06507714850119771,0.06558935377750628,0.06610542324023613,0.06662481771493245,0.06714718353997001,0.0676581109062356,0.0681670723481331,0.06867955498061798,0.06919525940080988,0.06971441785984746,0.07022146814023199,0.07072654002846568,0.07123448890484527,0.07174509315710081,0.07225822415638156,0.07275918632285888,0.07325746882889633,0.07375831811282073,0.07426199514085535,0.0747685308515313,0.07526535070767368,0.07576102652421794,0.07625889005341409,0.07675886995288245,0.07723967538808789,0.07765007116651663,0.07806387524967877,0.07848307233083913,0.07890759520907759,0.0793372997698676,0.07977212831401169,0.08021084785408461,0.08065468252200338,0.08110348381449783,0.08155713746337338,0.08201556446697401,0.08247802572203312,0.0829451429610756,0.08341672653557376,0.08389272183774095,0.08437068706722448,0.08485181181060476,0.08533689443518692,0.0858258907650741,0.08631863630466986,0.08680950441270868,0.08730235950727908,0.08779845921491049,0.08829763721779928,0.08879973586116979
CHN,Fifth,4.5979178086475825,4.863522047157449,5.133749470692607,5.41095166556318,5.696640085363949,5.991333022062736,6.284535000475365,6.583729126055919,6.890492357665324,7.2049892417952845,7.654488989704628,7.982758913047909,8.314617251882344,8.66210940523597,9.015413872552113,9.376063564721349,9.727870501847063,10.085170648387571,10.449911397942023,10.822745258436777,11.204093324369236,11.576806190112537,11.954857920066106,12.34016667578271,12.733238686817717,13.134292592140591,13.533083556732565,13.938386737216028,14.352645872179274,14.777628385076309,15.214455315223947,15.647789675610337,16.088892886457995,16.53963826945493,16.999917838772966,17.469648517965908,17.929564532891714,18.397591265465252,18.87606642539659,19.365031212597614,19.865923141777863,20.355695315700096,20.854058122749972,21.362352297613295,21.88076664292235,22.409559220029816,22.922517444530612,23.442338188744213,23.972246897793653,24.51391581790877,25.06845743790969,25.606119120826133,26.152410234910935,26.708176809431816,27.274044662981986,27.850294034299903,28.41113799443907,28.97988522335088,29.55685106484891,30.142348689758045,30.73739049739342,31.31615171797887,31.904111353565607,32.502388941444046,33.110936418254035,33.73004311245925,34.33026240297362,34.93821650861077,35.5541147909292,36.17763625854396,36.80815397718758,37.414667314774086,38.027699409501274,38.64979932882944,39.28328700651514,39.92699264000887,40.55009491896265,41.17958042340835,41.81550043601056,42.457353014056,43.104017039845864,0.06073546696280758,0.06124265596570349,0.06173689696703065,0.062233403987388476,0.06273403880211742,0.06323893253431634,0.06371973388564087,0.06418569391494822,0.06465363545121587,0.06512268778758042,0.06557255802226736,0.06600986442801758,0.06643176940679106,0.06693463209797262,0.06743892704003428,0.06794501717464936,0.06843414278115655,0.06891698728482593,0.06940259423937549,0.06989048136099882,0.07038106140868038,0.07085475351008222,0.07132296479879804,0.07179322660383278,0.07226520423401617,0.07273861210702784,0.07319640318822068,0.07364935261188602,0.07410400372469722,0.07456080174244185,0.07502081107287507,0.07546938059687723,0.0759140452551699,0.07635999328627026,0.07680670155227161,0.07725381537707086,0.07768894541233504,0.07812034981644408,0.07855262854186375,0.078985472018407,0.07941902354799496,0.07984020654947006,0.08025764511023076,0.08067529745340614,0.08109293106935153,0.08151038500120686,0.08191563972157657,0.08231657172011515,0.08271736488190432,0.08311817768233262,0.0835189773454526,0.08390968826828554,0.08429725539108814,0.08468422882938847,0.08507049942387193,0.08543924859007805,0.08575054685466413,0.0860627509195797,0.08637728407137989,0.08669401013815003,0.08701273087643138,0.08733331428114509,0.0876547655393815,0.08797789202119739,0.08830248778432252,0.08862836743270949,0.0889553691434228,0.08928286331276754,0.0896111862596208,0.08994008804971197,0.09026941363947909,0.09059737279782416,0.09092468734072003,0.09125178192686934,0.09157849592527971,0.09190458603015213,0.09222624138628296,0.09254592304227374,0.09286431654042976,0.09318116698902047,0.09349622162698563
CHN,Sixth,5.725069527815439,6.054475411979137,6.389558113151697,6.7327910095268875,7.085877711589174,7.449393079466686,7.810645792782601,8.179133469903263,8.556302414417539,8.942345474571766,9.22587179111704,9.600331885757004,9.981202298359701,10.380234929575353,10.788980475477306,11.20793669052158,11.624712082340409,12.050913882562723,12.48828505355384,12.9366662795988,13.397882141826443,13.853117165504814,14.3187968991954,14.795847033988903,15.284540686878715,15.784896100069982,16.266885633683092,16.757423057609746,17.258572885618488,17.772317898216503,18.299378567497882,18.813061514903453,19.33518092241746,19.86738943475379,20.40944582313259,20.961126594449624,21.49687359950686,22.04074079024307,22.59487961647407,23.159203430819385,23.735106729013218,24.288961898354422,24.85096997782132,25.422121193065497,26.00246203128373,26.592166309688004,27.160719717778253,27.7349061839719,28.317655696583248,28.910665832738676,29.51497943711587,30.09337415390533,30.679228702135063,31.27300220650593,31.87530248586498,32.48633847351886,33.07618875891931,33.67213726442909,34.27418093719783,34.88256586738779,35.49830600423529,36.091449759331155,36.691550693555946,37.29953382032447,37.91524510409805,38.53888572005921,39.13675222723073,39.739422315464715,40.3468916341187,40.95871386536154,41.574086213004556,42.158400485535296,42.745814920460624,43.33877387258849,43.939612609116814,44.54694754537429,45.12765458752642,45.71096338053495,46.296515050280924,46.883652637614965,47.47105808336212,0.07754619948131763,0.07800987543547964,0.07845953516693119,0.07890950825320385,0.07936136838887148,0.07981512043730664,0.08024510413567373,0.08065949805530671,0.08107390715149687,0.08148746979270033,0.08188263121552825,0.08226457485616495,0.08263099745158863,0.08306831917836201,0.0835045685331904,0.08393997721032466,0.08435857679917814,0.08476932579023895,0.08518013506437375,0.08559051075031118,0.08600070224393086,0.08639456875404863,0.08678140043042336,0.0871676027960763,0.08755282156133311,0.08793675490844435,0.0883059155828908,0.08866871684913506,0.08903051494528515,0.08939155735285569,0.08975261883340512,0.09010247914472724,0.09044675379159621,0.09078953990050406,0.09113036875639402,0.09146891015391102,0.09179611339481109,0.09211790179144423,0.09243775714697451,0.09275538302754892,0.09307079705258588,0.09337487645926874,0.09367354036702752,0.09396967900056098,0.09426305980486357,0.09455350620042265,0.09483300705244092,0.09510675050372007,0.09537762008279495,0.09564563088235878,0.0959106757960528,0.09616650622302717,0.09641733402363682,0.09666482712381354,0.09690883765894365,0.09714001406910532,0.09733702182569394,0.09753243338050661,0.09772705157262661,0.0979206838297373,0.09811309814736298,0.09830410014709963,0.09849299039357842,0.0986801332748249,0.0988652827704154,0.09904820101572318,0.09922866739894104,0.09940620077102849,0.09958084623466877,0.09975232351019221,0.09992039866851954,0.10008402452532261,0.10024343862261371,0.10039869072470159,0.10054953014615266,0.10069566176938745,0.10083526345160275,0.10096930844479896,0.10109790508886454,0.10122074327154279,0.1013375070615675
CHN,Seventh,6.858347173133975,7.251188761287485,7.650664647530308,8.059217065788518,8.478707748750281,8.909744066626635,9.33758704046656,9.77382753376168,10.219550339220918,10.674970557099545,11.094151948905415,11.543937172006084,12.000614275683647,12.472893273427074,12.954254758110952,13.44556319138389,13.9299438585474,14.423273533665814,14.927047808531626,15.441303900547416,15.967602904457301,16.483517716328993,17.00879105425102,17.5441828196887,18.090035833493154,18.64637747428539,19.184396304139636,19.730264176718293,20.28581700610997,20.853194054992617,21.433126303719977,21.997882259530687,22.57036014334049,23.151859741694814,23.742087662322845,24.340770087872567,24.91965563996529,25.50572752875801,26.10078451915772,26.704691912874537,27.318950377340556,27.907850418437036,28.50376528274672,29.107157368836734,29.718044657426212,30.336547836964254,30.92876302486829,31.52512569084398,32.12815057981388,32.73961202419177,33.36058662188306,33.950712809042315,34.54638369752437,35.14749443002874,35.75461878710708,36.36787924274491,36.95398163507686,37.54359871486051,38.1363062460651,38.732275428639795,39.33250280820071,39.9037154374006,40.47884569901146,41.05854062071511,41.64254771817236,42.23098116133063,42.78687635996214,43.34392725668861,43.901888777588866,44.46021303981217,45.017947681970014,45.53813506096168,46.0574588069816,46.578177151687,47.102602451654754,47.629187495765656,48.12393662620604,48.6171493605015,49.10802106844442,49.5957849797807,50.07899112886035,0.09485074857067222,0.095226405484564,0.09558795699528319,0.09594680756152797,0.09630416742725323,0.09665996900353427,0.09699437767023611,0.09731421794820334,0.09763137498335071,0.0979451706804093,0.09824231333054434,0.09852729865302155,0.0987986168244211,0.09911830400059232,0.09943390107352233,0.09974552646399189,0.10004183358991361,0.10032949796114789,0.10061397571981592,0.1008948473341129,0.10117221118687385,0.10143519640334875,0.10169033836347004,0.10194178455431122,0.10218923214412282,0.10243241534902017,0.10266279303040088,0.10288595708186213,0.1031051438541591,0.10332042930374799,0.10353215678703681,0.10373368866993217,0.1039285242194083,0.10411891925296303,0.10430453387539354,0.10448511315005105,0.10465580085286164,0.10481997152001604,0.10497934302683291,0.10513368074867586,0.10528290801566013,0.10542266813826444,0.10555597783124783,0.10568407037799293,0.10580675665661865,0.1059238770341686,0.10603219497754506,0.10613400729860825,0.10623034416366259,0.10632111654665771,0.10640618108356859,0.1064834719042513,0.10655450360848297,0.10661967822833485,0.10667885146962,0.10672964421298352,0.1067678425612653,0.10680190620062839,0.10683181809926934,0.10685735818128456,0.1068782967300482,0.1068944069333012,0.1069054334671215,0.10691119086224282,0.10691143397831065,0.10690591360829992,0.10689437663323481,0.10687659387245495,0.1068522858851134,0.10682118772572179,0.10678302041021054,0.10673774068924803,0.10668501187890564,0.10662446760313994,0.10655580383751234,0.10647872295307079,0.10639390997143518,0.1063005360810159,0.10619806001061798,0.10608616665024659,0.10596453149416427
CHN,Eighth,8.837101990051769,9.340819173289365,9.85288696653665,10.375677916903896,10.911311127847203,11.46045252727565,12.00478209791412,12.55954776068725,13.12522548359716,13.702074424946352,14.16928612491386,14.73133867299356,15.302581521462386,15.887213807815938,16.48245154427322,17.088907736974324,17.6870818156678,18.295965699301124,18.916550676945338,19.548594078325742,20.19421782828661,20.82601342520273,21.468965688944746,22.122951845650803,22.78825483459466,23.464800549103238,24.113072229114675,24.76955939743638,25.435525450633143,26.113403225507856,26.803680417418974,27.47062402781998,28.144836631880466,28.8270362373553,29.516816701541085,30.21379086918102,30.882964197619057,31.5583026165569,32.241055778943014,32.930988863780996,33.629706007109306,34.29286510460894,34.96162746258837,35.63564739497401,36.31486199478214,36.99931588267029,37.64884687321393,38.30041061156426,38.95587153088657,39.617126840237404,40.28528210484046,40.91208687209229,41.54203023213217,42.174198627404024,42.8091626818493,43.44695864959869,44.048126523355286,44.649522596238995,45.25013953811421,45.8500826805354,46.45038550571709,47.011660538598086,47.573083783950935,48.134962717425914,48.69694903509248,49.25908589066441,49.778269940583414,50.294130331036335,50.80612948733315,51.31361764247342,51.81546708194705,52.26983864840509,52.718605165691514,53.16387730532778,53.60805268944805,54.049387767810096,54.45118488760038,54.84669136486051,55.2345415278028,55.6138655174514,55.98306073637768,0.1258664586608755,0.1260207647088706,0.12616407570722343,0.12630198549699467,0.1264346994160965,0.1265619315106069,0.12667625767859567,0.12677993135009263,0.12687820348683618,0.12697066370608026,0.12705415077730042,0.127128729168146,0.12719447857191588,0.12727179160989682,0.12734178708334348,0.1274043064981309,0.1274574883857763,0.127502294495988,0.1275400237626787,0.12757040895538738,0.12759321483186195,0.12760809644301532,0.12761520023907977,0.127615013944421,0.12760732353995455,0.12759195106843277,0.1275701962764104,0.12754118204341763,0.12750471268348962,0.12746048535848567,0.12740818572961934,0.12735004030858357,0.12728471138987107,0.1272115744535217,0.12713053209013156,0.1270414853210361,0.12694755681942588,0.1268465948085918,0.12673759401846763,0.12662044851792875,0.12649489704242806,0.12636545965480683,0.12622911793266647,0.12608465522655724,0.1259319746678681,0.12577095850771608,0.1256068930318463,0.12543635876547465,0.12525760305351744,0.12507033323113675,0.12487433887605524,0.1246752236343666,0.12446906381712286,0.1242544841431836,0.12403134381688893,0.12381134435591958,0.1236245645931393,0.12343073834791518,0.12322872466785435,0.12301829413930722,0.12279925618906784,0.12257137132091432,0.12233503730101933,0.12208933757330521,0.12183406323190801,0.12156898433280217,0.12129384392615768,0.1210087918455462,0.12071314178858024,0.1204066868721287,0.12008912746307454,0.11976180995879458,0.1194236561507903,0.119073775503842,0.11871183147168335,0.11833756450558812,0.11795502149171938,0.1175610009512947,0.11715413850019227,0.11673415589988853,0.11630075577826461
CHN,Ninth,11.089211135873224,11.716962501514747,12.354698393284057,13.004270324788616,13.668001998267032,14.346559045831906,15.01801997685924,15.701991800903306,16.39758110419021,17.105082360047653,18.202614892761165,18.94471919802678,19.69408576893595,20.442823231401885,21.19475304638985,21.952880201135418,22.67901116316026,23.40908599291713,24.14326031793328,24.88290470821506,25.627561647499498,26.340700716746834,27.054829818900913,27.770236462710944,28.48771640224681,29.207476345385572,29.918526442185538,30.6326497158844,31.350593080382062,32.07500573701481,32.8068600624586,33.52152911833107,34.240010842017924,34.96197707226415,35.68706316374109,36.41493739276676,37.110271223877575,37.8085765632677,38.510048156348894,39.21450483574789,39.92396585285129,40.60116218244588,41.2808893321637,41.961449706178726,42.64292632796576,43.32535908780367,43.963804265239936,44.60139105932664,45.23892965283717,45.87856997917804,46.521673126125854,47.11998699503723,47.71738333165855,48.311657130814844,48.90337095015681,49.49246352393691,50.03448372606721,50.57175954983214,51.102432958876534,51.626554170659,52.14519246445056,52.614128940020215,53.07783207869931,53.536089119056165,53.988494868889546,54.435048634953255,54.82821234540949,55.21223214047431,55.58622546763833,55.9495167146253,56.300876412445305,56.595930321444335,56.87979421087543,57.154287053355624,57.42185733189682,57.68067971295312,57.89416560729305,58.09627428914181,58.28499404296967,58.4594622546125,58.618065629713584,0.16219050104196997,0.16196994956183638,0.16174541529322192,0.16150959387112584,0.16126149206231755,0.16100084248117905,0.16074331267272585,0.1604855748753009,0.1602177213209941,0.15994022296407864,0.15966515661282177,0.15939063453608507,0.15911911812718926,0.15878147907565623,0.1584323425665339,0.15807133831678116,0.1577120982089971,0.15734796814070887,0.1569717901026045,0.156583734704325,0.1561832863563955,0.15578650176723124,0.15538501740939037,0.15497205171084028,0.15454771757284128,0.1541120837911392,0.15368068168577878,0.15324463938324562,0.15279740800582708,0.15233838568571648,0.15186617735617436,0.15139545589999726,0.150919363865714,0.1504320970567427,0.14993402415687926,0.1494253552110687,0.148919845339036,0.14840905062234844,0.1478873053248803,0.1473547683494274,0.14681108612919253,0.14627214753675324,0.1457281790141048,0.14517377923422556,0.1446090583796511,0.14403403338552154,0.14346483842742522,0.14289160762974792,0.1423081941201013,0.14171418717449497,0.14110941488661063,0.14050831480543435,0.13990144592085188,0.1392845652015619,0.13865763469717865,0.13804557931609188,0.13751005298053434,0.13696492794206389,0.13640739548495368,0.13583730356660068,0.1352546033103783,0.13465912554699766,0.13405232949187657,0.13343228381162728,0.1327989233327282,0.1321521378443542,0.13149175697731802,0.1308185706504172,0.13013138930071005,0.1294301848276209,0.12871472316276042,0.12798840712488602,0.12724917624364346,0.1264954919094544,0.1257270679631682,0.12494379682063786,0.12415440377876687,0.12335247926556775,0.1225356288037021,0.1217037205839476,0.12085659507944928
CHN,Tenth,21.98306303984111,23.207456527059477,24.44946988500434,25.707485142857628,26.984530077423084,28.28118225570584,29.55897372387559,30.858985590591203,32.1726255719182,33.50040332723444,34.346262947698236,35.605408544279896,36.88743748776517,38.12936745475009,39.38114276131559,40.64179309646046,41.87428158245467,43.12097689632169,44.37553406508776,45.636157780744114,46.90753104355433,48.13359433041592,49.37310038093447,50.616660354878086,51.86423159505932,53.115098454787905,54.27511555134017,55.437696878186884,56.59681876828653,57.75643114934615,58.91481738045212,59.995618891836585,61.07328514679249,62.141643773290795,63.199920775175,64.24730514351091,65.21400658092081,66.17396120965711,67.12195555952296,68.05745527318092,68.982733298549,69.81177577213077,70.63265217034409,71.43738535274474,72.22580858658321,72.99782158814878,73.68430480644524,74.35722410227115,75.0116138888605,75.65018944853759,76.27449088092828,76.79998748479876,77.31222559882187,77.80387903850553,78.27588391632179,78.72818296769263,79.0922341977996,79.43693611008098,79.75732902073084,80.0536473709421,80.32754631599755,80.51119464454123,80.67508628887101,80.81740778449665,80.93795423161212,81.03698631573941,81.04446818123174,81.02828883273841,80.98664963979415,80.91914120788032,80.82448708771616,80.64259927904902,80.43734051509186,80.21003245584173,79.96389856314366,79.69709770811518,79.36701175374559,79.01646758746492,78.64150628438034,78.2415541747089,77.815145046206,0.3486159101497145,0.3455427643776851,0.3425554636191173,0.3395609671892698,0.3365481167424356,0.3335161894653258,0.3306353010865027,0.32784958054858515,0.3250572203716311,0.322263406963497,0.31958824537963826,0.31699284033082964,0.3144934210676046,0.31151592571136705,0.3085353281669271,0.30554938010135874,0.3026682219638629,0.29982878642012095,0.29697737310455313,0.294116723049836,0.2912443002282984,0.2884742215120762,0.28573967471021244,0.28299623715667355,0.28024571784603003,0.2774896032985609,0.2748265874567061,0.2721939801438841,0.2695534045596552,0.26690211809719583,0.26423372348219476,0.26163276077468584,0.2590555090366934,0.256471577931499,0.25388375813510583,0.25129385758402334,0.24877321278160902,0.2462739641554452,0.2437691549697678,0.24126030341984606,0.23874629772835435,0.23630255649347265,0.23387903166758697,0.23145241867898214,0.22902376491472318,0.22659367448519555,0.2242317901356115,0.2218921800122669,0.21955011897420185,0.21720433648855153,0.21485464596135512,0.21255976331836482,0.2102788633218104,0.20799657025896742,0.20571313656097712,0.20352762059777033,0.20167711278682415,0.19981698305245696,0.19793837940951858,0.19604169438920852,0.19412766212590435,0.1921966068674451,0.19025404387518913,0.18829457858994963,0.18631890007336535,0.1843275397643884,0.18232084448856917,0.18030203247713938,0.17826834584494594,0.17622056765998853,0.17415887369847377,0.17209372343962828,0.17001981318415962,0.16793356859843792,0.16583502944983558,0.1637247263751303,0.16162650007470816,0.15952352369620598,0.15741017194193055,0.15528688221061288,0.1531540210407459
COD,First,0.14355622902761384,0.1496319863940897,0.15589986926465912,0.1625953013012164,0.1699162968413277,0.17794983519985036,0.1858903300730651,0.1945167874237634,0.203937921317834,0.214241975303402,0.22727230800558695,0.2398241926747287,0.2539861726300849,0.2698283779836902,0.2872128851136224,0.30640112331130676,0.32629918658741885,0.34813289148909576,0.3721990773144474,0.3987076182455784,0.4274481977669144,0.4557741623153069,0.48639849737199586,0.5195881491439088,0.555516978598078,0.5937275756898561,0.6301344231495998,0.6688399371773472,0.712279019781975,0.7637807207829421,0.819709748024639,0.8776537373437118,0.9397123339574824,1.0063153733275993,1.0776879458211912,1.1540163017347338,1.2322013327089234,1.3154832906367222,1.4045440620736016,1.4996795838579653,1.6015872889282052,1.6967493867392818,1.7927656731630492,1.8937491770989676,1.999899192802506,2.1183438532822882,2.244986578824674,2.3819564748913775,2.5263179520203853,2.678104932843076,2.8340886524443585,2.986451238712748,3.1463503679011606,3.3142100255864673,3.490655791223384,3.676180994298483,3.8637061171391793,4.059563108369322,4.264029752500192,4.477693563757846,4.702073919955433,4.929050207402681,5.166256201831846,5.414770603851425,5.675084215982007,5.947907804459471,6.224016433349243,6.5111883526220655,6.810094439805796,7.1073821439389615,7.4056901553708965,7.701979359586165,8.006247858949095,8.320508752461599,8.646908011260287,8.985028348294916,9.32194414590193,9.668066818082453,10.023489042529812,10.388158554700452,10.761474036009766,0.003319445834997404,0.003408091446183212,0.0034989854326822607,0.0035950550228959965,0.003697534583267338,0.0038070822242112635,0.0039137496019786494,0.004025624716654624,0.0041452854478462265,0.00427331606759142,0.0044100324343671,0.004574559707439102,0.004762201683189664,0.004972205415316993,0.005197336164840978,0.005438840162569045,0.005685381809470654,0.005946278123175697,0.0062248452230714455,0.006521788546053344,0.006826618283639339,0.007098257745593457,0.007381463230108942,0.007679350726756874,0.00799220151546714,0.008308706792827065,0.008573901012547434,0.008845849646663453,0.009163151506022196,0.009571433804447162,0.00999808228140483,0.01042816731388135,0.010872615166263288,0.011333599388351214,0.011811178085993917,0.012305309888440174,0.012800149912690588,0.013308866892867383,0.013833971280026947,0.014375569375985105,0.014934462350538606,0.01539442651524337,0.015819431337672236,0.01625213820249412,0.016692561020946402,0.01720095087316415,0.017762376477225204,0.018365605903612716,0.01897837618829821,0.019594792392376832,0.02018720665746287,0.020727194627056227,0.021274897649624088,0.021832058619768703,0.022399088181657447,0.02297622909860565,0.02354650228281216,0.024123933887751265,0.02470963468414059,0.025303919797548983,0.025907639088378346,0.026504558440392685,0.027108806127799614,0.02772215231369489,0.028344692456155677,0.028976672430999665,0.0296022497301131,0.030234382690526276,0.03087419239150239,0.03147167358055076,0.03204060337604352,0.03259407806006607,0.03314580749317961,0.03369758952803787,0.034250858093372444,0.034805203694649574,0.035344968603508796,0.03588346230533736,0.03642126236889717,0.03695836223122085,0.03749444328640761
COD,Second,0.26639888824539676,0.27792204539818594,0.289900148348165,0.3026929920294724,0.3166116418578024,0.3318124991495162,0.3468102595888445,0.36308564409293104,0.38083154351480764,0.40021685744834395,0.42187737035663486,0.4446044361606898,0.4700721246662885,0.4984317814619586,0.5295458384389368,0.5638275004184844,0.599288012766746,0.6381414247037421,0.6808557982470181,0.7277700301452603,0.7786771848643457,0.8292153146405846,0.8838495280950994,0.9429975587820726,1.0069615902226485,1.0751837184177113,1.1412685337937392,1.2116120496154985,1.289610040517133,1.3798827461623906,1.4775133563564098,1.578098869142852,1.6855060529485881,1.8003773440064503,1.9230734998122603,2.0539033991757916,2.187316583557363,2.3289210085183703,2.4796957307715215,2.640090829280834,2.811101541782726,2.973300472507657,3.138286408285402,3.311526578253605,3.4933534079523367,3.693118564037981,3.90322227576254,4.128310382670122,4.364647733285744,4.612401675840396,4.867580590765979,5.117440168274904,5.378731037676194,5.652019728338367,5.938180870530326,6.237905870586505,6.539225354733478,6.852761391769929,7.178918907631418,7.518412737218898,7.87267956347172,8.228774802270433,8.599260218181339,8.985540287969107,9.388253619010671,9.808324100476831,10.230466846902088,10.667594068837733,11.12052437235242,11.573363768206246,12.029367141398168,12.480368863707064,12.942435077741026,13.418224936434449,13.910582266966214,14.418981154044126,14.923072301112168,15.439544052729246,15.968501937942216,16.50988605995844,17.06291465251261,0.009227206526273188,0.009412864745234492,0.009601882147968642,0.00980041004233532,0.010010789746660219,0.010234116052809399,0.010449981831684205,0.010674617665051084,0.010913169044284321,0.011166478947828719,0.011434828601498437,0.011757546809692451,0.01212275831804474,0.012527640968420038,0.012956680337437888,0.013411427438692796,0.013870305430769144,0.014349897704000586,0.014855678542782108,0.0153880234338098,0.01592686063125284,0.01639918725250585,0.016886048847355967,0.017392511031176654,0.017918457831546886,0.018443826421303145,0.018876116764736363,0.019315150320120062,0.019825357847431918,0.02047996428024145,0.0211553169417782,0.02182788287246006,0.022514233888096615,0.023217332299770157,0.023936727362315533,0.024671840415308986,0.025399426434858704,0.02613838671500506,0.02689203770116976,0.027660067403911238,0.02844311474889636,0.02907615807236193,0.029653087135687456,0.030235284642144825,0.03082264623107839,0.031498059453598445,0.03223994774950533,0.03303000546373203,0.03382362625809183,0.03461287239329905,0.035361777672666336,0.03603606040695197,0.03671378683946808,0.0373970988948309,0.038086341310854865,0.03878165105702288,0.03946310925082665,0.04014719590116308,0.04083521071037076,0.041527417940689385,0.042224658667092234,0.04290871706417451,0.04359546103630965,0.04428685066860934,0.044982870216999336,0.045683662811940036,0.04637222540202571,0.04706249812701342,0.04775568363775781,0.04839620636929356,0.049000430713390636,0.049584508351568725,0.05016274136242985,0.050737085341061194,0.051309045337629915,0.051878257188170275,0.05242923207501598,0.05297541718689048,0.053517506939025586,0.05405556937586856,0.05458937060225558
COD,Third,0.3452082250280453,0.3602618721588937,0.37595072050171763,0.39270075503114527,0.4108892964833228,0.43071612695422484,0.45026356636331033,0.47147095735072714,0.4945758970425259,0.5197989524510086,0.5471904705657813,0.5763055608318891,0.608786693585945,0.644835789786039,0.6843543781606363,0.727840306948576,0.7727286576371436,0.8218640781472872,0.8757932974114931,0.9349231980672774,0.9991152332730613,1.0631638552199896,1.1323764064770498,1.20723420355223,1.2881079876271921,1.3744713812510438,1.4588962058590782,1.548795006602864,1.647758818381203,1.7606608316298937,1.8824869798921704,2.0076061182434217,2.140965052822727,2.2832864739101226,2.434985965025543,2.5964189983504777,2.7605427647857055,2.934367106616571,3.1189798606314922,3.3148854593616646,3.5232034707025845,3.7226755447887405,3.9265617221669133,4.14042294213246,4.364656079874664,4.608707914961279,4.86276086174195,5.13329893684786,5.416717554607531,5.713354016143271,6.019407148190714,6.319722271030797,6.633149291737957,6.960258874459915,7.302015910611077,7.659172996629354,8.01704141178669,8.388603746106517,8.77425745501853,9.174737880985383,9.59140572863557,10.008658005310528,10.441679626395354,10.891941993464584,11.36010198473544,11.847127834971488,12.33452885774402,12.837895727672185,13.358020826673243,13.879811749183157,14.40637298053662,14.925758642529281,15.45712418404094,16.003380520251174,16.567657776340514,17.14935739630549,17.724494291539827,18.31284850366997,18.914478722848457,19.52929588121355,20.156412715303457,0.014198272544210938,0.014445217422588164,0.014695872992578062,0.014958213941160547,0.015235212449348228,0.0155281636227044,0.015810333329755524,0.01610303817530516,0.016412718225185623,0.016740296877632673,0.017085951601290655,0.01749817480766949,0.017961836814790796,0.018472693049524664,0.01901092613857728,0.019578042702270898,0.02014676803838816,0.02073772839443195,0.021357158736739823,0.02200504248756226,0.022657143930812376,0.023226824053818856,0.023811015931089585,0.024415413075560503,0.02503958026621514,0.025660098731959603,0.026170346398964497,0.026686441677669707,0.027281562699754215,0.02803724816385162,0.02881188692642771,0.02957820155583767,0.030355334242008064,0.031146378262445335,0.031950598612845445,0.032767133563208775,0.033569950465042034,0.034380279953980186,0.03520155575242807,0.03603326108110303,0.03687591816462153,0.0375561200159123,0.03817478159706934,0.03879635659492117,0.03942070377489464,0.04013289118890488,0.040908742377002705,0.04172930431288662,0.04254885240829884,0.04335948988555395,0.044125554159896795,0.04481299236408255,0.0455007040168371,0.046190779201121385,0.046883532926747164,0.04757906047124638,0.048257257066736316,0.04893492474492768,0.04961329873964759,0.05029262185298843,0.050973711680317585,0.05163858478154171,0.05230306246088733,0.0529689968926874,0.053636344609158754,0.05430521710705192,0.054959148165957455,0.05561176753137865,0.05626418154065733,0.05686570575032871,0.0574318138808197,0.05797684284179528,0.0585145661931635,0.059046877554033664,0.05957523818679937,0.060099336216700126,0.06060475301986197,0.06110417600542847,0.06159826686686379,0.06208712497726278,0.06257056869327594
COD,Fourth,0.45338522890515903,0.47330127581497555,0.49410714335026473,0.5163152709182753,0.5403896916509474,0.5665895161559834,0.5924035688054582,0.6204021126193741,0.6508856782236252,0.6841462690797373,0.720529616868122,0.758606716098932,0.8009196896285928,0.8477397446154491,0.8990211956047104,0.9553834383631473,1.0134428722593902,1.0769300614826447,1.1465014329175256,1.222664416300408,1.3053599713355766,1.3882412867828888,1.4777540124444066,1.5744745205358712,1.6788687182284734,1.7904478972965618,1.9003144705457338,2.0173208855580222,2.1453528688524623,2.28966316050202,2.445058351735361,2.6042418605056405,2.773643290687799,2.954102090406641,3.1461178931582077,3.350121180236356,3.557003308842152,3.7757179557884974,4.007509060314601,4.252967668581644,4.51339595261115,4.764695749479799,5.022559726243216,5.292785918252052,5.57586987544126,5.88158994661173,6.19711040227193,6.531422836836099,6.881003415379316,7.2463903924003255,7.623908664195336,7.995102591981453,8.381849147078295,8.784765843690721,9.204957642246876,9.64328208648304,10.081240328234943,10.535165909916193,11.005458198658179,11.492956978268612,11.999318413945463,12.50480646344083,13.028300672023889,13.571404855885286,14.134837395714,14.71966342470717,15.302891498178742,15.903933362289516,16.523601105061307,17.1471879899193,17.77774626149628,18.398374613770496,19.03262073809116,19.683753828998917,20.355309244194085,21.046620973691024,21.728497312671447,22.42518050716005,23.13670265848125,23.862962420845133,24.602957932999832,0.022370864154380873,0.022695079176623813,0.023023031960089344,0.02336521589560626,0.023725347801441622,0.024104916059620698,0.0244692015480882,0.024845641043042883,0.025242504151527855,0.02566073372971483,0.02610030575029742,0.0266241893790527,0.027211094343094325,0.02785461307153679,0.028528651528259466,0.02923455078400982,0.029938274068617036,0.03066490041095407,0.031421733547112286,0.03220819992484918,0.03299412667594963,0.033675070015607954,0.03436929930284156,0.03508345086338121,0.035816680189911534,0.036540883589109056,0.03713101562204256,0.037724950155906975,0.038408252728833685,0.03927425620771778,0.04015598748472968,0.04102260630439609,0.041895593274999185,0.04277831120947667,0.04366974140481766,0.04456874602466841,0.04544701637378314,0.04632765622691883,0.047214336800639384,0.04810635421481531,0.04900411046030154,0.0497219140118755,0.05036995431585679,0.05101785572954853,0.051665452583103635,0.0524023829127546,0.05320255925723025,0.05404448716988407,0.054880022168644405,0.05570108037288556,0.056471409092144355,0.05715787441009786,0.05784100228578867,0.05852292322384302,0.05920392515814592,0.05988407733644418,0.06054407107068646,0.06120017860646038,0.0618536471399155,0.0625047093606428,0.06315412653753745,0.0637850867540329,0.06441250137114857,0.06503814362048382,0.06566196100671015,0.06628403941223292,0.06688940148406922,0.06749056148797246,0.06808857478153614,0.0686363840006648,0.06914896655159132,0.06964045780027128,0.07012324391990758,0.07059908971106277,0.07106934014651928,0.07153377543890534,0.07197993292997241,0.07241898112780541,0.07285157846954539,0.07327787229752682,0.07369776911328656
COD,Fifth,0.5569700193431212,0.581564659599019,0.6073000149265397,0.6347624015422245,0.6644951278855139,0.6968133114501117,0.728640101712548,0.7631556545983333,0.8007138942266454,0.8416751182375953,0.8884442595115544,0.9352446601186339,0.9870541514950414,1.0442051937751753,1.1067263741665032,1.1753550667880257,1.245884982135389,1.3229212857973451,1.4072045783919092,1.4993365748686556,1.599364524114553,1.7000717852640295,1.8087469863792602,1.926040648866812,2.0524984771204,2.1877272945327757,2.32169787960579,2.4643570378876456,2.619591654169936,2.7926277713230556,2.978593036072092,3.168658502508796,3.37061884931312,3.5853885366160614,3.8135264338761443,4.055514183363447,4.300302696601611,4.558648874181868,4.83189304248411,5.120680700152151,5.426457436160099,5.7235641797673065,6.029495201092655,6.349783174094791,6.68500998358731,7.044441089724905,7.412382277659201,7.8003696120616075,8.205367554441533,8.628149134403257,9.065563682602091,9.496657667810764,9.945118157154482,10.411572029503374,10.897220940545392,11.402987601644947,11.90695517019901,12.42847903074365,12.967872475614588,13.52612091214118,14.105723232608383,14.68267127979837,15.279052538792111,15.896521884753481,16.535818528068503,17.198054850166283,17.85635971788499,18.533426235031097,19.23002446763489,19.93313232740803,20.645442087428222,21.345105360409445,22.059388925811767,22.79182156183564,23.546243218152412,24.321922155739365,25.085352829780437,25.86449010730041,26.65931267861372,27.469696341030282,28.29453537079989,0.03155582260714868,0.03194451017020368,0.03233660772076222,0.03274453300162129,0.033172565600697625,0.033622289510248746,0.03405258352162996,0.034495924930741786,0.03496183553012767,0.03545120832207424,0.03596378451200903,0.03657167785406088,0.03724952001621552,0.0379890397742258,0.03875970437429678,0.039562560074011245,0.040358634496366425,0.04117626983806307,0.04202322408613406,0.042898360831631926,0.04376807302846033,0.04451816774178705,0.04527918254853286,0.04605811071905779,0.04685374695124813,0.04763573975228258,0.04827086501607974,0.048907501868716494,0.04963598748920728,0.050552962105916754,0.051480922774601465,0.052387374910886846,0.05329500172681878,0.054207163093326786,0.05512266608710172,0.05604022114213255,0.05693099321862093,0.05781872053791244,0.058707026994049206,0.0595951196987271,0.060483313536037434,0.06119045474403533,0.06182640299626252,0.06245932036887944,0.06308904743323036,0.06380126359260234,0.06456951575752504,0.0653726942037346,0.06616491070451015,0.06693874994824393,0.06766087065061153,0.06830128352640091,0.06893530186225519,0.06956490269191987,0.0701903584909414,0.07081173257888414,0.07141142773036367,0.07200448400677471,0.07259204392072446,0.07317433832384218,0.07375206639163685,0.07431029810999044,0.07486246789393404,0.07541014165163122,0.07595328078415749,0.07649196608683073,0.07701322885797296,0.07752806896961915,0.07803740874766282,0.07850194674550928,0.07893477065410241,0.07934777287859437,0.07975161557641122,0.08014785457089345,0.08053767404198753,0.08092093870165755,0.08128739718132166,0.08164642787987328,0.08199862178104733,0.08234415346506234,0.0826829974993232
COD,Sixth,0.7052329234442968,0.73654140811753,0.7693567576672548,0.8043658508171299,0.8422213579096466,0.8833182324864702,0.9237704838784085,0.9676334382847287,1.015337361400832,1.0673406548187585,1.1234523472647413,1.181909736450067,1.2464355102445035,1.3174663733470624,1.3951570396352864,1.48037798021218,1.5678727196031377,1.6634028811909423,1.7678259783453414,1.8818523436705967,2.005740738066661,2.1308890733094352,2.2659493526086636,2.4116579883580074,2.5686822426890448,2.7367919575521005,2.904461757828628,3.0830921840347294,3.2765339623138776,3.489959349726134,3.719001801561461,3.9525568811151923,4.200436578838976,4.46366677130865,4.7428997066206335,5.038699556939672,5.337312306834616,5.65201069449421,5.984283080946505,6.334867025489239,6.7053896802657755,7.068213907206584,7.443221556782734,7.835587939391429,8.246005108297803,8.683043625308843,9.126975166287535,9.592978538263608,10.078679666648293,10.585223375413737,11.11019460504443,11.628375860588038,12.166684965027702,12.725726899919884,13.306844469409711,13.91106082864739,14.51171414659796,15.132292639212979,15.773130400818602,16.435180079288894,17.120288242251316,17.800303369251807,18.501910907602703,19.226855326203875,19.975922938043226,20.750310151708785,21.517595951882456,22.305206997543692,23.11388116240653,23.93273019267227,24.763989762949752,25.57885787504043,26.409945865967014,27.26114595031599,28.136725367175668,29.03588028860562,29.91889646586768,30.819098195029294,31.736409765283717,32.67069027687792,33.62070804949724,0.046857172020551965,0.0473167558604467,0.04777872919933878,0.04825790953895513,0.04875910647007196,0.04928391019281813,0.04978420266501034,0.05029758598459538,0.050835180773544,0.05139769710726813,0.05198450460544292,0.052681034040240673,0.053454785762938585,0.05429486514513558,0.055164882760080504,0.056065353785184194,0.05695262402518638,0.05785764933665772,0.05878869088042486,0.05974387312766985,0.060685416048308606,0.06148935970984434,0.06229965834577365,0.06312373608479607,0.06395997532493325,0.06477556978740331,0.06543014172821716,0.06608246052694591,0.06682772909020926,0.06776524532484723,0.06870642378066392,0.06961877589969563,0.07052494845075406,0.07142830452604872,0.0723275373025339,0.07322127521515234,0.0740820729838889,0.0749327324647245,0.07577678046813548,0.07661339799631448,0.07744279754857246,0.07809398019232691,0.07867331528341659,0.0792460448556124,0.07981204646945243,0.08045068461004168,0.081136985372393,0.08184946618233707,0.08254576069571203,0.08321935810975337,0.08384100274452394,0.08438631321478791,0.08492185217363794,0.08544941307895101,0.08596923755864092,0.08648139262679415,0.08697188158524065,0.08745290258304024,0.08792548789100253,0.0883898590893246,0.08884658242331793,0.0892843285406435,0.0897135012250619,0.09013538691133834,0.0905499712738211,0.09095732761927781,0.09134811834150955,0.0917304649305023,0.09210512794531617,0.09244240339242568,0.09275295608724718,0.09304683954417284,0.09333159760358783,0.09360842586395396,0.09387821578170837,0.09414096122086088,0.09439005172135043,0.0946318262649151,0.09486679441303364,0.09509516127336272,0.0953170042396792
COD,Seventh,0.8589899903557461,0.8972911856491488,0.9374876661234631,0.9803579976430734,1.0266638101965835,1.0768816994951682,1.1262906698855804,1.1798622982175024,1.2380945426738157,1.301547141248056,1.37078915929065,1.4416448349794215,1.5195764146099207,1.6051188870618138,1.6985937896568777,1.801017120224171,1.905968417156193,2.0204614148946507,2.1454427670397074,2.2817358874801865,2.429860148459914,2.580143189888515,2.742242738626395,2.9169600134164932,3.105069672022429,3.306599501603036,3.5088854010317876,3.7244067318080534,3.956545739432122,4.209820768363622,4.481152634623014,4.757186759208303,5.049733216739691,5.3598781432245906,5.688338445335559,6.035732198148325,6.385553702695885,6.753606483341729,7.141455315178463,7.549890903161346,7.980690504418551,8.405837293984714,8.846923367699715,9.308025859576121,9.789940868108989,10.299305373934718,10.812269412607355,11.347999986128439,11.905418495144996,12.486113947004437,13.089010493769553,13.685539325946861,14.304296183700677,14.945821398261867,15.611554255864105,16.302575062568682,16.987630196765505,17.694244562313123,18.42262884214939,19.173813111708714,19.9500861994294,20.718249705984068,21.50927429335447,22.324897964544444,23.16590769169769,24.03352925643256,24.890224406830022,25.767773161932478,26.66680154903099,27.580385040894427,28.509858653233,29.419007059282755,30.345281162231487,31.29284664882398,32.26631163944292,33.264793266866526,34.24309702700664,35.239309083770785,36.25325809784515,37.28477003994833,38.332487432412215,0.06523944471590368,0.06574365295637606,0.06624877699477853,0.06677074888127958,0.06731458168079216,0.06788172872792314,0.06842026679603322,0.06897085879434613,0.06954502510785122,0.07014321273273115,0.07076442118586806,0.07149608325778438,0.0723035549334948,0.07317421009424249,0.07406974496699581,0.07499002699901845,0.07589006738807655,0.07680144733460728,0.07773183284063037,0.07867870151310881,0.07960487355637912,0.08039104590094119,0.08117785210742223,0.08197208947648842,0.08277184960597408,0.0835462481449232,0.08416540965080171,0.0847786300500936,0.08547267903165422,0.08633514844652714,0.08719248050112702,0.08801507722056205,0.08882388321505189,0.08962179284749146,0.09040755983564117,0.09117991925276311,0.09191529887700063,0.09263382006599784,0.0933384423156277,0.09402845491570355,0.09470401511410205,0.09523028999515959,0.09569501414170449,0.09615004608547459,0.09659533249763742,0.09709078594158142,0.09761515256231645,0.09815145909103945,0.09866803341474017,0.09916052232500365,0.09960895469947295,0.09999749305337705,0.10037387587477396,0.10073940644927212,0.10109429884942865,0.10143864147290724,0.10176313528823536,0.1020762985887022,0.10237886380830291,0.1026710427203725,0.10295325286586868,0.10321860058820312,0.10347380001355332,0.10371966148693176,0.10395621736655893,0.10418354905209463,0.10439652679662476,0.10459995160730445,0.10479429257085769,0.10496531010826024,0.1051192355002886,0.10526124244073712,0.10539539544186166,0.10552241818397515,0.10564284972293897,0.10575679315490372,0.10586153819720374,0.1059600888776528,0.10605277377898423,0.10613979451025574,0.10622129810282101
COD,Eighth,1.1279176278721472,1.178475957676496,1.231620140897392,1.2882814442831243,1.3494055194143912,1.415611271262674,1.4807177479269924,1.5513021000052416,1.6279815761637222,1.7114938543498175,1.8016075194638048,1.8938491159378532,1.9949080424505075,2.105500860241577,2.2262536378808733,2.3584211819665786,2.493593911261107,2.6409403221882384,2.8015616572098088,2.9764707588886483,3.166665536307413,3.36054482089884,3.5695888281968022,3.794707132396534,4.036867086082767,4.296559643699439,4.559162498108478,4.839007178977135,5.138649391846669,5.461472622485251,5.806652208731698,6.156873605206136,6.527475569121821,6.9196579778503455,7.334263329729901,7.772019906882875,8.211636683940634,8.673322927264158,9.158788153173356,9.668935467749394,10.205801931760684,10.740561956543836,11.29782389674804,11.879851205093846,12.487624275811962,13.124598823635026,13.759777664832802,14.419288353302663,15.104208442035496,15.816893602725475,16.558477781347896,17.29415925709045,18.055951338425537,18.844297748219162,19.660823058167868,20.506728727759096,21.342746520355952,22.203448555340216,23.08892059581634,24.00026032267371,24.93985998875934,25.866351994620462,26.81828238113035,27.797421491959557,28.80459536811734,29.84111884267555,30.860416989500713,31.902024727663782,32.96643310250531,34.05287813629345,35.16129098699536,36.24276084026591,37.34334031665681,38.46767758485706,39.62097591427749,40.80225285345406,41.95652615477051,43.130423129106205,44.323649607797066,45.536002461929364,46.765939318861655,0.10312214384467419,0.10362091002656013,0.1041171991312589,0.10462728280739805,0.10515563392131957,0.10570314637730269,0.10621935654402721,0.10674280959431529,0.10728489800497691,0.10784541743495148,0.1084227812291037,0.1091064703795437,0.10985579873944328,0.11065597017080943,0.11146794798049252,0.11229039269090645,0.11308351603947624,0.11387375226167731,0.11466737104935361,0.11546111373555552,0.11622140744222385,0.1168492155689699,0.1174665319926874,0.1180788778419612,0.11868418403318218,0.11925706697633295,0.11969781654052465,0.12012640202646306,0.12060989997539295,0.1212108499828559,0.12179228778392723,0.12233537718687104,0.12285365048040181,0.12334916500459313,0.12382103277179994,0.12426844077763936,0.12467928555284966,0.12506467171477503,0.12542644806675235,0.12576424480081366,0.12607808809848567,0.12630218313875508,0.12648583581426945,0.12665645802798334,0.12681413400485397,0.1269846257777618,0.12715731784123105,0.12732069347623187,0.12746161340278683,0.12757917226176438,0.1276687679799004,0.12773127182695584,0.12777993820326192,0.12781526997988013,0.12783738393761065,0.1278463807426413,0.1278432399010525,0.12782796668242483,0.1278008367091991,0.12776198861860735,0.12771146763330274,0.1276516803233739,0.12758120212689383,0.12750003152726883,0.127408257734594,0.12730594245318988,0.12719657626470482,0.12707786712800598,0.12694981650998222,0.12682156811378528,0.12669240834006112,0.1265619000453551,0.12642688567554472,0.12628716134898424,0.1261425270582192,0.1259932869793229,0.12584432358961867,0.12569200463763214,0.12553637713286894,0.1253776164177635,0.12521599152969345
COD,Ninth,1.4481836266875705,1.5134170461378011,1.5820792182185723,1.655248534904567,1.7340797327770423,1.8193577566178971,1.9031756609922381,1.9940479059816283,2.09269747861016,2.2000721174029136,2.3222518587683805,2.4403937990636613,2.5691270596973235,2.7093638332106287,2.862210603098269,3.0292131892550676,3.199444047601742,3.3847437735100723,3.5863022022628597,3.8053467463048043,4.0435992889906425,4.288161708569169,4.551564032709304,4.834761893391253,5.138901368042668,5.46529199600703,5.798239655916261,6.152980730437381,6.529825305387957,6.929084738131967,7.354860134249824,7.785402984881768,8.24000650773203,8.719854236807977,9.22585235362612,9.758773339518244,10.291831141174173,10.850233299387495,11.435662125057162,12.049046154560266,12.692631310224751,13.341357877665462,14.021187629171578,14.730226584667598,15.469638734145063,16.23580222462039,16.989463123932467,17.765609979699207,18.569551867122858,19.404746854193956,20.276494745329074,21.145223134353472,22.042722648110228,22.969195999043308,23.926368123733635,24.915468368066847,25.888687748775524,26.88820347421145,27.913619683226404,28.966340417568833,30.051239531782187,31.11599690575694,32.20685005517699,33.325375206461985,34.47233606874919,35.649023676590105,36.799882487413356,37.97215307957626,39.16599012650846,40.39217909673239,41.64790367842795,42.868895139598436,44.10954941211539,45.37485100197834,46.6704865161728,47.99533510190107,49.28531871385811,50.59506539200915,51.92404277048893,53.27197555267835,54.63711060658508,0.1570856818609975,0.15743430855598908,0.15777626567195158,0.15812137049936179,0.1584720328765273,0.1588280902415248,0.15915727737702826,0.15948519797396882,0.15981720458177462,0.16015230205207379,0.1604886078801959,0.16086280899202388,0.16125443874232034,0.16165231071360278,0.16203639716118143,0.16240413399632556,0.16273637197574486,0.1630455446195487,0.16333189253469757,0.16359225991867316,0.1638174160996336,0.16398850894957268,0.16413686843931433,0.16426235137178255,0.16436339288881624,0.16443785651063383,0.16448596639102117,0.16451773220606442,0.1645281663691461,0.16450026813437302,0.1644374621015029,0.16434228425491715,0.16421450731864845,0.16405346656314548,0.1638592081101526,0.1636319384980543,0.16337958825462476,0.1630979310082069,0.16278591124321548,0.1624438640270373,0.16207175403327312,0.16176143469749635,0.16147047975653106,0.16116572061432932,0.1608474377903374,0.16046327695996385,0.1600213615242017,0.15953260499485114,0.1590261783282249,0.15850852484856465,0.15800687860074,0.1575475336545486,0.15707670413967587,0.1565930383191416,0.1560965240437409,0.15558726824940813,0.15507987552259955,0.15456318320184936,0.1540363754262804,0.15349947458429877,0.1529520551566877,0.15240835280755052,0.15185671691526834,0.1512957076158467,0.15072549536953075,0.1501461243887103,0.14957146898196086,0.148990724015225,0.14840301237251627,0.14785809530798336,0.14734222558564417,0.14684044550816386,0.14634119122613817,0.14584295223599753,0.14534459078872525,0.14484651955002364,0.14436211487289208,0.14388009379698496,0.14339992222729958,0.14292163673469496,0.14244552661695978
COD,Tenth,3.0318676956622457,3.170046262344118,3.3159520911532483,3.47125294607861,3.6380656611609274,3.81798469912735,3.994601806418203,4.18609280615575,4.3936238769242735,4.6191824945456466,4.8558373529904655,5.094082930255855,5.350564074722286,5.627321750635384,5.928323910171545,6.256199461825512,6.588627335097609,6.949879392880568,7.341375015494877,7.765127341547634,8.227357137963848,8.709120762878579,9.227673708090023,9.783852708436326,10.37968237360954,11.02126432738058,11.691034400726448,12.405266624558474,13.150610127321654,13.909196566492856,14.713886400316005,15.520768433598361,16.368922353967616,17.259309267631558,18.19316971615031,19.171540434764793,20.141631221348614,21.152341539752225,22.205113343496134,23.30109356812587,24.443290773397447,25.63308713716739,26.898381745821005,28.21472276880518,29.584033584851454,30.964779750850973,32.27845421321913,33.60449312003521,34.97049923958766,36.38586863802892,37.877438967184474,39.37842859891631,40.921374811920394,42.50499564418056,44.13151521153805,45.802370071866086,47.43036311125949,49.0924914720599,50.78714819824545,52.515443961409076,54.280210589185295,55.991983409282234,57.733590217427526,59.50579424660831,61.30930574778834,63.1455250545133,64.91663368958392,66.70677351346137,68.51480387147014,70.4057636373597,72.36356743113531,74.25146094978271,76.16337270549589,78.10574520379848,80.08640099763987,82.1038466981664,84.05097863750272,86.02062557567562,88.01136120090223,90.02276475614234,92.05235763569843,0.5470239458908616,0.5439786096397946,0.5409226487485918,0.537759260369386,0.5344571948698739,0.5310065569908367,0.5277230467847643,0.5243587011219789,0.5208421791328817,0.5171693367281336,0.5133447821999267,0.5088274547724928,0.5038240106464679,0.49840645159718544,0.49280772858783745,0.4870246713670115,0.4813380567279045,0.47554653197688357,0.46959757255905393,0.46350263648108603,0.45749806430334033,0.45236436306135874,0.4471920792548734,0.44193410880903883,0.43659993139270536,0.4313940032932252,0.42719842087506466,0.4230148815213563,0.4182472132623483,0.41227262354922195,0.4062691494238371,0.4004442524804921,0.3946502322369579,0.388864486805351,0.38309375042679816,0.37734517522263206,0.3717962179266405,0.3662969344196119,0.3608234893779556,0.3553796664855892,0.34996242594517124,0.34567303861683363,0.34183169762153004,0.33802077487861215,0.33424063819446537,0.32997507868962667,0.3253860410813693,0.3206036792016905,0.3159026264306927,0.31132543746255464,0.3070675777425807,0.30330198291574106,0.29958193695467716,0.2958951095412713,0.2922393095422321,0.288613566366046,0.28511950030144667,0.2816689317969062,0.2782546009704162,0.274874627711685,0.2715244395558605,0.2682897925900968,0.2650924808291434,0.2619229273115077,0.2587809091823137,0.255665498637672,0.25265105597506143,0.24967371351245227,0.24672770950221112,0.24404070663119834,0.24153658931081134,0.2391459125292754,0.2368069555077759,0.23451054566200025,0.2322496608420997,0.23002492785480597,0.22789568780925432,0.22580752191747985,0.22375689602243426,0.22174270871698187,0.2197650303162975
DEU,First,14.458982494736171,14.603466409232407,14.736218045903367,14.860940704757875,14.979314668500471,15.091989609218707,15.20484547696034,15.312430229056455,15.415360728823018,15.51399920238048,15.697747589049202,15.798219472563389,15.893489151014048,15.986462599136656,16.07343884325834,16.15556293899059,16.239804287623507,16.32105775009506,16.399315239877374,16.475008521707466,16.548553111749676,16.638382096930677,16.727955674868053,16.816500753699536,16.904198821522165,16.99113010210219,17.08592520050622,17.181821757701528,17.278628800179725,17.377050044928808,17.477480904402867,17.5905528759166,17.705435080164587,17.822097184456652,17.940497227403934,18.060508682109408,18.187778497442068,18.317192805087036,18.449574313820502,18.584850705494677,18.72346321775462,18.869510411486722,19.01823013168682,19.17061244032587,19.32660559215617,19.486254272617593,19.6534576561023,19.82348068948138,19.997893207864518,20.177184455839807,20.3616567548607,20.557353895912573,20.757084234324537,20.961954707894655,21.172081832646814,21.387514337841036,21.615653856257296,21.847761352677363,22.08523652645996,22.32813441856975,22.576710528536445,22.838071018064788,23.104227153621125,23.37717786953151,23.656814111119207,23.94313597457178,24.242315664119346,24.54613829756004,24.85680744089693,25.174148495697025,25.497942328804715,25.835137897810593,26.17738081298293,26.527787766240365,26.886991555663926,27.25459802322559,27.63922608733727,28.030158904482416,28.429467063074725,28.83695316390768,29.252245151671005,0.0459829435042608,0.045799358147447414,0.04561514750550407,0.045435355489189366,0.04526036964900908,0.045090517595542605,0.044926002069181036,0.04476620626445853,0.044612168916207416,0.04446387803194368,0.04432135690351288,0.04418449035237277,0.044052450400512706,0.043931695447918306,0.043813827500173305,0.043698774519222064,0.0435866525025481,0.043478517835165424,0.043373230181087415,0.04327067458520012,0.04317079701116407,0.0430738443009433,0.042981579785821115,0.04289195120508722,0.04280478135449831,0.04272005562781801,0.0426379938415379,0.042559840455647605,0.04248407308849442,0.0424105318477942,0.0423391873102212,0.04227009849293246,0.042203462880875155,0.04213883559102554,0.04207613490720066,0.042015263151421345,0.04195594595767677,0.04189750331866181,0.0418407144249639,0.041785493679541576,0.04173181401121522,0.04167900110220197,0.04162574413610556,0.041573874459651904,0.041523268167636934,0.04147388295015853,0.04142505487578687,0.04137554535850833,0.04132708775319613,0.04127962557415724,0.04123315963190702,0.04118685390971464,0.04113937208875184,0.04109274226924083,0.04104686587740694,0.041001745308171134,0.040956332133313456,0.040909138775948824,0.04086253166853593,0.0408164825711436,0.04077092122109043,0.04072467627360778,0.04067623047397594,0.04062819226731771,0.04058046862790963,0.04053297593370873,0.04048426013900092,0.04043271553416058,0.04038132674466749,0.04033000535565843,0.040278747592033544,0.04022568318981979,0.0401695364715017,0.040113340655476414,0.040057005997963295,0.040000505227224245,0.03994192868741369,0.03988048754299592,0.03981876376485423,0.039756699743967915,0.03969426119088879
DEU,Second,21.00684232343091,21.248568572969415,21.474371975622663,21.68846495833728,21.892943672548316,22.08862378497235,22.284058934251803,22.47138207855592,22.65131116732383,22.82434002504148,22.988993214252822,23.157680415603743,23.320939643407986,23.482174260087017,23.637666706255473,23.788387572089164,23.945492945728112,24.100099001672447,24.25219869449261,24.4021094657401,24.55057311331118,24.70785049300642,24.864906559347776,25.020861354784405,25.175952807312466,25.330283188885378,25.496584928601678,25.66430438874872,25.833314204165806,26.00451543274961,26.17837168609199,26.363069791934517,26.550156505803507,26.73967769815648,26.931627955853,27.125891747623957,27.33101734017167,27.539373536813567,27.751960976517623,27.9687326518456,28.190285349050544,28.422930000257228,28.659884158668834,28.90224165171359,29.149978848681805,29.403183568434155,29.667979134782453,29.937545735469364,30.21371714593025,30.497149109038524,30.788255284036964,31.0964143460712,31.41119375512041,31.733793971700226,32.0643969105243,32.40308530864663,32.761395274482894,33.12655227999909,33.50007815581812,33.88206505524827,34.27286801286466,34.6835658472217,35.10249542262357,35.53190271351446,35.971683029172986,36.421871383449535,36.892343509822915,37.37125931585132,37.86106180435153,38.36156062578376,38.87249714190868,39.40507277192366,39.94700744215968,40.50189173984527,41.07058512836487,41.65261982046293,42.26197812717043,42.88270856533045,43.5171082314024,44.16496956370887,44.82585324935952,0.06298482930750286,0.06281036563522795,0.06263499895826417,0.06246353670242439,0.0622963739293264,0.062133844567903114,0.0619761664965396,0.06182277069347911,0.06167467749196659,0.0615318991190203,0.061394480280878835,0.06126233425287143,0.06113468041717924,0.061017790797112996,0.06090356378759275,0.06079193468724211,0.06068302900480793,0.06057788191267588,0.060475395334829304,0.0603754659748322,0.06027804680758636,0.06018338886337959,0.06009322347828989,0.060005555358150206,0.059920216832311676,0.05983719902026195,0.059756724953344824,0.05968002324315151,0.05960560507049697,0.0595333199580095,0.05946314216560593,0.05939513631235681,0.05932950076716929,0.05926580024963631,0.05920396007344568,0.05914388555445565,0.05908531012052012,0.059027564849870914,0.05897141970589275,0.05891679565161049,0.05886366495627439,0.05881136430960594,0.058758596322031315,0.05870717530066762,0.05865698133337669,0.058607973076396605,0.05855949320372384,0.05851031234445348,0.05846215252142807,0.058414957820077294,0.058368733353578076,0.05832264619539778,0.05827536539481476,0.05822891118532762,0.05818318601292413,0.05813819273130431,0.05809288751037197,0.058045782902955034,0.05799924215630697,0.05795323688624051,0.05790769701606852,0.05786145141933995,0.057812982768472944,0.05776489815039012,0.0577171041058089,0.05766951766136668,0.05762068339341587,0.057568984534056004,0.05751741575843949,0.05746588708678259,0.05741439504065939,0.05736105930154476,0.05730459408084623,0.05724804693428225,0.0571913267636907,0.057134405294105656,0.05707535823504401,0.05701338490566312,0.05695108576042565,0.0568884042789417,0.05682530399468315
DEU,Third,23.704806147902023,23.997740305329216,24.27338620814327,24.53582515645864,24.787262692365534,25.028537599349374,25.269293333269214,25.500670486154956,25.723341228124564,25.937834246470384,26.078629841433102,26.284660519262122,26.485535720728276,26.68447892119157,26.878348526923258,27.06791642521064,27.266305147798573,27.462713707457983,27.6571719838689,27.84988675647175,28.041768091951543,28.23636611696488,28.43068321764351,28.62390684136261,28.816295582345976,29.007950436693925,29.213381141086394,29.42023410832874,29.628501875369547,29.83916310786628,30.052692436388835,30.274803468259424,30.49945436559563,30.72675851982356,30.95673124860138,31.189272749765703,31.43425215374346,31.68296133676393,31.93641188836703,32.194576290810964,32.458119300675854,32.73440514422852,33.01586071632189,33.3034705005778,33.597234705716765,33.89726459755333,34.210756677143465,34.530062658468694,34.856973965865656,35.19222246197835,35.53626754110214,35.90009161472492,36.27192382468383,36.65281824920283,37.04299584187568,37.44255590031579,37.865036067957305,38.29597865084938,38.736725915075944,39.187392625288474,39.648384717182815,40.132734878603,40.62726436646104,41.134054997859394,41.65302007725895,42.184223776989796,42.73942514905706,43.30531869713053,43.884122517095236,44.47565649872266,45.079653387292254,45.7095249338799,46.351346957100354,47.0085561577143,47.68212825516552,48.37157972580818,49.093666836930495,49.83013212485646,50.5830514157602,51.35223163714952,52.13722484583412,0.06973441608044877,0.06958980795529192,0.06944428214140921,0.0693018316562269,0.06916279441726352,0.06902746233395092,0.0688960282484732,0.0687680310893594,0.06864433286929787,0.06852495798898345,0.06840995613626705,0.06829926725443758,0.06819224689984944,0.06809417196332594,0.06799825589854659,0.06790444979168342,0.06781286503291035,0.06772437714172358,0.06763806783995185,0.06755385582273941,0.06747170416979047,0.06739182923422504,0.06731569857226445,0.0672416318858242,0.06716949066907565,0.06709927249703034,0.06703116864610288,0.06696622273868773,0.06690317761836741,0.06684190911840947,0.06678239971125423,0.06672470450271928,0.06666899471809222,0.06661490460251926,0.06656237063759235,0.06651131730163308,0.06646151725474947,0.06641240391094749,0.06636463216621412,0.06631813812411812,0.06627289913031255,0.0662283507611203,0.06618338839499453,0.06613955849495061,0.06609675980818834,0.06605495766453727,0.0660135928373152,0.06597161600532885,0.06593049766549638,0.06589019104185538,0.06585069900635564,0.06581131285734429,0.06577089348857858,0.06573116848171158,0.06569205475563963,0.06565355483745719,0.0656147759162249,0.06557444542332104,0.06553458453637111,0.06549517039266066,0.06545614185737118,0.06541649697224547,0.06537493336827695,0.06533368477713371,0.06529267216990431,0.06525182486571142,0.0652098929541753,0.06516548568123841,0.06512117533798568,0.06507688366066171,0.06503260818973847,0.06498673086703666,0.0649381442085727,0.0648894681255156,0.06484062430876404,0.0647915883955025,0.06474070112175859,0.06468727032976133,0.06463353638234969,0.06457944879474108,0.0645249763051907
DEU,Fourth,27.849880479295646,28.21309030627179,28.556710480741025,28.884860772982314,29.199943547432852,29.50286385691986,29.80494882194793,30.09581319172074,30.376125501448662,30.646479767605896,30.870433592884215,31.131823244400323,31.3859814095561,31.63586456304223,31.878688298810808,32.115505901981045,32.361529188312744,32.604143971035725,32.84356404543111,33.0801491552732,33.31490452857049,33.557312401948906,33.79870330042099,34.03843292215767,34.27685082171451,34.51411346538315,34.76745805465082,35.022033371764785,35.27802526585574,35.53658096689426,35.798284648311906,36.072434113349296,36.34942284164589,36.62944212842382,36.912539101324924,37.19863294702383,37.49953565909368,37.80490522741014,38.11580814655176,38.43224173241453,38.754967851506876,39.09286934030814,39.437137727331134,39.788695160752404,40.14757035174834,40.51390926080937,40.89645335293576,41.286267560404106,41.685167020184274,42.09398901569,42.5132597954574,42.95626684255993,43.40920125550383,43.87301520683342,44.34797977788011,44.83421975420463,45.34814550275067,45.87273764437545,46.40921796050669,46.95772876080886,47.51874556645144,48.10808192266796,48.71023935939142,49.327217844091734,49.95895001006229,50.60553412757383,51.281384649798646,51.970949676888615,52.67630586587276,53.39728185452381,54.13359837648495,54.90175739514303,55.68533437350398,56.487740105429275,57.310099004735314,58.151904755174044,59.033810083311394,59.9341343463304,60.854812152472135,61.795667368477915,62.756234066152416,0.07987663329150563,0.07975536174007558,0.07963316990295727,0.07951341367990251,0.07939638726364856,0.0792823479639898,0.07917146906973258,0.0790633715648389,0.07895879403703003,0.07885776797969403,0.07876034728203453,0.07866649219894956,0.0785756651806007,0.0784923583410625,0.07841081924028315,0.07833101162042393,0.07825303396118045,0.078177635947042,0.07810404143480791,0.07803218372454422,0.0779620372543107,0.0778937886926763,0.07782869679831952,0.07776533041908297,0.07770357493100018,0.077643429956211,0.07758506282761868,0.07752937119897987,0.07747528227345832,0.07742269013549748,0.07737158198955194,0.07732200857501564,0.07727411917862019,0.07722760112358681,0.0771824017088054,0.07713845692428929,0.0770955739715182,0.07705326535146949,0.0770120963391152,0.07697201227730321,0.07693299574923183,0.07689456160650619,0.07685575490157935,0.07681791332790083,0.07678094782062209,0.07674483151865681,0.07670907997902279,0.07667278853678826,0.07663722589736205,0.07660235471435037,0.07656817751670351,0.07653407929771208,0.07649907708814327,0.07646466468463087,0.07643077045902515,0.07639739839377806,0.07636377385031876,0.07632879161103776,0.07629420670881781,0.07625999745351113,0.0762261129922185,0.07619168289248178,0.0761555733693319,0.076119725687434,0.07608407210634473,0.0760485502084661,0.07601207243670863,0.0759734290864474,0.07593485590964873,0.07589628422221309,0.07585771346221853,0.07581773354813605,0.0757753747585675,0.07573292306426173,0.07569030717896116,0.07564750768998772,0.07560307451526051,0.07555640145649585,0.07550944250369637,0.07546215449416976,0.07541450883687306
DEU,Fifth,30.993449999649002,31.41658065729268,31.818611067809755,32.20348776819617,32.57372621726432,32.930251437792585,33.28566058938366,33.6284111564282,33.95911611232399,34.278405938912535,34.64902524281502,34.9620208555217,35.26449895785627,35.55874645174306,35.84251043191684,36.11741304764538,36.399750191933535,36.676068622156535,36.94687541164068,37.212847849317136,37.47496432163013,37.7570804685903,38.03697352868535,38.31431654854073,38.58957360302058,38.86297921350709,39.153944709729785,39.445669094758706,39.738609168970456,40.03408715904903,40.332832001194454,40.65139728938843,40.972977654850006,41.297845695642266,41.626076769108025,41.957610784040966,42.30581042835087,42.6590702869609,43.01846068739235,43.384002353655546,43.75653225199561,44.14617306679206,44.54321004073956,44.94841858071294,45.36185777969329,45.78370363436757,46.223967345175225,46.672758978994125,47.13181564316247,47.602056632571184,48.0840619600917,48.5930107093232,49.11354761408836,49.64643076047159,50.191976328992624,50.75032998021452,51.34026878636291,51.94282286156039,52.5589723770793,53.188887235146986,53.833100481441974,54.50973453420806,55.20153960803553,55.91027810110166,56.63590689499504,57.378560858334524,58.15489660185342,58.94768244162075,59.75867607494657,60.58772661251015,61.43454794713407,62.31827987711575,63.22059401831159,64.14464799071193,65.09169770783463,66.06122556823276,67.07720542872761,68.1152703015963,69.17704181858801,70.26237050958143,71.37079006362713,0.08741006877218324,0.08732098947408859,0.08723107851997533,0.087142809201073,0.08705640949501488,0.08697207777163721,0.08688995538131994,0.08680977078127336,0.08673208396808166,0.08665692998846762,0.08658435949935205,0.08651435311028907,0.08644652043794884,0.08638423205972601,0.08632319651197731,0.08626339336443226,0.08620489878424036,0.08614828246549258,0.08609296496255765,0.08603890115287575,0.0859860741539838,0.08593463092335284,0.08588552336732294,0.08583767779739433,0.08579100939545672,0.08574552311502757,0.08570134658056915,0.08565916364864383,0.08561816583102272,0.08557827437135858,0.08553948421848326,0.08550183302033268,0.08546543809041648,0.08543006429311155,0.08539567280715969,0.0853622174901457,0.08532955230697213,0.08529730541429158,0.0852659121620347,0.0852353302602313,0.08520554788534153,0.08517619489192685,0.08514654343013459,0.08511761554861741,0.08508934300959865,0.08506170860091922,0.08503434042143272,0.08500654638701843,0.08497929829444699,0.08495256723234712,0.08492635803385899,0.0849001984580214,0.08487333240490785,0.08484690835612653,0.08482087069737315,0.08479522396774654,0.08476937229614533,0.0847424656391941,0.08471585232755784,0.08468951759148016,0.08466342141171115,0.08463689320091729,0.08460906046321623,0.08458141677587933,0.08455391033925115,0.08452649361298058,0.08449832632258836,0.08446847360849218,0.08443866012433877,0.08440883499619856,0.08437899596074777,0.08434805171684014,0.08431525031969764,0.08428235914224148,0.08424932488327057,0.08421612995395998,0.08418165080040337,0.08414541269677386,0.08410893190096283,0.08407217515497545,0.08403511956281225
DEU,Sixth,35.647670576070794,36.155532066291194,36.63996560428324,37.10477088994668,37.552639759704604,37.98454412008897,38.41496354255026,38.83064540524941,39.23215053905194,39.620169780564915,39.909400637304266,40.28268534589243,40.64681852888632,41.00397178050704,41.352794254377706,41.6943752579595,42.04863400618993,42.39853546251285,42.744575430116555,43.08714113435006,43.42754127046905,43.773280837455104,44.11701680168821,44.458464546723484,44.798104117319184,45.13615266598771,45.49503559293335,45.854843680117796,46.216184236401446,46.58047530719681,46.94842620249682,47.330171736430295,47.715223982113386,48.103964242932314,48.496510545263654,48.89283212791242,49.30854568374337,49.73018694964234,50.15884282094875,50.594571167525224,51.03831521427461,51.5019855782629,51.974516310427255,52.45651568704386,52.94808723333647,53.449446174862565,53.97244053185785,54.50575650406513,55.05105923672467,55.6093813187866,56.18137651996956,56.784953568304736,57.40247714282586,58.034475460134686,58.68132806296089,59.34320956868565,60.042306828168925,60.75677537917354,61.4873106998471,62.23412026525699,62.997817558208446,63.79983847661558,64.62034192015142,65.46081958680476,66.32126193997593,67.20185241513396,68.12245560500442,69.06335466126548,70.02593539811495,71.01007057467055,72.01546836304807,73.06502855564148,74.13761513379141,75.23610816607744,76.36193952282264,77.51458121978379,78.72274788771256,79.95815824593589,81.22206340779766,82.51435015317392,83.83455099321853,0.09834944474046245,0.09829680494888807,0.09824346911215347,0.0981909084811066,0.09813927240515426,0.09808869409020804,0.0980392708539327,0.09799085583343134,0.0979437992986736,0.09789813761787194,0.09785391848349093,0.0978111418086528,0.09776958299556422,0.09773132454388139,0.09769374820559187,0.09765684586984986,0.09762067092477285,0.0975855826038823,0.09755122749293076,0.09751758298075155,0.09748464510765853,0.09745250734890527,0.09742177457937526,0.09739177794270698,0.09736247131215721,0.09733385881929063,0.0973060267672295,0.09727941059749848,0.09725350369730966,0.09722826166413986,0.09720368109804693,0.09717979232174363,0.09715667049341677,0.09713416948286517,0.0971122679267382,0.0970909377216332,0.09707008722877315,0.0970494828599929,0.09702940094957423,0.09700981779605956,0.09699072801678991,0.09697189485595147,0.09695285159129344,0.09693425430852885,0.09691606193583738,0.09689826264452363,0.09688062061774748,0.0968626861063476,0.09684508974509663,0.09682781127838412,0.09681085513009306,0.0967939176966397,0.09677650773371914,0.09675936928836416,0.09674246739581302,0.09672580535290644,0.09670899617565644,0.09669148692516312,0.09667415297878805,0.09665698649098836,0.09663996197696793,0.09662264102674857,0.09660445281561876,0.0965863717410118,0.09656836565427937,0.09655040301856577,0.09653193287911405,0.09651233959012803,0.09649275417517635,0.09647314294083141,0.096453504589246,0.09643312056815607,0.09641149147627782,0.09638978141894382,0.09636795532746532,0.09634600195654894,0.09632317508970971,0.09629915869300489,0.0962749547795247,0.09625054192852145,0.09622590310106138
DEU,Seventh,39.352575123422824,39.93728292295702,40.497056935166896,41.035296338367544,41.55478161785792,42.05648145038151,42.55636207992012,43.03980741529942,43.50725956621328,43.959437145372554,44.37102659638525,44.80901935668553,45.23510135228835,45.65051154479181,46.05492593503644,46.44983222510579,46.85685160630918,47.257406760964464,47.65230437765653,48.042160810533275,48.428321557319435,48.82801112830578,49.22450676884964,49.61792064805553,50.008843769479,50.39756059278766,50.809085772538296,51.221019599982284,51.634318862399354,52.0505796685571,52.47063768800146,52.90993349356051,53.35269715266052,53.79942723559339,54.25028136695188,54.70525991452948,55.18188834496487,55.66518761899207,56.15620282301825,56.655027172499615,57.16269041455003,57.69265864744496,58.232832872443666,58.78354336541719,59.34493953375518,59.9172738295641,60.51399704866523,61.122700863949355,61.74484408146567,62.38155975715135,63.033562324019634,63.72114108059918,64.42485417927048,65.14486638582491,65.88161956488335,66.63531461264157,67.43112870805348,68.24491939642162,69.07693604250771,69.92741974632199,70.79705963536553,71.71022484956808,72.64502461409128,73.60247676953797,74.58261102943642,75.58566480766545,76.63439536352656,77.70714901907968,78.80469626046707,79.92694521304294,81.07360795282558,82.27101404892034,83.49578559137854,84.75023601484845,86.03596116141185,87.35243713124179,88.73269592578339,90.14521328152298,91.59063294384518,93.06888987421219,94.5795355801067,0.1068975116011508,0.10689388109637875,0.10688981632382911,0.10688544015359358,0.10688078646346154,0.10687589634613119,0.10687080460905818,0.10686552266367631,0.10686011379331302,0.1068546100202804,0.1068490440961131,0.10684344236739074,0.1068377983140801,0.10683242843453024,0.10682699392461324,0.10682150484230869,0.1068159784711148,0.10681048219716618,0.10680497242501254,0.10679945590987516,0.10679393920392623,0.10678844838500598,0.10678309689594756,0.10677778128388934,0.1067724991282254,0.10676725954591408,0.10676208380225469,0.10675706344938012,0.10675210974364475,0.10674721954788281,0.10674239923479288,0.10673765828966837,0.10673301837401,0.10672845379268378,0.10672396532537946,0.10671955081391991,0.10671519512148954,0.10671085020240939,0.10670657832244519,0.10670237733392418,0.10669824788026039,0.10669414242982174,0.10668995833073923,0.10668584076385094,0.10668178319977624,0.10667778457821216,0.10667379344690735,0.1066697089898901,0.10666567335733312,0.10666168428204931,0.10665774498012452,0.10665378481322682,0.10664968918879697,0.10664563128550117,0.10664160455622716,0.10663761196848821,0.10663356027189916,0.10662931411042828,0.10662508581188973,0.10662087317052026,0.10661667175500016,0.10661237189637411,0.10660783043264856,0.10660328899511062,0.10659873961056374,0.10659417480091996,0.10658945394679148,0.10658441622901345,0.10657934975048107,0.10657424513670902,0.10656910367787566,0.10656373488300087,0.10655800208108826,0.10655221078950539,0.10654635210251562,0.10654042153404833,0.10653421601281084,0.10652764321929781,0.10652097529205495,0.10651420519285706,0.10650732632899826
DEU,Eighth,46.26243637347332,46.98164696814695,47.67286997882605,48.33900399897367,48.98302891373487,49.605938440323214,50.22648501405845,50.827510632685815,51.40930984104839,51.97266872613938,52.45437391944354,52.99855667273758,53.52896379859118,54.04582068833889,54.550436307719444,55.04434029263479,55.55331373362089,56.05480287542292,56.5499200252879,57.03932036634503,57.52460383746871,58.02199238753125,58.51513716655662,59.004583024052245,59.491045608573444,59.97486896875585,60.48573016258536,60.99659468309119,61.5088739717935,62.02439958022283,62.544120174799644,63.08462735763362,63.62897054412985,64.17784311867472,64.73147275953778,65.28991698902335,65.87416049124081,66.46642572579687,67.0677181235915,67.67819545794191,68.29904112206702,68.94650710245669,69.60654410774131,70.27908433847998,70.96435452183901,71.6626744820958,72.39037025053719,73.13296561633685,73.89164781725873,74.6677183423697,75.46199931895788,76.2990473355518,77.1560578639952,78.0326685488116,78.92942448632272,79.84657226507603,80.81463956736152,81.80522086149381,82.81790907831544,83.85300640278146,84.911326828285,86.02246349159792,87.16070380748099,88.32637915675177,89.51958631986366,90.74065118988727,92.01745121360156,93.32471211365605,94.6623040296092,96.03019445714907,97.42809755909914,98.8883873382607,100.38352641938997,101.91502159981846,103.48474010604626,105.0921676720329,106.77796121900579,108.50467767088482,110.272064362616,112.0801374943722,113.92848111739576,0.12251566139473861,0.12258027469236156,0.1226448818011295,0.12270771696857975,0.12276865880198122,0.12282760737940711,0.12288450992731924,0.12293959284522854,0.12299251578554694,0.12304329884075825,0.1230919522416142,0.12313853035053147,0.12318333066814421,0.123224184544628,0.12326395190681985,0.123302664775114,0.1233402897437486,0.12337648147093856,0.12341162953709926,0.12344577896109847,0.12347895316523426,0.12351107692527848,0.123541574813197,0.12357113307168582,0.12359981450862834,0.12362762958942183,0.12365451154695818,0.1236800590796411,0.12370477647113555,0.12372871850836595,0.12375190022017145,0.12377430664842125,0.12379587634012171,0.12381675845097188,0.12383698167559366,0.12385658137085748,0.12387564742668483,0.12389440137950496,0.12391259453870303,0.12393025706328864,0.12394739889560413,0.12396423836282369,0.12398119287748252,0.12399767991323787,0.12401374085317908,0.12402939121797778,0.12404484235949446,0.12406048519728323,0.12407577392845004,0.12409072597519828,0.12410534325835697,0.12411988944150204,0.1241347831341285,0.12414938811104857,0.12416373637148115,0.12417782797426483,0.12419199111279303,0.12420668759536395,0.12422117973149033,0.1242354768658618,0.12424960153583174,0.12426391676580423,0.1242788902403576,0.12429371397568721,0.12430841766353933,0.12432302720584351,0.12433798877394471,0.12435379257031023,0.12436952070003575,0.12438520164519229,0.12440083512379753,0.12441699061082279,0.1244340523755815,0.12445109619067285,0.12446814793128867,0.12448521581381505,0.12450287472883123,0.12452135756653923,0.1245398843553384,0.12455847102958686,0.12457712818125759
DEU,Ninth,51.68466558546915,52.533050294598866,53.35197484906799,54.143235917083295,54.90984525620181,55.652711465039594,56.392735976402086,57.11076373021519,57.806767716298424,58.48153244894203,59.29605917914476,59.9578302197859,60.59875187236803,61.21657993264162,61.81490904752571,62.396470864581254,62.98867869906959,63.567578369603,64.13505248277865,64.69244438983173,65.2412342439705,65.82936139382225,66.41025004165601,66.98545245687907,67.55593642332605,68.12220051577492,68.71795465499629,69.31228009979016,69.90739595651523,70.50548146517004,71.10777111538927,71.74671479092308,72.38960525844712,73.03737091380621,73.69030881342444,74.34853696722314,75.03605090405104,75.73279806503932,76.43959905488468,77.15667848395886,77.88535149572552,78.64439611710205,79.41835260747246,80.20645143995861,81.00901011646398,81.82641202899268,82.67761376063385,83.54661724944609,84.43400918517524,85.34124728464434,86.26924286685406,87.24645118164469,88.24745627198126,89.27099944869813,90.31773919183995,91.38796364248695,92.51712638645493,93.673467920485,94.85546880645371,96.06349556319304,97.29849121645091,98.59493007745365,99.92415100689564,101.28524919866504,102.67841146938672,104.10407341670687,105.59502927829308,107.12329171872885,108.68716102265104,110.28669443694548,111.92162962568055,113.63025394362337,115.38176436646265,117.17610051130823,119.01541307470099,120.89923079623871,122.87563714058162,124.90223504372368,126.97721007475212,129.10070201664243,131.27236892558642,0.13451513184924352,0.13468219608171714,0.13485006387189644,0.1350141336453882,0.13517403089735983,0.13532943904628494,0.13548015377193953,0.1356267226909931,0.1357681752935506,0.13590450339387963,0.13603566855124238,0.13616175928705568,0.1362835238792308,0.13639498453238164,0.1365038746550809,0.13661025522459314,0.1367140099972558,0.13681415542899208,0.13691173904050594,0.13700686052528407,0.13709956658754469,0.13718962015945368,0.1372753766419984,0.13735873732024037,0.13743986188559582,0.1375187597751877,0.13759522128924243,0.1376680817059048,0.13773875627249155,0.13780739046219018,0.13787400756700888,0.1379385496573083,0.1380008288640079,0.13806125942984993,0.13811991400095802,0.1381768810078392,0.13823241663200647,0.13828715525513838,0.13834036676675512,0.13839212707731105,0.13844246290284662,0.13849200343346224,0.13854197834987153,0.1385906681803423,0.1386381891329875,0.1386845788042036,0.13873046048868687,0.13877699777152477,0.13882256072398477,0.1388672028967717,0.13891092102073516,0.13895450215478547,0.1389992038724774,0.1390431168381428,0.13908633420729352,0.1391288516980504,0.13917165829416336,0.13921615591037326,0.13926011388404924,0.13930355886109802,0.139346557212906,0.13939021389820436,0.13943596081370252,0.1394813382414888,0.13952643223746225,0.13957132258865118,0.13961738099936905,0.13966613175855916,0.13971475057391033,0.13976332167146108,0.13981184805210792,0.13986210168262317,0.13991529265439107,0.13996854874977027,0.14002195582389407,0.14007553970384395,0.14013111155073155,0.1401894230506027,0.14024802577356196,0.14030697333455935,0.14036629979381882
DEU,Tenth,78.68794752358174,80.1296640275129,81.53333056032307,82.8966566897931,84.22296495965254,85.51293096150741,86.79822699776213,88.04975782865723,89.26630852752156,90.44874119220485,91.39086368046699,92.53008222504683,93.64514458859418,94.72711253246374,95.79007419119377,96.83582503115144,97.90987088997919,98.96988906371199,100.0191536258744,101.05860554668244,102.09095434411212,103.13273722997853,104.16311975500179,105.18616715945134,106.2032899753258,107.215118189101,108.27411967480982,109.32944066855593,110.38576416617532,111.44609964165073,112.51194002027869,113.60824406653725,114.70945262041153,115.81751580308182,116.9330698185497,118.05653309639375,119.22634844528818,120.41125714370057,121.61137602400908,122.82725323260564,124.0607956073514,125.34275777856749,126.6505444184362,127.98052637524881,129.33343253826166,130.7099508403831,132.14153046976523,133.60449594057033,135.0969898619017,136.62114982787324,138.1782975811779,139.8153734387387,141.49405335587608,143.2093730363961,144.96249110578944,146.75390080762554,148.64237075413047,150.5796127289994,152.5594793652315,154.58262997031247,156.65057356889338,158.8207751642043,161.04995269839057,163.33203969773857,165.66763610439696,168.05766104069966,170.5579799017658,173.12711796056973,175.75679977741115,178.4474960322873,181.19906678915282,184.0774094686349,187.03564436769466,190.06711598874145,193.17520262502944,196.3596642398133,199.70340164717211,203.14008710584048,206.66132525215787,210.26782457867398,213.9596140683581,0.19173335945850342,0.1922709602285229,0.19281309186288131,0.19334485402251567,0.1938649166777807,0.19437211290494502,0.1948656395725039,0.19534715557326135,0.19581333854633226,0.1962640170191007,0.19669891652549407,0.19711818901744887,0.1975242008068897,0.19789682933543298,0.19826176836932102,0.19861916530513038,0.1989685715774208,0.1993066029969215,0.19963673175121732,0.199959240362799,0.20027423653880105,0.20058086516677953,0.20087345506746382,0.20115842371593842,0.2014362799830507,0.20170701205383681,0.20196985974514184,0.2022207638824649,0.20246454993357862,0.20270168438635197,0.20293221648486345,0.20315591217950157,0.20337209029327036,0.20358215298374968,0.2037863309371267,0.2039849086638053,0.20417875397960922,0.2043700674577131,0.20455628462430175,0.20473765073661176,0.20491424057212335,0.20508824824657956,0.205263991665768,0.2054354197022516,0.20560292473879713,0.2057666289444143,0.2059287217698825,0.206093313302857,0.20625464011320582,0.20641287918480924,0.20656800806828704,0.2067228151756559,0.2068817756056817,0.207038099499906,0.20719210966681623,0.2073437877678329,0.2074966524391136,0.20765573110621452,0.20781305019619287,0.20796869971649554,0.20812291302083438,0.20827965565427653,0.2084440852543985,0.20860736938854682,0.2087698174849366,0.208931710103786,0.2090980081548918,0.20927423140759457,0.20945019092531655,0.20962619328429194,0.20980224831157515,0.20998479363201963,0.2101782615734757,0.21037222492933005,0.21056699968218656,0.21076268443096377,0.21096590925803643,0.21117946053886524,0.21139439948723107,0.21161092604767942,0.211829172704416
FRA,First,15.041190341531992,15.214342202984401,15.378335121816553,15.540781245151639,15.70398209652465,15.868453735981939,16.03021409894209,16.189312848967912,16.349447354651687,16.510888440529087,16.73766728956764,16.900505286541083,17.06016592095901,17.22310752362846,17.386242340266612,17.550945655426418,17.714327383045458,17.876994794536834,18.042910841763245,18.212449844622334,18.38623389473539,18.568345838306787,18.751085941614978,18.938036104780448,19.129386409842073,19.32506280912483,19.5222044529792,19.720305070900576,19.924399987663747,20.135651499538696,20.354493779379084,20.57806185042372,20.80328644243889,21.03491905098522,21.272839671155023,21.516776693784376,21.760858780331517,22.007053964941598,22.26068291926269,22.521591039795013,22.790566448559037,23.060200132785774,23.332910235680657,23.613113029534567,23.900735839933425,24.195863066127718,24.488526860981352,24.782813211812535,25.08475831031202,25.395326699011598,25.715105344998896,26.034285382824788,26.356113755309316,26.685852781553514,27.02377961920457,27.37001176545674,27.71486784987083,28.061855712628308,28.416005633874526,28.77746675932759,29.14678667233488,29.5159958753917,29.88861052353236,30.26974478298112,30.659293326814804,31.05734099179136,31.455104284793265,31.85710137507657,32.266305947129595,32.68246745089717,33.1052280374473,33.52563680266205,33.950054709522156,34.38270826701754,34.82495582463019,35.2761139893354,35.72662619825059,36.18142783806541,36.64324587496364,37.111850418809304,37.586675037444984,0.048329007721178666,0.048426530316617804,0.04851072706495672,0.048595946905034035,0.04868350633187322,0.048773898008365735,0.048752286591183455,0.048720498094091916,0.048693701427701776,0.048671946689413714,0.04865529627272719,0.04864377528910785,0.048628027573492494,0.04862314742037981,0.04862219427197098,0.04862508062546161,0.04863176369598723,0.04863474620528354,0.04864145213189455,0.048651803710829125,0.04866576025920339,0.048683222104881296,0.048696924284549255,0.04871407797168517,0.048734568070390144,0.0487583991146183,0.048785353435166635,0.048807167772627856,0.048832156735028685,0.048860219590561235,0.048891145791247696,0.048924777622037466,0.048952855860147124,0.048983805851755054,0.049017597126388125,0.04905417307379343,0.04909305049953324,0.049126223436109,0.049162002157224195,0.04920032733752841,0.049241184317494184,0.04928389668008361,0.049321234488115054,0.0493609414807863,0.04940291410057436,0.0494471430286095,0.049492670449094105,0.0495321848736454,0.04957375556089542,0.0496173389697138,0.049662951257352206,0.049709201927941836,0.04974881576116025,0.049790264202243084,0.049833445095245295,0.049878394351421135,0.04992349942639616,0.04996247861091148,0.05000300050484709,0.050045065090444145,0.05008859259876484,0.0501320914565563,0.0501705119614914,0.05021029883565344,0.050251389551104204,0.05029370175382069,0.05033633297144988,0.05037632976878307,0.05041753383816545,0.050459839244186025,0.05050327294420171,0.05054669299697145,0.05058772272052915,0.050629799446713884,0.05067284020806096,0.05071682610316633,0.050760423621623356,0.05080148602865349,0.05084339252471756,0.05088612227088904,0.05092969132329342
FRA,Second,21.36924215297259,21.62257353546289,21.865038395506495,22.104891000535023,22.344986919369322,22.58598221618282,22.822202100064587,23.05534768016592,23.289159742617223,23.52401369623188,23.758834807089677,23.99038740105121,24.22014256536843,24.454793305525584,24.691329623871333,24.931119664354082,25.170532234355697,25.41109980551723,25.656873255094975,25.90815813830274,26.165867632196573,26.424682977545814,26.685618089385876,26.95224811912304,27.224817899598197,27.50323785147468,27.783365356263012,28.06606309672814,28.356571721757657,28.656332622370254,28.965881452631177,29.27644079567792,29.590455609037317,29.91279168049169,30.243327776461282,30.58175457004138,30.9198235584431,31.262053029488776,31.613954995134335,31.975362950099246,32.34726218003367,32.71924003760568,33.09663079082865,33.483834117836714,33.88078354793119,34.287588841158886,34.69046294741028,35.09713360290968,35.51387016459917,35.94186656873792,36.38184861454696,36.82031684070063,37.264018140485796,37.71812831206344,38.18300296669226,38.65878121714208,39.13226685758782,39.61032925051552,40.097895246529774,40.595144985904064,41.102760400062806,41.60983842064576,42.12290352645179,42.64711535810846,43.18235476715968,43.72874454417315,44.274200488368976,44.82623021144379,45.38776649709677,45.95852178854939,46.53804858481317,47.11406281649016,47.69630020269391,48.28925677455721,48.8946177867693,49.511557866964836,50.1272445536095,50.749522694043016,51.381020799117124,52.02146574880282,52.67016099399752,0.0652450650029704,0.06532365014571317,0.06539018980961514,0.06545789540638092,0.06552788782894704,0.065600592153424,0.06558006941421289,0.06555066051594854,0.06552586201692887,0.0655057263794056,0.06549031127078857,0.06547964458518626,0.06546506168696743,0.0654605420664319,0.0654596590325822,0.06546233294954301,0.06546852192067826,0.06547128338677183,0.06547749349669227,0.06548707827307884,0.06549999963445659,0.06551616354516247,0.06552884561300289,0.06554472015211815,0.06556367891648966,0.06558572386492342,0.0656106535040718,0.06563082346636866,0.06565392362943402,0.06567986009728752,0.06570843520876943,0.06573950003179059,0.06576542777028586,0.06579399968636668,0.06582518656333358,0.06585893146928537,0.06589478696125776,0.06592537079143257,0.0659583468295534,0.06599365825973504,0.06603128771757216,0.06607061154576578,0.06610497485288949,0.06614150520106264,0.06618010598149869,0.06622076381356341,0.06626260014102724,0.06629889544069868,0.06633706641086962,0.06637706818264236,0.06641891693836662,0.066461332608513,0.06649764722943846,0.06653562983127369,0.06657518401862583,0.06661634235131872,0.06665762587334202,0.06669328967020116,0.06673035040367468,0.06676880753515999,0.06680858697807808,0.06684832401810442,0.06688340886026313,0.06691972950315798,0.0669572241818205,0.06699582073457716,0.06703469260879492,0.0670711490240934,0.06710869083171007,0.06714722232819423,0.06718676608369127,0.0672262812105707,0.06726360783499431,0.06730187089643444,0.06734099664217451,0.06738096616956978,0.06742056579439483,0.06745784945548322,0.06749588355033706,0.06753465080870091,0.06757416440668688
FRA,Third,23.804391762568958,24.090762175144544,24.366220539079315,24.638483640381637,24.9105798739348,25.183195283997257,25.44997788709051,25.71382291103457,25.97791467127715,26.24265573978042,26.45863568504231,26.716752468226556,26.974385699138487,27.237370068063978,27.50319219669167,27.77309854969211,28.04330826675338,28.31604301628124,28.59483541747536,28.87990144160252,29.172284424945566,29.46020668660979,29.751214959236588,30.04832824511484,30.351802052931546,30.66152464928881,30.97285042478048,31.28777641083689,31.610966426767668,31.943950054449836,32.287292581676205,32.62870526501072,32.974662133202806,33.32939492292563,33.69277771331688,34.064487447750096,34.43539391324566,34.81166527486393,35.198179087017756,35.59476242575444,36.00246477406074,36.40977280864638,36.82378573331965,37.24820790862319,37.682974748959246,38.128199676714296,38.56872586352354,39.014361556517585,39.47069531881441,39.938997404323146,40.42002981286017,40.89902943158677,41.38480255786761,41.88164972906329,42.389956557999874,42.90985672687202,43.42699408958442,43.950176260944225,44.48348412921854,45.02709972562127,45.58175194116301,46.135594896283216,46.696850817551585,47.269970618180096,47.85483255886207,48.451571878652,49.04697609775283,49.65002633929579,50.26318209421042,50.886147293959304,51.51843406931073,52.14665815920952,52.78210652226945,53.428930603980504,54.08892768261291,54.76122315258903,55.431953469899334,56.11032979733241,56.79849445785251,57.49615420238859,58.20256157071189,0.07155185515115384,0.07162446818693224,0.07168695003057138,0.07175015701739929,0.07181506714314594,0.07188204394251742,0.07186571727718714,0.07184177191123499,0.07182157702081331,0.07180517676236345,0.07179262043105965,0.07178393027950396,0.07177204857314094,0.07176836715420581,0.07176764746091983,0.07176982625529875,0.07177486820024545,0.07177711792338465,0.07178217786311689,0.07178998600921128,0.07180051174641039,0.07181367722091284,0.07182400656048547,0.0718369342563906,0.07185237219925306,0.07187031999366351,0.07189061320801367,0.07190703040030352,0.07192582933967423,0.07194693246688154,0.07197017903622546,0.07199544509245608,0.07201652971244869,0.07203976002854305,0.07206511076571141,0.0720925358546754,0.07212166893839268,0.07214651356524569,0.07217329564625403,0.0722019674311898,0.07223251515822555,0.07226442927153558,0.07229231026928838,0.07232194373422486,0.0723532476394533,0.07238621206049924,0.07242012170197237,0.07244953287740594,0.07248045654139074,0.0725128547609833,0.07254673838897469,0.07258107264838567,0.07261046048445766,0.07264119035646051,0.07267318380671026,0.07270646579928615,0.07273983929055314,0.0727686626802977,0.0727986080480296,0.0728296734099977,0.07286179841114512,0.07289388069892837,0.07292219996566798,0.07295150947778795,0.07298175991936717,0.0730128909789397,0.07304423560685877,0.0730736250483664,0.07310388267520306,0.0731349296139931,0.07316678368784005,0.07319860662695828,0.07322865943224069,0.07325945876717699,0.07329094266119672,0.07332309819929908,0.07335494831009125,0.07338492709342306,0.0734155023225642,0.07344665822764403,0.07347840601793855
FRA,Fourth,27.683856342257297,28.02103166020994,28.346721095977845,28.668448073238388,28.989527300872183,29.310711001563284,29.62459441772524,29.935491340171843,30.246209463196447,30.557206065265916,30.842573146553885,31.146031902380603,31.448732122720106,31.755804447966028,32.06506778773756,32.37805555138104,32.690116325541325,33.00491233471673,33.32575975138371,33.65300195452226,33.98778441145584,34.320330724464,34.65667721583555,34.99954857091193,35.34927184761749,35.70575755175881,36.06361170769301,36.426172729256905,36.797810084975715,37.18023941550826,37.57413732399665,37.96703266795091,38.36585852831934,38.77443536141433,39.19263919385128,39.62012998932342,40.04634556024775,40.47947853901116,40.924016966164224,41.379784872902995,41.8479372210893,42.31515539888828,42.79078674512403,43.278044482364606,43.77687225359258,44.28739615944107,44.79219510464996,45.30378647567695,45.827349972081834,46.36428089817781,46.91540882750203,47.46381725285416,48.02096227537475,48.5905123054332,49.17289927184434,49.76826204157376,50.36022488382527,50.96010301411974,51.57136402566406,52.194203495490974,52.829422305378934,53.46349743822766,54.106861455502155,54.76349431166348,55.43327013574385,56.116346801363484,56.79758748618461,57.48803459067695,58.18981455538635,58.90261576242202,59.62589941790633,60.344354721245786,61.071504112118376,61.81134740847472,62.56585764039586,63.334085062543984,64.100321415226,64.87573586401717,65.66211172834926,66.45913409693392,67.26598066183693,0.08141363919141408,0.08146818316934322,0.08151452015161582,0.08156155632230357,0.08161005267594301,0.08166029411860251,0.08164662323155761,0.08162691879288904,0.08161029824827196,0.08159679729054743,0.08158646003779853,0.081579304808819,0.08156952130208217,0.08156648923568506,0.08156589642454058,0.08156769025888973,0.08157184307339016,0.08157369513542773,0.08157786177877081,0.0815842907726479,0.08159295735956218,0.08160379511837423,0.08161229799268307,0.08162293787252446,0.08163564288665767,0.08165041117809972,0.08166710588466944,0.08168061016506908,0.08169607125285176,0.08171342403556583,0.08173253599342813,0.08175330371564511,0.08177063043172982,0.08178971700440864,0.08181054224111647,0.08183306501823899,0.08185698494637811,0.08187737908947548,0.08189935843332664,0.0819228827935681,0.08194794024479814,0.08197411072258395,0.08199696832375637,0.0820212559706467,0.08204690588296056,0.08207390890844356,0.08210167755642978,0.0821257566446605,0.08215106556922963,0.08217757526412492,0.08220529204127165,0.08223336853930653,0.08225739400396012,0.08228250928102433,0.08230864992522242,0.08233583571022297,0.08236308791010816,0.08238661812806691,0.08241105736637916,0.08243640479581525,0.08246260892053696,0.08248877164522947,0.08251185854652185,0.08253574687116591,0.08256039478500495,0.0825857533521531,0.08261128021884306,0.0826352072578804,0.08265983485838327,0.0826850971560184,0.08271100968503402,0.08273688923102461,0.08276132226443092,0.08278635616005402,0.08281193942265089,0.08283805991642361,0.08286392453982537,0.08288826416050465,0.0829130801301037,0.08293836176021557,0.08296411469979689
FRA,Fifth,30.526054286035286,30.901728124113212,31.26585568291865,31.625357434698085,31.983735854946396,32.341775980244805,32.691287066111904,33.03794995032395,33.383959352152516,33.72980571389899,34.11770140447601,34.456911323751015,34.794266461753594,35.13368410122684,35.47345607813978,35.81556852909884,36.15440104772308,36.495383752901596,36.841449107081324,37.19317019553771,37.551707548388286,37.914976370321114,38.28241157875812,38.65628083507116,39.03699091734886,39.424490876553755,39.8128710287304,40.206866709786055,40.610292103967325,41.025021148624894,41.451852126785106,41.88092859329381,42.31718357053797,42.76373990209892,43.22047187719076,43.6870292352667,44.151818743099824,44.62490703885095,45.11008452452742,45.607170533632925,46.11739077947472,46.62613770672147,47.14477983374759,47.67576859071893,48.219054575122904,48.774767967263045,49.32388978562319,49.88131298072995,50.451474818484,51.035851058604415,51.6353145761891,52.231460416078185,52.838097372736826,53.457945927347716,54.091470559128275,54.73880606893148,55.38220905204638,56.035203361119635,56.70034273813832,57.377825793720284,58.068504289773855,58.75773301001464,59.45787647452307,60.17215035672688,60.900428456579625,61.64288285446562,62.3830490138504,63.13366594054724,63.8963513075024,64.67078843466601,65.45639541188997,66.23655650283115,67.02657501796025,67.83008213884213,68.64917574341864,69.48285344517488,70.3141856547089,71.15591516112815,72.0093082627946,72.87403154658894,73.74920904253285,0.08851232113692155,0.08855419551705405,0.08859006636732288,0.0886263444021072,0.08866359774448596,0.08870203113988438,0.08869238202923406,0.08867829345061674,0.08866640695912574,0.08865674890347687,0.08864935305700217,0.08864423251935058,0.08863723109252715,0.08863506083931484,0.08863463686035385,0.08863592112370455,0.08863889293574026,0.08864021894618711,0.08864319992835797,0.08864780084432425,0.08865400135111605,0.08866175532168113,0.0886678374075309,0.08867544692958136,0.08868453086417255,0.08869508934477417,0.08870702198637641,0.08871667133844356,0.08872771657512084,0.0887401104316629,0.08875375670918159,0.08876858135501,0.08878094506951198,0.08879456126071279,0.08880941234837172,0.08882546992643958,0.08884251655358755,0.08885704526747829,0.08887269949124939,0.08888944661316175,0.08890727885847009,0.08892589534941403,0.0889421494644415,0.08895941404074988,0.08897764000517525,0.08899681882218889,0.08901653362096233,0.08903362062202147,0.08905157540290198,0.08907037274033731,0.08909001810315537,0.08910990956459083,0.08912692283213686,0.0891447021586364,0.08916319991149392,0.08918242861977298,0.08920169555650391,0.08921832440773521,0.0892355898550336,0.08925348961417229,0.08927198593793344,0.0892904450011488,0.08930672803907291,0.08932356938537396,0.089340940609843,0.0893588038720636,0.08937677908563824,0.08939362117030855,0.08941094899920705,0.08942871678634183,0.08944693382160673,0.0894651207935339,0.08948228345869348,0.08949986034927875,0.08951781612610193,0.08953614175672553,0.08955428020067507,0.0895713416317868,0.08958873002843093,0.0896064377321587,0.08962446769281675
FRA,Sixth,34.80002855703775,35.2327503071508,35.65360382130016,36.06891328104596,36.4824600391567,36.8950905720217,37.29744357431408,37.69702869756548,38.095360140298816,38.4929857093836,38.82869465009439,39.21345574109224,39.59890986039319,39.98801107362974,40.37972350234337,40.77571439630595,41.17021390426608,41.56945297520557,41.975677403258366,42.38925870114837,42.81160158622926,43.227034807108154,43.64831243407357,44.07697168626708,44.513428961786154,44.957600511889076,45.402675752108344,45.85503877269772,46.31778841536805,46.79292850921216,47.28128727745807,47.76587538963498,48.25935587287258,48.764083209646095,49.27993564268904,49.806549471565134,50.33077069618973,50.86519411786502,51.412853111575956,51.97356669470207,52.5486652907792,53.121578808807435,53.706448273363684,54.30487412235642,54.916818558939795,55.542423720888614,56.16022795899003,56.788413778509295,57.43061446518312,58.08843089758889,58.76280145416615,59.43301803246471,60.11613255988018,60.813798445594074,61.52652879967971,62.25445983011618,62.97771027701146,63.71285249607819,64.4614121139094,65.22359780809296,66.00033680357835,66.77521141971762,67.56325733180428,68.36685180440955,69.18586602578844,70.02049956347057,70.85222532760385,71.69620514394825,72.55349057592255,73.42375512978172,74.30636084739174,75.1826445859343,76.07047899527781,76.9731252223098,77.89285928470913,78.82860716239095,79.76150820915801,80.7065699445278,81.66447943825294,82.63487702859817,83.61681550957168,0.09901303339709737,0.09903026076978969,0.09904430648073038,0.09905869746102992,0.09907369641824082,0.09908940276963706,0.09908377623828768,0.09907595749517349,0.09906935550281673,0.09906398879759769,0.09905987727036594,0.09905702956288778,0.0990531346510145,0.09905192721517261,0.0990516907090403,0.09905240520192066,0.09905405877550612,0.09905479666620369,0.09905645473936343,0.09905901353208045,0.09906246149374638,0.09906677124371605,0.09907014997302561,0.09907437697046406,0.09907942001904477,0.09908527867510084,0.09909189541292299,0.09909724337431444,0.09910336152920446,0.09911022321115484,0.09911777235655879,0.0991259670991777,0.09913279665165041,0.09914031308643162,0.09914850512440251,0.09915735462426237,0.09916674238377336,0.09917473508347491,0.09918334103498375,0.09919253963052733,0.09920232475442595,0.09921253112206863,0.09922143312853982,0.09923087992590274,0.09924084303597333,0.09925131631316013,0.0992620711768581,0.09927138286339404,0.09928115728229082,0.09929138085291109,0.0993020547652136,0.09931284942648613,0.09932207255532978,0.0993317022022082,0.09934171031199632,0.09935210298022776,0.09936250489301617,0.09937147352720563,0.0993807761447578,0.09939041074798119,0.09940035602186816,0.09941027102214048,0.0994190085418372,0.09942803732170338,0.09943733990259852,0.09944689730678476,0.09945650329609222,0.09946549537128022,0.09947473727748089,0.09948420428903745,0.09949390032601474,0.09950356946312498,0.09951268438042077,0.099522010298441,0.09953152645252925,0.09954122865097058,0.09955082078368568,0.09955983361581006,0.09956901027437348,0.09957834451925143,0.09958783907424604
FRA,Seventh,38.062272330403346,38.5403179574452,39.006749618300056,39.466794095229346,39.924418137500275,40.380493199620204,40.82474274521823,41.266532190196585,41.70638240610302,42.144872621252745,42.565050565374506,42.99009830043248,43.415442738259834,43.84220829402864,44.270158710521045,44.70130933530289,45.12898612694606,45.56144246405821,46.00016796507024,46.44570526936721,46.89950910040429,47.350596551616846,47.80828186301968,48.27326681142759,48.74604401520686,49.22655614238956,49.7073834559326,50.196800363798644,50.69691708221542,51.20989388080125,51.73667894938269,52.26147504357929,52.79679871120319,53.34386075088354,53.902538854642415,54.47245881073112,55.03930139239664,55.61814473228442,56.21086145821684,56.8172708711203,57.438773684096546,58.057349130491865,58.689778481009505,59.3364480479051,59.99733015659416,60.67256998199571,61.33892329617925,62.017633381391015,62.71109758446494,63.421002902728944,64.14832649286595,64.87072980143793,65.60831377506778,66.36123488728339,67.1300450509685,67.91487075936263,68.69435519158053,69.48791294034012,70.29563687346916,71.11773566198234,71.95519240714421,72.79038641972961,73.64082382806997,74.50766305861839,75.39077346532402,76.29037553178935,77.18648361402715,78.09635970049428,79.02026043299986,79.95785667856393,80.90846178290981,81.85199754006312,82.80849726369142,83.78058543816365,84.77067066066932,85.777623601561,86.78129160958635,87.79860330943117,88.82944748944617,89.87344518197884,90.92959025109629,0.10690350485912756,0.1069036798537073,0.1069038758820597,0.10690396698993745,0.10690394406354475,0.10690379785671797,0.10690413431308274,0.10690454502877009,0.10690488354501274,0.10690515293782618,0.10690535511287333,0.10690549375734482,0.1069056805654423,0.10690573830802706,0.10690574937634682,0.10690571499340154,0.10690563641099932,0.10690560080055163,0.10690552149635892,0.10690539776511766,0.10690522878828077,0.10690501379615173,0.10690484309385807,0.1069046271022268,0.1069043645973491,0.10690405374733394,0.10690369452434807,0.1069033983713776,0.10690305282583144,0.10690265631077277,0.10690221013828186,0.1069017141723113,0.10690128996491625,0.10690081327643675,0.10690028117430979,0.10689969168191396,0.10689904916776025,0.10689848881438437,0.10689787127977364,0.10689719543161438,0.10689645746458666,0.10689566802194618,0.10689496183521582,0.10689419504974207,0.10689336673549488,0.1068924746104916,0.10689153522641238,0.10689070212084,0.10688980871118056,0.10688885321004982,0.10688783192264988,0.10688677468407111,0.1068858521317363,0.10688486978550689,0.1068838278099783,0.10688272296725186,0.10688159414242891,0.10688060157904365,0.10687955397383472,0.10687844876001393,0.10687728664327693,0.10687610636451943,0.10687504795520152,0.10687393753454315,0.10687277281625876,0.10687155674586778,0.10687031380709888,0.10686913070632456,0.10686789570239857,0.10686661044936635,0.10686527213361144,0.10686391623300856,0.1068626180764022,0.10686126977113611,0.106859872426873,0.1068584264141404,0.10685697467771899,0.10685558985091698,0.10685416017415167,0.10685268476259713,0.10685116292056558
FRA,Eighth,44.28709181432061,44.849786888404324,45.40084866201097,45.94407779351155,46.48380066180901,47.020957268036966,47.54355122505518,48.06400130482279,48.58144744145753,49.09654332421202,49.56638799519547,50.06328984829625,50.5617855821425,51.06064095703618,51.56082772263519,52.06448726637463,52.563921827164805,53.069902729649705,53.582757495317864,54.103067519561606,54.63250186341477,55.15554291419743,55.68705265955316,56.226469066988834,56.77437074498902,57.330711414927265,57.88683586421602,58.453958885147394,59.03279037603271,59.62572926499036,60.2338607399262,60.837733603976226,61.45490355532535,62.085000870330155,62.72791100909506,63.38324764238264,64.03444007089125,64.70069203939255,65.38229044003589,66.07905758148192,66.7925351756716,67.50187780233368,68.22834100739182,68.97061617966418,69.72869533381355,70.50273858964574,71.26601761702499,72.04501342953938,72.84043763585625,73.65414221532426,74.48718731181371,75.31398435009169,76.1598243588128,77.02276853599233,77.90343965648742,78.80195834560676,79.69398030954183,80.6037745984968,81.52942446843089,82.47114931529345,83.43003298559051,84.385986449931,85.36074538634483,86.35378527486704,87.3649793294438,88.39458350130668,89.41970311827212,90.4613354507414,91.51862886046474,92.59124902860844,93.6784291628649,94.75721810912555,95.85154329701886,96.9632001835058,98.09484165069355,99.24524194477476,100.3915843347575,101.55425164428546,102.7320172440111,103.92447130095212,105.13050444197597,0.12170031818605351,0.12165847318685105,0.12162171231957342,0.12158470362983524,0.12154691294304083,0.12150814424733779,0.121515852702849,0.12152757632409923,0.12153745440919045,0.12154547117071858,0.1215516047297765,0.12155584871520013,0.12156164794441501,0.12156344495295589,0.12156379563286816,0.12156273300361092,0.12156027232885722,0.1215591740124916,0.12155670413421704,0.12155289142215597,0.12154774993363827,0.12154131620191179,0.12153626605971822,0.1215299428247101,0.12152238776000793,0.12151359777209236,0.12150365252068941,0.12149560087544764,0.12148637409855784,0.12147600893894307,0.12146458054461678,0.12145214781681642,0.12144176342213345,0.12143031242884864,0.12141780366691876,0.12140425792351586,0.12138985249455163,0.12137755485694052,0.12136428469247605,0.1213500627912883,0.12133489352517518,0.12131902667710327,0.12130514780110926,0.12129038195430358,0.12127476404891853,0.12125829817019933,0.12124133790425957,0.1212266100003278,0.1212111066313966,0.12119484444305516,0.12117781411593978,0.1211605359844466,0.12114572906717276,0.12113022782919575,0.1211140704767139,0.12109724122750855,0.12108034467715487,0.12106573473286399,0.12105053873026285,0.12103475685148289,0.12101841676906244,0.12100207851294222,0.12098764046437614,0.12097268156368324,0.12095722537914262,0.12094130088605452,0.12092524834913128,0.12091018004636747,0.1208946489814677,0.1208786954552773,0.12086230756695779,0.12084591594777291,0.12083041917848214,0.1208145192477072,0.12079824726770892,0.12078160908200013,0.12076510918002512,0.1207495604952179,0.12073368521677871,0.12071749028412578,0.12070096832320916
FRA,Ninth,48.8259823712167,49.454764632124295,50.07312590612557,50.6822513362323,51.28666623002045,51.887306839656006,52.47086624301685,53.05312907502904,53.631048905798934,54.20530374236541,54.880128920605806,55.437768018075175,55.9950699058818,56.54666240409267,57.09520615364541,57.64372946533429,58.18271593428324,58.727162758308936,59.275752949388355,59.82953375067508,60.39014249928004,60.95905061361751,61.5373183434697,62.12259728610711,62.715620993152676,63.31641563847843,63.9155351356945,64.52777983761239,65.15164965782834,65.78979523375587,66.44354006310977,67.09971957937383,67.77202724555774,68.45756212975823,69.15620682384215,69.86756076886424,70.57348346501301,71.29754593157837,72.037451371587,72.793021180407,73.56587939021782,74.33324114219585,75.12090971909534,75.92494851642063,76.74536965572322,77.58232714791305,78.40675474275595,79.25029934889983,80.11091840491976,80.99056837991469,81.89034748955577,82.78260244637528,83.69781220184866,84.6308412803618,85.58236500512878,86.55247739135653,87.515034443303,88.49910447143414,89.49971907164377,90.51708644130689,91.55236451009776,92.58403366072734,93.63796389143592,94.71099236353949,95.80299625282387,96.91426050296049,98.02004509618274,99.14468410636387,100.28563169189398,101.44256060686916,102.6146310928809,103.7771570508204,104.95738766191266,106.15566589189946,107.37481446385726,108.6135369077847,109.8475115185216,111.10010259565132,112.36840785045696,113.65199126737181,114.94966144741242,0.13230112559637114,0.13223499024653823,0.13218007489393876,0.1321237722579733,0.1320650836008161,0.13200361573221298,0.13202376838987573,0.13205205714682855,0.1320759098765951,0.13209527709982077,0.13211010326306227,0.13212036300857333,0.13213438860784948,0.13213873460664544,0.13213958453168567,0.13213701280691847,0.13213106067916167,0.1321284045911939,0.1321224319867292,0.13211321389505024,0.132100785638223,0.13208523905924596,0.13207304059249564,0.13205777153742781,0.13203953498869297,0.1320183297384546,0.13199434932956527,0.13197494600335874,0.13195272333608887,0.13192777195067312,0.13190028081052696,0.13187039271801596,0.13184544692613112,0.13181795586944675,0.1317879481952483,0.13175547662434905,0.1317209734059906,0.13169154179889933,0.131659805929651,0.131625822468458,0.13158960508890327,0.1315517556909336,0.13151867968799225,0.1314835155088171,0.13144635746624764,0.13140721645122438,0.13136693980101147,0.1313319959026387,0.13129524448487667,0.13125672761489535,0.13121643212582354,0.1311755881555779,0.13114061728154264,0.1311040387320596,0.13106594436542338,0.13102630400138304,0.13098654102019194,0.13095218965078415,0.13091649131779448,0.13087944562738024,0.13084112569326473,0.13080284433767717,0.13076904378476062,0.13073405077179992,0.13069792538224886,0.1306607371937784,0.13062328201318515,0.1305881530707487,0.1305519766228952,0.1305148456623947,0.13047673716490957,0.13043865504991645,0.1304026807303072,0.13036580209432597,0.13032809154948044,0.13028956562367333,0.1302513948059509,0.1302154554877186,0.13017879041586272,0.13014141792826958,0.13010332503483188
FRA,Tenth,72.24109467872167,73.19967386112562,74.15102937361016,75.08690676964115,76.01288160828632,76.93000621827439,77.81837600535549,78.70814995548629,79.58816313250573,80.45930460600995,81.18207098055731,82.00993155496754,82.84692727853152,83.67395840592553,84.50069234469039,85.32984961753725,86.1489053578749,86.98384810064303,87.82607908005838,88.67640643631327,89.53738131129165,90.37564501352033,91.23248613979652,92.09792647066706,92.97296386181478,93.85760162624109,94.73767583038031,95.6421147153702,96.5607529049789,97.49698986454082,98.45259815702262,99.39298555551409,100.36195856225386,101.3472395782672,102.34875064339431,103.36607549240283,104.37278353517921,105.41126469458153,106.4696988062564,107.54794090243155,108.64806151507229,109.7369350278675,110.86038397944095,112.00471270319083,113.17004308880597,114.35655735807244,115.52261977297489,116.72284825640018,117.94510264070891,119.19187032964588,120.46448451865048,121.72381353115345,123.02327320839258,124.34586843905294,125.69253734500705,127.06330666180062,128.42171473839505,129.81809281164863,131.23617243059596,132.6761625428917,134.13957141471772,135.5964311308286,137.090977564837,138.61038714109534,140.15456357347193,141.72394646713602,143.28350098114885,144.87309930294015,146.483972273008,148.11582185317795,149.76751248530815,151.40435600196085,153.06934186401656,154.7576539574768,156.4729383227309,158.21359699854514,159.9463323601402,161.7085886447434,163.491328179571,165.2940102447066,167.1150937470631,0.18503012975771185,0.18477556860745317,0.1845575769996159,0.18433695960799915,0.18411025124996225,0.1838761800313002,0.18393538981252977,0.18402172124034732,0.1840945509935434,0.18415371396882957,0.18419901855454585,0.1842303774740262,0.18427325800306854,0.18428654820118173,0.18428914569969176,0.1842812827812509,0.1842630819794344,0.18425496233250427,0.1842367024444989,0.1842085237755041,0.1841705437953631,0.18412304638796245,0.18408578842265094,0.1840391643828714,0.1839834996979422,0.183918796570939,0.18384566019417622,0.18378650823268888,0.1837187906782078,0.18364279296649721,0.1835591034111634,0.1834681703767394,0.18339231419104515,0.18330876150705014,0.18321761279419946,0.1831190438035259,0.18301437464877496,0.1829251472965598,0.18282899450550782,0.18272609724292901,0.18261651287034872,0.18250207491856515,0.18240214014865205,0.18229596713376428,0.18218385510370355,0.18206584782162005,0.1819445124219726,0.18183931865436737,0.181728763404968,0.18161298396128694,0.1814919503412528,0.18136936646068036,0.1812644886530652,0.1811548656213915,0.18104078427859033,0.1809221619916067,0.1808032672103048,0.18070062701289025,0.18059403365538615,0.18048349756755233,0.18036924202606933,0.18025518694275344,0.18015455188080737,0.180050438735131,0.1799430274726115,0.17983253717596043,0.17972133204290752,0.1796171085358472,0.17950985021308877,0.1793998390151905,0.17928701658613275,0.1791743524471183,0.17906800192349917,0.17895905296873163,0.17884772724322345,0.17873407808403116,0.17862155808600932,0.17851569218048519,0.17840776536267988,0.1782978317061477,0.1781858605066149
IND,First,1.1489643576901267,1.1702856714089607,1.1909055902239583,1.2125988064593818,1.236511054979194,1.2628811669301028,1.2889290259715815,1.316617067529699,1.3464558551775367,1.3785718672221603,1.4643585068191456,1.5066143780758166,1.551121512935222,1.599013871961566,1.6476545629489285,1.697799412300421,1.7458390785618114,1.7944252218640193,1.8444779623812988,1.896178389231067,1.9493267319034286,2.0020964856313492,2.054391108727992,2.1071447415016866,2.160206647874491,2.213116136935728,2.2621126004882925,2.310035971218023,2.358278280973121,2.4074207089853426,2.4577530743458462,2.5063994538605905,2.554073055523892,2.6016877527047835,2.648828626156213,2.695029828243391,2.7363591602241244,2.7760363425562833,2.815353050902423,2.853903913204616,2.8925113465038215,2.9255572216052044,2.956192075821127,2.9850081648034306,3.011944657923679,3.036551304910136,3.054541180975136,3.0675519287292086,3.0781382939696216,3.0866952291607,3.0935323614326613,3.10135353063031,3.105506556735863,3.1074442650633642,3.107338761758364,3.105112044502944,3.095554257167576,3.082049891426878,3.0645288676312084,3.0453913757169886,3.0431380022496173,3.0358474386046788,3.0255331074860843,3.0141486352957054,3.0014803925741647,2.987540748769572,2.9687369124938034,2.9459612009210074,2.920692573151957,2.892654323838387,2.86138260773883,2.824119060702018,2.78288076729259,2.740620335869587,2.699457193249208,2.657657350512349,2.6116832594664534,2.562598955289655,2.511491556138293,2.458120626005339,2.401926612033385,0.016807876294849696,0.016672424189294013,0.016541116024464463,0.016428020453788793,0.01633662669811784,0.016267724338598313,0.0162073672597618,0.016159946846302748,0.016134615279082137,0.016131707646316346,0.016144578830327525,0.016173600194948644,0.01621693710463418,0.016292489701179042,0.016370099308404436,0.01645065894770464,0.016522215323781723,0.016587328048703522,0.016655696922571087,0.01672706456180068,0.016802022374839666,0.016866366227738818,0.016922644716348634,0.016980262488119322,0.017038995885350478,0.017098377671952058,0.017145943346853404,0.017185665160995414,0.01722652813133752,0.017269847620453232,0.017315784812105463,0.01735178967537319,0.017380342050793078,0.017408630406263,0.017436052143173744,0.017462166619931906,0.01747507234775172,0.017480114038458294,0.01748466431647307,0.017488351193715244,0.017492248865286265,0.017483457400948452,0.017466467417912076,0.017448090222632544,0.01742825113729077,0.017406782129756295,0.0173716138330294,0.017325858537908755,0.01727841332393455,0.01723012868017905,0.017181575448384848,0.017123692614519372,0.01705701784714853,0.01698869608761268,0.01691897761395807,0.016847921145249023,0.01676340628468098,0.016669582280962967,0.016573046791435776,0.016474544934447763,0.016378899262643395,0.01627045217950244,0.01615361159350664,0.016035801496420535,0.015916862023395727,0.0157968599872167,0.015664598416493005,0.015523879595889032,0.01538092141283784,0.015235488864445732,0.015087234683740828,0.014925960027195692,0.014756745600233954,0.014568056363491363,0.014236596696572052,0.013906060079849774,0.013573947837011323,0.013238087868440475,0.012903567820600642,0.012570487990099858,0.012238980665625556
IND,Second,1.8862438713328815,1.9306246703319054,1.9746510943643552,2.0206463970363346,2.0701827236502526,2.123628817927737,2.176355511558509,2.2319338709682133,2.291031078120998,2.353861202340042,2.4283293909814483,2.495862439894181,2.566831703524674,2.6429029865047693,2.7209223852884916,2.8016250436115238,2.880305091345173,2.9607481934642035,3.0441932222565575,3.13064767340799,3.220491974276873,3.3079604637358737,3.3963226712445174,3.486597825789868,3.5786710571922535,3.672092833890794,3.7610076591066703,3.8499988615619207,3.9408816110446057,4.034796655724057,4.132019965969332,4.226059424895186,4.319993904020651,4.415120927313673,4.510898179026589,4.606737884325196,4.695948484914662,4.784111519902157,4.87312019846156,4.962496461411888,5.053245528477853,5.137701177657574,5.220488948243261,5.30266919692372,5.384024341576859,5.464220740548475,5.535588923467855,5.6019582395120215,5.666709742701432,5.73085680280002,5.794984168351655,5.854777829514118,5.910851179079969,5.964868892723065,6.017079118831678,6.067366287388117,6.1076898118284015,6.142536481830869,6.173141348578916,6.200409623498089,6.231876978965499,6.253921656936925,6.270995536448509,6.286088440072638,6.298851960754045,6.309273528663745,6.310038030084129,6.303956777339994,6.293353583586174,6.277740162732434,6.256335116287614,6.2229875088726,6.182178398249706,6.138570284941903,6.095271754945975,6.049759437272601,5.994675776505315,5.933024199150093,5.866677395520291,5.795185529323496,5.71757973686966,0.03134956237274822,0.031142018097208395,0.030940076440481357,0.030763276004029127,0.030616441406300987,0.030500799573814918,0.03039789815621231,0.03031295745184776,0.03025897285238794,0.030236439157171797,0.030236549786837992,0.030259691485545435,0.03030275993234275,0.0303908767094121,0.030481563385291458,0.030575979653430303,0.030658253359616118,0.030731151075477754,0.030808216172615945,0.030889085903933196,0.030974510694249644,0.03104577194570315,0.031105607427129593,0.031167097126831876,0.03122993489725568,0.03129350685186999,0.03134148713252328,0.03137854904256387,0.031417027410083134,0.031458608812141395,0.03150350392559949,0.03153533287318137,0.031556872917528345,0.0315779663646295,0.031597832478984886,0.03161590057288136,0.031616720303963015,0.0316067879983375,0.03159613742130974,0.03158428076479583,0.03157260624984922,0.03154436862234947,0.03150494260599468,0.03146364277219475,0.031420367198815545,0.03137489946997027,0.031311505201405083,0.03123377664920947,0.03115374062721602,0.031072491738114355,0.03099076543474165,0.0308966533829444,0.030790454463114278,0.030681945214787072,0.03057143894241348,0.030459007734068504,0.03032865142209861,0.030185377238717562,0.030038284992906804,0.029888328239026287,0.029741814337304544,0.029577964606274744,0.029402195096525766,0.02922475014040657,0.029045401335192938,0.028864227054223816,0.02866613551106975,0.028455818962481234,0.028241945712330567,0.028024166802359068,0.027801990396238555,0.027561434601365446,0.027308986834729914,0.027029291351349266,0.0265537751794875,0.026076363276927906,0.025593356242344486,0.025101435975366793,0.024607923580374603,0.024112921608283967,0.023616577912051337
IND,Third,2.2751890756152338,2.3348609376506024,2.3945636484503408,2.456791266575925,2.523311708010332,2.5945538066522995,2.6648758878331145,2.7388067497318422,2.816997314033462,2.8996977279886194,2.9698536283592105,3.05397937447544,3.1422133616325887,3.2362775203420457,3.333122070760578,3.4334645483532236,3.5319928911405922,3.6332683496323184,3.738580538849762,3.8478495711650176,3.961795316643558,4.072408008939948,4.185073010358142,4.300708316366365,4.419235223260743,4.540232217308484,4.6566323405156975,4.774198942712621,4.89482750574267,5.019980436028153,5.1499304075362735,5.276103721336768,5.403161372972672,5.532481161212431,5.663468643633087,5.795492612122799,5.920200656620626,6.044770473232782,6.1712728644765145,6.299210589527973,6.429702525475007,6.553764496745286,6.677215122197814,6.801200936079972,6.925434301518733,7.049658629558989,7.164123223368204,7.274276396429135,7.38374519590329,7.493895787705679,7.605479024163891,7.709991852591122,7.81145386139575,7.911429454382755,8.010216269250538,8.107681335875318,8.193881441753879,8.274409819685172,8.351000671067872,8.423705290153464,8.493834302026379,8.55210336709635,8.604880012203527,8.655508371777557,8.703557182117315,8.748991101463771,8.781897395480543,8.806737640797252,8.826095848612256,8.839333818765606,8.845445252208687,8.835778734169025,8.816811052240901,8.794016166001708,8.771033181615374,8.744902220557096,8.705419439693635,8.657284897513803,8.60265141449553,8.540888394502858,8.470709373720462,0.03972524421939086,0.03952551011515793,0.03933085717990478,0.039161553906408325,0.039022843977503364,0.03891614017381283,0.03882182270700821,0.038745986083282696,0.038702069825086845,0.03869065519868154,0.03870231755030054,0.03873754518241752,0.038793433106657955,0.038895903569762955,0.039001024820329105,0.0391100363657342,0.0392060277399989,0.03929241200548106,0.03938316474380035,0.03947789702414217,0.039577406282577644,0.03966180289921026,0.03973444357764554,0.03980878158636141,0.03988449404776219,0.039960926725633984,0.04002077881841561,0.040069372336096434,0.04011943005944033,0.04017274964740739,0.04022954841426496,0.04027249076640698,0.04030481701815296,0.04033666239527356,0.040367198515126185,0.0403958184522525,0.04040616703362216,0.040405390465106564,0.04040383754091838,0.040400992788192334,0.04039832758031956,0.04037810566039622,0.04034626241554764,0.04031238699986753,0.040276369382124734,0.04023797432228135,0.04018051998086543,0.0401080251146406,0.04003297882058925,0.03995654263129489,0.039879499040504966,0.03978920442123139,0.039686137609084876,0.03958044395068537,0.03947245387035903,0.03936223471708827,0.03923269709879362,0.039089325904930125,0.03894159377295116,0.038790512881609535,0.03864287981119142,0.03847635609812319,0.03829686093844533,0.03811518646625735,0.037931076612290934,0.03774460206069705,0.03753941298710301,0.03732064059041737,0.03709747259419365,0.03686950495479502,0.03663616460215456,0.0363821462980622,0.036114547144300235,0.03581615734362905,0.0353001399090782,0.03477976914418646,0.034250923116409406,0.03370982212659662,0.03316440037397631,0.032614704553881116,0.032060829304566246
IND,Fourth,2.8226293539195044,2.9028999826122526,2.983751897774078,3.0679318311591337,3.157466631162864,3.252868385041748,3.3470812171727315,3.4459564147572457,3.5501541997188846,3.6599773030119107,3.766112259353069,3.8793338397796147,3.997826872447551,4.123306458506015,4.252660689416547,4.386796017235218,4.5187221388394265,4.654626342953423,4.795887234117062,4.942489626758394,5.09521480518473,5.244334140527514,5.3966446630318545,5.553101523113346,5.7136361096683075,5.877772052548067,6.036359106416441,6.197133848878395,6.3621579571833005,6.5331416966007785,6.7104364756216865,6.883468509249231,7.058470366718325,7.236923899823405,7.4181483546083005,7.601448992910894,7.775989700380389,7.951305180238922,8.129635593436776,8.310416835029747,8.49506034235899,8.671389249684124,8.847835225263054,9.025510719830033,9.204149123183456,9.383388205681506,9.550620051466296,9.713437379967324,9.875971903531108,10.039744092835797,10.205637175687318,10.36393116889049,10.519283147846144,10.673445210679299,10.826775239497263,10.979118656060344,11.117023714783793,11.248938410220072,11.376411348185753,11.500046317328168,11.625627023371125,11.736195632223778,11.840812115798139,11.943263827764078,12.043024486288559,12.140037854470355,12.220814065590844,12.292215768915565,12.357146427717877,12.414787315174694,12.463862212733055,12.492237292844203,12.50922338831282,12.521266642901747,12.532580378226115,12.53975278474336,12.528663294865794,12.506494880146288,12.475730043498306,12.43550903563899,12.384150693679064,0.052191960398481285,0.051970070971612894,0.051753398111108795,0.051563362464721915,0.05140551265919995,0.051281436323087515,0.051170927582793006,0.05107994107008917,0.051022867093897445,0.051000348761349665,0.051002667868924566,0.051030277370742366,0.05107979322361263,0.051178799905594964,0.05128047998916886,0.05138609845946183,0.051478169702515744,0.051559863311937335,0.05164601092264295,0.05173619888761846,0.051831235593981145,0.05191062197579733,0.05197747037267156,0.05204602771939425,0.05211595729544724,0.05218658482662022,0.052240133331518425,0.05228177066234288,0.0523248890233848,0.052371320114811395,0.05242128320394373,0.05245698980727618,0.052481509827516544,0.05250549670256973,0.052528103289019135,0.05254871144942056,0.05255056619407702,0.052540742186326796,0.05253008732074983,0.05251807370689785,0.052506203994067795,0.05247629851332399,0.05243418821150072,0.05238995440023304,0.05234348225156877,0.05229452925474276,0.05222594289309509,0.052141591370310436,0.052054542705786404,0.05196598261782258,0.05187671094086158,0.05177365797700061,0.0516570885036247,0.051537692543657095,0.05141579942313689,0.05129147153925778,0.05114698310140525,0.050987752057596,0.05082380368842717,0.050656167997839556,0.050491863053743376,0.05030762691943993,0.05010936695585587,0.049908527004341924,0.04970482703556788,0.04949832816451898,0.0492718323992584,0.04903047342058211,0.04878405421283351,0.048532121845063815,0.04827404759392913,0.047993552399860605,0.04769788352279419,0.04736895301770965,0.046808026452182565,0.046240114739169724,0.04566061384820843,0.04506522277573615,0.0444625347280307,0.04385251367714597,0.04323518040123706
IND,Fifth,3.2947255356777805,3.394771435015655,3.4960204725058133,3.6013628615219866,3.713030755946169,3.831601568124248,3.9487743949614744,4.071613030646848,4.2007171421293545,4.336426578223769,4.525111122909228,4.673319623839784,4.82809475117587,4.9908151525107565,5.158424550286683,5.332255342059825,5.502872063997256,5.678673897483932,5.86102489236607,6.050190019523087,6.246547629054606,6.4404336757153136,6.63831285937512,6.8412383696589085,7.049112647916851,7.261306771744701,7.466328868233796,7.6742430485998545,7.887197467255425,8.10692450002244,8.333955972558044,8.55689843937558,8.782858719547255,9.013285001157458,9.247406261158414,9.484467514909305,9.711124036557386,9.939424813897233,10.171551137459026,10.406836799751797,10.647138965140122,10.875745036369086,11.104789313901877,11.335014606247801,11.56631247644803,11.79798574221323,12.014744774841187,12.226283433242253,12.437227032896468,12.648888011518459,12.862182973259824,13.071400557313519,13.277387489600356,13.482236949340733,13.686365116953514,13.88960213290558,14.074109693216855,14.252773083494189,14.425752742169434,14.596133143040557,14.788745343191508,14.963805433221582,15.133253772706539,15.301052727921059,15.46659898808038,15.629825430642018,15.773680618538185,15.907695574440515,16.03483782836875,16.154120381901414,16.2640071866599,16.34880565207726,16.420926707412093,16.487484839979217,16.553164191606598,16.61419724666882,16.65242180325454,16.677833666640506,16.69300013263435,16.696820795071847,16.687206402128762,0.06350329907958562,0.06329624436498314,0.0630936940399504,0.0629162908021566,0.06276953912748541,0.06265508816806828,0.0625533178168356,0.06247025618190392,0.062419801165344596,0.06240262886556114,0.062409256970295195,0.062440154620498595,0.0624921695408464,0.06259184577461487,0.06269402957838842,0.0627999534785995,0.06289260071441148,0.06297524290770315,0.06306213928223664,0.06315288215689879,0.0632482495739858,0.0633283603376571,0.06339640789551883,0.0634660509521408,0.063536960446831,0.06360848336737887,0.06366342558146779,0.06370693020731291,0.06375182345277297,0.06379988016502636,0.06385130772239385,0.06388892867481195,0.06391581448629051,0.06394215887539756,0.06396714234453868,0.06399016780884369,0.0639950667076797,0.06398875556279239,0.06398161305025515,0.06397312732272355,0.06396475136549064,0.06393893221421336,0.06390136792946378,0.06386170205680582,0.06381981949437232,0.06377548266231972,0.06371210551267993,0.0636334711796957,0.06355212703345797,0.06346921807489343,0.06338551444217404,0.06328834596730339,0.06317798958935952,0.06306473121788274,0.06294888160525988,0.06283049712086816,0.0626922983952278,0.06253955719492155,0.062381955065090526,0.06222048292683237,0.06206200661987681,0.06188372887332838,0.06169140532885423,0.06149618146455008,0.061297766634033655,0.061096207804413875,0.06087450557090048,0.06063766481078857,0.06039528961802752,0.06014690283214306,0.059891842473270236,0.05961384914681973,0.05932003885337718,0.05899216607625287,0.058430258703328186,0.05785896100833929,0.05727351856980556,0.05666939993356907,0.056055161974284465,0.055430662251357114,0.05479580972393656
IND,Sixth,3.9709111549212923,4.098993367460054,4.229201110932808,4.364624418421886,4.50777374919277,4.65931838756428,4.80917752138828,4.966146916942331,5.130750903988095,5.3033822099301124,5.449491634822073,5.623273911460804,5.804687436406104,5.995185699779123,6.192277204935357,6.397047958682996,6.599686919708085,6.809574659179757,7.028083808994695,7.255180218439632,7.49219210254143,7.724268352029452,7.963115731872335,8.209388686421923,8.4631159199058,8.723851674532751,8.978266574817187,9.23837460613643,9.506279804089456,9.784409019670047,10.07320700864762,10.35688513287573,10.646140128139285,10.942467233977634,11.245075845320503,11.55322202799603,11.850703731540415,12.152487378966569,12.460954036722203,12.775506532439639,13.09807383551411,13.410584984327603,13.726965861116396,14.048087974688436,14.373691538405652,14.70344552910634,15.018296639933022,15.331398846352238,15.647321714727871,15.968226196547615,16.29539853964428,16.611735193810127,16.928190599485834,17.24615672523614,17.566173190816112,17.88809515509426,18.191211793264696,18.49006598677014,18.786102532894205,19.079500442710206,19.373191934051867,19.646008721699033,19.914141005376443,20.1817131026696,20.448037919810798,20.71304817337961,20.954566710239845,21.186152918086503,21.410782077922196,21.627256677233714,21.833710955164243,22.00928290360578,22.171010776853926,22.326782442603612,22.481815996395333,22.631991530903502,22.753305786100828,22.86004239305367,22.954784110659123,23.03611317790083,23.101399077470163,0.08050039382547984,0.08029279552532081,0.08008913025291217,0.07990848612541619,0.07975595196694217,0.07963318864283277,0.07952283913087534,0.07942975242984666,0.07936706610875291,0.07933546105514844,0.07932654523438276,0.07934066919828056,0.0793744656927613,0.0794528225126667,0.07953336252710211,0.07961716643325104,0.07968902854220997,0.07975131799661123,0.0798173516235866,0.07988675297574595,0.07996019709098809,0.0800199911893121,0.0800684335616824,0.08011826474296302,0.08016918522852834,0.08022061500173222,0.08025729584345502,0.0802833267448007,0.08031056846060967,0.08034056986856594,0.08037351744828779,0.08039418331484,0.08040489398975102,0.08041506979433354,0.08042398421993645,0.08043111145174603,0.08042214868405959,0.0804028253367347,0.08038270171218051,0.0803613238153764,0.0803399682520958,0.08030307771378634,0.08025530611686778,0.0802055901138212,0.08015381958311428,0.08009978290623146,0.08002868810426905,0.07994349978361262,0.0798557573633011,0.07976646279286347,0.07967629682647089,0.07957385637295096,0.07945903456892497,0.0793413993852294,0.07922121610015467,0.07909852319014332,0.07895767967536411,0.07880303988894749,0.07864367922423736,0.0784804646395112,0.07831955693386429,0.07814019809900197,0.07794723001714896,0.07775112490899617,0.07755159905563301,0.07734867239279027,0.07712662330151608,0.0768896758386377,0.07664693923770316,0.07639792906348035,0.07614199241067501,0.07586384859583613,0.07556972730471292,0.07524285865797871,0.07469573158329809,0.07413656992622768,0.07356055575994587,0.07296299335797354,0.07235213184530156,0.07172768529495399,0.0710894074568986
IND,Seventh,4.595705339535368,4.7526837893187155,4.912868804827239,5.079430324775987,5.255114223775398,5.440664562572946,5.624315946162853,5.816573085255471,6.017782757813823,6.228371735051519,6.436921004492177,6.652993893875674,6.878250569956908,7.113619571995283,7.357238125727353,7.610490817722323,7.861250961644872,8.121362625565848,8.392059661260994,8.673475637910427,8.966903949901,9.255821590891964,9.553605117129313,9.860710083700704,10.177203375009116,10.502591618951264,10.820801891082144,11.146822336215545,11.48264502754335,11.830956734769806,12.192345971699389,12.54881097712979,12.9133207582446,13.287198963783698,13.669603482390448,14.05978416426631,14.43823342233031,14.823488364753675,15.217743143559455,15.620373916867663,16.033761908909927,16.435118710406325,16.842803307572524,17.25716244532132,17.67807690610545,18.10507076234928,18.515268797233986,18.925424518932964,19.340212436805693,19.761907437375378,20.191982806156915,20.612990486394594,21.036439168086222,21.46346085934398,21.894731289548766,22.3301435325727,22.743757892601995,23.155486634921512,23.56553835004411,23.97541626830705,24.398105754506137,24.79749592093985,25.194730385252143,25.59367651154114,25.993599287521928,26.394467341000393,26.76859726392802,27.13439160099455,27.494405551744702,27.847250496764502,28.19073843529078,28.498313736675122,28.792552653734298,29.081683522334732,29.371390201930303,29.657328161554688,29.908975421612507,30.145906489792598,30.370272473453497,30.58031311407457,30.772814488515998,0.09695040932236716,0.09680342197011434,0.09665857552131439,0.09653053552754041,0.09642347233796957,0.09633885140225375,0.09626303036943014,0.09620027124191748,0.09616070419925724,0.09614494191465252,0.09614631934499375,0.09616517299525917,0.09619912439211441,0.09626722117395266,0.09633687451988796,0.09640893223046919,0.09647140962009032,0.09652651607720632,0.09658443107601017,0.0966448456939661,0.09670828354371744,0.0967608930202843,0.09680479478480261,0.09684966097946658,0.09689525845098046,0.09694113015765247,0.09697541260429932,0.0970015454495083,0.0970285292700691,0.09705757313949609,0.0970888111654015,0.0971104459682879,0.0971244714363865,0.09713801141199145,0.09715050607146314,0.0971615450920371,0.0971600620746221,0.09715064566756904,0.09714053321857628,0.09712937223556536,0.09711814953299333,0.09709481671140101,0.09706309702939636,0.0970297537313868,0.09699469631927206,0.09695775482369533,0.09690743017157905,0.09684610051497383,0.09678258266939008,0.09671765188859523,0.09665183365953758,0.09657620779150158,0.09649072653647081,0.09640273865746514,0.09631243908154129,0.09621984243108148,0.09611257683665388,0.09599406660410041,0.09587134571996202,0.09574507363194007,0.09562016127065597,0.09547998652948415,0.09532836661867686,0.09517356997821692,0.09501533953375182,0.0948536660102963,0.09467572799451573,0.09448484511486267,0.09428831110354505,0.09408567206012143,0.09387633118279068,0.09364755176923432,0.09340431282619853,0.09313237839453024,0.09267337858854963,0.09220044392807895,0.09170926708049436,0.09119550920693996,0.09066596557486194,0.09012016941925023,0.08955768497665786
IND,Eighth,5.700142020333104,5.907154222730885,6.119296382525096,6.339890679233652,6.572077110675519,6.816730930833595,7.059122591412137,7.312749802343978,7.577684067998967,7.854414701835774,8.10493850176793,8.384647919425703,8.675957560731304,8.979165728390123,9.293641059902454,9.620924981651335,9.94611839239243,10.284453910703773,10.636958541158402,11.003769274512239,11.386750647021191,11.764236260272003,12.154910433063332,12.558688151879945,12.975776095944003,13.405776396395856,13.828428027178905,14.263339246430315,14.712247284107656,15.178552967311102,15.662947583139719,16.14223314697951,16.634336045566346,17.140338503692355,17.659366072073457,18.19071973968351,18.709409040558455,19.239927446125826,19.784260157652824,20.341843427187957,20.91560769674046,21.476617838211897,22.049589476706526,22.63424199415214,23.230566451983208,23.83819947879085,24.42763897576338,25.022180211740107,25.626330429560156,26.243020823426217,26.87418385841974,27.49470167122131,28.12359157481483,28.761039590217194,29.407991305504826,30.06445496896949,30.696773330742964,31.332452852471143,31.970869909429442,32.61321242796944,33.269759416815695,33.89943452851595,34.532270696593166,35.17155756144149,35.816541180730546,36.4673002623336,37.08651869358701,37.70146139145,38.31381655921202,38.9219496046745,39.523211770682856,40.08102214187921,40.62802691657319,41.17272758878401,41.72139345018704,42.26961947225442,42.77546379162877,43.268304638008125,43.74934341946093,44.21632527041273,44.66515138774114,0.12756961348120588,0.12747789413194796,0.12738607290841025,0.12730029131797493,0.1272223964450435,0.12715338386016414,0.12708917852082802,0.1270301845288598,0.12698131481628475,0.12694301974101352,0.12691328800628496,0.12689213217636314,0.12687765455252434,0.12687868471966968,0.12688008267758838,0.1268820969018051,0.12688068934911445,0.12687547105089655,0.12687104425616824,0.12686727975673578,0.1268643095677803,0.1268576304228207,0.12684680929709488,0.12683619869628568,0.12682570395617512,0.12681518261058747,0.12680086707618604,0.12678287300482402,0.126765052333106,0.126747737956159,0.1267309761675779,0.12671104408895648,0.12668772226895614,0.12666406576642947,0.12663989728106748,0.1266150905374106,0.12658618843112504,0.12655377761403327,0.12652091098895885,0.12648747493492601,0.12645375656111627,0.12641589950846832,0.12637420700413995,0.12633167585662622,0.12628825500984256,0.12624387988216457,0.12619461986114427,0.1261403481280508,0.12608482157786985,0.12602826002276266,0.12597082088777048,0.1259091841416914,0.12584249836473493,0.12577417529025547,0.12570423717857918,0.125632659157752,0.1255545678581135,0.12547030755160088,0.12538332930959675,0.1252938097518428,0.12520355751286458,0.1251056730493972,0.1250007616375998,0.12489298223725512,0.12478216448052991,0.12466823717297641,0.12454524332500495,0.12441371151059617,0.1242775373898612,0.1241363897568727,0.12398986825032693,0.12383142142060663,0.1236624505325987,0.12347655392811385,0.12319354336855051,0.12289517192793067,0.12257829303694036,0.12223950245539497,0.12188273765855716,0.12150728543580315,0.121112435694913
IND,Ninth,6.8044958290174105,7.069751379077905,7.342733804829501,7.626642552707507,7.924963226405516,8.238672972381725,8.54996281485605,8.875628025632727,9.215150278318657,9.569032594135514,10.052319419871313,10.433853457493552,10.830557012736197,11.24070677107422,11.665546186713279,12.107757801762771,12.546005736770752,13.002024564001239,13.476219942833092,13.969568488845347,14.482860649597633,14.99491543759894,15.524253792102972,16.070368778792577,16.633492340753865,17.21295117863775,17.78226446032948,18.36821333959538,18.971951900835723,19.596948537061717,20.24444101733873,20.889291454141993,21.552927050293285,22.235600530504033,22.936385555422454,23.654654966722237,24.35849528329301,25.080565154533414,25.821721146584533,26.581350373114283,27.36372594486964,28.127086712791865,28.908409230350827,29.70527005080768,30.518365754544213,31.346626070767364,32.15297560040837,32.9689257546439,33.79869610043281,34.64474875584013,35.509300241305446,36.37795202293095,37.262171204403295,38.16138738506389,39.07697820284151,40.00920385545496,40.91145506259119,41.82731770196632,42.75022024300449,43.68853648712987,44.70574398838876,45.69604383298592,46.70199536851722,47.72480602655899,48.76391391431324,49.819738012665795,50.84303384155747,51.874037128156615,52.911935386100964,53.95500746924758,55.00023627269734,55.998222358910574,56.99644130946413,58.0021136371622,59.022117741680894,60.05256822924611,61.036600462920056,62.01860734884174,62.99698007913982,63.969035162722285,64.92973107532737,0.1599231327257584,0.1600891431955018,0.16024961967417772,0.16039286864900762,0.1605166668955678,0.1606206632194732,0.16071461993738248,0.16079721677121245,0.16086060817207845,0.16090467873775463,0.16093392371982415,0.16094833995350763,0.16095055313734552,0.16092514549703676,0.16089778917020423,0.1608678657850479,0.1608438538642343,0.16082541922562588,0.16080423884121242,0.1607804835355741,0.16075372404880534,0.16073422925519962,0.16072155041699146,0.1607075003991601,0.16069224851348346,0.16067612374124524,0.16066831141052798,0.16066700814831242,0.1606645306307301,0.16065994139930043,0.1606530985411843,0.16065333663016357,0.1606596851903904,0.16066596836603567,0.16067262860130516,0.16067998557993646,0.1606969025392871,0.16072014912437452,0.16074346524198904,0.1607671179847514,0.16079031161514923,0.16082264025296367,0.16086140793218204,0.16090078242507183,0.1609408096821893,0.16098159036362328,0.16103207740808606,0.1610904613576119,0.16114946231290056,0.16120843839001503,0.1612669531760084,0.1613316617255521,0.16140248671905472,0.16147359916289472,0.16154477921042193,0.16161594004821242,0.1616956923905107,0.1617812473826571,0.1618673447616153,0.16195338833715597,0.16203603698257232,0.1621259791732738,0.16222017013983722,0.1623130729309797,0.16240470694809606,0.16249492953067413,0.16259087568572275,0.1626898302688615,0.1627873797344103,0.1628834958160828,0.16297819674702582,0.16307729479548294,0.16317722939561155,0.16328394705092836,0.16346318640634097,0.16363090528488666,0.16378753276054797,0.16393290846308084,0.1640637144790604,0.16417903172246456,0.16427787987843354
IND,Tenth,12.027308715982132,12.569906914312298,13.133658959148033,13.720965706134658,14.336734064955271,14.982381362670486,15.625489785788877,16.298644062919237,16.998392002993544,17.72523528637234,18.300833688538734,19.018278548035898,19.76329020846114,20.527350657364757,21.324818571700124,22.158364665693586,22.995870876652045,23.876687987483486,24.79808413426791,25.760670407032492,26.769904053275564,27.77330378427965,28.825956495613912,29.921423890965574,31.06126896429456,32.24625970525284,33.429855382547935,34.66532917240614,35.94930057891847,37.28987578390972,38.68881130405148,40.09143740768466,41.55223426050739,43.06747191506573,44.63700456426795,46.26158143185123,47.880761584019275,49.563798778355675,51.30699674452377,53.11134405153968,54.98429132758682,56.85496884476645,58.7999228459348,60.809422564579116,62.88578035884082,65.03052132059018,67.17086803012259,69.38471697237273,71.66795043111655,74.02866449293244,76.47320802672841,78.92968687716629,81.47802198208967,84.1040319300556,86.81250071090203,89.60638260103829,92.39853594610966,95.2876757750345,98.2561465424984,101.30725603775879,104.4486882729406,107.58992466918497,110.84493638019161,114.1996887110462,117.65693617074244,121.22113427546884,124.78469209780724,128.4657120800436,132.24552933440953,136.12524041181715,140.10344434675486,144.06702833945434,148.1538993211761,152.35696591667795,156.68629484228651,161.1485346981741,165.61274816564966,170.2206988862092,174.94945698260597,179.79975391357465,184.76789859529438,0.33147850828013314,0.3327304774388587,0.3339574598472757,0.3350353147489562,0.3359305484858693,0.3366327242978944,0.33725899851887303,0.33777348739473745,0.33809198048782774,0.33821011892235037,0.3381845526878286,0.33801241682243693,0.3377131093171605,0.3371262104361103,0.336524694023635,0.33590121174449644,0.33535775178402694,0.33487527830035735,0.33436770615915573,0.3338375095035848,0.3332800612290749,0.33281433272627664,0.3324218379501145,0.3320201553092769,0.33161126127818613,0.3311990690453274,0.3308863448547531,0.3306429592432431,0.3303916212284665,0.33012177127663866,0.3298321685992411,0.3296254582007024,0.3294838708142345,0.3293459699170764,0.32921665505538505,0.32909950243553976,0.3290911056838125,0.3291508120062668,0.3292160491885892,0.32928988525305614,0.3293636759836319,0.32954240340214913,0.3297927533369951,0.3300564214213603,0.33033412994140976,0.330627324185215,0.33103549703384666,0.33153686736398585,0.33205557356555426,0.3325848231634592,0.33312003014354535,0.3337375356053049,0.33443656579848274,0.33515457848953034,0.3358897769741756,0.33664190291627893,0.33751544693715163,0.338479743895566,0.3394756166737772,0.3404972266597946,0.34150322421528323,0.3426320344721742,0.3438500316735493,0.34508880337257564,0.34635025634150807,0.34763426982219237,0.3490450448084159,0.35055345988688374,0.35210014898425723,0.3536883280046361,0.35532233165984817,0.3571029409455363,0.3589880779854428,0.3610896378160167,0.3646453631126122,0.3682756406844029,0.37201199174829214,0.3758851178369016,0.3798418619649521,0.3838845380467599,0.38801521398568023
MEX,First,1.7250294746264874,1.767774848654726,1.8120557898540532,1.8598961839296122,1.9124649142994492,1.9698106369453043,2.031080869530646,2.0949910270043643,2.1626219326783636,2.2338600007237304,2.3973235953353558,2.4849614579569357,2.5743001609579026,2.669568807379668,2.7696098040753565,2.8757429419549414,2.9863197023323704,3.102604420477508,3.226356806915268,3.3582967390571716,3.4986332389817734,3.648255203344182,3.805333136766499,3.9716333155204286,4.147687803585418,4.3337291250872765,4.5285649064410505,4.7340335460807275,4.952744484560205,5.186437033855242,5.436325071215756,5.702237787834609,5.983823253118629,6.28371362291597,6.602685427937433,6.941572191940739,7.298570017196421,7.677362200344033,8.081437914143468,8.512101887975108,8.972342467574283,9.4579861186472,9.97423988473304,10.524130315167914,11.109973316018374,11.72064053006736,12.338211909482462,12.966050954995954,13.605525542489936,14.257456533823184,14.922682844688996,15.601474673693804,16.29165114376097,16.992724107381814,17.70499483901028,18.4283547981578,19.154191751726632,19.889650470300996,20.632811542048202,21.38551506106588,22.16239908455727,22.94178508663154,23.731168559127344,24.531055054291755,25.34120369713589,26.161803621826476,26.983135486943127,27.81186858804878,28.647684507417903,29.490026530924347,30.33784194154223,31.180444632213707,32.02877398170875,32.88577731438584,33.75472239360982,34.63408834031664,35.50885398612013,36.39039726997216,37.27795443048273,38.17089224040535,39.067646841990324,0.010444804098392957,0.010670891250419184,0.010910002676930357,0.01116703766341128,0.011442518697178846,0.011735652172494398,0.012043859677192606,0.012358187794148493,0.012685602633731152,0.013025015522779498,0.013369469307271398,0.013725874441357947,0.01408338240681144,0.014467137773213547,0.014871982398358727,0.015298998539953425,0.015746295470577275,0.016211045046954694,0.01670025996480077,0.017214445896459436,0.017754688502476232,0.0183169352530503,0.018900264243936538,0.019510642607086622,0.02014867853149908,0.020814772447936225,0.021505725088740185,0.022221089300319234,0.022967563857079508,0.02374694865766955,0.02455965523499773,0.025402076441243177,0.02627247685824419,0.0271774284973372,0.028117334025321412,0.029092645616318608,0.0300989704746254,0.031137834966234113,0.032215818872340526,0.03333355129259379,0.03449267618810047,0.03568757964831357,0.03692030814121329,0.03819624801652065,0.03951626820706677,0.04084459663071152,0.042140166232235994,0.04340595626033386,0.04464227000831771,0.04584929588970159,0.04698304393462361,0.0479316982263905,0.048853362597598524,0.04974829922360475,0.05061681929512244,0.051459274410790845,0.052276051237318086,0.05306756842604747,0.05383427161511134,0.05457663015675654,0.055295131130574285,0.05599027949405863,0.05666259097078974,0.057312592535175344,0.05794081935309047,0.05854781063889844,0.05913410850005117,0.05970025786805162,0.06024680220634516,0.060774283146495536,0.0612832396085933,0.061774205241208184,0.06224770824421657,0.06270427243729343,0.06314441034634787,0.06356862980968087,0.0639774288035139,0.06437129698940937,0.06475071322719674,0.06511614703257039,0.06546805770459221
MEX,Second,3.4552802958173063,3.534351644965343,3.6160419073749006,3.703405825753194,3.7981746220293693,3.900402785117374,4.008364798509219,4.120490473094577,4.238427038947489,4.361999136340889,4.494830718635399,4.627136498555238,4.7624749970892175,4.907490728296245,5.060752151503088,5.223490770863573,5.394546459531907,5.574803651578544,5.766695076607893,5.970672510666664,6.187843466949568,6.4152049873768515,6.6543053567659465,6.907079455231401,7.1741333404774075,7.455752948214161,7.749790940682674,8.058734755384954,8.385745308337782,8.733240108662823,9.102293750918623,9.489933704067097,9.897235569420598,10.327279577089865,10.780629616022498,11.257917177728219,11.755353104949402,12.278101936071982,12.830029925941695,13.412145062163756,14.027354343904731,14.669715235671392,15.345205872035661,16.05663116172681,16.80564174648814,17.579406401318227,18.355926239304146,19.141003437580597,19.936386652068396,20.74365853014665,21.564061327534898,22.391702267484074,23.230063484104004,24.078435994655656,24.93741973855453,25.80710380829522,26.67678217406402,27.555321597323317,28.441490470284922,29.33602792733401,30.244110798153955,31.15196079735555,32.0699673304996,32.9989083654114,33.9386621193935,34.88961235822817,35.83898445686533,36.796141168722045,37.760863469673076,38.73264640312771,39.71039824948434,40.68017416554948,41.65637421262789,42.642557937170146,43.642642489286686,44.654961682342325,45.66042413413444,46.673988557036274,47.694870280574186,48.72243159578055,49.75495826873782,0.02135828408215927,0.02170770844335447,0.02207547068549378,0.022468721568664807,0.022887645626961946,0.023330483010845355,0.02379302377587617,0.024261107927134595,0.024745098084073287,0.025243016603589206,0.02574471765515836,0.02625968835380249,0.026771970780219888,0.027317955686132624,0.02788947320371517,0.02848738601992941,0.029108557499396105,0.02974822686365866,0.03041557750830659,0.031110558384452106,0.031833826075081895,0.032579470019725304,0.03334535790453876,0.03413874839265552,0.03495960449148806,0.03580760938107905,0.036678079986738776,0.03756947659915397,0.0384894189902921,0.03943908556710242,0.040417950301962616,0.04142090903263915,0.04244490345408243,0.04349685667939647,0.044576230741985114,0.04568252594924979,0.04681004210813966,0.04795933019811506,0.04913671634866545,0.050341760389165706,0.05157500568394976,0.05282971946865552,0.05410674315901814,0.05541063260048811,0.05674104126677555,0.0580609926469696,0.059330631188538076,0.06055439524564638,0.061734100281702765,0.06287133808342697,0.06392989054341262,0.06481810345653206,0.06567352354308525,0.0664971741066992,0.06729006922716439,0.06805320813241501,0.06878757321299872,0.06949412986800467,0.07017382058029074,0.07082757123324612,0.07145628414042608,0.07206083750476351,0.07264208993747938,0.07320087604594042,0.07373800480554447,0.07425426430159618,0.07475041943940285,0.07522720903447301,0.07568535162607062,0.07612554239643636,0.07654845233519725,0.07695473269705093,0.07734501215265255,0.07771989613187635,0.07807997282333143,0.07842580757857018,0.07875794628721446,0.07907691677121056,0.07938322641631836,0.07967736494821341,0.07995980444623102
MEX,Third,4.692115965037181,4.793456801527096,4.897724612801508,5.008499649160911,5.127851078288591,5.255841773512289,5.390104788200764,5.52926422087358,5.675112471009738,5.827452330074913,5.950995140672537,6.108198555603133,6.269122967546778,6.44107733410347,6.622543870739058,6.814698887588208,7.016361271486826,7.228516248006505,7.453734022027519,7.69227388926428,7.945600625844454,8.208601438134004,8.484626823795745,8.77546177712567,9.081645233598895,9.403373528273448,9.737764563065362,10.087821554229958,10.456676801066118,10.846937680620796,11.25946431866889,11.689740576161151,12.139590667331255,12.611929872486536,13.10702091666762,13.6251995313653,14.161462287181532,14.721733358479263,15.30958763403631,15.925635810425673,16.57248330022844,17.243014276689422,17.94358797458671,18.676367609021494,19.442393780097714,20.22973300892033,21.016535042724563,21.80983321361672,22.611629448207587,23.423900507534658,24.248113558778773,25.07592592261455,25.91326107986297,26.759392568528163,27.615092136693516,28.480578735375254,29.344495423467748,30.21636145598253,31.095285751849055,31.981587192777717,32.8765588979554,33.769945987753985,34.673129211868336,35.587000932419166,36.51150584048972,37.44711056544442,38.38018504978733,39.32093510237188,40.26919685738146,41.22450735150144,42.18579329521674,43.138288540702604,44.09734473491762,45.06668907411915,46.05040064945296,47.0467877837665,48.03581487442292,49.033326492535515,50.03854568611809,51.05084677912392,52.06849552936691,0.029314886016227996,0.029713941528558833,0.030132240699725612,0.030577661110992624,0.031050163355659185,0.031547480327710015,0.03206454095864594,0.03258559285875932,0.0331219488890692,0.033671256812185524,0.034222111526496124,0.03478503909932749,0.03534264913620842,0.03593400091453297,0.036549905222827,0.03719095055983065,0.03785335324684901,0.0385319061220013,0.03923594921762188,0.0399650138059819,0.04071938129915107,0.04149237915868836,0.04228164679395104,0.04309423238637611,0.04392966301443982,0.04478717670499071,0.045661554377699844,0.04655107874838344,0.04746291734647575,0.04839779369699342,0.04935470819708416,0.050328131530200305,0.05131485064510215,0.0523210886765726,0.05334585366935634,0.05438820248090069,0.055442236611315095,0.056508321935101975,0.05759187147599299,0.05869198572337565,0.05980870706810537,0.06093530551560789,0.06207239047215903,0.06322353047853596,0.06438794454613407,0.06553351552314479,0.06662653545667302,0.0676721107438204,0.06867281541327594,0.06963092950364022,0.07051481732420836,0.0712437945596882,0.07194177650859883,0.0726100778529401,0.0732499593675763,0.07386263395098726,0.07444926402157936,0.07501096733793841,0.07554881290036722,0.07606382689297403,0.07655699280079842,0.07702925220452302,0.07748150475229117,0.07791461395208112,0.0783294052879392,0.07872666969539237,0.07910716117124474,0.07947160382420572,0.07982068800799703,0.08015507556019656,0.0804753978632223,0.08078226003949855,0.08107623960647511,0.08135788903281484,0.08162773719275038,0.08188628961707536,0.08213402822645943,0.08237141594340783,0.08259889336139142,0.08281688383254168,0.08302578998469824
MEX,Fourth,6.395427567065946,6.527125625046125,6.66219925047595,6.804877580112732,6.9576516619638005,7.12060618408876,7.290507921687938,7.466309990315818,7.649997569000988,7.841358316189021,8.011651052472843,8.209902892812057,8.412738795436194,8.628155549452272,8.85440537754706,9.092888626914524,9.341538780319118,9.602147895015726,9.877504624560242,10.167866990392575,10.474776499978402,10.79195088998044,11.123474345671818,11.471172552446193,11.835532708964903,12.216622799598547,12.610405863007518,13.020885032006298,13.451307507072475,13.904470648874458,14.381146186022836,14.87573375145593,15.390492695781006,15.928272465402502,16.489064256842923,17.07296007218385,17.67340132210209,18.297527582010602,18.94873601972911,19.62730396057169,20.335802660447364,21.064774834667215,21.822030431243146,22.60917430782489,23.42687479030894,24.26364490429198,25.096849413006602,25.935096589710565,26.78082656311722,27.63630108828533,28.50320106425993,29.372680299312684,30.25126621148759,31.13835753009874,32.034911806257305,32.94127213166558,33.844259789513366,34.75528831038811,35.67330313662588,36.59909984867182,37.53683998580338,38.47196781186445,39.417524920685544,40.374538598127856,41.34300986103639,42.323494812341124,43.30064912839544,44.286195404413235,45.28001252812206,46.28165400175818,47.290019397410845,48.288549574272,49.29446722094193,50.311790105598604,51.344902527152605,52.39203041107052,53.430967426441185,54.47946831884272,55.53673565063099,56.6021314883546,57.67383929875724,0.04042369193895582,0.040874720828177516,0.04134618354445144,0.041846701832139906,0.04237583820874141,0.04293069995268533,0.04350543194769135,0.044082112724768904,0.04467327751245095,0.045276134449225944,0.04587822220775945,0.046490751308520206,0.04709467782029237,0.047732522685781105,0.04839388972013982,0.049079035319419644,0.04978364940948242,0.050501754715810775,0.05124300214585711,0.05200650676976901,0.05279214956036504,0.05359275191411509,0.054405436395976656,0.05523720823217047,0.05608719611481577,0.05695424648521754,0.057832834426170036,0.058720821565671245,0.05962507568441322,0.06054586897030751,0.06148179072440202,0.062427159259768286,0.0633784886071553,0.06434150860530356,0.06531490561619918,0.0662974275977287,0.06728332371522992,0.06827254408484999,0.06926983192751472,0.07027399378190086,0.07128466993668361,0.07229561551817994,0.07330697999372719,0.07432167978069769,0.07533868198316623,0.07632977717070415,0.07726657175291231,0.07815447390254106,0.07899665537625951,0.07979593343285565,0.08052851982520358,0.0811335065375236,0.08170918482516938,0.0822570808239272,0.08277863602165741,0.08327521281780478,0.08374809984420654,0.08419851374657983,0.0846276062263229,0.08503646503495634,0.08542611841573854,0.08579753870895945,0.08615164468683337,0.08648930607570313,0.08681134568741024,0.08711853986076587,0.08741162534908833,0.0876912981698894,0.0879582181512094,0.08821300870216629,0.0884562605650756,0.0886885332238586,0.08891035755275878,0.08912223483148804,0.08932464210764296,0.08951802985233,0.08970282648183625,0.08987943858555812,0.09004825008697005,0.09020962783983139,0.09036391814033974
MEX,Fifth,8.125396266592462,8.28507041265883,8.44822251708957,8.6196006180243,8.80209620005493,8.9958291077117,9.19668079635769,9.404235930727735,9.620487857454487,9.845231028890689,10.170601531539806,10.417542310291433,10.669589885068909,10.934392349866137,11.209806822248716,11.497988188477576,11.794307593097093,12.102714536773094,12.426031436313608,12.764918495267068,13.120102225093252,13.487373057329508,13.86821347389467,14.264658803314125,14.677072262533903,15.105218817693386,15.543567123817553,15.997614427347207,16.470623281755365,16.965215970543156,17.482239818345587,18.01688108764672,18.57053881794485,19.14575164773828,19.742182249334448,20.359633138816132,20.990126109760435,21.641964367198224,22.318038168160882,23.0182012735458,23.745146018142176,24.48561195614342,25.24992594143605,26.038768920623514,26.852602469181843,27.681132112174055,28.502485340315275,29.32629818068909,30.155663566528503,30.992675729280894,31.839100881369145,32.691969629215954,33.55259862443888,34.42092202399015,35.298036616371725,36.184378421632886,37.06436151453551,37.952390930680174,38.84617183137823,39.74904745149788,40.68369447628369,41.61509611143505,42.557425190481325,43.51179516369697,44.47824241881767,45.45738018077078,46.432767459757855,47.41711627161169,48.410332289692306,49.411981117743316,50.42094736425459,51.419581778593795,52.426260718563135,53.44517279603395,54.480872337686186,55.531532972756544,56.57367801152905,57.626191240027886,58.68826297457585,59.759245057275834,60.83727400340026,0.05184773717722606,0.052319861647215415,0.05281171895421008,0.05333204339718779,0.05388008338856943,0.054452538095087905,0.055043078628871187,0.05563322115685721,0.05623566968900278,0.05684742406262026,0.057455743129863394,0.05807194849682661,0.05867690106923971,0.059312933376253665,0.05996930946795763,0.060645956524509666,0.06133828399933865,0.06204021849756205,0.06276088990908876,0.06349907844235882,0.0642543084783414,0.06501932468509898,0.06579119028641153,0.06657625233496574,0.06737334199168342,0.06818103537860884,0.06899386782841246,0.06980968532858965,0.07063450461265522,0.07146822409625594,0.07230920938732315,0.07315201718168127,0.07399335807730219,0.07483803312507814,0.07568457035611975,0.07653158232388538,0.0773738345100423,0.07821117264914022,0.07904735526676654,0.07988107784626258,0.08071175516099822,0.08153395148660983,0.08234768977454729,0.08315507399030753,0.08395501272362554,0.0847255357499785,0.08544549093684901,0.08612026655960203,0.08675332758443,0.08734774245231101,0.087886255143816,0.08832412387469782,0.08873708339931055,0.08912670170669428,0.08949444054018858,0.08984166257235925,0.09016963872962942,0.09047955335550728,0.09077251233083318,0.09104954835021635,0.091311623277885,0.09155963687506127,0.09179443035474735,0.09201678702330152,0.09222744151145836,0.09242708052566825,0.0926163444114674,0.09279583388236198,0.09296611095348145,0.09312770169134035,0.09328109881223201,0.09342676532402648,0.09356513192461195,0.09369660661319129,0.09382156897891317,0.0939403768551731,0.09405336562125603,0.09416084993643976,0.09426312692961629,0.09436047494381247,0.09445315576954494
MEX,Sixth,10.627555881904161,10.826795576466145,11.029605125746187,11.241395555092456,11.465598509102474,11.702398987344031,11.94641333880818,12.198253930856591,12.459881297493588,12.73111758259909,12.937428782574953,13.21141342209991,13.492053103339595,13.787395597229063,14.095649712068536,14.418319820167508,14.751999277171837,15.100111819915785,15.46541597866846,15.847862152454205,16.24949766742028,16.659622187884764,17.086096712650676,17.530190904820113,17.992201021667764,18.471906577951916,18.96277872977607,19.471055143484588,19.999657662875038,20.55177394085874,21.12777864385067,21.718812358864195,22.329019927085643,22.960631945553942,23.612990579940877,24.285611907602384,24.968660117310467,25.671967009270137,26.398137489487524,27.14672560076568,27.920017901802222,28.704645442576275,29.511020122566524,30.339374974363473,31.189533735294685,32.05342666707594,32.90928404689983,33.76894019244774,34.6355114528152,35.51193072483481,36.40026039847998,37.288016019559656,38.18536223953859,39.09173573336382,40.00839942741064,40.93589441264677,41.858220759961014,42.789531886337585,43.72892589480044,44.677118084950294,45.63661795240494,46.5923662466699,47.56027174610548,48.54155803165746,49.536293302979935,50.545156401026624,51.54989597195149,52.56479997670501,53.58979565393359,54.624445991025304,55.66759273675089,56.69971989840947,57.74110944155662,58.79621048767242,59.869854691369795,60.96012283762491,62.04132576077242,63.13428061840727,64.2381470325719,65.35225119029566,66.47464053267528,0.06857076423528251,0.0690490351014474,0.06954574397890219,0.07006939890926467,0.07061872429552252,0.07118997185194464,0.07177662907664754,0.07235974112880532,0.07295195754378571,0.07355009997210235,0.07414186322386752,0.07473784679024813,0.07531939353513645,0.07592764561379406,0.07655173604318023,0.0771911620613824,0.0778413233919787,0.07849596890415923,0.07916340321653567,0.07984207367905187,0.08053109199903079,0.08122365690834686,0.08191660469381966,0.08261542213972164,0.08331867200001015,0.08402472374189557,0.08472860658625676,0.08542800548030967,0.08612783832506303,0.08682757105236469,0.08752541916937191,0.08821666008772115,0.08889824795911848,0.08957386925042014,0.09024202630131607,0.09090131424444478,0.09154756078030553,0.09218028362014796,0.0928021156200686,0.09341177333700014,0.09400847498339505,0.09458827294369898,0.09515083055149791,0.09569742760214113,0.09622704014081053,0.0967250885549901,0.09717906283429734,0.09759386443071823,0.09797305525007846,0.09831979002501705,0.09862734402429733,0.09887751957637951,0.09910854734927302,0.09932195276874117,0.09951913554071573,0.09970138127031566,0.09986986881756271,0.10002568250192544,0.10016981854969603,0.10030319089851003,0.10042664057078299,0.10054094161609008,0.10064680411938574,0.10074488166773342,0.10083577580422713,0.10092003942978546,0.10099818222116726,0.10107067252659978,0.10113794218343461,0.10120038716137342,0.1012583755347114,0.10131224262520985,0.10136230042363885,0.10140883378865993,0.10145210759595001,0.10149236501274526,0.1015298306424039,0.10156470963350403,0.10159719562825474,0.101627462759843,0.1016556751118419
MEX,Seventh,13.391003242595515,13.629070073403653,13.870204774755493,14.120350913265996,14.383520449894432,14.66000183313052,14.943012426860856,15.234786142274997,15.536942059877777,15.849374258519351,16.134017057963273,16.4536131180869,16.780980161659375,17.122825588278165,17.477401517995638,17.846552838754334,18.225040653431392,18.61826361406225,19.028649139192524,19.456173213674774,19.902666088791428,20.356548543026456,20.826257117453995,21.312645728864144,21.815843137921725,22.335348551470755,22.862922639839248,23.406565942459817,23.96877682014134,24.552749186439563,25.158714069745116,25.776965064184793,26.412168302616756,27.06590491362906,27.737115901807623,28.42497268489357,29.117849566113453,29.82722660628439,30.554950320434735,31.3001399939723,32.065035319953274,32.83327509232439,33.617492623687184,34.416882469567376,35.23094932529558,36.054751884255275,36.86860671671343,37.68580090980863,38.509893312841,39.34387903142012,40.18990666765765,41.03706011319456,41.89418870725849,42.76094209076103,43.63868342567816,44.528005854295834,45.411044068183394,46.304006765318945,47.20543983162662,48.11715062595444,49.04953156597151,49.97816774613723,50.92015854120815,51.876778993535325,52.84809878903759,53.83481914227299,54.81751057354556,55.81148269763024,56.81666208907891,57.83259811386632,58.858093016923654,59.87249821511034,60.89725236878459,61.93694460530244,62.99654592920897,64.07406540128834,65.14254131158394,66.22390317855026,67.31727831111995,68.42196972951939,69.53596487412354,0.08726167049015664,0.08769403268151338,0.08814049434236686,0.08860832685874039,0.08909595383379158,0.08959960835941097,0.0901131271164302,0.09061986182383976,0.09113064238245668,0.09164252351106499,0.0921448508818152,0.0926466677660337,0.09313234358626889,0.09363584014653925,0.09414763528162833,0.09466685414483841,0.09518928627931945,0.09570965519189052,0.09623414532944685,0.096761029737673,0.09728912060275346,0.09781271495446452,0.0983291961395434,0.09884224777730534,0.09935034462778614,0.09985184501297192,0.10034279568101931,0.10082138784410043,0.1012906079140239,0.10174962333829245,0.10219677278034642,0.1026285902293124,0.1030429672490122,0.1034418118802109,0.10382381553220074,0.10418777621154157,0.10453105265010215,0.1048532788815752,0.10515546789820271,0.1054365724219959,0.10569581949175277,0.10593111561811908,0.10614220391404386,0.1063292402376274,0.10649147189877095,0.10662491466533329,0.10672831381090804,0.10680559077328752,0.10685993034520125,0.10689413173275909,0.10691010981369657,0.10691124785112849,0.10690275436880897,0.10688586457654159,0.10686168747012705,0.10683121712176083,0.10679534278374894,0.10675486103523397,0.10671048351526677,0.10666284546709458,0.1066125142463935,0.10655999654910828,0.10650574229679918,0.10645015047185867,0.10639357696177007,0.1063363356039596,0.10627870316560664,0.10622092548219499,0.10616321702537396,0.10610576515955103,0.10604873444570743,0.10599226720177832,0.10593648606080343,0.10588149726373129,0.10582739099361413,0.10577424274529118,0.10572211540859822,0.1056710622617465,0.10562112504545475,0.10557233713367639,0.10552472394347161
MEX,Eighth,18.260397979759773,18.565414394590544,18.87254722847314,19.18853609891203,19.51836044779321,19.86252233754462,20.21180885492467,20.57149567394101,20.94253898225259,21.32499461088287,21.626314469062645,22.009318173731515,22.402433028472036,22.810168226049672,23.23125097868598,23.66752148540375,24.11224754297953,24.573084456665473,25.051836355763317,25.548121382942078,26.064285904613868,26.583989342148925,27.12024589758376,27.672861788740317,28.241771776675193,28.826215446747668,29.415415399070927,30.020011385835794,30.641712305945326,31.284068818954385,31.94694981190748,32.61747075097771,33.30267883200576,34.003215288025864,34.71749978190397,35.444280247659265,36.16895163663697,36.90591139403385,37.65604508396149,38.417984524858916,39.19384903043848,39.96399326919516,40.743875525930875,41.531464593945856,42.32579113504128,43.126896993589874,43.91741987142677,44.71342634318576,45.51884923519573,46.337096868450104,47.1704623234863,48.00428348062172,48.85089617232716,49.70983477084979,50.582586360844786,51.46978849074867,52.35107852936841,53.2448511299516,54.14975226991276,55.0672909819787,56.00540066139619,56.940116347016904,57.89091366480776,58.859150426566394,59.8448810202154,60.848838945996135,61.84904976022942,62.86296785389313,63.89050199670722,64.93115951098471,65.98364565760548,67.02473828215767,68.07842515836039,69.14959438536992,70.24353481309426,71.3581092952257,72.46336913728553,73.5838223498199,74.71853181896226,75.86674561202199,77.02631554024326,0.12064205947477186,0.12094258880359757,0.12124971922981542,0.12156777655931587,0.12189454655467036,0.12222654939543341,0.12255934009870753,0.12288078638693065,0.12319805113478344,0.12350883288013031,0.12380706321341661,0.12409719951381785,0.12436992885056797,0.12464539634636816,0.1249170435638459,0.12518344955673394,0.12544187029915083,0.12568849582613498,0.12592580254457167,0.12615205226645151,0.1263657078919814,0.12656403075714825,0.12674493145282809,0.12690920411072784,0.12705542250635948,0.1271822107429671,0.1272880679615559,0.12737161816916015,0.12743276991682767,0.12747027387590756,0.1274829033005196,0.12746992486151484,0.12743058648506667,0.12736410822407848,0.1272697284579087,0.12714677794192727,0.1269956805879846,0.12681574420057923,0.1266056153747222,0.12636480009902562,0.1260925880291791,0.12579048994275782,0.12545784795629636,0.1250933356998442,0.12469672252979502,0.12427930612540992,0.12385619381686268,0.1234289287658889,0.12299962332339069,0.12257011672216699,0.12215985891520732,0.12181674045798126,0.12147854186836038,0.12114592205385427,0.12081942541508672,0.12049949659809929,0.12018649426573012,0.11988069908080717,0.11958232780880768,0.11929153578801087,0.1190084307783122,0.11873307282539824,0.11846548755773191,0.11820566532162725,0.11795356805336198,0.11770913412211026,0.1174722796297341,0.11724290513769334,0.11702089252383305,0.11680611573341736,0.11659843499813376,0.11639770340246666,0.11620376742595638,0.1160164667386013,0.11583563892731,0.11566111830857101,0.1154927368673042,0.11533032542273809,0.11517371561759418,0.11502273795407142,0.11487722530798099
MEX,Ninth,24.61851092264576,24.99461638274367,25.369604758159625,25.75069245961867,26.144160164771403,26.55093161257141,26.958643526988027,27.378118512781374,27.808474174883642,28.250131674069547,29.045806160107205,29.53849572494016,30.043119024985646,30.556385607218548,31.077060128839083,31.60943612497411,32.13760251799071,32.67819571832982,33.23145303095002,33.79842508591122,34.37832096668626,34.96318279962803,35.557212664446965,36.15976254403251,36.770355427421286,37.38727364595371,37.99520571654511,38.610458463389,39.23359309284641,39.86728432624132,40.51189522596925,41.15891299008482,41.812760865370706,42.4721935363621,43.13495758426587,43.79929362228524,44.44756980272489,45.09788873886089,45.74899551560169,46.3987796814376,47.050256427851444,47.673214762001564,48.291621473904826,48.900772468202334,49.500105074248225,50.09734372965031,50.682263398619064,51.27203209949606,51.87189401067963,52.48370537421294,53.109309812020335,53.75691252174515,54.41771562763922,55.09277371803013,55.78348209493141,56.49033393385668,57.18651125101486,57.8984798559137,58.62017486693343,59.3618430672585,60.19735445710255,61.031357354987726,61.884676498806144,62.75860464932106,63.653079524770604,64.56874658251522,65.48221632706591,66.41203030665866,67.35801100031394,68.31956804322512,69.29529260122317,70.2607301740627,71.2410202043244,72.24111445087173,73.2663607730996,74.31448595593804,75.35429427506965,76.41131376149922,77.48452761135897,78.57311435360712,79.67482954074585,0.16489366387518536,0.16484931795746277,0.1647932626923615,0.1647230224978193,0.16463693371676752,0.16453380371740278,0.16441326618603283,0.16427867646078823,0.1641266824145629,0.1639573193063858,0.16377381341668804,0.16357282563993783,0.1633608835416373,0.16312201192984646,0.16285837090587094,0.16256840791133745,0.16225252012671337,0.1619126439729452,0.16154302004145546,0.16114265273835215,0.16071022233948415,0.1602483525331934,0.15975820521677173,0.1592345337001949,0.1586767213508802,0.15808441772165177,0.15746039398531012,0.15680589782498094,0.15611504497529294,0.15538664342332836,0.15462080122812674,0.1538212354045245,0.1529906837390634,0.1521235280068679,0.1512202006748161,0.15028118874844798,0.14931135701064593,0.14831088305201376,0.1472744723512713,0.1462027275361746,0.14509548117398244,0.14395885915598713,0.14279287582244365,0.14159371520215935,0.1403621064810089,0.13913339749996279,0.13794601638035425,0.13679725819459365,0.13568645594488657,0.13461294964295334,0.13360917054756824,0.1327563254127745,0.13193386837260404,0.1311410726453323,0.130377177130933,0.12964139569997865,0.12893292729031464,0.12825096093471844,0.12759468125035867,0.1269632750321345,0.12635593482687763,0.12577186102867366,0.1252102651502033,0.12467037338026286,0.12415142531061053,0.12365267777397315,0.12317340634606512,0.12271290410081524,0.12227048279270299,0.12184547427120224,0.12143722985497914,0.12104512016140698,0.12066853688961167,0.12030688998489614,0.11995960966811602,0.11962614350497613,0.11930596106311363,0.11899854779495704,0.11870340769360319,0.11842006352682688,0.11814805392453379
MEX,Tenth,58.050008488200966,58.73071601278494,59.3866604429491,60.02494805366029,60.658873699805376,61.29269989444103,61.898253072445684,62.52219792483109,63.150623503029905,63.786854147125624,64.02785827816031,64.60962793773558,65.22252691984379,65.82127392836202,66.41567562991538,67.00776086304954,67.57804135231953,68.15978694888194,68.74258288745756,69.32421228598093,69.91006165391588,70.45400003799631,71.0046630759663,71.54911568603912,72.0864936980904,72.61492765116273,73.10743176742719,73.59771015554051,74.07712160482401,74.5515416283215,75.01970954683176,75.45214017465254,75.87504924369709,76.27919597520184,76.66113489954975,77.01854103406508,77.32167413222695,77.60585155873505,77.86348118567072,78.09211714973233,78.29479938471984,78.43572234891303,78.55055559973484,78.62944942070256,78.67120420280389,78.72302207475236,78.7979888105836,78.92285958187229,79.1002759590721,79.3324635121579,79.6196133904546,79.93007160919556,80.2883657866813,80.69181689675732,81.14064769858378,81.63405860184041,82.13905059428421,82.68294892835922,83.26319911740721,83.87973014873532,84.53518948546326,85.20024570196534,85.90327533674588,86.64509304885881,87.42491775252647,88.24286573596639,89.06642678067658,89.9209727022918,90.8057929802127,91.71971540223532,92.66062947497413,93.59525915157312,94.55675915753633,95.55063275676825,96.58284367126596,97.65040127815813,98.71233216642517,99.80224445339019,100.91869990520702,102.06050206384022,103.22481211474219,0.40524243861164155,0.4021779017582536,0.3989951631957428,0.39563930960246335,0.39211759232213717,0.38845321311698516,0.3846877025339047,0.3809407117379677,0.37713106971608384,0.37327837687991616,0.3694621454376639,0.3656121585901276,0.36184786927361756,0.35790455552753825,0.35385065419247624,0.34968779936206495,0.34544486027719434,0.34116008485888244,0.3367779501223151,0.3323065882794503,0.32774950325133456,0.3231503838161688,0.3185271668722226,0.3138415083187958,0.3091003553710379,0.3043119623826813,0.2995080740780966,0.29470093913933126,0.28985425837787665,0.2849679673217781,0.28005078967586555,0.27513329597139496,0.27023343692585305,0.2653217670547347,0.2604053346247765,0.2554905588855551,0.2506059415516094,0.24575060641224247,0.24090073486445496,0.23606175757250503,0.23123482228385314,0.22644909070207034,0.22170213021505314,0.216979116391678,0.2122837102228463,0.20774287543279546,0.20348101759036946,0.19946715512356783,0.1956817664724571,0.19210777251516806,0.18885098992796642,0.1861869400469043,0.18366135716719115,0.18126585424166516,0.1789926499914283,0.17683451742548842,0.17478473979691134,0.1728370637132374,0.17098566522294562,0.16922511114610053,0.1675503298122112,0.1659565831933639,0.1644394401737389,0.16299475352631632,0.1616186372245874,0.1603074480478505,0.1590577697661723,0.15786638997371502,0.15673029452955153,0.15564664617782062,0.15461277598214787,0.15362617008349538,0.15268445971927458,0.15178541317744731,0.15092692136602395,0.15010699671558692,0.14932376059829996,0.14857543666102865,0.14786034599360018,0.147176900028613,0.14652359566676545
NGA,First,0.6685283255402298,0.6760935181146951,0.6830027468546088,0.6904619647578013,0.6993560159844765,0.709821617550653,0.7200986785057074,0.7315869655340483,0.7444307907706997,0.7587134623246425,1.0890824847027876,1.1406773272286834,1.1933254669657984,1.2462056998644133,1.2979505488875613,1.3506806863638328,1.3975461212098277,1.444712684211296,1.4928378009434873,1.5432142196248415,1.5934223512672314,1.6461518141589866,1.6982914590181033,1.7510604392450613,1.8046104221504478,1.8576741654621975,1.9085548231695273,1.9598905437784686,2.0157124654292122,2.080385342405105,2.1487533462532546,2.2239178544005402,2.302546080153017,2.385093465106756,2.4714961368855963,2.5615873205251467,2.652972178223321,2.7485039555370903,2.8489571217321386,2.954263900118147,3.0657772076687557,3.166545459490035,3.2654064612304747,3.367038126222501,3.471769848799754,3.5867207957831706,3.7084055342299,3.8371121904866277,3.9704831705543713,4.108243495759143,4.246816363928556,4.389764916152067,4.537857537696741,4.6918398025599535,4.852327732386941,5.019624462804817,5.186870853266291,5.360642337049887,5.53921587479823,5.726163676507732,5.9463497286055045,6.169829762065306,6.40182486890635,6.643506570467106,6.895028527373101,7.156903578919972,7.4230634680638135,7.697465041920592,7.980534140058776,8.259625847612194,8.536782959762965,8.812588327456258,9.09372163919934,9.38301574589914,9.683533969376336,9.994088872206087,10.30562722066016,10.624032217855776,10.949066586040308,11.280259139503011,11.616273579192924,0.007147582575640016,0.007226967427559443,0.007305734923660896,0.007389184293859902,0.007479597219209786,0.007577578396530676,0.0076731800714552835,0.007773303386657053,0.007881189307048614,0.00799728626699319,0.008331831851413752,0.008507308932723119,0.00870268176350071,0.008918919103325377,0.009146362636126917,0.009387321765546451,0.009629399982591434,0.009882239911605716,0.010149491383948413,0.010432090663373694,0.010718913280620914,0.010978381150391663,0.0112457612748822,0.011524535732553107,0.011814670109108054,0.01210557105430505,0.012354191366148884,0.012607717668602657,0.01289747437113216,0.013258453985551128,0.013633007230605267,0.014013772531321104,0.014404042919214632,0.014805898675580114,0.015218925344921521,0.015642609528534787,0.016067068048054925,0.016500190554413333,0.0169444927742732,0.01739967277474404,0.017866817960386427,0.018258442616760438,0.01862220948078282,0.01899105469888364,0.019364958489175087,0.0197849720138749,0.020241159521538488,0.020723530579989057,0.021210913288635145,0.021699298892371283,0.022168798252387836,0.022604891907274886,0.023045498140561647,0.023492259509961436,0.023945572895196072,0.024405563953153752,0.02486129176575769,0.02532124622265883,0.025785822979068864,0.026256271132627396,0.02674082230076563,0.02722220883375477,0.027708419527111703,0.02820129112305448,0.02870073929353601,0.02920692544514177,0.029710284598226947,0.03021739105441555,0.030729303175628338,0.031211145898439333,0.03167230856966287,0.03204364758724262,0.032219366931681565,0.03239536186861073,0.0325717639146532,0.03274868073616347,0.032924650085718016,0.03310049368510225,0.03327712095802706,0.033454638434063384,0.03363316081024898
NGA,Second,1.260642998173798,1.2763113357445173,1.291263312498505,1.3072755988911904,1.3256706697670557,1.346700384286908,1.3671220792193655,1.3897486714131746,1.4148493777958535,1.4426112873597061,1.5767166015400451,1.6223853185113082,1.672372217269985,1.7265692084651698,1.783822718991453,1.845473624199345,1.906825735561155,1.9726468759474944,2.043718565816663,2.120665523809519,2.202162164356112,2.2834125887532375,2.3690733126214836,2.4598242952621545,2.555809820010527,2.6554286244714493,2.7509811764220857,2.8508070298808694,2.960187383100449,3.0857042601303064,3.219627360688977,3.3587956867920457,3.505003547196664,3.6589149636800955,3.8204544987249562,3.9893927764532178,4.160533338105265,4.339441459298309,4.527367652310744,4.724302084935162,4.9316698974501145,5.1266135492367,5.3218611719897355,5.524084346376925,5.733401329954535,5.959796385722095,6.1964252071003605,6.445535713863734,6.703517828563335,6.9706743252492,7.242444066426704,7.511515085051132,7.790095777431171,8.078492896098787,8.377553211475469,8.687692982733099,8.999303715962222,9.320527869360177,9.650705233330882,9.99136444004887,10.351930465624791,10.715969078217244,11.092365310423842,11.482684807819917,11.887135119630948,12.306405847315721,12.730061362183688,13.165361827577009,13.612832822361312,14.05663331637619,14.49935405413446,14.938759216710864,15.385918487985558,15.844693338289787,16.31922898120051,16.807967590546518,17.296298390777675,17.79433443426314,18.301744495337218,18.817916362821112,19.341077885608808,0.016371519968048073,0.016506328072186986,0.016639641830878772,0.01678063694569314,0.0169330703872359,0.017097833510992252,0.017258125786127013,0.017425264709146526,0.01760479736314242,0.017797311292689043,0.018345807416270215,0.018633968092255655,0.018953480261364605,0.01930541682694698,0.019673032168937628,0.020059644313528347,0.020445431401172137,0.02084520222745395,0.021264521180260624,0.021704387848155815,0.022146668585359297,0.02254185155942097,0.022946030118647848,0.02336443095130704,0.023796709954452665,0.024226368565690274,0.024588387152698836,0.0249550859094367,0.025373479566362555,0.025894653324351962,0.026430803571788265,0.026971300641772535,0.027520484790137967,0.028081153205564122,0.028652469452434253,0.02923349950989638,0.029810842980926087,0.030394915146722046,0.030988989490959424,0.03159244408421583,0.03220644517009685,0.032713825888899414,0.03318000957808189,0.03364962623081796,0.034122588404474484,0.034652663329143754,0.03522647930257059,0.035829537300026304,0.03643395930591987,0.0370345571603707,0.03760631729831189,0.038132131319383096,0.038659767749671364,0.03919123818599403,0.039726923342105654,0.04026689074895543,0.04079856055389756,0.04133164850500435,0.04186667782594289,0.04240500350111375,0.04295564570326724,0.043499334662794396,0.044044897673329766,0.044594388104712286,0.045147637645094336,0.04570474246254707,0.046255421749650624,0.046806713460766,0.047359792854167124,0.047875878824224276,0.048366046424095414,0.04876115375907235,0.048954304310139064,0.04914735771078608,0.04934045685661293,0.04953371755497282,0.04972554947540282,0.04991685102183531,0.05010861161773709,0.050300945476420424,0.050493972158377386
NGA,Third,1.6459722212270265,1.6670554518551766,1.6874385495935598,1.709192692288753,1.733889021328,1.7618530658580087,1.788895539801666,1.818788047832849,1.851849084863412,1.8883356581841995,1.9368654495894952,1.9826094142022372,2.0343430006769414,2.092277505583252,2.155440145845051,2.224848668934221,2.2964982136621512,2.374842270427708,2.460702167093949,2.5544043768509233,2.655230886172192,2.7549469841219625,2.8617152829577424,2.975936227322531,3.0977488223672283,3.225504600892383,3.348900483003348,3.478707282394688,3.620410347388737,3.7811511660101065,3.952725797056497,4.128768032518772,4.313704721571573,4.5082585376605895,4.712329096434208,4.9256358698024565,5.141309983046414,5.366516602043447,5.602685689779467,5.849809943621084,6.109348288544692,6.356859685437014,6.6065468776179985,6.865326583336815,7.1332185536244515,7.42055038852784,7.718364766350179,8.030537922064756,8.353420046412213,8.687713917622398,9.028990424340229,9.364882442531673,9.712252286210026,10.071133793804526,10.442468296148661,10.826702906773619,11.212505563569998,11.609149363390376,12.016374551713549,12.434770469528129,12.866831866133383,13.301744298129892,13.7504537334146,14.214626713211485,14.694461706557657,15.190696284691475,15.690462960528183,16.20288589008696,16.728445781899964,17.251581079040538,17.774724849276986,18.29299116180892,18.81983330625206,19.359557400027903,19.91680255724922,20.48982185551974,21.061118977368757,21.643062096461488,22.235210629509506,22.83686875726378,23.446044522860664,0.023262024021049148,0.02342528880167863,0.02358652521091445,0.023756676879229253,0.023940229790088904,0.02413819523180028,0.024330384255989757,0.024530505334854163,0.02474499858278276,0.024974489600380206,0.025626886473074612,0.025966392839832965,0.026341266182817888,0.026752366504520463,0.027180175899076522,0.02762838678548553,0.028073784973018424,0.02853365704497445,0.02901411701668154,0.029516079162258124,0.0300190481431079,0.03046783631113603,0.030925262186811905,0.03139700207114914,0.031882516837395666,0.032363587154879914,0.03276913598488819,0.03317875151727307,0.033643334945168704,0.03421740494420828,0.034805361047568435,0.035395366989389915,0.0359922212943872,0.03659879498592272,0.037214059323713466,0.03783689078224899,0.03845280041029099,0.03907309819545284,0.0397011348058203,0.04033614586185228,0.040979276753299265,0.04151049622580816,0.04199798045431244,0.04248738042642019,0.04297858672710609,0.04352565087891098,0.04411408082265826,0.04472926657067392,0.045343241500401754,0.04595093484945518,0.046527835245436494,0.04705729027372292,0.04758668571466756,0.04811796782613529,0.04865149887857888,0.04918731565762292,0.04971283982480112,0.05023788576122302,0.050762910408939196,0.05128925051548227,0.051825810171984586,0.05235354817161973,0.052881225982093376,0.0534107830041772,0.05394203075283409,0.05447504025707933,0.05499986241160461,0.05552337979401515,0.05604667728058474,0.0565341391952125,0.05699623248846849,0.05736614350085229,0.05754233007006863,0.057718189705755554,0.05789385184050674,0.05806942404224014,0.05824346266985895,0.05841678819357194,0.05859029746350989,0.05876409144193863,0.05893827816942848
NGA,Fourth,2.1755860050788547,2.2042205816887055,2.2322168759583896,2.2620188634982985,2.295512777651302,2.333125028882975,2.3693686773973432,2.4093412944353463,2.4534363796102308,2.502009574618358,2.6264371169192025,2.692664220763515,2.7660646100103965,2.846738793027864,2.933560418412415,3.028073305932357,3.123935231386896,3.227879990233226,3.3408961625406994,3.463609335033755,3.594975712349767,3.726396259567938,3.866232400143952,4.0151125353360415,4.173227589048913,4.338786234544755,4.50038572333695,4.670000055404641,4.853625266003962,5.0589229917924055,5.277311045785011,5.5017019236389615,5.737019702243359,5.984070009270128,6.242730256323417,6.5126786147094595,6.785072925895227,7.069005049500277,7.366056591819091,7.676201027202657,8.001218964647691,8.313275278041473,8.629135203903171,8.955953533303946,9.293843667641434,9.653508821594421,10.02328789975569,10.409069586009938,10.807376533782055,11.219067768134714,11.639741079836336,12.056261799004295,12.486242299574931,12.92979951304798,13.388021371933851,13.861422900674135,14.335253585651424,14.821902907672824,15.320684162595295,15.832910796951138,16.366183807275704,16.90161671779816,17.453027647935407,18.02224766215936,18.60948850615946,19.215573883678207,19.82424987661196,20.447291047105963,21.085158830242715,21.72218587015237,22.36070867880629,22.992385398434287,23.633997261611892,24.290454136781378,24.967050383887102,25.661816946743606,26.353205062303118,27.056792853598147,27.772030478062224,28.49813077080076,29.232831538086113,0.033641128378560904,0.033834362389040105,0.034024870436376246,0.03422572626262564,0.03444215103104688,0.03467524851167333,0.03490119754260326,0.035135948175898074,0.03538714467502072,0.03565540797260854,0.036413696692312064,0.03680843979912424,0.03724331492156192,0.03771895571820509,0.038212112062268516,0.03872678042196696,0.039236363983981,0.039760315969503364,0.040305483236347674,0.04087261832669394,0.04143809341674935,0.0419394561749498,0.04244842098176278,0.04297130020889966,0.04350733053596204,0.04403599931779152,0.04447843732330827,0.044923716915820006,0.045428160887793285,0.04605117782470959,0.04668626913487641,0.047320636283263745,0.047959293878626866,0.04860527775193377,0.049257386666360245,0.049914346773428396,0.050561015310025506,0.051209144529205775,0.05186221725100516,0.052519359868615084,0.053181653432554356,0.05372444741875427,0.05421959726280573,0.054714844952377925,0.05521007100339753,0.055760735459417184,0.05635174699182146,0.05696736949412274,0.057578897105104054,0.05818121465299146,0.05874981739251983,0.05926870106876985,0.059785438295484356,0.0603019770240896,0.060818648409627626,0.061335468449403144,0.061840471403525,0.06234302490965369,0.06284362167908124,0.06334351937132844,0.06385099337996869,0.06434823544196339,0.06484343295507837,0.06533842684405243,0.0658330261162447,0.06632727745082097,0.06681210451200506,0.06729381816615079,0.06777345212559847,0.06821788106018682,0.0686372013742142,0.06897294487034271,0.06913576226246572,0.06929806142043339,0.06945996363141314,0.0696215679276668,0.06978154876409971,0.06994066405008335,0.07009973861811777,0.07025886389123305,0.07041813710992151
NGA,Fifth,2.686509092537649,2.722510843952005,2.757966994365797,2.79563127093827,2.837673064461451,2.884614985374584,2.9297307082248043,2.979423743046248,3.03413538059909,3.094317954529892,3.6156900933791105,3.7352693590402195,3.8611473717790643,3.992365074434467,4.1270537905136795,4.268886634264922,4.403783200394552,4.545218923600949,4.694486108482397,4.853668137806483,5.019578092719095,5.190919382044349,5.36809969608986,5.5529353052847465,5.74575130937082,5.944608229297356,6.1417634985537735,6.3461842293813095,6.564273328073151,6.803190905444516,7.055298513055729,7.319003586675877,7.594440085206413,7.882437285566675,8.182838477627715,8.495290061375803,8.809654815397211,9.136374956580319,9.476952481773775,9.831260492022599,10.20181639289958,10.557485281860737,10.917453748152976,11.288114651385362,11.670031561879815,12.072908179291606,12.482791819234162,12.90743083984994,13.344510563351454,13.79452063804394,14.253509356388111,14.718500459540323,15.197074482095363,15.690087937513512,16.198757240940726,16.723657534904945,17.24521676005418,17.781229925781147,18.32885893381033,18.893437753226593,19.511930093737593,20.13150915016977,20.7685603767586,21.4249857990758,22.10098703993969,22.79743714610777,23.49508321815752,24.20806813255615,24.93677538876742,25.666784168886636,26.400030725555034,27.124406311540284,27.859607847239676,28.611006417323647,29.38441700107923,30.17768262107641,30.965793155205276,31.767109627861768,32.58094756054402,33.406437279288085,34.24108936715587,0.044506666509898936,0.04471930880857473,0.0449286736463055,0.045149058121246394,0.04538613625218879,0.04564103759673111,0.04588769510460911,0.04614357170538933,0.046416877525754914,0.04670819820062571,0.04752907141105847,0.04795405137081011,0.04842073842491469,0.04892940306300987,0.049454992880527064,0.05000157586361588,0.050540769450090645,0.051093202640537905,0.05166586683234193,0.052259308834210684,0.052848804113481154,0.053369921929337476,0.05389712440105738,0.05443679773049402,0.05498801076510129,0.05552976413554147,0.05598218582083544,0.05643615267591355,0.056948332827868195,0.057577635089210516,0.05821632680862575,0.05885144353697349,0.05948802452401919,0.060129002150433215,0.06077309602240316,0.0614189723679358,0.0620517417364648,0.06268302605725505,0.06331615653223839,0.06395022469067047,0.06458621261425701,0.065105837644969,0.06557844716511041,0.06604944268286857,0.06651870598166104,0.06703799890526836,0.06759249966650845,0.06816726882096148,0.06873557898480193,0.06929280566575546,0.0698167289730464,0.07029313869374974,0.07076567841172739,0.07123611633835507,0.07170474864478019,0.07217158162051308,0.07262581902238485,0.07307601076998149,0.0735225940326635,0.07396670426459023,0.07441569529353657,0.07485373354214318,0.07528814040775664,0.07572052228157987,0.07615070390879827,0.07657872153856445,0.07699671412806482,0.0774102216562252,0.07782013969089123,0.07819863456701084,0.07855451393931803,0.07883797795947944,0.07897374947224939,0.0791088696158924,0.07924343966940371,0.07937754258514365,0.07951008149377473,0.07964169134435507,0.0797730527039781,0.07990424180444859,0.08003533870778569
NGA,Sixth,3.419108134836999,3.4657753204383903,3.5120672723728052,3.5611471199918645,3.6155649190929173,3.6759807074463997,3.7338964261038394,3.7975996777880683,3.8676014268203387,3.9444947241669337,4.050942412213649,4.143793276934221,4.24733758256021,4.361946978425243,4.486800771533987,4.623629168730882,4.763933779529843,4.917063922862136,5.084170389533413,5.265838355341626,5.461696800893758,5.658710271616238,5.869450845463318,6.094365159834411,6.333691089030896,6.585721809863488,6.835258771132344,7.097852868926285,7.379324516634618,7.68738960824735,8.014257389482133,8.347568289548288,8.696564430966257,9.062127512186226,9.444064680229946,9.841938204113383,10.24208488852443,10.658202474185671,11.092145727671948,11.543855977552335,12.01546825945045,12.476144056439818,12.94634442035138,13.4323753628097,13.934337568666336,14.461764775521118,14.996605121484848,15.55033169899303,16.12065502604375,16.709311874261026,17.313183641659933,17.91199219819314,18.52871645708475,19.163136240154426,19.81658926348199,20.489684873569292,21.16116511936597,21.848849218214426,22.551992612248398,23.271531291641587,24.012158577005483,24.752381721942474,25.512258320154643,26.293795635784925,27.097195765638478,27.923410404205963,28.748900705661526,29.591239963817586,30.4507185522556,31.31458318258434,32.184232442742946,33.04221407320592,33.91239124827432,34.80076550210172,35.713858241479976,36.64927817593436,37.57706957503951,38.519606486870714,39.47603950117628,40.44539735447107,41.424895017607675,0.061342168988690784,0.06156740263358269,0.0617887346755508,0.062021540126566854,0.062271716924926605,0.06254033489011752,0.06279985456840963,0.06306835923264478,0.06335465942002344,0.06365922390298537,0.06451133107146124,0.06495354063300611,0.06543806626941956,0.06596475072285846,0.06650665908975727,0.06706765503461838,0.06761877772975512,0.06818060740165384,0.06876017947057345,0.0693577102000796,0.06994761180863053,0.07046462927993441,0.07098510670860336,0.07151540920123162,0.07205444582444379,0.07258107645198988,0.07301627086304001,0.07345096592505122,0.07394115386410482,0.07454391850935607,0.0751520026008912,0.07575311100198041,0.07635183735097525,0.07695096036546227,0.0775492002934276,0.07814525521025822,0.07872563879466604,0.0793008435732607,0.07987393966213008,0.08044405155489644,0.08101196917079723,0.081470343036295,0.081883398497738,0.08229284154451813,0.08269857060252768,0.0831468713829572,0.08362435969669278,0.08411673044119802,0.08460009383364038,0.08507044917312524,0.0855087072279336,0.0859034956225456,0.08629257367262301,0.08667748590562457,0.0870584655735073,0.08743551503418229,0.08780015196918527,0.0881591518660129,0.08851295964553578,0.08886246558088111,0.08921323401986855,0.0895531902746536,0.0898879299666386,0.09021873704526366,0.09054547463170604,0.09086816429228835,0.09118108790139934,0.09148833940153045,0.09179064350616296,0.09206682149627791,0.09232403282622524,0.09252911581216103,0.09263123142815323,0.09273258544423241,0.09283325624993966,0.09293330796506148,0.093031927057198,0.09312959011795512,0.09322680522742381,0.09332362818945268,0.09342011667250748
NGA,Seventh,4.18467882873244,4.2425836559156584,4.300329418993754,4.361439283592549,4.428837041272101,4.503324992995141,4.574572355401726,4.652875322905045,4.7387758312568184,4.833015136700116,5.128769346400625,5.258413007942956,5.3995117894467475,5.551997923221859,5.714970391392013,5.891260275842224,6.067653070103748,6.257925636279519,6.463370581716402,6.685261902177825,6.9226176293752015,7.1647442962164405,7.421379604182086,7.693415997594608,7.98116353055018,8.283089167235099,8.585097316672883,8.901804807512844,9.238427491085,9.601549266962767,9.985454843636795,10.378425941019774,10.7890832336532,11.218274858058978,11.665748333991418,12.130995444518364,12.597820676701772,13.08237977465644,13.586495917418144,14.110029369141115,14.655564338134484,15.191843965478148,15.74087031410869,16.307223279184345,16.891215282083767,17.499991992463094,18.11182308169698,18.741804082824302,19.389401744318395,20.056632460628897,20.741844973881037,21.42746740067357,22.132297634111556,22.85627871013113,23.600870653600722,24.366720505188148,25.127802794997166,25.906633668165853,26.70132463360727,27.51462349093808,28.36454831047065,29.211968925473684,30.080477446978936,30.972072443733722,31.886927067292387,32.826029819467145,33.76177159334354,34.715013157092244,35.68586752982925,36.66518659645429,37.65336359995646,38.626807683143994,39.61330134601635,40.61935224000277,41.652085476593136,42.7088910127545,43.7552924939647,44.81738514777955,45.89410434720142,46.98437574747945,48.085142037307925,0.08031459544331801,0.08053492250466525,0.08075101634649301,0.08097773557616131,0.08122074119360194,0.08148095724818966,0.08173169231748023,0.08199054398152557,0.08226577879376805,0.08255771109303346,0.08337096271224828,0.0837888834140979,0.084244403272456,0.08473675478428645,0.08524059499864119,0.0857592552263971,0.08626573872900184,0.08677912796953209,0.08730550376724039,0.08784473070163491,0.08837383255420962,0.08883552272230263,0.08929759510787386,0.0897654699826656,0.09023798714350752,0.09069686648217022,0.09107496192755783,0.09145060974783446,0.09187080979678705,0.09238214948996704,0.09289376804153089,0.09339520294585213,0.0938903743039408,0.09438146608786128,0.09486733241433942,0.09534684319712876,0.09580916525310365,0.09626290798129244,0.0967104338725955,0.09715099781503161,0.09758516304980384,0.09793322608340452,0.09824477541258428,0.0985509507717759,0.09885169045070506,0.09918002745315864,0.0995252493040244,0.09987676785161545,0.10021767637242507,0.10054538748025997,0.10084734135049703,0.10111658872523643,0.10137887823723747,0.10163525049491888,0.10188586969441478,0.10213074047428027,0.10236440051811077,0.10259140083765837,0.1028120361074803,0.10302689856364575,0.1032394085039409,0.10344216836043311,0.10363869449582633,0.10382974557618224,0.10401524639603837,0.10419521189255468,0.10436649104856265,0.104531490698896,0.10469063468270773,0.10483345187194894,0.10496410313762274,0.10506593544088214,0.10511459655015197,0.10516248279217144,0.10520963405481046,0.10525608316054877,0.10530145868683914,0.10534598992604098,0.10538991121663613,0.10543324734912254,0.10547602317219784
NGA,Eighth,5.525386443334462,5.603136407500962,5.681166775094587,5.763577399740604,5.853905672890843,5.953202528722127,6.047934582493651,6.151932403767682,6.265797254398581,6.390533877928188,6.658327569103304,6.8147427028386875,6.9859960189382875,7.172301243813666,7.373408541129365,7.592239418038254,7.813404891543772,8.053398314593432,8.313546870503128,8.595022605822109,8.897929130891647,9.207575067902393,9.537334990129954,9.887763832548247,10.259200350176728,10.6505939289767,11.045151619998306,11.459804860070388,11.898263419442014,12.365570672744669,12.859115828091857,13.361516352457722,13.886155345285822,14.433833671140022,15.004213200351101,15.596667544599926,16.189960266786322,16.805016955505632,17.443772613424976,18.106040996417857,18.79465915716159,19.479296079486343,20.183923804559285,20.910546971264335,21.6594533413185,22.43419472755732,23.206345659113545,23.997722379283758,24.81018457728301,25.646846796174685,26.508589567217673,27.37087146588503,28.25622462509579,29.164133163703948,30.09625201766125,31.05328871755056,32.00276442848372,32.97263265139542,33.96093269859644,34.969887838128216,36.013706112586846,37.05152011382366,38.11313786682445,39.20056789564149,40.313961715951024,41.45439587982967,42.58710561019201,43.73880279883803,44.909336954043226,46.09535959271016,47.29563613797108,48.47602878380187,49.6712185994574,50.888573981324534,52.13622957411687,53.41124563613041,54.671167283882404,55.94871297354664,57.24249184321802,58.551279069960074,59.87158676222339,0.11645692722575891,0.11662754111680881,0.11679398824914348,0.11696836757338029,0.11715482557174199,0.11735382408014296,0.11754478369115294,0.11774040255036786,0.11794744718408816,0.11816584943226098,0.1187610415172734,0.11907028388706656,0.11940534081253543,0.11976474782488335,0.12012774976429746,0.12049607816567919,0.12085100473306484,0.12120477024279146,0.12156148056913925,0.12192036633310004,0.12226461372634399,0.12255517613583686,0.12284041516041655,0.12312387397414458,0.12340449120992321,0.1236700859031764,0.12387871165016981,0.12408159978967728,0.12430803302304788,0.12458461195865984,0.12485308260227593,0.1251081082974341,0.12535134779033397,0.12558396627887233,0.12580527165647626,0.12601465275665238,0.1262079883760978,0.1263885926917776,0.12655752195541162,0.1267144054887338,0.12685927399844574,0.1269624251204769,0.12704568495988808,0.1271218201575718,0.12719084257285507,0.12726328648549123,0.1273350916703826,0.12740074708083932,0.12745496717384186,0.1274973288362195,0.12752588608466445,0.12754164476101548,0.12754971833939208,0.12755035651712723,0.12754355799313627,0.12752933100283959,0.12750857583388286,0.12748084920674366,0.12744635483031394,0.12740502008293225,0.127355696653379,0.12730071293032513,0.12723909354613316,0.12717072089469628,0.12709563108628064,0.12701381747157556,0.1269272518943549,0.1268347858482938,0.12673637726446058,0.12663786239914737,0.12653874624706182,0.1264586480523122,0.1264265425321394,0.1263937491589083,0.12636024993481645,0.12632602807195778,0.12629137970882956,0.1262561558519124,0.12622018122411097,0.12618343509831537,0.12614589249899016
NGA,Ninth,7.139415037384296,7.241246209492278,7.343970101279504,7.452199013639785,7.570158145566796,7.699193271032222,7.821970987153234,7.956692703451104,8.10389466229489,8.264901011574093,9.84754244706891,10.175672093238655,10.514204425799752,10.859700939080845,11.210280069035232,11.575740503862363,11.915255840135591,12.267518523211304,12.634467416729382,13.022018969304508,13.424034965012538,13.853071360039827,14.292710876916018,14.747105649321979,15.216971071307002,15.701837298390334,16.201576006321822,16.718291058033557,17.253345764650483,17.805573271807322,18.381926032296363,18.984012482760047,19.608956656805116,20.257259917061397,20.928420277475517,21.62169078605756,22.312347914376836,23.02495811601119,23.760673582071796,24.518909360771787,25.30462924116403,26.08864541556198,26.896926334401897,27.724186337470773,28.572177594209485,29.4344657353532,30.27597627246985,31.12627894473257,31.994321842129093,32.88242088229877,33.796214495871745,34.7481475313476,35.720488437934264,36.71490762220968,37.733275428978764,38.77636485745577,39.79763894714486,40.84154323242311,41.89877864533352,42.98480406303563,44.211113234933634,45.425893375158715,46.66558162719966,47.93190491577393,49.224917296700276,50.54569841656377,51.85203771691089,53.17682940801147,54.519401692008785,55.88812830476339,57.278639683684716,58.64282324740184,60.02246783491919,61.425612454389565,62.86130483140856,64.32625715144515,65.7701750344573,67.23241772321916,68.71108880629362,70.20478357605543,71.70957210064189,0.16418269279052258,0.16422934321497815,0.16427336154273142,0.16431730758686264,0.16436193680101768,0.16440694720085772,0.1644476433513553,0.16448725813495788,0.16452627749141358,0.1645641972323053,0.16465416551508905,0.1646854071894063,0.16471005811170078,0.16472562630144913,0.16473033283370903,0.16472313904715374,0.16470370977946827,0.1646717908397729,0.16462571532123846,0.16456414193395497,0.16448991066392135,0.16441551544850547,0.16432961957572537,0.164230381451735,0.16411726236333743,0.16399538220419616,0.16388864745610188,0.16377387159074255,0.1636321033126771,0.163438849385479,0.16322723168693912,0.16300119093809484,0.1627592844876887,0.16250005477901977,0.16222373733080944,0.161930699708859,0.16162781495448156,0.16131043675063983,0.16097673397291207,0.16062703151232022,0.16026067338456146,0.15995410892315032,0.15966870200437255,0.1593756287593467,0.15907502180915595,0.15872915522522502,0.15834503627414792,0.15793261959084753,0.1575118964025157,0.15708710869150136,0.1566777682935226,0.15629772590048502,0.15591156740496745,0.15551782049884622,0.1551162851362258,0.15470697734311245,0.15429942277614422,0.15388668297102545,0.15346836945181816,0.15304354728572878,0.15260531145284995,0.15216868900568659,0.15172702099069565,0.15127866941534338,0.15082383060974439,0.1503624887070763,0.14990309703593652,0.1494401484013744,0.14897270344311073,0.14853517592740492,0.14811824872284074,0.14777852759211438,0.1476059827167846,0.1474332217106134,0.1472601236223885,0.14708658625397253,0.14691404840106476,0.14674170846113702,0.14656868123962177,0.1463948663026903,0.14622015574957864
NGA,Tenth,15.175207207323323,15.398600839846749,15.626583114964243,15.865477508393955,16.122510514378806,16.400481342480255,16.66332743400051,16.951417700017373,17.26466667018105,17.606021380000985,17.94685745424068,18.30860649559442,18.70169482654067,19.126914509353472,19.592090305681307,20.101569422343132,20.619924191125907,21.187315224753597,21.803715315997255,22.470196130080634,23.197220289679887,23.960464412041365,24.777901373597814,25.646886873501874,26.567741374813483,27.54760210983564,28.5735785541812,29.654927412638216,30.768076815423964,31.886274911587577,33.05937495701364,34.23666061295148,35.46051475996254,36.72977542121546,38.043229699118136,39.399272066398,40.74325737770854,42.1277898059585,43.553438964164926,45.01935009000328,46.529539329104836,48.11002697714484,49.77414750867304,51.48437371509726,53.24098209134571,54.99275011167405,56.66612339380631,58.33925628350202,60.04594192039564,61.79890519030419,63.63103992998192,65.48889354963154,67.3851979673829,69.3155310106418,71.28227324028835,73.28611775663445,75.25332625382404,77.24838928816602,79.26642858990331,81.30846983118671,83.38223423660988,85.41741821343254,87.48218369324032,89.57674540252776,91.70089069378608,93.85583665862185,95.96417553543472,98.08882154281478,100.22674164419273,102.44551557789164,104.72479250122849,106.94804219584888,109.19069867747312,111.46351515928141,113.77933523974828,116.133655072497,118.43938147306616,120.76765495549145,123.11437893495821,125.47751785620875,127.85143391279357,0.45277469409851256,0.4513285350309252,0.4499074531379455,0.44841376663437466,0.44680959482894156,0.4450880433329644,0.44342544331081746,0.4417048427885588,0.43987082965695734,0.4379203250061182,0.4324552053397989,0.4296317238416771,0.4265406499797284,0.42318305915051485,0.41972798766665836,0.41615016337600835,0.41263501923785634,0.40904908575217436,0.4053476412222284,0.40152856599653824,0.39775250370757576,0.39443170928818455,0.39108466448421886,0.3876707986958203,0.3841965752567685,0.38079529873025914,0.3779690704552509,0.3751415282596485,0.3719571174050583,0.36805114548850654,0.3641021472748986,0.36018986683391774,0.3562830886606754,0.35236342571935036,0.3484385214951146,0.34451623016505734,0.3406859241358886,0.33687684451998035,0.3330683796826542,0.3292656663489203,0.3254625144657978,0.32236684704148205,0.31955919518432374,0.3167664097754191,0.31398896395894194,0.3109186388665526,0.30764429674965516,0.3042561622697263,0.30091277603271427,0.29764091459794983,0.29457079988167995,0.291784391727817,0.28902419403366764,0.2862795276989475,0.28354842943242736,0.2808306157159371,0.2781884663323105,0.27557209895003826,0.2729786530391561,0.27040131970167003,0.2677973825204389,0.26525817877662616,0.2627411444553365,0.26023671571093815,0.2577456795597232,0.2552676104823515,0.2528476847201947,0.2504537115183326,0.248080275976688,0.2458890087601471,0.24382856627049032,0.24218590542554086,0.24139613372616647,0.24061012057259634,0.23982726022545525,0.23904706170227252,0.2382758936572142,0.2375100673480066,0.23674559973083747,0.23598204201231487,0.23521892495096397
RUS,First,5.474321933331433,5.579490591875766,5.684893969566598,5.792262848510815,5.901456379066154,6.012677660470106,6.118868536720263,6.226256123080717,6.3359272685032195,6.4480779383869695,6.794212212004101,6.931854526022008,7.0710095475319585,7.212548790134232,7.348198935440813,7.480650546469384,7.6002547124176845,7.719348470142435,7.838169373363182,7.957615844170851,8.076253210404925,8.188289946012237,8.298672524781997,8.408223772760916,8.516980492998483,8.624904686616103,8.721339643660928,8.817652836888938,8.913367985767165,9.008382049769951,9.102738333144956,9.1927057184553,9.282694134001158,9.373409496579985,9.46468894086532,9.556905162939259,9.641514209901656,9.726404792490019,9.811520318434386,9.896509597311788,9.979353676754421,10.04852222127865,10.117203121385808,10.184859847125693,10.252243473867896,10.318649681268374,10.375734791445174,10.431785740531632,10.487497034324978,10.541872060747648,10.594853541641223,10.651528493933707,10.707714001540246,10.764552314947464,10.822063338926553,10.880323197876105,10.926112819156238,10.973462793045712,11.020330369423395,11.071371681518563,11.15974766920711,11.238674403896976,11.317725385968183,11.39741535280049,11.477747441145667,11.554821460618411,11.622174648586482,11.689200796511484,11.756484236152456,11.824027528353996,11.891877883073152,11.952912295661193,12.013392799563936,12.073595695735795,12.133369034617942,12.19278735626026,12.246322699936172,12.299131276984355,12.348153187681788,12.39312160842687,12.437448635986804,0.025434198935775417,0.02556561759793431,0.02569269961176511,0.025823796816279727,0.025958786756751773,0.026097854729522783,0.02622969128759343,0.026362356366439514,0.026499277289127817,0.026640588495793198,0.026772309503453624,0.0269069602337323,0.027044444969344317,0.0271898907781764,0.027317124696518966,0.027432273681656107,0.027535142535898564,0.027639057042994873,0.02774447841098885,0.02785135498696359,0.027960190397813438,0.028054602162967065,0.028150560985853515,0.028248252064991795,0.02834776071499393,0.028449349712843484,0.028465644899152678,0.028388033609201082,0.028311373364085866,0.02823560872254311,0.02816060397766478,0.02808620263350616,0.028011319328969317,0.027937320667886387,0.02786416650963479,0.02779179865514196,0.0277200281591056,0.027648009975030304,0.027576651141237783,0.027505090918560474,0.027426241665682343,0.027347942375296908,0.027269945043220754,0.02719229256340707,0.027114910092316202,0.027037763658206305,0.026961223314948102,0.026885225846972154,0.02680937939208426,0.026733637523568807,0.02665798571200863,0.026582639717674668,0.026507413329125623,0.026432215078220876,0.026356983235269794,0.026281720701439547,0.026206224424136882,0.026130098176675585,0.02605386192084546,0.025977502544975065,0.025900986216469465,0.025823789426538298,0.025745413591998223,0.025666831506587596,0.025588013846848414,0.025502208541049152,0.02541345863844755,0.02532328159945436,0.025232663792573964,0.02514156780074227,0.025049997273214886,0.024957517008236896,0.024863831566455382,0.024769609932116816,0.02467481926056448,0.02457944684817414,0.024483358544016877,0.024386478191175835,0.02428400090328716,0.024175574926618638,0.02406640579888691
RUS,Second,9.110826828081779,9.295606979671222,9.4814306572892,9.670458750019296,9.862541744622963,10.058000140937944,10.244997981464847,10.434243111815322,10.627168099877537,10.824086786100002,11.02636902082054,11.215338230689317,11.407192908200035,11.604110773242612,11.796564059334598,11.98651965256758,12.162516174345242,12.340644050958735,12.521245194649289,12.704350933388698,12.89055830628632,13.059496661057084,13.230902461578294,13.404886204650417,13.581637528046533,13.761573747803197,13.928181975275299,14.098279304690488,14.271037230489755,14.447180817987482,14.626073689351651,14.7953235829429,14.96690964508162,15.141850757683606,15.319926781387423,15.501732301373854,15.67310648300038,15.847019180552017,16.023581514423277,16.202474352892708,16.380584920689433,16.543263037478937,16.708196178347684,16.875110824159922,17.044556403416934,17.21615523644649,17.374957544801905,17.535700604316965,17.698601014297996,17.863096712752327,18.029188633747513,18.186561325958472,18.345498044757875,18.506589088122563,18.6698303425846,18.83529587670457,18.983141232308252,19.133036354105933,19.284423821794473,19.439267999030324,19.611203521235506,19.76702953412868,19.923687658167008,20.08186659150716,20.241580234795077,20.397608046913213,20.53756153687788,20.677615435697852,20.81855892762477,20.960401417425114,21.103213415049545,21.234481552408184,21.365399154754098,21.49633598950047,21.62708283214154,21.75774732225778,21.87847271291438,21.998451028396303,22.113517700259248,22.22328992806048,22.33242912625039,0.04156079824250715,0.04170081364523396,0.04183540791237722,0.04197460011124179,0.04211821943770076,0.04226644200923878,0.04240664911752951,0.04254760276716525,0.0426933312464924,0.042843947509556654,0.04298399572746567,0.04312733568299778,0.04327373947581615,0.04342916982348357,0.043562971290435744,0.04368241232010699,0.04378834541859166,0.04389531955785207,0.04400385351398483,0.04411388205223994,0.04422594316473531,0.04432229307786289,0.04442024744453201,0.044520017597128814,0.04462168397889754,0.04472552071050342,0.044737439222196425,0.044648158864439715,0.04455988682408253,0.044472560415971,0.04438602686611362,0.04430010735255908,0.044213546100615,0.0441279280788514,0.04404320411602697,0.04395931417491399,0.04387603708863698,0.043792395075109916,0.04370944182354577,0.04362617772885646,0.043534341577222094,0.04344305256616613,0.0433520231916271,0.043261303632676634,0.043170806481513425,0.04308049481864667,0.042990800547411716,0.04290165332232264,0.04281259390066006,0.042723567734284845,0.04263455796155248,0.042545818775899795,0.04245713243394988,0.042368390085032834,0.042279517645892765,0.04219051953489588,0.04210115440525689,0.04201095238349068,0.04192052706653393,0.04182986174985601,0.0417389158904217,0.0416470663594691,0.0415537159732704,0.04146001741420507,0.04136593889648922,0.04126340551580477,0.041157225106411496,0.04104920469475146,0.0409405217567182,0.04083112834620091,0.04072102529417494,0.04060968831114768,0.04049675313670824,0.040383022275816485,0.04026845467296051,0.040153030783331725,0.04003658403687036,0.039919016375807484,0.039794485041944945,0.039662523882689905,0.03952945520278841
RUS,Third,11.129821880924169,11.362699582946464,11.597379494723334,11.835942460010125,12.078237297692075,12.324643731932577,12.560643056193257,12.79957438825709,13.04292072689861,13.291058256902826,13.414733231595893,13.635828990924391,13.860565686512691,14.091620879607843,14.320044591867578,14.547133502320206,14.759722531980662,14.976062921456693,15.19654190318702,15.420703785048756,15.650298670644858,15.856636380516102,16.06789277599884,16.28376415853379,16.504532212111688,16.730873494056468,16.9428231529402,17.160390100746337,17.382567876349057,17.610555883993186,17.843347842311854,18.063525275448537,18.287539737436713,18.516502669224383,18.750169926695467,18.989263360798525,19.21633794768502,19.447407855706732,19.68262573489169,19.921753034586104,20.161558944852548,20.384975555019555,20.61236027092446,20.843592033399016,21.079112186288043,21.318738178070415,21.543563844856347,21.772157618814216,22.004497977125872,22.240282732102703,22.47955139912358,22.70295120838027,22.92925425279655,23.158744969554878,23.391416309460656,23.627343801001366,23.842669170341342,24.06055067057995,24.281242127524486,24.5051714686134,24.7347922821317,24.94448352013596,25.1557002612236,25.369150620385806,25.584857932756087,25.797477020240184,25.990609359699857,26.184414467393587,26.379712307577805,26.57652259468079,26.774933817480385,26.959157846676977,27.14345966098271,27.32820330758576,27.513154667228534,27.698444829839854,27.871540472172732,28.044145933057912,28.211955889946086,28.374573113660404,28.536846472153957,0.05040098724641,0.05054560604837842,0.05068486786108994,0.05082833636881251,0.05097583734217694,0.05112753993225194,0.051270924344672966,0.05141484910998843,0.05156315150983907,0.05171593969336926,0.051857922531759956,0.05200281590980962,0.05215045343504053,0.05230648218172418,0.05244191639732977,0.05256366665401296,0.052671970346937956,0.05278118182660193,0.052891793943648874,0.05300374346726391,0.05311755558544145,0.05321581899197307,0.053315551853899766,0.053416947110090415,0.0535200841009448,0.053625228742762425,0.05364036785547541,0.053556473618598784,0.05347347355817533,0.05339131104647928,0.05330984173058608,0.05322889978376724,0.05314730341849231,0.05306654507185673,0.052986580942357246,0.05290735416429521,0.05282866008226353,0.05274957251820092,0.05267108782344999,0.052592261363184976,0.05250526420143887,0.05241872761787637,0.05233237910041208,0.05224626756027329,0.05216030969016236,0.05207447257480634,0.05198916491416157,0.05190432130381446,0.05181950602497669,0.05173466781136189,0.051649788743881486,0.05156511241593422,0.051480430214420995,0.051395638945341285,0.05131066899171628,0.05122552252570346,0.05113996910967607,0.05105355613503402,0.05096687133348863,0.050879898996897314,0.0507925972332128,0.050704368889393205,0.05061463660743606,0.050524508114439974,0.050433949706448766,0.0503351805488477,0.05023281973222117,0.05012860022356825,0.050023657298132886,0.04991794126744352,0.049811453114347336,0.04970368032311501,0.04959426954852311,0.04948399417527436,0.04937281103698695,0.049260700094251784,0.04914749684801977,0.04903310290793046,0.04891182198566904,0.0487831805696,0.04865332911017162
RUS,Fourth,13.926776460048714,14.225281923013775,14.526563032006255,14.832679241563529,15.14348357585742,15.459438556182455,15.762313892631223,16.06905723297404,16.381252157496633,16.699359357671764,16.934509019021554,17.228218480312464,17.52645377592455,17.83187050910467,18.13539674651666,18.438557018035347,18.722226955186656,19.010384570103714,19.303495330048733,19.601285671593185,19.905365032581336,20.181608951308988,20.46333727242888,20.75039589734759,21.043121860729286,21.342257118004134,21.621807525311098,21.907627280327624,22.19879803729745,22.496646532299987,22.800120086114518,23.088051657176315,23.38080022706055,23.679595733121634,23.98414700897775,24.29535095226336,24.590942249094724,24.89156223833146,25.197265999417493,25.507836482534454,25.820282084465333,26.110871677892476,26.406217682772574,26.706064582244593,27.011098008709904,27.320969344794293,27.6115295512378,27.90643052422947,28.205900768771386,28.50940529323351,28.816997296217128,29.106993880034018,29.400594710287788,29.698402358458587,30.000439809269416,30.306820507859303,30.586467173515317,30.869925107968783,31.156910375608803,31.44900880199376,31.75677587954741,32.03936966491824,32.32442733919958,32.61269346685666,32.90420592414098,33.19338231686801,33.45837276670492,33.724812355706085,33.993569710743536,34.264680452343086,34.53825331307403,34.794021881433515,35.050451283604005,35.30790877838489,35.56613286707112,35.82528257278379,36.069163083331404,36.31291449232353,36.55200414609071,36.7860184441076,37.020098853961784,0.062548585869054,0.06268066039005162,0.0628074249110408,0.06293819374875939,0.06307278470906849,0.06321134081513409,0.06334213509234565,0.06347334821595822,0.06360867511173027,0.06374819551354928,0.06387766702129372,0.06400987327485216,0.06414459722790959,0.06428724660081522,0.06440996794719385,0.06451945129453279,0.06461644895429772,0.06471423925224525,0.06481328457256294,0.06491352199589677,0.06501543243378456,0.06510298489874607,0.0651918565912354,0.06528223175589093,0.06537417657664733,0.06546792994291457,0.06547905680089726,0.06539926252202656,0.0653202703693204,0.06524202642765864,0.06516439719504008,0.06508722376276922,0.06500937945248281,0.06493228762928055,0.06485590826932133,0.06478019021689552,0.06470493665433912,0.0646292614919563,0.06455412138919582,0.06447861039931979,0.06439521981861641,0.0643122184155154,0.06422934292761338,0.06414664423581402,0.0640640402389585,0.06398149937701599,0.06389941645036029,0.0638177287595841,0.06373601805527834,0.06365423306666641,0.06357235800492912,0.063490627082293,0.06340884021368444,0.06332689712278108,0.06324472949279407,0.06316233930184159,0.0630795037280936,0.0629957829221107,0.06291174486452637,0.06282737498612963,0.06274263074719132,0.06265693303742417,0.0625697165338677,0.062482056741938755,0.06239392056643059,0.06229772674002387,0.062197960349808123,0.06209630663013474,0.06199386799902734,0.06189059577760897,0.06178648626232193,0.06168104016589697,0.0615739056910386,0.06146583674392129,0.061356790749146475,0.061246743625090645,0.061135533167247555,0.06102305913360666,0.060903709681787654,0.06077700306844381,0.0606489821801903
RUS,Fifth,16.406387931625975,16.765638941135663,17.128739731295376,17.49752017145458,17.87183790127977,18.252224623022613,18.617139522252895,18.986824377963195,19.362857833285027,19.745773388993392,20.334176203177922,20.72789497578179,21.126710747759525,21.532230388025717,21.935399490829262,22.339015915613146,22.71390441594679,23.09232111900752,23.474808345357566,23.862230524666582,24.25410454656247,24.618250031132675,24.985265356187,25.355938282977053,25.730580852590467,26.109667849140312,26.460314232967647,26.815347097409436,27.174252288571886,27.53788411458516,27.905676417050653,28.256674248750944,28.612286244564356,28.973766740778814,29.34076844370273,29.714352241142205,30.067525233339598,30.425696524879797,30.788598432030003,31.155990498856895,31.52600550282158,31.864524314423864,32.20684893732988,32.552205814709104,32.901961064507304,33.25512619331113,33.58292269332862,33.91347382334446,34.24792054639603,34.58485174563979,34.92428899302487,35.253817130164535,35.58641452295148,35.92382537381519,36.266147419888675,36.6135721647713,36.92640455897481,37.24500973461462,37.56669952909367,37.897838343921876,38.283061587299215,38.63839643977344,38.99726075140874,39.36037166508705,39.72778605440182,40.09416834847665,40.43231659476407,40.77286820721552,41.11667400752109,41.463789255122876,41.81434537562684,42.14390975670568,42.47490958763683,42.80767184021733,43.14191673940044,43.47783495181021,43.79579064852572,44.114166558030725,44.42860058461739,44.73870514863535,45.04949164522461,0.07323914697646887,0.07335938145279233,0.07347477697536402,0.07359354856593639,0.07371552389265906,0.07384082369227206,0.07395897570457018,0.07407734459372303,0.07419916978632786,0.07432451363448615,0.07444071196768587,0.07455913830979813,0.07467961531481496,0.0748068501730652,0.07491658210769146,0.07501467932876889,0.07510163724583524,0.07518920373027851,0.07527778231251633,0.0753673145767277,0.07545822051028687,0.07553640026525392,0.07561566317014384,0.07569616411030917,0.07577795946643287,0.07586125711211045,0.07587208171755068,0.07580319597444897,0.07573495133175692,0.07566730489518304,0.07560014182290084,0.07553332528736573,0.07546587974697927,0.07539904007928501,0.07533277107917795,0.07526703086284722,0.07520164793909519,0.07513585508198352,0.07507048105704332,0.0750047401082268,0.07493208760503162,0.07485971867126609,0.07478740623017774,0.07471519430612253,0.07464301118400624,0.0745708289973334,0.07449899501770615,0.0744274548024289,0.07435584163484596,0.07428411111342224,0.07421224929811279,0.07414046195005711,0.07406857333158366,0.07399649503541507,0.07392416576638221,0.07385158926375526,0.07377856605440944,0.07370470914700009,0.07363051666433922,0.07355597688383315,0.07348105000874976,0.07340522357380729,0.07332799546715468,0.0732503146822386,0.07317215311815826,0.0730867758456494,0.07299815306998134,0.0729077739811624,0.07281661673760308,0.07272463610512522,0.07263182607386232,0.0725377396659291,0.07244205977277242,0.07234545539228962,0.07224788619326347,0.07214933000152082,0.07204963663322238,0.07194871565941502,0.07184151872055158,0.07172759394088309,0.07161236359154341
RUS,Sixth,19.93751700249028,20.383016095560393,20.833875838629176,21.291626407248632,21.756138130144418,22.228039117567523,22.681075430005432,23.14016956419468,23.606899044815076,24.081899429939035,24.353720130474702,24.782441906847694,25.217780836081175,25.66268782039572,26.11046167834314,26.56169120063654,26.98679508061495,27.41964095758897,27.860832440759566,28.30968782920114,28.769150706712438,29.187502396110514,29.615462301132595,30.052505468160884,30.499163391055433,30.956592513988898,31.38661385067251,31.82655625121115,32.27550696661626,32.73556458957589,33.205176139726966,33.65176336551666,34.10664843128861,34.571200931139515,35.04505729628738,35.52948838846213,35.991868901722036,36.4627540238196,36.94205973594581,37.4297978883693,37.92388621276882,38.388367172198656,38.861101414671666,39.34187755497262,39.83154197463351,40.32982175150559,40.80063887547166,41.27915644534064,41.76564415842117,42.259658603411154,42.761333882911096,43.23369805637587,43.712612985562906,44.19866948793388,44.69194143018146,45.19259971457802,45.655096960426036,46.124018452009544,46.59944593634825,47.0823223449727,47.57808432817649,48.03726684912923,48.50152513484877,48.97153543713105,49.447378728081354,49.924116673452154,50.36690146716623,50.813488465054625,51.26469599954975,51.720609934339166,52.18139382275739,52.61668428718091,53.05455717900393,53.495285033666114,53.938566241974776,54.38463402817875,54.80895189411057,55.23452182731433,55.65727836675438,56.07687991505227,56.49810093039651,0.08835830469685568,0.0884453469473474,0.08852832420716533,0.08861401373947937,0.08870226224826797,0.08879313770921092,0.08887863302783593,0.08896421163868605,0.0890524992093823,0.0891435182621615,0.08922767004088122,0.0893135836210367,0.08940103905964936,0.08949381163341597,0.08957230966264779,0.08964132742157717,0.08970197187917019,0.08976302951330159,0.0898248134290127,0.08988727427296374,0.08995072042192646,0.09000468548366697,0.09005942773054373,0.09011507058157214,0.09017164873201769,0.09022930884388786,0.09023345866696882,0.09017872555907654,0.09012444251134949,0.09007057522841395,0.09001703419464135,0.08996371159741251,0.08990982870620892,0.0898563722683752,0.08980331678661427,0.0897506282393544,0.08969817147043163,0.08964533152439894,0.0895927733458731,0.08953986595849107,0.08948133171997347,0.08942296149963846,0.08936457069312675,0.08930619506938454,0.08924777776829636,0.08918929678873157,0.08913103389329331,0.08907294445190499,0.08901473325292321,0.08895636333684978,0.08889782280124013,0.08883927911102171,0.0887805903437326,0.0887216829809953,0.08866250722725086,0.0886030639460744,0.08854319158577054,0.08848257017485038,0.08842160622993377,0.0883602901016904,0.08829858902910327,0.08823607776315046,0.08817234066019249,0.088108158650812,0.08804350536436863,0.08797280183032649,0.08789931940779716,0.0878242851618831,0.08774850610908193,0.08767194492858325,0.08759459271436003,0.08751607405374197,0.08743611866192022,0.0873552841863435,0.08727353248070865,0.08719084192326298,0.08710708333150052,0.08702217665893142,0.08693186329640691,0.08683573709963699,0.0867383592538311
RUS,Seventh,23.306742156094472,23.83843588913342,24.377262239901295,24.924142238235817,25.478956862139377,26.042420721156482,26.583750757681432,27.132483079050367,27.690049147853216,28.257177497132744,28.74890696020291,29.28292997441147,29.82458172564937,30.37606269208752,30.93273548170214,31.495374498635208,32.0244635721668,32.56195297110607,33.10852310549696,33.66402448493039,34.230623195538016,34.75191537520397,35.2827918875303,35.82314456394011,36.37355886878207,36.935172246796704,37.46166340708288,37.998277213953926,38.544371355870396,39.10202470442879,39.66982421982814,40.211440604161105,40.76260132380409,41.32464427632298,41.89716018109334,42.48163887010456,43.03920709670055,43.60661460822185,44.183490127121964,44.76997465609545,45.36549646832648,45.92336294197998,46.49027914428615,47.06575224245061,47.65108380058993,48.245666962922755,48.80659474898143,49.37559107983091,49.953504100156586,50.53942975521808,51.133518496510035,51.69881586569386,52.27155068812241,52.85298061721132,53.44325306668692,54.042607674279076,54.5954733308814,55.15705869723318,55.726136959732656,56.30619806609704,56.92064140030416,57.4920400104383,58.0703785305064,58.65620047607379,59.249619865332384,59.84683418800752,60.404860845096835,60.96848084751906,61.53838026190432,62.11468139793534,62.69758934926705,63.250775136674264,63.808085540121546,64.36966683459498,64.93521090668848,65.50499903385507,66.04951656564728,66.59648491460891,67.14275238675988,67.68810148394874,68.236418508289,0.10268779348978531,0.10274542493559083,0.1028003351004234,0.10285661660659857,0.10291415966394302,0.10297299342766654,0.10302812717187539,0.10308305213604847,0.1031393198669782,0.10319692838220991,0.10324998957178337,0.10330380992044358,0.10335827170295281,0.10341555235858242,0.10346433373451593,0.10350745715192022,0.10354538478559631,0.10358340570002789,0.10362169965694266,0.10366023341385946,0.10369918511813755,0.1037323931977965,0.1037659286252161,0.10379985622662741,0.1038341917836873,0.10386901626370296,0.10387268464006577,0.10384212573948931,0.10381172894658154,0.1037814781695711,0.1037513262461972,0.10372121198792536,0.10369069760178265,0.10366033998558784,0.10363012861937948,0.10360004529042356,0.10357001608579865,0.10353968708356764,0.10350944111214853,0.10347891495737326,0.10344505064046974,0.10341118586765735,0.10337721425155182,0.10334315612286021,0.10330898052461467,0.10327467436401648,0.103240402410142,0.10320614208370804,0.10317171813251563,0.1031371091898294,0.10310230700189,0.10306741323487927,0.10303234160149961,0.10299704803555304,0.1029615030169977,0.10292570565772742,0.10288955744567586,0.1028528623441005,0.10281586559894365,0.10277855956479677,0.10274092331586679,0.10270269613638751,0.10266361676959108,0.10262416339044504,0.10258431742933466,0.10254062451615976,0.1024950831786438,0.10244844515528315,0.10240120724717258,0.10235333968698236,0.10230483637565028,0.10225545497876465,0.10220502152814795,0.10215388051763633,0.10210200487128133,0.10204937464193031,0.10199590501412678,0.10194153909341702,0.10188353026233483,0.10182158621708717,0.10175862466356639
RUS,Eighth,29.20849053508465,29.89009119344979,30.581844095669954,31.28370263258765,31.995575719335516,32.71832872917256,33.41325124004086,34.11792021560832,34.83354352371511,35.561011502572754,36.097274418934504,36.770401611370694,37.453251001158065,38.14792991748497,38.854113149682995,39.57129630702792,40.24846739898368,40.937504938119396,41.63920431167751,42.353038506608286,43.082458362897874,43.753670286417226,44.43875788784412,45.13724705267522,45.84992181609555,46.57832102723379,47.26370765385929,47.96290730577738,48.6754105994576,49.4040459153432,50.146957803346005,50.85629731578373,51.57898614863965,52.31635387540641,53.06793860427366,53.835597338565506,54.56999119248135,55.31801176273558,56.07906470672845,56.85362651872471,57.64293638455621,58.38704147740774,59.14398099688472,59.913313251505585,60.69650978373042,61.49305825060547,62.247839984399505,63.0143091186319,63.79342245577971,64.5843945384313,65.38747105866312,66.15006034233377,66.92339320442149,67.70873544587359,68.50630686678187,69.31641636423704,70.0686631537119,70.83274219120938,71.6077118152965,72.39644071197208,73.21731387108066,73.98387899447813,74.7606553173348,75.54795591426827,76.34595442866444,77.15281106198816,77.91137839518272,78.67869054557072,79.45520622768407,80.24111805885491,81.03669723890108,81.7952202912353,82.56059971531621,83.33277164273798,84.11142308235863,84.8969220779,85.65107024251246,86.40981879099859,87.17163447651126,87.936524945639,88.70681345187197,0.12760196141093558,0.12757690490990156,0.12755164026800217,0.1275260153648792,0.12749999774663526,0.1274735173899456,0.12744800961031577,0.12742215861776043,0.1273957806052214,0.12736880621926963,0.12734320890815784,0.12731724199448483,0.12729076190749145,0.12726339069308285,0.12723677250073212,0.1272106676518776,0.12718641736491174,0.1271618854164902,0.12713701548440154,0.12711180568920216,0.12708616232088363,0.1270628929711721,0.12703928307554574,0.12701531296170515,0.12699095386992632,0.12696614978452977,0.12695656004904415,0.12696366821392924,0.12697051709929247,0.12697711686502278,0.12698348308461174,0.12698963401726376,0.12699565701222346,0.12700144280876555,0.12700699952992828,0.12701233560487232,0.12701746825207094,0.12702245871397336,0.12702724398329837,0.12703188224827414,0.1270368055403357,0.12704149828976968,0.12704597814118646,0.12705024243998056,0.12705429666218013,0.12705814312117153,0.12706176519386375,0.12706516821457253,0.12706837121904285,0.12707137699472965,0.12707418385563143,0.12707678440356412,0.12707918559797277,0.12708138917577758,0.12708339479195213,0.1270852024644135,0.12708681333118074,0.12708823087397428,0.12708944119371282,0.12709044172826106,0.1270912294455062,0.1270918061700106,0.12709216505952461,0.12709229364287186,0.12709218885238294,0.12709180517628596,0.1270911119386537,0.1270900949226791,0.12708875345156403,0.1270870790213267,0.12708506272906822,0.12708268395062652,0.12707992254448658,0.12707678263798008,0.12707325398016694,0.12706932558012884,0.1270649815645613,0.12706020314994387,0.1270547111992285,0.12704840412577006,0.12704153332288678
RUS,Ninth,35.41806650287669,36.268443920310155,37.13311461859438,38.010093828419436,38.899310697194686,39.80176864847407,40.670329511083736,41.55144772527297,42.445685086197045,43.35408735315762,44.8825564058811,45.83602846001129,46.80063327562547,47.774451821138136,48.76280147573233,49.76769459456481,50.707985620107884,51.65791475617627,52.61841878242856,53.592196390445444,54.576763416995526,55.505011699836665,56.44020324445182,57.384476857746044,58.33855411311434,59.30319263052948,60.20083372588155,61.10722243580402,62.023136586762696,62.95002794896248,63.887538328789375,64.78874861554114,65.7035188175739,66.63281330073698,67.57606714192148,68.53556827287505,69.44919822574822,70.37710822100941,71.31755994440559,72.27126793473546,73.24515761623444,74.1481575648526,75.0620419110349,75.98495240352736,76.92027074639017,77.8657620496404,78.75336092104658,79.64887541934857,80.55597231935786,81.47150541111871,82.39566894565144,83.30128083861466,84.21704773988915,85.14744918563639,86.09297321444173,87.05416501077913,87.9365795011588,88.83755365623699,89.74926309980799,90.68785419361231,91.76625896061785,92.77834049609623,93.80532010098865,94.84697502917629,95.90357022241405,96.97771818706595,97.99481001961807,99.02544657835506,100.06952766269025,101.12736085040163,102.19931508958776,103.22683338384526,104.26555853685063,105.31498569949281,106.37483715584425,107.44560596424878,108.47905246340162,109.52073678672387,110.57287154653136,111.63597358249214,112.70860267571472,0.1536054373076797,0.1535084371505705,0.15341541220271762,0.15331809673695634,0.15321661681326537,0.15311082931893627,0.15301040585214057,0.15290892093189692,0.15280303511095203,0.1526926539561791,0.15258973743705656,0.15248359118212848,0.15237448762890912,0.1522574206445747,0.15215821753416708,0.15207082700446853,0.1519936922607919,0.15191545793377817,0.1518356932117598,0.15175444846226105,0.15167129537409565,0.15160029878530581,0.151527790297416,0.1514535832313212,0.15137761243307327,0.1512996533933623,0.15129496411571033,0.1513710864464215,0.15144625837708814,0.15152053501319,0.15159404961849457,0.1516669547765529,0.1517403150566031,0.15181278788390262,0.15188441593479307,0.15195525381955222,0.15202548783131473,0.15209594306867716,0.15216573353858018,0.15223569795118855,0.15231276461649515,0.15238926568119215,0.15246544366826661,0.15254125545916256,0.15261677528931636,0.15269203314395555,0.15276667027330473,0.15284074692069924,0.152914643868635,0.1529884064654514,0.15306204832596795,0.15313535929903108,0.15320851796401164,0.15328161367939133,0.1533547065788978,0.15342779116105912,0.15350106373137365,0.15357490761502748,0.1536488176244243,0.15372280361985563,0.1537968994123501,0.1538716072393182,0.1539474083869556,0.15402336090388094,0.15409948899472342,0.15418230682209025,0.15426790047336456,0.1543547992062621,0.15444204774796003,0.1545296805226822,0.15461768994853498,0.15470648975984724,0.154796359606583,0.15488665314065522,0.15497739661975604,0.15506859905585377,0.15516038414990058,0.1552528197110342,0.15535047455384404,0.1554536633648544,0.15555741201635473
RUS,Tenth,64.78324518105697,66.43948365164982,68.13047512143076,69.84449380242762,71.58161117754936,73.34345009303243,75.04291617399942,76.7687647708261,78.51812734295885,80.29274460150754,81.37322892996973,82.98948218436523,84.62821576031006,86.28552754359913,88.01208521964605,89.79585902497479,91.49821787228272,93.23556305922205,95.0091671638711,96.81711744843868,98.66909698316482,100.38915519026396,102.1499372224224,103.94924326284682,105.78912427903875,107.6733237256748,109.46269566980145,111.28900256360784,113.15327197485404,115.06248106107621,117.01291992421325,118.88628014310858,120.80033487664181,122.75447388152155,124.74809580204804,126.78537604808224,128.75003739715282,130.75556128179667,132.79861263155996,134.8831513002877,137.03405001293646,139.09149944250086,141.18830763979517,143.3241308587543,145.50204759930745,147.72198670415773,149.84903820603242,152.01266673243893,154.21587768829585,156.45840656972422,158.7412515139215,160.91817688822715,163.13065857534738,165.3809484496269,167.6700532615226,169.9988858357934,172.19821884255038,174.43641843776265,176.711880648075,179.02663554634736,181.38848779895025,183.62793726047073,185.90724507896041,188.2231238126506,190.57635358823438,192.99539456072546,195.31884913716303,197.6821605087132,200.0819839416837,202.51928365155388,204.99498282148653,207.39343538791368,209.827595406942,212.29449225812047,214.79420793296921,217.3279262856916,219.79864694705816,222.29888080076773,224.85339473179445,227.46597937710848,230.1125710340988,0.27456278582452825,0.273871806922199,0.2732091109500544,0.2725267819410567,0.2718258113895314,0.271105520975821,0.2704264487911206,0.2697461556223338,0.26904576026394866,0.2683249083334252,0.26765678729046216,0.26697564987071637,0.26628258927807175,0.26555018511307943,0.26491980412876714,0.2643572374910787,0.2638589892079687,0.2633572200264294,0.26284958546418147,0.2623364210826217,0.2618152946728951,0.2613676301652556,0.26091369022561395,0.260452564360363,0.25998392834337897,0.2595065854933827,0.25944774203293847,0.25984926945236836,0.26024709761826725,0.26064148321596725,0.26103309526374974,0.2614227288008782,0.2618160735756432,0.2622059355262087,0.2625925082127665,0.26297604897170357,0.26335754643694376,0.2637414854671021,0.2641230247856271,0.26450675836652443,0.26493089261473457,0.2653534290156214,0.2657756967528172,0.2661974486103186,0.2666190920686358,0.26704079315611634,0.26746052798480846,0.267878614293993,0.268297194519038,0.2687165267638355,0.2691366982947859,0.2695565040096452,0.2699769749700188,0.27039862986149155,0.27082182325284626,0.2712465454430898,0.2716739561844263,0.2721063302277363,0.27254074750325197,0.27297728982370517,0.27341617870112855,0.2738604314045014,0.2743129909500091,0.2747682949525801,0.27522652322481506,0.2757271644637627,0.27624696810467114,0.27677720842482134,0.2773121578601659,0.2778520865433046,0.278397030214465,0.2789496317826939,0.2795117579433645,0.2800794809979663,0.28065305013516517,0.281232607446455,0.281819036710534,0.28241288911873796,0.28304388435494515,0.2837147328044159,0.2843935348597804
TUR,First,4.531750459709197,4.617456913990709,4.701487529822762,4.78699813738485,4.875328372877094,4.966697191331437,5.055444201072506,5.146075578971843,5.239120432061525,5.3346450248178465,5.541722489871364,5.6511296668041044,5.762928197193641,5.877727174561929,5.988415896826886,6.097444855989613,6.202971230455534,6.309869853226744,6.418369360337453,6.528856800377739,6.640841655935067,6.753190376653373,6.8659228795276945,6.979247535775547,7.0930684442505845,7.20698051806831,7.316960003678457,7.4271039240124965,7.53810463780545,7.650634288408328,7.76491656459045,7.879908467020525,7.9955768943384875,8.113430192679187,8.232483548011905,8.35227118685123,8.469199275691485,8.586897514427509,8.705880284010458,8.825540137391924,8.944190898385553,9.057677407678383,9.171710996733342,9.285672296914425,9.399837814599216,9.51371237573948,9.623241303503772,9.731673209585583,9.840179654247393,9.948957371283088,10.058394483141967,10.173565278539947,10.289210380409628,10.405612818818758,10.523019857018658,10.641483933658186,10.754164310544454,10.867704274288322,10.980472588925931,11.095571668969352,11.235253757843621,11.370820060941766,11.507086250509127,11.644817339449062,11.783869949528126,11.920228013690332,12.050770515444105,12.180585519701198,12.310136539186843,12.439170493306968,12.56725895554371,12.689138910639306,12.809857070716589,12.930998922722281,13.053759313389769,13.177414820068176,13.295952005234211,13.413830571103015,13.527255876021195,13.635555393490224,13.741808244833175,0.02565067810747794,0.02574752835558508,0.025838698419642644,0.025934564705056,0.026036462402420663,0.026144552981189447,0.026248289671095243,0.026354414250336,0.026466012416815326,0.026583080440781427,0.026698077885680137,0.02681385837424991,0.026933847396837508,0.02706283159248058,0.027173741639052226,0.027273400744676764,0.027369798667765427,0.0274685142689382,0.02757001472554579,0.02767420516389539,0.02778157159179172,0.027885200580688132,0.02799095109779104,0.02809886039288319,0.028208896036763454,0.028320942765123043,0.028429575569727326,0.02853951524558882,0.02865170605242878,0.028766958088842033,0.02888505709818731,0.02900145343187865,0.029118396300163045,0.029085590609489884,0.02901061561524806,0.028936447290174073,0.0288628884743011,0.02878907479490882,0.028715934913058672,0.028642587978534126,0.028561767287545153,0.028481509191776097,0.028401559071674232,0.02832196151031158,0.02824263713923638,0.02816355460327869,0.028085090079799917,0.028007181140403233,0.027929425962071767,0.027851776278646278,0.0277742168994008,0.027696969274114146,0.027619842274728346,0.027542743124656467,0.027465606737571934,0.027388438132853004,0.027311028130314385,0.027232970343977494,0.02715479764688588,0.027076497121626575,0.026998033102049082,0.026918870379585264,0.026838497077459375,0.02675790935729738,0.026677078423917623,0.026589079624784465,0.026498057520361353,0.026405569679712203,0.026312626865249537,0.026219192098310303,0.02612526575188543,0.026030405075580017,0.025934306184222912,0.0258376524680014,0.02574041263128363,0.025642572940151456,0.025543996495705077,0.025444602647721856,0.025339465472104538,0.025228218648973347,0.02511620661029222
TUR,Second,7.500724982324267,7.652590435516164,7.802902950410026,7.955748832759264,8.11297763650713,8.274931561719951,8.432236123513565,8.592756460597005,8.757170085357778,8.925611141281712,9.100549456792455,9.26661955309776,9.436404010114718,9.61116478548502,9.782461653670136,9.952775017845125,10.120426493340696,10.291568624177897,10.466572087973057,10.64541597964691,10.828764820139485,11.009093672544093,11.192666516600699,11.379312749503649,11.569036136899582,11.761590919954953,11.950920112065774,12.143057216854796,12.338773089530827,12.539521992376464,12.745298856239103,12.950949016608849,13.159431262293976,13.372581878198737,13.589272492727893,13.809019061599312,14.025754873792067,14.245446308098462,14.468933042961963,14.695524375463169,14.922846455685985,15.146101792245014,15.372595670815917,15.601794757703914,15.83382569988011,16.06840020969415,16.298212388512187,16.529362428261376,16.763043531745268,17.00006751010597,17.2410574721164,17.48264962573242,17.727049404212487,17.974039655097705,18.223955672117096,18.476859902123884,18.722926437320364,18.970814228635742,19.219733475553056,19.47104963144779,19.734302110094532,19.990893573927206,20.24935254784141,20.510736821175023,20.774879941510083,21.036481780157057,21.289027840809773,21.541404242600294,21.794239956240343,22.047199430063994,22.2997010616294,22.542366842596635,22.784136740274263,23.02722857007192,23.273350313887022,23.52152161833727,23.76124926773745,24.000712378189743,24.23477697723528,24.462509325692995,24.68804303738135,0.041894459152645794,0.04199499906856568,0.04208875287141135,0.0421880021548345,0.042294207870960394,0.042407514613987625,0.04251614237884115,0.042627363643659155,0.042744823803202554,0.04286848609726601,0.04298998288278186,0.04311248621034126,0.043239652154935256,0.04337708864711859,0.04349302578606286,0.04359551494419087,0.04369438503799217,0.043795707206045656,0.043900006961557575,0.044007161716594904,0.04411769093859146,0.044224080482566076,0.04433267671814567,0.04444352470769984,0.04455657721573714,0.044671698453358874,0.044783027972252455,0.04489561507087334,0.04501051777785823,0.04512859296272724,0.04524958426902319,0.04536860363029259,0.045487978451151184,0.04544743666138081,0.04536186710370802,0.045277137772322416,0.04519302616816863,0.04510854406167865,0.045024756497779206,0.04494065385183672,0.04484789027676729,0.04475567743245713,0.044663724787750984,0.04457208306669327,0.04448066476040365,0.044389432257288024,0.044298821948659604,0.044208761075200234,0.04411878764789792,0.044028847313558134,0.043938919716392466,0.04384926500795123,0.043759660198071086,0.04366999813086373,0.04358020288346163,0.043490278729305866,0.04339998191483722,0.04330883763856104,0.04321746593452082,0.04312585032620556,0.04303394755984073,0.04294113143995907,0.042846795094109436,0.04275210577596282,0.04265703023783169,0.04255340748694687,0.042446096271684136,0.04233692253127505,0.04222707707431642,0.04211651035286395,0.04200522349633212,0.04189268573439302,0.04177853060655702,0.04166356713328289,0.04154775473577767,0.041431073002474166,0.04131335511922765,0.0411945002717567,0.04106860081129067,0.040935186924346265,0.04080064945508096
TUR,Third,9.117143302432002,9.308392691394792,9.498468027320177,9.691657647028666,9.890057190434206,10.094070566120292,10.292285259554685,10.494521560647769,10.701431229813155,10.913184004688867,11.070863578921529,11.270806748581416,11.475179304254992,11.685421651340373,11.893454329168346,12.101533767557829,12.307540797190706,12.518337399654266,12.73436155105544,12.95536489290118,13.182668901549079,13.405114286488166,13.632544413252756,13.864570047553158,14.101258902855157,14.342469195374989,14.580990042200995,14.823976923586542,15.072202703896954,15.327550910916306,15.589894704404639,15.851724650368293,16.117813908355583,16.39004821294861,16.667272617121068,16.94902463613804,17.2278244481183,17.511018637535482,17.799571656410627,18.09281383661995,18.38844031762468,18.680787853658583,18.978091727994304,19.279882432550412,19.586210272647033,19.896919363720638,20.202791544597805,20.51160013927415,20.824559565244233,21.142827469271552,21.467161157634926,21.789228764553002,22.11565512342409,22.44595406217483,22.7805170842107,23.119419842158432,23.45108563590005,23.78542147284149,24.12210114134381,24.46148133532173,24.805669004165,25.14195765241115,25.481141455558312,25.824357687806,26.171439528403535,26.51702832955156,26.85217357216802,27.187920610140633,27.524905469809767,27.86276407676732,28.20084132468772,28.52730147886439,28.85347398434996,29.18185107569519,29.514421227110716,29.85008456132407,30.175645984200866,30.50159175193605,30.822592901350127,31.137641643398617,31.450893632787437,0.05067379469958728,0.050779198096510755,0.050877961748699733,0.05098186120582237,0.05109234493525124,0.05120954605096542,0.05132178526959068,0.05143643703514778,0.05155694873114315,0.05168327583083536,0.05180713884947376,0.05193166983025257,0.052060549004886734,0.052199059600237414,0.0523171743256144,0.05242255448614059,0.05252423240021344,0.052628212659406044,0.052734992865723765,0.05284445051007642,0.05295709041910554,0.053065524471879615,0.05317600361977166,0.05328855792152002,0.05340313902779508,0.053519611750075545,0.05363224140911118,0.05374600344490481,0.05386189738546726,0.05398075710413817,0.05410233361486592,0.05422186223778583,0.054341666865250146,0.05430560958123843,0.05422561377226519,0.05414635602667824,0.05406762805893556,0.05398850549761065,0.053909984821867804,0.05383112166462536,0.053744080498886876,0.05365749973486405,0.053571104354420265,0.05348494487702673,0.05339893772621158,0.05331304921281771,0.05322768926023878,0.05314279191681916,0.05305792099552465,0.05297302521544472,0.05288808730290909,0.052803350061282006,0.052718606448756866,0.052633752611483856,0.05254871612672794,0.052463501995631996,0.052377879015837646,0.052291394978009366,0.05220463601537996,0.052117587618025325,0.05203020818858458,0.05194189956345956,0.051852083979022356,0.051761869325813205,0.0516712225144938,0.05157235480915515,0.051469889044141195,0.051365560565712516,0.05126050459398597,0.05115467383233741,0.05104806566881053,0.0509401695062004,0.05083063128394086,0.05072022412717969,0.0506089053246971,0.050496652997732976,0.05038330518114977,0.05026876281140981,0.05014731948550499,0.05001850394596838,0.049888471234300145
TUR,Fourth,11.369251095594127,11.614554373515766,11.859181740085862,12.107752739186601,12.362682573397004,12.624461912741847,12.878844543986913,13.138348916957822,13.403626730434254,13.674900058073547,13.912835585568287,14.17401966715191,14.44078760858161,14.714508081823885,14.987014187691477,15.260815595628285,15.531572894436222,15.808322843712627,16.091581894998107,16.381202319520565,16.678505365740186,16.97061859251638,17.26878758494536,17.5726656796479,17.882340111157703,18.19763073182181,18.509229903637653,18.826372034248365,19.149951220314836,19.48210891624382,19.822768258074028,20.16312734871692,20.50901899497448,20.862336345449897,21.221904024775327,21.587296025939757,21.94903368987277,22.316440656113535,22.690547070158022,23.070649031883065,23.45472140824029,23.834014533622,24.219472565230863,24.61049448008886,25.007259328544,25.409515272477883,25.805628817574043,26.205439658107156,26.61052922658633,27.022132810678016,27.441148093623504,27.85897549333265,28.282346857246623,28.710901084245503,29.14513370444441,29.585168758605658,30.0159213450069,30.45069906424916,30.888747284124715,31.3312241524745,31.785776168297478,32.23069381338135,32.679877752579806,33.13458435627301,33.594651342730586,34.05455284756925,34.50204112117197,34.95117463981451,35.402616683980796,35.85596855973788,36.31048991969478,36.750952523237,37.19196038978175,37.63636080273588,38.08649814122154,38.54112934416353,38.9833612672779,39.42686306525173,39.86600115803613,40.299673880743576,40.73214867900303,0.06285122466546339,0.06294601327896483,0.06303436571474551,0.06312766404128416,0.06322724421452212,0.06333321553920983,0.06343464014480794,0.06353828914153811,0.06364749348615627,0.06376219317707638,0.06387466251372825,0.06398782659242808,0.06410504290104158,0.06423138814656615,0.06433798736874641,0.06443223115654802,0.06452302720341864,0.06461591670307086,0.06471136575628868,0.06480925226301361,0.0649100355615341,0.06500690781108875,0.06510561587502306,0.06520619454018226,0.06530858966383692,0.06541267256469036,0.06551317505752162,0.06561464388118834,0.06571801394893588,0.06582404352518985,0.06593249166463921,0.06603899480163912,0.0661456374270079,0.06611003243367454,0.0660343220914709,0.06595926528094052,0.06588466709897474,0.06580965020915552,0.06573516155427142,0.06566030345117481,0.06557763262774878,0.06549534494237229,0.06541318181716867,0.06533119103373498,0.06524929198757005,0.06516745418912318,0.06508606860701537,0.06500507280715678,0.0649240522279884,0.06484295633705067,0.06476176910897379,0.06468072426140087,0.06459962114581731,0.06451836137333822,0.06443687680953206,0.0643551702359521,0.06427301964852902,0.0641899896810613,0.0641066429420081,0.06402296505764642,0.06393891465316828,0.06385391557101457,0.06376740891232525,0.06368046054022543,0.06359303799130012,0.0634976196915047,0.06339865536966707,0.06329781584154202,0.06319619562832625,0.06309374539794366,0.06299046198430443,0.06288584814526756,0.06277955762228708,0.06267233667949328,0.06256414314786399,0.062454953117512535,0.062344605626696595,0.06223300172326683,0.06211457125996696,0.06198883536643165,0.06186179172998637
TUR,Fifth,13.344736497057779,13.639637452517453,13.934505455904857,14.23405421454411,14.540961253653101,14.855788941272555,15.161794053158475,15.47394486927241,15.792821593690212,16.118690703565406,16.544377124157844,16.877791496673684,17.217966373129208,17.565666591438283,17.913006720495435,18.26313910427216,18.607481636814498,18.95832665935419,19.316234846728886,19.68160679875657,20.054771038311,20.42494944552584,20.80076527477704,21.182275089364175,21.569513227704686,21.96206553207535,22.348202572880062,22.73962956884253,23.137454374757137,23.54369157038376,23.958558941661565,24.374245325201155,24.796004412762326,25.225618894005795,25.661900950630393,26.104464746952793,26.541983992352407,26.98569909453985,27.436535825228912,27.89374178007948,28.356171672259105,28.80976503539182,29.269491542877187,29.734390948480396,30.20502222358135,30.68074480755124,31.147942362323384,31.618075981039805,32.09346200600189,32.57498492517812,33.063630838228185,33.55772063335255,34.057566442105134,34.563464582871234,35.076043071628675,35.59550890666423,36.10237696118741,36.614938917627136,37.130841980149974,37.654375157216144,38.215485508176,38.76556607811116,39.3214130309699,39.884330435346186,40.45416798320356,41.025735264802165,41.583465981279474,42.144120254164136,42.708323002123564,43.275658702032295,43.845322322716505,44.398960805975996,44.95424190885731,45.51427559084383,46.081719374363146,46.65522244124226,47.214463618610274,47.77610525388712,48.33466523106625,48.889017610475676,49.44310159810785,0.07349059458883461,0.07357732984372978,0.07365829112537535,0.07374351968845194,0.07383420257924471,0.07393042567634636,0.07402242385423219,0.07411629494113234,0.07421494866720117,0.07431831973956168,0.07441953049194339,0.0745211827838634,0.07462627824524184,0.07473922504744215,0.07483487028088723,0.07491969363403155,0.07500137329723838,0.07508481926404192,0.07517043471589893,0.07525810593395484,0.07534823267578537,0.07543481302678633,0.07552291909365277,0.07561257093651039,0.07570371946424896,0.07579624766546002,0.07588553451406073,0.07597558000571739,0.07606719065430627,0.0761610249639694,0.07625686857688624,0.07635090999507647,0.07644498723691535,0.0764150159323493,0.07635003761097073,0.07628557527672192,0.07622146165808756,0.07615694323503591,0.07609283514275329,0.07602836395320714,0.07595711252360708,0.07588613767363393,0.07581521527917194,0.07574438833809642,0.07567358822482304,0.07560278709902232,0.07553232487225989,0.07546214808747967,0.07539189730657886,0.07532152952919285,0.07525103066284944,0.07518060182464904,0.07511007193317165,0.07503935310273305,0.07496838695242064,0.07489717519748958,0.07482552328047987,0.07475305030901391,0.07468024593976678,0.07460709769071924,0.07453356864552563,0.07445915345636829,0.07438335957736368,0.07430712082501631,0.07423040505753316,0.07414660620500861,0.07405961770940431,0.07397090279124964,0.07388141965972007,0.07379112419484699,0.07370001289288393,0.07360764333073094,0.07351370574676847,0.07341885799625626,0.07332305821111472,0.07322628527249084,0.07312839172084389,0.07302928825777547,0.07292401828233726,0.07281213662169507,0.07269896682686834
TUR,Sixth,16.1635538258038,16.529040150972495,16.89542848920455,17.267565331976407,17.648482163851106,18.038841818800737,18.418341859851747,18.8054425698728,19.200635077836143,19.604250716024534,19.919801768280447,20.30293250905012,20.693984097719675,21.09423373382253,21.497327912901316,21.905480317085818,22.310336914366733,22.724516602559415,23.1487026106688,23.58258420882265,24.028329953420297,24.46623556701231,24.913986052182484,25.371006258875568,25.83750792385228,26.313428469056383,26.785356408811648,27.26657902021761,27.75807414667522,28.262803839384514,28.780605499430077,29.297980054531326,29.82464146305322,30.362270757821737,30.90978733928041,31.466921667188544,32.01987247386419,32.58225597606811,33.155249936040114,33.738248138209194,34.33031468250717,34.91705917478088,35.51400119490568,36.12049869507377,36.73681261135712,37.362773363029106,37.98119687306955,38.60673881244326,39.241443496870794,39.887063416819316,40.54482616460101,41.199024878658115,41.86262341777199,42.53510858611136,43.217181482586284,43.90905911163993,44.58897418398976,45.27622425273296,45.97013562600993,46.67149681511819,47.384706066967865,48.08490974009937,48.79303365353665,49.510440594394325,50.23700709408935,50.96804549931601,51.683248572180986,52.40324429871175,53.12860614731268,53.85890334596047,54.593248511880766,55.30882828560442,56.02767831876005,56.75325214048439,57.48862769467357,58.232320119530144,58.959135920836616,59.69002126920961,60.419765468929185,61.14722864022428,61.87586062681234,0.08861634499293175,0.08867704016240138,0.08873304895957847,0.08879252703625369,0.08885636251989303,0.08892459394411077,0.08898976685629624,0.08905635092149178,0.08912671651938081,0.08920078835101465,0.08927334764012415,0.08934636982716296,0.08942203576115708,0.08950389735070956,0.08957164593418958,0.08963053233974595,0.08968706100370089,0.0897448800888555,0.08980430151235134,0.08986523050680935,0.0899279581751404,0.08998802396125447,0.09004918196054569,0.09011145224029883,0.09017479020052083,0.09023910301044274,0.09030097694677011,0.09036333031996119,0.09042678973181455,0.09049182743972198,0.09055827144676955,0.09062332033849654,0.09068826504805795,0.09066266597814372,0.09061150385413695,0.090560691309258,0.09051010038206894,0.09045913494473945,0.09040843860954388,0.09035740147739152,0.09030093414374267,0.09024461938304748,0.09018828092178975,0.09013195281945331,0.09007558095777793,0.09001914413346236,0.08996291278377017,0.08990684568850249,0.0898506562959247,0.08979431049536317,0.08973779545852173,0.08968127466685932,0.08962460943780759,0.08956772895861054,0.08951058532394467,0.08945318101008758,0.0893953567953927,0.08933680458228745,0.08927791982503225,0.08921868943369048,0.08915908327936983,0.0890986904425164,0.08903710925147454,0.08897509365405816,0.08891261879238645,0.08884429243526713,0.08877327466073293,0.0887007520876176,0.0886275038316865,0.08855349348541414,0.08847871291076104,0.08840279781459406,0.08832548851479406,0.08824732326409074,0.08816826325022646,0.08808828962412556,0.08800727717871755,0.08792514683636966,0.08783777892684605,0.08774477999261962,0.0876505613616751
TUR,Seventh,18.82025498007755,19.255531353249776,19.69289568169762,20.13703306688588,20.591286079782027,21.056408163308426,21.508721901990896,21.970104020402676,22.44084949908791,22.921348860583127,23.374438680320957,23.84142008844247,24.317753719474965,24.804149791905953,25.296050960124933,25.79574103480835,26.290546861571862,26.796164336835417,27.313344453760173,27.842054776216866,28.384146343303513,28.91895820350005,29.46472084377982,30.021024611153685,30.588097640936024,31.16578962195547,31.73792401566039,32.32059011138377,32.914875603072964,33.52391642280604,34.14770519865493,34.77179543414214,35.40693065271517,36.054509275449284,36.713538947093404,37.383859091051676,38.049165961993964,38.72565687266114,39.414433669034395,40.11496473861028,40.82767425375528,41.53267352770879,42.249376785414995,42.976930739286786,43.715860400451945,44.46580828252107,45.20655394291736,45.95532783590831,46.7147708374649,47.48658906612683,48.27216978815043,49.057442572957754,49.8537575824572,50.660966824446355,51.47992287753669,52.31093126865675,53.12739708541518,53.95363095220517,54.788020066095875,55.63307586744708,56.505191473323755,57.362665094854734,58.23058430665679,59.110277389909754,60.00166001527341,60.90130658141086,61.78376025416129,62.67337505672202,63.570576904213304,64.47493566990805,65.38550510609198,66.27503998225207,67.17000017318182,68.07408765566089,68.990794847349,69.91852896144046,70.82721578974993,71.74215661952587,72.65909781580618,73.57698785783916,74.49810141907815,0.10282244157167554,0.10286333710527644,0.10290124292186943,0.10294107935789393,0.10298338673980906,0.10302817228392255,0.10307078961593094,0.10311410101774532,0.10315948587128274,0.10320687999703017,0.10325306842747005,0.10329926451106693,0.10334682616184969,0.1033977845032667,0.10344040913753139,0.1034778021215572,0.10351362158028549,0.10355007369699473,0.103587331662088,0.10362533151389945,0.10366423470185487,0.1037013973317605,0.10373904805844945,0.10377718989478464,0.10381579114239399,0.10385479086310108,0.10389220094225392,0.1039297382172801,0.10396774547255788,0.10400649026881936,0.1040458636465386,0.10408426331870337,0.10412244871673736,0.10410914786761698,0.10408126138784396,0.10405348399400279,0.10402574730669391,0.1039977255705829,0.10396977203740022,0.10394155037351725,0.10391023341087025,0.10387890452187452,0.1038474670403199,0.1038159398546896,0.1037842934908009,0.10375251549269633,0.1037207602409237,0.10368900557661927,0.10365708935777164,0.10362499177821013,0.10359270726190122,0.10356032647439399,0.10352777096814636,0.10349500134811314,0.10346198721489037,0.10342873010092204,0.1033951372976013,0.10336102707077234,0.10332662641062743,0.10329192866314066,0.103256913525045,0.10322133823064801,0.10318496088440905,0.10314822425613543,0.10311111209739966,0.10307040424363409,0.1030279629799097,0.10298448572669933,0.10294043488761899,0.10289578314396486,0.10285052436436226,0.10280443302104728,0.10275734403991149,0.10270957987265031,0.10266111438783534,0.10261192936703874,0.10256194406986932,0.1025111049262609,0.10245684294147676,0.1023988799265125,0.10233994520281836
TUR,Eighth,23.48883363525957,24.045870001252062,24.607055927738152,25.176840384324894,25.7590825008942,26.35469181165169,26.93407105305521,27.525070893981948,28.12768492349977,28.7424094808398,29.277395856613072,29.86854338986237,30.47135312114574,31.08617213127863,31.71181862746917,32.34996448400099,32.983121090823595,33.6305622020915,34.2931841012255,34.97081682462797,35.66611552626366,36.35175776544264,37.05229868890557,37.76711873403873,38.49658207624281,39.240678203020465,39.979122031855105,40.732085810418624,41.500669978855036,42.288763820605766,43.09629660788297,43.904177177308966,44.72718412519303,45.5662058687406,46.42049858989475,47.29014062751907,48.15450971696557,49.034147480081444,49.93019641853769,50.84234185924648,51.77285421202019,52.69536765293213,53.633917784579225,54.58764289140346,55.557177863671306,56.542271265285954,57.51709355096338,58.50375375583144,59.505358143259784,60.524089351437084,61.56165003543063,62.596794128738274,63.647230948939736,64.71272402688119,65.79434233847392,66.89249909362282,67.97383789789197,69.06887323766044,70.17603327149287,71.29749530071076,72.44654115229544,73.57806863750733,74.72443213923411,75.88690098162739,77.06546705456566,78.25886127469178,79.43266419798347,80.61778738730422,81.81441476049744,83.02213496889863,84.23991391076382,85.43275061710072,86.63482804778923,87.85024397846979,89.08316618172105,90.33185208592303,91.55772260258007,92.7937107971942,94.03724813624032,95.28746659090255,96.54462853277069,0.1276915137662606,0.12766935040675328,0.1276473797847313,0.1276251266297359,0.12760237188191778,0.12757903998512835,0.1275565128067495,0.12753357885234334,0.1275100862944367,0.12748598027086058,0.12746232097205742,0.12743870905482726,0.12741448206390107,0.12738930836897971,0.12736494538503534,0.12734102520771223,0.12731757803574056,0.12729366721667407,0.12726923065870915,0.12724426585827528,0.12721867239464638,0.12719363347985516,0.12716812029079666,0.1271421363702743,0.12711566995955725,0.12708872793696616,0.12706228093919308,0.12703542593834233,0.12700804134959742,0.1269799564596397,0.12695118280212686,0.12692256653959477,0.12689358991823838,0.12689364285127097,0.1269018204333489,0.1269097592827338,0.12691748202200825,0.12692508022546534,0.12693245937794784,0.12693970678009642,0.12694751601262724,0.12695508594964422,0.1269624413886803,0.12696958110542694,0.1269765115832795,0.12698323638246253,0.12698972423769253,0.1269959846982239,0.12700205002368062,0.12700792398689828,0.1270136076517968,0.12701908398574974,0.12702436679014376,0.12702946144232408,0.12703437253889222,0.12703909565228585,0.12704364308286853,0.12704803234848097,0.12705223069885493,0.1270562364823339,0.12706004698655676,0.12706368512588598,0.12706716476821733,0.12707043477489996,0.12707349344145985,0.127076569322969,0.12707947058284091,0.127082122199767,0.12708448433704245,0.1270865513526733,0.12708831365673373,0.12708977081216208,0.12709091257841754,0.12709171842409994,0.12709217960527383,0.12709228661196115,0.12709202737270786,0.12709139016674104,0.1270903007309167,0.12708867943941946,0.1270865535564338
TUR,Ninth,28.30652601595861,28.998281525202557,29.69716347476029,30.406589359745603,31.13090676734862,31.871172870310676,32.5916213543112,33.326615928414434,34.07551739035914,34.83892346157313,35.889972068908776,36.67849766169968,37.48168172409724,38.29741436950555,39.129813133308296,39.98138711592739,40.82100609441694,41.676601251061186,42.54912523427662,43.43995293101065,44.34894278207546,45.25504557315913,46.17524935895532,47.11005599508465,48.05971137082693,49.02361239339265,49.975084884782746,50.940938269452424,51.922663884110314,52.9236652133376,53.94473163394044,54.96974229729063,56.0121570325561,57.0719010994527,58.14848380349659,59.242241818236245,60.327728033087205,61.43072190892456,62.55178813453897,63.69080659693239,64.854645296355,66.0002927361394,67.16267196063482,68.34000823930185,69.53403545252081,70.74350438398903,71.93720382479542,73.14163542721863,74.36195156074717,75.59931331433077,76.85564114314074,78.12844610290652,79.41817256021388,80.7265114654752,82.05492299362592,83.40408888254908,84.7287342814901,86.07324941379349,87.43158144573187,88.81447785888912,90.29599642389995,91.75778470774037,93.24050407249028,94.74508530803217,96.2716455692078,97.82358839201277,99.3551846750048,100.90432285203646,102.47062679684187,104.05376034452804,105.65264627807471,107.22363258283566,108.80979936258952,110.41544011741439,112.04548729851794,113.69810682888956,115.3250894700623,116.96818392936868,118.62880316438087,120.30660765858963,121.99751625886736,0.15325132726775412,0.15318482431966315,0.15312351084447268,0.153057339779428,0.15298519532844523,0.15290695471143986,0.15283160818451308,0.15275389202853512,0.15267073475789997,0.15258215346646137,0.15249458514848077,0.15240558945790414,0.15231245622315656,0.15221043024605366,0.15212629174039766,0.15205334481095048,0.1519829000973126,0.15191026194364718,0.15183498705950568,0.15175716506459846,0.15167637879491636,0.15159853327357034,0.15151866319478996,0.1514367087363016,0.15135270602972653,0.1512667550198228,0.15118352702183804,0.15109905519532224,0.1510124433619471,0.15092300237279369,0.15083093475794246,0.15074017474488743,0.150648927447773,0.15068639331335482,0.15076003532491336,0.15083287548500088,0.15090510589382522,0.1509775752942169,0.15104937077776714,0.15112135753510475,0.15120066372120247,0.15127940224293224,0.1513578215672734,0.15143587710754372,0.15151364594944772,0.15159115821588628,0.15166804455512506,0.15174436799352578,0.1518205194931846,0.1518965455449293,0.151972460948457,0.15204804839036182,0.15212349447370313,0.15219888775612572,0.15227429293342185,0.15234970340144263,0.1524253222363811,0.1525015456764209,0.1525778518178516,0.1526542513078726,0.1527307803163709,0.15280795661248633,0.15288627819642447,0.15296477324534816,0.1530434671850834,0.15312909487331644,0.15321761409645732,0.15330750597827345,0.15339778364248255,0.1534884813370654,0.1535795942077095,0.153671550013246,0.15376463917031138,0.15385819470161974,0.15395224390942572,0.1540467969293166,0.15414198217476013,0.154237871972432,0.15433920901792655,0.15444632577435316,0.15455406323215581
TUR,Tenth,51.07165321266626,52.405379229365735,53.76133867999888,55.137404463689336,56.539939281817,57.9706547961637,59.36462240352015,60.787242320866184,62.23475286095515,63.70822874730134,64.87650673327565,66.27756348528324,67.70440404685851,69.15132028031742,70.65716863839015,72.21649480186777,73.77090557722714,75.36276770229064,76.99364364309464,78.66303914162349,80.3776304669806,82.0725876724795,83.80816593211998,85.58274984056459,87.39762423727763,89.25366920261007,91.10474201702561,92.99730026089088,94.93186720900138,96.9163976015887,98.9508646810324,100.98921732918798,103.07186782957471,105.19386154730458,107.357034949516,109.56350973452366,111.76583469191324,114.01267200484754,116.30411026693852,118.642556830438,121.05202973920343,123.45342834471619,125.90134479871307,128.39491403206625,130.93595646604186,133.5249069677124,136.10017204720103,138.7148339197431,141.37561723673136,144.08726058732233,146.85343033018853,149.61219037452588,152.41770739641393,155.27015372703582,158.1721817025774,161.12513523322212,164.0516088767665,167.02472185526025,170.041589348085,173.104384883563,176.22044424220266,179.3081013145505,182.44827486023502,185.63980784345088,188.88357651554188,192.20933286169154,195.51492738172985,198.87152079541394,202.27566388584094,205.7276259797796,209.22640912445058,212.6867568649768,216.19501962731158,219.75570806578526,223.37716496163526,227.0575565727285,230.70237913285965,234.39655412098475,238.16513296234186,242.01137458949904,245.9063953738461,0.27305762118736915,0.2725603793625497,0.2720967476094734,0.27160831540123953,0.27108822152753587,0.27053598421369984,0.27000804121794314,0.269469278168071,0.26890274945248116,0.2683088426291124,0.2677272851882601,0.26714304335790356,0.26653883008699253,0.2658889864971455,0.26533990840248295,0.2648539005544463,0.2643860226763322,0.2639079469523259,0.26341733408233103,0.2629148314688823,0.2623981347466337,0.26190188558055055,0.26139682009103404,0.260882804259545,0.2603601212594199,0.25982944997095947,0.25931745962727165,0.25880109268082135,0.2582756542650867,0.2577373468141586,0.2571874121230207,0.25664785096164544,0.2561081025887056,0.25628446477148065,0.2566629228060939,0.2570384082821673,0.2574118929369362,0.25778776616660576,0.2581612862676104,0.25853695293451184,0.2589521694970022,0.259365818927398,0.25977920377175057,0.2601920802870235,0.2606048481804492,0.2610176684139627,0.261428563414515,0.2618378410160694,0.26224760068937686,0.26265809352070635,0.2630694049887976,0.26348035605323794,0.2638919563296539,0.2643047121517513,0.2647189724791368,0.2651347255440293,0.2655531085977581,0.2659763473714152,0.26640158276907233,0.2668288962987394,0.26725850374348925,0.2676933591780766,0.2681363422591945,0.2685820082452433,0.26903053425859424,0.2695205713074135,0.2700293617648011,0.2705483625981511,0.27107196947957135,0.27160044480457984,0.27213382506621697,0.2726746965467785,0.2732248842527891,0.27378054533332585,0.2743419247965016,0.274909160137196,0.27548311506032214,0.2760643303862659,0.2766818930716295,0.2773384533596805,0.27800279079038887
USA,First,11.829341539877374,11.760489355034101,11.69056435757008,11.626301873338189,11.571023132216474,11.524600311453241,11.482240967554466,11.44883308466776,11.421444340330206,11.399736820053535,11.77669874387248,11.809225707934289,11.843264639449943,11.879763432518812,11.91357529761754,11.947745782651463,11.97615042636626,12.004086599675293,12.032052921758273,12.061102794878064,12.089209226197367,12.123098065147264,12.154034695436149,12.182300634653815,12.207625086119826,12.22907663627761,12.244048282501186,12.256894299889677,12.26823335441475,12.279191453241419,12.290176605856468,12.305785665256625,12.32096881897238,12.336029372499832,12.350095994812726,12.362855827506218,12.370911134595666,12.379079001761461,12.387397843822523,12.395264094605686,12.404985409018398,12.404704690755748,12.403663325949505,12.400956895319108,12.397309654655633,12.391630638769387,12.381317123206825,12.367310597607403,12.352806733483412,12.337656484737805,12.322361782390859,12.324804587445355,12.326364601676952,12.32870330446629,12.332086203450778,12.336528774558392,12.337074389772878,12.339066960457684,12.33946805686488,12.344175015100703,12.394887118125755,12.444717796938512,12.494996331847934,12.54647529756287,12.598876619134675,12.65215780344087,12.703998956301627,12.754965613168775,12.805412574091829,12.854988023577755,12.903180720514916,12.947742509738088,12.990862260564365,13.034566746542408,13.080148295377139,13.126697760094933,13.170823715541305,13.213812372363645,13.256022869469613,13.297120069258835,13.336410762354914,0.030348509877181594,0.03011642168664812,0.029894747703785463,0.02968788913804813,0.02949514505471839,0.029315842188788722,0.02914938113803134,0.028998886283245942,0.028860042776476955,0.02873231715306305,0.028615235880142937,0.02850828736748254,0.02840646559863662,0.028315559980969997,0.02822863313559129,0.028145505939414686,0.028066026113291054,0.027989433346756982,0.02791621082607998,0.027846200907910578,0.027779268090262463,0.027715300612057715,0.027654679162497833,0.027596765053769668,0.027541409076720334,0.027488528601169578,0.027438025207450218,0.027390355868433646,0.0273448640840492,0.027301413999808496,0.02725990804048847,0.027220254382670752,0.027182039806287306,0.027145426633572577,0.027110334728521715,0.027076674317579853,0.027044364068012715,0.027013260948702475,0.026983372403120064,0.02695461331240922,0.026926947284170114,0.026900260064886782,0.02687374737622428,0.02684814291115272,0.02682335073296522,0.026799331779445063,0.026775986957547983,0.02675186300826139,0.02672834170248583,0.02670535576773917,0.026682889932361845,0.026660831225840034,0.026637778650666015,0.026615103861096494,0.026592700928181882,0.026570582567757375,0.026548642547510614,0.026525960906291737,0.026503392768090904,0.02648092698875896,0.02645848725761796,0.026436032040589474,0.02641262116106778,0.026389155666925887,0.026365576945763188,0.026341820326385816,0.026317872060593495,0.026292818903220373,0.026267525196511887,0.026241913487355176,0.02621600134544957,0.02618967959405904,0.0261618486343415,0.026133624547797604,0.026104944285708764,0.026075781290391883,0.02604604184230118,0.026014565654430027,0.025982512182641734,0.025949873572764525,0.025916637707672528
USA,Second,19.918116293544855,19.857109044914743,19.793457367554424,19.736205575390844,19.690053445609617,19.65499885725097,19.623266601572762,19.602824582592632,19.589961469467713,19.584323400840113,19.568266127052844,19.566455379290698,19.568046580079155,19.57603200955234,19.58519942977991,19.597029955124054,19.610479713255362,19.627626952994337,19.649086120050665,19.67422806961848,19.704419667085368,19.73238246424506,19.763483888910965,19.796352165974557,19.8307139653647,19.865896825035872,19.898925615518973,19.934384178610863,19.972406028880407,20.015797239320783,20.063908725632974,20.11455264350958,20.16724040844024,20.22244343188891,20.278881345456604,20.3361485101964,20.388148939010872,20.44252560717711,20.499588222011862,20.55862152534241,20.621930482454275,20.677559986931783,20.735338151510895,20.79455613620768,20.855416714962033,20.917144221619385,20.974197716014604,21.02969513966055,21.086874767669144,21.14657367140994,21.209497647312464,21.280761509583936,21.352785047409395,21.426425985663826,21.501967804953757,21.579343522191028,21.653958021512924,21.72929931420775,21.80406820419494,21.880600621119218,21.975474120795653,22.068702208178507,22.162827599912344,22.25887017125531,22.356447296526323,22.455503054487224,22.551944270589303,22.647398946981358,22.74232616844802,22.836232228784638,22.928393470078763,23.01464708177481,23.09907094361694,23.184458415447402,23.272627718715462,23.362321682580863,23.447762436027723,23.53180295662253,23.61490002781715,23.69658094028244,23.775868002496,0.046876862990300056,0.04661584740408672,0.04636584837919459,0.046131940426645965,0.04591344876422362,0.0457097235001336,0.04552017803713115,0.04534847165405707,0.04518977012097697,0.04504353089530009,0.044909270792409854,0.04478645484797015,0.04466936975108966,0.04456470982659544,0.04446451623153999,0.04436859775842776,0.044276791776318894,0.04418823182960244,0.04410348625535017,0.04402238495106859,0.043944779289815016,0.043870549199867916,0.043800144739317905,0.04373283306415357,0.043668446670218575,0.043606895201321126,0.04354807162603453,0.04349251456530126,0.0434394618684682,0.04338876177222417,0.043340303109191805,0.0432939806017291,0.04324931848649148,0.04320650642003634,0.0431654533977761,0.043126057947889845,0.04308822512696988,0.04305179099403798,0.043016766089193935,0.04298305101804825,0.04295060603926316,0.04291929643400098,0.042888182248273385,0.04285812176863635,0.04282900531035003,0.042800788670877346,0.04277335544726504,0.04274499838770906,0.04271733930654369,0.042690302511733405,0.042663869617566984,0.04263790811873179,0.04261076836794681,0.042584065329417005,0.04255767459185088,0.04253161023548858,0.04250575054717772,0.0424790067328481,0.04245238995812955,0.0424258845958354,0.042399403974751844,0.04237289587724916,0.042345250851002166,0.04231753322070476,0.04228967375932808,0.04226159408159181,0.042233279205922555,0.04220364814488356,0.042173723155291026,0.042143411687111804,0.042112732035431984,0.04208155791078443,0.042048583812956446,0.04201513260692571,0.04198112624876134,0.041946535677613764,0.041911245952054775,0.04187387958940448,0.041835812363621945,0.04179703343503331,0.04175752618525133
USA,Third,24.448202774460057,24.411337079507092,24.370325157722018,24.335011564217183,24.31083442396944,24.297911326855257,24.286825365739343,24.287047172028867,24.29480880175467,24.309793518081207,24.089263692063213,24.07866157082626,24.072109863238644,24.07326123970096,24.077453600406667,24.085303280883714,24.098517802443137,24.11750547586867,24.14290703373043,24.17318692883081,24.21158735577092,24.243095028313263,24.280853696442065,24.322647361306892,24.36821805642055,24.417055785976107,24.465914900474385,24.519520938985032,24.57778506247795,24.644433820070773,24.718239867509993,24.793220062245883,24.871532859690472,24.953731417751186,25.038322903906586,25.12487086987086,25.205673613080535,25.290044512035543,25.37843146921794,25.47007376021662,25.56727076067287,25.65786839908344,25.752244533268733,25.849740026380225,25.950284474563485,26.05327921354916,26.151480214801314,26.249435411364402,26.350268708331843,26.45534706383041,26.56548631347627,26.678736802682387,26.793784546008933,26.91092835470949,27.03046888003094,27.15229424730925,27.271947722737956,27.39205545606097,27.512198591559134,27.63275904110277,27.756529430014943,27.878205720197236,28.001159274698384,28.126466903746184,28.253698579868264,28.382798564163988,28.508604137550257,28.633523888824172,28.757989932934855,28.881440978211465,29.003044560940914,29.117467835430972,29.230049521114843,29.343873887611057,29.461042347567275,29.58012010846646,29.6939166991815,29.806391963952294,29.917941906317676,30.028024283722846,30.13551430372667,0.05563467750609225,0.05539300106169303,0.0551611024947951,0.0549437526397668,0.05474040059568847,0.05455050308007607,0.054373573865348086,0.054213087510986656,0.05406457957576793,0.0539275827768347,0.05380168146499538,0.053686403507893304,0.053576410044926935,0.053478009771745556,0.053383739177567585,0.05329342674494292,0.05320692711539986,0.05312343142571633,0.053043482119266454,0.05296692341582543,0.052893622869690925,0.05282347298172814,0.052756900966821806,0.05269322293608933,0.05263228324015315,0.05257399990534113,0.0525182744408411,0.052465621473022826,0.05241532242472578,0.0523672359251866,0.0523212579153272,0.052277291824069656,0.05223488698880606,0.052194226276721344,0.05215522377107275,0.052117784721299514,0.05208182159981726,0.05204717805733619,0.0520138657848841,0.0519817910951335,0.051950916480847785,0.051921116155230394,0.05189149499274347,0.05186287112891101,0.05183513944660205,0.05180825923654924,0.05178212009424017,0.051755094572306024,0.05172872977670618,0.05170295159134001,0.05167774561165699,0.051652983408771086,0.05162709299334373,0.05160161376276527,0.05157642787466836,0.05155154849205279,0.05152685934145117,0.0515013213034125,0.05147590062581756,0.05145058067082567,0.05142527905534056,0.05139994575812914,0.05137352155759755,0.05134702245118254,0.051320382437539974,0.051293525999043195,0.05126643813066953,0.05123808655618898,0.0512094475776683,0.051180430433305404,0.05115105629298531,0.05112120076409427,0.05108961433162214,0.05105756206679355,0.051024970808253814,0.050991809485875936,0.050957971280154515,0.05092213159206491,0.0508856088464587,0.05084839301093957,0.05081046660309648
USA,Fourth,30.7285138061743,30.720949614289765,30.707547377665307,30.699243359500546,30.702389314955674,30.717241771010322,30.732101848213457,30.758576755884434,30.792754270736513,30.834357263326098,30.707899411842853,30.729743343265657,30.755524237606743,30.788642041456097,30.824075260283628,30.86306443242321,30.90578840922383,30.95422568736344,31.009123436960373,31.069109753640276,31.137272612837197,31.198451229102492,31.265385475952524,31.335884317603895,31.40966507841015,31.486076290002163,31.560558429922025,31.639475831456956,31.722884690462692,31.81501286225149,31.914586937171197,32.015785151966064,32.12049783917772,32.229383266896384,32.3406840046236,32.4539681339038,32.55936206317171,32.66868165348817,32.78234071191243,32.899452979490405,33.02299534990525,33.136160501471,33.253402100653624,33.373725165908205,33.49728298137436,33.62318316220265,33.742472446167476,33.86111527212865,33.982887794439584,34.10912640364403,34.24078637546827,34.37958487708023,34.520442596979855,34.663910900092375,34.810369923026535,34.95971091208653,35.10561020331548,35.2526884826388,35.39969629263146,35.548415504580866,35.711538501872965,35.8719390207197,36.03411046859031,36.19921536979764,36.36676260482128,36.536699202980834,36.70239001292443,36.86733154901421,37.03193536432734,37.19555680545645,37.357223044459715,37.50998038199528,37.660877463767335,37.81337934287098,37.969937463700695,38.128900454342535,38.281145669890726,38.43216139825185,38.58228507750369,38.73088695294766,38.87665902636284,0.0673613343106478,0.06713472002864117,0.0669168888306107,0.06671238295385919,0.06652074684826118,0.06634152807153129,0.06617432051528238,0.06602246286381856,0.06588177738661918,0.06575185981389695,0.0656323475354662,0.06552282231971329,0.06541822973371404,0.06532458869088477,0.06523481369131194,0.0651487504608823,0.0650662653955152,0.06498659488850542,0.06491026316816723,0.06483712636850947,0.06476706252921731,0.06469997370272657,0.06463627711831228,0.06457531853595926,0.06451695371237234,0.06446110972418453,0.06440769371693818,0.0643572023244173,0.0643089505001504,0.06426280382546981,0.06421866542874669,0.06417644538549139,0.06413571128822335,0.06409663909800514,0.06405915076977725,0.06402315534486164,0.0639885687038957,0.06395524279227059,0.06392318930539526,0.06389231926552154,0.06386259780037366,0.06383390348746203,0.06380537532721452,0.063777801812766,0.06375108356437781,0.06372517891552551,0.06369998365191766,0.06367392995106833,0.06364850732976585,0.06362364608638815,0.06359933095801514,0.0635754400579551,0.06355045726607488,0.06352586562934165,0.06350155220453654,0.06347753102689321,0.0634536886846907,0.06342902183590722,0.06340446447246274,0.06337999829104173,0.06335554700073717,0.0633310604431774,0.06330551404634954,0.06327989057648314,0.06325412410324262,0.0632281457040759,0.06320193672881738,0.06317449964703803,0.0631467783822264,0.0631186860468852,0.06309024140926978,0.06306132450685685,0.06303072362598983,0.0629996650748408,0.06296807645122492,0.0629359281339685,0.06290311368416977,0.06286835015998793,0.06283291502514846,0.0627967981799731,0.0627599815565051
USA,Fifth,36.32096466251876,36.35251404662455,36.376367810431624,36.40410721649856,36.4428706479204,36.49306269571489,36.54095815377209,36.59990497509814,36.666110783232796,36.73935667903725,37.16470188568287,37.27829978059098,37.39413123425891,37.513496654583115,37.6302168543081,37.74833440379547,37.86019446323626,37.97397258984088,38.090562143352656,38.210467957771755,38.33333210119649,38.45661480544008,38.57914683772394,38.700257244010466,38.81959246576947,38.935923809944384,39.04236126312009,39.14849299912007,39.25511282832587,39.36601090677577,39.48078715957727,39.60032102247834,39.721512064861415,39.845095821500806,39.96909755825948,40.093149813778254,40.20543718337441,40.32034545388855,40.437988977108304,40.557290828810125,40.682698780653126,40.78779213803125,40.89488740714231,41.0021211027064,41.11058342379456,41.21846522401789,41.31600212727323,41.409914257703534,41.505467940452476,41.60306007783255,41.70377367998652,41.828986979215536,41.95519348699951,42.08430030102549,42.216837910901276,42.35277752011517,42.481575976795625,42.613641078553215,42.744391286289506,42.88187478583081,43.083005373867884,43.2808419062908,43.480984576786405,43.68460363645096,43.89116444734918,44.10061657354509,44.30496662611932,44.50880691433036,44.71247001313387,44.91524556455055,45.116039738910175,45.306391512956026,45.49501810359182,45.68562389617194,45.88096613605497,46.079212462632064,46.26946648930389,46.458740969759425,46.647236150810635,46.834248866758756,47.018316486278195,0.07748225111121482,0.07728991178594635,0.07710463370025404,0.07693033975778649,0.0767667074815783,0.07661341103127892,0.07647015448223876,0.07633985497332602,0.07621897719253473,0.07610721043256051,0.07600427526696477,0.07590984266192116,0.07581957387358337,0.07573868353408732,0.07566106672609199,0.07558659852266214,0.0755151716751652,0.07544613123835908,0.07537993549340835,0.07531646803072711,0.07525562775849012,0.07519733520633298,0.07514195546713748,0.07508892718348044,0.07503812867920716,0.07498949805582125,0.07494295933825885,0.07489894770458791,0.0748568689944854,0.07481660929189951,0.07477808640912066,0.07474122192079437,0.07470564363424982,0.07467150436999744,0.0746387370603469,0.07460726427361719,0.07457701328674936,0.07454785688017337,0.07451980493407312,0.0744927820015214,0.07446675705701605,0.07444162431741472,0.0744166313133725,0.07439246872718115,0.07436904879760303,0.0743463386736666,0.07432424428255532,0.07430139111919896,0.07427908754434075,0.07425727088638277,0.07423592952672932,0.0742149565280363,0.07419301794029927,0.0741714203452734,0.074150060603921,0.07412895463915307,0.07410800066869941,0.07408631808492006,0.07406472533080578,0.07404320978812291,0.07402170186204343,0.0740001581593261,0.07397767751397794,0.0739551229785691,0.07393243914555439,0.07390956155839536,0.07388647728899632,0.07386230432573238,0.07383787555321132,0.07381311421653722,0.07378803520321196,0.0737625335105278,0.07373553966001271,0.07370813430528245,0.07368025431386245,0.07365187205931296,0.07362289432789214,0.07359218526588879,0.07356087320520045,0.07352894885593196,0.07349639533428114
USA,Sixth,44.29350401686503,44.38018141730805,44.45673865926948,44.53559788169177,44.624934218544354,44.72534466532322,44.82021670392241,44.92538724450626,45.037234396128994,45.15561784324006,44.894418358265064,44.95956435623708,45.028856719156934,45.10555778828886,45.18583828424109,45.27050236912623,45.36135089418125,45.46021959595778,45.56794719219282,45.68222497430133,45.808363184575306,45.92102109901864,46.04253973748613,46.16978856487293,46.30250826579774,46.440139618724224,46.57605653101228,46.718774179487305,46.86828037280584,47.03051012389994,47.20340095262749,47.37622456396681,47.554359783062075,47.7386675347172,47.926852933862975,48.11850058005273,48.29883402895238,48.48498254679764,48.67746517619375,48.875234444262496,49.082000809488804,49.275005732228195,49.47458999567666,49.679356446256534,49.88939378071972,50.10371534757791,50.308981377621905,50.51511892479255,50.72623303552737,50.94425971854958,51.170432733390406,51.40142912786834,51.636357251951395,51.87516386850116,52.11834519387314,52.36574107380877,52.60891056982293,52.85398280900833,53.09977555918716,53.347172262565,53.602506026964875,53.853723089023084,54.10800299447654,54.36651942788522,54.62867848538679,54.894438801022865,55.15386525853821,55.413146901010805,55.6725013268001,55.93113308959444,56.187789320619615,56.43184486646423,56.67439623668342,56.91945058110281,57.17016903556201,57.42448390582274,57.66898237799903,57.91287900795599,58.15617879509918,58.39808209134434,58.636924284625714,0.09149485446548647,0.09134602218473702,0.09120217313570235,0.09106642404709718,0.0909386044417563,0.09081853091303455,0.09070603740215524,0.0906034807944752,0.09050813882231526,0.09041981094748376,0.0903383184417027,0.09026343523678149,0.09019174529713955,0.09012741309451199,0.09006560381704067,0.09000622983602072,0.08994921441470555,0.08989404006988444,0.08984108339102252,0.08979025529809213,0.08974148355385951,0.089694709438926,0.08965023310753302,0.08960760854379793,0.0895667431678389,0.08952759116513422,0.08949009491082718,0.08945460992400874,0.08942066159191815,0.08938815854088704,0.0893570394952499,0.08932724292713183,0.08929846925713876,0.0892708444347043,0.0892443167214915,0.08921882390737845,0.08919431000484294,0.08917067096866015,0.08914791833533034,0.08912599096388943,0.08910486477907335,0.08908445542542875,0.08906415095146313,0.08904451379949092,0.08902547348658743,0.08900700343843078,0.08898902829361627,0.08897043040917772,0.08895227233947237,0.08893450562096006,0.08891711962239399,0.08890002824204822,0.08888214574865527,0.08886453375087701,0.08884711127639869,0.08882988853892887,0.08881278580851282,0.08879508274500539,0.08877744741414717,0.08875986832621913,0.08874229086819968,0.08872467801246874,0.0887062935569309,0.08868784259817551,0.0886692789974592,0.088650551084124,0.08863164708872125,0.0886118448416347,0.08859182536495451,0.08857152667685693,0.08855095969915049,0.08853003843560962,0.08850788422885103,0.08848538259073753,0.08846248317848755,0.08843916084529614,0.08841533859859554,0.0883900837141723,0.08836432058083732,0.08833804090819944,0.08831123107022838
USA,Seventh,51.93448814956807,52.09373285484167,52.24003033947548,52.38613342385845,52.54118010240054,52.705980634223806,52.861152142421666,53.024650214684996,53.19338542455524,53.36732272196548,53.38444061960575,53.52627959293892,53.67101046183416,53.820149652902,53.97025187634265,54.12353634848639,54.27788175506306,54.43866077962205,54.60677607181599,54.780687808378616,54.96449454322008,55.13660420616955,55.31468739795077,55.49623185291767,55.68096374053416,55.86805487483978,56.0488173844483,56.234285449900675,56.42488630129992,56.62685087078906,56.83835329156595,57.05073765898683,57.26790065720872,57.49079691093011,57.71685378136816,57.94572145871571,58.15979932764417,58.379513281162374,58.60523508349542,58.835776576438775,59.07589932372998,59.29538480156403,59.521135070275484,59.751067000784474,59.985790417447255,60.22377847567996,60.44971657837431,60.67552328077661,60.90606626298087,61.14293521596356,61.3875181757504,61.64578751608178,61.90816413339262,62.17501232017114,62.44696034105441,62.72387449572983,62.99420050414919,63.26798394447524,63.542112288046695,63.82068336260909,64.13271546352146,64.43982880755131,64.75088841600548,65.06696491283215,65.38741716513084,65.71222177103526,66.0295003811595,66.34717411154406,66.66524807007278,66.98285622387046,67.29859821113187,67.5996785665372,67.89970914651376,68.2028378261766,68.51260847998887,68.82674537380528,69.1293317294862,69.43195453194281,69.73428931746535,70.03545006104406,70.33358610770456,0.10455080701792113,0.10447351687540678,0.104398096286213,0.10432628767895577,0.10425811696354094,0.10419359367789906,0.10413272391363067,0.10407688068612307,0.10402467051877264,0.10397604929526964,0.10393097760935496,0.1038893830593938,0.10384940240031704,0.1038133947006803,0.10377868284833061,0.10374523132353639,0.10371301097206832,0.10368173978536031,0.10365164245541804,0.10362267892757804,0.10359481625859694,0.1035680309946311,0.10354250408972857,0.10351798667933888,0.10349443185917301,0.1034718214305603,0.10345012660890708,0.10342955974427989,0.10340984922045197,0.10339094944339322,0.1033728252472998,0.10335544705648111,0.10333864210754275,0.10332248712454813,0.10330695310259522,0.10329200741205662,0.10327761900500948,0.1032637285789927,0.10325034481833713,0.10323743186566929,0.10322497984012603,0.103212938022774,0.10320094764668454,0.10318934053455504,0.10317807690592706,0.10316714027474701,0.10315648819795734,0.10314545774330143,0.10313467998004991,0.10312412565681695,0.10311378935801653,0.10310362075131563,0.10309297227169319,0.10308247643326439,0.10307208670250399,0.10306180795453307,0.10305159218046486,0.1030410098750621,0.1030304604726891,0.10301993698623454,0.10300940563375773,0.10299884483091518,0.10298781279650857,0.1029767328311955,0.10296557518515743,0.1029543104933602,0.10294292978748006,0.10293099894158114,0.10291892708929322,0.10290667551589489,0.10289425149181777,0.10288160318133709,0.10286819658182085,0.10285456690120444,0.1028406826476277,0.10282652882968857,0.102812056565032,0.10279669895499896,0.10278101483165575,0.10276499950471377,0.1027486432940247
USA,Eighth,65.3277655481281,65.60992178708543,65.87465824057794,66.13524666394808,66.40237436486586,66.67718641948548,66.93544110294107,67.19886288592977,67.46523244692169,67.73468579152507,67.64135535198267,67.84358551016075,68.04837045171764,68.25626806248144,68.46603976149936,68.67942218556716,68.89574057263793,69.1204053864355,69.35432201914621,69.59508388617509,69.84892590063173,70.08437739180718,70.32843590328743,70.5778120657197,70.83228715927277,71.09117480080393,71.34361465808324,71.60274403588745,71.86899168698403,72.15016751383092,72.44369646364828,72.73594483954203,73.03460828534946,73.34080668797596,73.65150026464669,73.96640528369313,74.26289694587429,74.56676421557125,74.87844747350074,75.19665098324688,75.52678148629833,75.83268400266387,76.1473307740528,76.4681601790491,76.79574345194345,77.12848704434535,77.4466527002643,77.76649683734475,78.09286512145287,78.4278835723669,78.77318335155142,79.12954863025622,79.49210886641623,79.86040810303327,80.23519009511068,80.6162769011268,80.98997383479198,81.36807964114854,81.74744141447772,82.13123756440619,82.54198304570178,82.94639382030351,83.3562674519631,83.7724918825339,84.19435608843382,84.6218649193152,85.03974685707423,85.45898211993783,85.87921715487641,86.29947636220464,86.7181192176568,87.11853555757615,87.5187165889324,87.92300999064,88.33557727392638,88.75381274094173,89.15745019897703,89.56223764303121,89.96730174958759,90.37161559644693,90.77303131969762,0.12673365809467516,0.126766101546992,0.12679584138979924,0.12682247098154062,0.12684629073842443,0.12686757297871398,0.12688656380171404,0.1269030865246266,0.12691777806520627,0.12693081918785848,0.12694237016020302,0.12695258078068877,0.12696199579584122,0.12697014720585031,0.12697771599382154,0.12698474493091286,0.12699127314384576,0.1269973857214217,0.12700306307361878,0.12700833880535647,0.12701324308141965,0.12701780076752253,0.12702200316483148,0.12702591155604442,0.12702954827263174,0.12703293236016672,0.12703608256242807,0.12703898028148566,0.12704167873635402,0.12704419395760252,0.1270465403476021,0.12704872963742395,0.12705079067829497,0.1270527213058856,0.12705452997067612,0.12705622742247086,0.12705782152731585,0.12705932370426407,0.1270607368929417,0.12706206883666776,0.12706332327739955,0.1270645106419977,0.12706566567721808,0.12706675875047857,0.12706779595414658,0.12706878169144828,0.12706972087743695,0.12707067135008504,0.12707157976976213,0.1270724492321025,0.12707328139227073,0.12707408163462466,0.12707490018492906,0.12707568818467874,0.12707644822593042,0.12707718218320443,0.12707789364668295,0.1270786113356983,0.12707930835601114,0.12707998420499955,0.1270806419031631,0.12708128203871155,0.12708193048664718,0.12708256146902003,0.1270831756229968,0.12708377564718765,0.12708435918095334,0.1270849488134331,0.12708552102092346,0.12708607737648064,0.12708661604237834,0.12708713939141214,0.1270876652102843,0.12708816964707828,0.1270886534569662,0.12708911493982422,0.12708955330297186,0.12708998212579198,0.12709038225786332,0.1270907512109066,0.1270910862497673
USA,Ninth,79.50798953805837,79.97614075197171,80.42087104438201,80.8546773661791,81.28982006014633,81.72784635629476,82.13932025566946,82.54913695025624,82.95702736419776,83.36336869504507,84.91677153437047,85.42434922436799,85.92800761352949,86.41991145988383,86.89833026653862,87.37296007027926,87.82034855836842,88.26402148440229,88.70505779493888,89.14661774195264,89.58478846535309,90.02547112663929,90.45465818373071,90.87386368505246,91.28274581978711,91.67906785936782,92.04528994969073,92.40341238452775,92.75620167601069,93.10986814065565,93.46447443987617,93.82574171695488,94.18751849290938,94.55103053622288,94.91280421697945,95.2728394309817,95.60311728762109,95.93647545365548,96.27242694291736,96.60925244619078,96.95634362268748,97.2506003574106,97.547478668185,97.84169514678851,98.13656380755477,98.42793503966698,98.69401834308759,98.95391797817065,99.21578714069392,99.47892938045953,99.74525290098214,100.07170672737718,100.40182439734183,100.73838845820416,101.08259538390513,101.43449695150191,101.76849193354121,102.1134200084744,102.45625428712889,102.8180675204139,103.34768431525069,103.86943987940397,104.39876207769444,104.9360175024511,105.48044982857756,106.03212056277494,106.57192647901637,107.11467684296221,107.65932238748029,108.20480465666488,108.74923173806054,109.27168034194267,109.79549976314024,110.3248072084002,110.8644317747663,111.41145050703497,111.94071686813226,112.47317610323114,113.00692057820609,113.54078698683983,114.07233129399411,0.14944488486283125,0.14967312706550231,0.14989110805915884,0.15009448929807842,0.15028395827755747,0.1504601744506218,0.15062372903477858,0.15077155599227246,0.15090790040263052,0.15103329110817562,0.15114819861187084,0.15125313316209996,0.15135300945003247,0.15144215333647087,0.15152737295525667,0.1516088455666713,0.15168672321894072,0.15176175173129755,0.15183345998448483,0.15190200390210643,0.15196751796065297,0.15203011334786973,0.15208941959247574,0.15214606320842747,0.15220019158005735,0.15225188848178559,0.15230124959195399,0.15234782950161832,0.15239227247297218,0.15243471187541605,0.15247524361612733,0.15251396052130253,0.1525512628474168,0.15258699603525896,0.15262123875394665,0.15265407840982043,0.15268559535887527,0.15271592969045356,0.15274507466323803,0.15277311414265957,0.15280008340632628,0.15282609543095108,0.1528519318840679,0.1528768806511475,0.15290103439902009,0.15292443103187117,0.1529471683855371,0.15297066081263547,0.15299356304225528,0.15301594136786278,0.15303780979055165,0.1530592794742187,0.15308171287053987,0.15310377586411741,0.1531255714608159,0.15314708719650574,0.1531684261242233,0.153190483795436,0.15321242696405996,0.15323426861704847,0.15325608011161937,0.15327790508437356,0.15330065521333733,0.15332345379834705,0.153346358832376,0.1533694336765326,0.15339269123759328,0.15341701670541363,0.153441571434637,0.15346643035524984,0.15349157734217206,0.15351711605296936,0.1535441145293831,0.15357148876955867,0.15359929880329284,0.15362757115713543,0.15365639648675053,0.15368689814617217,0.15371795160016394,0.153749563168717,0.15378174663872693
USA,Tenth,146.7579078308235,148.15761431869527,149.50851173578081,150.81690862017217,152.1011851416243,153.36440705719423,154.55224030775395,155.70353804875435,156.82828533447628,157.92786485031965,157.7726306193662,158.60465372074447,159.42956689219392,160.2298477199417,161.02977160417538,161.82965574856883,162.63158581202225,163.44684241343583,164.27534111504596,165.11112780112705,165.97069504197216,166.77271259376647,167.58966953412147,168.4161829713614,169.25265231147426,170.09924791171048,170.92972587245546,171.7712064786251,172.62567900379537,173.509476417375,174.41638272419883,175.30595392929908,176.20867481700228,177.12623408641736,178.05318556157243,178.99006766188268,179.88157512979305,180.78830925140397,181.71070247426613,182.6471165402267,183.60719632673113,184.51293142357505,185.44126557950096,186.3848177645248,187.34476142142486,188.3187642766775,189.25932185896937,190.21406460075846,191.18453257083965,192.17520799669097,193.18905413528609,194.20609154686792,195.24447501128768,196.29638969096547,197.3635375066636,198.44551755494416,199.51288241291792,200.59462161041282,201.68346498326522,202.78067946676614,203.89505912639646,204.99425964223886,206.11174703536136,207.2447779427075,208.39250121651085,209.55530056730964,210.69557403368336,211.84759369200347,213.0064826474029,214.17095665794284,215.33809236987426,216.46598484592587,217.60450595765366,218.7554554789086,219.92645531136753,221.11341383424906,222.26786334918225,223.4369489810761,224.6131481129777,225.79478417852619,226.9782584867315,0.25007215976364944,0.2511913303603464,0.2522695600204868,0.2532840230782214,0.25423658083425094,0.2551291201079221,0.2559633378096899,0.2567222327170684,0.2574263651386995,0.2580775283895572,0.2586773242368892,0.25922765705605555,0.25975379805471904,0.26022533985820345,0.26067785542344774,0.261112068916529,0.26152859617474944,0.26193125996309585,0.26231737323318377,0.26268761939282576,0.2630425786079951,0.26338271374833727,0.2637058825913439,0.2640153632389389,0.26431186374162735,0.26459573507451567,0.2648674219963609,0.26512437861284444,0.2653700701064247,0.2656051613681125,0.26583013039084596,0.26604542574290524,0.2662532349055486,0.26645264830127013,0.2666440617237957,0.2668279262430256,0.26700466131851164,0.26717501738510874,0.26733892677348625,0.2674968374984802,0.2676489240354041,0.2677958000198535,0.2679418725827382,0.26808309991568063,0.26821999140242075,0.268352746287439,0.26848190381192616,0.26861550264625667,0.268745899208618,0.2688734512786742,0.2689982341904369,0.2691208705584585,0.26924915370585173,0.2693754568391687,0.26950036613119227,0.26962380716548284,0.2697463604505865,0.2698731833854185,0.26999948363778614,0.2701253415309138,0.2702511623327691,0.27037719775505953,0.27050872281658117,0.2706406844093964,0.2707734149705824,0.2709072814293035,0.27104236929025277,0.2711838331208741,0.27132680522528296,0.27147173420432297,0.27161852913813267,0.27176780665234945,0.271925829384738,0.27208627348978104,0.2722495098058144,0.2724156975808926,0.2725853879600776,0.27276522479708853,0.2729486091064084,0.27313559815282085,0.27332628536044606
